date,3.11.single_moving_average,4.6.multi_asset_trend,4.1.2.dual_momentum,3.14.support_resistance,10.4.trend_following,3.15.channel,3.13.three_moving_averages,6.5.volatility_targeting,3.17.single_stock_knn,3.12.two_moving_averages,3.20.alpha_combo,__benchmark__
2016-03-11,0.05831085600153035,0.05831085600153035,0.05831085600153035,-0.059310856001530354,0.05831085600153035,-0.059310856001530354,0.05831085600153035,0.011221210865327829,-0.059310856001530354,0.05831085600153035,-0.059310856001530354,0.05831085600153035
2016-03-14,-0.015928502812185497,-0.015928502812185493,-0.015928502812185497,-0.016928502812185497,-0.015928502812185497,0.015928502812185497,-0.015928502812185497,-0.0030231386046704104,0.015928502812185497,-0.015928502812185497,-0.016928502812185497,-0.015928502812185497
2016-03-15,-0.005394995805265812,-0.005394995805265812,-0.005394995805265812,0.004394995805265812,-0.005394995805265811,0.005394995805265812,-0.005394995805265812,-0.0010331157561381172,0.005394995805265812,-0.005394995805265812,0.004394995805265812,-0.005394995805265812
2016-03-16,0.027540198461712517,0.027540198461712517,0.027540198461712517,-0.027540198461712517,0.027540198461712517,-0.027540198461712517,0.027540198461712517,0.005364567709748147,-0.027540198461712517,0.027540198461712517,-0.027540198461712517,0.027540198461712517
2016-03-17,0.024771462826424173,0.02477146282642417,0.024771462826424173,0.023771462826424172,0.024771462826424173,-0.024771462826424173,0.024771462826424173,0.004824467250161182,0.023771462826424172,0.024771462826424173,0.023771462826424172,0.024771462826424173
2016-03-18,-0.016643636034893494,-0.01664363603489349,-0.016643636034893494,-0.016643636034893494,-0.016643636034893494,0.016643636034893494,-0.016643636034893494,-0.003353151224554763,0.015643636034893493,-0.016643636034893494,-0.016643636034893494,-0.016643636034893494
2016-03-21,0.005037485530834163,0.005037485530834163,0.005037485530834163,-0.006037485530834163,0.005037485530834163,-0.005037485530834163,0.005037485530834163,0.0010253168648995678,-0.005037485530834163,0.005037485530834163,-0.006037485530834163,0.005037485530834163
2016-03-22,0.00781865490389655,0.00781865490389655,0.00781865490389655,-0.00781865490389655,0.00781865490389655,-0.00781865490389655,0.00781865490389655,0.001640543305147876,-0.00781865490389655,0.00781865490389655,-0.00781865490389655,0.00781865490389655
2016-03-23,-0.04794124816151124,-0.047941248161511234,-0.04794124816151124,-0.04894124816151124,-0.04794124816151124,0.04794124816151124,-0.04794124816151124,-0.01037113127490815,0.04794124816151124,-0.04794124816151124,-0.04894124816151124,-0.04794124816151124
2016-03-24,0.020685596547047824,0.020685596547047824,0.020685596547047824,-0.021685596547047825,0.020685596547047824,-0.020685596547047824,0.020685596547047824,0.0044441970057658275,0.019685596547047823,0.020685596547047824,-0.021685596547047825,0.020685596547047824
2016-03-28,-0.009007175921103006,-0.009007175921103006,-0.009007175921103006,-0.010007175921103006,-0.009007175921103006,0.009007175921103006,-0.009007175921103006,-0.001934839413102802,-0.009007175921103006,-0.009007175921103006,-0.010007175921103006,-0.009007175921103006
2016-03-29,0.0030983950414191774,0.0030983950414191774,0.0030983950414191774,0.0030983950414191774,0.003098395041419177,-0.0030983950414191774,0.0030983950414191774,0.0006703647253196193,-0.0040983950414191775,0.0030983950414191774,0.0030983950414191774,0.0030983950414191774
2016-03-30,0.001647829822335689,0.001647829822335689,0.001647829822335689,0.001647829822335689,0.001647829822335689,-0.001647829822335689,0.001647829822335689,0.00036032162507644057,-0.001647829822335689,0.001647829822335689,0.001647829822335689,0.001647829822335689
2016-03-31,0.0034946911561459792,0.0034946911561459792,0.0034946911561459792,0.0034946911561459792,0.0034946911561459792,-0.0034946911561459792,0.0034946911561459792,0.000782283786132482,-0.0034946911561459792,0.0034946911561459792,0.0034946911561459792,0.0034946911561459792
2016-04-01,-0.02683891736598676,-0.02683891736598676,-0.02683891736598676,-0.02683891736598676,-0.02683891736598676,0.02683891736598676,-0.02683891736598676,-0.006021796385681121,0.02683891736598676,-0.02683891736598676,-0.02683891736598676,-0.02683891736598676
2016-04-04,-0.014315934970175803,-0.014315934970175803,-0.014315934970175803,0.013315934970175802,-0.014315934970175803,0.014315934970175803,-0.0005,-0.0034556191027444506,0.014315934970175803,-0.014315934970175803,0.013315934970175802,-0.014315934970175803
2016-04-05,0.0108929992194291,0.0108929992194291,0.0108929992194291,-0.0108929992194291,0.0108929992194291,-0.0108929992194291,0.0,0.0028296908540511303,-0.0108929992194291,0.0108929992194291,-0.0108929992194291,0.0108929992194291
2016-04-06,0.05134185971448035,0.05134185971448035,0.05134185971448035,0.05034185971448035,-0.052341859714480354,-0.05134185971448035,-0.051841859714480354,0.014537288261181782,-0.05134185971448035,0.05134185971448035,0.05034185971448035,0.05134185971448035
2016-04-07,-0.011455191114581598,-0.011455191114581596,-0.011455191114581598,-0.011455191114581598,0.011455191114581596,0.011455191114581598,0.011455191114581598,-0.0033430472786150655,-0.012455191114581599,-0.011455191114581598,-0.011455191114581598,-0.011455191114581598
2016-04-08,0.02988422866650109,0.02988422866650109,0.02988422866650109,0.02988422866650109,0.028884228666501085,-0.02988422866650109,0.02888422866650109,0.011531793392129874,-0.03088422866650109,0.02988422866650109,0.02988422866650109,0.02988422866650109
2016-04-11,-0.014015188192223249,-0.014015188192223249,-0.014015188192223249,-0.014015188192223249,-0.014015188192223249,0.014015188192223249,-0.014015188192223249,-0.005290446200890921,-0.01501518819222325,-0.014015188192223249,-0.014015188192223249,-0.014015188192223249
2016-04-12,0.06686695738839088,0.06686695738839087,0.06686695738839088,-0.06786695738839088,0.06686695738839088,-0.06686695738839088,0.06686695738839088,0.02489747220977153,-0.0005,0.06686695738839088,0.06686695738839088,0.06686695738839088
2016-04-13,-0.015575251843817473,-0.015575251843817473,-0.015575251843817473,-0.016575251843817473,-0.015575251843817473,0.015575251843817473,-0.015575251843817473,-0.005604540931085595,0.015075251843817472,-0.015575251843817473,-0.015575251843817473,-0.015575251843817473
2016-04-14,0.00972169722840488,0.00972169722840488,0.00972169722840488,0.00972169722840488,0.009721697228404878,-0.00972169722840488,0.00972169722840488,0.0034958807755655122,-0.0005,0.00972169722840488,0.00972169722840488,0.00972169722840488
2016-04-15,-0.017368289239162782,-0.017368289239162782,-0.017368289239162782,-0.017368289239162782,-0.017368289239162782,0.017368289239162782,-0.017368289239162782,-0.006263899117204988,0.01686828923916278,-0.017368289239162782,-0.017368289239162782,-0.017368289239162782
2016-04-18,0.0267053121222105,0.0267053121222105,0.0267053121222105,-0.0277053121222105,0.0267053121222105,-0.0267053121222105,0.0267053121222105,0.009663446401642973,-0.0267053121222105,0.0267053121222105,0.0267053121222105,0.0267053121222105
2016-04-19,0.0295660803600859,0.0295660803600859,0.0295660803600859,0.0285660803600859,0.0295660803600859,-0.0295660803600859,0.0295660803600859,0.010664412256297405,-0.0005,0.0295660803600859,0.0295660803600859,0.0295660803600859
2016-04-20,-0.0016433115972716017,-0.0016433115972716017,-0.0016433115972716017,-0.0016433115972716017,-0.0016433115972716015,0.0016433115972716017,-0.0016433115972716017,-0.0005895975997103728,0.0011433115972716017,-0.0016433115972716017,-0.0016433115972716017,-0.0016433115972716017
2016-04-21,0.0018287766818996243,0.0018287766818996243,0.0018287766818996243,0.0018287766818996243,0.001828776681899624,-0.0018287766818996243,0.0018287766818996243,0.0006532429817551381,-0.0018287766818996243,0.0018287766818996243,0.0018287766818996243,0.0018287766818996243
2016-04-22,0.025921802164993624,0.025921802164993624,0.025921802164993624,0.025921802164993624,0.025921802164993624,-0.025921802164993624,0.025921802164993624,0.009263575378112017,-0.025921802164993624,0.025921802164993624,0.025921802164993624,0.025921802164993624
2016-04-25,-0.031850737668789986,-0.03185073766878998,-0.031850737668789986,-0.031850737668789986,-0.031850737668789986,0.031850737668789986,-0.031850737668789986,-0.012619534406716612,-0.0005,-0.031850737668789986,-0.031850737668789986,-0.031850737668789986
2016-04-26,0.027017418221342737,0.027017418221342737,0.027017418221342737,-0.028017418221342738,0.027017418221342737,-0.027017418221342737,0.027017418221342737,0.010111329197991433,0.0,0.027017418221342737,0.027017418221342737,0.027017418221342737
2016-04-27,0.029706233999222675,0.029706233999222675,0.029706233999222675,0.028706233999222674,0.029706233999222675,-0.029706233999222675,0.029706233999222675,0.011050342417658232,0.0,0.029706233999222675,0.029706233999222675,0.029706233999222675
2016-04-28,-0.03666998644174657,-0.03666998644174657,-0.03666998644174657,-0.03666998644174657,-0.03666998644174657,0.03666998644174657,-0.03666998644174657,-0.013415383397840578,0.0,-0.03666998644174657,-0.03666998644174657,-0.03666998644174657
2016-04-29,-0.018581900114395977,-0.018581900114395977,-0.018581900114395977,0.017581900114395976,-0.018581900114395977,0.018581900114395977,-0.018581900114395977,-0.006363699537786189,0.018081900114395977,-0.018581900114395977,-0.018581900114395977,-0.018581900114395977
2016-05-02,-0.002941666531904308,-0.002941666531904308,-0.002941666531904308,0.002941666531904308,-0.002941666531904308,0.002941666531904308,-0.002941666531904308,-0.000989332272134277,-0.003941666531904308,-0.002941666531904308,-0.002941666531904308,-0.002941666531904308
2016-05-03,-0.038900932303335134,-0.038900932303335134,-0.038900932303335134,0.038900932303335134,-0.038900932303335134,0.038900932303335134,-0.038900932303335134,-0.013482011909502848,-0.038900932303335134,-0.038900932303335134,-0.038900932303335134,-0.038900932303335134
2016-05-04,-0.026855748866366658,-0.026855748866366658,-0.026855748866366658,0.026855748866366658,-0.026855748866366658,0.026855748866366658,-0.026855748866366658,-0.008844007640403852,-0.026855748866366658,-0.026855748866366658,-0.026855748866366658,-0.026855748866366658
2016-05-05,0.08062278215231289,0.08062278215231289,0.08062278215231289,-0.08062278215231289,0.08062278215231289,-0.08062278215231289,-0.0005,0.02577423296419436,0.08062278215231289,0.08062278215231289,0.08062278215231289,0.08062278215231289
2016-05-06,-0.017876659810376894,-0.017876659810376894,-0.017876659810376894,-0.018876659810376895,-0.017876659810376894,0.017876659810376894,0.0,-0.005219923135230607,-0.0005,-0.017876659810376894,-0.017876659810376894,-0.017876659810376894
2016-05-09,-0.03194667164568343,-0.03194667164568343,-0.03194667164568343,-0.03194667164568343,-0.03194667164568343,0.03194667164568343,0.0,-0.009247892423001742,-0.032446671645683434,-0.03194667164568343,-0.03194667164568343,-0.03194667164568343
2016-05-10,0.018610904786870996,0.018610904786870996,0.018610904786870996,-0.019610904786870997,0.018610904786870996,-0.018610904786870996,0.0,0.005314805240720408,-0.0005,0.018610904786870996,0.018610904786870996,0.018610904786870996
2016-05-11,0.017329047090457683,0.017329047090457683,0.017329047090457683,0.016329047090457682,0.017329047090457683,0.016329047090457682,0.0,0.005043424211555248,0.016829047090457683,0.017329047090457683,0.017329047090457683,0.017329047090457683
2016-05-12,0.00536954599294015,0.00536954599294015,0.00536954599294015,0.00536954599294015,0.00536954599294015,0.00536954599294015,0.0,0.0015636014513662727,-0.0005,0.00536954599294015,0.00536954599294015,0.00536954599294015
2016-05-13,-0.023572852164021274,-0.023572852164021274,-0.023572852164021274,-0.023572852164021274,-0.023572852164021274,-0.023572852164021274,-0.024072852164021274,-0.006864369148707854,-0.024072852164021274,-0.023572852164021274,-0.023572852164021274,-0.023572852164021274
2016-05-16,0.03357230433338576,0.03357230433338576,0.03357230433338576,-0.03457230433338576,0.03357230433338576,0.03357230433338576,0.03357230433338576,0.009776190361421733,0.03357230433338576,0.03357230433338576,0.03357230433338576,0.03357230433338576
2016-05-17,0.005839217644944217,0.005839217644944217,0.005839217644944217,0.004839217644944217,0.005839217644944217,0.005839217644944217,0.005839217644944217,0.0017003689318394286,0.005839217644944217,0.005839217644944217,0.005839217644944217,0.005839217644944217
2016-05-18,0.027032191209610756,0.027032191209610756,0.027032191209610756,0.027032191209610756,0.027032191209610756,0.027032191209610756,0.027032191209610756,0.007871722016075689,0.027032191209610756,0.027032191209610756,0.027032191209610756,0.027032191209610756
2016-05-19,0.0065359517067342665,0.0065359517067342665,0.0065359517067342665,0.0065359517067342665,0.0065359517067342665,0.0065359517067342665,0.0065359517067342665,0.0019032565487186947,-0.0075359517067342665,0.0065359517067342665,0.0065359517067342665,0.0065359517067342665
2016-05-20,0.002281627912241513,0.002281627912241513,0.002281627912241513,0.002281627912241513,0.002281627912241513,0.002281627912241513,0.002281627912241513,0.0006644056536156376,0.0012816279122415128,0.002281627912241513,0.002281627912241513,0.002281627912241513
2016-05-23,0.008579572724470408,0.008579572724470408,0.008579572724470408,0.008579572724470408,0.008579572724470408,0.008579572724470408,0.008579572724470408,0.0024983550530570794,-0.009579572724470409,0.008579572724470408,0.008579572724470408,0.008579572724470408
2016-05-24,0.011285088824963152,0.011285088824963152,0.011285088824963152,0.011285088824963152,0.011285088824963152,0.011285088824963152,0.011285088824963152,0.003286196130680274,-0.011285088824963152,0.011285088824963152,0.011285088824963152,0.011285088824963152
2016-05-25,-0.005837086934210811,-0.005837086934210811,-0.005837086934210811,-0.005837086934210811,-0.005837086934210811,-0.005837086934210811,-0.005837086934210811,-0.001940444028896443,-0.006837086934210811,-0.005837086934210811,-0.005837086934210811,-0.005837086934210811
2016-05-26,0.002072163875048938,0.002072163875048938,0.002072163875048938,-0.003072163875048938,0.002072163875048938,0.002072163875048938,0.002072163875048938,0.0006821151623477014,-0.0005,0.002072163875048938,0.002072163875048938,0.002072163875048938
2016-05-27,0.0044802623174211575,0.0044802623174211575,0.0044802623174211575,-0.0044802623174211575,0.0044802623174211575,0.0044802623174211575,0.0044802623174211575,0.001474813307386631,-0.004980262317421158,0.0044802623174211575,0.0044802623174211575,0.0044802623174211575
2016-05-31,-0.019728839110725205,-0.019728839110725205,-0.019728839110725205,-0.020728839110725206,-0.019728839110725205,-0.019728839110725205,-0.019728839110725205,-0.006494341714468014,0.019728839110725205,-0.019728839110725205,-0.019728839110725205,-0.019728839110725205
2016-06-01,-0.016975940933212308,-0.016975940933212308,-0.016975940933212308,0.015975940933212307,-0.016975940933212308,-0.016975940933212308,-0.016975940933212308,-0.005588142349692121,-0.0005,-0.016975940933212308,-0.016975940933212308,-0.016975940933212308
2016-06-02,-0.005874710903634783,-0.005874710903634783,-0.005874710903634783,0.005874710903634783,-0.005874710903634783,-0.005874710903634783,-0.0005,-0.0019338380665882488,0.005374710903634783,-0.005874710903634783,-0.005874710903634783,-0.005874710903634783
2016-06-03,-0.02256472339239901,-0.02256472339239901,-0.02256472339239901,0.02256472339239901,-0.02256472339239901,-0.02256472339239901,0.0,-0.008575339616641498,-0.0005,-0.02256472339239901,-0.02256472339239901,-0.02256472339239901
2016-06-06,0.01905447422511264,0.01905447422511264,0.01905447422511264,-0.01905447422511264,0.01905447422511264,0.01905447422511264,0.0,0.007220323520138129,-0.01955447422511264,0.01905447422511264,0.01905447422511264,0.01905447422511264
2016-06-07,0.04656611458991433,0.04656611458991433,0.04656611458991433,0.04556611458991433,0.04656611458991433,0.04656611458991433,0.0,0.024637634926687257,-0.0005,0.04656611458991433,0.04656611458991433,0.04656611458991433
2016-06-08,-0.02078669415199752,-0.02078669415199752,-0.02078669415199752,-0.02078669415199752,-0.02078669415199752,-0.02078669415199752,0.0,-0.009921058784992052,-0.02128669415199752,-0.02078669415199752,-0.02078669415199752,-0.02078669415199752
2016-06-09,-0.020526060003841162,-0.020526060003841162,-0.020526060003841162,0.01952606000384116,-0.020526060003841162,-0.020526060003841162,-0.021026060003841163,-0.009769628298214627,-0.020526060003841162,-0.020526060003841162,-0.020526060003841162,-0.020526060003841162
2016-06-10,-0.041375784035326046,-0.04137578403532604,-0.041375784035326046,-0.0005,-0.041375784035326046,-0.041375784035326046,-0.041375784035326046,-0.019693308433118343,-0.041375784035326046,-0.041375784035326046,-0.041375784035326046,-0.041375784035326046
2016-06-13,-0.006979054332960532,0.005979054332960532,0.005979054332960532,0.0,-0.006979054332960531,0.005979054332960532,-0.0005,0.0028458037439685353,0.005979054332960532,0.005979054332960532,0.005979054332960532,0.005979054332960532
2016-06-14,-0.01708737247350922,0.017087372473509218,0.01708737247350922,0.0,-0.017087372473509218,0.01708737247350922,0.0,0.00813294307958222,0.01708737247350922,0.01708737247350922,0.01708737247350922,0.01708737247350922
2016-06-15,-0.005199871803457489,-0.004199871803457489,-0.004199871803457489,-0.004699871803457489,-0.005199871803457488,-0.004199871803457489,0.0,-0.001998980145836735,0.003199871803457489,0.003199871803457489,-0.004199871803457489,-0.004199871803457489
2016-06-16,0.027057989393590054,-0.02805798939359005,-0.028057989393590055,-0.0005,0.027057989393590054,-0.028057989393590055,0.0,-0.013354541841898849,0.028057989393590055,0.028057989393590055,-0.028057989393590055,-0.028057989393590055
2016-06-17,-0.016415052376709482,0.01641505237670948,0.016415052376709482,0.0,-0.016415052376709482,0.016415052376709482,0.0,0.007812944139604261,0.015415052376709482,-0.016415052376709482,0.016415052376709482,0.016415052376709482
2016-06-20,-0.026916675244816668,0.026916675244816668,0.026916675244816668,0.026416675244816668,-0.026916675244816668,0.026916675244816668,0.0,0.01281131946980588,0.026916675244816668,-0.026916675244816668,0.026916675244816664,0.026916675244816668
2016-06-21,0.02268041874099669,0.02368041874099669,0.02368041874099669,0.02368041874099669,-0.02368041874099669,0.02368041874099669,0.0,0.01127098376416709,0.02368041874099669,-0.02368041874099669,-0.02468041874099669,0.02368041874099669
2016-06-22,-0.003531522448796842,-0.003531522448796842,-0.003531522448796842,-0.003531522448796842,0.003531522448796842,-0.003531522448796842,0.0,-0.0016808711289497031,-0.003531522448796842,0.003531522448796842,0.0035315224487968418,-0.003531522448796842
2016-06-23,0.03065731072085387,0.03065731072085387,0.03065731072085387,0.03065731072085387,-0.03065731072085387,0.03065731072085387,0.0,0.01459172049139306,0.03065731072085387,-0.03065731072085387,0.029657310720853865,0.03065731072085387
2016-06-24,-0.05674023802571826,-0.05674023802571826,-0.05674023802571826,-0.05674023802571826,0.05674023802571826,-0.05674023802571826,0.0,-0.02398544531925018,-0.05674023802571826,-0.05774023802571826,0.05574023802571825,-0.05674023802571826
2016-06-27,0.05113243200779527,-0.05213243200779527,-0.05213243200779527,-0.0005,0.05213243200779527,-0.05213243200779527,0.0,-0.019278420045073862,-0.05213243200779527,-0.05213243200779527,-0.05313243200779527,-0.05213243200779527
2016-06-28,-0.04192304442527295,0.04192304442527295,0.04192304442527295,0.0,-0.04192304442527294,0.04192304442527295,0.0,0.015481723740655325,0.04192304442527295,-0.04292304442527295,0.04192304442527295,0.04192304442527295
2016-06-29,-0.030085078135839494,0.03008507813583949,0.030085078135839494,0.029585078135839493,-0.030085078135839494,0.030085078135839494,-0.030585078135839494,0.009597696403902827,0.030085078135839494,-0.030085078135839494,0.03008507813583949,0.030085078135839494
2016-06-30,-0.0035087849537371865,-0.0025087849537371865,-0.0025087849537371865,-0.0025087849537371865,0.002508784953737186,-0.0025087849537371865,0.0025087849537371865,-0.0008024105644038542,-0.0025087849537371865,0.0025087849537371865,-0.002508784953737186,-0.0025087849537371865
2016-07-01,0.017963085723894157,0.017963085723894157,0.017963085723894157,0.017963085723894157,-0.017963085723894157,0.017963085723894157,-0.017963085723894157,0.0057453189571602765,0.017963085723894157,-0.017963085723894157,-0.018963085723894157,0.017963085723894157
2016-07-05,-0.03529203995177177,-0.03529203995177176,-0.03529203995177177,-0.03529203995177177,-0.03629203995177177,-0.03529203995177177,-0.03629203995177177,-0.01128781709826499,-0.03529203995177177,0.03529203995177177,0.03529203995177177,-0.03529203995177177
2016-07-06,-0.012523863291704518,0.011523863291704517,0.011523863291704517,-0.0005,0.011523863291704517,0.011523863291704517,0.011523863291704517,0.00368579604012491,-0.012523863291704518,-0.011523863291704517,-0.011523863291704517,0.011523863291704517
2016-07-07,0.007233271439919142,-0.007233271439919142,-0.007233271439919142,-0.007733271439919143,0.006233271439919142,-0.007233271439919142,-0.007233271439919142,-0.0023134918000627543,0.007233271439919142,0.007233271439919142,0.007233271439919141,-0.007233271439919142
2016-07-08,-0.0049176310748624275,0.0049176310748624275,0.0049176310748624275,-0.0005,-0.0049176310748624275,0.0049176310748624275,-0.0059176310748624275,0.0015728566613221408,-0.0049176310748624275,-0.0049176310748624275,-0.0049176310748624275,0.0049176310748624275
2016-07-11,0.001087359645680963,-0.0010873596456809629,-0.001087359645680963,0.0,0.001087359645680963,-0.001087359645680963,-0.0005,-0.00034778144922350255,0.001087359645680963,0.001087359645680963,0.001087359645680963,-0.001087359645680963
2016-07-12,-0.0005,0.04409353616218281,0.04409353616218281,0.0,0.04309353616218281,0.04409353616218281,0.04359353616218281,0.014102890399495473,-0.04409353616218281,-0.04409353616218281,0.04309353616218281,0.04409353616218281
2016-07-13,-0.017879044016438306,-0.017379044016438305,-0.017379044016438305,-0.017879044016438306,-0.017379044016438305,-0.017379044016438305,-0.017379044016438305,-0.005558518874747101,0.017379044016438305,-0.018379044016438306,0.016379044016438304,-0.017379044016438305
2016-07-14,0.006013449974134666,0.006013449974134666,0.006013449974134666,-0.0005,0.006013449974134665,0.006013449974134666,0.006013449974134666,0.0019233437208605088,-0.0005,0.006013449974134666,-0.006013449974134666,0.006013449974134666
2016-07-15,0.0042194609766981195,0.0042194609766981195,0.0042194609766981195,0.0037194609766981195,0.0042194609766981195,0.0042194609766981195,0.0042194609766981195,0.0013495537187230185,-0.00471946097669812,0.0042194609766981195,-0.0042194609766981195,0.0042194609766981195
2016-07-18,-0.013830473817718292,-0.013830473817718292,-0.013830473817718292,-0.0005,-0.013830473817718292,-0.013830473817718292,-0.013830473817718292,-0.004423543072321307,-0.0005,-0.013830473817718292,0.013830473817718292,-0.013830473817718292
2016-07-19,-0.021658283419754065,-0.021658283419754065,-0.021658283419754065,0.0,-0.021658283419754065,-0.021658283419754065,-0.021658283419754065,-0.006927192144139452,-0.022158283419754066,-0.021658283419754065,0.021658283419754065,-0.021658283419754065
2016-07-20,-0.0005,-0.004739261688208818,-0.004739261688208818,0.0,-0.004739261688208818,-0.004739261688208818,-0.004739261688208818,-0.001515806940897165,-0.0005,-0.004739261688208818,0.004739261688208818,-0.004739261688208818
2016-07-21,0.0,-0.02197806851714157,-0.02197806851714157,0.0,-0.02197806851714157,-0.02197806851714157,-0.02197806851714157,-0.0070294723097233565,0.0,-0.02197806851714157,0.02197806851714157,-0.02197806851714157
2016-07-22,0.0,0.004681623526673784,0.004681623526673784,0.0,0.004681623526673784,0.004681623526673784,-0.0005,0.0014973719332813738,-0.005181623526673784,0.004681623526673784,-0.004681623526673784,0.004681623526673784
2016-07-25,0.0,-0.03131399452770134,-0.03131399452770134,0.0,-0.03131399452770134,-0.03131399452770134,0.0,-0.01001547780541426,-0.0005,-0.03131399452770134,0.03131399452770134,-0.03131399452770134
2016-07-26,0.0,-0.0005,0.015008799358531943,0.0,0.015008799358531942,0.015008799358531943,-0.015508799358531944,0.00527399898868272,-0.015508799358531944,-0.016008799358531944,-0.015008799358531943,0.015008799358531943
2016-07-27,0.0,0.0,-0.018767909752567924,-0.019267909752567924,-0.018767909752567924,-0.018767909752567924,0.018767909752567924,-0.007312904052341027,0.018767909752567924,0.018767909752567924,0.018767909752567924,-0.018767909752567924
2016-07-28,0.0,0.0,0.001545636336226952,-0.0005,0.001545636336226952,0.001545636336226952,-0.001545636336226952,0.0006478578913610699,-0.001545636336226952,-0.001545636336226952,0.000545636336226952,0.001545636336226952
2016-07-29,0.0,0.0,0.012731512567279335,0.0,0.012731512567279335,0.012731512567279335,-0.012731512567279335,0.006115737509218648,-0.012731512567279335,-0.012731512567279335,0.012731512567279335,0.012731512567279335
2016-08-01,0.0,0.0,-0.05009531911591769,-0.05059531911591769,-0.050095319115917684,-0.05009531911591769,0.05009531911591769,-0.024159407918657533,0.05009531911591769,0.05009531911591769,0.04909531911591769,-0.05009531911591769
2016-08-02,0.0,0.0,0.001403650003009016,-0.0005,0.001403650003009016,-0.0005,-0.001403650003009016,0.0006769365600656374,-0.001403650003009016,-0.001403650003009016,-0.001403650003009016,0.001403650003009016
2016-08-03,0.0,0.0,0.03584279955053149,0.0,0.03584279955053148,0.0,-0.03584279955053149,0.017285862842478912,-0.0005,-0.03584279955053149,-0.03584279955053149,0.03584279955053149
2016-08-04,0.0,0.0,-0.029963328687679036,-0.030463328687679037,-0.029963328687679036,0.0,0.029963328687679036,-0.014450377662859016,-0.030463328687679037,0.029963328687679036,0.029963328687679036,-0.029963328687679036
2016-08-05,0.0,0.0,-0.010761084165724077,-0.0005,-0.010761084165724077,0.0,0.010761084165724077,-0.004662747013651801,-0.010761084165724077,0.010761084165724077,0.010761084165724077,-0.010761084165724077
2016-08-08,0.0,0.0,0.02074932009736674,0.0,0.020749320097366738,0.0,-0.02074932009736674,0.008941107420972838,0.02074932009736674,-0.02074932009736674,-0.02074932009736674,0.02074932009736674
2016-08-09,0.0,0.0,-0.008683921229894032,-0.009183921229894032,-0.008683921229894032,0.0,0.008683921229894032,-0.00374199598769517,-0.008683921229894032,0.008683921229894032,0.008683921229894032,-0.008683921229894032
2016-08-10,0.0,0.0,-0.028866856461929213,-0.0005,-0.028866856461929213,-0.029366856461929214,0.028866856461929213,-0.012439042017799332,-0.028866856461929213,0.028866856461929213,0.02886685646192921,-0.028866856461929213
2016-08-11,0.0,0.0,0.016604942934755007,0.0,0.016604942934755004,0.016604942934755007,-0.016604942934755007,0.0071552502830013265,0.016604942934755007,-0.016604942934755007,-0.016604942934755004,0.016604942934755007
2016-08-12,0.0,0.0,-0.011695602417378215,-0.012195602417378215,-0.011695602417378215,-0.011695602417378215,0.011695602417378215,-0.00503976212599078,-0.011695602417378215,0.011695602417378215,0.011695602417378215,-0.011695602417378215
2016-08-15,0.0,0.0,0.017751514335657248,-0.0005,0.017751514335657248,0.017751514335657248,-0.017751514335657248,0.007649320354366377,0.017751514335657248,-0.017751514335657248,-0.017751514335657245,0.017751514335657248
2016-08-16,0.0,0.0,0.02185222750233451,0.02135222750233451,0.02185222750233451,0.02185222750233451,-0.02185222750233451,0.009416362202186352,0.02185222750233451,-0.02185222750233451,-0.02185222750233451,0.02185222750233451
2016-08-17,0.0,0.0,0.012949021000074223,0.012949021000074223,0.012949021000074223,0.012949021000074223,-0.012949021000074223,0.005579873808626144,0.012949021000074223,-0.012949021000074223,-0.012949021000074223,0.012949021000074223
2016-08-18,0.0,0.0,0.03815597299184326,0.03815597299184326,0.03815597299184325,0.03815597299184326,-0.0005,0.016441823234251637,0.03815597299184326,-0.03815597299184326,-0.03815597299184326,0.03815597299184326
2016-08-19,-0.0025523052843349765,-0.002552305284334976,-0.0020523052843349765,-0.0020523052843349765,-0.002052305284334976,-0.0020523052843349765,0.0,-0.0008843606403372214,-0.0020523052843349765,0.0020523052843349765,0.0020523052843349765,-0.0020523052843349765
2016-08-22,-0.006356108168902752,-0.0004999999999999999,-0.006356108168902752,-0.006356108168902752,-0.006356108168902752,-0.006356108168902752,0.0,-0.0027389160536732357,0.005356108168902752,0.006356108168902752,0.006356108168902752,-0.006356108168902752
2016-08-23,-0.0005,0.0,0.0045153647365010485,-0.0005,0.0045153647365010485,0.0045153647365010485,0.0,0.0019457197134402574,-0.0045153647365010485,-0.0045153647365010485,-0.004515364736501048,0.0045153647365010485
2016-08-24,-0.01267437251045761,0.0,-0.01217437251045761,-0.01267437251045761,-0.01217437251045761,-0.01217437251045761,0.0,-0.005246069359774083,-0.01317437251045761,0.01217437251045761,0.01217437251045761,-0.01217437251045761
2016-08-25,-0.0005,0.0,-0.0043613772261535955,-0.0005,-0.0043613772261535955,-0.0043613772261535955,0.0,-0.0018793648225308693,0.0033613772261535954,0.0043613772261535955,0.004361377226153595,-0.0043613772261535955
2016-08-26,0.0,0.0,-0.0030469334563599793,0.0,-0.0030469334563599793,-0.0030469334563599793,0.0,-0.0013129567238845568,0.0030469334563599793,0.0030469334563599793,0.003046933456359979,-0.0030469334563599793
2016-08-29,0.0,0.0,0.009169112822266179,0.0,0.009169112822266179,0.009169112822266179,0.0,0.003951070315277729,-0.009169112822266179,-0.009169112822266179,-0.009169112822266179,0.009169112822266179
2016-08-30,0.0,0.0,-0.0075710998345139835,-0.008071099834513984,-0.007571099834513983,-0.0075710998345139835,0.0,-0.0032624691603215534,0.0075710998345139835,0.0075710998345139835,0.007571099834513983,-0.0075710998345139835
2016-08-31,0.0,0.0,-0.05207008764662391,-0.0005,-0.05207008764662391,-0.05207008764662391,0.05157008764662391,-0.026893977886879826,0.05207008764662391,0.05207008764662391,0.05207008764662391,-0.05207008764662391
2016-09-01,0.0,0.0,0.0018114464328988777,0.0,0.0018114464328988775,0.0018114464328988777,-0.0018114464328988777,0.0007411244502229379,-0.0018114464328988777,-0.0018114464328988777,-0.0018114464328988777,0.0018114464328988777
2016-09-02,0.0,0.0,0.03012626960552356,0.0,0.03012626960552356,0.03012626960552356,-0.03012626960552356,0.013020028438752556,-0.03012626960552356,-0.03012626960552356,-0.030126269605523556,0.03012626960552356
2016-09-06,0.0,0.0,0.007408594718070427,0.006908594718070427,0.007408594718070427,0.007408594718070427,-0.007408594718070427,0.003201860541763965,0.006408594718070427,-0.007408594718070427,-0.007408594718070427,0.007408594718070427
2016-09-07,0.0,0.0,0.0669639732823959,0.0669639732823959,0.0669639732823959,0.0669639732823959,-0.0669639732823959,0.028940617206346903,0.0669639732823959,-0.0669639732823959,-0.06696397328239588,0.0669639732823959
2016-09-08,0.0706044084884973,0.0706044084884973,0.0711044084884973,0.0711044084884973,0.07110440848849729,0.0711044084884973,-0.0711044084884973,0.02753088357735937,-0.0721044084884973,-0.0711044084884973,-0.0711044084884973,0.0711044084884973
2016-09-09,0.005927016331580326,0.005927016331580326,0.005927016331580326,0.005927016331580326,0.005927016331580326,-0.0005,-0.0005,0.0019613078435617454,-0.005927016331580326,0.004927016331580326,0.004927016331580325,0.005927016331580326
2016-09-12,0.008417797472755728,0.008417797472755728,0.008417797472755728,0.008417797472755728,0.008417797472755728,0.0,0.007917797472755728,0.00282259374843675,-0.008417797472755728,0.008417797472755728,0.008417797472755726,0.008417797472755728
2016-09-13,-0.03989996303110144,-0.03989996303110144,-0.03989996303110144,-0.03989996303110144,-0.03989996303110144,0.0,-0.03989996303110144,-0.01337896125191232,-0.04089996303110144,-0.03989996303110144,-0.03989996303110144,-0.03989996303110144
2016-09-14,-0.013215147887647438,-0.013215147887647438,-0.013215147887647438,-0.0005,-0.013215147887647438,0.0,-0.013215147887647438,-0.0044312058983440455,-0.013215147887647438,-0.013215147887647438,-0.013215147887647438,-0.013215147887647438
2016-09-15,0.0343613871613444,0.0343613871613444,0.0343613871613444,0.0,0.0343613871613444,0.0,0.0343613871613444,0.011521806850679023,0.0343613871613444,0.0343613871613444,0.0343613871613444,0.0343613871613444
2016-09-16,-0.002385260816398005,-0.002385260816398005,-0.002385260816398005,-0.002885260816398005,-0.002385260816398005,0.0,-0.002385260816398005,-0.0007998080603086894,-0.002385260816398005,-0.002385260816398005,-0.0023852608163980045,-0.002385260816398005
2016-09-19,-0.012124528396046275,-0.012124528396046275,-0.012124528396046275,-0.012124528396046275,-0.012124528396046275,0.0,-0.012124528396046275,-0.004065507416184086,-0.012124528396046275,-0.012124528396046275,-0.012124528396046273,-0.012124528396046275
2016-09-20,-0.0062226068545286894,-0.0062226068545286894,-0.0062226068545286894,-0.0005,-0.0062226068545286894,0.0,-0.0062226068545286894,-0.0020865186247849307,0.005222606854528689,-0.0062226068545286894,-0.0062226068545286894,-0.0062226068545286894
2016-09-21,0.05914080728111215,0.05914080728111215,0.05914080728111215,0.0,0.05914080728111215,0.0,-0.0005,0.01983065920146471,-0.05914080728111215,0.05914080728111215,0.05914080728111215,0.05914080728111215
2016-09-22,0.0018065139379441764,0.0018065139379441764,0.0018065139379441764,0.0013065139379441764,0.0018065139379441764,0.0,0.0013065139379441764,0.0006057469265812371,-0.0005,0.0018065139379441764,0.0018065139379441761,0.0018065139379441764
2016-09-23,-0.01606557987902102,-0.01606557987902102,-0.01606557987902102,-0.01606557987902102,-0.01606557987902102,0.0,-0.01606557987902102,-0.005386991725365291,0.0,-0.01606557987902102,-0.016065579879021016,-0.01606557987902102
2016-09-26,-0.0013328427116906516,-0.0013328427116906516,-0.0013328427116906516,-0.0005,-0.0013328427116906514,0.0,-0.0013328427116906516,-0.00044691898538109294,-0.0018328427116906516,-0.0013328427116906516,-0.0013328427116906516,-0.0013328427116906516
2016-09-27,-0.005839256571472107,-0.005839256571472107,-0.005839256571472107,0.0,-0.005839256571472107,0.0,-0.005839256571472107,-0.0019579764359381443,-0.0005,-0.005839256571472107,-0.005839256571472107,-0.005839256571472107
2016-09-28,0.06897142755237584,0.06897142755237584,0.06897142755237584,0.0,0.06897142755237584,0.0,0.06897142755237584,0.02312699026796169,0.06847142755237584,0.06897142755237584,0.06897142755237584,0.06897142755237584
2016-09-29,0.0006277671416421438,0.0006277671416421435,0.0006277671416421438,0.00012776714164214375,0.0006277671416421435,0.0,0.0006277671416421438,0.00014536549813380984,-0.0005,0.0006277671416421438,0.0006277671416421435,0.0006277671416421438
2016-09-30,0.0020396578963048917,0.0020396578963048917,0.0020396578963048917,0.0020396578963048917,0.0020396578963048917,0.0,0.0020396578963048917,0.0005661252060943666,0.0,0.0020396578963048917,0.0020396578963048913,0.0020396578963048917
2016-10-03,0.0012525006684240836,0.0012525006684240836,0.0012525006684240836,-0.0005,0.0012525006684240836,0.0,0.0012525006684240836,0.0003691844159913463,0.0,0.0012525006684240836,0.0012525006684240836,0.0012525006684240836
2016-10-04,-0.00250186774582406,-0.0025018677458240597,-0.00250186774582406,0.0,-0.0025018677458240597,0.0,-0.00250186774582406,-0.000766036197194832,0.0,-0.00250186774582406,-0.00250186774582406,-0.00250186774582406
2016-10-05,0.01348180736522453,0.01348180736522453,0.01348180736522453,0.0,0.013481807365224528,0.0,0.01348180736522453,0.004127937003307986,0.01298180736522453,0.01348180736522453,0.01348180736522453,0.01348180736522453
2016-10-06,-0.008662180661707874,-0.008662180661707873,-0.008662180661707874,-0.009162180661707875,-0.008662180661707874,0.0,-0.008662180661707874,-0.002652236092249437,0.0076621806617078745,-0.008662180661707874,-0.008662180661707873,-0.008662180661707874
2016-10-07,-0.011858219378670598,-0.011858219378670598,-0.011858219378670598,-0.0005,-0.011858219378670598,0.0,-0.011858219378670598,-0.003630817533621017,0.011858219378670598,-0.011858219378670598,-0.011858219378670598,-0.011858219378670598
2016-10-10,0.013105923577898526,0.013105923577898526,0.013105923577898526,0.0,0.013105923577898524,0.0,0.013105923577898526,0.005029766856540723,0.012105923577898525,0.013105923577898526,0.013105923577898526,0.013105923577898526
2016-10-11,-0.020105936872506613,-0.020105936872506613,-0.020105936872506613,-0.020605936872506614,-0.02010593687250661,0.0,-0.020105936872506613,-0.007778097244172146,0.019105936872506613,-0.020105936872506613,-0.02010593687250661,-0.020105936872506613
2016-10-12,-0.0025451582871063305,-0.0025451582871063305,-0.0025451582871063305,-0.0005,-0.0025451582871063305,0.0,-0.0005,-0.000984609112445483,0.0025451582871063305,-0.0025451582871063305,-0.0025451582871063305,-0.0025451582871063305
2016-10-13,-0.010205747588957315,-0.010205747588957315,-0.010205747588957315,0.0,-0.010205747588957315,0.0,0.0,-0.003948152115454689,0.010205747588957315,-0.010205747588957315,-0.010205747588957315,-0.010205747588957315
2016-10-14,-0.004833006292562447,-0.004833006292562447,-0.004833006292562447,0.0,-0.004833006292562447,0.0,0.0,-0.0018696762634647652,-0.005833006292562447,-0.004833006292562447,-0.004833006292562447,-0.004833006292562447
2016-10-17,0.001294763360809359,0.001294763360809359,0.001294763360809359,0.0007947633608093589,0.001294763360809359,0.0,0.0,0.0005341642728422504,-0.002294763360809359,0.001294763360809359,0.0012947633608093587,0.001294763360809359
2016-10-18,0.0158449553058575,0.0158449553058575,0.0158449553058575,-0.0005,0.0158449553058575,0.0,0.0,0.006793157911514581,0.014844955305857499,0.0158449553058575,0.0158449553058575,0.0158449553058575
2016-10-19,0.027804401345586482,0.02780440134558648,0.027804401345586482,0.027304401345586482,0.027804401345586482,0.0,0.0,0.011920493641649666,0.027804401345586482,0.027804401345586482,0.02780440134558648,0.027804401345586482
2016-10-20,-0.013059855002239829,-0.013059855002239829,-0.013059855002239829,-0.013059855002239829,-0.013059855002239829,0.0,-0.013559855002239829,-0.005599110607708813,-0.013059855002239829,-0.013059855002239829,-0.013059855002239827,-0.013059855002239829
2016-10-21,-0.02032105169711984,-0.02032105169711984,-0.02032105169711984,-0.0005,-0.02032105169711984,0.0,-0.02032105169711984,-0.010115305819839687,-0.02032105169711984,-0.02032105169711984,-0.02032105169711984,-0.02032105169711984
2016-10-24,-0.009808562014741895,-0.009808562014741895,-0.009808562014741895,0.0,-0.009808562014741895,0.0,-0.009808562014741895,-0.004866190377671167,-0.009808562014741895,-0.009808562014741895,-0.009808562014741895,-0.009808562014741895
2016-10-25,-0.016401685932856513,-0.016401685932856513,-0.016401685932856513,0.0,-0.016401685932856513,0.0,-0.0005,-0.008137148558993043,0.015401685932856513,-0.016401685932856513,-0.016401685932856513,-0.016401685932856513
2016-10-26,0.01832609641339422,0.01832609641339422,0.01832609641339422,0.0,0.01832609641339422,0.0,0.0,0.009091880531835503,0.01732609641339422,0.01832609641339422,0.01832609641339422,0.01832609641339422
2016-10-27,0.00032414447309836447,0.00032414447309836447,0.00032414447309836447,-0.00017585552690163554,0.00032414447309836447,0.0,0.0,0.00016081345192046057,-0.0013241444730983645,0.00032414447309836447,0.00032414447309836436,0.00032414447309836447
2016-10-28,-0.015883253673638298,-0.015883253673638298,-0.015883253673638298,-0.015883253673638298,-0.015883253673638298,0.0,0.0,-0.011629284652110716,0.015883253673638298,-0.015883253673638298,-0.015883253673638294,-0.015883253673638298
2016-10-31,-0.020421637415904192,-0.02042163741590419,-0.020421637415904192,-0.0005,-0.020421637415904192,0.0,0.0,-0.014805043979768505,-0.021421637415904193,-0.020421637415904192,-0.020421637415904192,-0.020421637415904192
2016-11-01,0.0008404990366226439,0.0008404990366226438,0.0008404990366226439,0.0,0.0008404990366226439,0.0,0.0,0.0006093353313804463,-0.001840499036622644,0.0008404990366226439,0.0008404990366226439,0.0008404990366226439
2016-11-02,-0.001176056197162545,-0.001176056197162545,-0.001176056197162545,0.0,-0.001176056197162545,0.0,0.0,-0.0008526037049365495,-0.002176056197162545,-0.001176056197162545,-0.001176056197162545,-0.001176056197162545
2016-11-03,-0.0662629671379672,-0.0662629671379672,-0.0662629671379672,-0.0667629671379672,-0.0662629671379672,0.0,0.0,-0.048038564329006495,-0.0662629671379672,0.0652629671379672,-0.0662629671379672,-0.0662629671379672
2016-11-04,0.01116716627341563,0.011167166273415628,0.01116716627341563,-0.0005,0.011167166273415628,0.0,0.0,0.005403681285888021,0.01116716627341563,-0.01116716627341563,0.01116716627341563,0.01116716627341563
2016-11-07,0.023334660680627062,0.02333466068062706,0.023334660680627062,0.0,0.023334660680627062,0.0,0.0,0.011532493249186036,0.023334660680627062,-0.023334660680627062,0.023334660680627062,0.023334660680627062
2016-11-08,-0.009051187135601269,-0.009051187135601269,-0.009051187135601269,-0.009551187135601269,-0.009051187135601269,0.0,0.008551187135601268,-0.003658080184778813,-0.009051187135601269,0.009051187135601269,-0.009051187135601269,-0.009051187135601269
2016-11-09,0.019146037426495566,0.019146037426495566,0.019146037426495566,-0.0005,0.019146037426495562,0.0,-0.019146037426495566,0.007637132307133674,-0.020146037426495567,-0.019146037426495566,0.019146037426495562,0.019146037426495566
2016-11-10,0.005170655883860231,0.005170655883860231,0.005170655883860231,0.004670655883860231,0.005170655883860231,0.0,-0.005170655883860231,0.0020625146718376464,0.004170655883860231,-0.005170655883860231,0.005170655883860231,0.005170655883860231
2016-11-11,-0.010288031438569156,-0.010288031438569156,-0.010288031438569156,-0.010288031438569156,-0.010288031438569156,0.0,0.010288031438569156,-0.004103776438229017,-0.010288031438569156,0.010288031438569156,-0.010288031438569156,-0.010288031438569156
2016-11-14,0.02096339680974335,0.02096339680974335,0.02096339680974335,-0.0005,0.02096339680974335,0.0,-0.0005,0.008362055890551877,0.02096339680974335,-0.02096339680974335,0.020963396809743347,0.02096339680974335
2016-11-15,0.0756831007096499,0.07568310070964988,0.0756831007096499,0.0751831007096499,0.0756831007096499,0.0,0.0,0.03018911123268991,0.0756831007096499,-0.0756831007096499,0.0756831007096499,0.0756831007096499
2016-11-16,-0.014828998098166513,-0.014828998098166513,-0.014828998098166513,-0.014828998098166513,-0.014828998098166513,0.0,0.0,-0.005915115380543807,-0.014828998098166513,0.014828998098166513,-0.014828998098166513,-0.014828998098166513
2016-11-17,-0.01681341287752436,-0.01681341287752436,-0.01681341287752436,-0.01681341287752436,-0.016813412877524355,0.0,0.0,-0.006706675424253661,0.015813412877524358,0.01681341287752436,-0.01681341287752436,-0.01681341287752436
2016-11-18,0.011075162258669113,0.011075162258669113,0.011075162258669113,-0.0005,0.011075162258669113,0.0,0.0,0.004417753794598696,-0.011075162258669113,-0.011075162258669113,0.011075162258669112,0.011075162258669113
2016-11-21,0.019168797458347653,0.019168797458347653,0.019168797458347653,0.0,0.01916879745834765,0.0,0.0,0.007646211019908382,-0.019168797458347653,-0.019168797458347653,0.01916879745834765,0.019168797458347653
2016-11-22,-0.01264435732281366,-0.01264435732281366,-0.01264435732281366,-0.01314435732281366,-0.01264435732281366,0.0,-0.01314435732281366,-0.005043687508902866,0.01264435732281366,0.01264435732281366,-0.01264435732281366,-0.01264435732281366
2016-11-23,0.018889263843961057,0.018889263843961057,0.018889263843961057,-0.0005,0.018889263843961057,0.0,0.018889263843961057,0.007534708302672105,-0.018889263843961057,-0.018889263843961057,0.018889263843961054,0.018889263843961057
2016-11-25,-0.012726308834599909,-0.012726308834599909,-0.012726308834599909,-0.01322630883459991,-0.012726308834599909,0.0,-0.012726308834599909,-0.00507637701662393,0.012726308834599909,0.012726308834599909,-0.012726308834599907,-0.012726308834599909
2016-11-28,-0.02371079289465372,-0.02371079289465372,-0.02371079289465372,-0.0005,-0.02371079289465372,0.0,-0.02371079289465372,-0.00945796032932232,0.02371079289465372,0.02371079289465372,-0.023710792894653717,-0.02371079289465372
2016-11-29,-0.009942781084050667,-0.009942781084050667,-0.009942781084050667,0.0,-0.009942781084050667,0.0,-0.009942781084050667,-0.003966060075422078,0.009942781084050667,0.009942781084050667,-0.009942781084050665,-0.009942781084050667
2016-11-30,0.0857752012157007,0.0857752012157007,0.0857752012157007,0.0,0.0857752012157007,0.0,-0.0005,0.03421473309400204,-0.0857752012157007,-0.0857752012157007,0.08577520121570069,0.0857752012157007
2016-12-01,-0.0122818891732146,-0.0122818891732146,-0.0122818891732146,-0.0127818891732146,-0.0122818891732146,0.0,-0.0127818891732146,-0.004270062431424686,-0.0132818891732146,0.0122818891732146,-0.012281889173214598,-0.0122818891732146
2016-12-02,-0.00046069155338890333,-0.00046069155338890333,-0.00046069155338890333,-0.0005,-0.00046069155338890333,0.0,-0.00046069155338890333,-0.00015916797449500025,-0.00046069155338890333,0.00046069155338890333,-0.0004606915533889034,-0.00046069155338890333
2016-12-05,0.019966154722665497,0.019966154722665497,0.019966154722665497,0.0,0.019966154722665497,0.0,0.019966154722665497,0.006898264972046693,-0.020966154722665498,0.018966154722665496,0.019966154722665497,0.019966154722665497
2016-12-06,-0.0009033941587742733,-0.0009033941587742733,-0.0009033941587742733,-0.0014033941587742733,-0.0009033941587742733,0.0,-0.0009033941587742733,-0.000312120804831277,0.0009033941587742733,-0.0009033941587742733,-0.0009033941587742733,-0.0009033941587742733
2016-12-07,0.0006026596344559376,0.0006026596344559376,0.0006026596344559376,-0.0005,0.0006026596344559376,0.0,0.0006026596344559376,0.00020821765152979115,-0.0006026596344559376,0.0006026596344559376,0.0006026596344559376,0.0006026596344559376
2016-12-08,0.001657201530453456,0.001657201530453456,0.001657201530453456,0.001157201530453456,0.001657201530453456,0.0,0.001657201530453456,0.0006165462730325995,0.000657201530453456,0.001657201530453456,0.001657201530453456,0.001657201530453456
2016-12-09,0.0009019502684959324,0.0009019502684959324,0.0009019502684959324,0.0009019502684959324,0.0009019502684959324,0.0,0.0009019502684959324,0.0003459061313849035,-0.0019019502684959324,0.0009019502684959324,0.0009019502684959324,0.0009019502684959324
2016-12-12,0.003455685570160405,0.003455685570160405,0.003455685570160405,-0.0005,0.003455685570160405,0.0,0.003455685570160405,0.0013252868463026694,-0.003455685570160405,0.003455685570160405,0.003455685570160405,0.003455685570160405
2016-12-13,0.008384513576933816,0.008384513576933816,0.008384513576933816,0.007884513576933816,0.008384513576933816,0.0,0.008384513576933816,0.003215537215569281,0.007384513576933816,0.008384513576933816,0.008384513576933816,0.008384513576933816
2016-12-14,-0.023905326304837327,-0.023905326304837327,-0.023905326304837327,-0.0005,-0.023905326304837327,0.0,-0.023905326304837327,-0.009167910061592649,-0.023905326304837327,-0.023905326304837327,-0.023905326304837327,-0.023905326304837327
2016-12-15,0.015211739500610166,0.015211739500610166,0.015211739500610166,0.0,0.015211739500610166,0.0,0.015211739500610166,0.005833840452274022,0.015211739500610166,0.015211739500610166,0.015211739500610166,0.015211739500610166
2016-12-16,-0.005244366432501146,-0.005244366432501146,-0.005244366432501146,-0.005744366432501147,-0.005244366432501146,0.0,-0.005244366432501146,-0.0020112622254178088,0.004244366432501146,-0.005244366432501146,-0.005244366432501146,-0.005244366432501146
2016-12-19,0.004669422911969923,0.004669422911969923,0.004669422911969923,0.004669422911969923,0.004669422911969923,0.0,-0.0005,0.0017907661560686487,0.0036694229119699226,0.004669422911969923,0.004669422911969923,0.004669422911969923
2016-12-20,0.0007498124917761917,0.0007498124917761917,0.0007498124917761917,0.0007498124917761917,0.0007498124917761917,0.0,0.0002498124917761917,0.00028755991028960693,-0.0017498124917761917,0.0007498124917761917,0.0007498124917761917,0.0007498124917761917
2016-12-21,-0.001648116606489003,-0.001648116606489003,-0.001648116606489003,-0.001648116606489003,-0.001648116606489003,0.0,-0.001648116606489003,-0.0006320677085361911,0.001648116606489003,-0.001648116606489003,-0.001648116606489003,-0.001648116606489003
2016-12-22,0.0015006810347610866,0.0015006810347610866,0.0015006810347610866,-0.0005,0.0015006810347610864,0.0,0.0015006810347610866,0.0005755248258227469,-0.0015006810347610866,0.0015006810347610866,0.0015006810347610866,0.0015006810347610866
2016-12-23,-0.005094361663627089,-0.005094361663627089,-0.005094361663627089,0.0,-0.005094361663627089,0.0,-0.005094361663627089,-0.0019537340322314614,0.005094361663627089,-0.005094361663627089,-0.005094361663627089,-0.005094361663627089
2016-12-27,-0.0009036777655565542,-0.0009036777655565542,-0.0009036777655565542,0.0,-0.0009036777655565542,0.0,-0.0005,-0.0003465686422195806,0.0009036777655565542,-0.0009036777655565542,-0.0009036777655565542,-0.0009036777655565542
2016-12-28,-0.026379273831858785,-0.026379273831858785,-0.026379273831858785,0.0,-0.026379273831858785,0.0,0.0,-0.01011669143924917,0.026379273831858785,-0.026379273831858785,-0.026379273831858785,-0.026379273831858785
2016-12-29,-0.011147183733209887,-0.011147183733209887,-0.011147183733209887,0.0,-0.011147183733209887,0.0,0.0,-0.005005525443146904,-0.012147183733209888,-0.011147183733209887,-0.011147183733209887,-0.011147183733209887
2016-12-30,-0.00626252072577882,-0.00626252072577882,-0.00626252072577882,0.0,-0.006262520725778819,0.0,0.0,-0.0027945016070209496,-0.00626252072577882,-0.00626252072577882,-0.00626252072577882,-0.00626252072577882
2017-01-03,0.004884011011511147,0.004884011011511147,0.004884011011511147,0.0,0.004884011011511147,0.0,0.0,0.0021793742836162147,0.004884011011511147,0.004884011011511147,0.004884011011511147,0.004884011011511147
2017-01-04,-0.002978981328679575,-0.002978981328679575,-0.002978981328679575,-0.0034789813286795752,-0.002978981328679575,0.0,0.0,-0.0013292998897413135,-0.002978981328679575,-0.002978981328679575,-0.002978981328679575,-0.002978981328679575
2017-01-05,-0.005347024486100138,-0.005347024486100138,-0.005347024486100138,-0.0005,-0.005347024486100138,0.0,0.0,-0.0023859830846833566,-0.005347024486100138,-0.005347024486100138,-0.005347024486100138,-0.005347024486100138
2017-01-06,-0.002055106066204182,-0.002055106066204182,-0.002055106066204182,0.0,-0.0020551060662041816,0.0,0.0,-0.0009170424268563004,-0.002055106066204182,-0.002055106066204182,-0.002055106066204182,-0.002055106066204182
2017-01-09,-0.012040677170280123,-0.012040677170280121,-0.012040677170280123,0.0,-0.012040677170280123,0.0,0.0,-0.005372867120976077,-0.012040677170280123,-0.012040677170280123,-0.012040677170280123,-0.012040677170280123
2017-01-10,0.008178304402344239,0.008178304402344239,0.008178304402344239,0.0,0.008178304402344239,0.007678304402344238,-0.008678304402344239,0.003649374715995894,0.008178304402344239,0.008178304402344239,0.008178304402344239,0.008178304402344239
2017-01-11,0.01431540182409452,0.01431540182409452,0.01431540182409452,0.01381540182409452,0.01431540182409452,0.01431540182409452,-0.01431540182409452,0.006387909143024471,0.01431540182409452,0.01431540182409452,-0.015315401824094521,0.01431540182409452
2017-01-12,-0.011760803142464082,-0.011760803142464082,-0.011760803142464082,-0.011760803142464082,-0.011760803142464082,-0.011760803142464082,0.011760803142464082,-0.005247979962155843,-0.011760803142464082,0.010760803142464082,0.011760803142464082,-0.011760803142464082
2017-01-13,-0.003808425423934003,-0.003808425423934003,-0.003808425423934003,-0.0005,-0.003808425423934003,-0.003808425423934003,0.003808425423934003,-0.0016994196799371823,-0.003808425423934003,0.003808425423934003,-0.004808425423934003,-0.003808425423934003
2017-01-17,0.005097157192528012,0.005097157192528012,0.005097157192528012,0.0,0.005097157192528012,0.005097157192528012,-0.005097157192528012,0.0022744857206019875,0.005097157192528012,-0.005097157192528012,0.005097157192528012,0.005097157192528012
2017-01-18,0.0009545881777530685,0.0009545881777530685,0.0009545881777530685,0.00045458817775306847,0.0009545881777530685,0.0009545881777530685,-0.0009545881777530685,0.0004259623741911691,0.0009545881777530685,-0.0009545881777530685,-0.0019545881777530685,0.0009545881777530685
2017-01-19,-0.010968225817125865,-0.010968225817125865,-0.010968225817125865,-0.010968225817125865,-0.010968225817125865,-0.010968225817125865,-0.0005,-0.004894311095204417,-0.010968225817125865,0.010968225817125865,0.010968225817125865,-0.010968225817125865
2017-01-20,-0.006589277938360394,-0.006589277938360394,-0.006589277938360394,-0.0005,-0.006589277938360394,-0.006589277938360394,0.0060892779383603934,-0.0029403092770708297,-0.006589277938360394,0.006589277938360394,-0.007589277938360394,-0.006589277938360394
2017-01-23,-0.016825913413327398,-0.016825913413327398,-0.016825913413327398,0.0,-0.016825913413327398,-0.016825913413327398,0.016825913413327398,-0.007508165502684425,-0.016825913413327398,0.016825913413327398,-0.016825913413327398,-0.016825913413327398
2017-01-24,0.003126515237856342,0.0031265152378563417,0.003126515237856342,0.0,0.003126515237856342,0.003126515237856342,-0.003126515237856342,0.001395133403806576,0.003126515237856342,-0.003126515237856342,0.003126515237856342,0.003126515237856342
2017-01-25,0.007710218078662789,0.007710218078662789,0.007710218078662789,0.0,0.007710218078662789,0.007710218078662789,-0.007710218078662789,0.003440502276122306,0.007710218078662789,-0.007710218078662789,0.007710218078662789,0.007710218078662789
2017-01-26,0.018232095515058333,0.018232095515058333,0.018232095515058333,0.0,0.018232095515058333,0.018232095515058333,-0.018232095515058333,0.008135640973843445,0.018232095515058333,-0.018232095515058333,-0.019232095515058334,0.018232095515058333
2017-01-27,-0.007513913259728056,-0.007513913259728056,-0.007513913259728056,-0.008013913259728056,-0.007513913259728056,-0.007513913259728056,0.007513913259728056,-0.00335290589824192,-0.007513913259728056,0.007513913259728056,0.007513913259728056,-0.007513913259728056
2017-01-30,-0.03431071625127757,-0.03431071625127757,-0.03431071625127757,-0.03431071625127757,-0.03431071625127757,-0.03431071625127757,0.03431071625127757,-0.015310344811722916,-0.03431071625127757,0.03431071625127757,-0.035310716251277574,-0.03431071625127757
2017-01-31,-0.0021683516245173395,-0.0021683516245173395,-0.0021683516245173395,-0.0005,-0.002168351624517339,-0.0021683516245173395,0.0021683516245173395,-0.0009675755761345804,-0.0021683516245173395,0.0021683516245173395,-0.0021683516245173395,-0.0021683516245173395
2017-02-01,-0.034102321897191534,-0.034102321897191534,-0.034102321897191534,0.0,-0.034102321897191534,-0.034102321897191534,0.034102321897191534,-0.015217353765004249,-0.034102321897191534,0.034102321897191534,-0.034102321897191534,-0.034102321897191534
2017-02-02,-0.0005,0.02267213447663341,-0.0005,0.0,0.022672134476633406,0.02267213447663341,-0.02267213447663341,0.010116903241333049,0.02267213447663341,-0.02267213447663341,0.02267213447663341,0.02267213447663341
2017-02-03,0.008807800292489787,0.009307800292489787,0.008807800292489787,0.008807800292489787,0.009307800292489787,0.009307800292489787,-0.009307800292489787,0.004153385515855205,0.009307800292489787,-0.009307800292489787,-0.010307800292489788,0.009307800292489787
2017-02-06,-0.029677908066632508,-0.029677908066632508,-0.029677908066632508,-0.029677908066632508,-0.029677908066632508,-0.029677908066632508,0.029677908066632508,-0.01324306384230139,-0.029677908066632508,0.029677908066632508,0.029677908066632508,-0.029677908066632508
2017-02-07,-0.01451538790862561,-0.01451538790862561,-0.01451538790862561,-0.0005,-0.01451538790862561,-0.01451538790862561,0.01451538790862561,-0.0064771481985222805,-0.01451538790862561,0.01451538790862561,-0.01551538790862561,-0.01451538790862561
2017-02-08,-0.0005,-0.001753456396508479,-0.0005,0.0,-0.0017534563965084793,-0.0017534563965084793,0.0017534563965084793,-0.0007824384033914283,-0.0017534563965084793,0.0017534563965084793,-0.0017534563965084793,-0.0017534563965084793
2017-02-09,0.0,-0.00017575652251744517,0.0,0.0,-0.0001757565225174451,-0.0001757565225174451,0.0001757565225174451,-7.842718709059975e-05,-0.0001757565225174451,0.0001757565225174451,-0.0008242434774825549,-0.0001757565225174451
2017-02-10,0.0,0.00808167649404079,0.0,0.0,0.00808167649404079,0.00808167649404079,-0.00808167649404079,0.0036062567996071257,0.00808167649404079,-0.00808167649404079,-0.00808167649404079,0.00808167649404079
2017-02-13,0.0,-0.0034857766972948845,0.0,0.0,-0.0034857766972948845,-0.0034857766972948845,0.0034857766972948845,-0.0015554453244696162,-0.0034857766972948845,0.0034857766972948845,0.0034857766972948845,-0.0034857766972948845
2017-02-14,0.0,-0.029380761430501386,0.0,0.0,-0.02938076143050139,-0.02938076143050139,0.02938076143050139,-0.013110469190954186,-0.02938076143050139,0.02938076143050139,0.02938076143050139,-0.02938076143050139
2017-02-15,0.0,0.0016215979005325119,0.0,0.0,0.001621597900532512,0.001621597900532512,-0.001621597900532512,0.0007235996713474108,0.001621597900532512,-0.001621597900532512,-0.001621597900532512,0.001621597900532512
2017-02-16,0.0,-0.006116255208167831,0.0,0.0,-0.006116255208167831,-0.006116255208167831,0.006116255208167831,-0.0027292340826624052,0.005116255208167831,0.006116255208167831,0.006116255208167831,-0.006116255208167831
2017-02-17,0.0,0.003438883599174547,0.0,0.0,0.003438883599174547,0.003438883599174547,-0.003438883599174547,0.001834529071266648,0.002438883599174547,-0.003438883599174547,-0.003438883599174547,0.003438883599174547
2017-02-21,0.0,0.008117029324681058,0.0,0.0,0.008117029324681058,0.008117029324681058,-0.008117029324681058,0.004450639076171231,0.008117029324681058,-0.008117029324681058,-0.008117029324681058,0.008117029324681058
2017-02-22,0.0,-0.017534340652742952,0.0,0.0,-0.017534340652742952,-0.017534340652742952,0.017534340652742952,-0.009614234292182004,-0.017534340652742952,0.017534340652742952,0.017534340652742952,-0.017534340652742952
2017-02-23,0.0,-0.03514869548946864,0.0,0.0,-0.03514869548946864,-0.03514869548946864,0.03514869548946864,-0.019272341070175867,-0.03514869548946864,0.03514869548946864,0.03514869548946864,-0.03514869548946864
2017-02-24,0.0,0.008116203829866553,0.0,0.0,0.008116203829866553,0.008116203829866553,-0.008116203829866553,0.00445018645005253,0.008116203829866553,-0.008116203829866553,-0.008116203829866553,0.008116203829866553
2017-02-27,0.0,-0.00898701232239274,0.0,0.0,-0.00898701232239274,-0.00898701232239274,0.00898701232239274,-0.00492765845978327,-0.0005,0.00898701232239274,0.00898701232239274,-0.00898701232239274
2017-02-28,0.0,-0.006423720839391023,0.0,0.0,-0.006423720839391023,-0.006423720839391023,0.006423720839391023,-0.003522183035027106,-0.006923720839391023,0.006423720839391023,0.006423720839391023,-0.006423720839391023
2017-03-01,0.0,0.00684577365985084,0.0,0.0,0.00684577365985084,0.00684577365985084,-0.00684577365985084,0.0037535983348628687,0.00684577365985084,-0.00684577365985084,-0.00684577365985084,0.00684577365985084
2017-03-02,0.0,-0.019452477859024486,0.0,0.0,-0.019452477859024486,-0.019452477859024486,0.019452477859024486,-0.010665965912490022,-0.019452477859024486,0.019452477859024486,0.019452477859024486,-0.019452477859024486
2017-03-03,0.0,-0.0005,0.0,0.0,-0.004274293580325826,0.0032742935803258266,-0.0032742935803258266,0.0017953241724955004,0.0032742935803258266,-0.0032742935803258266,-0.0032742935803258266,0.0032742935803258266
2017-03-06,0.0,0.0014202156173601104,0.0,0.0,0.0009202156173601104,0.0019202156173601104,-0.0019202156173601104,0.0013103042315498951,0.0019202156173601104,-0.0019202156173601104,-0.0019202156173601104,0.0019202156173601104
2017-03-07,0.0,-0.017436890777773217,0.0,0.0,-0.017436890777773217,-0.017436890777773217,0.017436890777773217,-0.012721470401438848,-0.017436890777773217,0.017436890777773217,0.017436890777773217,-0.017436890777773217
2017-03-08,0.0,-0.03646617586198886,0.0,0.0,-0.03646617586198886,-0.03646617586198886,0.03646617586198886,-0.0266047073870126,-0.03646617586198886,0.03646617586198886,0.03646617586198886,-0.03646617586198886
2017-03-09,0.0,-0.0005,0.0,0.0,-0.025691301925485743,0.024691301925485742,-0.024691301925485742,0.018014086950550387,0.024691301925485742,-0.024691301925485742,-0.024691301925485742,0.024691301925485742
2017-03-10,0.0,0.0,0.0,-0.008400520518717924,0.007900520518717924,-0.007900520518717924,0.007900520518717924,-0.005763999970851772,-0.007900520518717924,0.007900520518717924,0.007900520518717924,-0.007900520518717924
2017-03-13,0.0008936231295963441,0.0,0.0,-0.0005,0.0013936231295963442,-0.0005,0.0013936231295963442,-0.0010167486635013806,0.00039362312959634414,0.0013936231295963442,0.0013936231295963442,-0.0013936231295963442
2017-03-14,-0.003389278336029866,0.0,0.0,0.0,-0.003389278336029866,0.0,-0.003389278336029866,0.002472723181187929,-0.003389278336029866,-0.003389278336029866,-0.0033892783360298657,0.003389278336029866
2017-03-15,-0.014702884601397459,0.0,0.0,0.0,-0.014702884601397459,0.0,-0.014702884601397459,0.010726815557672208,-0.014702884601397459,-0.014702884601397459,-0.014702884601397459,0.014702884601397459
2017-03-16,-0.0001959236226640737,0.0,0.0,-0.0003040763773359263,-0.0001959236226640737,0.0,-0.0001959236226640737,0.00014294042432385896,-0.0001959236226640737,-0.0001959236226640737,-0.0001959236226640737,0.0001959236226640737
2017-03-17,-0.002740577895869567,0.0,0.0,0.002740577895869567,-0.0027405778958695666,0.0,-0.002740577895869567,0.001999449387478161,-0.0005,-0.002740577895869567,-0.002740577895869567,0.002740577895869567
2017-03-20,0.005661620477698137,0.0,0.0,-0.005661620477698137,0.005661620477698137,0.0,-0.0005,-0.00413056078914172,0.005161620477698137,0.005661620477698137,0.005661620477698137,-0.005661620477698137
2017-03-21,0.012369928868237068,0.0,0.0,-0.012369928868237068,0.012369928868237068,0.0,0.0,-0.009024755959690536,0.012369928868237068,0.012369928868237068,0.012369928868237066,-0.012369928868237068
2017-03-22,-0.004771430878101723,0.0,0.0,-0.0005,-0.004771430878101723,0.0,0.0,0.003481103223153532,-0.004771430878101723,-0.004771430878101723,-0.0047714308781017225,0.004771430878101723
2017-03-23,0.008904189759293302,0.0,0.0,0.0,0.008904189759293302,0.0,0.008404189759293301,-0.006496249125792274,0.008904189759293302,0.008904189759293302,0.0089041897592933,-0.008904189759293302
2017-03-24,-0.0029947938489698345,0.0,0.0,0.0,-0.0029947938489698345,0.0,-0.0029947938489698345,0.0021849182743430714,-0.0005,-0.0029947938489698345,-0.002994793848969834,0.0029947938489698345
2017-03-27,0.010350415468061036,0.0,0.0,0.0,0.010350415468061036,0.0,0.010350415468061036,-0.007551375167605916,0.0,0.010350415468061036,0.010350415468061036,-0.010350415468061036
2017-03-28,-0.030168933501435458,0.0,0.0,0.0,-0.030168933501435458,0.0,-0.030168933501435458,0.02201041455571361,0.0,-0.030168933501435458,-0.030168933501435454,0.030168933501435458
2017-03-29,-0.03826637184400372,0.0,0.0,0.03776637184400372,-0.03826637184400372,0.0,-0.03826637184400372,0.027918080292415166,0.03776637184400372,-0.03826637184400372,-0.03826637184400372,0.03826637184400372
2017-03-30,0.02049642427708387,0.0,0.0,-0.02049642427708387,-0.02149642427708387,0.0,-0.0005,-0.012798017144697466,-0.0005,0.02049642427708387,0.02049642427708387,-0.02049642427708387
2017-03-31,0.013438417186871443,0.0,0.0,-0.013438417186871443,0.012438417186871442,0.0,0.0,-0.008355641167872595,0.012938417186871443,0.013438417186871443,0.013438417186871441,-0.013438417186871443
2017-04-03,0.0068108290567386875,0.0,0.0,-0.0005,0.0068108290567386875,0.0,0.0,-0.004234787688346608,-0.007810829056738688,0.0068108290567386875,0.006810829056738687,-0.0068108290567386875
2017-04-04,-0.016654026145462186,0.0,0.0,0.0,-0.016654026145462186,0.0,0.0,0.010355019087202983,0.016654026145462186,-0.016654026145462186,-0.016654026145462183,0.016654026145462186
2017-04-05,0.003661653026394651,0.0,0.0,-0.004161653026394652,0.003661653026394651,0.0,0.0,-0.002276715951317423,-0.0005,0.003661653026394651,0.003661653026394651,-0.003661653026394651
2017-04-06,-0.024371300155131115,0.0,0.0,-0.0005,0.023371300155131114,0.0,0.0,0.015153409516839208,0.023871300155131114,-0.024371300155131115,-0.024371300155131115,0.024371300155131115
2017-04-07,0.006042402712874151,0.0,0.0,-0.006542402712874151,-0.006042402712874151,0.0,0.0,-0.003757001152626837,-0.006042402712874151,0.006042402712874151,0.006042402712874151,-0.006042402712874151
2017-04-10,-0.02564598983655153,0.0,0.0,0.02564598983655153,0.02564598983655153,0.0,0.0,0.015945976783521783,-0.02664598983655153,-0.02564598983655153,-0.02564598983655153,0.02564598983655153
2017-04-11,0.002222752187946875,0.0,0.0,-0.002222752187946875,-0.002222752187946875,0.0,-0.002722752187946875,-0.0013820466673509786,-0.003222752187946875,-0.003222752187946875,-0.003222752187946875,-0.002222752187946875
2017-04-12,0.0011136253983786704,0.0,0.0,-0.0011136253983786704,-0.0011136253983786704,0.0,-0.0011136253983786704,-0.0006924218897871275,-0.0011136253983786704,-0.0011136253983786704,-0.0011136253983786704,-0.0011136253983786704
2017-04-13,0.02676061627079862,0.0,0.0,-0.02676061627079862,-0.02676061627079862,0.0,-0.02676061627079862,-0.016639021090100736,0.02576061627079862,-0.02676061627079862,-0.02676061627079862,-0.02676061627079862
2017-04-17,-0.0024820105263865244,0.0,0.0,-0.0005,0.0024820105263865244,0.0,0.0024820105263865244,0.0015432464288747468,-0.0024820105263865244,0.0024820105263865244,0.0024820105263865244,0.0024820105263865244
2017-04-18,0.039047477468658,0.0,0.0,0.0,-0.039047477468658,0.0,-0.039047477468658,-0.02427865616178668,-0.040047477468658,-0.039047477468658,-0.039047477468658,-0.039047477468658
2017-04-19,0.020119318107608808,0.0,0.0,0.0,0.019119318107608807,-0.02061931810760881,-0.020119318107608808,-0.012509643086069264,0.019119318107608807,-0.020119318107608808,-0.020119318107608808,-0.020119318107608808
2017-04-20,0.0034561653477683807,0.0,0.0,0.0,0.0034561653477683807,-0.0034561653477683807,-0.0005,-0.0021489493190463525,0.0034561653477683807,-0.0034561653477683807,-0.0034561653477683807,-0.0034561653477683807
2017-04-21,0.0,0.0,0.0,0.0,0.0,0.0,0.0,0.0,0.0,0.0,0.0,0.0
2017-04-24,0.005712220972544868,0.0,0.0,0.0,0.005712220972544868,-0.005712220972544868,0.0,-0.0035517031548038167,0.005712220972544868,-0.005712220972544868,-0.005712220972544868,-0.005712220972544868
2017-04-25,-0.03098075584191795,0.0,0.0,0.0,-0.03098075584191795,0.03098075584191795,0.0,0.019262988737798248,0.02998075584191795,0.03098075584191795,0.03098075584191795,0.03098075584191795
2017-04-26,0.004775611683455527,0.0,0.0,-0.005275611683455528,-0.005775611683455527,-0.004775611683455527,0.0,-0.0026548243873741,-0.004775611683455527,-0.004775611683455527,0.0037756116834555273,-0.004775611683455527
2017-04-27,0.03379334235009668,0.0,0.0,-0.03379334235009668,-0.03379334235009668,-0.03379334235009668,0.0,-0.018525887316165515,-0.03379334235009668,-0.03379334235009668,0.03379334235009668,-0.03379334235009668
2017-04-28,-0.006621977390414369,0.0,0.0,-0.0005,-0.007621977390414369,0.006621977390414369,-0.007121977390414369,0.0036302418883008593,0.006621977390414369,0.006621977390414369,-0.006621977390414369,0.006621977390414369
2017-05-01,-0.0030839660326393847,0.0,0.0,0.0,-0.0030839660326393843,0.0030839660326393847,-0.0030839660326393847,0.0016906645875883837,-0.004083966032639385,0.0030839660326393847,-0.0030839660326393847,0.0030839660326393847
2017-05-02,0.00655848866683284,0.0,0.0,0.0,0.00655848866683284,-0.00655848866683284,0.00655848866683284,-0.003595436661675645,0.00655848866683284,-0.00655848866683284,0.00655848866683284,-0.00655848866683284
2017-05-03,-0.006808298896215259,0.0,0.0,0.0,-0.006808298896215259,0.006808298896215259,-0.006808298896215259,0.0037323854166114202,0.005808298896215259,-0.007808298896215259,-0.006808298896215259,0.006808298896215259
2017-05-04,0.018442724716716485,0.0,0.0,0.0,0.018442724716716485,-0.018442724716716485,0.018442724716716485,-0.01011050745928873,-0.018442724716716485,0.018442724716716485,0.018442724716716485,-0.018442724716716485
2017-05-05,-0.029019044657420556,0.0,0.0,0.0,-0.029019044657420556,0.029019044657420556,-0.029019044657420556,0.015908564053138417,-0.030019044657420557,-0.029019044657420556,-0.029019044657420556,0.029019044657420556
2017-05-08,-0.019476264638827567,0.0,0.0,0.018976264638827567,-0.019476264638827564,0.019476264638827567,-0.019476264638827567,0.010677105576024986,0.018476264638827566,-0.019476264638827567,-0.019476264638827567,0.019476264638827567
2017-05-09,-0.003980272416022057,0.0,0.0,0.003980272416022057,-0.003980272416022056,0.003980272416022057,-0.003980272416022057,0.0021820297472485892,0.003980272416022057,-0.003980272416022057,-0.003980272416022057,0.003980272416022057
2017-05-10,-0.015064244188565112,0.0,0.0,0.015064244188565112,-0.015064244188565112,0.015064244188565112,-0.015064244188565112,0.008258386739296892,0.015064244188565112,-0.015064244188565112,-0.015064244188565112,0.015064244188565112
2017-05-11,0.0027337322069124204,0.0,0.0,-0.0027337322069124204,0.0027337322069124204,0.0017337322069124203,0.0027337322069124204,-0.0014986624966881112,-0.0005,0.0027337322069124204,0.0027337322069124204,-0.0027337322069124204
2017-05-12,-0.007441013952150799,0.0,0.0,0.007441013952150799,-0.007441013952150799,-0.007441013952150799,-0.007441013952150799,0.004079246869617996,-0.0079410139521508,-0.007441013952150799,-0.007441013952150799,0.007441013952150799
2017-05-15,0.009329678174953115,0.0,0.0,-0.009329678174953115,0.009329678174953115,0.009329678174953115,-0.0005,-0.005114633668805349,0.009329678174953115,0.009329678174953115,0.009329678174953115,-0.009329678174953115
2017-05-16,0.0,0.0,0.0,-0.0005,0.0,0.0,0.0,0.0,0.0,0.0,0.0,0.0
2017-05-17,0.01530303928296528,0.0,0.0,0.0,0.01530303928296528,0.01530303928296528,0.0,-0.008389296874337085,-0.0005,0.01530303928296528,0.01530303928296528,-0.01530303928296528
2017-05-18,0.005379625816320566,0.0,0.0,0.0,0.005379625816320566,0.005379625816320566,-0.005879625816320566,-0.002949170894189595,-0.005879625816320566,0.005379625816320566,0.005379625816320566,-0.005379625816320566
2017-05-19,-0.024839613090599455,0.0,0.0,0.0,-0.024839613090599455,-0.024839613090599455,0.024839613090599455,0.013617353037358816,0.024839613090599455,0.023839613090599454,-0.02483961309059945,0.024839613090599455
2017-05-22,0.022282919390334,0.0,0.0,-0.022782919390334,0.022282919390334,0.022282919390334,-0.022282919390334,-0.012215745025272597,0.021282919390334,-0.022282919390334,0.022282919390334,-0.022282919390334
2017-05-23,0.0003998379675570485,0.0,0.0,-0.0005,0.0003998379675570485,0.0003998379675570485,-0.0003998379675570485,-0.00021919563489597622,-0.0005,-0.0003998379675570485,0.00039983796755704837,-0.0003998379675570485
2017-05-24,0.0025998892283615183,0.0,0.0,0.0,0.0025998892283615183,0.0025998892283615183,-0.0025998892283615183,-0.0014252882825306033,-0.0030998892283615183,-0.0025998892283615183,0.002599889228361518,-0.0025998892283615183
2017-05-25,0.04331277034691661,0.0,0.0,0.0,0.04331277034691661,0.04331277034691661,-0.04331277034691661,-0.02374454395439925,-0.04331277034691661,-0.04331277034691661,0.0433127703469166,-0.04331277034691661
2017-05-26,-0.010060833467365082,0.0,0.0,0.0,-0.010060833467365082,0.009060833467365081,0.010060833467365082,0.005515461157767932,-0.011060833467365083,0.010060833467365082,-0.01006083346736508,0.010060833467365082
2017-05-30,0.013073082416877546,0.0,0.0,0.0,0.013073082416877546,-0.013073082416877546,-0.013073082416877546,-0.0071668096402226775,-0.0005,-0.013073082416877546,0.013073082416877544,-0.013073082416877546
2017-05-31,0.01682086894292323,0.0,0.0,0.0,0.01682086894292323,-0.01682086894292323,-0.0005,-0.009221388028689395,0.016320868942923228,0.015820868942923227,0.01682086894292323,-0.01682086894292323
2017-06-01,-0.011548269535651245,0.0,0.0,0.0,-0.011548269535651245,0.011548269535651245,0.0,0.006330890206057702,0.010548269535651245,-0.011548269535651245,-0.011548269535651245,0.011548269535651245
2017-06-02,0.006553876211839227,0.0,0.0,-0.007053876211839227,0.006553876211839227,-0.006553876211839227,0.0,-0.003592908062385959,-0.0005,0.006553876211839227,0.006553876211839227,-0.006553876211839227
2017-06-05,0.00553285569749673,0.0,0.0,-0.0005,0.00553285569749673,-0.00553285569749673,0.0,-0.003033173224670259,0.00503285569749673,0.00553285569749673,0.00553285569749673,-0.00553285569749673
2017-06-06,-0.028032810210105952,0.0,0.0,0.0,-0.028032810210105952,0.028032810210105952,0.0,0.015367899325483301,-0.0005,-0.028032810210105952,-0.028032810210105952,0.028032810210105952
2017-06-07,0.026227808440511313,0.0,0.0,-0.026727808440511314,0.026227808440511313,-0.026227808440511313,0.025727808440511313,-0.014378377216585008,-0.026727808440511314,0.026227808440511313,0.026227808440511313,-0.026227808440511313
2017-06-08,-0.004702735262904545,0.0,0.0,-0.0005,-0.004702735262904545,0.004702735262904545,-0.004702735262904545,0.0025780919405883613,-0.005702735262904545,-0.004702735262904545,-0.004702735262904545,0.004702735262904545
2017-06-09,-0.028510694713873574,0.0,0.0,0.028010694713873574,-0.028510694713873574,0.028510694713873574,-0.028510694713873574,0.01562988094231249,-0.028510694713873574,-0.028510694713873574,-0.028510694713873574,0.028510694713873574
2017-06-12,-0.0016549353332411254,0.0,0.0,0.0016549353332411254,-0.0016549353332411254,0.0016549353332411254,-0.0005,0.000907254014164663,0.0006549353332411254,-0.0016549353332411254,-0.0016549353332411254,0.0016549353332411254
2017-06-13,-0.016522110777111187,0.0,0.0,0.016522110777111187,-0.016522110777111184,0.016522110777111187,0.0,0.00905760546887988,0.016522110777111187,-0.016522110777111187,-0.016522110777111187,0.016522110777111187
2017-06-14,-0.031475352786712096,0.0,0.0,-0.030475352786712095,0.030475352786712095,-0.030475352786712095,0.0,-0.01670692841796999,-0.030475352786712095,0.030475352786712095,0.030475352786712095,-0.030475352786712095
2017-06-15,-0.002676335116803651,0.0,0.0,-0.002676335116803651,-0.001676335116803651,0.001676335116803651,0.0,0.000918985614275788,-0.002676335116803651,-0.001676335116803651,-0.001676335116803651,0.001676335116803651
2017-06-16,-0.03640168452334014,0.0,0.0,0.03540168452334014,-0.03640168452334014,0.03640168452334014,0.0,0.019955809597391787,-0.03640168452334014,-0.03640168452334014,-0.03640168452334014,0.03640168452334014
2017-06-19,0.004651870427848538,0.0,0.0,0.005651870427848538,-0.005651870427848537,-0.006651870427848538,0.0,0.0030984184277229577,-0.005651870427848538,-0.005651870427848538,-0.005651870427848538,0.005651870427848538
2017-06-20,-0.04215152850104864,0.0,0.0,-0.04215152850104864,0.04215152850104864,0.04215152850104864,0.0,-0.02310793821826068,0.04215152850104864,0.04215152850104864,0.04215152850104864,-0.04215152850104864
2017-06-21,0.042168657062300774,0.0,0.0,0.042168657062300774,0.043168657062300775,0.043168657062300775,-0.043668657062300775,-0.023665539443868858,-0.044168657062300776,0.043168657062300775,0.043168657062300775,-0.043168657062300775
2017-06-22,0.000657026798971172,0.0,0.0,0.000657026798971172,0.0006570267989711718,-0.001657026798971172,-0.0005,-0.00034929827493865534,-0.000342973201028828,0.000657026798971172,0.000657026798971172,-0.000657026798971172
2017-06-23,-0.009862094378168651,0.0,0.0,-0.009862094378168651,-0.009862094378168651,0.009862094378168651,0.0,0.004722489871716506,-0.009862094378168651,-0.009862094378168651,-0.009862094378168651,0.009862094378168651
2017-06-26,-0.002821270788137653,0.0,0.0,-0.002821270788137653,-0.002821270788137653,0.002821270788137653,0.0,0.0013509729486916363,0.001821270788137653,-0.002821270788137653,-0.002821270788137653,0.002821270788137653
2017-06-27,0.0,0.0,0.0,0.0,0.0,0.0,0.0,0.0,0.0,0.0,0.0,0.0
2017-06-28,-0.02012540396740148,0.0,0.0,-0.02012540396740148,-0.02012540396740148,0.02012540396740148,-0.02062540396740148,0.009637102704132261,0.02012540396740148,-0.02012540396740148,-0.02012540396740148,0.02012540396740148
2017-06-29,-0.006575811817998822,0.0,0.0,0.005575811817998822,-0.006575811817998822,0.006575811817998822,-0.006575811817998822,0.003148844811053185,0.006575811817998822,-0.006575811817998822,-0.006575811817998822,0.006575811817998822
2017-06-30,0.00911616781323732,0.0,0.0,0.01011616781323732,-0.01011616781323732,0.01011616781323732,-0.01011616781323732,0.004844153605379418,0.01011616781323732,-0.01011616781323732,-0.01011616781323732,0.01011616781323732
2017-07-03,0.029209717576707872,0.0,0.0,0.029209717576707872,-0.029209717576707872,0.029209717576707872,-0.0005,0.01398715020584886,0.029209717576707872,-0.029209717576707872,-0.029209717576707872,0.029209717576707872
2017-07-05,-0.034056751407020025,0.0,0.0,-0.034056751407020025,0.034056751407020025,-0.034056751407020025,0.0,-0.016308165123551058,0.033056751407020024,0.034056751407020025,0.034056751407020025,-0.034056751407020025
2017-07-06,-0.039454043634067903,0.0,0.0,0.0384540436340679,0.039454043634067903,-0.039454043634067903,0.0,-0.018892672724020905,0.039454043634067903,0.039454043634067903,0.039454043634067903,-0.039454043634067903
2017-07-07,0.013420056841526251,0.0,0.0,0.014420056841526252,0.014420056841526252,-0.014420056841526252,0.0,-0.006905082203880679,-0.015420056841526253,0.014420056841526252,0.014420056841526252,-0.014420056841526252
2017-07-10,-0.044336039275640005,0.0,0.0,-0.044336039275640005,-0.044336039275640005,0.044336039275640005,0.0,0.021230429197141337,0.044336039275640005,-0.044336039275640005,-0.044336039275640005,0.044336039275640005
2017-07-11,-0.0019101026989478687,0.0,0.0,0.0009101026989478686,-0.0019101026989478687,0.0019101026989478687,0.0,0.0009146577089839947,-0.0029101026989478687,-0.0019101026989478687,-0.0019101026989478687,0.0019101026989478687
2017-07-12,-0.00805101182997836,0.0,0.0,0.00805101182997836,-0.00805101182997836,0.00805101182997836,-0.008551011829978361,0.003855248222761673,0.007051011829978361,-0.00805101182997836,-0.00805101182997836,0.00805101182997836
2017-07-13,-0.013871505048498545,0.0,0.0,0.013871505048498545,-0.013871505048498545,0.013871505048498545,-0.013871505048498545,0.006642406732794147,0.013871505048498545,-0.013871505048498545,-0.013871505048498545,0.013871505048498545
2017-07-14,-0.006633463107100113,0.0,0.0,0.006633463107100113,-0.006633463107100113,0.006633463107100113,-0.0005,0.003176451282704372,0.006633463107100113,-0.006633463107100113,-0.006633463107100113,0.006633463107100113
2017-07-17,-0.0024709563119000855,0.0,0.0,0.0024709563119000855,-0.0024709563119000855,0.0024709563119000855,0.0,0.0011832239389468328,-0.0034709563119000855,-0.0024709563119000855,-0.0024709563119000855,0.0024709563119000855
2017-07-18,0.019515199839094333,0.0,0.0,-0.019515199839094333,0.019515199839094333,-0.019515199839094333,0.0,-0.009344904849892581,0.019515199839094333,0.019515199839094333,0.019515199839094333,-0.019515199839094333
2017-07-19,-0.05012659170679323,0.0,0.0,-0.051126591706793234,-0.05012659170679323,0.05012659170679323,0.0,0.024003250482273118,-0.05012659170679323,-0.05012659170679323,-0.050126591706793226,0.05012659170679323
2017-07-20,0.010228593493299853,0.0,0.0,-0.011228593493299854,0.010228593493299853,0.009228593493299853,0.0,-0.004897988938429105,0.010228593493299853,0.010228593493299853,0.010228593493299853,-0.010228593493299853
2017-07-21,0.019047702027749525,0.0,0.0,-0.019047702027749525,0.019047702027749525,0.019047702027749525,-0.019547702027749525,-0.009121042291447317,0.019047702027749525,0.019047702027749525,0.019047702027749525,-0.019047702027749525
2017-07-24,0.009295464062635372,0.0,0.0,0.008295464062635372,0.009295464062635372,0.009295464062635372,-0.009295464062635372,-0.004451157452505736,-0.010295464062635373,0.009295464062635372,0.009295464062635372,-0.009295464062635372
2017-07-25,-0.018765360862793123,0.0,0.0,-0.018765360862793123,-0.018765360862793123,-0.018765360862793123,0.018765360862793123,0.008985842480864805,-0.019765360862793124,-0.018765360862793123,-0.018765360862793123,0.018765360862793123
2017-07-26,0.0,0.0,0.0,-0.001,0.0,0.0,0.0,0.0,0.0,0.0,0.0,0.0
2017-07-27,-0.027834836865283652,0.0,0.0,-0.028834836865283653,-0.027834836865283652,-0.027834836865283652,0.027834836865283652,0.013328784955472402,-0.027834836865283652,-0.027834836865283652,-0.027834836865283652,0.027834836865283652
2017-07-28,0.004181513833840023,0.0,0.0,-0.005181513833840023,0.004181513833840023,0.004181513833840023,-0.004181513833840023,-0.0020023289142786452,0.004181513833840023,0.004181513833840023,0.004181513833840023,-0.004181513833840023
2017-07-31,0.01059786110659744,0.0,0.0,-0.01059786110659744,0.01059786110659744,0.01059786110659744,-0.01059786110659744,-0.005074813707781455,0.01059786110659744,-0.01159786110659744,0.01059786110659744,-0.01059786110659744
2017-08-01,0.016572554061696443,0.0,0.0,0.015572554061696442,0.016572554061696443,0.016572554061696443,-0.016572554061696443,-0.007935811167867665,0.016572554061696443,-0.016572554061696443,0.016572554061696443,-0.016572554061696443
2017-08-02,0.0154130768945131,0.0,0.0,0.0154130768945131,0.0154130768945131,0.0154130768945131,-0.0154130768945131,-0.007380592472066999,0.0154130768945131,-0.0154130768945131,0.0154130768945131,-0.0154130768945131
2017-08-03,0.08035898769576011,0.0,0.0,0.08035898769576011,0.0803589876957601,0.08035898769576011,-0.08035898769576011,-0.03848011293977182,-0.08135898769576011,-0.08035898769576011,0.08035898769576011,-0.08035898769576011
2017-08-04,-0.026327637648756452,0.0,0.0,-0.026327637648756452,-0.026327637648756452,0.02532763764875645,0.026327637648756452,0.010837271672525526,0.026327637648756452,-0.027327637648756453,-0.026327637648756452,0.026327637648756452
2017-08-07,0.01835495186258962,0.0,0.0,0.01835495186258962,0.01835495186258962,-0.01835495186258962,-0.01835495186258962,-0.0075784629663598144,0.017354951862589618,0.01835495186258962,0.01835495186258962,-0.01835495186258962
2017-08-08,0.006082124737376904,0.0,0.0,0.006082124737376904,0.006082124737376904,-0.006082124737376904,-0.0005,-0.0025112110031155757,0.006082124737376904,0.006082124737376904,0.006082124737376904,-0.006082124737376904
2017-08-09,0.012239343710472972,0.0,0.0,0.012239343710472972,0.012239343710472972,-0.012239343710472972,0.0,-0.0050534272024662175,0.012239343710472972,0.012239343710472972,0.01223934371047297,-0.012239343710472972
2017-08-10,0.022258061905563786,0.0,0.0,0.022258061905563786,0.022258061905563783,-0.022258061905563786,0.021758061905563786,-0.009189994019982177,0.022258061905563786,0.022258061905563786,-0.023258061905563787,-0.022258061905563786
2017-08-11,0.005163135910309258,0.0,0.0,0.005163135910309258,0.005163135910309258,-0.005163135910309258,0.005163135910309258,-0.0021317753693656754,0.005163135910309258,0.005163135910309258,-0.005163135910309258,-0.005163135910309258
2017-08-14,0.019344085657530985,0.0,0.0,0.019344085657530985,0.019344085657530985,-0.019344085657530985,0.019344085657530985,-0.007986860323642804,0.019344085657530985,0.019344085657530985,-0.019344085657530985,-0.019344085657530985
2017-08-15,0.0007213771225246246,0.0,0.0,0.0007213771225246246,0.0007213771225246246,-0.0007213771225246246,0.0007213771225246246,-0.0002978449547979784,0.0007213771225246246,0.0007213771225246246,-0.0007213771225246246,-0.0007213771225246246
2017-08-16,0.021907106036180513,0.0,0.0,0.021907106036180513,0.021907106036180513,-0.021907106036180513,0.021907106036180513,-0.009045090013757641,0.021907106036180513,0.021907106036180513,-0.021907106036180513,-0.021907106036180513
2017-08-17,0.01821266311906289,0.0,0.0,0.01821266311906289,0.01821266311906289,-0.01821266311906289,0.01821266311906289,-0.007519714243866839,0.01821266311906289,0.01821266311906289,-0.01821266311906289,-0.01821266311906289
2017-08-18,-0.010528673699468305,0.0,0.0,-0.010528673699468305,-0.010528673699468305,0.010528673699468305,-0.010528673699468305,0.004347119203234443,-0.010528673699468305,-0.010528673699468305,0.010528673699468305,0.010528673699468305
2017-08-21,0.019598015215181452,0.0,0.0,0.019598015215181452,0.019598015215181452,-0.019598015215181452,0.019598015215181452,-0.008091703733918395,0.019598015215181452,0.019598015215181452,0.018598015215181448,-0.019598015215181452
2017-08-22,-0.009362526446942798,0.0,0.0,-0.009362526446942798,-0.009362526446942798,0.009362526446942798,-0.009362526446942798,0.0038656358502544073,-0.009362526446942798,-0.009362526446942798,0.008362526446942797,0.009362526446942798
2017-08-23,-0.008774086514337531,0.0,0.0,-0.008774086514337531,-0.008774086514337531,0.008774086514337531,-0.008774086514337531,0.003622678512607262,-0.008774086514337531,-0.008774086514337531,-0.009774086514337529,0.008774086514337531
2017-08-24,0.005218638896517747,0.0,0.0,0.005218638896517747,0.005218638896517747,-0.005218638896517747,0.005218638896517747,-0.0021546916553168644,0.005218638896517747,0.005218638896517747,0.005218638896517746,-0.005218638896517747
2017-08-25,-0.0007493705058438938,0.0,0.0,-0.0007493705058438938,-0.0007493705058438938,0.0007493705058438938,-0.0007493705058438938,0.0003094029703338614,-0.0007493705058438938,-0.0007493705058438938,-0.00025062949415610627,0.0007493705058438938
2017-08-28,0.017723289068878656,0.0,0.0,-0.018723289068878657,0.017723289068878656,-0.017723289068878656,0.017723289068878656,-0.007317659607941716,0.017723289068878656,0.017723289068878656,-0.017723289068878656,-0.017723289068878656
2017-08-29,0.012198473603911353,0.0,0.0,0.011198473603911352,0.012198473603911353,-0.012198473603911353,0.012198473603911353,-0.005036552596020656,0.012198473603911353,0.012198473603911353,-0.012198473603911353,-0.012198473603911353
2017-08-30,0.012863313374598118,0.0,0.0,0.012863313374598118,0.012863313374598118,-0.012863313374598118,0.012863313374598118,-0.0053110541920167766,0.012863313374598118,0.012863313374598118,-0.012863313374598118,-0.012863313374598118
2017-08-31,-0.012249080823157676,0.0,0.0,-0.012249080823157676,-0.012249080823157676,0.012249080823157676,-0.012249080823157676,0.005057447498919879,-0.012249080823157676,-0.012249080823157676,0.012249080823157676,0.012249080823157676
2017-09-01,-0.016477664057362285,0.0,0.0,-0.016477664057362285,-0.016477664057362285,0.016477664057362285,-0.016477664057362285,0.00680336117281542,-0.016477664057362285,-0.016477664057362285,-0.017477664057362282,0.016477664057362285
2017-09-05,0.0015194371456094258,0.0,0.0,-0.002519437145609426,0.0015194371456094258,-0.0015194371456094258,0.0015194371456094258,-0.0006273510398674452,0.0015194371456094258,0.0015194371456094258,0.0015194371456094256,-0.0015194371456094258
2017-09-06,-0.018011278949039866,0.0,0.0,0.018011278949039866,-0.018011278949039866,0.018011278949039866,-0.018011278949039866,0.007436565974889835,-0.018011278949039866,-0.018011278949039866,-0.018011278949039863,0.018011278949039866
2017-09-07,-0.014951025243429283,0.0,0.0,0.014951025243429283,-0.014951025243429283,0.014951025243429283,-0.014951025243429283,0.006173036680492484,-0.014951025243429283,-0.014951025243429283,-0.014951025243429282,0.014951025243429283
2017-09-08,0.0351087977142065,0.0,0.0,-0.0351087977142065,0.0351087977142065,0.034108797714206496,0.0351087977142065,-0.014495855138297993,-0.0361087977142065,0.0351087977142065,0.03510879771420649,-0.0351087977142065
2017-09-11,-0.011704558460280845,0.0,0.0,-0.012704558460280846,-0.011704558460280845,-0.011704558460280845,-0.011704558460280845,0.004832623016005948,-0.0005,-0.011704558460280845,-0.011704558460280843,0.011704558460280845
2017-09-12,-0.019114469556367197,0.0,0.0,0.018114469556367196,-0.019114469556367197,-0.019114469556367197,-0.019114469556367197,0.007892055546589895,0.018614469556367197,-0.019114469556367197,-0.019114469556367197,0.019114469556367197
2017-09-13,-0.044916079461159164,0.0,0.0,0.044916079461159164,-0.044916079461159164,-0.044916079461159164,-0.044916079461159164,0.018545123263670856,0.044916079461159164,-0.044916079461159164,-0.044916079461159164,0.044916079461159164
2017-09-14,0.002833945361770729,0.0,0.0,-0.002833945361770729,0.0028339453617707284,0.002833945361770729,0.002833945361770729,-0.0011700902368826233,0.0018339453617707288,0.002833945361770729,0.0028339453617707284,-0.002833945361770729
2017-09-15,-0.007105685166058251,0.0,0.0,0.007105685166058251,-0.007105685166058251,-0.007105685166058251,-0.0005,0.002933822561057224,-0.007105685166058251,-0.007105685166058251,-0.00710568516605825,0.007105685166058251
2017-09-18,0.005174176521023588,0.0,0.0,-0.005174176521023588,0.005174176521023588,0.005174176521023588,0.0,-0.0021363338590882817,0.005174176521023588,0.005174176521023588,0.005174176521023587,-0.005174176521023588
2017-09-19,0.01300226281243877,0.0,0.0,-0.01300226281243877,0.01300226281243877,0.01300226281243877,0.0,-0.0053684241691627325,0.01300226281243877,0.01300226281243877,0.01300226281243877,-0.01300226281243877
2017-09-20,-0.031137394717550615,0.0,0.0,0.031137394717550615,-0.03113739471755061,-0.031137394717550615,0.0,0.012856127027869665,-0.0005,-0.031137394717550615,-0.031137394717550615,0.031137394717550615
2017-09-21,-0.007201107251462391,0.0,0.0,0.007201107251462391,-0.007201107251462391,-0.007201107251462391,0.0,0.0029732207978830044,-0.007701107251462391,-0.007201107251462391,-0.007201107251462391,0.007201107251462391
2017-09-22,-0.004842850266521648,0.0,0.0,0.004842850266521648,-0.004842850266521647,-0.004842850266521648,0.0,0.0019995346035890957,-0.004842850266521648,-0.004842850266521648,-0.004842850266521648,0.004842850266521648
2017-09-25,-0.03419807450236978,0.0,0.0,0.03419807450236978,-0.03419807450236977,-0.03419807450236978,0.0,0.014119832243485831,-0.03419807450236978,-0.03419807450236978,-0.03419807450236978,0.03419807450236978
2017-09-26,-0.019973508468219547,0.0,0.0,0.019973508468219547,-0.019973508468219547,-0.019973508468219547,0.0,0.008246738829274167,-0.019973508468219547,-0.019973508468219547,-0.019973508468219547,0.019973508468219547
2017-09-27,-0.006527144524327788,0.0,0.0,0.006527144524327788,-0.006527144524327788,-0.006527144524327788,0.0,0.0026949524806172656,-0.006527144524327788,-0.006527144524327788,-0.006527144524327788,0.006527144524327788
2017-09-28,0.009943880686799744,0.0,0.0,-0.009943880686799744,0.009943880686799744,0.009943880686799744,0.0,-0.004105667619886656,-0.0005,0.009943880686799744,0.009943880686799744,-0.009943880686799744
2017-09-29,0.0,0.0,0.0,0.0,0.0,0.0,0.0,0.0,-0.0005,0.0,0.0,0.0
2017-10-02,0.0017463225695657503,0.0,0.0,-0.0017463225695657503,0.0017463225695657503,0.0017463225695657503,0.0,-0.0007210283644353378,-0.0027463225695657503,0.0017463225695657503,0.0017463225695657503,-0.0017463225695657503
2017-10-03,0.006124353639075153,0.0,0.0,-0.006124353639075153,0.006124353639075153,0.006124353639075153,0.0,-0.002528646634111836,-0.0005,0.006124353639075153,0.006124353639075153,-0.006124353639075153
2017-10-04,0.006602264718099993,0.0,0.0,0.005602264718099993,0.006602264718099992,0.006602264718099993,0.0,-0.0027259683945128907,0.006102264718099992,0.006602264718099993,0.006602264718099993,-0.006602264718099993
2017-10-05,-0.015064465363031854,0.0,0.0,-0.015064465363031854,-0.015064465363031854,-0.015064465363031854,0.0,0.006899006030922478,-0.015064465363031854,-0.015064465363031854,-0.015064465363031854,0.015064465363031854
2017-10-06,0.014186007180044369,0.0,0.0,-0.01518600718004437,-0.01518600718004437,0.014186007180044369,0.0,-0.006518657580630688,-0.0005,0.014186007180044369,0.014186007180044369,-0.014186007180044369
2017-10-09,-0.015054243943781964,0.0,0.0,-0.016054243943781965,-0.016054243943781965,-0.015054243943781964,0.0,0.006917623835891151,-0.015554243943781965,-0.015054243943781964,-0.015054243943781964,0.015054243943781964
2017-10-10,-0.0749370722001359,0.0,0.0,-0.0749370722001359,-0.07493707220013589,0.0739370722001359,0.0,-0.03397506078137675,0.0739370722001359,0.0739370722001359,0.07393707220013589,-0.0739370722001359
2017-10-11,0.010775267705058544,0.0,0.0,0.010775267705058544,-0.011775267705058545,-0.012775267705058546,0.0,-0.0054108909656773166,-0.0005,0.011775267705058545,0.011775267705058545,-0.011775267705058545
2017-10-12,0.013107848359178775,0.0,0.0,0.013107848359178775,-0.013107848359178775,-0.013107848359178775,0.012607848359178775,-0.006023229368762452,0.0,0.013107848359178775,0.013107848359178775,-0.013107848359178775
2017-10-13,-0.004588357439671453,0.0,0.0,-0.004588357439671453,-0.005588357439671453,0.004588357439671453,-0.004588357439671453,0.0021084108182908724,-0.005088357439671454,-0.004588357439671453,-0.004588357439671453,0.004588357439671453
2017-10-16,-0.027163188758211332,0.0,0.0,-0.027163188758211332,-0.027163188758211332,0.027163188758211332,-0.027163188758211332,0.012481843838476246,-0.027163188758211332,-0.027163188758211332,0.02616318875821133,0.027163188758211332
2017-10-17,-0.0007019068847251564,0.0,0.0,-0.00029809311527484363,-0.00029809311527484363,0.0007019068847251564,-0.0007019068847251564,0.00032253547999375827,-0.0005,-0.0007019068847251564,0.0007019068847251564,0.0007019068847251564
2017-10-18,0.0025724559655602164,0.0,0.0,0.0015724559655602164,-0.0025724559655602164,-0.0025724559655602164,0.0025724559655602164,-0.001182077477327577,-0.0030724559655602164,0.0025724559655602164,-0.0025724559655602164,-0.0025724559655602164
2017-10-19,0.01172303594120383,0.0,0.0,-0.01272303594120383,-0.01172303594120383,-0.01172303594120383,0.01172303594120383,-0.005386889780630673,0.010723035941203829,0.01172303594120383,0.010723035941203829,-0.01172303594120383
2017-10-20,0.008830607576794769,0.0,0.0,0.007830607576794768,0.007830607576794768,-0.008830607576794769,0.008830607576794769,-0.0040577807618075645,0.008830607576794769,0.008830607576794769,0.008830607576794769,-0.008830607576794769
2017-10-23,0.029617042653120818,0.0,0.0,0.029617042653120818,0.029617042653120814,-0.029617042653120818,0.029617042653120818,-0.013609422098574225,-0.0005,0.029617042653120818,0.029617042653120818,-0.029617042653120818
2017-10-24,0.003970194759414403,0.0,0.0,0.003970194759414403,0.003970194759414403,-0.003970194759414403,0.003970194759414403,-0.0018243569058278163,0.0034701947594144027,0.003970194759414403,0.003970194759414403,-0.003970194759414403
2017-10-25,0.015695036145777608,0.0,0.0,0.015695036145777608,0.015695036145777608,-0.015695036145777608,0.015695036145777608,-0.007212076312344421,0.015695036145777608,0.015695036145777608,0.015695036145777608,-0.015695036145777608
2017-10-26,-0.0020247283795336024,0.0,0.0,-0.0020247283795336024,-0.0020247283795336024,0.0020247283795336024,-0.0020247283795336024,0.0009303894205362673,-0.0020247283795336024,-0.0020247283795336024,-0.0020247283795336024,0.0020247283795336024
2017-10-27,-0.02904788711071382,0.0,0.0,-0.02904788711071382,-0.02904788711071382,0.02904788711071382,-0.02904788711071382,0.013347887612937672,-0.02904788711071382,-0.02904788711071382,-0.02904788711071382,0.02904788711071382
2017-10-30,-0.0017183994047313966,0.0,0.0,0.0007183994047313966,-0.0017183994047313966,0.0017183994047313966,-0.0017183994047313966,0.0007896272125084703,-0.0005,-0.0017183994047313966,-0.0017183994047313966,0.0017183994047313966
2017-10-31,-0.013721965041128215,0.0,0.0,0.013721965041128215,-0.013721965041128215,0.013721965041128215,-0.013721965041128215,0.0063054240915885375,-0.014221965041128215,-0.013721965041128215,-0.013721965041128215,0.013721965041128215
2017-11-01,-0.020787843334970635,0.0,0.0,0.020787843334970635,-0.020787843334970635,0.020787843334970635,-0.0005,0.009552288450205454,-0.020787843334970635,-0.020787843334970635,-0.020787843334970635,0.020787843334970635
2017-11-02,-0.014023787518021136,0.0,0.0,-0.013023787518021135,0.013023787518021133,-0.013023787518021135,0.0,-0.005984602302492721,0.013023787518021135,0.013023787518021135,0.013023787518021135,-0.013023787518021135
2017-11-03,-0.026671589991082656,0.0,0.0,0.025671589991082655,-0.025671589991082655,0.025671589991082655,0.0,0.013004549334327159,-0.025671589991082655,-0.025671589991082655,-0.025671589991082655,0.025671589991082655
2017-11-06,0.06894168904606734,0.0,0.0,0.06994168904606735,-0.06994168904606733,0.06994168904606735,0.0,0.03549599295493237,-0.0005,-0.06994168904606735,-0.06994168904606735,0.06994168904606735
2017-11-07,-0.01202457582138583,0.0,0.0,-0.01202457582138583,-0.013024575821385831,0.01102457582138583,0.0,-0.005502554082549936,0.0,0.01202457582138583,0.01202457582138583,-0.01202457582138583
2017-11-08,0.014047601496916973,0.0,0.0,-0.015047601496916974,-0.015047601496916974,0.015047601496916974,0.0,-0.006853341101799835,0.014547601496916973,0.015047601496916974,0.015047601496916972,-0.015047601496916974
2017-11-09,-0.01640061705569651,0.0,0.0,0.01640061705569651,0.01640061705569651,-0.01640061705569651,0.0,0.007469564035551656,-0.01640061705569651,-0.01640061705569651,-0.01640061705569651,0.01640061705569651
2017-11-10,0.02453565766535082,0.0,0.0,-0.02453565766535082,-0.02453565766535082,0.02453565766535082,0.0,-0.011174620166017196,0.02453565766535082,0.02453565766535082,0.02453565766535082,-0.02453565766535082
2017-11-13,0.01450272011704734,0.0,0.0,0.01350272011704734,-0.01450272011704734,0.01450272011704734,0.0,-0.0066051781000728785,0.01450272011704734,0.01450272011704734,0.01450272011704734,-0.01450272011704734
2017-11-14,0.03701983447181312,0.0,0.0,0.03701983447181312,-0.03701983447181311,0.03701983447181312,-0.03751983447181312,-0.016860464654083543,0.03701983447181312,0.03701983447181312,0.03701983447181312,-0.03701983447181312
2017-11-15,0.020296174519487065,0.0,0.0,0.020296174519487065,-0.020296174519487065,0.020296174519487065,-0.0005,-0.00924377264191918,0.020296174519487065,0.020296174519487065,0.020296174519487065,-0.020296174519487065
2017-11-16,0.013161344664505692,0.0,0.0,0.013161344664505692,-0.013161344664505692,-0.014161344664505693,0.0,-0.005994256583860974,-0.0005,0.013161344664505692,0.013161344664505692,-0.013161344664505692
2017-11-17,-0.017041491145301846,0.0,0.0,-0.017041491145301846,0.017041491145301846,0.017041491145301846,-0.017541491145301846,0.007761446349172912,-0.017541491145301846,-0.017041491145301846,-0.017041491145301846,0.017041491145301846
2017-11-20,0.0026714066076553022,0.0,0.0,0.0026714066076553022,-0.0026714066076553022,-0.0026714066076553022,0.0026714066076553022,-0.0012166763392567775,-0.0005,0.0026714066076553022,0.0026714066076553022,-0.0026714066076553022
2017-11-21,-0.009009188101926524,0.0,0.0,-0.009009188101926524,0.009009188101926524,0.009009188101926524,-0.009009188101926524,0.004103181435621438,-0.009509188101926525,-0.009009188101926524,-0.009009188101926524,0.009009188101926524
2017-11-22,-0.0024130089471743332,0.0,0.0,-0.0024130089471743332,0.0024130089471743332,0.0024130089471743332,-0.0024130089471743332,0.0010989906530996865,0.0014130089471743332,-0.0024130089471743332,-0.0024130089471743332,0.0024130089471743332
2017-11-24,0.009629263860998605,0.0,0.0,-0.010629263860998606,-0.009629263860998605,-0.009629263860998605,0.009629263860998605,-0.004385591272614337,0.008629263860998604,0.009629263860998605,0.009629263860998605,-0.009629263860998605
2017-11-27,0.031113171928814465,0.0,0.0,0.030113171928814464,-0.031113171928814465,-0.031113171928814465,0.031113171928814465,-0.014170310134196236,-0.032113171928814466,0.031113171928814465,0.031113171928814465,-0.031113171928814465
2017-11-28,-0.010285966000044722,0.0,0.0,-0.010285966000044722,0.010285966000044722,0.010285966000044722,-0.010285966000044722,0.004684682377737418,0.010285966000044722,-0.010285966000044722,-0.010285966000044722,0.010285966000044722
2017-11-29,-0.011671517375970497,0.0,0.0,-0.011671517375970497,0.011671517375970497,0.011671517375970497,-0.011671517375970497,0.005315723556973388,-0.0005,-0.011671517375970497,-0.011671517375970495,0.011671517375970497
2017-11-30,-0.026754784393156372,0.0,0.0,0.02575478439315637,0.02675478439315637,0.026754784393156372,-0.026754784393156372,0.012185308309033766,0.0,-0.026754784393156372,-0.02675478439315637,0.026754784393156372
2017-12-01,-0.05713633251173489,0.0,0.0,0.05713633251173489,0.05713633251173488,0.05713633251173489,-0.05713633251173489,0.026022404706092375,-0.05763633251173489,-0.05713633251173489,-0.05713633251173488,0.05713633251173489
2017-12-04,0.022840942401200937,0.0,0.0,-0.022840942401200937,-0.022840942401200937,0.021840942401200936,-0.0005,-0.01040277212245852,0.022840942401200937,0.022840942401200937,0.022840942401200933,-0.022840942401200937
2017-12-05,0.02453087312898594,0.0,0.0,-0.02453087312898594,-0.02453087312898594,0.02453087312898594,0.0,-0.01117244107722825,0.02453087312898594,0.02453087312898594,0.02453087312898594,-0.02453087312898594
2017-12-06,0.03748539848075838,0.0,0.0,0.03648539848075838,-0.03748539848075838,0.03748539848075838,0.0,-0.0170725030283505,0.03748539848075838,0.03748539848075838,0.03748539848075838,-0.03748539848075838
2017-12-07,-0.001479136889591226,0.0,0.0,-0.001479136889591226,0.001479136889591226,-0.001479136889591226,0.0,0.0005686608639966429,-0.001479136889591226,-0.001479136889591226,-0.001479136889591226,0.001479136889591226
2017-12-08,-0.0017229336823014751,0.0,0.0,-0.0017229336823014751,-0.002722933682301475,-0.0017229336823014751,-0.002222933682301475,0.0007027216300029646,-0.0017229336823014751,-0.0017229336823014751,-0.0017229336823014751,0.0017229336823014751
2017-12-11,0.012530908666108398,0.0,0.0,0.012530908666108398,0.012530908666108398,0.012530908666108398,0.012530908666108398,-0.005148548788217632,0.012530908666108398,0.012530908666108398,0.012530908666108398,-0.012530908666108398
2017-12-12,0.011694271202842277,0.0,0.0,0.011694271202842277,0.011694271202842275,0.011694271202842277,0.011694271202842277,-0.004818133711029323,-0.012694271202842278,0.011694271202842277,0.011694271202842277,-0.011694271202842277
2017-12-13,-0.0020138421952020646,0.0,0.0,-0.0020138421952020646,-0.0020138421952020646,-0.0020138421952020646,-0.0020138421952020646,0.0008486861706045434,-0.0030138421952020647,-0.0020138421952020646,-0.0020138421952020646,0.0020138421952020646
2017-12-14,0.009547415162327266,0.0,0.0,0.009547415162327266,0.009547415162327266,0.009547415162327266,0.009547415162327266,-0.004053245345685768,-0.010547415162327267,0.009547415162327266,0.009547415162327266,-0.009547415162327266
2017-12-15,-0.0012678417213554116,0.0,0.0,-0.0012678417213554116,-0.0012678417213554116,-0.0012678417213554116,-0.0012678417213554116,0.0005380472837585047,-0.0022678417213554116,-0.0012678417213554116,-0.0012678417213554116,0.0012678417213554116
2017-12-18,-0.011401237459618407,0.0,0.0,-0.011401237459618407,-0.011401237459618407,-0.011401237459618407,-0.011401237459618407,0.004840077011183053,-0.011401237459618407,-0.011401237459618407,-0.011401237459618407,0.011401237459618407
2017-12-19,-0.008266934050339847,0.0,0.0,-0.008266934050339847,-0.008266934050339847,-0.008266934050339847,-0.008266934050339847,0.0035101446000289833,0.007266934050339847,-0.008266934050339847,-0.008266934050339847,0.008266934050339847
2017-12-20,-0.025092930426704685,0.0,0.0,0.024092930426704684,-0.025092930426704685,-0.025092930426704685,-0.025092930426704685,0.010815808544652965,-0.026092930426704686,-0.025092930426704685,-0.025092930426704685,0.025092930426704685
2017-12-21,0.048685100988026364,0.0,0.0,0.049685100988026365,-0.049685100988026365,-0.049685100988026365,-0.0005,0.021207841030410977,0.048685100988026364,-0.049685100988026365,-0.049685100988026365,0.049685100988026365
2017-12-22,-0.009235730237901474,0.0,0.0,-0.009235730237901474,0.009235730237901472,0.009235730237901474,0.0,-0.0038005557567468004,0.008235730237901473,0.009235730237901474,0.009235730237901474,-0.009235730237901474
2017-12-26,0.010486716333517387,0.0,0.0,0.010486716333517387,-0.010486716333517387,-0.010486716333517387,0.0,0.004376035031016522,-0.010486716333517387,-0.010486716333517387,-0.010486716333517387,0.010486716333517387
2017-12-27,-0.010839096241339052,0.0,0.0,-0.010839096241339052,0.010839096241339052,0.010839096241339052,0.0,-0.004549130125228312,0.010839096241339052,0.010839096241339052,0.010839096241339052,-0.010839096241339052
2017-12-28,-0.0004664876858896383,0.0,0.0,-0.0004664876858896383,0.0004664876858896382,0.0004664876858896383,0.0,-0.00019575180587448938,0.0004664876858896383,0.0004664876858896383,0.0004664876858896383,-0.0004664876858896383
2017-12-29,-0.015162100026416048,0.0,0.0,-0.015162100026416048,0.015162100026416048,0.015162100026416048,0.0,-0.0063658111810051005,0.015162100026416048,0.015162100026416048,0.015162100026416048,-0.015162100026416048
2018-01-02,0.04926539567076049,0.0,0.0,-0.05026539567076049,-0.04926539567076049,-0.04926539567076049,0.04876539567076049,0.020615377631063202,-0.04926539567076049,-0.04926539567076049,-0.04926539567076049,0.04926539567076049
2018-01-03,0.023251021177660203,0.0,0.0,0.022251021177660202,-0.023251021177660203,-0.023251021177660203,0.023251021177660203,0.009361604318344883,-0.023251021177660203,-0.023251021177660203,-0.023251021177660203,0.023251021177660203
2018-01-04,0.033311101987842484,0.0,0.032811101987842484,0.033311101987842484,-0.033311101987842484,-0.033311101987842484,0.033311101987842484,0.01332489173423971,-0.033311101987842484,-0.033311101987842484,-0.033311101987842484,0.033311101987842484
2018-01-05,-0.009607367387959975,0.0,-0.009607367387959975,-0.009607367387959975,0.009607367387959974,0.009607367387959975,-0.009607367387959975,-0.0037912134660531265,0.009607367387959975,0.009607367387959975,0.009607367387959975,-0.009607367387959975
2018-01-08,-0.010131339269214723,0.0,-0.010131339269214723,-0.010131339269214723,0.010131339269214723,0.010131339269214723,-0.010131339269214723,-0.004000663233388692,0.010131339269214723,-0.011131339269214724,0.010131339269214723,-0.010131339269214723
2018-01-09,-0.029834524450364497,0.0,-0.029834524450364497,-0.029834524450364497,0.029834524450364497,0.029834524450364497,-0.029834524450364497,-0.011797760873375017,0.029834524450364497,-0.029834524450364497,0.029834524450364497,-0.029834524450364497
2018-01-10,-0.01256957177882223,0.0,-0.0005,0.01156957177882223,-0.013569571778822228,0.01256957177882223,-0.01256957177882223,-0.0049246416705866145,0.01256957177882223,-0.01256957177882223,-0.013569571778822231,-0.01256957177882223
2018-01-11,0.04569188676421154,0.0,0.0,-0.04569188676421154,0.045691886764211535,-0.04569188676421154,0.04569188676421154,0.019375961948528572,-0.04569188676421154,0.04569188676421154,0.04569188676421154,0.04569188676421154
2018-01-12,0.02521702298349804,0.0,0.024717022983498038,0.024217022983498038,0.02521702298349804,-0.02521702298349804,0.02521702298349804,0.010397299374757002,-0.02521702298349804,0.02521702298349804,0.02521702298349804,0.02521702298349804
2018-01-16,-0.01887172322070052,0.0,-0.01887172322070052,-0.01887172322070052,-0.01887172322070052,0.01887172322070052,-0.01887172322070052,-0.00775054075930504,0.01887172322070052,-0.01887172322070052,-0.01887172322070052,-0.01887172322070052
2018-01-17,0.005619060380922303,0.0,0.005619060380922303,0.005619060380922303,0.005619060380922303,-0.005619060380922303,0.005619060380922303,0.0022907775080768518,-0.005619060380922303,0.005619060380922303,-0.006619060380922303,0.005619060380922303
2018-01-18,0.003653614852350051,0.0,0.003653614852350051,0.003653614852350051,0.003653614852350051,-0.003653614852350051,0.003653614852350051,0.0015026574890909395,-0.003653614852350051,0.003653614852350051,-0.003653614852350051,0.003653614852350051
2018-01-19,-0.008611270083922262,0.0,-0.008611270083922262,-0.008611270083922262,-0.008611270083922262,0.008611270083922262,-0.008611270083922262,-0.003546088106787509,0.008611270083922262,-0.008611270083922262,-0.009611270083922263,-0.008611270083922262
2018-01-22,0.03496169665409776,0.0,0.03496169665409776,0.03496169665409776,0.03496169665409776,-0.03496169665409776,0.03496169665409776,0.014377394362828243,-0.03496169665409776,0.03496169665409776,-0.03596169665409776,0.03496169665409776
2018-01-23,0.002308366306892573,0.0,0.002308366306892573,0.002308366306892573,0.002308366306892573,-0.002308366306892573,0.002308366306892573,0.0009338075955585696,-0.002308366306892573,0.002308366306892573,0.001308366306892573,0.002308366306892573
2018-01-24,0.007326341018399907,0.0,0.007326341018399907,0.007326341018399907,0.007326341018399907,-0.007326341018399907,0.007326341018399907,0.002977774458179485,-0.007326341018399907,0.007326341018399907,0.007326341018399907,0.007326341018399907
2018-01-25,-0.013923288888588847,0.0,-0.013923288888588847,-0.013923288888588847,-0.013923288888588847,0.013923288888588847,-0.013923288888588847,-0.005752568644261179,0.013923288888588847,-0.013923288888588847,-0.013923288888588847,-0.013923288888588847
2018-01-26,0.013277257559628719,0.0,0.013277257559628719,-0.01427725755962872,0.013277257559628719,-0.013277257559628719,0.013277257559628719,0.0054617269624386506,-0.013277257559628719,0.013277257559628719,-0.01427725755962872,0.013277257559628719
2018-01-29,-0.029742043605674784,0.0,-0.029742043605674784,-0.030742043605674785,-0.02974204360567478,0.029742043605674784,-0.029742043605674784,-0.01228559419153517,0.029742043605674784,-0.029742043605674784,-0.030742043605674785,-0.029742043605674784
2018-01-30,-0.04458743845201929,0.0,-0.04458743845201929,0.04358743845201929,-0.04458743845201929,0.04458743845201929,-0.04458743845201929,-0.018119731143935607,0.04458743845201929,-0.04458743845201929,0.04358743845201929,-0.04458743845201929
2018-01-31,-0.00773106242279875,0.0,0.00673106242279875,-0.00673106242279875,0.00673106242279875,0.00573106242279875,-0.0005,0.002671578275749648,-0.00673106242279875,0.00673106242279875,-0.00673106242279875,0.00673106242279875
2018-02-01,0.004011975563411929,0.0,-0.004011975563411929,0.004011975563411929,-0.004011975563411929,-0.004011975563411929,0.0,-0.001594495899665694,0.004011975563411929,-0.004011975563411929,0.004011975563411929,-0.004011975563411929
2018-02-02,0.041843555671281396,0.0,-0.041843555671281396,0.041843555671281396,-0.04184355567128139,-0.041843555671281396,0.0,-0.016656046910325864,0.041843555671281396,-0.041843555671281396,0.041843555671281396,-0.041843555671281396
2018-02-05,0.044138216314230094,0.0,-0.0005,0.044138216314230094,0.04313821631423009,-0.044138216314230094,0.0,-0.01721832385007723,-0.045138216314230095,-0.044138216314230094,0.044138216314230094,-0.044138216314230094
2018-02-06,-0.004642331452452186,0.0,0.0,-0.004642331452452186,-0.004642331452452186,0.004642331452452186,0.0,0.001762721604419238,-0.005642331452452186,0.004642331452452186,-0.004642331452452186,0.004642331452452186
2018-02-07,0.03818106920446218,0.0,0.0,0.03818106920446218,0.03818106920446218,-0.03818106920446218,0.0,-0.014660866141912398,-0.03918106920446218,-0.03818106920446218,0.03818106920446218,-0.03818106920446218
2018-02-08,0.046018179140133286,0.0,0.0,0.046018179140133286,0.04601817914013328,-0.046018179140133286,0.0,-0.018610809485353787,-0.046018179140133286,-0.046018179140133286,0.046018179140133286,-0.046018179140133286
2018-02-09,0.01325168419546674,0.0,0.0,0.01325168419546674,0.01325168419546674,-0.01325168419546674,0.0,-0.004736445530602788,0.012251684195466739,-0.01325168419546674,0.013251684195466738,-0.01325168419546674
2018-02-12,-0.023637043084132836,0.0,0.0,-0.023637043084132836,-0.023637043084132836,0.023637043084132836,-0.024137043084132837,0.00840504560690822,-0.023637043084132836,0.023637043084132836,-0.023637043084132833,0.023637043084132836
2018-02-13,0.010758356998459617,0.0,0.0,0.010758356998459617,0.010758356998459616,-0.010758356998459617,0.010758356998459617,-0.003825541160355789,0.010758356998459617,-0.010758356998459617,-0.011758356998459618,-0.010758356998459617
2018-02-14,-0.013262475618189828,0.0,0.0,-0.013262475618189828,-0.013262475618189828,0.013262475618189828,-0.013262475618189828,0.005303410708607745,-0.013262475618189828,0.013262475618189828,-0.014262475618189826,0.013262475618189828
2018-02-15,0.0026181645749715488,0.0,0.0,0.0026181645749715488,0.0026181645749715488,-0.0026181645749715488,0.0026181645749715488,-0.0010514972701138497,0.0026181645749715488,-0.0026181645749715488,-0.0036181645749715488,-0.0026181645749715488
2018-02-16,-0.0002629801715456903,0.0,0.0,-0.0007370198284543097,-0.0002629801715456903,0.0002629801715456903,-0.0002629801715456903,0.00010561709340879391,-0.0002629801715456903,0.0002629801715456903,0.0002629801715456903,0.0002629801715456903
2018-02-20,-0.004985407341002723,0.0,0.0,0.004985407341002723,-0.0049854073410027224,0.004985407341002723,-0.004985407341002723,0.002002220280414143,-0.004985407341002723,-0.005985407341002723,0.004985407341002723,0.004985407341002723
2018-02-21,0.028720312381610547,0.0,0.0,-0.028720312381610547,0.028720312381610547,-0.028720312381610547,0.028720312381610547,-0.011534542310583613,-0.0005,0.028720312381610547,-0.028720312381610547,-0.028720312381610547
2018-02-22,0.06317257753947525,0.0,0.0,0.06217257753947525,0.06317257753947525,-0.06317257753947525,0.06317257753947525,-0.02537112963173278,-0.06367257753947525,0.06317257753947525,0.062172577539475235,-0.06317257753947525
2018-02-23,-0.03672899958803533,0.0,0.0,-0.03672899958803533,-0.03672899958803533,0.03672899958803533,-0.03672899958803533,0.014750960718827822,0.03672899958803533,-0.03672899958803533,-0.03672899958803532,0.03672899958803533
2018-02-26,0.004151590397392102,0.0,0.0,-0.005151590397392102,0.004151590397392102,-0.004151590397392102,0.004151590397392102,-0.0014976831565324626,-0.004151590397392102,0.004151590397392102,-0.005151590397392102,-0.004151590397392102
2018-02-27,0.0327960253775631,0.0,0.0,0.0317960253775631,0.0327960253775631,-0.0327960253775631,0.0327960253775631,-0.011647622781176849,0.0317960253775631,0.0327960253775631,-0.0327960253775631,-0.0327960253775631
2018-02-28,0.01867835340911217,0.0,0.0,0.01867835340911217,0.01867835340911217,-0.01867835340911217,0.01867835340911217,-0.006633682349559542,0.01867835340911217,0.01867835340911217,0.017678353409112165,-0.01867835340911217
2018-03-01,-0.003514062334111223,0.0,0.0,-0.003514062334111223,-0.003514062334111223,0.003514062334111223,-0.003514062334111223,0.0012480314924158869,-0.0005,-0.003514062334111223,-0.0035140623341112227,0.003514062334111223
2018-03-02,-0.014881839747993952,0.0,0.0,-0.014881839747993952,-0.014881839747993952,0.014881839747993952,-0.014881839747993952,0.0052853372833753225,-0.015381839747993953,-0.014881839747993952,-0.01488183974799395,0.014881839747993952
2018-03-05,-0.012363208443158635,0.0,0.0,-0.012363208443158635,-0.012363208443158635,0.012363208443158635,-0.012363208443158635,0.0043908365923356445,-0.0005,-0.012363208443158635,0.011363208443158634,0.012363208443158635
2018-03-06,-0.004260474851619067,0.0,0.0,0.003260474851619067,-0.004260474851619067,0.004260474851619067,-0.004260474851619067,0.0015131225009448579,0.0,-0.004260474851619067,0.004260474851619067,0.004260474851619067
2018-03-07,0.0200792443371115,0.0,0.0,-0.0200792443371115,0.0200792443371115,-0.0200792443371115,0.0200792443371115,-0.007131213647912301,-0.020579244337111502,0.0200792443371115,-0.0200792443371115,-0.0200792443371115
2018-03-08,-0.009235127135076349,0.0,0.0,-0.01023512713507635,-0.009235127135076349,0.009235127135076349,-0.0005,0.003279887607330926,0.009235127135076349,-0.009235127135076349,-0.010235127135076346,0.009235127135076349
2018-03-09,-0.010008603742440059,0.0,0.0,0.009008603742440058,-0.010008603742440059,0.010008603742440059,-0.010508603742440059,0.003554590521751782,0.010008603742440059,-0.010008603742440059,0.009008603742440058,0.010008603742440059
2018-03-12,-0.0025481743718926975,0.0,0.0,0.0025481743718926975,-0.0025481743718926975,0.0025481743718926975,-0.0005,0.0009943534333228458,0.0025481743718926975,-0.0025481743718926975,0.0025481743718926975,0.0025481743718926975
2018-03-13,-0.0014118219362770912,0.0,0.0,0.0014118219362770912,-0.001411821936277091,0.0014118219362770912,0.0,0.000563010290223033,0.0014118219362770912,-0.0014118219362770912,-0.002411821936277091,0.0014118219362770912
2018-03-14,-0.005358248821014877,0.0,0.0,0.005358248821014877,-0.005358248821014877,0.005358248821014877,0.0,0.0021367774124276873,0.005358248821014877,-0.005358248821014877,-0.005358248821014877,0.005358248821014877
2018-03-15,0.008695494293650907,0.0,0.0,-0.008695494293650907,0.008695494293650907,-0.008695494293650907,0.0,-0.003948443179596118,-0.008695494293650907,0.008695494293650907,0.008695494293650907,-0.008695494293650907
2018-03-16,-0.022637070002420323,0.0,0.0,-0.023637070002420324,-0.022637070002420323,0.022637070002420323,0.0,0.01021095969624421,0.022637070002420323,-0.022637070002420323,-0.022637070002420323,0.022637070002420323
2018-03-19,0.015771692322333553,0.0,0.0,-0.016771692322333553,0.015771692322333553,-0.015771692322333553,0.0,-0.007114176641574795,-0.015771692322333553,0.015771692322333553,0.015771692322333553,-0.015771692322333553
2018-03-20,-0.01967907907569133,0.0,0.0,-0.02067907907569133,-0.01967907907569133,0.01967907907569133,0.0,0.008876691342104013,0.01967907907569133,-0.01967907907569133,-0.01967907907569133,0.01967907907569133
2018-03-21,0.04945481613585312,0.0,0.0,0.04945481613585312,-0.05045481613585312,0.05045481613585312,0.0,0.022758779912308645,0.05045481613585312,-0.05045481613585312,-0.05045481613585312,0.05045481613585312
2018-03-22,-0.021521808265451137,0.0,0.0,-0.021521808265451137,0.021521808265451137,0.020521808265451136,0.0,-0.00820085324796297,-0.021521808265451137,0.021521808265451137,0.021521808265451137,-0.021521808265451137
2018-03-23,-0.007242481674363588,0.0,0.0,-0.007242481674363588,0.007242481674363588,0.007242481674363588,0.0,-0.002747674533303682,-0.007242481674363588,0.007242481674363588,0.007242481674363588,-0.007242481674363588
2018-03-26,0.007295317880421148,0.0,0.0,-0.00829531788042115,-0.007295317880421148,-0.007295317880421148,0.0,0.003418221569780379,0.007295317880421148,-0.007295317880421148,-0.007295317880421147,0.007295317880421148
2018-03-27,0.005364590053779761,0.0,0.0,0.004364590053779761,-0.005364590053779761,-0.005364590053779761,0.0,0.0025487755783269546,0.005364590053779761,-0.005364590053779761,-0.00536459005377976,0.005364590053779761
2018-03-28,-0.003468603340705312,0.0,0.0,-0.003468603340705312,0.003468603340705312,0.003468603340705312,0.0,-0.0016479714940126784,-0.003468603340705312,0.003468603340705312,0.003468603340705312,-0.003468603340705312
2018-03-29,0.03025445132344684,0.0,0.0,0.03025445132344684,-0.03025445132344684,-0.03025445132344684,0.0,0.01718969074068878,0.03025445132344684,-0.03025445132344684,-0.03025445132344684,0.03025445132344684
2018-04-02,-0.015072736263829656,0.0,0.0,-0.015072736263829656,0.015072736263829656,0.015072736263829656,0.0,-0.008587456748850619,-0.015072736263829656,0.015072736263829656,-0.016072736263829657,-0.015072736263829656
2018-04-03,0.0026386998471519263,0.0,0.0,-0.0036386998471519263,-0.0026386998471519263,-0.0026386998471519263,0.0,0.0015033581437361768,0.0026386998471519263,-0.0026386998471519263,0.0026386998471519263,0.0026386998471519263
2018-04-04,0.0049996502180746916,0.0,0.0,0.0039996502180746915,-0.0049996502180746916,-0.0049996502180746916,0.0,0.0028484728489629467,-0.005999650218074692,-0.0049996502180746916,0.0049996502180746916,0.0049996502180746916
2018-04-05,0.014663599895856416,0.0,0.0,0.014663599895856416,-0.014663599895856416,-0.014663599895856416,0.0,0.00835435767494303,-0.014663599895856416,-0.014663599895856416,0.014663599895856416,0.014663599895856416
2018-04-06,-0.010580365287797266,0.0,0.0,-0.010580365287797266,0.010580365287797265,0.010580365287797266,0.0,-0.006027998347853683,-0.011580365287797267,0.010580365287797266,-0.010580365287797266,-0.010580365287797266
2018-04-09,0.002868629442636328,0.0,0.0,0.002868629442636328,-0.002868629442636328,-0.002868629442636328,0.0,0.0016343569499211751,0.002868629442636328,-0.002868629442636328,0.002868629442636328,0.002868629442636328
2018-04-10,0.021586547609056872,0.0,0.0,0.021586547609056872,-0.021586547609056872,-0.021586547609056872,0.0,0.012298599318998583,0.021586547609056872,-0.021586547609056872,0.021586547609056872,0.021586547609056872
2018-04-11,0.009165003630101642,0.0,0.0,0.009165003630101642,-0.00916500363010164,-0.009165003630101642,0.0,0.005221618085723725,-0.010165003630101643,-0.009165003630101642,0.009165003630101642,0.009165003630101642
2018-04-12,-0.006559135858750342,0.0,0.0,-0.006559135858750342,0.006559135858750342,0.006559135858750342,0.0,-0.0037369655058598125,-0.007559135858750342,0.006559135858750342,-0.006559135858750342,-0.006559135858750342
2018-04-13,0.03148804316821385,0.0,0.0,0.03148804316821385,-0.03148804316821385,-0.03148804316821385,0.0,0.017939822211436633,0.03148804316821385,-0.03148804316821385,-0.032488043168213854,0.03148804316821385
2018-04-16,0.004185254272807137,0.0,0.0,0.004185254272807137,-0.0041852542728071365,-0.004185254272807137,0.0,0.0023844834422613185,0.004185254272807137,-0.004185254272807137,0.0031852542728071373,0.004185254272807137
2018-04-17,0.01372933529218523,0.0,0.0,0.01372933529218523,-0.01372933529218523,-0.01372933529218523,0.0,0.007822074966908045,0.01372933529218523,-0.01372933529218523,0.01372933529218523,0.01372933529218523
2018-04-18,0.03603350180505416,0.0,0.0,0.03603350180505416,0.03503350180505415,-0.03603350180505416,0.0,0.02052952648041042,-0.03703350180505416,-0.03603350180505416,0.03603350180505416,0.03603350180505416
2018-04-19,-0.01890799288371703,-0.01940799288371703,-0.01940799288371703,-0.01890799288371703,-0.01890799288371703,0.01890799288371703,0.0,-0.010772534479100624,0.01890799288371703,0.01890799288371703,0.017907992883717024,-0.01890799288371703
2018-04-20,-0.007898079181960282,-0.0005,-0.007898079181960282,-0.007898079181960282,0.0068980791819602824,0.007898079181960282,0.0,-0.004016051175952108,0.007898079181960282,0.007898079181960282,0.007898079181960282,-0.007898079181960282
2018-04-23,0.001930209782150527,0.0,0.001930209782150527,0.001930209782150527,-0.001930209782150527,-0.001930209782150527,0.001430209782150527,0.0010889930036071095,-0.001930209782150527,-0.001930209782150527,-0.001930209782150527,0.001930209782150527
2018-04-24,-0.0214306001222051,-0.0219306001222051,-0.0214306001222051,-0.0214306001222051,-0.022430600122205102,0.0214306001222051,-0.0214306001222051,-0.012539115743362531,0.0214306001222051,0.0214306001222051,0.021430600122205098,-0.0214306001222051
2018-04-25,0.008858423085016609,-0.0005,-0.0005,-0.00985842308501661,-0.00985842308501661,-0.008858423085016609,0.008858423085016609,0.005183092948088128,-0.008858423085016609,-0.008858423085016609,-0.008858423085016609,0.008858423085016609
2018-04-26,-0.002926802941187412,0.0,0.0,0.002926802941187412,-0.003926802941187412,0.002926802941187412,-0.002926802941187412,-0.0017124821810070078,0.002926802941187412,0.002926802941187412,0.002926802941187412,-0.002926802941187412
2018-04-27,-0.01712346230397843,0.0,0.0,0.01712346230397843,-0.01712346230397843,0.01712346230397843,-0.0005,-0.010018995013313603,0.01712346230397843,0.01712346230397843,-0.018123462303978433,-0.01712346230397843
2018-04-30,0.01916399736788854,0.0,0.0,-0.01916399736788854,0.01916399736788854,-0.01916399736788854,0.0,0.011212918897799101,-0.01916399736788854,-0.01916399736788854,-0.020163997367888542,0.01916399736788854
2018-05-01,-0.012210036704207283,0.0,0.0,-0.013210036704207284,-0.012210036704207283,0.012210036704207283,0.0,-0.007144133276329658,0.012210036704207283,0.012210036704207283,-0.013210036704207284,-0.012210036704207283
2018-05-02,0.015080219428045494,0.0,0.0,-0.016080219428045495,0.015080219428045494,-0.015080219428045494,0.0,0.008823486778965202,-0.015080219428045494,0.014080219428045493,-0.016080219428045495,0.015080219428045494
2018-05-03,-0.061373283199400275,0.0,0.0,-0.062373283199400276,-0.061373283199400275,0.061373283199400275,0.0,-0.03590971308311933,0.061373283199400275,-0.061373283199400275,-0.062373283199400276,-0.061373283199400275
2018-05-04,-0.02564966084207565,0.0,0.0,-0.02564966084207565,-0.025649660842075647,0.023649660842075648,0.0,0.010800151588407957,-0.02464966084207565,0.02464966084207565,-0.02564966084207565,0.02464966084207565
2018-05-07,0.0005067733209368486,0.0,0.0,-0.0015067733209368486,0.0005067733209368485,-0.0005067733209368486,0.0,-0.00022352134703238342,0.0005067733209368486,-0.0005067733209368486,-0.0015067733209368486,-0.0005067733209368486
2018-05-08,-0.01646798707478836,0.0,0.0,-0.01746798707478836,-0.01646798707478836,0.01646798707478836,0.0,0.007263497310915612,-0.01646798707478836,0.01646798707478836,0.01646798707478836,0.01646798707478836
2018-05-09,0.027165781770197683,0.0,0.0,0.027165781770197683,-0.028165781770197684,0.028165781770197684,0.0,0.012423016803363385,-0.028165781770197684,0.028165781770197684,0.028165781770197684,0.028165781770197684
2018-05-10,0.00945448961342632,0.0,0.00895448961342632,0.00945448961342632,-0.00945448961342632,0.00945448961342632,0.00895448961342632,0.0041700700620743115,-0.00945448961342632,0.00945448961342632,-0.010454489613426318,0.00945448961342632
2018-05-11,-0.0055234764283510485,0.0,-0.0055234764283510485,-0.0055234764283510485,0.0055234764283510485,-0.0055234764283510485,-0.0005,-0.002436227087259188,0.0055234764283510485,-0.0055234764283510485,0.0055234764283510485,-0.0055234764283510485
2018-05-14,0.021733858108984316,0.0,0.021733858108984316,0.021733858108984316,-0.021733858108984316,0.021733858108984316,0.0,0.009586102977461673,-0.021733858108984316,0.021733858108984316,-0.021733858108984313,0.021733858108984316
2018-05-15,0.004963293245627165,0.0,0.004963293245627165,0.004963293245627165,-0.004963293245627165,-0.005963293245627165,0.0,0.002189148374915265,-0.0005,0.004963293245627165,-0.004963293245627165,0.004963293245627165
2018-05-16,0.0032923342919271015,0.0,0.0032923342919271015,0.0032923342919271015,-0.0032923342919271015,-0.0032923342919271015,0.0,0.0014521423394033776,-0.0037923342919271015,0.0032923342919271015,-0.0032923342919271015,0.0032923342919271015
2018-05-17,0.03164610362650233,0.0,0.03164610362650233,0.03164610362650233,-0.03164610362650233,-0.03164610362650233,0.0,0.013958074386878917,-0.03164610362650233,0.03164610362650233,-0.03164610362650233,0.03164610362650233
2018-05-18,-0.002272064205612656,-0.002772064205612656,-0.002272064205612656,-0.002272064205612656,0.002272064205612656,0.002272064205612656,-0.002772064205612656,-0.001002134151110708,0.002272064205612656,-0.002272064205612656,0.002272064205612656,-0.002272064205612656
2018-05-21,0.008425824733761633,0.008425824733761633,0.008425824733761633,0.008425824733761633,-0.008425824733761633,-0.008425824733761633,0.008425824733761633,0.003716359201521319,-0.008425824733761633,0.008425824733761633,-0.008425824733761633,0.008425824733761633
2018-05-22,-0.025971034460719467,-0.025971034460719467,-0.025971034460719467,-0.025971034460719467,0.025971034460719467,0.025971034460719467,-0.025971034460719467,-0.011454984638403772,-0.0005,-0.025971034460719467,0.025971034460719467,-0.025971034460719467
2018-05-23,-0.01298407039426508,-0.012984070394265078,-0.01298407039426508,0.011984070394265078,0.012984070394265078,0.01298407039426508,-0.01298407039426508,-0.005726854166522076,0.012484070394265079,-0.01298407039426508,0.012984070394265078,-0.01298407039426508
2018-05-24,-0.030772342025613963,-0.03077234202561396,-0.030772342025613963,0.030772342025613963,0.030772342025613963,0.030772342025613963,-0.030772342025613963,-0.013572686360424229,0.030772342025613963,-0.030772342025613963,0.03077234202561396,-0.030772342025613963
2018-05-25,0.04698901335271699,-0.04798901335271699,-0.04798901335271699,0.04798901335271699,0.04798901335271699,0.04798901335271699,-0.0005,-0.021166404118363256,0.04798901335271699,-0.04798901335271699,0.047989013352716985,-0.04798901335271699
2018-05-29,0.007127925734080942,-0.0005,-0.0005,0.007127925734080942,0.007127925734080942,-0.008127925734080943,0.0,-0.0027541586485823957,0.007127925734080942,-0.007127925734080942,0.007127925734080942,-0.007127925734080942
2018-05-30,-0.04384627625774229,0.0,0.0,-0.04384627625774229,-0.04384627625774228,0.04384627625774229,0.0,0.01676090184749715,-0.0005,0.04384627625774229,-0.04384627625774229,0.04384627625774229
2018-05-31,0.01744061334859004,-0.01794061334859004,0.0,0.01744061334859004,0.01744061334859004,-0.01744061334859004,0.0,-0.006666938071947418,0.01694061334859004,-0.01744061334859004,0.01744061334859004,-0.01744061334859004
2018-06-01,0.025750017035184647,-0.0005,0.0,0.025750017035184647,0.025750017035184647,-0.025750017035184647,0.0,-0.009843333229966125,0.025750017035184647,-0.025750017035184647,0.025750017035184647,-0.025750017035184647
2018-06-04,-0.005388742950156011,0.0,0.0,-0.005388742950156011,-0.005388742950156011,0.005388742950156011,0.0,0.0020599284449613568,-0.005388742950156011,0.005388742950156011,-0.005388742950156011,0.005388742950156011
2018-06-05,-0.0017863776208011384,0.0,0.0,-0.0017863776208011384,-0.0017863776208011384,0.0017863776208011384,-0.0022863776208011384,0.0006828698471178927,-0.0017863776208011384,0.0017863776208011384,0.0007863776208011381,0.0017863776208011384
2018-06-06,-0.00840802417722819,0.0,0.0,-0.00840802417722819,-0.00840802417722819,0.00840802417722819,-0.00840802417722819,0.003560661787590121,-0.0005,0.00840802417722819,0.008408024177228189,0.00840802417722819
2018-06-07,-0.05482572389322593,0.0,0.0,0.05382572389322593,-0.05482572389322593,0.05482572389322593,-0.05482572389322593,0.02336068720475646,-0.05532572389322593,0.05482572389322593,0.05482572389322593,0.05482572389322593
2018-06-08,0.010736429745997644,0.011236429745997645,0.011236429745997645,0.011736429745997645,-0.011736429745997645,0.011736429745997645,-0.0005,0.004404557234867601,-0.011736429745997645,0.011736429745997645,-0.012736429745997646,0.011736429745997645
2018-06-11,0.055871571514136686,0.055871571514136686,0.055871571514136686,0.055871571514136686,-0.055871571514136686,-0.05687157151413669,0.0,0.021083984139803627,-0.055871571514136686,0.055871571514136686,-0.055871571514136686,0.055871571514136686
2018-06-12,-0.04125600108001337,-0.04125600108001337,-0.04125600108001337,-0.04125600108001337,0.04125600108001337,0.04125600108001337,-0.04175600108001337,-0.015568577164911768,0.04125600108001337,-0.04125600108001337,-0.04225600108001337,-0.04125600108001337
2018-06-13,0.013096531030607483,0.013096531030607483,0.013096531030607483,-0.014096531030607484,-0.013096531030607483,-0.013096531030607483,0.013096531030607483,0.00426919519238059,-0.013096531030607483,0.013096531030607483,0.013096531030607483,0.013096531030607483
2018-06-14,-0.00992632397937765,-0.00992632397937765,-0.00992632397937765,-0.01092632397937765,0.009926323979377647,0.00992632397937765,-0.00992632397937765,-0.003254531534211528,0.00992632397937765,-0.00992632397937765,-0.00992632397937765,-0.00992632397937765
2018-06-15,-0.029843926673846055,-0.029843926673846055,-0.029843926673846055,-0.029843926673846055,0.029843926673846055,0.029843926673846055,-0.029843926673846055,-0.009784891231287233,0.029843926673846055,-0.029843926673846055,0.028843926673846054,-0.029843926673846055
2018-06-18,-0.030560542091816356,0.029560542091816355,0.029560542091816355,-0.030560542091816356,-0.029560542091816355,-0.029560542091816355,0.029560542091816355,0.00969197827978161,-0.029560542091816355,0.029560542091816355,-0.029560542091816355,0.029560542091816355
2018-06-19,0.008803887881271177,0.009803887881271178,0.009803887881271178,0.008803887881271177,-0.009803887881271178,-0.009803887881271178,0.009803887881271178,0.0032143885625493932,-0.009803887881271178,0.009803887881271178,-0.009803887881271177,0.009803887881271178
2018-06-20,0.05594077370635664,0.05594077370635664,0.05594077370635664,0.05594077370635664,-0.05594077370635664,-0.05594077370635664,0.05594077370635664,0.018341232107048702,-0.05594077370635664,0.05594077370635664,-0.05594077370635663,0.05594077370635664
2018-06-21,-0.02889672402476784,-0.02889672402476784,-0.02889672402476784,-0.02889672402476784,0.02889672402476784,0.02889672402476784,-0.02889672402476784,-0.009474333073290557,0.02889672402476784,-0.02889672402476784,0.028896724024767836,-0.02889672402476784
2018-06-22,0.009016980431238553,0.009016980431238553,0.009016980431238553,0.009016980431238553,-0.009016980431238553,-0.009016980431238553,0.009016980431238553,0.002956386192693465,-0.009016980431238553,0.009016980431238553,-0.009016980431238553,0.009016980431238553
2018-06-25,-0.03619265775714109,-0.03619265775714109,-0.03619265775714109,-0.03619265775714109,-0.03719265775714109,0.03619265775714109,-0.03619265775714109,-0.011866441818970959,0.03619265775714109,-0.03619265775714109,0.03619265775714108,-0.03619265775714109
2018-06-26,0.023875488056807503,0.023875488056807503,0.023875488056807503,-0.024875488056807504,-0.0248754880568075,-0.023875488056807503,0.023875488056807503,0.007002931947008457,-0.023875488056807503,0.023875488056807503,-0.023875488056807503,0.023875488056807503
2018-06-27,0.03894025285325586,0.03894025285325586,0.03894025285325586,0.03794025285325586,-0.03894025285325586,-0.03894025285325586,0.03894025285325586,0.011449189705997854,-0.03894025285325586,0.03894025285325586,-0.038940252853255856,0.03894025285325586
2018-06-28,0.001089595593439574,0.001089595593439574,0.001089595593439574,0.001089595593439574,8.959559343957378e-05,-0.001089595593439574,0.001089595593439574,0.0003203622405617209,-0.001089595593439574,0.001089595593439574,-0.0010895955934395738,0.001089595593439574
2018-06-29,0.01763192651818679,0.01763192651818679,0.01763192651818679,0.01763192651818679,-0.018631926518186792,-0.01763192651818679,0.01763192651818679,0.00518412842232112,-0.01763192651818679,0.01763192651818679,-0.017631926518186788,0.01763192651818679
2018-07-02,-0.04427831129512316,-0.04427831129512316,-0.04427831129512316,-0.04427831129512316,-0.045278311295123164,0.04427831129512316,-0.04427831129512316,-0.013018682436128701,0.04427831129512316,-0.04427831129512316,0.044278311295123156,-0.04427831129512316
2018-07-03,0.02461985023781743,0.02461985023781743,0.02461985023781743,-0.025619850237817432,-0.025619850237817432,-0.02461985023781743,0.02461985023781743,0.007238713548375429,-0.02461985023781743,0.02461985023781743,-0.02461985023781743,0.02461985023781743
2018-07-05,0.012013620200614694,0.012013620200614692,0.012013620200614694,0.011013620200614693,-0.012013620200614694,-0.012013620200614694,0.012013620200614694,0.0035322373804551493,-0.012013620200614694,0.012013620200614694,-0.012013620200614692,0.012013620200614694
2018-07-06,0.01251916996940694,0.01251916996940694,0.01251916996940694,0.01251916996940694,-0.01251916996940694,-0.01251916996940694,0.01251916996940694,0.0036808788191879187,-0.01251916996940694,0.01251916996940694,-0.012519169969406939,0.01251916996940694
2018-07-09,0.03176280784666874,0.03176280784666874,0.03176280784666874,0.03176280784666874,0.030762807846668738,-0.03176280784666874,0.03176280784666874,0.009338881645224383,-0.03176280784666874,0.03176280784666874,-0.03176280784666873,0.03176280784666874
2018-07-10,0.004338878103965715,0.004338878103965715,0.004338878103965715,0.004338878103965715,0.004338878103965715,-0.004338878103965715,0.004338878103965715,0.001275714328581978,-0.004338878103965715,0.004338878103965715,-0.0043388781039657145,0.004338878103965715
2018-07-11,-0.019131866594666036,-0.019131866594666036,-0.019131866594666036,-0.019131866594666036,-0.019131866594666036,0.019131866594666036,-0.019131866594666036,-0.005625139900802157,0.019131866594666036,-0.019131866594666036,0.019131866594666033,-0.019131866594666036
2018-07-12,-0.012793717819760797,-0.012793717819760795,-0.012793717819760797,0.011793717819760796,-0.012793717819760797,0.012793717819760797,-0.012793717819760797,-0.004353189339499915,0.012793717819760797,-0.012793717819760797,-0.013793717819760798,-0.012793717819760797
2018-07-13,0.008073028397993287,0.008073028397993285,0.008073028397993287,-0.008073028397993287,0.008073028397993287,-0.008073028397993287,0.008073028397993287,0.0027328874531137182,-0.008073028397993287,0.008073028397993287,0.008073028397993287,0.008073028397993287
2018-07-16,-0.03055842377136342,-0.03055842377136342,-0.03055842377136342,0.03055842377136342,-0.03055842377136342,0.03055842377136342,-0.03055842377136342,-0.010344659871684564,0.03055842377136342,-0.03055842377136342,-0.03055842377136342,-0.03055842377136342
2018-07-17,-0.016087038475728344,-0.0005,-0.016087038475728344,0.016087038475728344,-0.016087038475728344,0.016087038475728344,-0.0005,-0.005445795981468835,-0.017087038475728344,-0.016087038475728344,0.015087038475728343,-0.016087038475728344
2018-07-18,0.01667535767335593,0.0,-0.01767535767335593,0.01767535767335593,-0.01767535767335593,0.01767535767335593,0.0,-0.0059834749530695095,0.01667535767335593,-0.01767535767335593,0.01767535767335593,-0.01767535767335593
2018-07-19,-0.002024353331574691,0.0,0.002024353331574691,-0.002024353331574691,0.002024353331574691,-0.002024353331574691,0.0,0.0006852855642009879,-0.002024353331574691,0.002024353331574691,-0.002024353331574691,0.002024353331574691
2018-07-20,-0.001805702528175468,0.0,0.001805702528175468,-0.001805702528175468,0.001805702528175468,-0.001805702528175468,0.0,0.0006112677349844447,0.0008057025281754679,0.001805702528175468,0.0008057025281754679,0.001805702528175468
2018-07-23,0.0006760376363792453,0.0,-0.0006760376363792453,0.0006760376363792453,-0.0003239623636207547,0.0006760376363792453,0.0,-0.0003131596407652896,-0.0003239623636207547,-0.0006760376363792453,-0.0006760376363792453,-0.0006760376363792453
2018-07-24,-0.0157834986118226,0.0,0.0157834986118226,0.014783498611822599,0.014783498611822595,-0.0157834986118226,0.0,0.006474516837379165,-0.0157834986118226,0.0157834986118226,0.0157834986118226,0.0157834986118226
2018-07-25,-0.014428487907380383,0.0,0.014428487907380383,0.014428487907380383,0.014428487907380383,-0.014428487907380383,-0.014928487907380383,0.0059186806545084856,0.013428487907380382,0.014428487907380383,0.014428487907380383,0.014428487907380383
2018-07-26,-0.0005621193793997606,0.0,0.00043788062060023947,0.00043788062060023947,0.00043788062060023936,-0.00043788062060023947,-0.00043788062060023947,0.00017686430120407827,-0.0014378806206002395,0.00043788062060023947,0.00043788062060023947,0.00043788062060023947
2018-07-27,-0.015529386249151234,0.0,-0.015529386249151234,-0.015529386249151234,-0.015529386249151234,0.015529386249151234,-0.0005,-0.007059711773151243,0.015529386249151234,-0.015529386249151234,-0.015529386249151234,-0.015529386249151234
2018-07-30,-0.02432803101536052,0.0,0.023328031015360517,-0.02432803101536052,-0.02432803101536052,-0.023328031015360517,0.0,0.01174982663253344,0.022328031015360517,0.023328031015360517,0.023328031015360517,0.023328031015360517
2018-07-31,-0.002302554394665423,0.0,-0.0013025543946654228,-0.002302554394665423,-0.002302554394665423,0.0013025543946654228,0.0,-0.0006574686830883317,0.00030255439466542276,-0.0013025543946654228,-0.0013025543946654228,-0.0013025543946654228
2018-08-01,-0.02304358675598872,-0.02354358675598872,-0.02304358675598872,-0.02304358675598872,0.02204358675598872,0.02304358675598872,0.0,-0.011631327413380847,0.02304358675598872,-0.02304358675598872,-0.02304358675598872,-0.02304358675598872
2018-08-02,0.01079345421473299,-0.01179345421473299,-0.01179345421473299,0.01079345421473299,-0.012793454214732991,0.01179345421473299,0.0,-0.005952785421767128,-0.012793454214732991,-0.01179345421473299,-0.01179345421473299,-0.01179345421473299
2018-08-03,-0.016662734461080575,0.016662734461080575,0.016662734461080575,-0.016662734461080575,-0.017662734461080576,-0.016662734461080575,-0.017162734461080575,0.00960949494578002,0.016662734461080575,0.016662734461080575,0.016662734461080575,0.016662734461080575
2018-08-06,-0.010852695829179693,0.010852695829179693,0.010852695829179693,0.009852695829179692,-0.010852695829179693,-0.010852695829179693,-0.010852695829179693,0.006282968932115074,0.010852695829179693,0.010852695829179693,0.010852695829179693,0.010852695829179693
2018-08-07,0.015213986549798775,0.016213986549798776,0.016213986549798776,0.016213986549798776,-0.016213986549798776,-0.016213986549798776,-0.016213986549798776,0.009386789730549136,0.016213986549798776,0.016213986549798776,0.016213986549798776,0.016213986549798776
2018-08-08,-0.005390203604009547,-0.005390203604009547,-0.005390203604009547,-0.005390203604009547,0.005390203604009547,0.005390203604009547,-0.0005,-0.003120559381265411,-0.005390203604009547,-0.005390203604009547,-0.005390203604009547,-0.005390203604009547
2018-08-09,-0.06156525448989014,-0.06156525448989014,-0.06156525448989014,-0.06156525448989014,0.06156525448989014,0.06156525448989014,-0.06206525448989014,-0.03564207339320366,0.06056525448989014,-0.06156525448989014,-0.06156525448989014,-0.06156525448989014
2018-08-10,-0.021327677381931642,0.02032767738193164,0.02032767738193164,-0.021327677381931642,-0.02032767738193164,-0.02032767738193164,-0.021327677381931642,0.00969193669134397,0.01932767738193164,-0.021327677381931642,-0.021327677381931642,0.02032767738193164
2018-08-13,0.010866642856142583,-0.010866642856142583,-0.010866642856142583,-0.011866642856142584,0.010866642856142583,0.010866642856142583,0.010866642856142583,-0.005207701957054865,-0.0005,0.010866642856142583,0.010866642856142583,-0.010866642856142583
2018-08-14,-0.00480667597848683,0.00480667597848683,0.00480667597848683,-0.00580667597848683,-0.00480667597848683,-0.00480667597848683,-0.00480667597848683,0.0023035390259416497,0.004306675978486829,-0.00480667597848683,-0.00480667597848683,0.00480667597848683
2018-08-15,0.04373581768593249,-0.04373581768593249,-0.04373581768593249,0.04373581768593249,0.04373581768593249,0.04373581768593249,0.04373581768593249,-0.020959840713608974,-0.0005,0.04373581768593249,0.04373581768593249,-0.04373581768593249
2018-08-16,-0.004525899181934578,0.004525899181934578,0.004525899181934578,-0.004525899181934578,-0.004525899181934578,-0.004525899181934578,-0.004525899181934578,0.0021689802765414877,0.0,-0.004525899181934578,-0.004525899181934578,0.004525899181934578
2018-08-17,0.0040311965931114635,-0.004031196593111463,-0.0040311965931114635,0.0040311965931114635,0.0040311965931114635,0.0040311965931114635,0.0040311965931114635,-0.0019319002809918076,-0.004531196593111464,0.0040311965931114635,0.004031196593111463,-0.0040311965931114635
2018-08-20,-0.0007141214939665463,0.0007141214939665462,0.0007141214939665463,-0.0007141214939665463,-0.0007141214939665463,-0.0007141214939665463,-0.0007141214939665463,0.00034223374697571186,0.0007141214939665463,-0.0007141214939665463,-0.0007141214939665462,0.0007141214939665463
2018-08-21,-0.015227277859370947,0.015227277859370947,0.015227277859370947,-0.015227277859370947,-0.015227277859370945,-0.015227277859370947,-0.015227277859370947,0.007297481453900817,-0.0005,-0.015227277859370947,-0.015227277859370945,0.015227277859370947
2018-08-22,-0.014295423857591194,0.014295423857591192,0.014295423857591194,0.013295423857591193,-0.014295423857591194,-0.014295423857591194,-0.014295423857591194,0.006850902140215664,0.013795423857591194,-0.014295423857591194,-0.014295423857591194,0.014295423857591194
2018-08-23,0.009704097416495583,-0.009704097416495583,-0.009704097416495583,-0.009704097416495583,0.009704097416495583,0.009704097416495583,0.009704097416495583,-0.004650566672371,-0.0005,0.009704097416495583,0.009704097416495583,-0.009704097416495583
2018-08-24,-0.014699280321913477,0.014699280321913477,0.014699280321913477,0.014699280321913477,-0.014699280321913477,-0.014699280321913477,-0.0005,0.007044445272852213,0.0,-0.014699280321913477,-0.014699280321913475,0.014699280321913477
2018-08-27,-0.0064380482932338,0.0064380482932338,0.0064380482932338,0.0064380482932338,-0.0064380482932338,-0.0064380482932338,0.0,0.0030853536957217063,0.0059380482932338,-0.0064380482932338,-0.0064380482932338,0.0064380482932338
2018-08-28,-0.024075080016099815,-0.023075080016099814,-0.023075080016099814,-0.023075080016099814,0.023075080016099814,0.023075080016099814,0.0,-0.011058441963160059,-0.023075080016099814,0.023075080016099814,0.023075080016099814,-0.023075080016099814
2018-08-29,-0.023684693276064706,0.022684693276064705,0.022684693276064705,-0.023684693276064706,-0.022684693276064705,-0.022684693276064705,0.0,0.010871354026526538,-0.0005,-0.022684693276064705,-0.0226846932760647,0.022684693276064705
2018-08-30,0.01386401476435195,0.014864014764351952,0.014864014764351952,0.01386401476435195,-0.014864014764351952,-0.014864014764351952,0.0,0.007123392183102074,0.014364014764351951,-0.014864014764351952,-0.014864014764351952,0.014864014764351952
2018-08-31,-0.012392852982029301,-0.012392852982029301,-0.012392852982029301,-0.012392852982029301,0.012392852982029301,0.012392852982029301,0.0,-0.005939118970080598,-0.012392852982029301,0.012392852982029301,0.012392852982029301,-0.012392852982029301
2018-09-04,-0.014829883545279143,-0.014829883545279143,-0.014829883545279143,0.013829883545279142,0.014829883545279142,0.014829883545279143,0.0,-0.007107035225510369,0.013829883545279142,0.014829883545279143,0.014829883545279142,-0.014829883545279143
2018-09-05,-0.018137266424698928,0.017137266424698927,0.017137266424698927,-0.017137266424698927,-0.017137266424698927,-0.017137266424698927,0.0,0.008212819458589947,-0.017137266424698927,-0.017137266424698927,-0.017137266424698924,0.017137266424698927
2018-09-06,-0.029688491544073936,-0.028688491544073935,-0.028688491544073935,-0.029688491544073936,0.028688491544073935,0.028688491544073935,-0.029188491544073936,-0.013748598857702762,-0.029688491544073936,0.028688491544073935,0.028688491544073935,-0.028688491544073935
2018-09-07,-0.005922398507076098,0.004922398507076098,0.004922398507076098,-0.005922398507076098,-0.004922398507076098,-0.004922398507076098,-0.0005,0.002358997592730657,0.004922398507076098,-0.004922398507076098,-0.004922398507076098,0.004922398507076098
2018-09-10,-0.010263911853740426,0.010263911853740424,0.010263911853740426,-0.010263911853740426,-0.010263911853740426,-0.010263911853740426,0.0,0.004392319713480071,-0.0005,-0.010263911853740426,-0.010263911853740424,0.010263911853740426
2018-09-11,0.017009591727421225,0.018009591727421222,0.018009591727421226,0.017009591727421225,0.01700959172742122,-0.018009591727421226,0.0,0.009627615972890826,0.0,-0.018009591727421226,-0.018009591727421226,0.018009591727421226
2018-09-12,0.02358830038293047,0.02358830038293047,0.02358830038293047,0.02358830038293047,-0.024588300382930472,-0.02358830038293047,0.0,0.012680125800264714,0.0,-0.02358830038293047,-0.02358830038293047,0.02358830038293047
2018-09-13,-0.013073615964806717,-0.013073615964806717,-0.013073615964806717,-0.013073615964806717,-0.014073615964806718,0.013073615964806717,-0.013573615964806718,-0.00702785246952597,0.012573615964806717,0.013073615964806717,0.013073615964806717,-0.013073615964806717
2018-09-14,0.02065575866429037,0.02065575866429037,0.02065575866429037,0.02065575866429037,0.020655758664290366,-0.02065575866429037,0.02065575866429037,0.011103708792543816,0.019655758664290368,0.019655758664290368,-0.020655758664290366,0.02065575866429037
2018-09-17,0.0070390263004005416,0.0070390263004005416,0.0070390263004005416,0.0070390263004005416,0.0070390263004005416,-0.0070390263004005416,0.0070390263004005416,0.004228697167495797,-0.008039026300400542,0.0070390263004005416,-0.0070390263004005416,0.0070390263004005416
2018-09-18,0.010484891823207665,0.010484891823207663,0.010484891823207665,0.010484891823207665,0.010484891823207665,-0.010484891823207665,0.010484891823207665,0.006349462662268976,-0.010484891823207665,0.010484891823207665,-0.010484891823207665,0.010484891823207665
2018-09-19,0.011673226815380966,0.011673226815380964,0.011673226815380966,0.011673226815380966,0.011673226815380966,-0.011673226815380966,0.011673226815380966,0.0070690970457512195,-0.011673226815380966,0.011673226815380966,-0.011673226815380966,0.011673226815380966
2018-09-20,-0.02414523401696045,-0.02414523401696045,-0.02414523401696045,-0.02414523401696045,-0.02414523401696045,0.02414523401696045,-0.02414523401696045,-0.014621921184069488,0.02414523401696045,-0.02414523401696045,0.02414523401696045,-0.02414523401696045
2018-09-21,0.006349614002525206,0.006349614002525206,0.006349614002525206,-0.007349614002525206,0.006349614002525206,-0.006349614002525206,0.006349614002525206,0.003845212493238667,-0.0005,0.006349614002525206,-0.006349614002525206,0.006349614002525206
2018-09-24,0.03307248843118882,0.03307248843118882,0.03307248843118882,-0.03307248843118882,0.03307248843118882,-0.03307248843118882,0.03307248843118882,0.020028106534904867,0.03257248843118882,0.03307248843118882,-0.03307248843118881,0.03307248843118882
2018-09-25,0.006318290981500496,0.006318290981500496,0.006318290981500496,0.005318290981500496,0.006318290981500496,-0.006318290981500496,0.006318290981500496,0.003384857677539898,0.006318290981500496,0.006318290981500496,-0.006318290981500496,0.006318290981500496
2018-09-26,-0.011510887205401499,-0.011510887205401499,-0.011510887205401499,-0.011510887205401499,-0.011510887205401499,0.011510887205401499,-0.011510887205401499,-0.006225622900330291,-0.011510887205401499,-0.011510887205401499,0.011510887205401499,-0.011510887205401499
2018-09-27,0.004234656580618612,0.004234656580618612,0.004234656580618612,-0.005234656580618612,0.004234656580618612,-0.004234656580618612,0.004234656580618612,0.002290299132716942,-0.005234656580618612,0.004234656580618612,-0.004234656580618611,0.004234656580618612
2018-09-28,0.00506012003598677,0.00506012003598677,0.00506012003598677,-0.00506012003598677,0.00506012003598677,-0.00506012003598677,0.00506012003598677,0.002736748142200267,0.00406012003598677,0.00506012003598677,-0.0050601200359867695,0.00506012003598677
2018-10-01,0.014474354249043309,0.014474354249043309,0.014474354249043309,-0.014474354249043309,0.014474354249043309,-0.014474354249043309,0.014474354249043309,0.007828403638431273,-0.0005,0.014474354249043309,-0.014474354249043309,0.014474354249043309
2018-10-02,0.003928908040079282,0.003928908040079281,0.003928908040079282,0.002928908040079282,0.003928908040079282,-0.003928908040079282,0.003928908040079282,0.0021249361088458533,-0.004428908040079282,0.003928908040079282,-0.003928908040079282,0.003928908040079282
2018-10-03,0.0067973051199297085,0.0067973051199297085,0.0067973051199297085,0.0067973051199297085,0.0067973051199297085,-0.0067973051199297085,0.0067973051199297085,0.004082253079947722,0.0057973051199297085,0.0067973051199297085,-0.0067973051199297085,0.0067973051199297085
2018-10-04,-0.00818380692405829,-0.008183806924058288,-0.00818380692405829,-0.00818380692405829,-0.00818380692405829,0.00818380692405829,-0.00818380692405829,-0.0049537506627401195,0.00718380692405829,-0.00818380692405829,0.00818380692405829,-0.00818380692405829
2018-10-05,-0.01031314513769499,-0.01031314513769499,-0.01031314513769499,0.00931314513769499,-0.01031314513769499,0.01031314513769499,-0.01031314513769499,-0.006242663107141958,0.01031314513769499,-0.01031314513769499,0.010313145137694988,-0.01031314513769499
2018-10-08,0.0004167773398306984,0.0004167773398306983,0.0004167773398306984,-0.0004167773398306984,0.0004167773398306984,-0.0004167773398306984,0.0004167773398306984,0.00024403841136183966,-0.0005832226601693016,0.0004167773398306984,-0.00041677733983069837,0.0004167773398306984
2018-10-09,0.027083372681971696,0.027083372681971696,0.027083372681971696,-0.027083372681971696,0.027083372681971696,-0.027083372681971696,0.027083372681971696,0.019075961712662116,-0.0005,0.027083372681971696,-0.027083372681971692,0.027083372681971696
2018-10-10,-0.058823546313696795,-0.058823546313696795,-0.058823546313696795,-0.059823546313696796,-0.058823546313696795,-0.0005,-0.058823546313696795,-0.03170039634232375,0.058323546313696795,-0.058823546313696795,0.058823546313696795,-0.058823546313696795
2018-10-11,-0.0005,-0.03814653670083045,-0.03814653670083046,0.03714653670083046,-0.03814653670083046,0.0,-0.0005,-0.01894373072519302,0.03814653670083046,-0.03814653670083046,0.03814653670083046,-0.03814653670083046
2018-10-12,0.0,0.011203331925845994,0.011203331925845994,-0.011203331925845994,-0.012203331925845995,0.0,0.0,0.005389619491498642,-0.011203331925845994,0.011203331925845994,-0.011203331925845994,0.011203331925845994
2018-10-15,0.0,-0.01240881327069221,-0.01240881327069221,0.01240881327069221,-0.01340881327069221,0.0,0.0,-0.006081478058642247,0.01240881327069221,-0.01240881327069221,0.01240881327069221,-0.01240881327069221
2018-10-16,0.0,-0.0013462055743950208,-0.0013462055743950208,0.0013462055743950208,0.00034620557439502073,0.0,0.0,-0.0006613901714246269,-0.0023462055743950208,-0.0013462055743950208,0.0013462055743950208,-0.0013462055743950208
2018-10-17,0.0,-0.02763446892222876,-0.02763446892222876,0.02763446892222876,0.02763446892222876,0.0,0.0,-0.013661273927494909,-0.02763446892222876,-0.02763446892222876,0.02763446892222876,-0.02763446892222876
2018-10-18,0.0,-0.021949564921019404,-0.021949564921019404,0.021949564921019404,0.021949564921019404,0.0,0.0,-0.010675459526616412,0.020949564921019403,-0.021949564921019404,-0.022949564921019405,-0.021949564921019404
2018-10-19,0.0,0.00047508381174510284,0.00047508381174510284,-0.00047508381174510284,-0.00047508381174510284,0.0,0.0,0.00022637771592394477,-0.0005249161882548972,-0.0014750838117451029,0.00047508381174510284,0.00047508381174510284
2018-10-22,0.0,-0.01924006407408274,-0.01924006407408274,0.01924006407408274,0.01924006407408274,0.0,0.0,-0.009263185334504553,-0.01924006407408274,0.01924006407408274,-0.01924006407408274,-0.01924006407408274
2018-10-23,0.0,-0.0005,-0.0005,0.03657074933475846,0.03657074933475846,-0.03707074933475846,0.036070749334758456,-0.01758394072622627,0.035570749334758456,0.03657074933475846,-0.03657074933475846,-0.03657074933475846
2018-10-24,0.0,0.0,0.0,0.045499937048194106,0.045499937048194106,-0.045499937048194106,0.045499937048194106,-0.02144888439760554,0.045499937048194106,0.045499937048194106,-0.045499937048194106,-0.045499937048194106
2018-10-25,0.0,0.0,0.0,-0.004740493330747331,-0.004740493330747331,0.004740493330747331,-0.004740493330747331,0.0021468191405357617,-0.004740493330747331,-0.004740493330747331,0.004740493330747331,0.004740493330747331
2018-10-26,0.0,0.0,0.0,0.01992129544157184,0.019921295441571837,-0.01992129544157184,0.01992129544157184,-0.009077348465589821,-0.02092129544157184,0.01992129544157184,-0.01992129544157184,-0.01992129544157184
2018-10-29,0.0,0.0,0.0,0.032361574467927534,0.032361574467927534,-0.032361574467927534,0.032361574467927534,-0.01485207636996097,-0.032361574467927534,0.032361574467927534,-0.032361574467927534,-0.032361574467927534
2018-10-30,0.0,0.0,0.0,-0.03510212713233818,-0.03510212713233818,0.03510212713233818,-0.03510212713233818,0.015851958879668678,0.03510212713233818,-0.03510212713233818,0.03510212713233818,0.03510212713233818
2018-10-31,0.0,0.0,0.0,0.009146828512895167,-0.010146828512895167,0.010146828512895167,-0.010146828512895167,0.0044925595510124155,-0.011146828512895168,-0.010146828512895167,0.010146828512895167,0.010146828512895167
2018-11-01,0.0,0.0,0.0,-0.03806504527062493,0.03806504527062493,-0.03806504527062493,0.03806504527062493,-0.01684914612742945,0.03806504527062493,0.03806504527062493,-0.03806504527062493,-0.03806504527062493
2018-11-02,0.0,0.0,0.0,0.011365637445933774,0.012365637445933775,-0.012365637445933775,0.012365637445933775,-0.005393461508500388,0.012365637445933775,0.012365637445933775,-0.012365637445933775,-0.012365637445933775
2018-11-05,0.0,0.0,0.0,-0.04563134324634999,-0.04563134324634999,0.04563134324634999,-0.04563134324634999,0.019929954730427964,-0.04563134324634999,-0.04563134324634999,0.04563134324634999,0.04563134324634999
2018-11-06,0.0,0.0,0.0,-0.007386357019209643,0.006386357019209643,-0.006386357019209643,0.006386357019209643,-0.0027047376385348366,0.006386357019209643,0.006386357019209643,-0.006386357019209643,-0.006386357019209643
2018-11-07,0.0,0.0,0.0,0.012587050670455957,-0.012587050670455957,0.012587050670455957,-0.012587050670455957,0.005316162416739061,-0.012587050670455957,-0.012587050670455957,0.012587050670455957,0.012587050670455957
2018-11-08,0.0468417888565687,0.0,0.0,-0.0473417888565687,0.0473417888565687,-0.0473417888565687,0.0473417888565687,-0.016410530014209612,0.0473417888565687,0.0473417888565687,0.0463417888565687,-0.0473417888565687
2018-11-09,-0.029428268725297135,0.0,0.0,-0.030428268725297136,-0.029428268725297135,0.029428268725297135,-0.029428268725297135,0.010177214322155341,-0.0005,-0.029428268725297135,-0.029428268725297135,0.029428268725297135
2018-11-12,0.027778030957269162,0.0,0.0,-0.028778030957269163,0.027778030957269162,-0.027778030957269162,0.027778030957269162,-0.009606510567730986,0.02727803095726916,0.027778030957269162,0.027778030957269162,-0.027778030957269162
2018-11-13,0.02246904190902188,0.0,0.0,0.02146904190902188,0.02246904190902188,-0.02246904190902188,0.02246904190902188,-0.007770496363757709,-0.02346904190902188,0.02246904190902188,0.02246904190902188,-0.02246904190902188
2018-11-14,-0.024971508628130357,0.0,0.0,-0.024971508628130357,-0.024971508628130357,0.024971508628130357,-0.024971508628130357,0.008635927503189127,-0.0005,-0.024971508628130357,-0.024971508628130357,0.024971508628130357
2018-11-15,-0.024086646795348665,0.0,0.0,0.023086646795348664,-0.02408664679534866,0.024086646795348665,-0.024086646795348665,0.008329914648617999,0.023586646795348665,-0.024086646795348665,-0.024086646795348665,0.024086646795348665
2018-11-16,-0.011895209068877977,0.0,0.0,0.011895209068877977,-0.011895209068877977,0.011895209068877977,-0.011895209068877977,0.004113734764041737,0.011895209068877977,-0.011895209068877977,-0.011895209068877977,0.011895209068877977
2018-11-19,-0.025044857247768282,0.0,0.0,-0.02404485724776828,0.02404485724776828,-0.02404485724776828,0.02404485724776828,-0.008315462518045129,-0.02404485724776828,0.02404485724776828,0.02404485724776828,-0.02404485724776828
2018-11-20,0.049917138245981985,0.0,0.0,0.049917138245981985,0.050917138245981985,-0.050917138245981985,0.050917138245981985,-0.01760873646483732,-0.050917138245981985,0.050917138245981985,0.050917138245981985,-0.050917138245981985
2018-11-21,-0.03922683465959631,0.0,0.0,-0.03922683465959631,-0.03922683465959631,0.03922683465959631,-0.03922683465959631,0.013565864415506225,-0.04022683465959631,-0.03922683465959631,-0.03922683465959631,0.03922683465959631
2018-11-23,0.03247293650543437,0.0,0.0,-0.03347293650543437,0.03247293650543436,-0.03247293650543437,0.03247293650543437,-0.010023268361667293,-0.03347293650543437,0.03247293650543437,0.03247293650543437,-0.03247293650543437
2018-11-26,-0.014629881502672637,0.0,0.0,-0.015629881502672638,-0.014629881502672637,0.014629881502672637,-0.014629881502672637,0.004507233592093647,0.014629881502672637,-0.014629881502672637,-0.014629881502672637,0.014629881502672637
2018-11-27,0.008198753296348893,0.0,0.0,-0.009198753296348894,0.008198753296348893,-0.008198753296348893,0.008198753296348893,-0.0025259053714031397,-0.008198753296348893,0.008198753296348893,0.008198753296348893,-0.008198753296348893
2018-11-28,-0.005130962581345377,0.0,0.0,-0.0061309625813453774,-0.005130962581345377,0.005130962581345377,-0.005130962581345377,0.0015807678894863638,0.005130962581345377,-0.005130962581345377,-0.005130962581345377,0.005130962581345377
2018-11-29,-0.007941241760044848,0.0,0.0,0.006941241760044848,-0.007941241760044848,0.007941241760044848,-0.007941241760044848,0.0024465701664960326,0.007941241760044848,-0.007941241760044848,-0.007941241760044848,0.007941241760044848
2018-11-30,0.01153623073940735,0.0,0.0,-0.01153623073940735,0.011536230739407348,-0.01153623073940735,0.01153623073940735,-0.003554129040983773,-0.01153623073940735,0.01153623073940735,0.01153623073940735,-0.01153623073940735
2018-12-03,-0.03871324885963334,0.0,0.0,-0.03971324885963334,-0.038713248859633335,0.03871324885963334,-0.03871324885963334,0.011926935682106798,0.03871324885963334,-0.03871324885963334,-0.03871324885963334,0.03871324885963334
2018-12-04,-0.04073693304794035,0.0,0.0,-0.04073693304794035,-0.04073693304794035,-0.03973693304794035,0.03973693304794035,-0.012242316484090023,-0.03973693304794035,0.03973693304794035,0.03973693304794035,-0.03973693304794035
2018-12-06,0.03153426354969169,0.0,0.0,0.03153426354969169,0.03153426354969169,-0.03253426354969169,0.03253426354969169,-0.01002328867382895,-0.03253426354969169,0.03253426354969169,0.03253426354969169,-0.03253426354969169
2018-12-07,0.026253921316676254,0.0,0.0,0.026253921316676254,0.026253921316676254,-0.026253921316676254,0.026253921316676254,-0.008088415211093084,-0.0005,0.026253921316676254,0.026253921316676254,-0.026253921316676254
2018-12-10,0.05301412102584635,0.0,0.0,0.05301412102584635,0.05301412102584635,-0.05301412102584635,0.05301412102584635,-0.016332806735267207,0.05251412102584635,0.05301412102584635,0.05301412102584635,-0.05301412102584635
2018-12-11,0.022072824689994386,0.0,0.0,0.022072824689994386,0.022072824689994386,0.021072824689994385,0.022072824689994386,-0.006800285900946091,-0.023072824689994387,0.022072824689994386,0.022072824689994386,-0.022072824689994386
2018-12-12,-0.02486096268180038,0.0,0.0,-0.02486096268180038,-0.02486096268180038,-0.02486096268180038,-0.02486096268180038,0.007659266830748205,0.02486096268180038,-0.02486096268180038,-0.02486096268180038,0.02486096268180038
2018-12-13,0.0009576674863722712,0.0,0.0,0.0009576674863722712,0.0009576674863722712,0.0009576674863722712,0.0009576674863722712,-0.00029504210706316695,-0.0009576674863722712,0.0009576674863722712,0.0009576674863722712,-0.0009576674863722712
2018-12-14,0.03386542176524443,0.0,0.0,0.03386542176524443,0.03386542176524443,0.03386542176524443,0.03386542176524443,-0.01043339732880573,-0.0005,0.03386542176524443,0.03386542176524443,-0.03386542176524443
2018-12-17,0.0023150754962658615,0.0,0.0,0.0023150754962658615,0.0023150754962658615,0.0023150754962658615,0.0023150754962658615,-0.0007132379057954868,0.0,0.0023150754962658615,0.0023150754962658615,-0.0023150754962658615
2018-12-18,0.030825413104845767,0.0,0.0,0.030825413104845767,0.030825413104845763,0.030825413104845767,0.030825413104845767,-0.010483913838225903,0.0,0.030825413104845767,0.030825413104845767,-0.030825413104845767
2018-12-19,0.016757752400913373,0.0,0.0,0.016757752400913373,0.016757752400913373,0.016757752400913373,0.016757752400913373,-0.005690850111618588,0.0,0.016757752400913373,0.016757752400913373,-0.016757752400913373
2018-12-20,0.060869658918902725,0.0,0.0,0.060869658918902725,0.060869658918902725,0.060869658918902725,0.060869658918902725,-0.020671036124984315,-0.061369658918902725,0.060869658918902725,0.060869658918902725,-0.060869658918902725
2018-12-21,0.016666475431695527,0.0,0.0,0.016666475431695527,0.016666475431695527,0.016666475431695527,0.016666475431695527,-0.005659852902802371,-0.016666475431695527,0.016666475431695527,0.016666475431695527,-0.016666475431695527
2018-12-24,0.04331471253146313,0.0,0.0,0.04331471253146313,0.04331471253146313,0.04331471253146313,0.04331471253146313,-0.0147094628651375,-0.04331471253146313,0.04331471253146313,0.04331471253146313,-0.04331471253146313
2018-12-26,-0.06456702982866247,0.0,0.0,-0.06456702982866247,-0.06456702982866247,-0.06456702982866247,-0.06456702982866247,0.021926645060545074,-0.0005,-0.06456702982866247,-0.06456702982866247,0.06456702982866247
2018-12-27,0.011094922619279024,0.0,0.0,-0.012094922619279025,0.011094922619279024,0.011094922619279024,0.011094922619279024,-0.003767781031475453,-0.011594922619279024,0.011094922619279024,0.011094922619279024,-0.011094922619279024
2018-12-28,0.014958674719172671,0.0,0.0,-0.014958674719172671,0.014958674719172671,0.014958674719172671,0.014958674719172671,-0.005079892199065438,-0.014958674719172671,0.014958674719172671,0.014958674719172671,-0.014958674719172671
2018-12-31,0.0034169241819380636,0.0,0.0,-0.0034169241819380636,0.0034169241819380636,0.0034169241819380636,0.0034169241819380636,-0.0011603706091942636,-0.0034169241819380636,0.0034169241819380636,0.0034169241819380636,-0.0034169241819380636
2019-01-02,-0.03276197983103746,0.0,0.0,0.03276197983103746,-0.03276197983103745,-0.03276197983103746,-0.03276197983103746,0.011125806857496203,0.03276197983103746,-0.03276197983103746,-0.03276197983103746,0.03276197983103746
2019-01-03,-0.002582104937554952,0.0,0.0,0.002582104937554952,-0.002582104937554952,-0.002582104937554952,-0.002582104937554952,0.0007624855764355503,0.002582104937554952,-0.002582104937554952,-0.002582104937554952,0.002582104937554952
2019-01-04,-0.04194245560371268,0.0,0.0,0.04194245560371268,-0.04194245560371268,-0.04194245560371268,-0.04194245560371268,0.012686862977968085,-0.0005,-0.04194245560371268,-0.04194245560371268,0.04194245560371268
2019-01-07,-0.021539544247644926,0.0,0.0,0.021539544247644926,-0.021539544247644926,-0.021539544247644926,-0.021539544247644926,0.006515337324540495,0.0,-0.021539544247644926,-0.021539544247644926,0.021539544247644926
2019-01-08,0.013863498220825998,0.0,0.0,0.014863498220826,-0.014863498220825997,-0.014863498220826,-0.014863498220826,0.004495949571541058,-0.015363498220826,-0.014863498220826,-0.014863498220826,0.014863498220826
2019-01-09,0.051089788493284605,0.0,0.0,0.051089788493284605,-0.051089788493284605,0.050089788493284604,-0.051089788493284605,0.015453772004000105,-0.051089788493284605,-0.051089788493284605,-0.051089788493284605,0.051089788493284605
2019-01-10,0.0032406660967811973,0.0,0.0,0.0032406660967811973,-0.0032406660967811973,0.0032406660967811973,-0.0005,0.0009802451033308211,-0.0005,-0.0032406660967811973,-0.0032406660967811973,0.0032406660967811973
2019-01-11,0.004521867988593442,0.0,0.0,0.004521867988593442,-0.004521867988593442,0.004521867988593442,0.0,0.0013677863813645428,0.0,-0.004521867988593442,-0.004521867988593442,0.004521867988593442
2019-01-14,0.01511232915664884,0.0,0.0,0.01511232915664884,0.01411232915664884,0.01511232915664884,0.01461232915664884,0.004571216599711543,-0.015612329156648841,-0.01511232915664884,-0.01511232915664884,0.01511232915664884
2019-01-15,0.005701729996589133,0.0,0.0,0.005701729996589133,0.005701729996589133,0.005701729996589133,0.005701729996589133,0.0017246741079626634,0.004701729996589133,-0.005701729996589133,-0.005701729996589133,0.005701729996589133
2019-01-16,-0.01700769630394683,0.0,0.0,-0.01700769630394683,-0.01700769630394683,-0.01700769630394683,-0.01700769630394683,-0.005144532180418346,-0.01700769630394683,0.01700769630394683,0.01700769630394683,-0.01700769630394683
2019-01-17,0.015379639495378683,0.0,0.0,-0.016379639495378684,0.015379639495378683,0.015379639495378683,0.015379639495378683,0.004652073325700652,0.015379639495378683,0.014379639495378682,-0.015379639495378683,0.015379639495378683
2019-01-18,0.020674114231827856,0.0,0.0,0.019674114231827855,0.020674114231827856,0.020674114231827856,0.020674114231827856,0.006253559804134178,0.020674114231827856,0.020674114231827856,-0.020674114231827856,0.020674114231827856
2019-01-22,-0.017762543662253272,0.0,0.0,-0.017762543662253272,-0.017762543662253272,-0.017762543662253272,-0.017762543662253272,-0.005372860371180436,-0.017762543662253272,-0.017762543662253272,0.017762543662253272,-0.017762543662253272
2019-01-23,-0.017448971119117584,0.0,0.0,0.016448971119117584,-0.017448971119117584,-0.017448971119117584,-0.017448971119117584,-0.0052780101333688165,-0.017448971119117584,-0.017448971119117584,0.017448971119117584,-0.017448971119117584
2019-01-24,0.02809150537117011,0.0,0.0,-0.02809150537117011,0.02809150537117011,0.02809150537117011,0.02809150537117011,0.010158044884209941,0.02809150537117011,0.02809150537117011,-0.02809150537117011,0.02809150537117011
2019-01-25,0.006909616780414352,0.0,0.0,0.0059096167804143515,0.006909616780414352,0.006909616780414352,0.006909616780414352,0.002505958882533141,0.006909616780414352,0.006909616780414352,-0.006909616780414352,0.006909616780414352
2019-01-28,0.007174067031022968,0.0,0.0,0.007174067031022968,0.007174067031022968,0.007174067031022968,0.007174067031022968,0.002940043481734909,0.007174067031022968,0.007174067031022968,-0.007174067031022968,0.007174067031022968
2019-01-29,0.02446555577966003,0.0,0.0,0.02446555577966003,0.02446555577966003,0.02446555577966003,0.02446555577966003,0.011878137988433145,0.02446555577966003,0.02446555577966003,-0.02446555577966003,0.02446555577966003
2019-01-30,0.009673808638587023,0.0,0.0,0.009673808638587023,0.009673808638587023,0.009673808638587023,0.009673808638587023,0.004711241227112634,-0.0005,0.009673808638587023,-0.009673808638587023,0.009673808638587023
2019-01-31,-0.017365288162892845,0.0,0.0,-0.017365288162892845,-0.017365288162892845,-0.017365288162892845,-0.017365288162892845,-0.008457068417435785,-0.017865288162892845,-0.017365288162892845,0.017365288162892845,-0.017365288162892845
2019-02-01,-0.005179935575030159,0.0,0.0,-0.005179935575030159,-0.005179935575030159,-0.005179935575030159,-0.005179935575030159,-0.002522680254137626,-0.005179935575030159,-0.005179935575030159,0.005179935575030159,-0.005179935575030159
2019-02-04,0.014701389459415015,0.0,0.0,-0.015701389459415016,0.014701389459415015,0.014701389459415015,0.014701389459415015,0.007159723197413968,-0.015701389459415016,0.014701389459415015,-0.014701389459415015,0.014701389459415015
2019-02-05,-0.009054988973024147,0.0,0.0,-0.010054988973024148,-0.009054988973024147,-0.009054988973024147,-0.009054988973024147,-0.004409869882126664,0.009054988973024147,-0.009054988973024147,0.009054988973024147,-0.009054988973024147
2019-02-06,-0.02985094739852301,0.0,0.0,-0.02985094739852301,-0.02985094739852301,-0.02985094739852301,-0.02985094739852301,-0.016100010587454767,0.02985094739852301,-0.02985094739852301,0.02985094739852301,-0.02985094739852301
2019-02-07,0.040444390751372405,0.0,0.0,0.040444390751372405,-0.041444390751372406,-0.041444390751372406,-0.041444390751372406,-0.02231716317394005,-0.0005,-0.041444390751372406,0.041444390751372406,-0.041444390751372406
2019-02-08,0.021617841205582522,0.0,0.0,0.021617841205582522,-0.021617841205582522,0.02061784120558252,-0.0005,-0.009591316584678562,0.0,-0.021617841205582522,0.021617841205582522,-0.021617841205582522
2019-02-11,-0.016069566605634522,0.0,0.0,-0.016069566605634522,-0.017069566605634523,-0.016069566605634522,0.0,0.008014207998652205,-0.016569566605634523,0.016069566605634522,-0.016069566605634522,0.016069566605634522
2019-02-12,-0.024052642981999606,0.0,0.0,-0.024052642981999606,-0.024052642981999606,-0.024052642981999606,-0.024552642981999606,0.012039775724294257,0.023052642981999605,0.024052642981999606,-0.024052642981999602,0.024052642981999606
2019-02-13,-0.03861002935372726,0.0,0.0,0.03761002935372726,-0.03861002935372726,-0.03861002935372726,-0.03861002935372726,0.019326611818717,0.03861002935372726,0.03861002935372726,-0.03861002935372725,0.03861002935372726
2019-02-14,0.011081806844445707,0.0,0.0,0.012081806844445708,-0.012081806844445708,-0.012081806844445708,-0.012081806844445708,0.005305345007229468,0.012081806844445708,0.012081806844445708,-0.012081806844445707,0.012081806844445708
2019-02-15,0.019283524297445842,0.0,0.0,0.019283524297445842,-0.019283524297445842,-0.019283524297445842,-0.019283524297445842,0.008514836146118884,0.019283524297445842,0.019283524297445842,-0.01928352429744584,0.019283524297445842
2019-02-19,0.00030053220351500265,0.0,0.0,0.00030053220351500265,-0.00030053220351500265,-0.0006994677964849974,-0.0005,0.00013270304899095888,0.00030053220351500265,0.00030053220351500265,-0.0003005322035150026,0.00030053220351500265
2019-02-20,0.01471046920526331,0.0,0.0,0.01471046920526331,-0.01471046920526331,0.01471046920526331,0.0,0.006495557190857247,0.01471046920526331,0.01471046920526331,-0.014710469205263308,0.01471046920526331
2019-02-21,-0.01272199931165785,0.0,0.0,-0.01272199931165785,0.01272199931165785,-0.01272199931165785,0.0,-0.00561752809905977,-0.01272199931165785,-0.01272199931165785,0.01272199931165785,-0.01272199931165785
2019-02-22,0.0029967142692568505,0.0,0.0,-0.0039967142692568505,-0.0029967142692568505,0.0029967142692568505,0.0,0.0013232296433924272,-0.0039967142692568505,0.0029967142692568505,-0.0029967142692568505,0.0029967142692568505
2019-02-25,-0.00029893608806264016,0.0,0.0,0.00029893608806264016,0.00029893608806264016,-0.00029893608806264016,0.0,-0.0001319982679904778,-0.0012989360880626402,-0.00029893608806264016,0.00029893608806264016,-0.00029893608806264016
2019-02-26,-0.011057888395786475,0.0,0.0,0.011057888395786475,0.011057888395786475,-0.011057888395786475,0.0,-0.004882723010578647,-0.011057888395786475,-0.011057888395786475,0.011057888395786475,-0.011057888395786475
2019-02-27,0.014203745224423248,0.0,0.0,-0.014203745224423248,-0.014203745224423248,0.014203745224423248,0.0,0.006271808066910349,-0.015203745224423248,0.014203745224423248,-0.014203745224423248,0.014203745224423248
2019-02-28,-0.01132293278786134,0.0,0.0,-0.01232293278786134,0.01132293278786134,-0.01132293278786134,0.0,-0.004999756055739592,0.01132293278786134,-0.01132293278786134,0.01132293278786134,-0.01132293278786134
2019-03-01,0.024412121884115345,0.0,0.0,-0.025412121884115346,-0.024412121884115345,0.024412121884115345,0.0,0.011905136305225682,0.023412121884115344,0.024412121884115345,-0.024412121884115345,0.024412121884115345
2019-03-04,-0.009414609164006826,0.0,0.0,-0.010414609164006827,0.009414609164006826,-0.009414609164006826,0.0,-0.0046003298121792685,0.008414609164006825,-0.009414609164006826,0.009414609164006826,-0.009414609164006826
2019-03-05,0.001782271214625597,0.0,0.0,0.001782271214625597,-0.001782271214625597,0.001782271214625597,0.0,0.0008708843096086219,0.000782271214625597,0.001782271214625597,-0.001782271214625597,0.001782271214625597
2019-03-06,-0.029647300875129345,0.0,0.0,-0.029647300875129345,0.029647300875129345,-0.029647300875129345,0.0,-0.014486778971975938,-0.029647300875129345,-0.029647300875129345,0.029647300875129345,-0.029647300875129345
2019-03-07,0.016498627005593125,0.0,0.0,-0.017498627005593126,-0.016498627005593125,0.016498627005593125,0.0,0.008061845622230123,0.016498627005593125,0.016498627005593125,-0.016498627005593125,0.016498627005593125
2019-03-08,-0.03967549657008862,0.0,0.0,-0.04067549657008862,0.03967549657008862,-0.03967549657008862,0.0,-0.01938693008969423,-0.03967549657008862,-0.03967549657008862,0.03967549657008862,-0.03967549657008862
2019-03-11,-0.02603928866169014,0.0,0.0,-0.02603928866169014,-0.02503928866169014,-0.02603928866169014,-0.02553928866169014,0.010958784715933761,0.02503928866169014,0.02503928866169014,-0.02503928866169014,0.02503928866169014
2019-03-12,-0.028396897197906945,0.0,0.0,0.027396897197906944,-0.028396897197906945,-0.028396897197906945,-0.028396897197906945,0.012456626326351061,-0.029396897197906946,0.028396897197906945,-0.028396897197906945,0.028396897197906945
2019-03-13,0.01800231864251345,0.0,0.01850231864251345,0.01900231864251345,0.01800231864251345,-0.01900231864251345,-0.01900231864251345,0.008335586138667693,-0.01900231864251345,0.01900231864251345,-0.01900231864251345,0.01900231864251345
2019-03-14,-0.0014569835034186074,0.0,-0.0014569835034186074,-0.0014569835034186074,-0.0014569835034186074,-0.0005,-0.0005,-0.0006391226104477761,-0.0005,-0.0014569835034186074,-0.0024569835034186074,-0.0014569835034186074
2019-03-15,0.005252590012611913,0.0,0.005252590012611913,0.005252590012611913,0.005252590012611913,0.0,0.0,0.002528357673369075,0.0047525900126119125,0.005252590012611913,0.005252590012611913,0.005252590012611913
2019-03-18,0.016255284065651354,0.0,0.016255284065651354,0.016255284065651354,0.016255284065651354,0.0,0.015755284065651354,0.007897564953900687,-0.017255284065651355,0.016255284065651354,0.016255284065651354,0.016255284065651354
2019-03-19,-0.01485279457429578,0.0,-0.01485279457429578,-0.01485279457429578,-0.01485279457429578,-0.01535279457429578,-0.01485279457429578,-0.007216171026214812,-0.01585279457429578,-0.01485279457429578,-0.01485279457429578,-0.01485279457429578
2019-03-20,0.023195144975816318,0.0,0.023195144975816318,-0.02419514497581632,0.023195144975816318,0.023195144975816318,0.023195144975816318,0.011269268708058855,-0.02419514497581632,0.023195144975816318,0.023195144975816318,0.023195144975816318
2019-03-21,0.02238620337818653,0.0,0.02238620337818653,0.02138620337818653,0.02238620337818653,0.02238620337818653,0.02238620337818653,0.010876247658079595,-0.02238620337818653,0.02238620337818653,0.02238620337818653,0.02238620337818653
2019-03-22,-0.03492275620891239,0.0,-0.03492275620891239,-0.03492275620891239,-0.03492275620891239,-0.03492275620891239,-0.03492275620891239,-0.016967081867976724,0.03492275620891239,-0.03492275620891239,-0.03492275620891239,-0.03492275620891239
2019-03-25,0.002872057076024115,0.0,0.002872057076024115,-0.003872057076024115,0.002872057076024115,0.002872057076024115,0.002872057076024115,0.0013953774795692347,-0.0005,0.002872057076024115,0.002872057076024115,0.002872057076024115
2019-03-26,0.021191183139551706,0.0,0.021191183139551706,-0.021191183139551706,0.021191183139551702,0.021191183139551706,0.021191183139551706,0.010295651839653567,-0.021691183139551706,0.021191183139551706,0.021191183139551706,0.021191183139551706
2019-03-27,-0.017946836415702272,0.0,-0.017946836415702272,-0.018946836415702273,-0.017946836415702272,-0.017946836415702272,-0.017946836415702272,-0.008719398918997572,0.017946836415702272,-0.017946836415702272,-0.017946836415702272,-0.017946836415702272
2019-03-28,0.0019986049193778666,0.0,0.0019986049193778666,-0.0029986049193778666,0.0019986049193778666,0.0019986049193778666,0.0019986049193778666,0.0009710142316937524,-0.0019986049193778666,0.0019986049193778666,0.0019986049193778666,0.0019986049193778666
2019-03-29,-0.012254173012033798,0.0,-0.012254173012033798,0.012254173012033798,-0.012254173012033796,-0.012254173012033798,-0.012254173012033798,-0.0059536411008266074,0.012254173012033798,-0.012254173012033798,-0.012254173012033798,-0.012254173012033798
2019-04-01,0.00894407861566715,0.0,0.00894407861566715,-0.00894407861566715,0.00894407861566715,0.00894407861566715,-0.0005,0.00434544493561239,-0.0005,0.00894407861566715,0.00894407861566715,0.00894407861566715
2019-04-02,-0.019731644573381613,0.0,-0.019731644573381613,0.019731644573381613,-0.019731644573381613,-0.019731644573381613,0.0,-0.00958654084642224,0.019231644573381612,-0.019731644573381613,-0.019731644573381613,-0.019731644573381613
2019-04-03,0.03458889905873286,0.0,-0.03558889905873286,0.03558889905873286,-0.03558889905873286,-0.03558889905873286,0.0,-0.017290724715667734,-0.0005,-0.03558889905873286,-0.03558889905873286,-0.03558889905873286
2019-04-04,-0.009376803261871514,0.0,0.009376803261871514,-0.009376803261871514,-0.010376803261871514,-0.0005,0.0,0.003940894416796865,0.008876803261871513,0.009376803261871514,0.009376803261871514,0.009376803261871514
2019-04-05,-0.06592785347771879,0.0,0.06592785347771879,-0.06592785347771879,0.06492785347771879,0.0,0.0,0.027927062506784367,0.06592785347771879,0.06592785347771879,0.06592785347771879,0.06592785347771879
2019-04-08,-0.0012816145560816663,0.0,-0.0002816145560816663,-0.0012816145560816663,-0.0002816145560816663,0.0,0.0,-0.0001308273611656476,-0.0007183854439183337,-0.0002816145560816663,-0.0002816145560816663,-0.0002816145560816663
2019-04-09,-0.019122444317166365,0.0,-0.019122444317166365,-0.019122444317166365,-0.01912244431716636,0.0,0.0,-0.007090208016269087,-0.0005,-0.019122444317166365,-0.019122444317166365,-0.019122444317166365
2019-04-10,0.0240825332090866,0.0,0.0240825332090866,0.0240825332090866,0.0240825332090866,0.0,-0.0245825332090866,0.008929306692128713,0.0,0.0240825332090866,0.0240825332090866,0.0240825332090866
2019-04-11,-0.002239936419754729,0.0,-0.002239936419754729,-0.002239936419754729,-0.0022399364197547285,0.0,-0.0005,-0.0008305222332388234,0.001739936419754729,-0.002239936419754729,-0.002239936419754729,-0.002239936419754729
2019-04-12,0.024130205095277413,0.0,0.024130205095277413,0.024130205095277413,0.024130205095277413,0.023630205095277412,0.0,0.009821039633975598,-0.024130205095277413,0.024130205095277413,0.024130205095277413,0.024130205095277413
2019-04-15,-0.015068391343358911,0.0,-0.015068391343358911,-0.015068391343358911,-0.015068391343358911,-0.015068391343358911,0.0,-0.006025301753567359,0.015068391343358911,-0.015068391343358911,-0.015068391343358911,-0.015068391343358911
2019-04-16,0.016968288058549552,0.0,0.016968288058549552,-0.017968288058549553,0.016968288058549552,0.016968288058549552,0.0,0.00668481032728306,-0.016968288058549552,0.016968288058549552,0.016968288058549552,0.016968288058549552
2019-04-17,0.007658695238612623,0.0,0.007658695238612623,0.006658695238612623,0.007658695238612623,0.007658695238612623,0.007158695238612622,0.0030156005473749446,-0.007658695238612623,0.007658695238612623,0.007658695238612623,0.007658695238612623
2019-04-18,-0.01967756654011621,0.0,-0.01967756654011621,-0.01967756654011621,-0.01967756654011621,-0.01967756654011621,-0.01967756654011621,-0.007850884252319909,-0.02067756654011621,-0.01967756654011621,-0.01967756654011621,-0.01967756654011621
2019-04-22,0.03401161422513699,0.0,0.03401161422513699,-0.03501161422513699,0.03401161422513699,0.03401161422513699,0.03401161422513699,0.013532507143851586,-0.03501161422513699,0.03401161422513699,0.03401161422513699,0.03401161422513699
2019-04-23,-0.017794251338398737,0.0,-0.017794251338398737,-0.018794251338398738,-0.017794251338398737,-0.017794251338398737,-0.017794251338398737,-0.006899261737411433,0.017794251338398737,-0.017794251338398737,-0.017794251338398737,-0.017794251338398737
2019-04-24,-0.026077612489088353,0.0,-0.026077612489088353,0.025077612489088352,-0.026077612489088353,-0.026077612489088353,-0.026077612489088353,-0.010556847252066088,0.026077612489088353,-0.026077612489088353,-0.026077612489088353,-0.026077612489088353
2019-04-25,-0.0400224147945466,0.0,-0.0400224147945466,0.0400224147945466,-0.0400224147945466,-0.0400224147945466,-0.0400224147945466,-0.01563978175265816,-0.0410224147945466,-0.0400224147945466,-0.0400224147945466,-0.0400224147945466
2019-04-26,0.028360230961600563,0.0,-0.029360230961600564,0.029360230961600564,-0.029360230961600564,-0.029360230961600564,-0.029360230961600564,-0.010956074030635345,-0.029360230961600564,-0.029360230961600564,-0.029360230961600564,-0.029360230961600564
2019-04-29,-0.004839584320258883,0.0,0.004839584320258883,-0.004839584320258883,0.004839584320258883,0.004839584320258883,0.004839584320258883,0.0017669581370336569,0.004839584320258883,0.004839584320258883,0.004839584320258883,0.004839584320258883
2019-04-30,0.009331529524445048,0.0,-0.009331529524445048,0.009331529524445048,-0.009331529524445048,-0.009331529524445048,-0.009331529524445048,-0.0034100215531919637,-0.009331529524445048,-0.009331529524445048,-0.009331529524445048,-0.009331529524445048
2019-05-01,0.036463123921453344,0.0,-0.036463123921453344,0.036463123921453344,-0.03646312392145334,-0.036463123921453344,-0.036463123921453344,-0.013350230739707925,-0.036463123921453344,-0.036463123921453344,-0.036463123921453344,-0.036463123921453344
2019-05-02,0.06086397739473015,0.0,-0.0005,0.06086397739473015,0.05986397739473015,0.05986397739473015,-0.0005,-0.021508782074007818,0.05986397739473015,0.05986397739473015,-0.06086397739473015,-0.06086397739473015
2019-05-03,-0.02719936084278296,0.0,0.0,-0.02719936084278296,-0.02719936084278296,-0.02719936084278296,0.0,0.00874485468857341,-0.02719936084278296,-0.02719936084278296,0.02719936084278296,0.02719936084278296
2019-05-06,-0.006211215342443621,0.0,0.0,-0.006211215342443621,-0.006211215342443621,-0.006211215342443621,0.0,0.0019984986943771305,-0.006211215342443621,-0.006211215342443621,-0.007211215342443621,0.006211215342443621
2019-05-07,0.008772022754814812,0.0,0.0,0.008772022754814812,0.008772022754814812,0.008772022754814812,0.008272022754814812,-0.00282861555032794,0.008772022754814812,0.008772022754814812,0.008772022754814812,-0.008772022754814812
2019-05-08,-0.003277592779411531,0.0,0.0,-0.003277592779411531,-0.0032775927794115307,-0.003277592779411531,-0.003277592779411531,0.001224833109291108,-0.003277592779411531,-0.003277592779411531,0.002277592779411531,0.003277592779411531
2019-05-09,-0.01470105922181486,0.0,0.0,0.01370105922181486,-0.01470105922181486,-0.01470105922181486,-0.01470105922181486,0.0056157727474647635,0.01370105922181486,-0.01470105922181486,-0.01570105922181486,0.01470105922181486
2019-05-10,-0.005151361497733209,0.0,0.0,0.005151361497733209,0.004151361497733209,-0.005151361497733209,-0.005151361497733209,0.0019474927674486017,0.005151361497733209,-0.005151361497733209,-0.005151361497733209,0.005151361497733209
2019-05-13,0.034593208769287176,0.0,0.0,-0.034593208769287176,-0.034593208769287176,0.034593208769287176,0.034593208769287176,-0.013511738712033466,0.033593208769287175,0.034593208769287176,0.034593208769287176,-0.034593208769287176
2019-05-14,-0.028865109241273057,0.0,0.0,-0.029865109241273058,-0.029865109241273054,0.027865109241273056,-0.028865109241273057,0.010911407838587376,0.027865109241273056,-0.028865109241273057,-0.028865109241273057,0.028865109241273057
2019-05-15,-0.005159891915821335,0.0,0.0,0.004159891915821335,0.004159891915821335,0.005159891915821335,-0.0005,0.0019247392644237459,0.005159891915821335,-0.005159891915821335,0.004159891915821335,0.005159891915821335
2019-05-16,-0.0019250636370569119,0.0,0.0,0.0019250636370569119,-0.002925063637056912,0.0019250636370569119,0.0,0.0007165962558430561,0.0019250636370569119,-0.0019250636370569119,0.0019250636370569119,0.0019250636370569119
2019-05-17,0.026257147727678287,0.0,0.0,-0.026257147727678287,0.026257147727678287,-0.026257147727678287,0.0,-0.00997189402555825,-0.026257147727678287,0.026257147727678287,-0.026257147727678287,-0.026257147727678287
2019-05-20,0.015784029755957052,0.0,0.0,0.014784029755957051,0.015784029755957052,-0.015784029755957052,0.015284029755957051,-0.005966461409605281,-0.015784029755957052,0.015784029755957052,0.014784029755957051,-0.015784029755957052
2019-05-21,-0.030069888949905588,0.0,0.0,-0.030069888949905588,-0.030069888949905588,0.030069888949905588,-0.0005,0.011397697235061552,-0.03106988894990559,-0.030069888949905588,-0.030069888949905588,0.030069888949905588
2019-05-22,0.04346395942802683,0.0,0.0,-0.044463959428026834,0.04346395942802683,-0.04346395942802683,0.04296395942802683,-0.016693223831296684,-0.044463959428026834,0.04346395942802683,-0.044463959428026834,-0.04346395942802683
2019-05-23,0.06205507891231177,0.0,0.0,0.06105507891231177,0.06205507891231177,-0.06205507891231177,0.06205507891231177,-0.022819118414954268,0.06105507891231177,0.06205507891231177,0.06105507891231177,-0.06205507891231177
2019-05-24,0.011930426261636429,0.0,0.0,0.011930426261636429,0.011930426261636429,-0.011930426261636429,0.011930426261636429,-0.004047736784780184,0.011930426261636429,0.011930426261636429,0.011930426261636429,-0.011930426261636429
2019-05-28,0.015367966118920107,0.0,0.0,0.015367966118920107,0.015367966118920107,-0.015367966118920107,0.015367966118920107,-0.005348241666467085,0.015367966118920107,0.015367966118920107,0.015367966118920107,-0.015367966118920107
2019-05-29,0.009290082457334647,0.0,0.0,0.009290082457334647,0.009290082457334646,-0.009290082457334647,0.009290082457334647,-0.0032716059329289276,0.009290082457334647,0.009290082457334647,0.009290082457334647,-0.009290082457334647
2019-05-30,0.018004645789356566,0.0,0.0,0.018004645789356566,0.018004645789356566,-0.018004645789356566,0.018004645789356566,-0.006384933002339462,0.018004645789356566,0.018004645789356566,0.018004645789356566,-0.018004645789356566
2019-05-31,0.004201654319676784,0.0,0.0,0.004201654319676784,0.004201654319676783,-0.004201654319676784,0.004201654319676784,-0.0014870101687820849,-0.005201654319676784,0.004201654319676784,0.004201654319676784,-0.004201654319676784
2019-06-03,-0.0314538463101115,0.0,0.0,-0.0314538463101115,-0.0314538463101115,0.0314538463101115,-0.0314538463101115,0.011401815026612276,-0.0324538463101115,-0.0314538463101115,-0.0314538463101115,0.0314538463101115
2019-06-04,-0.053923478431382676,0.0,0.0,0.052923478431382676,-0.053923478431382676,0.053923478431382676,-0.053923478431382676,0.020694808443682915,-0.053923478431382676,-0.053923478431382676,0.052923478431382676,0.053923478431382676
2019-06-05,0.010585594683333421,0.0,0.0,-0.010585594683333421,0.010585594683333421,-0.010585594683333421,0.010585594683333421,-0.0037326837159910144,0.010585594683333421,0.010585594683333421,-0.010585594683333421,-0.010585594683333421
2019-06-06,-0.028530564697685,0.0,0.0,0.028530564697685,-0.028530564697685,0.028530564697685,-0.028530564697685,0.010033197284441131,-0.028530564697685,-0.028530564697685,0.028530564697685,0.028530564697685
2019-06-07,-0.0038140420546191045,0.0,0.0,0.0038140420546191045,-0.0038140420546191045,0.0038140420546191045,-0.0005,0.001292512921734019,-0.0038140420546191045,-0.0038140420546191045,0.0038140420546191045,0.0038140420546191045
2019-06-10,-0.0034178666662406645,0.0,0.0,-0.0024178666662406645,0.0024178666662406645,-0.0024178666662406645,0.0,-0.0008228255238577653,0.0024178666662406645,0.0024178666662406645,-0.0024178666662406645,-0.0024178666662406645
2019-06-11,-0.001038854503754183,0.0,0.0,-0.001038854503754183,0.001038854503754183,-0.001038854503754183,0.0,-0.0003587294987929579,0.001038854503754183,0.001038854503754183,3.885450375418296e-05,-0.001038854503754183
2019-06-12,-0.02911617161610347,0.0,0.0,-0.02911617161610347,0.029116171616103467,-0.02911617161610347,0.0,-0.010028891392129228,0.02911617161610347,0.02911617161610347,0.02911617161610347,-0.02911617161610347
2019-06-13,-0.013495788129083919,0.0,0.0,-0.013495788129083919,-0.012495788129083918,0.012495788129083918,0.0,0.0043476068212249365,-0.012495788129083918,-0.012495788129083918,-0.012495788129083918,0.012495788129083918
2019-06-14,0.030677214975684874,0.0,0.0,0.030677214975684874,0.030677214975684874,-0.030677214975684874,0.0,-0.010981861484505025,0.030677214975684874,0.030677214975684874,0.030677214975684874,-0.030677214975684874
2019-06-17,-0.012731989360928786,0.0,0.0,-0.012731989360928786,-0.012731989360928786,0.012731989360928786,0.0,0.00446143085716228,-0.012731989360928786,-0.012731989360928786,-0.012731989360928786,0.012731989360928786
2019-06-18,-0.028735612132618327,0.0,0.0,-0.028735612132618327,-0.028735612132618327,0.028735612132618327,0.0,0.009981845725914621,-0.028735612132618327,-0.028735612132618327,-0.028735612132618327,0.028735612132618327
2019-06-19,-0.0016983195112151286,0.0,0.0,-0.0016983195112151286,0.0006983195112151286,-0.0006983195112151286,0.0,-0.00024135983213783327,0.0006983195112151286,0.0006983195112151286,0.0006983195112151286,-0.0006983195112151286
2019-06-20,0.03109733787310409,0.0,0.0,0.03109733787310409,-0.03109733787310409,0.03109733787310409,0.0,0.010670674197240984,-0.03109733787310409,-0.03109733787310409,-0.03109733787310409,0.03109733787310409
2019-06-21,0.004405100261288819,0.0,0.0,0.004405100261288819,-0.004405100261288819,0.004405100261288819,0.0,0.0015080283300023829,-0.004405100261288819,-0.004405100261288819,-0.004405100261288819,0.004405100261288819
2019-06-24,-0.019230800740830944,0.0,0.0,-0.019230800740830944,-0.020230800740830945,-0.019230800740830944,-0.019730800740830945,-0.00702745558157297,-0.020230800740830945,0.019230800740830944,0.019230800740830944,-0.019230800740830944
2019-06-25,-0.02923981632701933,0.0,0.0,0.02823981632701933,-0.02923981632701933,-0.02923981632701933,-0.02923981632701933,-0.012513361887862064,-0.02923981632701933,0.02923981632701933,0.02923981632701933,-0.02923981632701933
2019-06-26,0.02870294596000167,0.0,0.0,-0.02870294596000167,0.02870294596000167,0.02870294596000167,0.02870294596000167,0.011779978530206608,-0.02970294596000167,-0.02870294596000167,-0.02870294596000167,0.02870294596000167
2019-06-27,-0.013434214015828227,0.0,0.0,-0.014434214015828228,-0.013434214015828226,-0.013434214015828227,-0.013434214015828227,-0.005434378274209587,0.013434214015828227,-0.014434214015828228,0.013434214015828227,-0.013434214015828227
2019-06-28,0.011522352684298909,0.0,0.0,-0.01252235268429891,0.011522352684298909,0.011522352684298909,0.011522352684298909,0.004630574407357392,0.010522352684298908,0.011522352684298909,-0.011522352684298909,0.011522352684298909
2019-07-01,0.007939275990206163,0.0,0.0,0.006939275990206163,0.007939275990206163,0.007939275990206163,-0.0005,0.003254238950459616,0.007939275990206163,0.007939275990206163,-0.007939275990206163,0.007939275990206163
2019-07-02,-0.06164406887857132,0.0,0.0,-0.06164406887857132,-0.06164406887857132,-0.06164406887857132,0.0,-0.025403138625825817,-0.06164406887857132,-0.06164406887857132,0.06164406887857132,-0.06164406887857132
2019-07-03,0.0033794502860184936,0.0,0.0,0.0033794502860184936,-0.004379450286018494,0.0033794502860184936,0.0,-0.0015931340976893438,0.0033794502860184936,-0.004379450286018494,0.004379450286018494,-0.004379450286018494
2019-07-05,0.003665581067802348,0.0,0.0,0.003665581067802348,0.002665581067802348,0.003665581067802348,0.0,-0.001494942405042258,0.003665581067802348,-0.003665581067802348,0.003665581067802348,-0.003665581067802348
2019-07-08,0.025018234095495306,0.0,0.0,0.025018234095495306,0.025018234095495306,0.025018234095495306,0.024518234095495306,-0.010089285779931558,0.025018234095495306,-0.025018234095495306,0.025018234095495306,-0.025018234095495306
2019-07-09,-0.016981019447622092,0.0,0.0,-0.016981019447622092,-0.016981019447622092,-0.016981019447622092,-0.016981019447622092,0.006989684504951794,-0.016981019447622092,0.016981019447622092,-0.016981019447622092,0.016981019447622092
2019-07-10,-0.019294693259978235,0.0,0.0,0.018294693259978234,-0.019294693259978235,-0.019294693259978235,-0.019294693259978235,0.0078092453389177665,-0.019294693259978235,-0.020294693259978236,-0.019294693259978235,0.019294693259978235
2019-07-11,0.026574279291422198,0.0,0.0,-0.026574279291422198,0.026574279291422198,0.026574279291422198,0.026574279291422198,-0.010534943131976011,0.026574279291422198,0.026574279291422198,0.026574279291422198,-0.026574279291422198
2019-07-12,-0.006357389653576906,0.0,0.0,-0.007357389653576906,-0.006357389653576906,-0.006357389653576906,-0.006357389653576906,0.0024539953022542594,-0.006357389653576906,-0.006357389653576906,-0.006357389653576906,0.006357389653576906
2019-07-15,0.02080980533015031,0.0,0.0,-0.02180980533015031,0.02080980533015031,0.02080980533015031,0.02080980533015031,-0.008275342764866132,0.02080980533015031,0.02080980533015031,0.02080980533015031,-0.02080980533015031
2019-07-16,0.04212548650298431,0.0,0.0,0.04112548650298431,0.04212548650298431,0.04212548650298431,0.04212548650298431,-0.016657374026593303,-0.04312548650298431,0.04212548650298431,0.04212548650298431,-0.04212548650298431
2019-07-17,0.030110927908541862,0.0,0.0,0.030110927908541862,0.03011092790854186,0.030110927908541862,0.030110927908541862,-0.01153774496838795,-0.030110927908541862,0.030110927908541862,0.030110927908541862,-0.030110927908541862
2019-07-18,0.03798995561641194,0.0,0.0,0.03798995561641194,0.03798995561641194,0.03798995561641194,0.03798995561641194,-0.014355638635832764,0.03698995561641194,0.03798995561641194,0.03798995561641194,-0.03798995561641194
2019-07-19,-0.03133028324318543,0.0,0.0,-0.03133028324318543,-0.03133028324318543,-0.03133028324318543,-0.03133028324318543,0.012012704880788982,-0.03133028324318543,-0.03133028324318543,-0.03133028324318543,0.03133028324318543
2019-07-22,0.007074377130878107,0.0,0.0,0.007074377130878107,0.007074377130878107,0.007074377130878107,0.007074377130878107,-0.0025697849707411054,0.007074377130878107,0.007074377130878107,0.007074377130878107,-0.007074377130878107
2019-07-23,-0.018860012102230206,0.0,0.0,-0.018860012102230206,-0.018860012102230206,-0.018860012102230206,-0.018860012102230206,0.007236124926998441,0.017860012102230205,-0.018860012102230206,-0.018860012102230206,0.018860012102230206
2019-07-24,-0.01974511927574185,0.0,0.0,0.01874511927574185,-0.01974511927574185,-0.01974511927574185,-0.01974511927574185,0.007403084171885867,-0.020745119275741852,-0.01974511927574185,-0.01974511927574185,0.01974511927574185
2019-07-25,0.024606985918124158,0.0,0.0,-0.024606985918124158,0.024606985918124158,0.024606985918124158,0.024606985918124158,-0.00901942645174849,0.024606985918124158,0.024606985918124158,0.024606985918124158,-0.024606985918124158
2019-07-26,0.010339069627568254,0.0,0.0,0.009339069627568253,0.010339069627568254,0.010339069627568254,0.010339069627568254,-0.00381620222610277,0.010339069627568254,0.010339069627568254,0.010339069627568254,-0.010339069627568254
2019-07-29,0.025073285434456527,0.0,0.0,0.025073285434456527,0.025073285434456527,0.025073285434456527,0.025073285434456527,-0.009756113499431627,0.025073285434456527,0.025073285434456527,0.025073285434456527,-0.025073285434456527
2019-07-30,-0.03300505727872016,0.0,0.0,-0.03300505727872016,-0.03300505727872016,-0.03300505727872016,-0.0005,0.012695446723418194,-0.03300505727872016,-0.03300505727872016,-0.03300505727872016,0.03300505727872016
2019-07-31,-0.013277670603826008,0.0,0.0,0.012277670603826008,-0.013277670603826008,-0.013277670603826008,0.0,0.004840328692553112,-0.013277670603826008,-0.013277670603826008,-0.013277670603826008,0.013277670603826008
2019-08-01,0.012284762500057389,0.0,0.0,-0.012284762500057389,0.012284762500057389,0.012284762500057389,0.011784762500057389,-0.004456138456619249,0.012284762500057389,0.012284762500057389,0.012284762500057389,-0.012284762500057389
2019-08-02,-0.00290215938758398,0.0,0.0,0.00290215938758398,-0.00290215938758398,-0.00290215938758398,-0.00290215938758398,0.0011686971071286233,-0.00290215938758398,-0.00290215938758398,-0.00290215938758398,0.00290215938758398
2019-08-05,0.038858957776795267,0.0,0.0,-0.038858957776795267,0.03885895777679526,0.038858957776795267,0.038858957776795267,-0.015925169224978056,0.038858957776795267,0.038858957776795267,0.038858957776795267,-0.038858957776795267
2019-08-06,0.014193550291869084,0.0,0.0,0.013193550291869083,0.014193550291869082,0.014193550291869084,0.014193550291869084,-0.0055494867112360355,0.014193550291869084,0.014193550291869084,0.014193550291869084,-0.014193550291869084
2019-08-07,0.04057607603705338,0.0,0.0,0.04057607603705338,0.04057607603705338,0.04057607603705338,0.04057607603705338,-0.016036484390739573,0.04057607603705338,0.04057607603705338,0.04057607603705338,-0.04057607603705338
2019-08-08,-0.02091865614490729,0.0,0.0,-0.02091865614490729,-0.02091865614490729,-0.02091865614490729,-0.02091865614490729,0.008088060365150706,-0.02091865614490729,-0.02091865614490729,-0.02091865614490729,0.02091865614490729
2019-08-09,0.02138071262587138,0.0,0.0,-0.02238071262587138,0.02138071262587138,0.02138071262587138,0.02138071262587138,-0.008239359855763729,-0.02238071262587138,0.02138071262587138,0.02138071262587138,-0.02138071262587138
2019-08-12,0.019117102891211935,0.0,0.0,0.018117102891211934,0.019117102891211935,0.019117102891211935,0.019117102891211935,-0.007416908284404386,-0.019117102891211935,0.019117102891211935,0.019117102891211935,-0.019117102891211935
2019-08-13,-0.01716919745914902,0.0,0.0,-0.01716919745914902,-0.01716919745914902,-0.01716919745914902,-0.01716919745914902,0.006698554224292931,0.01716919745914902,-0.01716919745914902,-0.01716919745914902,0.01716919745914902
2019-08-14,0.08394132087733919,0.0,0.0,0.08394132087733919,0.08394132087733917,0.08394132087733919,0.08394132087733919,-0.03204003713856317,-0.08394132087733919,0.08394132087733919,0.08394132087733917,-0.08394132087733919
2019-08-15,0.007470078833739735,0.0,0.0,0.007470078833739735,0.007470078833739735,0.007470078833739735,0.007470078833739735,-0.0024642431366343775,0.006470078833739735,0.007470078833739735,0.007470078833739735,-0.007470078833739735
2019-08-16,-0.04565951283860237,0.0,0.0,-0.04565951283860237,-0.04565951283860237,-0.04565951283860237,-0.04565951283860237,0.015083267218225086,0.04465951283860237,-0.04565951283860237,-0.04565951283860237,0.04565951283860237
2019-08-19,-0.050863963954171476,0.0,0.0,0.049863963954171475,-0.050863963954171476,-0.050863963954171476,-0.050863963954171476,0.01594730053239911,-0.05186396395417148,-0.050863963954171476,-0.05086396395417147,0.050863963954171476
2019-08-20,0.0068494868161117495,0.0,0.0,-0.0068494868161117495,0.006849486816111749,0.0068494868161117495,0.0068494868161117495,-0.002057725145658249,0.0068494868161117495,0.0068494868161117495,0.006849486816111749,-0.0068494868161117495
2019-08-21,0.00091955643316044,0.0,0.0,-0.00091955643316044,0.0009195564331604399,0.00091955643316044,0.00091955643316044,-0.00027530695989613053,0.00091955643316044,0.00091955643316044,0.0009195564331604399,-0.00091955643316044
2019-08-22,0.01242538509027502,0.0,0.0,-0.01242538509027502,0.01242538509027502,0.01242538509027502,0.01242538509027502,-0.003772350050942165,0.01242538509027502,0.01242538509027502,0.012425385090275019,-0.01242538509027502
2019-08-23,0.03588054751684788,0.0,0.0,-0.03588054751684788,0.035880547516847876,0.03588054751684788,-0.0005,-0.011061570849360252,0.03588054751684788,0.03588054751684788,0.03588054751684788,-0.03588054751684788
2019-08-26,-0.014983182018500685,0.0,0.0,-0.015983182018500686,-0.014983182018500685,-0.014983182018500685,0.0,0.004552047962981612,-0.014983182018500685,-0.014983182018500685,-0.014983182018500685,0.014983182018500685
2019-08-27,0.0019047953184005983,0.0,0.0,0.0019047953184005983,0.0019047953184005983,0.0019047953184005983,0.0,-0.0005742109785094743,0.0019047953184005983,0.0019047953184005983,0.0019047953184005981,-0.0019047953184005983
2019-08-28,-0.03196550109618501,0.0,0.0,-0.03196550109618501,-0.03196550109618501,-0.03196550109618501,0.0,0.009701329610430461,-0.03196550109618501,-0.03196550109618501,-0.03196550109618501,0.03196550109618501
2019-08-29,-0.018955332064489294,0.0,0.0,0.017955332064489293,-0.018955332064489294,-0.018955332064489294,-0.019455332064489295,0.005764896477712833,-0.018955332064489294,-0.018955332064489294,-0.01895533206448929,0.018955332064489294
2019-08-30,-0.02232497848669901,0.0,0.0,-0.02132497848669901,0.02132497848669901,0.02132497848669901,0.02132497848669901,-0.006447795715392035,0.02132497848669901,0.02132497848669901,0.021324978486699005,-0.02132497848669901
2019-09-03,0.006417734715660429,0.0,0.0,0.006417734715660429,0.007417734715660429,0.007417734715660429,0.007417734715660429,-0.0022308022566665604,0.007417734715660429,0.007417734715660429,0.007417734715660429,-0.007417734715660429
2019-09-04,-0.029425648506611335,0.0,0.0,-0.029425648506611335,-0.029425648506611335,-0.029425648506611335,-0.0005,0.008858912373484925,-0.029425648506611335,-0.029425648506611335,-0.029425648506611335,0.029425648506611335
2019-09-05,0.027584322536834738,0.0,0.0,0.027584322536834738,-0.02858432253683474,-0.02858432253683474,0.0,0.008635928163311789,-0.02858432253683474,-0.02858432253683474,-0.028584322536834735,0.02858432253683474
2019-09-06,-0.01411541612529743,0.0,0.0,-0.01411541612529743,0.01411541612529743,-0.015115416125297432,-0.014615416125297431,-0.004192591666608037,0.01411541612529743,0.01411541612529743,0.01411541612529743,-0.01411541612529743
2019-09-09,0.0581652324957973,0.0,0.0,0.0581652324957973,0.0571652324957973,0.0581652324957973,0.0581652324957973,0.01792631240162476,-0.0581652324957973,-0.0581652324957973,-0.0581652324957973,0.0581652324957973
2019-09-10,0.0021141540640916556,0.0,0.0,0.0021141540640916556,0.0021141540640916556,0.0021141540640916556,0.0021141540640916556,0.0005979103523407591,0.0011141540640916556,-0.0021141540640916556,-0.0021141540640916556,0.0021141540640916556
2019-09-11,0.012236456015557673,0.0,0.0,0.012236456015557673,0.012236456015557673,0.012236456015557673,0.012236456015557673,0.003569848630108609,0.012236456015557673,-0.012236456015557673,-0.012236456015557673,0.012236456015557673
2019-09-12,-0.006252667591511218,0.0,0.0,-0.006252667591511218,-0.006252667591511218,-0.006252667591511218,-0.006252667591511218,-0.0018501896983843607,0.005252667591511218,0.006252667591511218,-0.0072526675915112184,-0.006252667591511218
2019-09-13,0.02097304485766882,0.0,0.0,0.02097304485766882,0.02097304485766882,0.02097304485766882,0.02097304485766882,0.006202605437085537,-0.0005,0.01997304485766882,0.020973044857668818,0.02097304485766882
2019-09-16,0.16885798010229358,0.0,0.0,0.16885798010229358,0.16885798010229355,0.16885798010229358,0.16885798010229358,0.06418686658555077,0.0,0.16885798010229358,0.16885798010229358,0.16885798010229358
2019-09-17,-0.0854127839536144,0.0,-0.0859127839536144,-0.0854127839536144,-0.0854127839536144,-0.0854127839536144,-0.0854127839536144,-0.019109435262251805,0.0,-0.0854127839536144,-0.0854127839536144,-0.0854127839536144
2019-09-18,-0.02267530425806974,0.0,-0.0005,0.02167530425806974,-0.02267530425806974,-0.02267530425806974,-0.02267530425806974,-0.004526226517005338,0.02217530425806974,-0.02267530425806974,-0.022675304258069736,-0.02267530425806974
2019-09-19,0.012977075815214123,0.0,0.0,-0.012977075815214123,0.012977075815214123,0.012977075815214123,0.012977075815214123,0.0026007642178418693,-0.012977075815214123,0.012977075815214123,0.012977075815214121,0.012977075815214123
2019-09-20,0.001552822340318727,0.0,0.0,-0.001552822340318727,0.0015528223403187267,0.001552822340318727,0.001552822340318727,0.0003118120365035319,-0.0005,0.001552822340318727,0.001552822340318727,0.001552822340318727
2019-09-23,0.014728497372932914,0.0,0.0,-0.014728497372932914,0.014728497372932914,0.014728497372932914,0.014728497372932914,0.0029613111889774824,-0.015228497372932914,0.014728497372932914,0.014728497372932914,0.014728497372932914
2019-09-24,-0.03055778277584076,0.0,-0.03105778277584076,0.03055778277584076,-0.03055778277584076,-0.03055778277584076,-0.03055778277584076,-0.006177731232496418,-0.0005,-0.03055778277584076,-0.03055778277584076,-0.03055778277584076
2019-09-25,0.005516072610393774,0.0,-0.0005,-0.005516072610393774,0.005516072610393774,0.005516072610393774,0.005516072610393774,0.0011205213359093693,0.0,0.005516072610393774,0.005516072610393773,0.005516072610393774
2019-09-26,-0.009795831123228238,0.0,0.0,0.009795831123228238,-0.009795831123228238,-0.009795831123228238,-0.009795831123228238,-0.0019907514146300046,0.009295831123228238,-0.009795831123228238,-0.009795831123228236,-0.009795831123228238
2019-09-27,0.017016115450296354,0.0,0.0,-0.017016115450296354,0.017016115450296354,0.017016115450296354,-0.0005,0.003447750416300621,-0.017016115450296354,0.017016115450296354,0.01701611545029635,0.017016115450296354
2019-09-30,-0.0038911191759748442,0.0,-0.004391119175974845,-0.004891119175974844,-0.0038911191759748442,-0.0038911191759748442,0.0,-0.0007930717232914902,0.0038911191759748442,-0.0038911191759748442,-0.0038911191759748442,-0.0038911191759748442
2019-10-01,-0.05195319531631393,0.0,-0.05195319531631393,0.050953195316313926,-0.05195319531631393,-0.05195319531631393,0.0,-0.010575554384615465,0.05195319531631393,-0.05195319531631393,-0.05195319531631393,-0.05195319531631393
2019-10-02,0.04308714421540838,0.0,-0.0005,0.04408714421540838,-0.04408714421540838,0.04308714421540838,0.0,-0.008708992609257966,-0.0005,-0.04408714421540838,-0.04408714421540837,-0.04408714421540838
2019-10-03,-0.007327862782958494,0.0,0.0,-0.007327862782958494,0.007327862782958494,-0.007327862782958494,0.0,0.0014094115217855264,-0.007827862782958495,0.007327862782958494,0.007327862782958493,0.007327862782958494
2019-10-04,0.05177603923834717,0.0,0.0,0.05177603923834717,-0.05177603923834717,0.05177603923834717,0.0,-0.010040678664074607,0.05177603923834717,-0.05177603923834717,-0.051776039238347164,-0.05177603923834717
2019-10-07,0.034296424377105006,0.0,0.0,0.034296424377105006,0.033296424377105,0.034296424377105006,0.033796424377105005,-0.006505194084606775,0.034296424377105006,-0.034296424377105006,-0.034296424377105,-0.034296424377105006
2019-10-08,0.05373816037333379,0.0,0.0,0.05373816037333379,0.05373816037333379,0.05373816037333379,0.05373816037333379,-0.010093339482844826,0.05373816037333379,0.05273816037333379,0.05273816037333379,-0.05373816037333379
2019-10-09,-0.01382729357448298,0.0,0.0,-0.01382729357448298,-0.013827293574482978,-0.01382729357448298,-0.01382729357448298,0.0026295538268295265,-0.01382729357448298,-0.01382729357448298,-0.01382729357448298,0.01382729357448298
2019-10-10,0.00487067229365179,0.0,0.0,0.00487067229365179,0.00487067229365179,0.00487067229365179,0.00487067229365179,-0.0009239556645718809,-0.0005,0.00487067229365179,0.00487067229365179,-0.00487067229365179
2019-10-11,-0.04845826572421563,0.0,0.0,-0.04845826572421563,-0.04845826572421563,-0.04845826572421563,-0.04845826572421563,0.009220096439007456,-0.04895826572421563,-0.04845826572421563,-0.048458265724215625,0.04845826572421563
2019-10-14,-0.024275942752024715,0.0,0.0,0.023275942752024714,-0.024275942752024715,-0.024275942752024715,-0.024275942752024715,0.004487317999753793,-0.024275942752024715,-0.024275942752024715,0.023275942752024714,0.024275942752024715
2019-10-15,-0.010939326856060916,0.0,0.0,0.010939326856060916,-0.010939326856060916,-0.010939326856060916,-0.010939326856060916,0.0020197615979023445,-0.010939326856060916,-0.010939326856060916,0.010939326856060916,0.010939326856060916
2019-10-16,0.018936100217040064,0.0,0.0,-0.018936100217040064,0.018936100217040064,0.018936100217040064,0.018936100217040064,-0.005494335195807519,0.018936100217040064,0.018936100217040064,-0.018936100217040064,-0.018936100217040064
2019-10-17,-0.016544196124475663,0.0,0.0,0.016544196124475663,-0.016544196124475663,-0.016544196124475663,-0.0005,0.005509876929779289,-0.016544196124475663,-0.016544196124475663,-0.01754419612447566,0.016544196124475663
2019-10-18,-0.014466383749554446,0.0,0.0,0.014466383749554446,-0.014466383749554446,-0.014466383749554446,0.0,0.00478884071381759,-0.014466383749554446,-0.014466383749554446,0.013466383749554445,0.014466383749554446
2019-10-21,-0.026137757552336494,0.0,0.0,0.026137757552336494,-0.026137757552336494,-0.026137757552336494,0.0,0.008639416809001134,-0.026137757552336494,-0.026137757552336494,0.026137757552336494,0.026137757552336494
2019-10-22,0.006905048397839787,0.0,0.0,0.007905048397839787,-0.007905048397839787,-0.007905048397839787,0.0,0.0025352303189815862,-0.007905048397839787,-0.007905048397839787,0.007905048397839787,0.007905048397839787
2019-10-23,0.025708258266044615,0.0,0.0,0.025708258266044615,-0.025708258266044615,-0.025708258266044615,0.0,0.00831305948591521,-0.025708258266044615,-0.025708258266044615,0.025708258266044615,0.025708258266044615
2019-10-24,-0.013169120301610437,0.0,0.0,-0.013169120301610437,0.013169120301610437,0.013169120301610437,0.0,-0.004238228427798355,-0.014169120301610438,0.013169120301610437,-0.013169120301610437,-0.013169120301610437
2019-10-25,-0.04993535520159298,0.0,0.0,-0.04993535520159298,0.04993535520159298,0.04993535520159298,0.0,-0.01605469424304592,0.04893535520159298,-0.05093535520159298,-0.04993535520159298,-0.04993535520159298
2019-10-28,0.014405783399427996,0.0,0.0,0.014405783399427996,0.015405783399427997,0.015405783399427997,-0.015905783399427997,-0.004693134007482758,-0.016405783399427998,-0.015405783399427997,0.014405783399427996,-0.015405783399427997
2019-10-29,-0.01472637796033971,0.0,0.0,-0.01472637796033971,-0.01472637796033971,-0.01472637796033971,0.01472637796033971,0.004529634033516184,-0.01572637796033971,-0.01572637796033971,-0.014726377960339708,0.01472637796033971
2019-10-30,-0.032292347102013896,0.0,0.0,-0.032292347102013896,0.031292347102013895,0.031292347102013895,-0.031292347102013895,-0.009519143416588112,0.031292347102013895,0.031292347102013895,-0.032292347102013896,-0.031292347102013895
2019-10-31,-0.015044851282239313,0.0,0.0,-0.015044851282239313,-0.014044851282239312,-0.014044851282239312,-0.0005,0.004440311689897912,-0.014044851282239312,-0.014044851282239312,-0.01504485128223931,0.014044851282239312
2019-11-01,-0.09926117112023958,0.0,0.0,-0.09926117112023958,-0.09926117112023958,-0.09926117112023958,0.0,0.03264658205048721,-0.09926117112023958,-0.09926117112023958,0.09826117112023958,0.09926117112023958
2019-11-04,0.02881950191262861,0.0,0.02931950191262861,0.02881950191262861,0.02881950191262861,-0.02981950191262861,0.0,0.007731748248835304,0.02881950191262861,-0.02981950191262861,0.02981950191262861,0.02981950191262861
2019-11-05,-0.022838585288877167,0.0,-0.022838585288877167,-0.022838585288877167,-0.022838585288877167,0.022838585288877167,0.0,-0.006251056296313093,-0.022838585288877167,0.022838585288877167,0.021838585288877162,-0.022838585288877167
2019-11-06,-0.014190176333954696,0.0,-0.014190176333954696,-0.014190176333954696,-0.014190176333954696,0.014190176333954696,-0.014690176333954696,-0.003948611225904326,0.013190176333954695,-0.015190176333954697,0.014190176333954696,-0.014190176333954696
2019-11-07,0.01947478562140814,0.0,-0.0005,0.01947478562140814,0.01947478562140814,-0.01947478562140814,0.01947478562140814,0.005835032682233401,-0.01947478562140814,0.01947478562140814,-0.01947478562140814,0.01947478562140814
2019-11-08,0.014535058534876688,0.0,0.014035058534876688,0.014535058534876688,0.014535058534876688,-0.014535058534876688,0.014535058534876688,0.004352775023802463,-0.014535058534876688,0.014535058534876688,-0.014535058534876686,0.014535058534876688
2019-11-11,0.022741358203406503,0.0,-0.023741358203406504,-0.023741358203406504,0.022741358203406503,0.023741358203406504,-0.023741358203406504,-0.007140627326189443,0.023741358203406504,-0.023741358203406504,0.023741358203406504,-0.023741358203406504
2019-11-12,0.0020962170852127926,0.0,-0.0020962170852127926,0.0010962170852127926,0.0020962170852127926,0.0020962170852127926,-0.0020962170852127926,-0.0006436788206706607,0.0020962170852127926,-0.0020962170852127926,0.0020962170852127926,-0.0020962170852127926
2019-11-13,0.02100877125017242,0.0,-0.02100877125017242,0.02100877125017242,0.02100877125017242,0.02100877125017242,-0.02100877125017242,-0.006477058070000969,0.02100877125017242,-0.02100877125017242,0.02100877125017242,-0.02100877125017242
2019-11-14,-0.005579827167135454,0.0,-0.0005,-0.005579827167135454,-0.005579827167135454,-0.005579827167135454,0.005579827167135454,0.0016915332076390644,-0.005579827167135454,0.005579827167135454,-0.005579827167135454,0.005579827167135454
2019-11-15,-0.020486283795593918,0.0,0.0,-0.020486283795593918,-0.020486283795593918,-0.020486283795593918,-0.0005,0.006302037997569068,0.019486283795593917,0.020486283795593918,-0.020486283795593918,0.020486283795593918
2019-11-18,0.03889590364186646,0.0,-0.03939590364186646,-0.03989590364186646,0.03889590364186646,0.03889590364186646,0.0,-0.011934958263121834,0.03789590364186646,-0.03889590364186646,0.03889590364186646,-0.03889590364186646
2019-11-19,0.02654459038661605,0.0,-0.0005,0.02554459038661605,0.02654459038661605,0.02654459038661605,0.0,-0.007814870965070086,0.02654459038661605,-0.02654459038661605,0.02654459038661605,-0.02654459038661605
2019-11-20,-0.02235124967317481,0.0,0.0,-0.02235124967317481,-0.02235124967317481,-0.02235124967317481,0.0,0.006556250471479155,-0.02235124967317481,-0.023351249673174812,-0.02235124967317481,0.02235124967317481
2019-11-21,-0.015303775799343278,0.0,0.0,-0.015303775799343278,-0.015303775799343278,-0.015303775799343278,0.0,0.00444119044798614,-0.015303775799343278,-0.015303775799343278,-0.015303775799343278,0.015303775799343278
2019-11-22,-0.008182545812142061,0.0,0.007682545812142061,0.007182545812142061,-0.008182545812142061,-0.008182545812142061,0.0,0.002398119277954427,-0.008182545812142061,-0.008182545812142061,-0.008182545812142061,0.008182545812142061
2019-11-25,-0.005980518685339442,0.0,0.005980518685339442,0.005980518685339442,-0.005980518685339442,-0.005980518685339442,0.0,0.0017585383969758645,-0.005980518685339442,-0.005980518685339442,-0.005980518685339442,0.005980518685339442
2019-11-26,0.028025411248556953,0.0,-0.028025411248556953,-0.028025411248556953,0.028025411248556953,0.028025411248556953,0.0,-0.008852231819709478,-0.029025411248556954,0.028025411248556953,0.028025411248556953,-0.028025411248556953
2019-11-27,-0.01441659244052862,0.0,-0.0005,-0.01541659244052862,-0.014416592440528618,-0.01441659244052862,-0.01491659244052862,0.0044677953096971266,-0.01541659244052862,0.013416592440528619,-0.01441659244052862,0.01441659244052862
2019-11-29,0.04048222774007071,0.0,-0.04098222774007071,-0.04148222774007071,0.04048222774007071,0.04048222774007071,-0.0005,-0.012555746265375096,0.04048222774007071,-0.04048222774007071,0.04048222774007071,-0.04048222774007071
2019-12-02,0.12298041425176198,0.0,-0.0005,0.12198041425176198,0.12298041425176198,0.12298041425176198,0.0,-0.03743773875309094,0.12298041425176198,-0.12298041425176198,-0.12398041425176198,-0.12298041425176198
2019-12-03,0.05936514953998473,0.0,0.0,0.05936514953998473,0.05936514953998473,-0.06036514953998473,0.05886514953998473,-0.013646846620601687,-0.06036514953998473,0.05836514953998473,-0.05936514953998473,-0.05936514953998473
2019-12-04,-0.017410142712858345,0.0,0.0,-0.017410142712858345,-0.017410142712858345,0.017410142712858345,-0.017410142712858345,0.004619523742739453,0.017410142712858345,-0.017410142712858345,0.017410142712858345,0.017410142712858345
2019-12-05,0.006417179526394423,0.0,0.0,0.006417179526394423,0.006417179526394423,-0.006417179526394423,0.006417179526394423,-0.001742717148401649,0.005417179526394423,0.006417179526394423,-0.006417179526394423,-0.006417179526394423
2019-12-06,-0.07588807549297005,0.0,0.0,-0.07588807549297005,-0.07588807549297005,0.07588807549297005,-0.07588807549297005,0.020619544356600846,0.07488807549297005,-0.07588807549297005,0.07588807549297005,0.07588807549297005
2019-12-09,-0.03201585438845744,0.0,0.0,-0.03201585438845744,-0.03201585438845744,0.03201585438845744,-0.03201585438845744,0.0076161269596060465,-0.033015854388457444,-0.03201585438845744,0.03201585438845744,0.03201585438845744
2019-12-10,-0.014542166656923872,0.0,0.0,0.01354216665692387,-0.014542166656923872,0.014542166656923872,-0.014542166656923872,0.003421186737838805,-0.014542166656923872,-0.014542166656923872,0.014542166656923872,0.014542166656923872
2019-12-11,-0.01672249696849404,0.0,0.0,0.01672249696849404,-0.016722496968494035,0.01672249696849404,-0.01672249696849404,0.003935860892665159,-0.01672249696849404,-0.01672249696849404,0.01672249696849404,0.01672249696849404
2019-12-12,-0.03571424774073306,0.0,0.0,0.03571424774073306,-0.03571424774073306,0.03571424774073306,-0.03571424774073306,0.008383760378123826,0.03471424774073306,-0.03571424774073306,0.03571424774073306,0.03571424774073306
2019-12-13,0.03130695037930642,0.0,0.0,-0.03130695037930642,0.03130695037930642,-0.03130695037930642,-0.0005,-0.007182210556671228,0.03030695037930642,0.03130695037930642,-0.03130695037930642,-0.03130695037930642
2019-12-16,-0.03372379987785057,0.0,0.0,0.03372379987785057,-0.03372379987785057,0.03372379987785057,0.0,0.007679335137774254,-0.03372379987785057,-0.03372379987785057,0.03372379987785057,0.03372379987785057
2019-12-17,-0.018123998764018934,0.0,0.0,0.018123998764018934,-0.018123998764018934,0.018123998764018934,0.0,0.004052270809762117,-0.018123998764018934,-0.018123998764018934,0.018123998764018934,0.018123998764018934
2019-12-18,-0.012016136576262992,0.0,0.0,0.012016136576262992,-0.012016136576262992,0.012016136576262992,0.0,0.0026916224461363187,-0.012016136576262992,-0.012016136576262992,0.012016136576262992,0.012016136576262992
2019-12-19,0.0013194616564601302,0.0,-0.0018194616564601303,-0.0013194616564601302,0.0013194616564601302,-0.0013194616564601302,0.0,-0.00030311401405396535,0.0013194616564601302,0.0013194616564601302,-0.0013194616564601302,-0.0013194616564601302
2019-12-20,0.003962817760198467,0.0,-0.003962817760198467,-0.003962817760198467,0.003962817760198467,-0.003962817760198467,-0.0044628177601984675,-0.000915466723357859,0.003962817760198467,0.003962817760198467,-0.003962817760198467,-0.003962817760198467
2019-12-23,-0.17285570317911625,0.0,0.17285570317911625,0.17285570317911625,-0.17285570317911625,0.17285570317911625,0.17285570317911625,0.04013727217598686,0.17185570317911625,-0.17285570317911625,0.17285570317911625,0.17285570317911625
2019-12-24,-0.014569305030352586,-0.014069305030352586,-0.013569305030352585,-0.013569305030352585,-0.014569305030352586,0.012569305030352584,-0.013569305030352585,-0.0023433170174031763,0.012569305030352584,-0.014569305030352586,0.012569305030352584,-0.013569305030352585
2019-12-26,0.003820942576405084,0.003820942576405084,0.003820942576405084,0.003820942576405084,0.003820942576405084,-0.003820942576405084,0.003820942576405084,0.0006485644597581212,-0.003820942576405084,0.003820942576405084,-0.003820942576405084,0.003820942576405084
2019-12-27,-0.00570985620712372,-0.00570985620712372,-0.00570985620712372,-0.00570985620712372,-0.005709856207123719,0.00570985620712372,-0.00570985620712372,-0.000969578527295632,0.00570985620712372,-0.00570985620712372,0.00570985620712372,-0.00570985620712372
2019-12-30,-0.023736425599238276,-0.023736425599238276,-0.023736425599238276,-0.023736425599238276,-0.023736425599238276,0.023736425599238276,-0.023736425599238276,-0.004066756155207547,0.023736425599238276,-0.023736425599238276,0.023736425599238276,-0.023736425599238276
2019-12-31,-0.004529237749419156,0.0035292377494191562,0.0035292377494191562,0.0035292377494191562,0.003529237749419156,-0.0035292377494191562,0.0035292377494191562,0.0005996413013950353,-0.0035292377494191562,0.0035292377494191562,-0.0035292377494191562,0.0035292377494191562
2020-01-02,0.008987866751241413,-0.008987866751241412,-0.008987866751241413,-0.008987866751241413,-0.008987866751241413,0.008987866751241413,-0.008987866751241413,-0.0015587264111151524,0.008987866751241413,-0.008987866751241413,0.008987866751241413,-0.008987866751241413
2020-01-03,-0.013012633002333462,-0.0004999999999999999,0.013012633002333462,-0.014012633002333463,-0.014012633002333463,-0.013012633002333462,0.013012633002333462,0.002666457809960259,-0.013012633002333462,0.013012633002333462,-0.013012633002333462,0.013012633002333462
2020-01-06,0.0019463434873940866,0.0,-0.0019463434873940866,0.0019463434873940866,0.0019463434873940866,0.0019463434873940866,-0.0019463434873940866,-0.00043831204232543737,-0.0029463434873940866,-0.0019463434873940866,0.0019463434873940866,-0.0019463434873940866
2020-01-07,-0.26794059166192197,0.0,0.26794059166192197,-0.26794059166192197,-0.26794059166192197,-0.26794059166192197,0.26794059166192197,0.05902608289134604,-0.26894059166192197,0.26794059166192197,-0.26794059166192197,0.26794059166192197
2020-01-08,0.005767250001009195,0.006267250001009195,0.006767250001009195,0.005767250001009195,0.005767250001009195,-0.006767250001009195,0.006767250001009195,0.0008799295484171126,-0.006767250001009195,0.006767250001009195,-0.006767250001009195,0.006767250001009195
2020-01-09,-0.003971780682824999,-0.003971780682824999,-0.003971780682824999,-0.003971780682824999,-0.003971780682824999,0.003971780682824999,-0.003971780682824999,-0.0005473108047459576,0.003971780682824999,-0.003971780682824999,0.003971780682824999,-0.003971780682824999
2020-01-10,-0.006748635385461665,-0.006748635385461665,-0.006748635385461665,-0.006748635385461665,-0.006748635385461665,0.006748635385461665,-0.006748635385461665,-0.000925243969630325,0.006748635385461665,-0.006748635385461665,0.006748635385461665,-0.006748635385461665
2020-01-13,-0.011426704315456004,-0.011426704315456004,-0.011426704315456004,-0.011426704315456004,-0.011426704315456004,0.011426704315456004,-0.011426704315456004,-0.001559597831011775,-0.012426704315456005,-0.011426704315456004,0.011426704315456004,-0.011426704315456004
2020-01-14,0.049359678079344604,0.049359678079344604,0.049359678079344604,-0.0005,0.0493596780793446,-0.049359678079344604,0.049359678079344604,0.006696699296681087,0.049359678079344604,0.049359678079344604,-0.049359678079344604,0.049359678079344604
2020-01-15,-0.001488786778883644,-0.001488786778883644,-0.001488786778883644,-0.001988786778883644,-0.001488786778883644,0.001488786778883644,-0.001488786778883644,-0.00020161143080436295,-0.001488786778883644,-0.001488786778883644,0.001488786778883644,-0.001488786778883644
2020-01-16,-0.01311865860948358,-0.01311865860948358,-0.01311865860948358,-0.01311865860948358,-0.01311865860948358,0.01311865860948358,-0.01311865860948358,-0.0017974115377878607,-0.01311865860948358,-0.01311865860948358,0.01311865860948358,-0.01311865860948358
2020-01-17,-0.012990702489931394,-0.012990702489931394,-0.012990702489931394,-0.012990702489931394,-0.012990702489931394,0.012990702489931394,-0.012990702489931394,-0.0017687918691283735,-0.012990702489931394,-0.012990702489931394,0.012990702489931394,-0.012990702489931394
2020-01-21,-0.020974738202744314,-0.020974738202744314,-0.020974738202744314,-0.0005,-0.020974738202744314,0.020974738202744314,-0.020974738202744314,-0.002838994674690234,-0.020974738202744314,-0.020974738202744314,0.020974738202744314,-0.020974738202744314
2020-01-22,-0.027410090462197667,-0.027410090462197667,-0.027410090462197667,0.0,-0.027410090462197667,0.027410090462197667,-0.027410090462197667,-0.003680651203593276,-0.027410090462197667,-0.027410090462197667,0.027410090462197667,-0.027410090462197667
2020-01-23,-0.01943630044628919,-0.01943630044628919,-0.01943630044628919,0.0,-0.01943630044628919,0.01943630044628919,-0.0005,-0.0025882601554157534,-0.01943630044628919,-0.01943630044628919,0.01943630044628919,-0.01943630044628919
2020-01-24,-0.009580622547237572,-0.009580622547237572,-0.009580622547237572,0.0,-0.009580622547237572,0.009580622547237572,0.0,-0.0012702752272324605,0.00858062254723757,-0.009580622547237572,0.009580622547237572,-0.009580622547237572
2020-01-27,-0.03769179622840135,-0.03769179622840135,-0.03769179622840135,0.0,-0.037691796228401346,0.03769179622840135,0.0,-0.0057779241600633855,-0.038691796228401354,-0.03769179622840135,0.03769179622840135,-0.03769179622840135
2020-01-28,-0.0005,-0.0041596074542170625,-0.0041596074542170625,0.0,-0.0041596074542170625,0.0041596074542170625,0.0,-0.0006307863488869528,0.0031596074542170624,-0.0041596074542170625,0.0041596074542170625,-0.0041596074542170625
2020-01-29,0.0,-0.022276247729493326,-0.022276247729493326,0.0,-0.022276247729493322,0.022276247729493326,0.0,-0.003371673307746355,0.022276247729493326,-0.022276247729493326,0.022276247729493326,-0.022276247729493326
2020-01-30,0.0,0.0032040921576357295,0.0032040921576357295,0.0,0.0032040921576357295,-0.0032040921576357295,0.0,0.0004826054899820805,-0.0032040921576357295,0.0032040921576357295,-0.0032040921576357295,0.0032040921576357295
2020-01-31,0.0,-0.02625991691744389,-0.026259916917443893,0.0,-0.026259916917443893,0.026259916917443893,0.0,-0.0039807275951056955,0.026259916917443893,-0.026259916917443893,0.026259916917443893,-0.026259916917443893
2020-02-03,0.0,0.004373266825245192,0.004373266825245192,0.0,0.004373266825245192,-0.004373266825245192,-0.004873266825245193,0.000657993410705227,-0.004373266825245192,-0.005373266825245192,-0.004373266825245192,0.004373266825245192
2020-02-04,0.0,0.021044821645106015,0.021044821645106015,0.0,0.021044821645106015,-0.021044821645106015,-0.021044821645106015,0.0031729521011227965,-0.021044821645106015,-0.021044821645106015,-0.021044821645106015,0.021044821645106015
2020-02-05,0.0,0.027008023965215733,0.027008023965215733,0.026508023965215732,0.027008023965215733,-0.027008023965215733,-0.027008023965215733,0.0040675563514165165,0.026008023965215732,-0.027008023965215733,-0.027008023965215733,0.027008023965215733
2020-02-06,0.0,0.0013841628339847922,0.0013841628339847922,0.0013841628339847922,0.001384162833984792,-0.0013841628339847922,-0.0013841628339847922,0.0002078946929419828,-0.0023841628339847922,-0.0013841628339847922,-0.0013841628339847922,0.0013841628339847922
2020-02-07,0.0,-0.028680204581626678,-0.028680204581626678,-0.028680204581626678,0.027680204581626674,0.028680204581626678,0.028680204581626678,-0.013722922788397903,0.028680204581626678,0.028680204581626678,-0.02968020458162668,-0.028680204581626678
2020-02-10,0.0,-0.0049805618783732575,-0.0049805618783732575,-0.0005,0.0049805618783732575,0.0049805618783732575,-0.0005,-0.0023083421673678202,0.0049805618783732575,0.0049805618783732575,-0.0049805618783732575,-0.0049805618783732575
2020-02-11,0.0,0.007150691448109646,0.007150691448109647,0.0,-0.007150691448109646,-0.007150691448109647,0.0,0.0033074621937872655,-0.007150691448109647,-0.007150691448109647,0.007150691448109647,0.007150691448109647
2020-02-12,-0.011504532529945044,0.011004532529945044,0.011004532529945044,-0.011504532529945044,-0.011004532529945044,-0.011004532529945044,0.0,0.005032758061615268,-0.011004532529945044,-0.011004532529945044,-0.012004532529945044,0.011004532529945044
2020-02-13,0.01966271738853642,-0.01966271738853642,-0.01966271738853642,-0.020662717388536422,0.01966271738853642,0.01966271738853642,0.0,-0.008877183248665948,0.01966271738853642,0.01966271738853642,0.01966271738853642,-0.01966271738853642
2020-02-14,0.020057416043230747,-0.020057416043230743,-0.020057416043230747,0.019057416043230746,0.020057416043230747,0.020057416043230747,0.019557416043230746,-0.011177724640656847,-0.021057416043230748,0.020057416043230747,0.020057416043230747,-0.020057416043230747
2020-02-18,-0.0274122208625851,0.0274122208625851,0.0274122208625851,-0.0274122208625851,-0.0274122208625851,-0.0274122208625851,-0.0274122208625851,0.015104402404114882,-0.028412220862585102,-0.0274122208625851,-0.0274122208625851,0.0274122208625851
2020-02-19,-0.012806771148716978,0.012806771148716978,0.012806771148716978,0.011806771148716977,-0.012806771148716978,-0.012806771148716978,-0.012806771148716978,0.006387198620063272,-0.012806771148716978,-0.012806771148716978,-0.012806771148716978,0.012806771148716978
2020-02-20,-0.0038638606824001887,0.0038638606824001882,0.0038638606824001887,0.0038638606824001887,-0.0038638606824001887,-0.0038638606824001887,-0.0038638606824001887,0.0018848673492352721,-0.0038638606824001887,-0.0038638606824001887,-0.0038638606824001887,0.0038638606824001887
2020-02-21,-0.007298159496285538,-0.006298159496285538,-0.006298159496285538,-0.006298159496285538,0.006298159496285538,0.006298159496285538,0.006298159496285538,-0.0031171969629705796,0.006298159496285538,0.006298159496285538,0.006298159496285538,-0.006298159496285538
2020-02-24,-0.058098624119766296,-0.058098624119766296,-0.058098624119766296,-0.058098624119766296,0.05809862411976629,0.058098624119766296,-0.0005,-0.029843511521689712,0.058098624119766296,0.058098624119766296,0.058098624119766296,-0.058098624119766296
2020-02-25,0.04572881664078898,-0.046728816640788984,-0.046728816640788984,0.04572881664078898,0.046728816640788984,0.046728816640788984,0.0,-0.020400885079927298,0.046728816640788984,0.046728816640788984,0.046728816640788984,-0.046728816640788984
2020-02-26,0.04196073521230781,-0.04196073521230781,-0.04196073521230781,0.04196073521230781,0.04196073521230781,0.04196073521230781,0.04146073521230781,-0.01691418434845772,0.04196073521230781,0.04196073521230781,0.04196073521230781,-0.04196073521230781
2020-02-27,-0.02619733512148703,-0.0005,-0.0005,-0.02619733512148703,-0.02619733512148703,-0.02619733512148703,-0.02619733512148703,0.010417510782963218,-0.02619733512148703,-0.02619733512148703,0.02519733512148703,0.02619733512148703
2020-02-28,0.005983322251614243,-0.006483322251614243,-0.006483322251614243,0.005983322251614243,0.005983322251614243,0.005983322251614243,0.005983322251614243,-0.0022818348858199416,-0.006983322251614243,0.005983322251614243,0.0049833222516142426,-0.005983322251614243
2020-03-02,-0.024076810957362804,0.024076810957362804,-0.0005,-0.024076810957362804,-0.024076810957362804,-0.024076810957362804,-0.024076810957362804,0.009246201501582903,0.024076810957362804,-0.024076810957362804,-0.024076810957362804,0.024076810957362804
2020-03-03,0.020767905826797994,-0.020767905826797994,-0.021267905826797995,-0.021767905826797995,0.020767905826797994,0.020767905826797994,0.020767905826797994,-0.007739760711155316,0.019767905826797993,0.020767905826797994,0.020767905826797994,-0.020767905826797994
2020-03-04,-0.0056024741992384275,0.0056024741992384275,-0.0005,-0.0066024741992384275,-0.0056024741992384275,-0.0056024741992384275,-0.0056024741992384275,0.002102134814280781,-0.0056024741992384275,-0.0056024741992384275,-0.0056024741992384275,0.0056024741992384275
2020-03-05,0.03143681717873037,-0.03143681717873037,-0.03193681717873037,-0.03243681717873037,0.03143681717873037,0.03143681717873037,0.03143681717873037,-0.011794020179197817,0.03143681717873037,0.03143681717873037,0.03143681717873037,-0.03143681717873037
2020-03-06,0.14954803369983238,-0.0005,-0.0005,0.14854803369983238,0.14954803369983238,0.14954803369983238,0.14954803369983238,-0.05613550687151675,0.14954803369983238,0.14954803369983238,-0.15054803369983238,-0.14954803369983238
2020-03-09,0.5386472410764955,0.0,0.0,0.5386472410764955,0.5386472410764955,-0.5396472410764955,0.5386472410764955,-0.1303984553317644,-0.5396472410764955,0.5386472410764955,-0.5386472410764955,-0.5386472410764955
2020-03-10,-0.12984275480444651,0.0,0.0,-0.12984275480444651,-0.12984275480444651,0.12984275480444651,-0.12984275480444651,0.010097104324433937,0.12984275480444651,-0.12984275480444651,0.12984275480444651,0.12984275480444651
2020-03-11,0.2354032460953277,0.0,0.0,0.2354032460953277,0.2354032460953277,-0.2354032460953277,0.2354032460953277,-0.01763336763119373,-0.2354032460953277,0.2354032460953277,-0.2354032460953277,-0.2354032460953277
2020-03-12,0.05939383226269823,0.0,0.0,0.05939383226269823,0.059393832262698225,-0.05939383226269823,0.05939383226269823,-0.004209168637143751,-0.05939383226269823,0.05939383226269823,-0.05939383226269823,-0.05939383226269823
2020-03-13,-0.03994836962045212,0.0,0.0,-0.03994836962045212,-0.03994836962045212,-0.04094836962045212,-0.03994836962045212,0.0041448517377968615,0.03994836962045212,-0.03994836962045212,-0.04094836962045211,0.03994836962045212
2020-03-16,0.3234198961902336,0.0,0.0,0.3234198961902336,0.3234198961902336,0.3234198961902336,0.3234198961902336,-0.03363299778885405,-0.3234198961902336,0.3234198961902336,-0.3244198961902336,-0.3234198961902336
2020-03-17,0.1831502223147028,0.0,0.0,0.1831502223147028,0.18315022231470277,0.1831502223147028,0.1831502223147028,-0.01750659125417494,-0.1831502223147028,0.1831502223147028,0.18215022231470276,-0.1831502223147028
2020-03-18,0.00448449992756883,0.0,0.0,0.00448449992756883,0.00448449992756883,0.00448449992756883,0.00448449992756883,-0.0004201959566523092,-0.00448449992756883,0.00448449992756883,0.004484499927568829,-0.00448449992756883
2020-03-19,-0.1148651095991422,0.0,0.0,-0.1148651095991422,-0.1148651095991422,-0.1148651095991422,-0.1148651095991422,0.01075714880529866,0.1148651095991422,-0.1148651095991422,-0.11486510959914219,0.1148651095991422
2020-03-20,0.02424245723125007,0.0,0.0,0.02424245723125007,0.02424245723125007,0.02424245723125007,0.02424245723125007,-0.0022421842023738953,-0.02424245723125007,0.02424245723125007,-0.02524245723125007,-0.02424245723125007
2020-03-23,0.10766077995424095,0.0,0.0,-0.10866077995424095,0.10766077995424093,0.10766077995424095,0.10766077995424095,-0.00996113341028283,-0.10766077995424095,0.10766077995424095,-0.10766077995424095,-0.10766077995424095
2020-03-24,-0.29466350509617967,0.0,0.0,-0.29566350509617967,-0.29466350509617967,-0.29466350509617967,-0.29466350509617967,0.02710228017399642,0.29466350509617967,-0.29466350509617967,-0.2956635050961796,0.29466350509617967
2020-03-25,-0.05555555555555558,0.0,0.0,0.05455555555555558,-0.05555555555555558,-0.05555555555555558,-0.05555555555555558,0.004766032477471671,0.05555555555555558,-0.05555555555555558,0.05455555555555558,0.05555555555555558
2020-03-26,0.022071061361194966,0.0,0.0,-0.022071061361194966,0.022071061361194966,0.022071061361194966,0.022071061361194966,-0.0019351022680447044,-0.022071061361194966,0.022071061361194966,-0.022071061361194966,-0.022071061361194966
2020-03-27,0.15625004872618065,0.0,0.0,-0.15625004872618065,0.15625004872618065,0.15625004872618065,0.15625004872618065,-0.013692804782629875,-0.15625004872618065,0.15625004872618065,0.15525004872618062,-0.15625004872618065
2020-03-30,0.15432077519301057,0.0,0.0,0.15332077519301057,0.15432077519301057,0.15432077519301057,-0.0005,-0.013351966122190417,-0.15432077519301057,0.15432077519301057,0.15432077519301055,-0.15432077519301057
2020-03-31,-0.017031380280266628,0.0,0.0,-0.017031380280266628,-0.017031380280266628,-0.017031380280266628,0.0,0.001455589515646638,0.017031380280266628,-0.017031380280266628,-0.017031380280266625,0.017031380280266628
2020-04-01,0.03827750650023143,0.0,0.0,0.03827750650023143,0.03827750650023143,0.03827750650023143,0.0,-0.003269473644476461,-0.03827750650023143,0.03827750650023143,0.03827750650023142,-0.03827750650023143
2020-04-02,-0.16666665503056333,0.0,0.0,-0.16666665503056333,-0.16666665503056333,-0.16666665503056333,-0.16716665503056333,0.014238518175276318,0.16666665503056333,-0.16666665503056333,-0.1666666550305633,0.16666665503056333
2020-04-03,-0.1471215933652985,0.0,0.0,0.1461215933652985,-0.1471215933652985,-0.1471215933652985,-0.1471215933652985,0.012289723488066204,0.1471215933652985,-0.1471215933652985,0.1461215933652985,0.1471215933652985
2020-04-06,-0.09107810511917469,0.0,0.0,0.09107810511917469,-0.09107810511917469,-0.09107810511917469,-0.09107810511917469,0.007485567176319966,0.09107810511917469,-0.09107810511917469,0.09107810511917469,0.09107810511917469
2020-04-07,-0.11073232524868293,0.0,0.0,0.11073232524868293,-0.11073232524868293,-0.11073232524868293,-0.11073232524868293,0.00903980428937912,0.11073232524868293,-0.11073232524868293,0.11073232524868293,0.11073232524868293
2020-04-08,-0.16257662267893558,0.0,0.0,0.16257662267893558,-0.16257662267893558,-0.16257662267893558,-0.0005,0.013819540586246511,0.16257662267893558,-0.16257662267893558,0.16257662267893558,0.16257662267893558
2020-04-09,0.08079426656869881,0.0,0.0,0.08179426656869881,-0.08179426656869881,0.08079426656869881,0.0,0.006814304243207773,0.08179426656869881,-0.08179426656869881,0.08179426656869881,0.08179426656869881
2020-04-13,0.021951188624255824,0.0,0.0,0.021951188624255824,-0.021951188624255824,0.021951188624255824,0.0,0.0018183695704965998,-0.022951188624255825,-0.021951188624255824,0.021951188624255824,0.021951188624255824
2020-04-14,-0.03579931708498607,0.0,0.0,-0.03579931708498607,0.03579931708498607,-0.03579931708498607,-0.03629931708498607,-0.002963708580451286,-0.03679931708498607,0.03579931708498607,0.03479931708498607,-0.03579931708498607
2020-04-15,-0.017326759154782656,0.0,0.0,0.016326759154782655,0.017326759154782656,-0.017326759154782656,-0.017326759154782656,-0.0014339804326778257,-0.017326759154782656,0.017326759154782656,0.017326759154782656,-0.017326759154782656
2020-04-16,-0.05667515111959709,0.0,0.0,0.05667515111959709,0.05667515111959709,-0.05667515111959709,-0.05667515111959709,-0.004702250754969711,-0.05667515111959709,-0.05767515111959709,0.05667515111959709,-0.05667515111959709
2020-04-17,0.13351119387521027,0.0,0.0,-0.13351119387521027,-0.13351119387521027,0.13351119387521027,0.13351119387521027,0.011066292590077456,-0.13451119387521027,0.13351119387521027,-0.13351119387521027,0.13351119387521027
2020-04-20,-0.0011775939397449253,0.0,0.0,-0.0021775939397449253,0.0011775939397449253,-0.0011775939397449253,-0.0011775939397449253,-9.686056666330642e-05,0.0011775939397449253,-0.0011775939397449253,-0.0021775939397449253,-0.0011775939397449253
2020-04-21,0.01360115712502541,0.0,0.0,0.01360115712502541,-0.01360115712502541,0.01360115712502541,0.01360115712502541,0.0011122736997820355,-0.01360115712502541,0.01360115712502541,0.01360115712502541,0.01360115712502541
2020-04-22,0.09918367072387779,0.0,0.0,0.09918367072387779,-0.09918367072387779,0.09918367072387779,0.09918367072387779,0.008107985367664406,0.09818367072387779,0.09918367072387779,0.09918367072387779,0.09918367072387779
2020-04-23,0.11464953924015986,0.0,0.0,0.11464953924015986,-0.11464953924015986,0.11464953924015986,0.11464953924015986,0.009304959830112498,-0.11564953924015986,0.11464953924015986,0.11464953924015986,0.11464953924015986
2020-04-24,0.01809506001588823,0.0,0.0,0.01809506001588823,-0.01809506001588823,0.01809506001588823,0.01809506001588823,0.001455108097885344,-0.01809506001588823,0.01809506001588823,0.01809506001588823,0.01809506001588823
2020-04-27,-0.017773448400393854,0.0,0.0,-0.017773448400393854,0.017773448400393854,-0.017773448400393854,-0.017773448400393854,-0.0014290493589821413,0.017773448400393854,-0.017773448400393854,-0.017773448400393854,-0.017773448400393854
2020-04-28,0.016190260748982332,0.0,0.0,0.016190260748982332,-0.016190260748982332,0.016190260748982332,0.016190260748982332,0.001302329085403764,-0.016190260748982332,0.016190260748982332,0.01619026074898233,0.016190260748982332
2020-04-29,0.22305541664319417,0.0,0.0,0.22305541664319417,-0.22305541664319417,0.22305541664319417,0.22305541664319417,0.017936896410190018,0.22205541664319417,0.22305541664319417,0.22305541664319417,0.22305541664319417
2020-04-30,0.0022989816994092305,0.0,0.0,0.0022989816994092305,-0.0022989816994092305,0.0022989816994092305,0.0022989816994092305,0.00017835099992980999,-0.0032989816994092305,0.0022989816994092305,0.0022989816994092305,0.0022989816994092305
2020-05-01,-0.1376148084415798,0.0,0.0,-0.1376148084415798,0.13761480844157978,-0.1376148084415798,-0.1376148084415798,-0.010745708229405584,0.1376148084415798,-0.1376148084415798,-0.1376148084415798,-0.1376148084415798
2020-05-04,0.06914901165018228,0.0,0.0,-0.07014901165018228,-0.06914901165018228,0.06914901165018228,0.06914901165018228,0.005348416806592131,-0.06914901165018228,0.06914901165018228,0.06914901165018227,0.06914901165018228
2020-05-05,-0.02321751830670926,0.0,0.0,0.02321751830670926,0.02321751830670926,-0.02321751830670926,-0.02321751830670926,-0.0017908458077002174,0.02321751830670926,-0.02321751830670926,-0.02321751830670926,-0.02321751830670926
2020-05-06,-0.01443105225159691,0.0,0.0,0.01443105225159691,0.01443105225159691,-0.01443105225159691,-0.01443105225159691,-0.0011132296738490062,0.01443105225159691,-0.01443105225159691,-0.01443105225159691,-0.01443105225159691
2020-05-07,0.023255887943977704,0.0,0.0,-0.023255887943977704,-0.023255887943977704,0.023255887943977704,0.023255887943977704,0.0017948705961018544,-0.0005,0.023255887943977704,0.0232558879439777,0.023255887943977704
2020-05-08,0.04797980059703866,0.0,0.0,0.04697980059703866,-0.04797980059703866,0.04797980059703866,0.04797980059703866,0.0037015351874996076,-0.04847980059703866,0.04797980059703866,0.04797980059703866,0.04797980059703866
2020-05-11,-0.03373497463859876,0.0,0.0,-0.03373497463859876,0.03373497463859876,-0.03373497463859876,-0.03373497463859876,-0.002599608675356999,0.03373497463859876,-0.03373497463859876,-0.03373497463859876,-0.03373497463859876
2020-05-12,-0.019950239081302557,0.0,0.0,0.018950239081302556,0.019950239081302557,-0.019950239081302557,-0.0005,-0.0015366290547117864,-0.020950239081302557,-0.019950239081302557,-0.019950239081302553,-0.019950239081302557
2020-05-13,-0.08990668070385044,0.0,0.0,0.08990668070385044,-0.09090668070385044,-0.08990668070385044,0.0,-0.006934428216296419,-0.08990668070385044,-0.08990668070385044,-0.08990668070385044,-0.08990668070385044
2020-05-14,0.033482816175936736,0.0,0.0,0.03448281617593674,-0.03448281617593674,-0.03448281617593674,0.0,-0.0026596107993244536,-0.0005,-0.03448281617593674,-0.03448281617593674,-0.03448281617593674
2020-05-15,-0.024131429732136,0.0,0.0,-0.024131429732136,0.024131429732136,-0.025131429732136,0.0,0.0018612230158717494,0.023631429732136,0.024131429732136,0.024131429732136,0.024131429732136
2020-05-18,-0.12346843535992535,0.0,0.0,-0.12346843535992535,0.12346843535992535,-0.12346843535992535,0.0,0.009522945642940378,0.12346843535992535,0.12346843535992535,0.12346843535992535,0.12346843535992535
2020-05-19,-0.047980134880654,0.0,0.0,-0.047980134880654,-0.046980134880654,0.046980134880654,0.0,-0.0036235113003763404,-0.046980134880654,-0.046980134880654,-0.046980134880654,-0.046980134880654
2020-05-20,-0.05293677176885858,0.0,0.0,0.05193677176885858,0.05193677176885858,-0.05193677176885858,0.0,0.004005809687171042,0.05193677176885858,0.05193677176885858,0.05193677176885858,0.05193677176885858
2020-05-21,0.007368460679446965,0.0,0.0,0.008368460679446965,0.008368460679446965,-0.008368460679446965,0.0,0.0006454475261887334,-0.009368460679446966,0.008368460679446965,0.008368460679446965,0.008368460679446965
2020-05-22,0.009958236954633382,0.0,0.0,0.009958236954633382,0.009958236954633382,-0.009958236954633382,0.0,0.0007680647198779821,-0.009958236954633382,0.009958236954633382,0.009958236954633382,0.009958236954633382
2020-05-26,0.04437164277971273,0.0,0.0,0.04437164277971273,0.04437164277971273,-0.04437164277971273,0.0,0.00342232199709498,0.04337164277971273,0.04437164277971273,0.04437164277971273,0.04437164277971273
2020-05-27,-0.010228455737708142,0.0,0.0,-0.010228455737708142,-0.010228455737708142,-0.011228455737708143,0.0,-0.0007889063121069678,-0.0005,-0.010228455737708142,-0.010228455737708142,-0.010228455737708142
2020-05-28,-0.05643849297092518,0.0,0.0,-0.05643849297092518,-0.05643849297092518,-0.05643849297092518,0.0,-0.004353021071052131,0.0,-0.05643849297092518,-0.05643849297092518,-0.05643849297092518
2020-05-29,-0.09098576540980441,0.0,0.0,0.08998576540980441,-0.09098576540980441,-0.09098576540980441,0.0,-0.007017603290695949,-0.09148576540980441,-0.09098576540980441,-0.09098576540980441,-0.09098576540980441
2020-06-01,-0.08811765513824443,0.0,0.0,-0.08711765513824443,-0.08811765513824443,0.08711765513824443,0.08661765513824443,0.0067192614209736655,-0.08811765513824443,0.08711765513824443,0.08711765513824443,0.08711765513824443
2020-06-02,0.0416258245362916,0.0,0.0,0.0416258245362916,-0.0426258245362916,0.0426258245362916,0.0426258245362916,0.0032876695072817886,-0.0426258245362916,0.0426258245362916,0.0426258245362916,0.0426258245362916
2020-06-03,0.024529686665842432,0.0,0.0,0.024529686665842432,0.02352968666584243,0.024529686665842432,-0.0005,0.0018919400094139015,-0.024529686665842432,0.024529686665842432,0.024529686665842432,0.024529686665842432
2020-06-04,0.037510183954375886,0.0,0.0,0.037510183954375886,0.037510183954375886,0.037510183954375886,0.0,0.002893107390669633,-0.037510183954375886,0.037510183954375886,0.037510183954375886,0.037510183954375886
2020-06-05,0.2361538326422692,0.0,0.0,0.2361538326422692,0.2361538326422692,0.2361538326422692,0.0,0.018214210822941203,-0.2361538326422692,0.2361538326422692,0.2361538326422692,0.2361538326422692
2020-06-08,0.10329794069036691,0.0,0.0,0.10329794069036691,0.10329794069036691,0.10329794069036691,0.1027979406903669,0.007967223941523494,-0.10329794069036691,0.10329794069036691,0.10329794069036691,0.10329794069036691
2020-06-09,-0.06768184360418139,0.0,-0.06818184360418139,-0.06768184360418139,-0.06768184360418139,-0.06768184360418139,-0.06768184360418139,-0.0059560872131313915,0.06768184360418139,-0.06768184360418139,-0.06768184360418139,-0.06768184360418139
2020-06-10,-0.10284331026866833,0.0,-0.10284331026866833,-0.10284331026866833,-0.10284331026866833,-0.10284331026866833,-0.10284331026866833,-0.009042140431060993,0.10284331026866833,-0.10284331026866833,-0.10284331026866833,-0.10284331026866833
2020-06-11,-0.13755907017214541,0.0,-0.0005,0.1365590701721454,-0.13755907017214541,-0.13755907017214541,-0.13755907017214541,-0.012094402901008624,0.13755907017214541,-0.13755907017214541,-0.13755907017214541,-0.13755907017214541
2020-06-12,-0.07762265148306191,0.0,0.0,-0.07662265148306191,0.07662265148306191,0.07662265148306191,0.07662265148306191,0.006736780186286597,-0.07662265148306191,0.07662265148306191,0.07662265148306191,0.07662265148306191
2020-06-15,0.021512416396911038,0.0,0.0,-0.02251241639691104,0.02251241639691104,0.02251241639691104,0.02251241639691104,0.001979325927681709,-0.02251241639691104,0.02251241639691104,0.02251241639691104,0.02251241639691104
2020-06-16,0.034800950772580164,0.0,0.0,0.03380095077258016,0.034800950772580164,0.034800950772580164,0.034800950772580164,0.0034358348634018617,-0.034800950772580164,0.034800950772580164,0.034800950772580164,0.034800950772580164
2020-06-17,-0.046670945312969336,0.0,0.0,-0.046670945312969336,-0.046670945312969336,-0.046670945312969336,-0.0005,-0.004615089878311296,0.046670945312969336,-0.046670945312969336,-0.046670945312969336,-0.046670945312969336
2020-06-18,0.02375808299115123,0.0,0.0,-0.02475808299115123,0.02375808299115123,0.02375808299115123,0.0,0.002349335065001833,-0.0005,0.02375808299115123,0.02375808299115123,0.02375808299115123
2020-06-19,-0.016877811833816647,0.0,0.0,-0.017877811833816648,-0.016877811833816647,-0.016877811833816647,0.0,-0.0016689745202277772,0.0,-0.016877811833816647,-0.016877811833816647,-0.016877811833816647
2020-06-22,0.021459413375284342,0.0,0.0,-0.022459413375284343,0.02145941337528434,0.021459413375284342,0.0,0.0021220294724832046,0.02095941337528434,0.021459413375284342,0.021459413375284342,0.021459413375284342
2020-06-23,-0.010504251577170165,0.0,0.0,-0.011504251577170166,-0.010504251577170165,-0.010504251577170165,0.0,-0.001038720446049375,-0.0005,-0.010504251577170165,-0.010504251577170165,-0.010504251577170165
2020-06-24,-0.07501766745543403,0.0,0.0,0.07401766745543403,-0.07501766745543403,-0.07501766745543403,-0.07551766745543403,-0.008535584432594905,0.07451766745543403,-0.07501766745543403,-0.07501766745543403,-0.07501766745543403
2020-06-25,-0.04614174957101891,0.0,0.0,-0.04514174957101891,0.04514174957101891,0.04514174957101891,0.04514174957101891,0.005131821004109481,0.04414174957101891,0.04514174957101891,0.04514174957101891,0.04514174957101891
2020-06-26,0.030014816931978938,0.0,0.0,-0.03101481693197894,-0.030014816931978938,-0.030014816931978938,-0.0005,-0.0034121554753588548,-0.0005,-0.030014816931978938,-0.030014816931978938,-0.030014816931978938
2020-06-29,-0.006037854692917399,0.0,0.0,-0.007037854692917399,0.006037854692917399,0.006037854692917399,0.0,0.0006863976214330661,0.005537854692917399,0.006037854692917399,0.006037854692917399,0.006037854692917399
2020-06-30,-0.012753017960096535,0.0,0.0,0.011753017960096535,0.012753017960096534,0.012753017960096535,-0.013253017960096536,0.0014497932857131758,-0.013753017960096536,0.012753017960096535,0.012753017960096535,0.012753017960096535
2020-07-01,0.03703693876836944,0.0,-0.03753693876836944,-0.03703693876836944,-0.03703693876836944,-0.03703693876836944,0.03703693876836944,-0.0042104469167818515,0.03703693876836944,0.03603693876836944,-0.03703693876836944,-0.03703693876836944
2020-07-02,-0.019999876011411066,0.0,-0.0005,-0.020999876011411067,0.019999876011411066,0.019999876011411066,-0.019999876011411066,0.0022736332723097873,0.018999876011411065,-0.019999876011411066,0.019999876011411066,0.019999876011411066
2020-07-06,-0.02036205550279635,0.0,0.01986205550279635,-0.02036205550279635,0.02036205550279635,0.02036205550279635,-0.02036205550279635,0.0023148066946696052,-0.0005,-0.02036205550279635,0.02036205550279635,0.02036205550279635
2020-07-07,0.0561715013173979,0.0,-0.0561715013173979,-0.0571715013173979,-0.0561715013173979,-0.0561715013173979,0.0561715013173979,-0.007193543036118732,0.0556715013173979,0.0561715013173979,-0.0561715013173979,-0.0561715013173979
2020-07-08,-0.02349258574291979,0.0,-0.0005,-0.024492585742919792,-0.024492585742919792,0.02349258574291979,-0.02349258574291979,0.0030055719189574447,-0.02349258574291979,-0.02349258574291979,-0.024492585742919792,0.02349258574291979
2020-07-09,0.07574610491424316,0.0,-0.07624610491424316,0.07574610491424316,0.07574610491424316,-0.07574610491424316,0.07574610491424316,-0.009690732573755368,0.07574610491424316,0.07574610491424316,-0.07674610491424316,-0.07574610491424316
2020-07-10,-0.0521525180832052,0.0,-0.0005,-0.0521525180832052,-0.0521525180832052,-0.0531525180832052,-0.0521525180832052,0.006672238874387965,-0.0521525180832052,-0.0521525180832052,-0.0531525180832052,0.0521525180832052
2020-07-13,0.014948712409480591,0.0,-0.015448712409480592,-0.015948712409480592,0.014948712409480591,0.014948712409480591,0.014948712409480591,-0.0019124940410634196,0.014948712409480591,0.014948712409480591,-0.015948712409480592,-0.014948712409480591
2020-07-14,-0.07907314609102256,0.0,0.07907314609102256,-0.08007314609102256,-0.07907314609102256,-0.07907314609102256,-0.07907314609102256,0.010116384379119407,-0.07907314609102256,-0.07907314609102256,0.07907314609102256,0.07907314609102256
2020-07-15,0.02194608891184824,0.0,0.02294608891184824,0.02194608891184824,-0.022946088911848236,-0.02294608891184824,-0.02294608891184824,0.0029356547311586126,-0.02294608891184824,-0.02294608891184824,0.02294608891184824,0.02294608891184824
2020-07-16,0.0036177732312967503,0.0,0.0036177732312967503,0.0036177732312967503,-0.0036177732312967503,-0.0036177732312967503,-0.0036177732312967503,0.0004628472043107688,-0.0036177732312967503,-0.0036177732312967503,0.0036177732312967503,0.0036177732312967503
2020-07-17,-0.041816732697334213,0.0,-0.041816732697334213,-0.041816732697334213,0.041816732697334213,0.041816732697334213,-0.0005,-0.005349909069738558,0.041816732697334213,0.041816732697334213,-0.041816732697334213,-0.041816732697334213
2020-07-20,-0.024325847473758322,0.0,0.02332584747375832,-0.024325847473758322,-0.02332584747375832,-0.02332584747375832,0.0,0.0029842399180831556,-0.02332584747375832,-0.02332584747375832,-0.024325847473758322,0.02332584747375832
2020-07-21,0.09660591789251705,0.0,0.09760591789251705,-0.09760591789251705,-0.09760591789251705,-0.09760591789251705,0.0,0.012487412375635524,-0.09760591789251705,-0.09760591789251705,0.09660591789251705,0.09760591789251705
2020-07-22,-0.026174435901014093,0.0,-0.026174435901014093,-0.027174435901014093,-0.027174435901014093,-0.027174435901014093,0.0,-0.0033486798941384692,-0.027174435901014093,-0.027174435901014093,-0.026174435901014093,-0.026174435901014093
2020-07-23,-0.008270363882612708,0.0,-0.008270363882612708,-0.008270363882612708,-0.008270363882612708,-0.008270363882612708,-0.008770363882612708,-0.0010580858879117676,0.007270363882612708,-0.008270363882612708,0.007270363882612708,-0.008270363882612708
2020-07-24,-0.01320359484378486,0.0,-0.01320359484378486,-0.01320359484378486,-0.01320359484378486,-0.01320359484378486,-0.01320359484378486,-0.0016892288625031913,0.01320359484378486,-0.01320359484378486,-0.014203594843784858,-0.01320359484378486
2020-07-27,-0.03591564411578463,0.0,-0.03591564411578463,0.03491564411578463,-0.03591564411578463,-0.03591564411578463,-0.03591564411578463,-0.004594941254527702,0.03591564411578463,-0.03591564411578463,-0.03591564411578462,-0.03591564411578463
2020-07-28,-0.027027095405619872,0.0,-0.027027095405619872,0.027027095405619872,-0.027027095405619872,-0.027027095405619872,-0.027027095405619872,-0.0034577666286307613,0.027027095405619872,-0.027027095405619872,-0.02702709540561987,-0.027027095405619872
2020-07-29,-0.025774938945701487,0.0,0.024774938945701486,-0.024774938945701486,0.024774938945701486,0.024774938945701486,0.024774938945701486,0.003169632393978905,-0.024774938945701486,0.024774938945701486,0.024774938945701482,0.024774938945701486
2020-07-30,0.17189393593877977,0.0,0.17289393593877977,-0.17289393593877977,0.17289393593877977,0.17289393593877977,-0.0005,0.0262044566785142,-0.17289393593877977,0.17289393593877977,0.17289393593877977,0.17289393593877977
2020-07-31,-0.041224216545669434,0.0,-0.041224216545669434,-0.042224216545669435,-0.041224216545669434,-0.041224216545669434,-0.041724216545669435,-0.006250922566129369,-0.042224216545669435,-0.041224216545669434,-0.041224216545669434,-0.041224216545669434
2020-08-03,0.024104143958569413,0.0,0.024104143958569413,0.024104143958569413,0.024104143958569413,0.024104143958569413,0.024104143958569413,0.003654966668461296,0.024104143958569413,0.024104143958569413,0.024104143958569413,0.024104143958569413
2020-08-04,0.010178158462992526,0.0,0.010178158462992526,0.010178158462992526,0.010178158462992526,0.010178158462992526,0.010178158462992526,0.0015433375270449891,-0.011178158462992527,0.010178158462992526,0.010178158462992526,0.010178158462992526
2020-08-05,0.02267002855617295,0.0,0.02267002855617295,0.02267002855617295,0.02267002855617295,0.02267002855617295,0.02267002855617295,0.0034375084586407995,0.02167002855617295,0.02267002855617295,0.02267002855617295,0.02267002855617295
2020-08-06,-0.03940895680562473,0.0,-0.03940895680562473,-0.03940895680562473,-0.03940895680562473,-0.03940895680562473,-0.03940895680562473,-0.005975670565648996,-0.03940895680562473,-0.03940895680562473,-0.03940895680562473,-0.03940895680562473
2020-08-07,-0.0038461070171882383,0.0,-0.0038461070171882383,0.0028461070171882383,-0.0038461070171882383,-0.0038461070171882383,-0.0038461070171882383,-0.0005831940339934983,0.0028461070171882383,-0.0038461070171882383,-0.0038461070171882383,-0.0038461070171882383
2020-08-10,0.04761923249780775,0.0,0.04761923249780775,-0.04761923249780775,0.04761923249780775,0.04761923249780775,0.04761923249780775,0.0072206135117824765,0.04661923249780775,0.04761923249780775,0.04761923249780775,0.04761923249780775
2020-08-11,-0.04238341884992247,0.0,-0.04238341884992247,-0.04338341884992247,-0.04238341884992247,-0.04238341884992247,-0.04238341884992247,-0.006426695071941263,0.04138341884992247,-0.04238341884992247,-0.04238341884992247,-0.04238341884992247
2020-08-12,0.010262887088892114,0.0,0.010262887088892114,-0.0005,0.010262887088892114,0.010262887088892114,0.010262887088892114,0.0015561851230459012,0.009262887088892113,0.010262887088892114,0.010262887088892114,0.010262887088892114
2020-08-13,-0.020952303392769545,0.0,-0.020952303392769545,0.0,-0.020952303392769545,-0.020952303392769545,-0.020952303392769545,-0.0031770458498625,0.019952303392769544,-0.020952303392769545,-0.020952303392769545,-0.020952303392769545
2020-08-14,0.012970058094417869,0.0,0.012970058094417869,0.0,0.012970058094417869,0.012970058094417869,0.012970058094417869,0.001966679675685004,-0.0005,0.012970058094417869,0.012970058094417869,0.012970058094417869
2020-08-17,-0.01792575711732125,0.0,-0.01792575711732125,0.0,-0.01792575711732125,-0.01792575711732125,-0.01792575711732125,-0.0027181236920653757,-0.01842575711732125,-0.01792575711732125,-0.01792575711732125,-0.01792575711732125
2020-08-18,-0.005866979681016127,0.0,-0.005866979681016127,0.0,-0.005866979681016127,-0.005866979681016127,-0.005866979681016127,-0.0008896235939974162,-0.005866979681016127,-0.005866979681016127,-0.005866979681016127,-0.005866979681016127
2020-08-19,0.005901604273373495,0.0,0.005901604273373495,0.0,0.005901604273373495,0.005901604273373495,0.005901604273373495,0.0008948738004014587,0.005901604273373495,0.005901604273373495,0.005901604273373495,0.005901604273373495
2020-08-20,-0.03911339209927189,0.0,-0.03911339209927189,0.0,-0.03911339209927189,-0.03911339209927189,-0.03911339209927189,-0.005930853410891293,-0.03911339209927189,-0.03911339209927189,-0.03911339209927189,-0.03911339209927189
2020-08-21,-0.0005,0.0,-0.03256443371056705,0.0,-0.03256443371056705,-0.0005,-0.03256443371056705,-0.0049378198202772415,0.03156443371056705,-0.03256443371056705,-0.03256443371056705,-0.03256443371056705
2020-08-24,0.0,0.0,0.014025205332281132,0.0,-0.015025205332281133,0.0,-0.0005,0.0021266740729694662,0.013025205332281131,0.014025205332281132,0.014025205332281132,0.014025205332281132
2020-08-25,0.0,0.0,0.01313975523906552,0.0,0.01213975523906552,0.0,0.0,0.0019924112431900062,0.01313975523906552,-0.014139755239065521,0.01313975523906552,0.01313975523906552
2020-08-26,0.0,0.0,-0.03890779501216968,0.0,-0.03890779501216968,0.0,0.0,-0.005899678252720028,-0.03890779501216968,0.03890779501216968,-0.03890779501216968,-0.03890779501216968
2020-08-27,0.0,0.0,0.03693178910091088,0.0,0.03693178910091088,0.0,0.0,0.005600051941379245,0.03693178910091088,-0.03693178910091088,0.03693178910091088,0.03693178910091088
2020-08-28,0.0,0.0,0.030821962099125688,0.030321962099125688,0.030821962099125688,0.0,-0.03132196209912569,0.004673604850788808,-0.03182196209912569,-0.030821962099125688,0.030821962099125685,0.030821962099125688
2020-08-31,0.0,0.0,-0.016611228102162978,-0.016611228102162978,0.015611228102162977,0.0,0.016611228102162978,-0.002518798640597591,-0.01761122810216298,0.016611228102162978,-0.016611228102162975,-0.016611228102162978
2020-09-01,0.0,0.0,0.009459317656633104,0.009459317656633104,-0.009459317656633104,0.0,-0.009459317656633104,0.0014343380458068486,-0.010459317656633105,-0.009459317656633104,-0.010459317656633105,0.009459317656633104
2020-09-02,0.0,0.0,-0.03480579001402362,-0.03480579001402362,0.03480579001402362,0.0,0.03480579001402362,-0.005277681820577275,0.03480579001402362,0.03480579001402362,-0.03580579001402361,-0.03480579001402362
2020-09-03,0.0,0.0,-0.002080534473902995,-0.0005,0.002080534473902995,0.0,0.002080534473902995,-0.0003154762171919679,-0.003080534473902995,0.002080534473902995,0.0010805344739029952,-0.002080534473902995
2020-09-04,0.0,0.0,0.01459348371090785,0.0,-0.01459348371090785,0.0,-0.01459348371090785,0.0027893606096058674,-0.015593483710907852,-0.01459348371090785,-0.01459348371090785,0.01459348371090785
2020-09-08,0.0,0.0,-0.10684938698224888,-0.10734938698224888,0.10684938698224888,0.0,0.10684938698224888,-0.02057266806917578,0.10684938698224888,0.10684938698224888,-0.10784938698224887,-0.10684938698224888
2020-09-09,0.0,0.0,-0.0005,-0.0005,-0.00843558039094483,0.0,-0.00843558039094483,0.0016241777351758415,-0.00843558039094483,-0.00843558039094483,-0.009435580390944831,0.00843558039094483
2020-09-10,0.0,0.0,0.0,0.0,0.08669198270937051,0.0,0.08669198270937051,-0.016691582749416237,0.08669198270937051,0.08669198270937051,0.08669198270937051,-0.08669198270937051
2020-09-11,0.009491645022583317,0.0,0.0,0.009491645022583317,0.009991645022583316,0.009491645022583317,0.009991645022583318,-0.0019237807751652162,0.009991645022583318,0.009991645022583318,-0.010991645022583318,-0.009991645022583318
2020-09-14,-0.003364161851883596,0.0,0.0,-0.003364161851883596,-0.003364161851883596,-0.003364161851883596,-0.003364161851883596,0.0007168384875109512,-0.003364161851883596,-0.003364161851883596,0.003364161851883596,0.003364161851883596
2020-09-15,-0.0008383844466572921,0.0,0.0,-0.0008383844466572921,-0.0008383844466572921,-0.0008383844466572921,-0.0008383844466572921,0.00018165014334096044,-0.00016161555334270796,-0.0008383844466572921,0.0008383844466572921,0.0008383844466572921
2020-09-16,-0.046901123469127004,0.0,0.0,0.045901123469127,-0.046901123469127,-0.046901123469127004,-0.046901123469127004,0.010161920148909412,-0.047901123469127005,-0.046901123469127004,-0.047901123469127005,0.046901123469127004
2020-09-17,0.006400070219057308,0.0,0.0,-0.006400070219057308,0.006400070219057308,0.006400070219057308,0.006400070219057308,-0.001386683254107646,0.006400070219057308,0.006400070219057308,0.006400070219057308,-0.006400070219057308
2020-09-18,-0.018518576824921862,0.0,0.0,0.018518576824921862,-0.018518576824921862,-0.018518576824921862,-0.018518576824921862,0.004012362285738719,-0.018518576824921862,-0.018518576824921862,-0.018518576824921862,0.018518576824921862
2020-09-21,0.042687663949267374,0.0,0.0,-0.042687663949267374,0.042687663949267374,0.042687663949267374,0.042687663949267374,-0.009249003015492335,0.042687663949267374,0.042687663949267374,0.042687663949267374,-0.042687663949267374
2020-09-22,-0.010734873813358803,0.0,0.0,-0.011734873813358804,-0.010734873813358803,-0.010734873813358803,-0.010734873813358803,0.0023258916296915164,-0.010734873813358803,-0.010734873813358803,0.009734873813358802,0.010734873813358803
2020-09-23,0.09313729383077662,0.0,0.0,-0.09413729383077662,0.09313729383077662,0.09313729383077662,0.09313729383077662,-0.020179766981847994,-0.09413729383077662,0.09313729383077662,0.09213729383077662,-0.09313729383077662
2020-09-24,0.01801836714090166,0.0,0.0,0.017018367140901658,0.018018367140901655,-0.01901836714090166,0.01801836714090166,-0.0039039834135338675,0.017018367140901658,0.01801836714090166,-0.01901836714090166,-0.01801836714090166
2020-09-25,0.09632989530943548,0.0,0.0,0.09632989530943548,0.09632989530943548,-0.09632989530943548,0.09632989530943548,-0.020871497987284937,0.09632989530943548,0.09632989530943548,-0.09632989530943548,-0.09632989530943548
2020-09-28,-0.04263952124444326,0.0,0.0,-0.04263952124444326,-0.04263952124444326,0.04263952124444326,-0.04263952124444326,0.00923857208578343,-0.04263952124444326,-0.04263952124444326,0.04263952124444326,0.04263952124444326
2020-09-29,0.07108090636856179,0.0,0.0,-0.07208090636856179,0.07108090636856178,-0.07108090636856179,0.07108090636856179,-0.01540087829889411,0.07108090636856179,0.07108090636856179,0.07008090636856179,-0.07108090636856179
2020-09-30,0.007337417314833838,0.0,0.0,0.006337417314833838,0.007337417314833838,-0.007337417314833838,0.007337417314833838,-0.0015897753259929456,0.007337417314833838,0.007337417314833838,-0.00833741731483384,-0.007337417314833838
2020-10-01,0.01689540901321296,0.0,0.0,0.01689540901321296,0.01689540901321296,-0.01689540901321296,0.01689540901321296,-0.003660675578239623,0.01689540901321296,0.01689540901321296,-0.01689540901321296,-0.01689540901321296
2020-10-02,-0.04618666584740527,0.0,0.0,-0.04618666584740527,-0.04618666584740527,0.04618666584740527,-0.04618666584740527,0.010007120844229746,-0.04618666584740527,-0.04618666584740527,0.04618666584740527,0.04618666584740527
2020-10-05,-0.01026708366370066,0.0,0.0,0.00926708366370066,-0.01026708366370066,0.01026708366370066,-0.01026708366370066,0.0022245369968882838,-0.01026708366370066,-0.01026708366370066,-0.011267083663700661,0.01026708366370066
2020-10-06,0.04268297113955699,0.0,0.0,-0.04268297113955699,0.04268297113955699,-0.04268297113955699,0.04268297113955699,-0.009247986239048114,0.04268297113955699,0.04268297113955699,0.04268297113955699,-0.04268297113955699
2020-10-07,-0.015923550258801766,0.0,0.0,-0.016923550258801767,-0.015923550258801766,0.015923550258801766,-0.015923550258801766,0.0034501059729113836,-0.015923550258801766,-0.015923550258801766,0.014923550258801765,0.015923550258801766
2020-10-08,-0.059561043984563966,0.0,0.0,-0.059561043984563966,-0.059561043984563966,0.059561043984563966,-0.059561043984563966,0.01290490564378982,0.058561043984563965,-0.059561043984563966,0.059561043984563966,0.059561043984563966
2020-10-09,0.046350982124666595,0.0,0.0,-0.047350982124666596,0.046350982124666595,-0.046350982124666595,0.046350982124666595,-0.010042722739561631,-0.046350982124666595,0.046350982124666595,0.045350982124666595,-0.046350982124666595
2020-10-12,0.03722843327093717,0.0,0.0,0.036228433270937166,0.03722843327093717,0.036228433270937166,0.03722843327093717,-0.008066168530425346,0.036228433270937166,0.03722843327093717,-0.03822843327093717,-0.03722843327093717
2020-10-13,0.018259970228165945,0.0,0.0,0.018259970228165945,0.01825997022816594,0.018259970228165945,0.018259970228165945,-0.003956330800950414,0.018259970228165945,0.018259970228165945,-0.018259970228165945,-0.018259970228165945
2020-10-14,-0.006564409520970038,0.0,0.0,-0.006564409520970038,-0.006564409520970038,-0.006564409520970038,-0.006564409520970038,0.0014222901381189422,-0.0005,-0.006564409520970038,0.006564409520970038,0.006564409520970038
2020-10-15,-0.0608695736656637,0.0,0.0,-0.0608695736656637,-0.0608695736656637,-0.0608695736656637,-0.0608695736656637,0.013188420688809294,-0.0613695736656637,-0.0608695736656637,-0.0618695736656637,0.0608695736656637
2020-10-16,0.039958816178043755,0.0,0.0,-0.040958816178043755,0.03995881617804375,0.039958816178043755,0.039958816178043755,-0.008657752079510866,0.039958816178043755,0.039958816178043755,0.039958816178043755,-0.039958816178043755
2020-10-19,0.03308447834055339,0.0,0.0,0.03208447834055339,0.033084478340553385,0.03308447834055339,0.03308447834055339,-0.007168310739642169,-0.0005,0.03308447834055339,-0.03408447834055339,-0.03308447834055339
2020-10-20,-0.060706503308073145,0.0,0.0,-0.060706503308073145,-0.060706503308073145,-0.060706503308073145,-0.060706503308073145,0.013153088743006755,-0.061206503308073146,-0.060706503308073145,0.060706503308073145,0.060706503308073145
2020-10-21,0.050599996558626126,0.0,0.0,-0.05159999655862613,0.050599996558626126,0.050599996558626126,0.050599996558626126,-0.01096334344532964,0.050599996558626126,0.050599996558626126,0.049599996558626125,-0.050599996558626126
2020-10-22,-0.03736244250470655,0.0,0.0,-0.03836244250470655,-0.03736244250470654,-0.03736244250470655,-0.03736244250470655,0.008095203893164097,-0.0005,-0.03736244250470655,0.03636244250470655,0.03736244250470655
2020-10-23,0.016948987474584176,0.0,0.0,-0.017948987474584177,0.016948987474584176,0.016948987474584176,0.016948987474584176,-0.0036722842563667924,0.016448987474584176,0.016948987474584176,0.015948987474584175,-0.016948987474584176
2020-10-26,0.07758624882235343,0.0,0.0,0.07658624882235343,0.07758624882235343,0.07758624882235343,0.07758624882235343,-0.016810370559783263,0.07758624882235343,0.07758624882235343,-0.07858624882235343,-0.07758624882235343
2020-10-27,0.024532448010741725,0.0,0.0,0.024532448010741725,0.024532448010741725,0.024532448010741725,0.024532448010741725,-0.005315368999775247,0.024532448010741725,0.024532448010741725,-0.024532448010741725,-0.024532448010741725
2020-10-28,0.06706608970843286,0.0,0.0,0.06706608970843286,0.06706608970843286,0.06706608970843286,0.06706608970843286,-0.014531000494376336,0.06706608970843286,0.06706608970843286,-0.06706608970843286,-0.06706608970843286
2020-10-29,-0.051348053415731565,0.0,0.0,-0.051348053415731565,-0.051348053415731565,-0.051348053415731565,-0.051348053415731565,0.011125422591552086,-0.051348053415731565,-0.051348053415731565,0.051348053415731565,0.051348053415731565
2020-10-30,-0.013430899627669968,0.0,0.0,-0.013430899627669968,-0.013430899627669968,-0.013430899627669968,-0.013430899627669968,0.00291003113463243,-0.013430899627669968,-0.013430899627669968,-0.014430899627669969,0.013430899627669968
2020-11-02,-0.07108425565966114,0.0,0.0,0.07008425565966114,-0.07108425565966114,-0.07108425565966114,-0.07108425565966114,0.015401603979350987,-0.07108425565966114,-0.07108425565966114,-0.07108425565966114,0.07108425565966114
2020-11-03,0.017997760715447897,0.0,0.0,-0.017997760715447897,0.017997760715447897,0.017997760715447897,0.017997760715447897,-0.0038995186835972077,0.017997760715447897,0.017997760715447897,0.017997760715447897,-0.017997760715447897
2020-11-04,-0.029782409174403224,0.0,0.0,0.029782409174403224,-0.029782409174403224,-0.029782409174403224,-0.029782409174403224,0.006452861711759459,-0.029782409174403224,-0.029782409174403224,-0.029782409174403224,0.029782409174403224
2020-11-05,0.0022247882791290863,0.0,0.0,-0.0022247882791290863,0.0022247882791290863,0.0022247882791290863,0.0022247882791290863,-0.0004820379378677637,0.0022247882791290863,0.0022247882791290863,0.0022247882791290863,-0.0022247882791290863
2020-11-06,0.047937305143100906,0.0,0.0,-0.047937305143100906,0.047937305143100906,0.047937305143100906,0.047937305143100906,-0.01038642640061183,0.047937305143100906,0.047937305143100906,0.047937305143100906,-0.047937305143100906
2020-11-09,-0.14168615195747414,0.0,0.0,-0.14268615195747414,-0.14168615195747414,-0.14168615195747414,-0.14168615195747414,0.030698696660131346,-0.14168615195747414,-0.14168615195747414,0.14068615195747414,0.14168615195747414
2020-11-10,0.023615051225352013,0.0,0.0,0.023615051225352013,0.023615051225352013,0.023615051225352013,-0.0005,0.005333266380665611,-0.024615051225352014,-0.024615051225352014,-0.025615051225352015,0.024615051225352014
2020-11-11,-0.004003951076701817,0.0,0.0,-0.004003951076701817,-0.004003951076701816,-0.004003951076701817,0.0,-0.0008675235924437243,0.004003951076701817,-0.005003951076701817,0.004003951076701817,-0.004003951076701817
2020-11-12,-0.025125574674442097,0.0,0.0,-0.025125574674442097,-0.025125574674442097,-0.025125574674442097,0.0,-0.00544387990418204,0.025125574674442097,-0.025125574674442097,0.025125574674442097,-0.025125574674442097
2020-11-13,0.06391759304564082,0.0,0.0,-0.06491759304564082,0.06391759304564082,0.06391759304564082,0.0,0.013848825541841109,-0.06391759304564082,0.06391759304564082,-0.06391759304564082,0.06391759304564082
2020-11-16,0.07945759621008008,0.0,0.0,0.07845759621008008,0.07945759621008007,0.07945759621008008,0.0,0.01721582956200666,0.07845759621008008,0.07945759621008008,-0.07945759621008008,0.07945759621008008
2020-11-17,0.026929815742628982,0.0,0.0,0.026929815742628982,0.026929815742628982,0.026929815742628982,0.02642981574262898,0.0058347991894389705,-0.027929815742628983,0.026929815742628982,0.02592981574262898,0.026929815742628982
2020-11-18,-0.03496495458425053,0.0,0.0,-0.03496495458425053,-0.03496495458425053,-0.03496495458425053,-0.03496495458425053,-0.007575747662618018,0.03496495458425053,-0.03496495458425053,-0.03496495458425053,-0.03496495458425053
2020-11-19,0.028079683629898433,0.0,0.0,0.028079683629898433,0.02807968362989843,0.028079683629898433,0.028079683629898433,0.00608393747841661,-0.028079683629898433,0.028079683629898433,0.028079683629898433,0.028079683629898433
2020-11-20,0.007929457460240874,0.0,0.0,0.007929457460240874,0.007929457460240874,0.007929457460240874,0.007929457460240874,0.0017180508178697076,-0.007929457460240874,0.007929457460240874,0.007929457460240874,0.007929457460240874
2020-11-23,0.12412566670257874,0.0,0.0,0.12412566670257874,0.12412566670257873,0.12412566670257874,0.12412566670257874,0.02689392108681671,0.12312566670257874,0.12412566670257874,0.12412566670257874,0.12412566670257874
2020-11-24,0.09175764384179863,0.0,0.09125764384179863,0.09175764384179863,0.09175764384179863,0.09175764384179863,0.09175764384179863,0.017426594822648363,0.09175764384179863,0.09175764384179863,0.09175764384179863,0.09175764384179863
2020-11-25,0.005698166928645776,0.0,0.005698166928645776,0.005698166928645776,0.005698166928645776,0.005698166928645776,0.005698166928645776,0.0010830208117744641,-0.006698166928645776,0.005698166928645776,0.005698166928645776,0.005698166928645776
2020-11-27,-0.014164507166305351,0.0,-0.014164507166305351,-0.014164507166305351,-0.014164507166305351,-0.014164507166305351,-0.014164507166305351,-0.002692173859020842,0.014164507166305351,-0.014164507166305351,-0.014164507166305351,-0.014164507166305351
2020-11-30,-0.07399433845050307,0.0,-0.07399433845050307,-0.07399433845050307,-0.07399433845050307,-0.07399433845050307,-0.07399433845050307,-0.014063717244314516,-0.07499433845050307,-0.07399433845050307,-0.07399433845050307,-0.07399433845050307
2020-12-01,-0.040341502668454265,0.0,-0.040341502668454265,0.039341502668454265,-0.04034150266845426,-0.040341502668454265,-0.040341502668454265,-0.007667498603550838,-0.0005,-0.040341502668454265,-0.040341502668454265,-0.040341502668454265
2020-12-02,0.059822441890654776,0.0,0.059822441890654776,-0.059822441890654776,0.059822441890654776,0.059822441890654776,0.059822441890654776,0.011370138921876998,0.059322441890654776,0.059822441890654776,0.059822441890654776,0.059822441890654776
2020-12-03,0.04805499499040189,0.0,0.04805499499040189,0.04705499499040189,0.04805499499040189,0.04805499499040189,0.04805499499040189,0.009133561781541516,-0.0005,0.04805499499040189,0.04805499499040189,0.04805499499040189
2020-12-04,0.1048036149296061,0.0,0.1048036149296061,0.1048036149296061,0.1048036149296061,0.1048036149296061,0.1048036149296061,0.01991947542767684,-0.1053036149296061,0.1048036149296061,0.1048036149296061,0.1048036149296061
2020-12-07,-0.037549371569830736,0.0,-0.037549371569830736,-0.037549371569830736,-0.037549371569830736,-0.037549371569830736,-0.037549371569830736,-0.007136812836201679,0.037549371569830736,-0.037549371569830736,-0.037549371569830736,-0.037549371569830736
2020-12-08,0.010266609196029064,0.0,0.010266609196029064,0.010266609196029064,0.010266609196029064,0.010266609196029064,0.010266609196029064,0.0019513207606743632,-0.010266609196029064,0.010266609196029064,0.010266609196029064,0.010266609196029064
2020-12-09,0.01761531825103435,0.0,0.01761531825103435,0.01761531825103435,0.01761531825103435,0.01761531825103435,0.01761531825103435,0.003348051489329529,-0.01761531825103435,0.01761531825103435,0.01761531825103435,0.01761531825103435
2020-12-10,0.09853521703166224,0.09803521703166224,0.09853521703166224,0.09853521703166224,0.09853521703166224,0.09853521703166224,0.09853521703166224,0.018728073795368057,0.09753521703166224,0.09853521703166224,0.09853521703166224,0.09853521703166224
2020-12-11,-0.024242503650767855,-0.024242503650767855,-0.024242503650767855,-0.024242503650767855,-0.024242503650767855,-0.024242503650767855,-0.024242503650767855,-0.004607645987222736,0.023242503650767854,-0.024242503650767855,-0.024242503650767855,-0.024242503650767855
2020-12-14,-0.049068394260942116,-0.049068394260942116,-0.049068394260942116,-0.049068394260942116,-0.049068394260942116,-0.049068394260942116,-0.049068394260942116,-0.009326173285271711,-0.05006839426094212,-0.049068394260942116,-0.049068394260942116,-0.049068394260942116
2020-12-15,0.03788396075847844,0.03788396075847844,0.03788396075847844,-0.0005,0.03788396075847844,0.03788396075847844,0.03788396075847844,0.007200406454857971,0.03788396075847844,0.03788396075847844,0.03788396075847844,0.03788396075847844
2020-12-16,-0.005664108578082527,-0.005664108578082527,-0.005664108578082527,-0.006164108578082528,-0.005664108578082527,-0.005664108578082527,-0.005664108578082527,-0.0010765475190582967,-0.005664108578082527,-0.005664108578082527,-0.005664108578082527,-0.005664108578082527
2020-12-17,-0.0031644795126982705,-0.0031644795126982705,-0.0031644795126982705,-0.0005,-0.0031644795126982705,-0.0031644795126982705,-0.0031644795126982705,-0.0006014560846676789,-0.0031644795126982705,-0.0031644795126982705,-0.0031644795126982705,-0.0031644795126982705
2020-12-18,-0.026666804401359268,-0.026666804401359268,-0.026666804401359268,0.0,-0.026666804401359268,-0.026666804401359268,-0.026666804401359268,-0.00506842016245648,0.025666804401359267,-0.026666804401359268,-0.026666804401359268,-0.026666804401359268
2020-12-21,-0.03131095729033384,-0.03131095729033384,-0.03131095729033384,0.0,-0.03131095729033384,-0.03131095729033384,-0.03131095729033384,-0.0059511100335686495,-0.03231095729033384,-0.03131095729033384,-0.03131095729033384,-0.03131095729033384
2020-12-22,-0.04915807476714207,-0.04915807476714207,-0.04915807476714207,0.0,-0.04915807476714207,-0.04915807476714207,-0.04915807476714207,-0.009343218390450492,-0.04915807476714207,-0.04915807476714207,-0.04915807476714207,-0.04915807476714207
2020-12-23,-0.0005,0.04674180820322071,0.046741808203220714,0.0,0.046741808203220714,-0.0005,0.046741808203220714,0.008883971231093662,0.046741808203220714,0.046741808203220714,0.046741808203220714,0.046741808203220714
2020-12-24,-0.024180523778578433,-0.02368052377857843,-0.023680523778578433,-0.024180523778578433,-0.023680523778578433,0.0,-0.023680523778578433,-0.00450083340959891,-0.023680523778578433,-0.023680523778578433,-0.023680523778578433,-0.023680523778578433
2020-12-28,-0.0005,-0.015245888194348689,-0.015245888194348689,-0.0005,-0.015245888194348689,0.0,-0.0005,-0.0028977063001540356,0.014245888194348688,-0.015245888194348689,-0.015245888194348689,-0.015245888194348689
2020-12-29,0.0,-0.0042223999091558495,-0.0042223999091558495,0.0,-0.0042223999091558495,0.0,0.0,-0.0008025294861512941,0.0042223999091558495,-0.0042223999091558495,-0.0042223999091558495,-0.0042223999091558495
2020-12-30,0.0,0.029681814165334552,0.029681814165334552,0.0,0.029681814165334552,0.0,0.0,0.005641467313053819,-0.029681814165334552,0.029681814165334552,0.029681814165334552,0.029681814165334552
2020-12-31,0.0,-0.026080946179161346,-0.026080946179161346,-0.026580946179161347,-0.026080946179161346,0.0,0.0,-0.004957069151625295,0.026080946179161346,-0.026080946179161346,-0.026080946179161346,-0.026080946179161346
2021-01-04,0.0,0.04087377872987208,0.04087377872987208,-0.0005,0.04087377872987208,0.0,0.0,0.0077686655330816015,0.03987377872987208,0.04087377872987208,0.04087377872987208,0.04087377872987208
2021-01-05,0.0,0.09546397791585903,0.09546397791585903,0.09496397791585903,0.09546397791585903,0.0,0.0,0.018144339425701008,-0.09646397791585903,0.09546397791585903,0.09546397791585903,0.09546397791585903
2021-01-06,0.040290824969132666,0.040790824969132666,0.040790824969132666,0.040790824969132666,0.040790824969132666,0.040290824969132666,-0.04129082496913267,0.00775289894526121,-0.040790824969132666,0.040790824969132666,0.040790824969132666,0.040790824969132666
2021-01-07,0.016033405917874388,0.016033405917874388,0.016033405917874388,0.016033405917874388,0.016033405917874388,0.016033405917874388,0.015033405917874387,0.0030473856786102723,0.015033405917874387,0.016033405917874388,0.016033405917874388,0.016033405917874388
2021-01-08,-0.030975915899736917,-0.030975915899736917,-0.030975915899736917,-0.030975915899736917,-0.030975915899736917,-0.030975915899736917,-0.030975915899736917,-0.005887430467250897,-0.030975915899736917,-0.030975915899736917,-0.030975915899736917,-0.030975915899736917
2021-01-11,0.004825092497350525,0.004825092497350525,0.004825092497350525,0.004825092497350525,0.004825092497350525,0.004825092497350525,0.004825092497350525,0.0009170801169577835,0.004825092497350525,0.004825092497350525,0.004825092497350525,0.004825092497350525
2021-01-12,0.11224502013471116,0.11224502013471116,0.11224502013471116,-0.11324502013471116,0.11224502013471116,0.11224502013471116,0.11224502013471116,0.021333824429188273,0.11224502013471116,0.11224502013471116,0.11224502013471116,0.11224502013471116
2021-01-13,-0.03939578985528247,-0.03939578985528246,-0.03939578985528247,-0.04039578985528247,-0.03939578985528247,-0.03939578985528247,-0.03939578985528247,-0.0074877519110701654,0.03839578985528247,-0.03939578985528247,-0.03939578985528247,-0.03939578985528247
2021-01-14,0.030898806764696918,0.030898806764696918,0.030898806764696918,-0.03189880676469692,0.030898806764696918,0.030898806764696918,0.030898806764696918,0.0058727747368955046,-0.030898806764696918,0.030898806764696918,0.030898806764696918,0.030898806764696918
2021-01-15,-0.058855287117091426,-0.058855287117091426,-0.058855287117091426,-0.05985528711709143,-0.058855287117091426,-0.058855287117091426,-0.058855287117091426,-0.011186316868031856,0.058855287117091426,-0.058855287117091426,-0.058855287117091426,-0.058855287117091426
2021-01-19,0.031846924970733825,0.031846924970733825,0.031846924970733825,-0.032846924970733826,0.031846924970733825,0.031846924970733825,0.031846924970733825,0.006052978609828423,0.030846924970733824,0.031846924970733825,0.031846924970733825,0.031846924970733825
2021-01-20,-0.01964080777477717,-0.01964080777477717,-0.01964080777477717,-0.02064080777477717,-0.01964080777477717,-0.01964080777477717,-0.01964080777477717,-0.0037330256987049572,-0.0005,-0.01964080777477717,-0.01964080777477717,-0.01964080777477717
2021-01-21,-0.046144981576733635,-0.046144981576733635,-0.046144981576733635,0.045144981576733634,-0.046144981576733635,-0.046144981576733635,-0.046144981576733635,-0.008770535512975753,0.045644981576733634,-0.046144981576733635,-0.046144981576733635,-0.046144981576733635
2021-01-22,-0.01562496551811765,-0.01562496551811765,-0.01562496551811765,0.01562496551811765,-0.01562496551811765,-0.01562496551811765,-0.01562496551811765,-0.002969755546175532,-0.01662496551811765,-0.01562496551811765,-0.01562496551811765,-0.01562496551811765
2021-01-25,-0.0396826545257879,-0.0396826545257879,-0.0396826545257879,0.0396826545257879,-0.03968265452578789,-0.0396826545257879,-0.0396826545257879,-0.007542274779952498,-0.0396826545257879,-0.0396826545257879,-0.0396826545257879,-0.0396826545257879
2021-01-26,0.026336182189053647,-0.02733618218905365,-0.02733618218905365,0.02733618218905365,-0.02733618218905365,-0.0005,-0.02733618218905365,-0.005195645300661559,-0.02733618218905365,-0.02733618218905365,-0.02733618218905365,-0.02733618218905365
2021-01-27,0.045751654427634514,-0.045751654427634514,-0.045751654427634514,0.045751654427634514,-0.045751654427634514,0.0,-0.0005,-0.008695777877117672,0.04475165442763451,-0.045751654427634514,-0.045751654427634514,-0.045751654427634514
2021-01-28,-0.023287642938255138,0.023287642938255138,0.023287642938255138,-0.023287642938255138,0.023287642938255138,0.0,0.0,0.004426160601317617,0.022287642938255137,-0.02428764293825514,0.023287642938255138,0.023287642938255138
2021-01-29,0.04417687344287713,-0.04417687344287713,-0.04417687344287713,0.04417687344287713,-0.04417687344287713,0.0,0.0,-0.008396467484523704,0.04317687344287713,0.04417687344287713,-0.04417687344287713,-0.04417687344287713
2021-02-01,-0.05882366234429526,-0.0005,0.05882366234429526,-0.05882366234429526,0.05882366234429526,0.0,0.0,0.01118030611272497,0.05782366234429526,-0.05882366234429526,0.05882366234429526,0.05882366234429526
2021-02-02,-0.029100664806680943,0.0,0.029100664806680943,0.02810066480668094,0.029100664806680943,0.0,0.0,0.005531011291309854,-0.0005,-0.029100664806680943,0.029100664806680943,0.029100664806680943
2021-02-03,-0.05591245805789691,0.0,0.05591245805789691,0.05591245805789691,0.05591245805789691,0.0,0.0,0.010626988726804554,0.05541245805789691,-0.05591245805789691,0.05591245805789691,0.05591245805789691
2021-02-04,0.006695185870599696,-0.007195185870599696,-0.006695185870599696,-0.006695185870599696,-0.006695185870599696,0.0,0.0,-0.0012725189920473393,0.005695185870599696,0.006695185870599696,-0.006695185870599696,-0.006695185870599696
2021-02-05,0.0061273965826249555,-0.0061273965826249555,-0.0061273965826249555,-0.0061273965826249555,-0.0061273965826249555,0.0,0.005627396582624955,-0.001164602249122893,-0.0071273965826249555,0.0061273965826249555,-0.0061273965826249555,-0.0061273965826249555
2021-02-08,-0.09987684609933645,0.09987684609933645,0.09987684609933645,-0.10087684609933645,-0.10087684609933645,0.0,-0.09987684609933645,0.018983070221441183,0.09987684609933645,-0.09987684609933645,-0.10087684609933645,0.09987684609933645
2021-02-09,-0.03519280193100216,-0.03419280193100216,-0.03419280193100216,-0.03519280193100216,-0.03519280193100215,-0.03469280193100216,-0.0005,-0.006498847185046985,-0.03419280193100216,-0.03519280193100216,-0.03519280193100216,-0.03419280193100216
2021-02-10,0.022054471706647982,0.022054471706647982,0.022054471706647982,-0.023054471706647983,0.022054471706647982,0.022054471706647982,0.0,0.00419177818938826,-0.023054471706647983,0.022054471706647982,-0.023054471706647983,0.022054471706647982
2021-02-11,-0.03577542466622696,-0.03577542466622696,-0.03577542466622696,-0.036775424666226963,-0.03577542466622696,-0.03577542466622696,0.0,-0.006799648018174427,-0.0005,0.03477542466622696,-0.036775424666226963,-0.03577542466622696
2021-02-12,0.029446806614308763,0.029446806614308763,0.029446806614308763,-0.0005,-0.030446806614308763,0.029446806614308763,0.0,0.005596800655886306,0.0,-0.029446806614308763,0.029446806614308763,0.029446806614308763
2021-02-16,0.06292887167796524,0.06292887167796524,0.06292887167796524,0.062428871677965236,-0.06292887167796524,0.06292887167796524,0.0,0.011960561798584984,-0.06342887167796524,0.061928871677965236,0.06292887167796524,0.06292887167796524
2021-02-17,0.005920267738643403,0.005920267738643403,0.005920267738643403,0.005920267738643403,0.004920267738643403,0.005920267738643403,0.0,0.0011252343521202474,0.004920267738643403,0.005920267738643403,0.005920267738643403,0.005920267738643403
2021-02-18,-0.05671477214744458,-0.05671477214744458,-0.05671477214744458,-0.05671477214744458,-0.05671477214744458,-0.05671477214744458,0.0,-0.010779480373230664,-0.05671477214744458,-0.05671477214744458,-0.05671477214744458,-0.05671477214744458
2021-02-19,0.02212140201288082,0.02212140201288082,0.02212140201288082,-0.0005,-0.02312140201288082,0.02212140201288082,0.0,0.004204499282942784,0.02212140201288082,0.02212140201288082,0.02212140201288082,0.02212140201288082
2021-02-22,0.05882366018208263,0.05882366018208263,0.05882366018208263,0.058323660182082626,0.05782366018208262,0.05882366018208263,0.0,0.011180305701764513,-0.0005,0.05882366018208263,0.05882366018208263,0.05882366018208263
2021-02-23,0.035115523515814484,0.035115523515814484,0.035115523515814484,0.035115523515814484,0.03511552351581448,0.035115523515814484,0.034615523515814484,0.006674224054896385,0.034615523515814484,0.035115523515814484,0.035115523515814484,0.035115523515814484
2021-02-24,0.05367081834974208,0.05367081834974208,0.05367081834974208,0.05367081834974208,0.05367081834974207,0.05367081834974208,0.05367081834974208,0.010200931981392799,-0.05467081834974208,0.05367081834974208,0.05367081834974208,0.05367081834974208
2021-02-25,-0.032676661567082155,-0.032676661567082155,-0.032676661567082155,-0.032676661567082155,-0.03267666156708215,-0.032676661567082155,-0.032676661567082155,-0.006210682308823025,0.032676661567082155,-0.032676661567082155,-0.032676661567082155,-0.032676661567082155
2021-02-26,-0.019870879636621486,-0.019870879636621486,-0.019870879636621486,-0.019870879636621486,-0.019870879636621486,-0.019870879636621486,-0.019870879636621486,-0.003776754255221695,-0.020870879636621487,-0.019870879636621486,-0.019870879636621486,-0.019870879636621486
2021-03-01,-0.010643683523508418,-0.010643683523508418,-0.010643683523508418,-0.0005,-0.010643683523508418,-0.010643683523508418,-0.010643683523508418,-0.0020229893076579553,-0.0005,-0.010643683523508418,-0.010643683523508418,-0.010643683523508418
2021-03-02,-0.0010246492739663937,-0.0010246492739663937,-0.0010246492739663937,0.0,-0.0010246492739663937,-0.0010246492739663937,-0.0010246492739663937,-0.0001947497330933641,-0.0015246492739663937,-0.0010246492739663937,-0.0010246492739663937,-0.0010246492739663937
2021-03-03,0.0210256568870002,0.0210256568870002,0.0210256568870002,0.0,0.0210256568870002,0.0210256568870002,0.0210256568870002,0.003996236732794718,-0.0005,0.0210256568870002,0.0210256568870002,0.0210256568870002
2021-03-04,0.05374164351117505,0.05374164351117505,0.05374164351117505,0.0,0.05374164351117505,0.05374164351117505,0.05374164351117505,0.01149325990781049,-0.05424164351117505,0.05374164351117505,0.05374164351117505,0.05374164351117505
2021-03-05,0.10819855737095563,0.10819855737095563,0.10819855737095563,0.10769855737095563,0.10819855737095563,0.10819855737095563,0.10819855737095563,0.02316366838032037,0.10719855737095563,0.10819855737095563,0.10819855737095563,0.10819855737095563
2021-03-08,-0.0034410586606310467,-0.0034410586606310467,-0.0034410586606310467,-0.0034410586606310467,-0.0034410586606310467,-0.0034410586606310467,-0.0034410586606310467,-0.0007366784144710168,0.0024410586606310467,-0.0034410586606310467,-0.0034410586606310467,-0.0034410586606310467
2021-03-09,-0.06775987367778402,-0.06775987367778402,-0.06775987367778402,-0.06775987367778402,-0.06775987367778401,-0.06775987367778402,-0.06775987367778402,-0.014506360172468587,-0.06875987367778402,-0.06775987367778402,-0.06775987367778402,-0.06775987367778402
2021-03-10,0.0013888144744163,0.0013888144744163,0.0013888144744163,-0.0005,0.0013888144744163,0.0013888144744163,0.0013888144744163,0.000297324092934752,0.0013888144744163,0.0013888144744163,0.0013888144744163,0.0013888144744163
2021-03-11,0.012020316334836467,0.012020316334836467,0.012020316334836467,0.0,0.012020316334836465,0.012020316334836467,0.012020316334836467,0.0025733672257024173,-0.0005,0.012020316334836467,0.012020316334836467,0.012020316334836467
2021-03-12,-0.030150768074229117,-0.030150768074229117,-0.030150768074229117,-0.030650768074229118,-0.030150768074229117,-0.030150768074229117,-0.030150768074229117,-0.006454821672796814,0.029650768074229117,-0.030150768074229117,-0.030150768074229117,-0.030150768074229117
2021-03-15,0.014131239589611155,0.014131239589611155,0.014131239589611155,-0.0005,0.014131239589611154,0.014131239589611155,0.014131239589611155,0.0030098053581700743,0.013131239589611154,0.014131239589611155,0.014131239589611155,0.014131239589611155
2021-03-16,-0.036228741747553195,-0.036228741747553195,-0.036228741747553195,0.0,-0.036228741747553195,-0.036228741747553195,-0.036228741747553195,-0.008006461443822444,-0.036228741747553195,-0.036228741747553195,-0.036228741747553195,-0.036228741747553195
2021-03-17,0.011566182305007722,0.011566182305007722,0.011566182305007722,0.0,0.011566182305007722,0.011566182305007722,0.011566182305007722,0.0025449638077545624,0.011566182305007722,0.011566182305007722,0.011566182305007722,0.011566182305007722
2021-03-18,-0.08337303265685969,-0.08337303265685969,-0.08337303265685969,0.0,-0.08337303265685968,-0.08337303265685969,-0.08337303265685969,-0.018589347232194253,-0.08337303265685969,-0.08337303265685969,-0.08337303265685969,-0.08337303265685969
2021-03-19,-0.0005,0.012474155563323652,0.012474155563323652,0.0,0.012474155563323652,-0.0005,0.012474155563323652,0.0026976377071135944,0.012474155563323652,0.012474155563323652,0.012474155563323652,0.012474155563323652
2021-03-22,0.0,-0.03182752372860309,-0.03182752372860309,0.0,-0.03182752372860309,0.0,-0.0005,-0.006891946868312611,-0.03182752372860309,-0.03182752372860309,-0.03182752372860309,-0.03182752372860309
2021-03-23,0.0,-0.03128317401937064,-0.03128317401937064,0.0,-0.03128317401937064,0.0,0.0,-0.006739469272142575,-0.03128317401937064,-0.03128317401937064,-0.03128317401937064,-0.03128317401937064
2021-03-24,0.0,0.016967590008247546,0.016967590008247546,0.0,-0.017967590008247547,0.0,0.0,0.003650335684098393,-0.017967590008247547,0.016967590008247546,0.016967590008247546,0.016967590008247546
2021-03-25,0.0,-0.01291678445314337,-0.01291678445314337,0.0,0.01291678445314337,0.0,0.01241678445314337,-0.0027922245377776786,-0.013916784453143372,-0.01291678445314337,-0.01291678445314337,-0.01291678445314337
2021-03-26,0.0,0.02453618393309709,0.02453618393309709,0.0,-0.02453618393309709,0.0,-0.02453618393309709,0.005360943252801301,-0.0005,-0.02553618393309709,0.02453618393309709,0.02453618393309709
2021-03-29,0.0,-0.044172263744791655,-0.04417226374479166,-0.04467226374479166,0.04417226374479166,0.0,0.04417226374479166,-0.009711409210699863,0.0,0.04417226374479166,-0.044172263744791655,-0.04417226374479166
2021-03-30,0.0,-0.007238724882542735,-0.007238724882542735,-0.0005,0.007238724882542735,0.0,0.007238724882542735,-0.0015812508086945401,0.0,0.007238724882542735,-0.007238724882542735,-0.007238724882542735
2021-03-31,0.0,0.003926320407866335,0.003926320407866335,0.0,-0.003926320407866335,0.0,-0.003926320407866335,0.0008580838732121983,0.0,-0.003926320407866335,0.003926320407866335,0.003926320407866335
2021-04-01,0.0,0.053072706792779645,0.053072706792779645,0.0,-0.053072706792779645,0.0,-0.053072706792779645,0.011604299804685057,0.052572706792779644,-0.053072706792779645,0.05307270679277964,0.053072706792779645
2021-04-05,0.0,-0.06949625131010218,-0.06949625131010218,-0.06999625131010218,0.06949625131010218,0.0,0.06949625131010218,-0.015085244726705223,-0.0005,0.06949625131010218,-0.06949625131010216,-0.06949625131010218
2021-04-06,0.0,0.018244372564003353,0.018244372564003353,-0.0005,-0.018244372564003353,0.0,-0.018244372564003353,0.0038833446386938894,-0.018744372564003353,-0.018244372564003353,0.018244372564003353,0.018244372564003353
2021-04-07,0.0,0.008958272403406742,0.008958272403406742,0.008458272403406741,-0.008958272403406742,0.0,-0.008958272403406742,0.0019163271352103455,-0.008958272403406742,-0.008958272403406742,0.008958272403406742,0.008958272403406742
2021-04-08,0.0,-0.026081972814383847,-0.026081972814383847,-0.026081972814383847,0.026081972814383847,0.0,0.026081972814383847,-0.005790978178505189,0.026081972814383847,0.026081972814383847,-0.026081972814383843,-0.026081972814383847
2021-04-09,0.0,-0.016524409091845826,-0.016524409091845826,-0.0005,0.016524409091845826,0.0,0.016524409091845826,-0.003678302727532879,0.016524409091845826,0.016524409091845826,-0.016524409091845826,-0.016524409091845826
2021-04-12,0.0,-0.0005792788754884759,-0.0005792788754884759,0.0,0.0005792788754884759,0.0,0.0005792788754884759,-0.00012892623612019042,0.0005792788754884759,0.0005792788754884759,-0.0005792788754884759,-0.0005792788754884759
2021-04-13,0.0,0.0017389729202881286,0.0017389729202881288,0.0,-0.0017389729202881288,0.0,-0.0017389729202881288,0.0003881684019726326,-0.0017389729202881288,-0.0017389729202881288,0.0017389729202881288,0.0017389729202881288
2021-04-14,0.0,0.0497686338967569,0.0497686338967569,0.0,-0.0497686338967569,0.0,-0.0497686338967569,0.010649993473606893,0.0487686338967569,-0.0497686338967569,-0.0507686338967569,0.0497686338967569
2021-04-15,0.0,-0.0038588532632782835,-0.0038588532632782835,-0.004358853263278284,0.0038588532632782835,0.0,0.0038588532632782835,-0.0008261218956223296,-0.0038588532632782835,0.0038588532632782835,0.0038588532632782835,-0.0038588532632782835
2021-04-16,0.0,-0.014941956095887776,-0.014941956095887776,-0.014941956095887776,0.014941956095887776,0.0,0.014941956095887776,-0.0035407376998598306,0.013941956095887775,0.014941956095887776,0.014941956095887776,-0.014941956095887776
2021-04-19,0.0,0.015168604721674804,0.015168604721674805,-0.0005,-0.015168604721674805,0.0,-0.015168604721674805,0.0035832076087723417,-0.015168604721674805,-0.015168604721674805,-0.015168604721674805,0.015168604721674805
2021-04-20,-0.05971414262462765,-0.05921414262462765,-0.05921414262462765,-0.05971414262462765,0.05921414262462765,0.0,0.05921414262462765,-0.013987876294008238,0.05921414262462765,0.05921414262462765,0.05921414262462765,-0.05921414262462765
2021-04-21,-0.0005,0.009720222213538188,0.009720222213538188,-0.0005,-0.009720222213538188,0.0,-0.009720222213538188,0.002296162028979442,0.008720222213538187,-0.009720222213538188,-0.009720222213538188,0.009720222213538188
2021-04-22,0.0,0.027421000520371663,0.027421000520371663,0.0,-0.027421000520371663,0.0,-0.027421000520371663,0.006477533003701179,-0.028421000520371664,-0.027421000520371663,-0.027421000520371663,0.027421000520371663
2021-04-23,0.0,0.032368118716122884,0.032368118716122884,0.031868118716122884,-0.032368118716122884,0.0,-0.032368118716122884,0.007646167290491048,0.031368118716122884,-0.032368118716122884,-0.032368118716122884,0.032368118716122884
2021-04-26,0.025352670314339576,0.025852670314339576,0.025852670314339576,0.025852670314339576,-0.025852670314339576,0.0,-0.025852670314339576,0.006107053791510251,0.025852670314339576,-0.025852670314339576,-0.025852670314339576,0.025852670314339576
2021-04-27,0.020375382719859392,0.02037538271985939,0.020375382719859392,0.020375382719859392,0.019375382719859387,0.0,-0.020375382719859392,0.0048131801001527795,0.020375382719859392,-0.020375382719859392,-0.020375382719859392,0.020375382719859392
2021-04-28,0.07672070001623221,0.07672070001623221,0.07672070001623221,0.07672070001623221,0.07672070001623221,0.0,-0.0005,0.01812336738234619,0.07672070001623221,-0.07672070001623221,-0.07672070001623221,0.07672070001623221
2021-04-29,0.009273327594488956,0.009273327594488954,0.009273327594488956,0.009273327594488956,0.009273327594488956,0.0,0.008773327594488955,0.0021905942309730464,0.009273327594488956,-0.009273327594488956,-0.009273327594488956,0.009273327594488956
2021-04-30,-0.03288250255837577,-0.03288250255837577,-0.03288250255837577,-0.03288250255837577,-0.03288250255837576,0.0,-0.03288250255837577,-0.007767677747860694,-0.03288250255837577,-0.03388250255837577,0.03288250255837576,-0.03288250255837577
2021-05-03,0.023000175338905304,0.023000175338905304,0.023000175338905304,0.023000175338905304,0.023000175338905304,0.0,0.023000175338905304,0.005433222421552025,0.023000175338905304,0.023000175338905304,-0.023000175338905304,0.023000175338905304
2021-05-04,-0.01368523758055129,-0.01368523758055129,-0.01368523758055129,-0.01368523758055129,-0.01368523758055129,0.0,-0.01368523758055129,-0.0032327988187613784,-0.01368523758055129,-0.01368523758055129,0.013685237580551289,-0.01368523758055129
2021-05-05,0.03914769688239228,0.03914769688239228,0.03914769688239228,0.03914769688239228,0.03914769688239228,0.0,0.03914769688239228,0.009247674912014798,0.03914769688239228,0.03914769688239228,-0.03914769688239227,0.03914769688239228
2021-05-06,0.021935838168788635,0.021935838168788635,0.021935838168788635,0.021935838168788635,0.021935838168788635,0.0,0.021935838168788635,0.005181799095792094,0.021935838168788635,0.021935838168788635,-0.02193583816878863,0.021935838168788635
2021-05-07,0.007466406614489607,0.007466406614489607,0.007466406614489607,0.007466406614489607,0.007466406614489607,0.0,0.007466406614489607,0.0017637538509391228,0.007466406614489607,0.007466406614489607,-0.007466406614489606,0.007466406614489607
2021-05-10,0.01389545220563293,0.01389545220563293,0.01389545220563293,0.01389545220563293,0.01389545220563293,0.0,0.01389545220563293,0.0032824568234288364,0.01389545220563293,0.01389545220563293,-0.013895452205632928,0.01389545220563293
2021-05-11,-0.038830723062194705,-0.038830723062194705,-0.038830723062194705,-0.038830723062194705,-0.038830723062194705,0.0,-0.038830723062194705,-0.00917279768862123,-0.038830723062194705,-0.038830723062194705,0.038830723062194705,-0.038830723062194705
2021-05-12,0.0042774908372678055,0.0042774908372678055,0.0042774908372678055,-0.0005,0.004277490837267805,0.0,0.0042774908372678055,0.001010451389286362,0.0042774908372678055,0.0042774908372678055,-0.0042774908372678055,0.0042774908372678055
2021-05-13,-0.03454797638837559,-0.03454797638837559,-0.03454797638837559,0.0,-0.03454797638837559,0.0,-0.03454797638837559,-0.008948857135893856,-0.03454797638837559,-0.03454797638837559,-0.03554797638837559,-0.03454797638837559
2021-05-14,0.056862586820562555,0.056862586820562555,0.056862586820562555,0.0,0.056862586820562555,0.0,-0.0005,0.014718836940432795,0.056862586820562555,0.056862586820562555,0.056862586820562555,0.056862586820562555
2021-05-17,0.027829684536438082,0.02782968453643808,0.027829684536438082,0.02732968453643808,0.027829684536438082,0.0,0.0,0.007109826651426661,0.027829684536438082,0.027829684536438082,0.02782968453643808,0.027829684536438082
2021-05-18,-0.022112007939279255,-0.02211200793927925,-0.022112007939279255,-0.022112007939279255,-0.022112007939279255,0.0,-0.022612007939279255,-0.005752651176231844,-0.022112007939279255,-0.022112007939279255,-0.022112007939279255,-0.022112007939279255
2021-05-19,-0.039224948088397826,-0.039224948088397826,-0.039224948088397826,-0.039224948088397826,-0.03922494808839782,0.0,-0.039224948088397826,-0.010161832435672345,-0.039224948088397826,-0.039224948088397826,-0.039224948088397826,-0.039224948088397826
2021-05-20,-0.0091258105978822,-0.0091258105978822,-0.0091258105978822,-0.0005,-0.0091258105978822,0.0,-0.0091258105978822,-0.0023915499223628716,-0.0091258105978822,-0.0091258105978822,-0.0091258105978822,-0.0091258105978822
2021-05-21,0.012603298106634409,0.012603298106634409,0.012603298106634409,0.0,0.012603298106634409,0.0,-0.0005,0.0033051355616725586,0.012603298106634409,0.012603298106634409,0.012603298106634409,0.012603298106634409
2021-05-24,-0.00047871301516433373,-0.00047871301516433373,-0.00047871301516433373,0.0,-0.00047871301516433373,0.0,0.0,-0.00013059549877890406,-0.00047871301516433373,-0.00047871301516433373,-0.00047871301516433373,-0.00047871301516433373
2021-05-25,-0.045019191749761434,-0.045019191749761434,-0.045019191749761434,0.0,-0.045019191749761434,0.0,0.0,-0.01212672756416615,-0.045019191749761434,-0.045019191749761434,-0.045019191749761434,-0.045019191749761434
2021-05-26,0.027080871936560502,0.0270808719365605,0.027080871936560502,0.0,0.027080871936560502,0.0,0.0,0.007327695964668053,0.027080871936560502,0.027080871936560502,0.027080871936560502,0.027080871936560502
2021-05-27,0.017090280440803962,0.017090280440803962,0.017090280440803962,0.01659028044080396,0.017090280440803962,0.0,0.0,0.004636240778136511,-0.018090280440803963,0.017090280440803962,0.017090280440803962,0.017090280440803962
2021-05-28,-0.00144027576479977,-0.00144027576479977,-0.00144027576479977,-0.00144027576479977,-0.00144027576479977,0.0,0.0,-0.0003914139058745168,-0.00244027576479977,-0.00144027576479977,-0.00144027576479977,-0.00144027576479977
2021-06-01,0.10865374496311575,0.10865374496311575,0.10865374496311575,0.10865374496311575,0.10865374496311575,0.0,0.0,0.02954251561485009,-0.10965374496311575,0.10865374496311575,0.10865374496311575,0.10865374496311575
2021-06-02,0.01994772505096054,0.01994772505096054,0.01994772505096054,0.01994772505096054,0.019947725050960537,0.0,0.01944772505096054,0.0050477200190200515,0.01894772505096054,0.01994772505096054,0.01994772505096054,0.01994772505096054
2021-06-03,-0.011054017876419575,-0.011054017876419575,-0.011054017876419575,-0.011054017876419575,-0.011054017876419575,0.0,-0.011054017876419575,-0.002802913649830608,-0.011054017876419575,-0.011054017876419575,-0.011054017876419575,-0.011054017876419575
2021-06-04,0.006878595878288429,0.006878595878288429,0.006878595878288429,0.006878595878288429,0.006878595878288429,0.0,0.006878595878288429,0.0017671659128207793,0.006878595878288429,0.006878595878288429,0.006878595878288429,0.006878595878288429
2021-06-07,0.0,-5.551115123125783e-20,0.0,0.0,0.0,0.0,0.0,-9.720747567779548e-06,0.0,0.0,0.0,0.0
2021-06-08,-0.011955876393096032,-0.011955876393096032,-0.011955876393096032,-0.011955876393096032,-0.011955876393096032,0.0,-0.011955876393096032,-0.003307538059967285,-0.011955876393096032,-0.011955876393096032,-0.011955876393096032,-0.011955876393096032
2021-06-09,-0.01296401652295065,-0.012964016522950648,-0.01296401652295065,-0.0005,-0.01296401652295065,0.0,-0.01296401652295065,-0.003710353111583524,-0.01296401652295065,-0.01296401652295065,-0.01296401652295065,-0.01296401652295065
2021-06-10,-0.0070055707135405765,-0.007005570713540576,-0.0070055707135405765,0.0,-0.0070055707135405765,0.0,-0.0070055707135405765,-0.001999655468394612,-0.0070055707135405765,-0.0070055707135405765,-0.0070055707135405765,-0.0070055707135405765
2021-06-11,-0.0022046553109607014,-0.0022046553109607014,-0.0022046553109607014,0.0,-0.0022046553109607014,0.0,-0.0022046553109607014,-0.0006294892698840333,-0.0022046553109607014,-0.0022046553109607014,-0.0022046553109607014,-0.0022046553109607014
2021-06-14,-0.009279520526845442,-0.009279520526845442,-0.009279520526845442,0.0,-0.00927952052684544,-0.009779520526845442,-0.009279520526845442,-0.002669701819609493,-0.009279520526845442,-0.009279520526845442,-0.009279520526845442,-0.009279520526845442
2021-06-15,0.01962506103374051,0.01962506103374051,0.01962506103374051,0.0,0.01962506103374051,0.01962506103374051,-0.0005,0.005645906838139216,0.01962506103374051,0.01962506103374051,0.01962506103374051,0.01962506103374051
2021-06-16,-0.012685831463681185,-0.012685831463681185,-0.012685831463681185,-0.013185831463681186,-0.012685831463681185,-0.012685831463681185,0.0,-0.0036814894761745764,0.011685831463681184,-0.012685831463681185,-0.012685831463681185,-0.012685831463681185
2021-06-17,-0.06380155999628989,-0.06380155999628989,-0.06380155999628989,-0.0005,-0.06380155999628989,-0.06380155999628989,0.0,-0.018492880470597384,-0.0005,-0.06380155999628989,-0.06380155999628989,-0.06380155999628989
2021-06-18,-0.022716396945036244,-0.022716396945036244,-0.022716396945036244,0.0,0.021716396945036243,-0.022716396945036244,0.0,-0.006740348141575315,-0.023216396945036244,-0.022716396945036244,-0.022716396945036244,-0.022716396945036244
2021-06-21,0.07312364792601445,0.07312364792601445,0.07312364792601445,0.0,-0.07312364792601445,0.07312364792601445,0.0,0.021603098335875558,0.07312364792601445,0.07312364792601445,0.07312364792601445,0.07312364792601445
2021-06-22,-0.009476431568342658,-0.009476431568342658,-0.009476431568342658,-0.009976431568342659,-0.010476431568342659,-0.009476431568342658,0.0,-0.002722612961059492,-0.009476431568342658,-0.009476431568342658,-0.009476431568342658,-0.009476431568342658
2021-06-23,-0.002278380794537682,-0.002278380794537682,-0.002278380794537682,-0.002278380794537682,-0.002278380794537682,-0.002278380794537682,0.0,-0.0006597396597970114,-0.002278380794537682,-0.002278380794537682,-0.002278380794537682,-0.002278380794537682
2021-06-24,0.0164387784653921,0.0164387784653921,0.0164387784653921,0.0164387784653921,0.0164387784653921,0.0164387784653921,0.0,0.004757479346001586,0.0164387784653921,0.0164387784653921,0.0164387784653921,0.0164387784653921
2021-06-25,-0.002695602387416618,-0.002695602387416618,-0.002695602387416618,-0.002695602387416618,-0.002695602387416618,-0.002695602387416618,0.0,-0.0007808201926727001,-0.002695602387416618,-0.002695602387416618,-0.002695602387416618,-0.002695602387416618
2021-06-28,-0.05270256796911699,-0.05270256796911699,-0.05270256796911699,-0.05270256796911699,-0.05270256796911699,-0.05270256796911699,-0.05320256796911699,-0.015312022633046464,-0.05270256796911699,-0.05270256796911699,-0.05270256796911699,-0.05270256796911699
2021-06-29,0.0,-5.551115123125783e-20,0.0,-0.0005,0.0,0.0,-0.0005,-9.644575807943036e-07,0.0,0.0,0.0,0.0
2021-06-30,0.028530617860635266,0.028530617860635262,0.028530617860635266,0.0,0.028530617860635266,0.028530617860635266,0.0,0.008239846323934923,-0.0005,0.028530617860635266,0.028530617860635266,0.028530617860635266
2021-07-01,0.013407419332997828,0.013407419332997828,0.013407419332997828,0.012907419332997827,-0.014407419332997828,0.013407419332997828,0.012907419332997827,0.0038531870861831757,0.012907419332997827,0.013407419332997828,0.013407419332997826,0.013407419332997828
2021-07-02,-0.020529335370434443,-0.02052933537043444,-0.020529335370434443,-0.020529335370434443,0.020529335370434443,-0.020529335370434443,-0.0005,-0.006011308852406746,-0.020529335370434443,-0.020529335370434443,-0.02052933537043444,-0.020529335370434443
2021-07-06,-0.04331617362034401,-0.04331617362034401,-0.04331617362034401,-0.0005,0.04331617362034401,-0.04331617362034401,0.0,-0.013175279419831763,-0.04331617362034401,-0.04331617362034401,-0.04331617362034401,-0.04331617362034401
2021-07-07,-0.023856101063010837,-0.023856101063010834,-0.023856101063010837,0.0,0.023856101063010837,-0.023856101063010837,0.0,-0.007140799109481321,-0.023856101063010837,-0.023856101063010837,-0.023856101063010837,-0.023856101063010837
2021-07-08,-0.0009975378548989777,-0.0009975378548989777,-0.0009975378548989777,0.0,0.0009975378548989777,-0.0009975378548989777,0.0004975378548989777,-0.000297712969897747,-0.0009975378548989777,-2.4621451010222936e-06,-0.0009975378548989775,-0.0009975378548989777
2021-07-09,0.026959639480433895,0.026959639480433895,0.026959639480433895,0.0,-0.026959639480433895,0.026959639480433895,-0.026959639480433895,0.008075845765461729,0.026959639480433895,-0.026959639480433895,0.02695963948043389,0.026959639480433895
2021-07-12,-0.007778132014549799,-0.007778132014549799,-0.007778132014549799,0.0,0.007778132014549799,-0.007778132014549799,0.007778132014549799,-0.002326766824479505,-0.007778132014549799,0.007778132014549799,-0.007778132014549799,-0.007778132014549799
2021-07-13,-0.011759093949387678,-0.011759093949387678,-0.011759093949387678,0.0,0.011759093949387678,-0.011759093949387678,0.011759093949387678,-0.003514376303973179,-0.011759093949387678,0.011759093949387678,-0.011759093949387676,-0.011759093949387678
2021-07-14,-0.05602358604849844,-0.05602358604849844,-0.05602358604849844,0.0,0.05602358604849844,-0.0005,0.05602358604849844,-0.016713707968308154,0.05502358604849844,0.05602358604849844,-0.05602358604849844,-0.05602358604849844
2021-07-15,-0.02993738949086988,-0.02993738949086988,-0.02993738949086988,0.0,0.02993738949086988,0.0,0.02993738949086988,-0.008853709132027255,-0.030937389490869882,0.02993738949086988,-0.02993738949086988,-0.02993738949086988
2021-07-16,-0.02652920856351626,-0.02652920856351626,-0.02652920856351626,0.0,0.02652920856351626,0.0,0.02652920856351626,-0.007788226142538181,-0.02652920856351626,0.02652920856351626,-0.02652920856351626,-0.02652920856351626
2021-07-19,-0.04282572247673111,-0.0005,-0.04282572247673111,0.0,0.04282572247673111,0.0,0.04282572247673111,-0.012522736984487191,0.04182572247673111,0.04282572247673111,-0.04282572247673111,-0.04282572247673111
2021-07-20,0.020337274621580637,0.0,0.020337274621580637,0.0,-0.020337274621580637,0.0,-0.020337274621580637,0.005871278308283511,-0.020337274621580637,-0.020337274621580637,0.020337274621580637,0.020337274621580637
2021-07-21,0.05047059195747772,0.0,0.05047059195747772,0.0,-0.05047059195747772,0.0,-0.05047059195747772,0.014930990435468574,-0.05047059195747772,-0.05047059195747772,0.05047059195747771,0.05047059195747772
2021-07-22,-0.00922908055797711,-0.00972908055797711,-0.00922908055797711,-0.00972908055797711,0.00922908055797711,0.0,0.00922908055797711,-0.0026843832231312997,0.00922908055797711,0.00922908055797711,-0.009229080557977108,-0.00922908055797711
2021-07-23,-0.0021918908913534096,-0.0021918908913534096,-0.0021918908913534096,-0.0021918908913534096,0.0021918908913534096,0.0,0.0021918908913534096,-0.0006402946676018906,0.0021918908913534096,0.0021918908913534096,-0.0021918908913534096,-0.0021918908913534096
2021-07-26,0.03459628888814281,0.03459628888814281,0.03459628888814281,0.03459628888814281,-0.034596288888142805,0.0,-0.03459628888814281,0.010172651528949946,-0.03459628888814281,-0.03459628888814281,0.034596288888142805,0.03459628888814281
2021-07-27,-0.014861861585254266,-0.014861861585254264,-0.014861861585254266,-0.014861861585254266,0.014861861585254266,0.0,0.014861861585254266,-0.004353469187489546,0.014861861585254266,0.014861861585254266,-0.014861861585254264,-0.014861861585254266
2021-07-28,0.025862113802435527,0.025862113802435523,0.025862113802435527,0.025862113802435527,-0.025862113802435523,0.0,-0.0005,0.0075842741513242945,-0.025862113802435527,-0.025862113802435527,0.025862113802435527,0.025862113802435527
2021-07-29,0.0021008293176705273,0.0021008293176705273,0.0021008293176705273,0.0021008293176705273,-0.0021008293176705273,0.0,0.0,0.000636483455289072,-0.0021008293176705273,-0.0021008293176705273,0.002100829317670527,0.0021008293176705273
2021-07-30,-0.017295826805629688,-0.017295826805629685,-0.017295826805629688,-0.017295826805629688,0.017295826805629688,0.0,0.0,-0.005296738204519543,-0.01829582680562969,0.017295826805629688,-0.017295826805629685,-0.017295826805629688
2021-08-02,-0.025066511733984775,-0.025066511733984775,-0.025066511733984775,-0.0005,0.025066511733984775,0.0,0.0,-0.007727270393784733,-0.025066511733984775,0.025066511733984775,-0.025066511733984775,-0.025066511733984775
2021-08-03,0.027352156472848055,0.02735215647284805,0.027352156472848055,0.0,-0.027352156472848055,0.0,0.0,0.008430019626705438,-0.028352156472848056,-0.027352156472848055,0.027352156472848055,0.027352156472848055
2021-08-04,-0.05484539359406715,-0.05484539359406715,-0.05484539359406715,-0.05534539359406715,0.05484539359406715,0.0,0.0,-0.016812126593796925,-0.05584539359406715,0.05484539359406715,-0.05484539359406714,-0.05484539359406715
2021-08-05,0.017464791338472674,0.017464791338472674,0.017464791338472674,-0.0005,-0.017464791338472674,0.0,-0.017964791338472674,0.005297556422253033,-0.018464791338472675,-0.017464791338472674,0.017464791338472674,0.017464791338472674
2021-08-06,0.014950118759008202,0.014950118759008202,0.014950118759008202,0.0,-0.014950118759008202,0.0,-0.014950118759008202,0.0045432668701365485,0.013950118759008201,-0.014950118759008202,0.0149501187590082,0.014950118759008202
2021-08-09,-0.022913501563377903,-0.022913501563377903,-0.022913501563377903,-0.023413501563377903,0.022913501563377903,0.0,0.022913501563377903,-0.006952337247859794,0.021913501563377902,0.022913501563377903,-0.0229135015633779,-0.022913501563377903
2021-08-10,0.06421021088108048,0.06421021088108048,0.06421021088108048,-0.0005,-0.06421021088108048,0.0,-0.06421021088108048,0.019456346118196976,-0.06421021088108048,-0.06421021088108048,0.06421021088108048,0.06421021088108048
2021-08-11,0.008919243628766615,0.008919243628766615,0.008919243628766615,0.008419243628766615,-0.008919243628766615,0.0,-0.008919243628766615,0.0026341882667617078,0.007919243628766615,-0.008919243628766615,0.008919243628766614,0.008919243628766615
2021-08-12,-0.016120589496540605,-0.016120589496540605,-0.016120589496540605,-0.016120589496540605,0.016120589496540605,0.0,-0.0005,-0.0047650085835662685,-0.016120589496540605,0.016120589496540605,0.015120589496540604,-0.016120589496540605
2021-08-13,-0.054968525206225305,-0.054968525206225305,-0.054968525206225305,-0.054968525206225305,0.054968525206225305,0.0,0.0,-0.016365717671276845,-0.054968525206225305,0.054968525206225305,0.054968525206225305,-0.054968525206225305
2021-08-16,-0.0005,-0.0419463150762196,-0.0419463150762196,-0.0005,0.0419463150762196,0.0,0.0,-0.012545158298324121,-0.0419463150762196,0.0419463150762196,0.0419463150762196,-0.0419463150762196
2021-08-17,0.0,-0.0005,-0.0005,0.0,0.01517803878488111,0.0,0.014678038784881109,-0.004519260704925866,-0.01517803878488111,0.01517803878488111,-0.01617803878488111,-0.01517803878488111
2021-08-18,0.0,0.0,0.0,0.0,0.016004694503426786,0.0,0.016004694503426786,-0.004772959525343366,-0.016004694503426786,0.016004694503426786,-0.016004694503426786,-0.016004694503426786
2021-08-19,0.0,0.0,0.0,0.0,0.036144461542430895,0.0,0.036144461542430895,-0.010879127235701915,-0.036144461542430895,0.036144461542430895,-0.036144461542430895,-0.036144461542430895
2021-08-20,0.0,0.0,0.0,0.0,-0.004374942571380602,0.0,-0.004374942571380602,0.0013042676336714576,-0.005374942571380602,-0.004374942571380602,0.004374942571380602,0.004374942571380602
2021-08-23,0.0,0.0,0.0,0.0,-0.07591788312524561,0.0,-0.07591788312524561,0.022690886234376657,-0.07591788312524561,-0.07591788312524561,-0.07691788312524561,0.07591788312524561
2021-08-24,0.0,0.0,0.0,0.03478074383548474,-0.03528074383548474,0.0,-0.03528074383548474,0.010045046733177227,0.03428074383548474,-0.03528074383548474,-0.03528074383548474,0.03528074383548474
2021-08-25,0.012348689803205415,0.0,0.0,0.012848689803205415,-0.012848689803205415,0.0,-0.012848689803205415,0.0036735933525895046,0.012848689803205415,-0.012848689803205415,-0.012848689803205415,0.012848689803205415
2021-08-26,-0.024269047560907198,0.0,-0.024769047560907198,-0.024269047560907198,0.024269047560907198,0.0,-0.0005,-0.006971622670808224,-0.024269047560907198,0.024269047560907198,0.024269047560907198,-0.024269047560907198
2021-08-27,-0.0005,0.0,-0.0005,0.05935592700910042,-0.05935592700910042,0.0,0.0,0.01702939492636526,-0.06035592700910042,-0.05935592700910042,0.05835592700910042,0.05935592700910042
2021-08-30,-0.004769275685579111,0.0,-0.004769275685579111,-0.00426927568557911,0.00426927568557911,0.0,0.0,-0.0011962262805082391,-0.00526927568557911,0.00426927568557911,0.0032692756855791103,-0.00426927568557911
2021-08-31,0.04394434101327138,0.0,0.04394434101327138,0.04394434101327138,-0.04394434101327138,0.0,0.0,0.013477845044400975,0.04394434101327138,-0.04394434101327138,-0.043944341013271375,0.04394434101327138
2021-09-01,-0.02207406512937704,0.0,-0.02207406512937704,-0.02207406512937704,-0.02307406512937704,-0.02257406512937704,0.0,-0.006685368731206274,-0.02207406512937704,0.02207406512937704,0.02207406512937704,-0.02207406512937704
2021-09-02,0.041995123973594506,0.0,0.041995123973594506,0.041995123973594506,0.041995123973594506,0.041995123973594506,0.0,0.012681912248771715,0.041995123973594506,-0.041995123973594506,-0.041995123973594506,0.041995123973594506
2021-09-03,-0.009068129360978228,0.0,-0.009068129360978228,-0.009068129360978228,-0.009068129360978228,-0.009068129360978228,0.0,-0.002699285646031363,-0.009068129360978228,-0.010068129360978229,0.009068129360978226,-0.009068129360978228
2021-09-07,-0.007117456993808502,0.0,-0.007117456993808502,-0.007117456993808502,-0.007117456993808502,-0.007117456993808502,0.0,-0.002116165186728829,-0.007117456993808502,-0.007117456993808502,0.007117456993808502,-0.007117456993808502
2021-09-08,-0.025089560528463895,0.0,-0.025089560528463895,-0.025089560528463895,-0.025089560528463895,-0.025089560528463895,-0.025589560528463895,-0.007463769202110816,-0.025089560528463895,-0.025089560528463895,0.025089560528463895,-0.025089560528463895
2021-09-09,-0.005777426312173373,0.0,-0.005777426312173373,-0.0005,-0.005777426312173373,-0.005777426312173373,-0.005777426312173373,-0.0017136034455247993,-0.005777426312173373,-0.005777426312173373,0.005777426312173373,-0.005777426312173373
2021-09-10,-0.012678223407528999,0.0,-0.012678223407528999,0.0,0.011678223407528998,-0.012678223407528999,-0.012678223407528999,-0.003759654867732193,-0.012678223407528999,-0.012678223407528999,0.012678223407528999,-0.012678223407528999
2021-09-13,0.07811664969767484,0.0,-0.0005,0.0,-0.07811664969767484,0.07811664969767484,0.07811664969767484,0.023145555118248784,-0.07911664969767485,0.07811664969767484,-0.07811664969767484,0.07811664969767484
2021-09-14,-0.03970213678399925,0.0,-0.040202136783999254,-0.040202136783999254,-0.040702136783999254,-0.03970213678399925,-0.0005,-0.011220782685588569,-0.040702136783999254,-0.03970213678399925,0.039702136783999246,-0.03970213678399925
2021-09-15,0.0656330995316321,0.0,-0.0005,-0.0005,0.0656330995316321,0.0656330995316321,0.0,0.01840465149818707,0.0656330995316321,0.0656330995316321,-0.0656330995316321,0.0656330995316321
2021-09-16,-0.006304928670954224,0.0,-0.0068049286709542245,-0.0068049286709542245,-0.006304928670954224,-0.006304928670954224,-0.0068049286709542245,-0.0017197814819440382,0.005304928670954224,-0.006304928670954224,0.006304928670954223,-0.006304928670954224
2021-09-17,-0.01708144561151792,-0.01758144561151792,-0.01708144561151792,-0.01708144561151792,-0.01708144561151792,-0.01708144561151792,-0.01708144561151792,-0.004780952347066476,-0.01808144561151792,-0.01708144561151792,0.017081445611517917,-0.01708144561151792
2021-09-20,-0.061072544471553636,-0.06107254447155363,-0.061072544471553636,-0.061072544471553636,-0.061072544471553636,-0.061072544471553636,-0.061072544471553636,-0.017107701732270254,0.060072544471553635,-0.061072544471553636,0.061072544471553636,-0.061072544471553636
2021-09-21,-0.0005,-0.0004999999999999999,-0.0005,-0.0005,-0.007403394833290111,-0.007403394833290111,-0.007403394833290111,-0.0021035110741312985,0.007403394833290111,-0.007403394833290111,0.007403394833290111,-0.007403394833290111
2021-09-22,0.0,0.0,0.0,0.0,0.07192342078301084,0.07192342078301084,0.07192342078301084,0.02042118379175285,0.07092342078301084,0.07192342078301084,-0.07192342078301084,0.07192342078301084
2021-09-23,0.07007656092864573,0.07007656092864573,0.07007656092864573,0.07007656092864573,0.07057656092864573,0.07057656092864573,0.07057656092864573,0.019293811317221164,0.07057656092864573,0.07057656092864573,-0.07057656092864573,0.07057656092864573
2021-09-24,0.017177229351055257,0.017177229351055257,0.017177229351055257,0.017177229351055257,0.017177229351055257,0.017177229351055257,0.017177229351055257,0.004549265537428353,0.017177229351055257,0.017177229351055257,-0.017177229351055257,0.017177229351055257
2021-09-27,0.061616121307242144,0.061616121307242144,0.061616121307242144,0.061616121307242144,0.061616121307242144,0.061616121307242144,0.061616121307242144,0.016304732796453204,0.061616121307242144,0.061616121307242144,-0.06161612130724214,0.061616121307242144
2021-09-28,-0.06749793328210063,-0.06749793328210063,-0.06749793328210063,-0.06749793328210063,-0.06749793328210063,-0.06749793328210063,-0.06749793328210063,-0.017782095706318446,-0.06749793328210063,-0.06749793328210063,0.06749793328210062,-0.06749793328210063
2021-09-29,-0.019364015686749503,-0.019364015686749503,-0.019364015686749503,-0.0005,-0.019364015686749503,-0.019364015686749503,-0.019364015686749503,-0.004958480339338043,-0.019364015686749503,-0.019364015686749503,0.019364015686749503,-0.019364015686749503
2021-09-30,0.007522293270740166,0.007522293270740166,0.007522293270740166,0.0,0.007522293270740166,0.007522293270740166,0.007522293270740166,0.0019286049113496364,0.007522293270740166,0.007522293270740166,-0.007522293270740166,0.007522293270740166
2021-10-01,0.01726571234810015,0.01726571234810015,0.01726571234810015,0.0,0.01726571234810015,0.01726571234810015,0.01726571234810015,0.004430342052155846,0.01726571234810015,0.01726571234810015,-0.017265712348100145,0.01726571234810015
2021-10-04,0.011926389680768201,0.0119263896807682,0.011926389680768201,0.0,0.011926389680768201,0.011926389680768201,0.011926389680768201,0.003063324730494863,0.011926389680768201,0.011926389680768201,-0.0119263896807682,0.011926389680768201
2021-10-05,0.006799728554071516,0.006799728554071516,0.006799728554071516,0.006299728554071515,0.006799728554071516,0.006799728554071516,0.006799728554071516,0.0017650881571564087,0.006799728554071516,0.006799728554071516,-0.006799728554071515,0.006799728554071516
2021-10-06,-0.004952823284124497,-0.004952823284124497,-0.004952823284124497,-0.004952823284124497,-0.004952823284124496,-0.004952823284124497,-0.004952823284124497,-0.0012923646790299415,-0.004952823284124497,-0.004952823284124497,0.004952823284124496,-0.004952823284124497
2021-10-07,0.03167419814892525,0.03167419814892525,0.03167419814892525,0.03167419814892525,0.03167419814892525,0.03167419814892525,-0.0005,0.00825946964814414,-0.03267419814892525,0.03167419814892525,-0.03167419814892525,0.03167419814892525
2021-10-08,0.06842119299199112,0.0684211929919911,0.06842119299199112,0.06842119299199112,0.06842119299199112,0.06842119299199112,0.06792119299199112,0.017813717819892938,0.06742119299199112,0.06842119299199112,-0.0684211929919911,0.06842119299199112
2021-10-11,0.0024629047518320846,0.0024629047518320846,0.0024629047518320846,0.0024629047518320846,0.0024629047518320846,0.0024629047518320846,0.0024629047518320846,0.0006222258513135935,0.0024629047518320846,0.0024629047518320846,-0.002462904751832084,0.0024629047518320846
2021-10-12,0.013104128761091793,0.013104128761091793,0.013104128761091793,0.013104128761091793,0.013104128761091792,0.013104128761091793,0.013104128761091793,0.003332075481962551,0.013104128761091793,0.013104128761091793,0.012104128761091792,0.013104128761091793
2021-10-13,-0.00525459881670387,-0.00525459881670387,-0.00525459881670387,-0.00525459881670387,-0.0052545988167038695,-0.00525459881670387,-0.00525459881670387,-0.0013675937897133592,0.00425459881670387,-0.00525459881670387,-0.0052545988167038695,-0.00525459881670387
2021-10-14,0.06542055821948156,0.06542055821948156,0.06542055821948156,0.06542055821948156,0.06542055821948156,0.06542055821948156,0.06542055821948156,0.017108736298362,-0.06542055821948156,0.06542055821948156,0.06542055821948156,0.06542055821948156
2021-10-15,0.0057207305452378066,0.0057207305452378066,0.0057207305452378066,0.0057207305452378066,0.0057207305452378066,0.0057207305452378066,0.0057207305452378066,0.0014717796710046142,0.0047207305452378065,0.0057207305452378066,0.005720730545237806,0.0057207305452378066
2021-10-18,0.02123639721209436,0.02123639721209436,0.02123639721209436,0.02123639721209436,0.02123639721209436,0.02123639721209436,0.02123639721209436,0.0055522733436338895,0.02123639721209436,0.02123639721209436,0.021236397212094357,0.02123639721209436
2021-10-19,-0.0025994209500390664,-0.0025994209500390664,-0.0025994209500390664,-0.0025994209500390664,-0.0025994209500390664,-0.0025994209500390664,-0.0025994209500390664,-0.0006797799408395597,-0.0025994209500390664,-0.0025994209500390664,-0.002599420950039066,-0.0025994209500390664
2021-10-20,0.02196582079255771,0.02196582079255771,0.02196582079255771,0.02196582079255771,0.02196582079255771,0.02196582079255771,0.02196582079255771,0.005807367032048909,0.02196582079255771,0.02196582079255771,0.02196582079255771,0.02196582079255771
2021-10-21,-0.013765710641331363,-0.013765710641331363,-0.013765710641331363,-0.013765710641331363,-0.013765710641331363,-0.013765710641331363,-0.013765710641331363,-0.0036410794187512027,-0.013765710641331363,-0.013765710641331363,-0.013765710641331362,-0.013765710641331363
2021-10-22,0.024805804658458497,0.024805804658458497,0.024805804658458497,0.024805804658458497,0.024805804658458497,0.024805804658458497,0.024805804658458497,0.006546530680167721,-0.025805804658458498,0.024805804658458497,0.024805804658458497,0.024805804658458497
2021-10-25,0.019508385018149,0.019508385018149,0.019508385018149,0.019508385018149,0.019508385018149,0.019508385018149,0.019508385018149,0.005162886157676485,0.018508385018149,0.019508385018149,0.019508385018148996,0.019508385018149
2021-10-26,-0.002480316304270702,-0.002480316304270702,-0.002480316304270702,-0.002480316304270702,-0.002480316304270702,-0.002480316304270702,-0.002480316304270702,-0.0006580903252351041,-0.002480316304270702,-0.002480316304270702,-0.0024803163042707017,-0.002480316304270702
2021-10-27,-0.04440505410386586,-0.04440505410386586,-0.04440505410386586,-0.04440505410386586,-0.04440505410386586,-0.04440505410386586,-0.04440505410386586,-0.01179661621176855,-0.04440505410386586,-0.04440505410386586,-0.04440505410386586,-0.04440505410386586
2021-10-28,0.006691407896123103,0.006691407896123103,0.006691407896123103,-0.0005,0.006691407896123103,0.006691407896123103,0.006691407896123103,0.0017470219564822028,-0.007691407896123103,0.006691407896123103,0.006691407896123103,0.006691407896123103
2021-10-29,-0.03212698099158873,-0.03212698099158873,-0.03212698099158873,0.0,-0.03212698099158873,-0.03212698099158873,-0.03212698099158873,-0.00842758699648436,-0.03312698099158873,-0.03212698099158873,-0.03212698099158873,-0.03212698099158873
2021-11-01,0.036627208798159616,0.036627208798159616,0.036627208798159616,0.0,0.036627208798159616,0.036627208798159616,0.036627208798159616,0.009577749383713093,-0.03762720879815962,0.036627208798159616,0.036627208798159616,0.036627208798159616
2021-11-02,0.0044167442366829235,0.0044167442366829235,0.0044167442366829235,0.003916744236682923,0.004416744236682923,0.0044167442366829235,-0.0005,0.001151253633003633,0.0034167442366829235,0.0044167442366829235,0.004416744236682923,0.0044167442366829235
2021-11-03,0.012458552755942653,0.012458552755942653,0.012458552755942653,0.012458552755942653,0.012458552755942653,0.012458552755942653,0.0,0.0033243244702138206,0.012458552755942653,0.012458552755942653,0.012458552755942652,0.012458552755942653
2021-11-04,0.0524791391431354,0.0524791391431354,0.0524791391431354,0.0524791391431354,0.0524791391431354,0.0524791391431354,0.0,0.014023130973413168,-0.0534791391431354,0.0524791391431354,0.05247913914313539,0.0524791391431354
2021-11-05,0.02819827498584826,0.02819827498584826,0.02819827498584826,0.02819827498584826,0.02819827498584826,0.02819827498584826,0.0,0.007440259357087248,0.02719827498584826,0.02819827498584826,0.02819827498584826,0.02819827498584826
2021-11-08,0.02541808986940297,0.02541808986940297,0.02541808986940297,0.02541808986940297,0.02541808986940297,0.02541808986940297,0.02491808986940297,0.006732742839488341,0.02541808986940297,0.02541808986940297,0.025418089869402968,0.02541808986940297
2021-11-09,-0.021200075072120406,-0.021200075072120406,-0.021200075072120406,-0.021200075072120406,-0.021200075072120406,-0.021200075072120406,-0.021200075072120406,-0.005721321471171577,-0.021200075072120406,-0.021200075072120406,-0.021200075072120402,-0.021200075072120406
2021-11-10,-0.04265267213587165,-0.04265267213587164,-0.04265267213587165,-0.04265267213587165,-0.04265267213587165,-0.04265267213587165,-0.04265267213587165,-0.015959178334383185,-0.04265267213587165,-0.04265267213587165,-0.04265267213587165,-0.04265267213587165
2021-11-11,0.02366860211747479,0.02366860211747479,0.02366860211747479,-0.0005,0.02366860211747479,0.02366860211747479,0.02366860211747479,0.0078192156949868,-0.02466860211747479,0.02366860211747479,0.02366860211747479,0.02366860211747479
2021-11-12,0.0013601149582080918,0.0013601149582080916,0.0013601149582080918,0.0008601149582080918,0.0013601149582080918,0.0013601149582080918,0.0013601149582080918,0.0004505293206685292,0.0003601149582080918,0.0013601149582080918,0.0013601149582080918,0.0013601149582080918
2021-11-15,0.005433070232739867,0.005433070232739867,0.005433070232739867,-0.0005,0.005433070232739867,0.005433070232739867,0.005433070232739867,0.0019934032426504747,-0.0005,0.005433070232739867,0.005433070232739867,0.005433070232739867
2021-11-16,0.00033752634167272255,0.00033752634167272255,0.00033752634167272255,0.0,0.00033752634167272255,0.00033752634167272255,0.00033752634167272255,0.0001250589108550142,-0.00016247365832727746,0.00033752634167272255,0.00033752634167272255,0.00033752634167272255
2021-11-17,-0.06617156085402576,-0.06617156085402576,-0.06617156085402576,0.0,-0.06617156085402576,-0.06617156085402576,-0.0005,-0.024517622206816733,-0.0005,-0.06617156085402576,-0.06617156085402576,-0.06617156085402576
2021-11-18,-0.0005,-0.002892174296005079,-0.002892174296005079,0.0,-0.002892174296005079,-0.002892174296005079,0.0,-0.0009473438110720023,0.002392174296005079,-0.002892174296005079,-0.002892174296005079,-0.002892174296005079
2021-11-19,0.0,-0.05728780961477464,-0.05728780961477464,0.0,-0.05728780961477464,-0.05728780961477464,0.0,-0.018250437209409994,0.05728780961477464,-0.05728780961477464,-0.05728780961477464,-0.05728780961477464
2021-11-22,0.0,0.0203843684672651,0.0203843684672651,0.0,-0.021384368467265102,0.0203843684672651,0.0,0.00649394067022163,0.0193843684672651,0.0203843684672651,0.0203843684672651,0.0203843684672651
2021-11-23,0.0,0.07312494189511787,0.07312494189511787,0.0,-0.07312494189511787,0.07312494189511787,0.0,0.023295744233768307,0.07312494189511787,0.07312494189511787,0.07312494189511787,0.07312494189511787
2021-11-24,0.004417616413010472,0.004917616413010473,0.004917616413010473,0.004417616413010472,0.003917616413010473,0.004917616413010473,0.0,0.001287568348044838,0.004917616413010473,0.004917616413010473,0.004917616413010473,0.004917616413010473
2021-11-26,-0.08283827087950901,-0.08283827087950901,-0.08283827087950901,-0.08283827087950901,-0.08283827087950901,-0.08283827087950901,0.0,-0.022123201089701335,-0.08283827087950901,-0.08283827087950901,-0.08283827087950901,-0.08283827087950901
2021-11-29,-0.0005,0.022484694551700768,0.022484694551700768,-0.0005,-0.02348469455170077,0.022484694551700768,0.0,0.006004874482850099,0.022484694551700768,0.022484694551700768,0.022484694551700768,0.022484694551700768
2021-11-30,0.0,-0.039507951011966136,-0.039507951011966136,0.0,0.039507951011966136,-0.039507951011966136,0.0,-0.010551190115389051,-0.039507951011966136,-0.039507951011966136,-0.039507951011966136,-0.039507951011966136
2021-12-01,0.0,-0.020178480297060482,-0.020178480297060486,0.0,0.020178480297060486,-0.020178480297060486,0.0,-0.004859845464956705,-0.020178480297060486,-0.020178480297060486,-0.020178480297060486,-0.020178480297060486
2021-12-02,0.0,0.036831728486480975,0.036831728486480975,0.0,-0.036831728486480975,0.036831728486480975,0.0,0.008846123970071331,0.036831728486480975,0.036831728486480975,0.036831728486480975,0.036831728486480975
2021-12-03,0.0,-0.022918394531789454,-0.022918394531789454,0.0,0.022918394531789454,-0.022918394531789454,0.0,-0.005504464969588094,-0.022918394531789454,-0.022918394531789454,-0.022918394531789454,-0.022918394531789454
2021-12-06,0.0,0.010555012336886938,0.010555012336886938,0.0,-0.010555012336886938,0.010555012336886938,0.0,0.002535068308618908,0.010555012336886938,0.010555012336886938,0.010555012336886938,0.010555012336886938
2021-12-07,0.0,0.040232157718835586,0.04023215771883559,0.0,-0.04023215771883559,0.04023215771883559,0.0,0.009662827930948555,-0.0005,0.04023215771883559,0.04023215771883559,0.04023215771883559
2021-12-08,-0.010169053938982875,-0.009669053938982874,-0.009669053938982874,-0.010169053938982875,0.009669053938982874,-0.009669053938982874,0.0,-0.0023222817210151844,-0.010169053938982875,-0.009669053938982874,-0.009669053938982874,-0.009669053938982874
2021-12-09,-0.0005,-0.022530620497881237,-0.022530620497881237,-0.022530620497881237,0.022530620497881237,-0.022530620497881237,0.022030620497881237,-0.005411330671598636,-0.022530620497881237,0.021530620497881237,-0.022530620497881237,-0.022530620497881237
2021-12-10,0.024086760955241704,0.024586760955241704,0.024586760955241704,-0.0005,0.023586760955241703,0.024586760955241704,-0.0005,0.00590516775536097,0.024586760955241704,-0.024586760955241704,0.024586760955241704,0.024586760955241704
2021-12-13,-0.05211849664412149,-0.05211849664412149,-0.05211849664412149,-0.05261849664412149,-0.05211849664412149,-0.05211849664412149,0.0,-0.012517649901140855,-0.05211849664412149,0.05211849664412149,-0.05211849664412149,-0.05211849664412149
2021-12-14,-0.013053613992704882,-0.01305361399270488,-0.013053613992704882,-0.0005,-0.013053613992704882,-0.013053613992704882,0.0,-0.003135174274520125,-0.013053613992704882,0.013053613992704882,-0.013053613992704882,-0.013053613992704882
2021-12-15,0.00601179322029588,0.00601179322029588,0.00601179322029588,0.0,0.00601179322029588,0.00601179322029588,-0.006511793220295881,0.0014438928145523156,0.00601179322029588,-0.00601179322029588,0.00601179322029588,0.00601179322029588
2021-12-16,-0.01235061433756579,-0.01235061433756579,-0.01235061433756579,0.0,-0.01235061433756579,-0.01235061433756579,0.01235061433756579,-0.002966330118792804,-0.01235061433756579,0.01235061433756579,-0.01235061433756579,-0.01235061433756579
2021-12-17,-0.016538730710023986,-0.016538730710023986,-0.016538730710023986,0.0,-0.016538730710023986,-0.016538730710023986,0.016538730710023986,-0.0039722181982906005,0.015538730710023985,0.016538730710023986,-0.016538730710023986,-0.016538730710023986
2021-12-20,-0.01804765679147602,-0.01804765679147602,-0.01804765679147602,0.0,-0.01804765679147602,-0.01804765679147602,0.01804765679147602,-0.004334627124689427,-0.01904765679147602,0.01804765679147602,-0.01804765679147602,-0.01804765679147602
2021-12-21,0.058479390465127734,0.058479390465127734,0.058479390465127734,0.0,0.058479390465127734,0.058479390465127734,-0.058479390465127734,0.014045388555104258,0.058479390465127734,-0.058479390465127734,0.058479390465127734,0.058479390465127734
2021-12-22,0.01933707715652444,0.01933707715652444,0.01933707715652444,0.01883707715652444,0.01933707715652444,0.01933707715652444,-0.01933707715652444,0.004644315886728918,-0.02033707715652444,-0.01933707715652444,0.01933707715652444,0.01933707715652444
2021-12-23,0.009291578033097991,0.009291578033097991,0.009291578033097991,0.009291578033097991,0.009291578033097991,0.009291578033097991,-0.009291578033097991,0.0022316207937008907,0.00829157803309799,-0.009291578033097991,0.009291578033097991,0.009291578033097991
2021-12-27,0.07288066399663218,0.07288066399663218,0.07288066399663218,0.07288066399663218,0.07288066399663218,0.07288066399663218,-0.07288066399663218,0.02100428730821259,-0.07388066399663218,-0.07288066399663218,0.07288066399663218,0.07288066399663218
2021-12-28,-0.0014299804322633891,-0.0014299804322633891,-0.0014299804322633891,-0.0014299804322633891,-0.0014299804322633891,-0.0014299804322633891,-0.0005,-0.0003833619896240714,-0.002429980432263389,0.0014299804322633891,-0.0014299804322633891,-0.0014299804322633891
2021-12-29,-0.0007162122794536208,-0.0007162122794536208,-0.0007162122794536208,-0.0007162122794536208,-0.0007162122794536208,-0.0007162122794536208,0.0,-0.00023568237049023145,-0.0007162122794536208,0.0007162122794536208,-0.0007162122794536208,-0.0007162122794536208
2021-12-30,-0.03045508704626554,-0.03045508704626554,-0.03045508704626554,-0.03045508704626554,-0.03045508704626554,-0.03045508704626554,0.0,-0.009120685098051905,-0.03045508704626554,0.03045508704626554,-0.03045508704626554,-0.03045508704626554
2021-12-31,-0.0062823468287783735,-0.006282346828778373,-0.0062823468287783735,-0.0005,-0.0062823468287783735,-0.0062823468287783735,0.0,-0.0018814363267124106,-0.0062823468287783735,0.0062823468287783735,-0.0062823468287783735,-0.0062823468287783735
2022-01-03,0.043510619220267444,0.043510619220267444,0.043510619220267444,0.0,0.043510619220267444,0.043510619220267444,0.0,0.013030553999942225,0.043510619220267444,-0.043510619220267444,0.04351061922026744,0.043510619220267444
2022-01-04,0.049893050081945445,0.049893050081945445,0.049893050081945445,0.049393050081945444,0.049893050081945445,0.049893050081945445,0.0,0.014941963478464507,-0.050893050081945446,-0.049893050081945445,0.049893050081945445,0.049893050081945445
2022-01-05,-0.03598086219333241,-0.03598086219333241,-0.03598086219333241,-0.03598086219333241,-0.03598086219333241,-0.03598086219333241,-0.03648086219333241,-0.010775543446099817,-0.03698086219333241,-0.03698086219333241,-0.03598086219333241,-0.03598086219333241
2022-01-06,0.042957667641466024,0.04295766764146602,0.042957667641466024,-0.0005,0.042957667641466024,0.042957667641466024,0.042957667641466024,0.012864956140476025,0.042957667641466024,0.042957667641466024,0.04295766764146602,0.042957667641466024
2022-01-07,0.001688108752355033,0.001688108752355033,0.001688108752355033,0.001188108752355033,0.001688108752355033,0.001688108752355033,0.001688108752355033,0.0005055545668973394,0.001688108752355033,0.001688108752355033,0.001688108752355033,0.001688108752355033
2022-01-10,-0.008426095352473073,-0.008426095352473073,-0.008426095352473073,-0.008426095352473073,-0.008426095352473073,-0.008426095352473073,-0.008426095352473073,-0.0025234458269423753,0.007426095352473073,-0.008426095352473073,-0.008426095352473073,-0.008426095352473073
2022-01-11,0.08769560576377766,0.08769560576377766,0.08769560576377766,0.08769560576377766,0.08769560576377766,0.08769560576377766,0.08769560576377766,0.026263067429071755,0.08669560576377766,0.08769560576377766,0.08769560576377766,0.08769560576377766
2022-01-12,0.020312459892230406,0.020312459892230402,0.020312459892230406,0.020312459892230406,0.020312459892230406,0.020312459892230406,0.020312459892230406,0.005174431615154855,-0.021312459892230406,0.020312459892230406,0.020312459892230406,0.020312459892230406
2022-01-13,-0.017151688485144034,-0.017151688485144034,-0.017151688485144034,-0.017151688485144034,-0.017151688485144034,-0.017151688485144034,-0.017151688485144034,-0.004387685656896631,-0.018151688485144035,-0.017151688485144034,-0.017151688485144034,-0.017151688485144034
2022-01-14,0.037395054952447326,0.03739505495244732,0.037395054952447326,0.037395054952447326,0.037395054952447326,0.037395054952447326,0.037395054952447326,0.009566273687621524,0.037395054952447326,0.037395054952447326,0.037395054952447326,0.037395054952447326
2022-01-18,-0.009612597055246752,-0.009612597055246752,-0.009612597055246752,-0.009612597055246752,-0.009612597055246752,-0.009612597055246752,-0.009612597055246752,-0.002459061349054042,-0.009612597055246752,-0.009612597055246752,-0.009612597055246752,-0.009612597055246752
2022-01-19,-0.01789493922012908,-0.01789493922012908,-0.01789493922012908,-0.01789493922012908,-0.01789493922012908,-0.01789493922012908,-0.01789493922012908,-0.004577821490589997,-0.01789493922012908,-0.01789493922012908,-0.01789493922012908,-0.01789493922012908
2022-01-20,-0.03115813386789268,-0.03115813386789268,-0.03115813386789268,-0.03115813386789268,-0.03115813386789268,-0.03115813386789268,-0.03115813386789268,-0.007970766096074522,-0.03115813386789268,-0.03115813386789268,-0.03115813386789268,-0.03115813386789268
2022-01-21,-0.03680003884482652,-0.03680003884482652,-0.03680003884482652,-0.0005,-0.03680003884482652,-0.03680003884482652,-0.03680003884482652,-0.00941405872387078,-0.03680003884482652,-0.03680003884482652,-0.03680003884482652,-0.03680003884482652
2022-01-24,0.014617992536509528,0.014617992536509528,0.014617992536509528,0.0,0.014617992536509528,0.014617992536509528,0.014617992536509528,0.003739524318006306,0.014617992536509528,0.014617992536509528,0.014617992536509528,0.014617992536509528
2022-01-25,0.082842087391503,0.082842087391503,0.082842087391503,0.0,0.082842087391503,0.082842087391503,-0.0005,0.021192376421126598,-0.0005,0.082842087391503,0.082842087391503,0.082842087391503
2022-01-26,0.0012093840304487902,0.0012093840304487902,0.0012093840304487902,0.0007093840304487902,0.0012093840304487902,0.0012093840304487902,0.0,0.00030938044197083807,0.0007093840304487902,0.0012093840304487902,0.0012093840304487902,0.0012093840304487902
2022-01-27,-0.004832092415515965,-0.004832092415515965,-0.004832092415515965,-0.004832092415515965,-0.004832092415515965,-0.004832092415515965,0.0,-0.0012361291777612617,-0.0005,-0.004832092415515965,-0.004832092415515965,-0.004832092415515965
2022-01-28,0.006676638999111306,0.006676638999111306,0.006676638999111306,0.006676638999111306,0.006676638999111306,0.006676638999111306,0.0,0.0017079947083956935,0.006176638999111306,0.006676638999111306,0.006676638999111306,0.006676638999111306
2022-01-31,0.0012061369899010188,0.0012061369899010188,0.0012061369899010188,0.0012061369899010188,0.0012061369899010188,0.0012061369899010188,0.0007061369899010188,0.00030854979528254504,-0.002206136989901019,0.0012061369899010188,0.0012061369899010188,0.0012061369899010188
2022-02-01,0.045167015752737294,0.04516701575273729,0.045167015752737294,0.045167015752737294,0.045167015752737294,0.045167015752737294,0.045167015752737294,0.011554469832795903,-0.045167015752737294,0.045167015752737294,0.045167015752737294,0.045167015752737294
2022-02-02,0.001728744502720092,0.001728744502720092,0.001728744502720092,0.001728744502720092,0.001728744502720092,0.001728744502720092,0.001728744502720092,0.00044224144261912,-0.0005,0.001728744502720092,0.001728744502720092,0.001728744502720092
2022-02-03,-0.006614878398763513,-0.006614878398763513,-0.006614878398763513,-0.006614878398763513,-0.006614878398763513,-0.006614878398763513,-0.006614878398763513,-0.0016921953251138636,0.0,-0.006614878398763513,-0.006614878398763513,-0.006614878398763513
2022-02-04,-0.0014478064621054054,-0.0014478064621054054,-0.0014478064621054054,-0.0014478064621054054,-0.0014478064621054054,-0.0014478064621054054,-0.0014478064621054054,-0.00037037284423888583,-0.0019478064621054054,-0.0014478064621054054,-0.0014478064621054054,-0.0014478064621054054
2022-02-07,-0.01159758256977339,-0.011597582569773389,-0.01159758256977339,-0.01159758256977339,-0.01159758256977339,-0.01159758256977339,-0.01159758256977339,-0.0033506656999094777,0.01059758256977339,-0.01159758256977339,-0.01159758256977339,-0.01159758256977339
2022-02-08,-0.03578759327634595,-0.03578759327634595,-0.03578759327634595,-0.0005,-0.03578759327634595,-0.03578759327634595,-0.03578759327634595,-0.01029046834395106,0.03578759327634595,-0.03578759327634595,-0.03578759327634595,-0.03578759327634595
2022-02-09,0.01703681119247502,0.01703681119247502,0.01703681119247502,0.0,0.01703681119247502,0.01703681119247502,0.01703681119247502,0.004898814091919171,-0.01703681119247502,0.01703681119247502,0.01703681119247502,0.01703681119247502
2022-02-10,0.0008974352207862246,0.0008974352207862246,0.0008974352207862246,0.0003974352207862246,0.0008974352207862246,0.0008974352207862246,0.0008974352207862246,0.00025533590035878957,-0.0008974352207862246,0.0008974352207862246,0.0008974352207862246,0.0008974352207862246
2022-02-11,0.02032265912555742,0.02032265912555742,0.02032265912555742,0.02032265912555742,0.02032265912555742,0.02032265912555742,0.02032265912555742,0.005804149281589202,-0.02032265912555742,0.02032265912555742,0.02032265912555742,0.02032265912555742
2022-02-14,-0.058582273931118034,-0.058582273931118034,-0.058582273931118034,-0.058582273931118034,-0.058582273931118034,-0.058582273931118034,-0.058582273931118034,-0.016731091194830752,-0.059582273931118035,-0.058582273931118034,-0.058582273931118034,-0.058582273931118034
2022-02-15,-0.0005,0.002800435196275819,0.002800435196275819,-0.0005,0.002800435196275819,-0.0005,0.002800435196275819,0.0007998039937677488,0.002800435196275819,0.002800435196275819,0.002800435196275819,0.002800435196275819
2022-02-16,0.0,0.0052744902075436695,0.0052744902075436695,0.0,0.0052744902075436695,0.0,0.0052744902075436695,0.0015063938414616388,-0.0062744902075436695,0.0052744902075436695,0.0052744902075436695,0.0052744902075436695
2022-02-17,0.0,-0.00030876836817828046,-0.00030876836817828046,-0.0008087683681782805,-0.00030876836817828046,0.0,-0.00030876836817828046,-8.818421306322438e-05,0.00030876836817828046,-0.00030876836817828046,-0.00030876836817828046,-0.00030876836817828046
2022-02-18,0.0,-0.007100937976130871,-0.007100937976130872,-0.0005,-0.007100937976130872,0.0,-0.007100937976130872,-0.0020280271296258838,0.007100937976130872,-0.007100937976130872,-0.007100937976130872,-0.007100937976130872
2022-02-22,0.0,-0.03482587167032769,-0.03482587167032769,0.0,-0.03482587167032769,0.0,-0.0005,-0.009946265239564508,0.03482587167032769,-0.03482587167032769,-0.03482587167032769,-0.03482587167032769
2022-02-23,0.0,-0.006765393070431558,-0.006765393070431558,0.0,-0.006765393070431558,0.0,0.0,-0.0019321955402987576,-0.007765393070431558,0.005765393070431558,-0.006765393070431558,-0.006765393070431558
2022-02-24,0.0,0.04800517756828704,0.04800517756828704,0.0,0.04800517756828704,0.0,0.0,0.01371027360022666,0.04800517756828704,-0.04800517756828704,0.04800517756828704,0.04800517756828704
2022-02-25,0.0,0.04209206450101499,0.04209206450101499,0.04159206450101499,0.04209206450101499,0.0,0.0,0.012021489138049572,-0.04309206450101499,-0.04209206450101499,0.04209206450101499,0.04209206450101499
2022-02-28,0.05771219684436274,0.05821219684436274,0.05821219684436274,0.05821219684436274,0.05821219684436274,0.0,0.0,0.016625397218272237,-0.05821219684436274,-0.05821219684436274,0.05821219684436274,0.05821219684436274
2022-03-01,0.046589784273758816,0.046589784273758816,0.046589784273758816,0.046589784273758816,0.046589784273758816,0.046089784273758816,0.0,0.013306037426070153,0.045589784273758815,-0.046589784273758816,0.046589784273758816,0.046589784273758816
2022-03-02,0.015553989941693214,0.015553989941693214,0.015553989941693214,0.015553989941693214,0.015553989941693214,0.015553989941693214,0.0,0.004442217870612843,0.015553989941693214,-0.015553989941693214,0.015553989941693214,0.015553989941693214
2022-03-03,0.010826519439979476,0.010826519439979474,0.010826519439979476,0.010826519439979476,0.010826519439979476,0.010826519439979476,0.0,0.003092052798870376,0.010826519439979476,0.009826519439979475,0.010826519439979476,0.010826519439979476
2022-03-04,0.03134800970230511,0.031348009702305106,0.03134800970230511,0.03134800970230511,0.03134800970230511,0.03134800970230511,0.030848009702305113,0.008952988231942063,0.03134800970230511,0.03134800970230511,0.03134800970230511,0.03134800970230511
2022-03-07,-0.039513769162693224,-0.03951376916269322,-0.039513769162693224,-0.039513769162693224,-0.039513769162693224,-0.039513769162693224,-0.039513769162693224,-0.01128512826405225,-0.039513769162693224,-0.039513769162693224,-0.039513769162693224,-0.039513769162693224
2022-03-08,0.01872362007203887,0.01872362007203887,0.01872362007203887,-0.0005,0.01872362007203887,0.01872362007203887,0.01872362007203887,0.005347463898226104,0.01872362007203887,0.01872362007203887,0.01872362007203887,0.01872362007203887
2022-03-09,0.0018121202412004767,0.0018121202412004764,0.0018121202412004767,0.0013121202412004766,0.0018121202412004767,0.0018121202412004767,0.0018121202412004767,0.0005175413478686939,0.0018121202412004767,0.0018121202412004767,0.0018121202412004767,0.0018121202412004767
2022-03-10,0.03462548356899764,0.03462548356899764,0.03462548356899764,-0.0005,0.03462548356899764,0.03462548356899764,0.03462548356899764,0.009889034419169005,0.03462548356899764,0.03462548356899764,0.03462548356899764,0.03462548356899764
2022-03-11,-0.024725371572955845,-0.024725371572955845,-0.024725371572955845,-0.025225371572955846,-0.024725371572955845,-0.024725371572955845,-0.024725371572955845,-0.007061563487610852,-0.024725371572955845,-0.024725371572955845,-0.024725371572955845,-0.024725371572955845
2022-03-14,-0.037644210974577264,-0.03764421097457726,-0.037644210974577264,-0.0005,-0.037644210974577264,-0.037644210974577264,-0.037644210974577264,-0.012544721495371697,-0.0005,-0.037644210974577264,-0.037644210974577264,-0.037644210974577264
2022-03-15,-0.023416737346375838,-0.023416737346375838,-0.023416737346375838,0.0,-0.023416737346375838,-0.023416737346375838,-0.023416737346375838,-0.006922573330739394,-0.023916737346375838,-0.023416737346375838,-0.023416737346375838,-0.023416737346375838
2022-03-16,0.004087245286338748,0.004087245286338748,0.004087245286338748,0.0,0.004087245286338748,0.004087245286338748,0.004087245286338748,0.0012049928991444596,0.004087245286338748,0.004087245286338748,0.004087245286338748,0.004087245286338748
2022-03-17,0.07001375841826318,0.07001375841826318,0.07001375841826318,0.0,0.07001375841826318,0.07001375841826318,0.07001375841826318,0.020641306265226818,-0.0005,0.07001375841826318,0.07001375841826318,0.07001375841826318
2022-03-18,-0.008115726657735078,-0.008115726657735078,-0.008115726657735078,-0.008615726657735079,-0.008115726657735078,-0.008115726657735078,-0.008115726657735078,-0.0023926611467765136,-0.008615726657735079,-0.008115726657735078,-0.008115726657735078,-0.008115726657735078
2022-03-21,0.04525689174227043,0.045256891742270426,0.04525689174227043,0.04525689174227043,0.04525689174227043,0.04525689174227043,0.04525689174227043,0.013342539868860137,-0.0005,0.04525689174227043,0.04525689174227043,0.04525689174227043
2022-03-22,-0.008806092672814736,-0.008806092672814736,-0.008806092672814736,-0.008806092672814736,-0.008806092672814736,-0.008806092672814736,-0.008806092672814736,-0.002596193376359639,-0.009306092672814736,-0.008806092672814736,-0.008806092672814736,-0.008806092672814736
2022-03-23,0.004688785049272504,0.004688785049272504,0.004688785049272504,0.004688785049272504,0.004688785049272504,0.004688785049272504,0.004688785049272504,0.0013823375633638957,0.004688785049272504,0.004688785049272504,0.004688785049272504,0.004688785049272504
2022-03-24,0.0017197502678170107,0.0017197502678170107,0.0017197502678170107,0.0017197502678170107,0.0017197502678170107,0.0017197502678170107,0.0017197502678170107,0.0005070130897080521,0.0017197502678170107,0.0017197502678170107,0.0017197502678170107,0.0017197502678170107
2022-03-25,0.018391434442325716,0.018391434442325716,0.018391434442325716,0.018391434442325716,0.018391434442325716,0.018391434442325716,0.018391434442325716,0.005422123302008893,0.018391434442325716,0.018391434442325716,0.018391434442325716,0.018391434442325716
2022-03-28,-0.04045288710217043,-0.04045288710217043,-0.04045288710217043,-0.04045288710217043,-0.04045288710217043,-0.04045288710217043,-0.04045288710217043,-0.011926233512565334,-0.04045288710217043,-0.04045288710217043,-0.04045288710217043,-0.04045288710217043
2022-03-29,0.027854571698021413,0.027854571698021413,0.027854571698021413,-0.0005,0.027854571698021413,0.027854571698021413,0.027854571698021413,0.008212025154695898,-0.028854571698021414,0.027854571698021413,0.027854571698021413,0.027854571698021413
2022-03-30,0.005859297177255085,0.005859297177255085,0.005859297177255085,0.005359297177255085,0.005859297177255085,0.005859297177255085,0.005859297177255085,0.0017274254413280135,-0.005859297177255085,0.005859297177255085,0.005859297177255085,0.005859297177255085
2022-03-31,0.003155347211850623,0.003155347211850623,0.003155347211850623,0.003155347211850623,0.003155347211850623,0.003155347211850623,0.003155347211850623,0.00102370744799431,-0.0005,0.003155347211850623,0.003155347211850623,0.003155347211850623
2022-04-01,0.02153416820645293,0.02153416820645293,0.02153416820645293,0.02153416820645293,0.02153416820645293,0.02153416820645293,0.02153416820645293,0.007106550746464414,-0.02203416820645293,0.02153416820645293,0.02153416820645293,0.02153416820645293
2022-04-04,0.018000584647589024,0.018000584647589024,0.018000584647589024,0.018000584647589024,0.018000584647589024,0.018000584647589024,0.018000584647589024,0.005940423007645427,0.017000584647589023,0.018000584647589024,0.018000584647589024,0.018000584647589024
2022-04-05,-0.030013838441227514,-0.030013838441227514,-0.030013838441227514,-0.030013838441227514,-0.030013838441227514,-0.030013838441227514,-0.030013838441227514,-0.009904950306594697,-0.030013838441227514,-0.030013838441227514,-0.030013838441227514,-0.030013838441227514
2022-04-06,-0.02110793710279124,-0.02110793710279124,-0.02110793710279124,-0.0005,-0.02110793710279124,-0.02110793710279124,-0.02110793710279124,-0.006965889034395794,0.02010793710279124,-0.02110793710279124,-0.02110793710279124,-0.02110793710279124
2022-04-07,0.004655357519805836,0.004655357519805836,0.004655357519805836,0.0,0.004655357519805836,0.004655357519805836,0.004655357519805836,0.0015363274838505754,0.003655357519805836,0.004655357519805836,0.004655357519805836,0.004655357519805836
2022-04-08,0.04926825111845168,0.04926825111845168,0.04926825111845168,0.0,0.04926825111845168,0.04926825111845168,0.04926825111845168,0.01625915258978565,-0.05026825111845168,0.04926825111845168,0.04926825111845168,0.04926825111845168
2022-04-11,-0.04532776783205883,-0.04532776783205883,-0.04532776783205883,-0.04582776783205883,-0.04532776783205883,-0.04532776783205883,-0.04532776783205883,-0.014958742740105262,-0.04632776783205883,-0.04532776783205883,-0.04532776783205883,-0.04532776783205883
2022-04-12,0.027027038637994938,0.027027038637994938,0.027027038637994938,-0.0005,0.027027038637994938,0.027027038637994938,0.027027038637994938,0.008919268195834473,-0.0005,0.027027038637994938,0.027027038637994938,0.027027038637994938
2022-04-13,0.033902619250644195,0.033902619250644195,0.033902619250644195,0.033402619250644194,0.033902619250644195,0.033902619250644195,0.033902619250644195,0.011188297678039267,0.0,0.033902619250644195,0.033902619250644195,0.033902619250644195
2022-04-14,0.0016049844740915198,0.0016049844740915198,0.0016049844740915198,0.0016049844740915198,0.0016049844740915198,0.0016049844740915198,0.0016049844740915198,0.000529665390511856,0.0,0.0016049844740915198,0.0016049844740915198,0.0016049844740915198
2022-04-18,0.006868117441859445,0.006868117441859445,0.006868117441859445,0.006868117441859445,0.006868117441859445,0.006868117441859445,0.006868117441859445,0.002266566540453859,0.0,0.006868117441859445,0.006868117441859445,0.006868117441859445
2022-04-19,0.009322426578995513,0.009322426578995513,0.009322426578995513,0.009322426578995513,0.009322426578995513,0.009322426578995513,0.009322426578995513,0.0034425916167092805,0.008822426578995513,0.009322426578995513,0.009322426578995513,0.009322426578995513
2022-04-20,-0.0013515138326213316,-0.0013515138326213316,-0.0013515138326213316,-0.0013515138326213316,-0.0013515138326213316,-0.0013515138326213316,-0.0013515138326213316,-0.0005020956231073092,0.0003515138326213316,-0.0013515138326213316,-0.0013515138326213316,-0.0013515138326213316
2022-04-21,-0.045583207602760134,-0.045583207602760134,-0.045583207602760134,-0.0005,-0.045583207602760134,-0.045583207602760134,-0.045583207602760134,-0.016934439346541427,0.045583207602760134,-0.045583207602760134,-0.045583207602760134,-0.045583207602760134
2022-04-22,-0.035079470311216165,-0.03507947031121616,-0.035079470311216165,0.0,-0.035079470311216165,-0.035079470311216165,-0.035079470311216165,-0.013032236947233176,-0.0005,-0.035079470311216165,-0.035079470311216165,-0.035079470311216165
2022-04-25,-0.040039134143567856,-0.040039134143567856,-0.040039134143567856,0.0,-0.040039134143567856,-0.040039134143567856,-0.040039134143567856,-0.014874782278402658,-0.040539134143567856,-0.040039134143567856,-0.040039134143567856,-0.040039134143567856
2022-04-26,-0.011770818127066707,-0.011770818127066707,-0.011770818127066707,0.0,-0.011770818127066707,-0.011770818127066707,-0.0005,-0.003914522467707029,-0.011770818127066707,-0.011770818127066707,-0.011770818127066707,-0.011770818127066707
2022-04-27,0.03495585743722107,0.03495585743722107,0.03495585743722107,0.03445585743722107,0.03495585743722107,0.03495585743722107,0.0,0.011564584827896646,0.03495585743722107,0.03495585743722107,0.03495585743722107,0.03495585743722107
2022-04-28,0.03702784615609778,0.03702784615609777,0.03702784615609778,0.03702784615609778,0.03702784615609778,0.03702784615609778,0.0,0.012250069065979736,0.03702784615609778,0.03702784615609778,0.03702784615609778,0.03702784615609778
2022-04-29,-0.012545334401999786,-0.012545334401999786,-0.012545334401999786,-0.012545334401999786,-0.012545334401999786,-0.012545334401999786,0.0,-0.0041504226908699255,0.011545334401999785,-0.012545334401999786,-0.012545334401999786,-0.012545334401999786
2022-05-02,-0.007818181368782984,-0.007818181368782984,-0.007818181368782984,-0.007818181368782984,-0.007818181368782984,-0.007818181368782984,0.0,-0.0025865199216340462,-0.008818181368782985,-0.007818181368782984,-0.007818181368782984,-0.007818181368782984
2022-05-03,0.04703285419832537,0.04703285419832537,0.04703285419832537,-0.0005,0.04703285419832537,0.04703285419832537,0.0,0.015560065521249848,-0.04803285419832537,0.04703285419832537,0.04703285419832537,0.04703285419832537
2022-05-04,0.06302914104559032,0.06302914104559032,0.06302914104559032,0.06252914104559032,0.06302914104559032,0.06302914104559032,0.0,0.020852180483922306,-0.0005,0.06302914104559032,0.06302914104559032,0.06302914104559032
2022-05-05,-0.0862830874514251,-0.0862830874514251,-0.0862830874514251,-0.0862830874514251,-0.0862830874514251,-0.0862830874514251,-0.0867830874514251,-0.024762578842042332,-0.0867830874514251,-0.0862830874514251,-0.0862830874514251,-0.0862830874514251
2022-05-06,0.06803879063829088,0.06803879063829088,0.06803879063829088,-0.0005,0.06803879063829088,0.06803879063829088,0.06803879063829088,0.01702612980781167,0.06803879063829088,0.06803879063829088,0.06803879063829088,0.06803879063829088
2022-05-09,-0.1491726788834553,-0.1491726788834553,-0.1491726788834553,-0.1496726788834553,-0.1491726788834553,-0.1491726788834553,-0.1491726788834553,-0.037368912021390734,-0.1491726788834553,-0.1491726788834553,-0.1491726788834553,-0.1491726788834553
2022-05-10,-0.0039966583758946905,-0.0039966583758946905,-0.0039966583758946905,-0.0005,-0.0039966583758946905,-0.0039966583758946905,-0.0005,-0.0007569235315552321,-0.0039966583758946905,-0.0039966583758946905,-0.0039966583758946905,-0.0039966583758946905
2022-05-11,0.024612283172224192,0.024612283172224192,0.024612283172224192,0.0,0.024612283172224192,0.024612283172224192,0.0,0.004446197139562575,0.024612283172224192,0.024612283172224192,0.024612283172224192,0.024612283172224192
2022-05-12,-0.007049834055685045,-0.007049834055685045,-0.007049834055685045,-0.007549834055685045,-0.007049834055685045,-0.007049834055685045,0.0,-0.0012735491377797704,-0.007049834055685045,0.006049834055685045,-0.007049834055685044,-0.007049834055685045
2022-05-13,0.08204055654065501,0.08204055654065501,0.08204055654065501,-0.0005,0.08204055654065501,0.08204055654065501,0.0,0.014820587154256203,0.08204055654065501,-0.08204055654065501,0.08204055654065501,0.08204055654065501
2022-05-16,0.03061960070034564,0.03061960070034564,0.03061960070034564,0.03011960070034564,0.03061960070034564,0.03061960070034564,0.0,0.005531416167113848,0.03061960070034564,-0.03061960070034564,0.030619600700345636,0.03061960070034564
2022-05-17,0.017212900693830413,0.01721290069383041,0.017212900693830413,0.017212900693830413,0.017212900693830413,0.017212900693830413,0.0,0.003109502247026492,-0.0005,-0.017212900693830413,0.01721290069383041,0.017212900693830413
2022-05-18,-0.06235474574221622,-0.06235474574221622,-0.06235474574221622,-0.06235474574221622,-0.06235474574221622,-0.06235474574221622,0.0,-0.011264354883990201,0.06185474574221622,0.06235474574221622,-0.062354745742216215,-0.06235474574221622
2022-05-19,0.009146782722806668,0.009146782722806668,0.009146782722806668,-0.0005,0.009146782722806668,0.009146782722806668,0.0,0.0016523619078232885,0.008146782722806667,0.008146782722806667,0.009146782722806668,0.009146782722806668
2022-05-20,0.020578092109623025,0.02057809210962302,0.020578092109623025,0.0,0.020578092109623025,0.020578092109623025,0.0,0.003717422460778263,0.020578092109623025,0.020578092109623025,0.020578092109623025,0.020578092109623025
2022-05-23,0.05976944941294926,0.05976944941294926,0.05976944941294926,0.05926944941294926,0.05976944941294926,0.05976944941294926,0.0,0.010797322343218826,0.05976944941294926,0.05976944941294926,0.05976944941294925,0.05976944941294926
2022-05-24,-0.012004475650772117,-0.012004475650772117,-0.012004475650772117,-0.012004475650772117,-0.012004475650772117,-0.012004475650772117,0.0,-0.0021686027633814266,0.011004475650772116,-0.012004475650772117,-0.012004475650772116,-0.012004475650772117
2022-05-25,0.04424595557757849,0.04424595557757849,0.04424595557757849,0.04424595557757849,0.04424595557757848,0.04424595557757849,0.04374595557757849,0.007993010634147691,0.04324595557757849,0.04424595557757849,0.04424595557757848,0.04424595557757849
2022-05-26,0.00636663067043286,0.00636663067043286,0.00636663067043286,0.00636663067043286,0.00636663067043286,0.00636663067043286,0.00636663067043286,0.0011501287742161075,0.00636663067043286,0.00636663067043286,0.00636663067043286,0.00636663067043286
2022-05-27,0.03883034193069723,0.03883034193069723,0.03883034193069723,0.03883034193069723,0.03883034193069723,0.03883034193069723,0.03883034193069723,0.0070146826286860385,0.03883034193069723,0.03883034193069723,0.03883034193069723,0.03883034193069723
2022-05-31,-0.012809431090158085,-0.012809431090158085,-0.012809431090158085,-0.012809431090158085,-0.012809431090158084,-0.012809431090158085,-0.012809431090158085,-0.0023140175770754376,-0.012809431090158085,-0.012809431090158085,-0.012809431090158085,-0.012809431090158085
2022-06-01,0.01297564167808396,0.01297564167808396,0.01297564167808396,0.01297564167808396,0.01297564167808396,0.01297564167808396,0.01297564167808396,0.002344043439992334,-0.0005,0.01297564167808396,0.01297564167808396,0.01297564167808396
2022-06-02,-0.0031498237628297954,-0.0031498237628297954,-0.0031498237628297954,-0.0005,-0.0031498237628297954,-0.0031498237628297954,-0.0031498237628297954,-0.0005690141506345454,-0.0036498237628297954,-0.0031498237628297954,-0.0031498237628297954,-0.0031498237628297954
2022-06-03,0.01748472672765433,0.017484726727654328,0.01748472672765433,0.0,0.017484726727654328,0.01748472672765433,0.01748472672765433,0.003158607489542574,-0.0005,0.01748472672765433,0.01748472672765433,0.01748472672765433
2022-06-06,0.005176069978848785,0.005176069978848784,0.005176069978848785,0.004676069978848785,0.005176069978848785,0.005176069978848785,0.005176069978848785,0.0009350545568281564,0.0,0.005176069978848785,0.005176069978848785,0.005176069978848785
2022-06-07,0.05849640089887842,0.05849640089887842,0.05849640089887842,0.05849640089887842,0.05849640089887842,0.05849640089887842,0.05849640089887842,0.010567346740298172,0.0,0.05849640089887842,0.05849640089887842,0.05849640089887842
2022-06-08,-0.004280936454849504,-0.004280936454849504,-0.004280936454849504,-0.004280936454849504,-0.004280936454849504,-0.004280936454849504,-0.004280936454849504,-0.000860890913921496,0.0,-0.004280936454849504,-0.004280936454849504,-0.004280936454849504
2022-06-09,-0.02208329475908566,-0.02208329475908566,-0.02208329475908566,-0.02208329475908566,-0.02208329475908566,-0.02208329475908566,-0.02208329475908566,-0.006746100096071694,0.02158329475908566,-0.02208329475908566,-0.02208329475908566,-0.02208329475908566
2022-06-10,-0.02458030827569624,-0.02458030827569624,-0.02458030827569624,-0.0005,-0.02458030827569624,-0.02458030827569624,-0.02458030827569624,-0.007450926550526508,0.02458030827569624,-0.02458030827569624,-0.02458030827569624,-0.02458030827569624
2022-06-13,-0.06637990704944019,-0.06637990704944019,-0.06637990704944019,0.0,-0.06637990704944019,-0.06637990704944019,-0.06637990704944019,-0.016207944907879034,-0.0005,-0.06637990704944019,-0.06637990704944019,-0.06637990704944019
2022-06-14,0.009436154968341492,0.00943615496834149,0.009436154968341492,0.0,0.009436154968341492,0.009436154968341492,0.009436154968341492,0.002258940985536765,0.008936154968341492,0.009436154968341492,0.009436154968341492,0.009436154968341492
2022-06-15,-0.008043588369843313,-0.008043588369843313,-0.008043588369843313,-0.008543588369843313,-0.008043588369843311,-0.008043588369843313,-0.008043588369843313,-0.0019351420256208689,-0.008043588369843313,-0.008043588369843313,-0.008043588369843313,-0.008043588369843313
2022-06-16,-0.08481256661550296,-0.08481256661550296,-0.08481256661550296,-0.0005,-0.08481256661550296,-0.08481256661550296,-0.08481256661550296,-0.020383377937490017,-0.08481256661550296,-0.08481256661550296,-0.08481256661550296,-0.08481256661550296
2022-06-17,-0.0608237022256648,-0.06082370222566479,-0.0608237022256648,0.0,-0.0608237022256648,-0.0608237022256648,-0.0608237022256648,-0.0143805151749206,-0.0608237022256648,-0.0608237022256648,-0.0608237022256648,-0.0608237022256648
2022-06-21,-0.0005,0.028811773279450392,-0.0005,0.0,0.028811773279450392,-0.0005,0.028811773279450392,0.006682625482504224,0.028811773279450392,0.028811773279450392,0.028811773279450392,0.028811773279450392
2022-06-22,-0.0711318122165136,-0.0706318122165136,-0.0711318122165136,-0.0711318122165136,-0.0706318122165136,0.0,-0.0005,-0.01648424616436568,-0.0706318122165136,0.0696318122165136,-0.0706318122165136,-0.0706318122165136
2022-06-23,-0.0005,-0.03440032091733558,-0.0005,-0.0005,-0.03440032091733558,0.0,0.0,-0.007842840773436107,-0.03440032091733558,0.03440032091733558,-0.03440032091733558,-0.03440032091733558
2022-06-24,0.0,0.006628238259203556,0.0,0.0,0.006628238259203556,0.0,0.0,0.001502214569404891,0.006628238259203556,-0.006628238259203556,0.006628238259203556,0.006628238259203556
2022-06-27,0.0,0.027983453530889157,0.0,0.0,0.027983453530889157,0.0,0.0,0.006343130242324598,0.027983453530889157,-0.027983453530889157,0.027983453530889157,0.027983453530889157
2022-06-28,0.0,0.03469422348709394,0.0,0.034194223487093944,0.034694223487093945,0.0,0.0,0.007847352413369228,0.034694223487093945,-0.034694223487093945,0.034694223487093945,0.034694223487093945
2022-06-29,0.0,-0.06886772149177323,0.0,-0.06886772149177323,-0.06886772149177323,0.0,0.0,-0.015607688025437452,-0.0005,0.06886772149177323,-0.06886772149177323,-0.06886772149177323
2022-06-30,0.0,-0.033240533483184224,0.0,-0.0005,-0.03324053348318423,0.0,0.0,-0.007402165298764618,-0.03374053348318423,0.03324053348318423,-0.03324053348318423,-0.03324053348318423
2022-07-01,0.0,0.012894017295453919,0.0,0.0,0.012894017295453919,0.0,0.0,0.0028577353371278882,0.012894017295453919,-0.012894017295453919,0.012894017295453919,0.012894017295453919
2022-07-05,0.0,-0.07411635432279817,0.0,-0.07461635432279817,-0.07411635432279817,0.0,0.0,-0.016415802594793645,-0.07411635432279817,0.07411635432279817,-0.07411635432279817,-0.07411635432279817
2022-07-06,0.0,-0.02199793807547301,0.0,-0.0005,-0.02199793807547301,0.0,0.0,-0.004778152571754991,-0.02199793807547301,0.02199793807547301,0.02099793807547301,-0.02199793807547301
2022-07-07,0.0,0.07810057620027977,0.0,0.0,0.07810057620027977,0.0,0.0,0.016964141667821026,0.07810057620027977,-0.07810057620027977,-0.07810057620027977,0.07810057620027977
2022-07-08,0.0,0.009851974078320724,0.0,0.009351974078320724,0.009851974078320724,0.0,-0.010351974078320725,0.0020862919644810546,0.009851974078320724,-0.009851974078320724,0.008851974078320723,0.009851974078320724
2022-07-11,0.0,-0.018364375641834907,0.0,-0.018364375641834907,-0.018364375641834907,0.0,0.018364375641834907,-0.0038976926373060377,-0.018364375641834907,0.018364375641834907,-0.018364375641834907,-0.018364375641834907
2022-07-12,0.0,-0.052031338274543426,0.0,-0.0005,-0.052031338274543426,0.0,0.052031338274543426,-0.011032277181459655,-0.052031338274543426,0.052031338274543426,-0.052031338274543426,-0.052031338274543426
2022-07-13,0.0,0.014492661236332305,0.0,0.0,0.014492661236332303,0.0,-0.014492661236332305,0.0030759177636444516,0.014492661236332305,-0.014492661236332305,-0.015492661236332306,0.014492661236332305
2022-07-14,0.0,-0.0005,0.0,-0.040621624272018486,-0.040121624272018486,0.039621624272018485,0.040121624272018486,-0.008568480550736413,0.039121624272018485,0.040121624272018486,-0.04112162427201849,-0.040121624272018486
2022-07-15,0.0,0.0,0.0,-0.0005,0.012982862551790486,-0.012982862551790486,-0.012982862551790486,0.0027668359210263086,-0.012982862551790486,-0.012982862551790486,0.012982862551790486,0.012982862551790486
2022-07-18,0.0,0.0,0.0,0.024820336079177607,0.025320336079177608,-0.025320336079177608,-0.025320336079177608,0.005421370663333436,0.024320336079177607,-0.025320336079177608,0.025320336079177608,0.025320336079177608
2022-07-19,0.0,0.0,0.0,0.046951389837845525,0.046951389837845525,-0.046951389837845525,-0.046951389837845525,0.010019683988813248,0.046951389837845525,-0.046951389837845525,0.046951389837845525,0.046951389837845525
2022-07-20,0.0,0.0,0.0,0.019219525822425254,0.019219525822425254,-0.019219525822425254,-0.019219525822425254,0.004060541844424209,0.019219525822425254,-0.019219525822425254,0.019219525822425254,0.019219525822425254
2022-07-21,-0.045947964783539075,0.0,0.0,-0.045447964783539074,-0.045447964783539074,0.045447964783539074,0.045447964783539074,-0.00959142408182005,-0.045447964783539074,0.045447964783539074,0.04444796478353907,-0.045447964783539074
2022-07-22,-0.0005,0.0,0.0,-0.0005,-0.02643442542014729,0.02643442542014729,0.02643442542014729,-0.005539616514819776,-0.02643442542014729,0.02643442542014729,-0.02743442542014729,-0.02643442542014729
2022-07-25,0.0,0.0,0.0,0.0,0.062326515808613925,-0.062326515808613925,-0.062326515808613925,0.01312432936866239,0.062326515808613925,-0.062326515808613925,0.062326515808613925,0.062326515808613925
2022-07-26,-0.017636315541311898,0.0,0.0,-0.017636315541311898,-0.017136315541311897,0.017136315541311897,0.017136315541311897,-0.0035657805124920936,-0.017136315541311897,0.017136315541311897,-0.017136315541311897,-0.017136315541311897
2022-07-27,0.0398935298733758,0.0,0.0,-0.0005,0.0398935298733758,-0.0398935298733758,-0.0398935298733758,0.008338384719841774,0.0398935298733758,-0.0398935298733758,0.0398935298733758,0.0398935298733758
2022-07-28,0.012219427719950104,0.0,0.0,0.011719427719950104,0.012219427719950104,-0.012219427719950104,-0.012219427719950104,0.0025382581507568517,0.012219427719950104,-0.012219427719950104,-0.013219427719950105,0.012219427719950104
2022-07-29,0.043514660517087744,0.0,0.0,0.043514660517087744,0.04351466051708774,-0.043514660517087744,-0.0005,0.00907974589256381,0.043514660517087744,-0.043514660517087744,-0.043514660517087744,0.043514660517087744
2022-08-01,-0.03120771340507167,0.0,0.0,-0.03120771340507167,-0.03120771340507167,-0.03220771340507167,0.0,-0.006498756537034932,0.030207713405071668,0.03120771340507167,0.03120771340507167,-0.03120771340507167
2022-08-02,-0.0022214167628086257,0.0,0.0,-0.0005,-0.0022214167628086257,-0.0022214167628086257,0.0,-0.00046147655383019665,-0.0032214167628086257,0.0022214167628086257,0.0022214167628086257,-0.0022214167628086257
2022-08-03,-0.04174794000635407,0.0,0.0,-0.04224794000635407,-0.04174794000635407,-0.04174794000635407,0.0,-0.008668280435128852,-0.04174794000635407,0.04174794000635407,0.04174794000635407,-0.04174794000635407
2022-08-04,-0.10891668372444008,0.0,0.0,-0.0005,-0.10891668372444008,-0.10891668372444008,0.0,-0.022680822675068057,-0.10891668372444008,0.10891668372444008,-0.10991668372444006,-0.10891668372444008
2022-08-05,-0.0005,0.0,0.0,0.0,0.03487613792141885,0.03487613792141886,0.0,0.007077921511630447,0.03487613792141886,-0.03487613792141886,0.03487613792141885,0.03487613792141886
2022-08-08,0.0,0.0,0.0,0.013988047195413633,0.014488047195413634,0.014488047195413634,0.0,0.0029985902792608195,-0.015488047195413635,-0.014488047195413634,-0.015488047195413635,0.014488047195413634
2022-08-09,0.0,0.0,0.0,0.014591858290757376,0.014591858290757376,0.014591858290757376,0.0,0.0030778850327885052,0.013591858290757375,-0.014591858290757376,-0.014591858290757376,0.014591858290757376
2022-08-10,0.0,0.0,0.0,0.016523858123993262,0.01652385812399326,0.016523858123993262,0.0,0.003818983897656897,0.016523858123993262,-0.016523858123993262,-0.016523858123993262,0.016523858123993262
2022-08-11,0.0,0.0,0.0,0.048765577714221076,0.04876557771422107,0.048765577714221076,0.0,0.011284379580652995,0.048765577714221076,-0.048765577714221076,-0.048765577714221076,0.048765577714221076
2022-08-12,0.0,0.0,0.0,-0.004018202836876594,-0.004018202836876593,-0.004018202836876594,0.0,-0.000922791458018943,0.0030182028368765943,0.004018202836876594,-0.005018202836876594,-0.004018202836876594
2022-08-15,0.0,0.0,0.0,-0.03256474241906193,-0.03256474241906193,-0.03256474241906193,0.03206474241906193,-0.007471563238075071,0.03256474241906193,0.03256474241906193,-0.03256474241906193,-0.03256474241906193
2022-08-16,0.0,0.0,0.0,-0.0005,-0.010426029437809126,-0.010426029437809126,0.010426029437809126,-0.0024669072088233865,-0.011426029437809126,0.010426029437809126,-0.010426029437809126,-0.010426029437809126
2022-08-17,0.0,0.0,0.0,0.0,0.012341979988859553,0.012341979988859553,-0.012341979988859553,0.0029311255583758396,0.012341979988859553,-0.012341979988859553,0.012341979988859553,0.012341979988859553
2022-08-18,0.0,0.0,0.0,0.0848405880915532,0.0853405880915532,0.0853405880915532,-0.0853405880915532,0.020289968261514333,0.0853405880915532,-0.0853405880915532,0.0853405880915532,0.0853405880915532
2022-08-19,0.0,0.0,0.0,-0.009589149988100343,-0.009589149988100343,-0.009589149988100343,0.009589149988100343,-0.0022374075809207202,0.008589149988100342,0.009589149988100343,0.008589149988100342,-0.009589149988100343
2022-08-22,0.0,0.0,0.0,0.017703843408224174,0.017703843408224174,0.017703843408224174,-0.017703843408224174,0.0041269761595648284,0.016703843408224173,-0.017703843408224174,-0.017703843408224174,0.017703843408224174
2022-08-23,0.0,0.0,0.0,0.05436258409012318,0.05436258409012318,0.05436258409012318,-0.0005,0.01267977689823648,-0.05536258409012318,-0.05436258409012318,-0.05436258409012318,0.05436258409012318
2022-08-24,0.0,0.0,0.0,0.03918560027207674,0.03918560027207674,0.03918560027207674,0.0,0.00916791451453496,-0.03918560027207674,0.038185600272076736,-0.03918560027207674,0.03918560027207674
2022-08-25,0.0017326226683939687,0.0017326226683939687,0.0017326226683939687,0.0022326226683939687,0.0022326226683939687,0.0022326226683939687,0.0,0.0005177679776662709,-0.0005,0.0022326226683939687,-0.0022326226683939687,0.0022326226683939687
2022-08-26,-0.005445557497573472,-0.005445557497573472,-0.005445557497573472,-0.005445557497573472,-0.005445557497573472,-0.005445557497573472,0.0,-0.0012786774413959736,-0.005945557497573473,-0.005445557497573472,0.005445557497573472,-0.005445557497573472
2022-08-29,0.029368123126757517,0.029368123126757517,0.029368123126757517,-0.0005,0.029368123126757517,0.029368123126757517,0.0,0.006890994962748146,0.029368123126757517,0.029368123126757517,-0.029368123126757517,0.029368123126757517
2022-08-30,-0.04932314120804149,-0.04932314120804149,-0.04932314120804149,-0.04982314120804149,-0.04932314120804149,-0.04932314120804149,0.0,-0.011612459441609234,-0.04932314120804149,-0.04932314120804149,0.04932314120804149,-0.04932314120804149
2022-08-31,-0.005340764970895195,-0.005340764970895195,-0.005340764970895195,-0.0005,-0.005340764970895195,-0.005340764970895195,0.0,-0.0012453116570306801,-0.005340764970895195,-0.005340764970895195,0.005340764970895195,-0.005340764970895195
2022-09-01,-0.0005,-0.0005,-0.0005,0.0,-0.03042709890558148,-0.030427098905581484,0.0,-0.0070952898604140086,-0.030427098905581484,-0.030427098905581484,0.030427098905581484,-0.030427098905581484
2022-09-02,0.0,0.0,0.0,0.0,0.023206573781964668,0.023206573781964668,0.0,0.005390344410859975,-0.02420657378196467,0.023206573781964668,-0.023206573781964668,0.023206573781964668
2022-09-06,0.0,0.0,0.0,-0.02575775391017937,-0.02525775391017937,-0.02525775391017937,0.0,-0.005859912986297332,-0.02625775391017937,-0.02525775391017937,0.02525775391017937,-0.02525775391017937
2022-09-07,0.0,0.0,0.0,-0.0005,-0.03040724745388501,-0.03040724745388501,0.0,-0.0070396813291134395,0.02940724745388501,-0.03040724745388501,0.03040724745388501,-0.03040724745388501
2022-09-08,0.0,0.0,0.0,0.0,0.007090576149202166,0.007090576149202166,0.0,0.0016654615033827906,-0.007090576149202166,0.007090576149202166,-0.007090576149202166,0.007090576149202166
2022-09-09,0.0,0.0,0.0,0.030910632532579807,0.03141063253257981,0.03141063253257981,0.0,0.00738096481916967,0.030410632532579807,0.03141063253257981,-0.03141063253257981,0.03141063253257981
2022-09-12,0.0,0.0,0.0,0.05014445273424606,0.05014445273424606,0.05014445273424606,0.0,0.01172934982022655,0.05014445273424606,0.05014445273424606,-0.05014445273424606,0.05014445273424606
2022-09-13,-0.0227498730075108,-0.0227498730075108,-0.0227498730075108,-0.0222498730075108,-0.022249873007510797,-0.0222498730075108,0.0,-0.00514694862002102,0.0212498730075108,-0.0222498730075108,-0.023249873007510802,-0.0222498730075108
2022-09-14,0.06724611305480166,0.06724611305480165,0.06724611305480166,-0.0005,0.06724611305480166,0.06724611305480166,0.0,0.0158385261257583,-0.06724611305480166,0.06724611305480166,0.06724611305480166,0.06724611305480166
2022-09-15,-0.005989482049089334,-0.005989482049089333,-0.005989482049089334,-0.006489482049089335,-0.005989482049089334,-0.005989482049089334,0.0,-0.0013823146550765134,-0.006989482049089334,-0.005989482049089334,-0.005989482049089334,-0.005989482049089334
2022-09-16,-0.02482525988785489,-0.02482525988785489,-0.02482525988785489,-0.02482525988785489,-0.02482525988785489,-0.02482525988785489,0.0,-0.005719372870249939,0.023825259887854888,-0.02482525988785489,-0.02482525988785489,-0.02482525988785489
2022-09-19,-0.0002473059842307279,-0.0002473059842307279,-0.0002473059842307279,-0.0005,-0.0002473059842307279,-0.0002473059842307279,-0.0007473059842307279,-6.265970468708462e-05,-0.001247305984230728,-0.0002473059842307279,-0.0002473059842307279,-0.0002473059842307279
2022-09-20,-0.02101342305440257,-0.02101342305440257,-0.02101342305440257,-0.02151342305440257,-0.02101342305440257,-0.02101342305440257,-0.0005,-0.005103494173120925,-0.02101342305440257,-0.02101342305440257,-0.02101342305440257,-0.02101342305440257
2022-09-21,-0.02954547290786025,-0.02954547290786025,-0.02954547290786025,-0.0005,-0.02954547290786025,-0.02954547290786025,-0.03004547290786025,-0.007183930256368296,0.028545472907860248,-0.02954547290786025,-0.02954547290786025,-0.02954547290786025
2022-09-22,-0.03434790383731956,-0.03434790383731956,-0.0005,0.0,-0.03434790383731956,-0.03434790383731956,-0.03434790383731956,-0.008547312652913808,-0.03534790383731956,-0.03434790383731956,-0.03434790383731956,-0.03434790383731956
2022-09-23,-0.11425529414613089,-0.11425529414613089,0.0,0.0,-0.11425529414613089,-0.11425529414613089,-0.11425529414613089,-0.02842313138211709,-0.11425529414613089,-0.11425529414613089,-0.11425529414613089,-0.11425529414613089
2022-09-26,-0.0005,-0.031335369853807915,0.0,0.0,-0.031335369853807915,-0.0005,-0.031335369853807915,-0.00729001388289752,-0.031335369853807915,-0.031335369853807915,0.030335369853807914,-0.031335369853807915
2022-09-27,0.0,0.026381838733213536,0.0,0.0,0.026381838733213536,0.0,-0.027381838733213537,0.006129089551368444,0.026381838733213536,-0.027381838733213537,-0.026381838733213536,0.026381838733213536
2022-09-28,0.0,0.06089350448006203,0.0,0.06039350448006203,0.06089350448006203,0.0,-0.06089350448006203,0.014183868564956114,0.06089350448006203,-0.06089350448006203,0.059893504480062025,0.06089350448006203
2022-09-29,0.0,0.008076251882881635,0.0,0.008076251882881635,0.008076251882881635,0.0,-0.008076251882881635,0.0018884263455136866,0.008076251882881635,-0.008076251882881635,0.008076251882881634,0.008076251882881635
2022-09-30,0.0,-0.02174560503798384,0.0,-0.02174560503798384,-0.02174560503798384,0.0,0.02174560503798384,-0.005114068481639209,0.02074560503798384,0.02174560503798384,-0.021745605037983836,-0.02174560503798384
2022-10-03,0.0,0.09096238316244487,0.0,-0.0005,0.09096238316244487,0.0,-0.09096238316244487,0.02135226068622855,-0.09096238316244487,-0.09096238316244487,-0.09196238316244487,0.09096238316244487
2022-10-04,0.04936602993038125,0.04986602993038125,0.0,0.04936602993038125,0.04986602993038125,0.0,-0.04986602993038125,0.011575981273729266,0.04886602993038125,-0.04986602993038125,0.04886602993038125,0.04986602993038125
2022-10-05,0.03472933620612362,0.03472933620612362,0.03422933620612362,0.03472933620612362,0.03472933620612362,0.0,-0.03472933620612362,0.00800408410138184,-0.03572933620612362,-0.03472933620612362,0.03472933620612362,0.03472933620612362
2022-10-06,0.041460897037144395,0.041460897037144395,0.041460897037144395,0.041460897037144395,0.041460897037144395,0.0,-0.041460897037144395,0.009770538469246737,-0.041460897037144395,0.040460897037144394,0.041460897037144395,0.041460897037144395
2022-10-07,0.007582815235049445,0.007582815235049445,0.007582815235049445,0.007582815235049445,0.007582815235049445,0.0,-0.007582815235049445,0.0017742582738216432,-0.007582815235049445,0.007582815235049445,0.007582815235049445,0.007582815235049445
2022-10-10,-0.03174975233193489,-0.03174975233193488,-0.03174975233193489,-0.03174975233193489,-0.03174975233193489,0.0,0.03174975233193489,-0.007450844104372889,0.03174975233193489,-0.03174975233193489,-0.03174975233193489,-0.03174975233193489
2022-10-11,-0.01675972241576673,-0.01675972241576673,-0.01675972241576673,-0.0005,-0.01675972241576673,0.0,0.01675972241576673,-0.003971353953916372,-0.017759722415766732,-0.01675972241576673,0.015759722415766727,-0.01675972241576673
2022-10-12,0.006670065669912129,0.006670065669912129,0.006670065669912129,0.0,0.006670065669912129,0.0,0.0056700656699121285,0.001577117351080104,0.006670065669912129,0.006670065669912129,-0.006670065669912129,0.006670065669912129
2022-10-13,0.02723936790021897,0.02723936790021897,0.02723936790021897,0.0,0.027239367900218966,0.0,0.02723936790021897,0.006505978587962128,0.02723936790021897,0.02723936790021897,0.026239367900218965,0.02723936790021897
2022-10-14,-0.04610619220706558,-0.04610619220706558,-0.04610619220706558,-0.04660619220706558,-0.04610619220706558,0.0,-0.04610619220706558,-0.010990146045667525,-0.04610619220706558,-0.04610619220706558,-0.04610619220706557,-0.04610619220706558
2022-10-17,0.004257480776137301,0.004257480776137301,0.004257480776137301,-0.0005,0.0042574807761373,0.0,0.004257480776137301,0.001002594187045743,-0.005257480776137301,0.004257480776137301,-0.005257480776137301,0.004257480776137301
2022-10-18,-0.006982470866751078,-0.006982470866751077,-0.006982470866751078,0.0,-0.006982470866751078,0.0,-0.0005,-0.001663262069381958,-0.007982470866751079,-0.006982470866751078,0.006982470866751078,-0.006982470866751078
2022-10-19,0.05248597896307894,0.05248597896307894,0.05248597896307894,0.0,0.05248597896307894,0.0,0.0,0.012504023991865235,-0.05348597896307894,0.05248597896307894,-0.05248597896307894,0.05248597896307894
2022-10-20,-0.0036004883336815396,-0.0036004883336815396,-0.0036004883336815396,-0.00410048833368154,-0.0036004883336815396,0.0,0.0,-0.0008579134176913464,0.0036004883336815396,-0.0036004883336815396,-0.004600488333681539,-0.0036004883336815396
2022-10-21,0.04047225590988979,0.04047225590988979,0.04047225590988979,0.04047225590988979,0.04047225590988979,0.0,0.03997225590988979,0.009687521219535223,-0.04047225590988979,0.04047225590988979,0.04047225590988978,0.04047225590988979
2022-10-24,0.013197458011802166,0.013197458011802166,0.013197458011802166,0.013197458011802166,0.013197458011802166,0.0,0.013197458011802166,0.0031918266893150265,-0.013197458011802166,0.013197458011802166,0.013197458011802164,0.013197458011802166
2022-10-25,0.03290681422051622,0.03290681422051622,0.03290681422051622,0.03290681422051622,0.03290681422051622,0.0,0.03290681422051622,0.007978598169120136,-0.03290681422051622,0.03290681422051622,-0.033906814220516224,0.03290681422051622
2022-10-26,0.019468985605588962,0.019468985605588962,0.019468985605588962,0.019468985605588962,0.019468985605588962,0.0,0.019468985605588962,0.004731404835731386,-0.019468985605588962,0.019468985605588962,-0.019468985605588962,0.019468985605588962
2022-10-27,-0.007595552096427927,-0.007595552096427927,-0.007595552096427927,-0.007595552096427927,-0.007595552096427927,0.0,-0.007595552096427927,-0.0018445423202960508,0.007595552096427927,-0.007595552096427927,0.007595552096427927,-0.007595552096427927
2022-10-28,-0.0063416310429246225,-0.0063416310429246225,-0.0063416310429246225,-0.0063416310429246225,-0.0063416310429246225,0.0,-0.0063416310429246225,-0.0015522231379290435,0.0063416310429246225,-0.0063416310429246225,0.006341631042924622,-0.0063416310429246225
2022-10-31,0.00044017485804825895,0.00044017485804825895,0.00044017485804825895,0.00044017485804825895,0.00044017485804825895,0.0,0.00044017485804825895,0.00010758634728214012,-0.00044017485804825895,0.00044017485804825895,-0.0004401748580482589,0.00044017485804825895
2022-11-01,0.007259258364793686,0.007259258364793686,0.007259258364793686,0.007259258364793686,0.007259258364793686,0.0,0.007259258364793686,0.0017871971329616084,-0.007259258364793686,0.007259258364793686,-0.007259258364793686,0.007259258364793686
2022-11-02,-0.033850179500382716,-0.033850179500382716,-0.033850179500382716,-0.033850179500382716,-0.033850179500382716,0.0,-0.033850179500382716,-0.00843644466264273,0.033850179500382716,-0.033850179500382716,0.033850179500382716,-0.033850179500382716
2022-11-03,0.06894208277327829,0.06894208277327829,0.06894208277327829,-0.0005,0.06894208277327829,0.0,0.06894208277327829,0.01841146606912546,0.06794208277327829,0.06894208277327829,-0.06894208277327828,0.06894208277327829
2022-11-04,0.035948505433005096,0.035948505433005096,0.035948505433005096,0.035448505433005095,0.035948505433005096,0.0,0.035948505433005096,0.009417588847070724,0.035948505433005096,0.035948505433005096,-0.035948505433005096,0.035948505433005096
2022-11-07,0.010410156243052304,0.010410156243052304,0.010410156243052304,0.010410156243052304,0.010410156243052304,0.0,0.010410156243052304,0.0027143604456881113,-0.011410156243052305,0.010410156243052304,-0.010410156243052304,0.010410156243052304
2022-11-08,-0.009292854472265466,-0.009292854472265466,-0.009292854472265466,-0.009292854472265466,-0.009292854472265466,0.0,-0.009292854472265466,-0.0024242604063735834,-0.010292854472265467,-0.009292854472265466,0.009292854472265466,-0.009292854472265466
2022-11-09,-0.0711662413035089,-0.0711662413035089,-0.0711662413035089,-0.0711662413035089,-0.0711662413035089,0.0,-0.0711662413035089,-0.018544497844213012,-0.0711662413035089,-0.0711662413035089,0.07116624130350889,-0.0711662413035089
2022-11-10,0.031832969590819715,0.031832969590819715,0.031832969590819715,-0.0005,0.031832969590819715,0.0,0.031832969590819715,0.008089649384257774,0.031832969590819715,0.031832969590819715,0.030832969590819714,0.031832969590819715
2022-11-11,0.03744673025202583,0.03744673025202583,0.03744673025202583,0.03694673025202583,0.03744673025202582,0.0,0.03744673025202583,0.00948552364831646,-0.03844673025202583,0.03744673025202583,0.03744673025202583,0.03744673025202583
2022-11-14,-0.031788258642740486,-0.031788258642740486,-0.031788258642740486,-0.031788258642740486,-0.031788258642740486,0.0,-0.0005,-0.008077405506631163,0.031788258642740486,-0.031788258642740486,-0.031788258642740486,-0.031788258642740486
2022-11-15,0.03876296346881114,0.03876296346881114,0.03876296346881114,-0.0005,0.03876296346881114,0.0,0.03826296346881114,0.009781171777158194,-0.0005,0.03876296346881114,0.03876296346881114,0.03876296346881114
2022-11-16,-0.03283043112705952,-0.03283043112705952,-0.03283043112705952,-0.03333043112705952,-0.03283043112705952,0.0,-0.03283043112705952,-0.00823831218654576,0.03233043112705952,-0.03283043112705952,-0.03283043112705952,-0.03283043112705952
2022-11-17,-0.01033093910045968,-0.01033093910045968,-0.01033093910045968,-0.0005,-0.01033093910045968,0.0,-0.0005,-0.002669860855890941,-0.01133093910045968,-0.01033093910045968,-0.01033093910045968,-0.01033093910045968
2022-11-18,-0.012782240167896641,-0.012782240167896641,-0.012782240167896641,0.0,-0.012782240167896641,0.0,0.0,-0.0032985007837931617,-0.012782240167896641,-0.012782240167896641,-0.012782240167896641,-0.012782240167896641
2022-11-21,-0.023090337663788207,-0.023090337663788207,-0.023090337663788207,0.0,-0.023090337663788207,0.0,0.0,-0.00595379109378269,0.022090337663788207,-0.023090337663788207,-0.023090337663788207,-0.023090337663788207
2022-11-22,0.05544520286257448,0.05544520286257448,0.05544520286257448,0.0,0.05544520286257448,0.0,0.0,0.014454582865955069,0.05444520286257448,0.05544520286257448,0.05544520286257448,0.05544520286257448
2022-11-23,-0.02092941467502707,-0.02092941467502707,-0.02092941467502707,-0.02142941467502707,-0.02092941467502707,0.0,0.0,-0.005410675702006251,0.01992941467502707,-0.02092941467502707,-0.02092941467502707,-0.02092941467502707
2022-11-25,-0.007481523431995818,-0.007481523431995818,-0.007481523431995818,-0.007481523431995818,-0.007481523431995818,0.0,0.0,-0.0019273878365817009,0.007481523431995818,-0.007481523431995818,-0.007481523431995818,-0.007481523431995818
2022-11-28,-0.031660702928521633,-0.031660702928521633,-0.031660702928521633,-0.031660702928521633,-0.031660702928521633,0.0,0.0,-0.008152634710588788,-0.032660702928521634,-0.031660702928521633,-0.031660702928521633,-0.031660702928521633
2022-11-29,0.0362546769444132,0.0362546769444132,0.0362546769444132,-0.0005,0.0362546769444132,0.0,0.0,0.009309922069576107,0.0362546769444132,0.0362546769444132,0.0362546769444132,0.0362546769444132
2022-11-30,0.005580464847662947,0.005580464847662947,0.005580464847662947,0.005080464847662947,0.005580464847662947,0.0,0.0,0.0014456257188927794,0.005580464847662947,0.005580464847662947,0.005580464847662947,0.005580464847662947
2022-12-01,-0.0027747015438287503,-0.0027747015438287503,-0.0027747015438287503,-0.0027747015438287503,-0.0027747015438287503,0.0,0.0,-0.0007197884381508677,-0.0027747015438287503,-0.0027747015438287503,-0.0027747015438287503,-0.0027747015438287503
2022-12-02,0.008347545555654978,0.008347545555654978,0.008347545555654978,0.008347545555654978,0.008347545555654978,0.0,0.007847545555654978,0.002179399841815664,0.008347545555654978,0.008347545555654978,0.008347545555654978,0.008347545555654978
2022-12-05,-0.029717842931480054,-0.029717842931480054,-0.029717842931480054,-0.029717842931480054,-0.029717842931480054,0.0,-0.029717842931480054,-0.007779181856739061,0.028717842931480053,-0.029717842931480054,-0.029717842931480054,-0.029717842931480054
2022-12-06,-0.04025392490088331,-0.0402539249008833,-0.04025392490088331,-0.0005,-0.04025392490088331,0.0,-0.04025392490088331,-0.010518886825625776,0.04025392490088331,-0.04025392490088331,0.03925392490088331,-0.04025392490088331
2022-12-07,-0.004786793490890395,-0.004786793490890395,-0.004786793490890395,0.0,-0.004786793490890395,0.0,-0.0005,-0.0012455567879803562,0.004786793490890395,-0.004786793490890395,0.004786793490890395,-0.004786793490890395
2022-12-08,-0.02038461972149741,-0.02038461972149741,-0.02038461972149741,0.0,-0.02038461972149741,0.0,0.0,-0.005299838754472932,-0.02138461972149741,-0.02038461972149741,0.02038461972149741,-0.02038461972149741
2022-12-09,-0.02127665642908494,-0.02127665642908494,-0.02127665642908494,0.0,-0.02127665642908494,-0.02177665642908494,0.0,-0.005540746437139738,-0.02127665642908494,-0.02127665642908494,-0.02227665642908494,-0.02127665642908494
2022-12-12,-0.0005,0.048972848462493834,0.048972848462493834,0.0,0.048972848462493834,0.048972848462493834,0.0,0.012892131794234325,0.048972848462493834,-0.049972848462493835,0.048972848462493834,0.048972848462493834
2022-12-13,0.0,0.04372579812365873,0.04372579812365873,0.04322579812365873,0.043725798123658725,0.04372579812365873,0.0,0.011396083998730417,0.04372579812365873,-0.04372579812365873,0.04372579812365873,0.04372579812365873
2022-12-14,-0.017737662063834814,-0.017237662063834813,-0.017237662063834813,-0.017237662063834813,-0.017237662063834813,-0.017237662063834813,0.0,-0.0045656303544375125,-0.017237662063834813,0.017237662063834813,-0.017237662063834813,-0.017237662063834813
2022-12-15,-0.0005,0.0002218968895260076,0.0002218968895260076,-0.0005,0.0002218968895260076,0.0002218968895260076,-0.0002781031104739924,5.837338925658594e-05,0.0002218968895260076,-0.0002218968895260076,0.0002218968895260076,0.0002218968895260076
2022-12-16,0.0,-0.027968858932255092,-0.027968858932255092,0.0,-0.027968858932255092,-0.027968858932255092,-0.027968858932255092,-0.007424946395516129,-0.027968858932255092,0.027968858932255092,-0.027968858932255092,-0.027968858932255092
2022-12-19,0.0,0.001141652569703222,0.001141652569703222,0.0,0.001141652569703222,0.001141652569703222,0.001141652569703222,0.0003005642477000077,0.001141652569703222,-0.001141652569703222,0.001141652569703222,0.001141652569703222
2022-12-20,0.0,0.006615226498987159,0.006615226498987159,0.0061152264989871585,0.006615226498987159,0.006615226498987159,0.006615226498987159,0.0017514612214064758,-0.007615226498987159,-0.006615226498987159,0.006615226498987159,0.006615226498987159
2022-12-21,0.0,0.05755701230326671,0.05755701230326671,0.05755701230326671,0.05755701230326671,0.05755701230326671,-0.0005,0.01534131747805839,-0.05755701230326671,-0.05755701230326671,0.05755701230326671,0.05755701230326671
2022-12-22,-0.04292555103394974,-0.04242555103394974,-0.04242555103394974,-0.04242555103394974,-0.04242555103394974,-0.04242555103394974,-0.04292555103394974,-0.011205298724559633,-0.04342555103394974,0.04242555103394974,-0.04242555103394974,-0.04242555103394974
2022-12-23,-0.0005,0.057283839795230884,0.057283839795230884,-0.0005,0.057283839795230884,0.057283839795230884,0.057283839795230884,0.01640443085662863,0.057283839795230884,-0.057283839795230884,0.057283839795230884,0.057283839795230884
2022-12-27,0.007753819613710966,0.008253819613710967,0.008253819613710967,0.007753819613710966,0.008253819613710967,-0.0005,0.008253819613710967,0.0023432797555151697,0.008253819613710967,-0.008253819613710967,0.008253819613710967,0.008253819613710967
2022-12-28,-0.05163723663613784,-0.05163723663613784,-0.05163723663613784,-0.05163723663613784,-0.05163723663613784,0.0,-0.05163723663613784,-0.014709225073131018,-0.05163723663613784,-0.05263723663613784,-0.05163723663613784,-0.05163723663613784
2022-12-29,-0.0005,0.01615763138278936,0.01615763138278936,-0.0005,0.01615763138278936,0.0,0.01615763138278936,0.004593821538717102,0.01615763138278936,0.01615763138278936,0.01615763138278936,0.01615763138278936
2022-12-30,0.01627176579730033,0.01677176579730033,0.01677176579730033,0.0,0.01677176579730033,0.0,0.01677176579730033,0.004764526041252951,0.01677176579730033,0.01677176579730033,0.01677176579730033,0.01677176579730033
2023-01-03,-0.06555262569173348,-0.06555262569173347,-0.06555262569173348,-0.06605262569173348,-0.06555262569173348,0.0,-0.06555262569173348,-0.018705049576017704,-0.06555262569173348,-0.06555262569173348,-0.06555262569173348,-0.06555262569173348
2023-01-04,-0.0005,-0.03369998938295171,-0.03369998938295171,-0.0005,-0.03369998938295171,0.0,-0.0005,-0.009809206411331308,-0.03369998938295171,0.03269998938295171,-0.03369998938295171,-0.03369998938295171
2023-01-05,0.0,-0.009253019290965335,-0.009253019290965336,0.0,-0.009253019290965336,-0.009753019290965337,0.0,-0.0027132453030650205,-0.009253019290965336,0.009253019290965336,-0.009253019290965336,-0.009253019290965336
2023-01-06,0.0,0.02705944445783315,-0.0005,0.0,0.02705944445783315,0.02705944445783315,0.0,0.007992308572803994,0.02705944445783315,-0.02705944445783315,0.02705944445783315,0.02705944445783315
2023-01-09,0.0,0.011191370247298993,0.010691370247298992,0.010691370247298992,0.011191370247298993,0.011191370247298993,0.0,0.0033301181448022873,0.011191370247298993,-0.011191370247298993,0.011191370247298993,0.011191370247298993
2023-01-10,0.0,-0.002997243343773159,-0.0029972433437731594,-0.0029972433437731594,-0.0029972433437731594,-0.0029972433437731594,0.0,-0.0008918008187526697,-0.0029972433437731594,0.0029972433437731594,-0.0029972433437731594,-0.0029972433437731594
2023-01-11,0.0,0.013413431587801172,0.013413431587801172,-0.0005,0.013413431587801172,0.013413431587801172,0.0,0.004023822176448559,0.013413431587801172,-0.013413431587801172,0.013413431587801172,0.013413431587801172
2023-01-12,0.03441532450695245,0.03491532450695245,0.03491532450695245,0.03441532450695245,0.03491532450695245,0.03491532450695245,-0.03541532450695245,0.010494030465225476,0.03491532450695245,-0.03491532450695245,-0.03591532450695245,0.03491532450695245
2023-01-13,-0.00022018799174239323,-0.00022018799174239323,-0.00022018799174239323,-0.00022018799174239323,-0.00022018799174239323,-0.00022018799174239323,0.00022018799174239323,-6.689721756107492e-05,-0.00022018799174239323,0.00022018799174239323,0.00022018799174239323,-0.00022018799174239323
2023-01-17,-0.004411263770185303,-0.004411263770185303,-0.004411263770185303,-0.004411263770185303,-0.004411263770185303,-0.004411263770185303,0.004411263770185303,-0.0013219964255526634,0.003411263770185303,0.004411263770185303,0.004411263770185303,-0.004411263770185303
2023-01-18,-0.02392548194991506,-0.02392548194991506,-0.02392548194991506,-0.02392548194991506,-0.02392548194991506,-0.02392548194991506,0.02392548194991506,-0.0073055889501180415,-0.024925481949915063,0.02392548194991506,0.02392548194991506,-0.02392548194991506
2023-01-19,0.024965903449088778,0.024965903449088778,0.024965903449088778,-0.0005,0.024965903449088778,0.024965903449088778,-0.0005,0.007575978532459061,0.024965903449088778,-0.024965903449088778,0.023965903449088777,0.024965903449088778
2023-01-20,0.004008131450735863,0.004008131450735863,0.004008131450735863,0.0035081314507358634,0.004008131450735863,0.004008131450735863,0.0,0.0012115933516404268,0.004008131450735863,-0.004008131450735863,-0.005008131450735863,0.004008131450735863
2023-01-23,0.005988051569943087,0.005988051569943086,0.005988051569943087,0.005988051569943087,0.005988051569943087,0.005988051569943087,0.0,0.0018466512422224142,0.005988051569943087,-0.005988051569943087,-0.005988051569943087,0.005988051569943087
2023-01-24,-0.028659605423120627,-0.028659605423120627,-0.028659605423120627,-0.028659605423120627,-0.028659605423120627,-0.028659605423120627,0.0,-0.008854933531821037,-0.028659605423120627,0.028659605423120627,0.028659605423120627,-0.028659605423120627
2023-01-25,0.0006806633685010333,0.0006806633685010333,0.0006806633685010333,-0.0005,0.0006806633685010333,0.0006806633685010333,0.0,0.00021060530088470882,0.0006806633685010333,-0.0006806633685010333,-0.00031933663149896676,0.0006806633685010333
2023-01-26,0.02880494335282968,0.02880494335282968,0.02880494335282968,0.0,0.02880494335282968,0.02880494335282968,0.0,0.008959808383523197,0.02880494335282968,-0.02880494335282968,0.02880494335282968,0.02880494335282968
2023-01-27,0.008156802244682293,0.008156802244682291,0.008156802244682293,0.0076568022446822925,0.008156802244682293,0.008156802244682293,0.0,0.002542419869065858,0.008156802244682293,-0.008156802244682293,-0.009156802244682294,0.008156802244682293
2023-01-30,-0.03433178505386392,-0.03433178505386392,-0.03433178505386392,-0.03433178505386392,-0.03433178505386392,-0.03433178505386392,0.0,-0.010731214724559327,-0.03433178505386392,0.03433178505386392,0.03433178505386392,-0.03433178505386392
2023-01-31,0.0038494699865745385,0.0038494699865745385,0.0038494699865745385,-0.0005,0.0038494699865745385,0.0038494699865745385,0.0,0.0011898186363217403,0.0038494699865745385,-0.0038494699865745385,0.0028494699865745385,0.0038494699865745385
2023-02-01,-0.020978892488991208,-0.020978892488991208,-0.020978892488991208,0.0,-0.020978892488991208,-0.020978892488991208,0.0,-0.006494217286600639,-0.020978892488991208,0.020978892488991208,-0.020978892488991208,-0.020978892488991208
2023-02-02,-0.023963188753374665,-0.023963188753374665,-0.023963188753374665,0.0,-0.023963188753374665,-0.023963188753374665,0.0,-0.0073905382470211365,-0.023963188753374665,0.023963188753374665,-0.023963188753374665,-0.023963188753374665
2023-02-03,-0.0005,-0.007554274968490149,-0.0005,0.0,-0.007554274968490149,-0.007554274968490149,0.0,-0.0023204645624812286,-0.007554274968490149,0.007554274968490149,-0.007554274968490149,-0.007554274968490149
2023-02-06,0.0,-0.0004756136446598669,0.0,0.0,-0.0004756136446598669,-0.0004756136446598669,-2.4386355340133125e-05,-0.00014880674706604347,-0.0004756136446598669,0.0004756136446598669,-0.0004756136446598669,-0.0004756136446598669
2023-02-07,0.0,0.03974289588466995,0.0,0.0,0.03974289588466995,0.03974289588466995,-0.03974289588466995,0.012864952803887207,0.03974289588466995,-0.03974289588466995,0.03974289588466995,0.03974289588466995
2023-02-08,-0.03643501883313033,-0.03593501883313033,-0.03643501883313033,-0.03643501883313033,-0.03593501883313033,-0.03593501883313033,0.03593501883313033,-0.011606446527788958,-0.03593501883313033,0.03593501883313033,0.03493501883313033,-0.03593501883313033
2023-02-09,-0.0005,-0.025403634892142035,-0.0005,-0.0005,-0.025403634892142035,-0.025403634892142035,0.025403634892142035,-0.008127880723512948,-0.025403634892142035,0.025403634892142035,-0.026403634892142036,-0.025403634892142035
2023-02-10,0.0,0.06114492495423617,0.0,0.0,0.06114492495423618,0.06114492495423618,-0.06114492495423618,0.01947103923751885,0.06114492495423618,-0.06114492495423618,0.06114492495423618,0.06114492495423618
2023-02-13,-0.02460472957012,-0.024104729570119998,-0.02460472957012,-0.02460472957012,-0.024104729570119995,-0.024104729570119998,0.024104729570119998,-0.007748679683428868,-0.024104729570119998,0.024104729570119998,0.023104729570119997,-0.024104729570119998
2023-02-14,-0.0005,-0.0009408122967866639,-0.0005,-0.0005,-0.000940812296786664,-0.0009408122967866639,0.0009408122967866639,-0.00030456815342969334,-0.0009408122967866639,0.0009408122967866639,-0.001940812296786664,-0.0009408122967866639
2023-02-15,0.0,-0.027313330074981823,0.0,0.0,-0.027313330074981823,-0.027313330074981823,0.027313330074981823,-0.008950376013592894,-0.027313330074981823,0.027313330074981823,-0.027313330074981823,-0.027313330074981823
2023-02-16,0.0,-0.028322672695412332,0.0,0.0,-0.028322672695412332,-0.028322672695412332,0.028322672695412332,-0.009301633188460268,-0.028322672695412332,0.028322672695412332,-0.028322672695412332,-0.028322672695412332
2023-02-17,0.0,-0.05107119334714483,0.0,0.0,-0.05107119334714483,-0.05107119334714483,0.05107119334714483,-0.016937573932214622,-0.05107119334714483,0.05107119334714483,-0.05107119334714483,-0.05107119334714483
2023-02-21,0.0,-0.0007873465828680537,0.0,0.0,-0.0007873465828680537,-0.0007873465828680537,0.0007873465828680537,-0.0002597732231106285,-0.0007873465828680537,0.0007873465828680537,-0.0007873465828680537,-0.0007873465828680537
2023-02-22,0.0,-0.0052550863826736904,0.0,0.0,-0.0052550863826736904,-0.0052550863826736904,0.0052550863826736904,-0.0017193989153062015,-0.0052550863826736904,0.0052550863826736904,-0.0052550863826736904,-0.0052550863826736904
2023-02-23,0.0,0.033280547574243036,0.0,0.0,0.033280547574243036,0.033280547574243036,-0.033280547574243036,0.010898246515438036,0.033280547574243036,-0.033280547574243036,0.033280547574243036,0.033280547574243036
2023-02-24,0.0,0.0025564582106076816,0.0,0.0020564582106076816,0.0025564582106076816,0.0025564582106076816,-0.0025564582106076816,0.0008292215837029305,0.0025564582106076816,-0.0025564582106076816,0.0025564582106076816,0.0025564582106076816
2023-02-27,0.0,0.00025485033094097,0.0,0.00025485033094097,0.00025485033094097,0.00025485033094097,-0.00025485033094097,8.01603705078941e-05,0.00025485033094097,-0.00025485033094097,0.00025485033094097,0.00025485033094097
2023-02-28,0.0,-0.02166714027079264,0.0,-0.02166714027079264,-0.02166714027079264,-0.02166714027079264,0.02166714027079264,-0.007297093959945391,-0.02166714027079264,0.02166714027079264,-0.02166714027079264,-0.02166714027079264
2023-03-01,0.0,0.032568981846793355,0.0,-0.0005,0.032568981846793355,0.032568981846793355,-0.032568981846793355,0.010928673622827425,0.032568981846793355,-0.032568981846793355,0.032568981846793355,0.032568981846793355
2023-03-02,0.0,0.016149225724450433,0.0,0.015649225724450433,0.016149225724450433,0.016149225724450433,-0.016149225724450433,0.005401189624687976,0.016149225724450433,-0.016149225724450433,0.016149225724450433,0.016149225724450433
2023-03-03,0.0,0.02185273164255963,0.0,0.02185273164255963,0.02185273164255963,0.02185273164255963,-0.02185273164255963,0.007391813652788704,0.02185273164255963,-0.02185273164255963,0.02185273164255963,0.02185273164255963
2023-03-06,0.0,-0.024301540751291317,0.0,-0.024301540751291317,-0.024301540751291317,-0.024301540751291317,0.024301540751291317,-0.008180796767289302,0.023301540751291316,0.024301540751291317,0.023301540751291316,-0.024301540751291317
2023-03-07,0.0,-0.02540470930143468,0.0,-0.0005,-0.02540470930143468,-0.02540470930143468,0.02540470930143468,-0.008508059962151345,0.02540470930143468,0.02540470930143468,-0.02640470930143468,-0.02540470930143468
2023-03-08,0.0,-0.01635569172934659,0.0,0.0,-0.01635569172934659,-0.01635569172934659,0.01635569172934659,-0.005454120749961965,-0.01735569172934659,0.01635569172934659,-0.01635569172934659,-0.01635569172934659
2023-03-09,0.0,-0.03845167617114952,0.0,0.0,-0.03845167617114953,-0.03845167617114953,0.03845167617114953,-0.01289344973779578,-0.03845167617114953,0.03845167617114953,-0.03845167617114953,-0.03845167617114953
2023-03-10,0.0,-0.0004999999999999999,0.0,0.0,0.02764072089435632,-0.02864072089435632,0.02864072089435632,-0.009616289173452829,-0.02864072089435632,0.02864072089435632,-0.02864072089435632,-0.02864072089435632
2023-03-13,0.0,0.0,0.0,0.0,0.039777485619070685,-0.039777485619070685,0.039777485619070685,-0.013264510422158305,-0.039777485619070685,0.039777485619070685,-0.039777485619070685,-0.039777485619070685
2023-03-14,0.0,0.0,0.0,0.0,-0.008980412767392698,0.008980412767392698,-0.008980412767392698,0.002961295914670991,0.008980412767392698,-0.008980412767392698,0.008980412767392698,0.008980412767392698
2023-03-15,0.0,0.0,0.0,-0.08031631559047964,0.07981631559047964,-0.07981631559047964,0.07981631559047964,-0.02639009422210448,-0.07981631559047964,0.07981631559047964,0.07881631559047964,-0.07981631559047964
2023-03-16,0.0,0.0,0.0,-0.0005,-0.023712997782212364,0.023712997782212364,-0.023712997782212364,0.007607042317754294,0.023712997782212364,-0.023712997782212364,-0.02371299778221236,0.023712997782212364
2023-03-17,0.0,0.0,0.0,-0.03311203996683959,0.03261203996683959,-0.03261203996683959,0.03261203996683959,-0.010623611499029014,-0.03261203996683959,0.03261203996683959,0.03261203996683959,-0.03261203996683959
2023-03-20,0.0,0.0,0.0,-0.0005,-0.035916693500644525,0.035916693500644525,-0.035916693500644525,0.01162822284525835,0.035916693500644525,-0.035916693500644525,-0.03591669350064452,0.035916693500644525
2023-03-21,0.0,0.0,0.0,0.06519360907419908,-0.06569360907419908,0.06569360907419908,-0.06569360907419908,0.02094729079208522,-0.06669360907419908,-0.06569360907419908,-0.06569360907419908,0.06569360907419908
2023-03-22,0.0,0.0,0.0,-0.01969184989659145,0.01969184989659145,-0.01969184989659145,0.01969184989659145,-0.006054938337068558,-0.020691849896591452,0.01969184989659145,0.01969184989659145,-0.01969184989659145
2023-03-23,0.0,0.0,0.0,-0.0005,0.009898118455033078,-0.009898118455033078,0.009898118455033078,-0.003034307134203017,-0.009898118455033078,0.009898118455033078,0.009898118455033076,-0.009898118455033078
2023-03-24,0.0,0.0,0.0,0.0,-0.014701555743202421,0.014701555743202421,-0.014701555743202421,0.004508519488620768,0.014701555743202421,-0.014701555743202421,-0.01470155574320242,0.014701555743202421
2023-03-27,0.0,0.0,0.0,0.024710054493550737,-0.025210054493550738,0.025210054493550738,-0.025210054493550738,0.007962361575900655,0.025210054493550738,-0.025210054493550738,-0.025210054493550738,0.025210054493550738
2023-03-28,0.0,0.0,0.0,0.014697665054832498,-0.014697665054832498,0.014697665054832498,-0.014697665054832498,0.0046718845815460356,0.014697665054832498,-0.014697665054832498,-0.014697665054832498,0.014697665054832498
2023-03-29,0.0,0.0,0.0,0.00027853939636846015,-0.00027853939636846015,0.00027853939636846015,-0.00027853939636846015,8.628816793183669e-05,-0.0012785393963684602,-0.00027853939636846015,-0.00027853939636846015,0.00027853939636846015
2023-03-30,0.0,0.0,0.0,-0.014759201094446728,0.014759201094446728,-0.014759201094446728,0.014759201094446728,-0.004849922094885046,0.014759201094446728,0.014759201094446728,0.014759201094446728,-0.014759201094446728
2023-03-31,0.0,0.0,0.0,-0.0005,-0.01921979745676583,0.01921979745676583,-0.01921979745676583,0.0064502977309288285,0.01821979745676583,-0.01921979745676583,-0.019219797456765827,0.01921979745676583
2023-04-03,0.0,0.0,0.0,0.08657752208365993,-0.08707752208365993,0.08707752208365993,-0.0005,0.029201592791678787,0.08707752208365993,-0.08707752208365993,-0.08707752208365993,0.08707752208365993
2023-04-04,0.0,0.0,0.0,-0.028061433133254265,0.028061433133254265,0.027061433133254265,0.0,-0.00876318740342306,-0.028061433133254265,0.028061433133254265,0.028061433133254265,-0.028061433133254265
2023-04-05,0.0,0.0,0.0,-0.0005,0.0028872407950862877,0.0028872407950862877,0.0,-0.0009331185236195227,-0.0028872407950862877,0.0028872407950862877,0.0028872407950862873,-0.0028872407950862877
2023-04-06,0.0,0.0,0.0,0.0,-0.0021059539101049296,-0.0021059539101049296,0.0,0.0006821944392133408,-0.0031059539101049296,-0.0021059539101049296,-0.002105953910104929,0.0021059539101049296
2023-04-10,0.0,0.0,0.0,0.026292606617617398,-0.026792606617617395,-0.026792606617617398,0.0,0.008703933493547592,-0.026792606617617398,-0.026792606617617398,-0.026792606617617395,0.026792606617617398
2023-04-11,0.0,0.0,0.0,0.021233016092013113,-0.021233016092013113,-0.021233016092013113,0.0,0.006898852909858707,-0.021233016092013113,-0.021233016092013113,-0.02123301609201311,0.021233016092013113
2023-04-12,0.0,0.0,0.0,-0.007013940622118464,0.007013940622118464,0.007013940622118464,0.0,-0.002272020721140535,0.007013940622118464,0.007013940622118464,0.007013940622118464,-0.007013940622118464
2023-04-13,0.0,0.0,0.0,-0.0005,-0.020938409563125537,-0.020938409563125537,0.0,0.006778784401358803,-0.020938409563125537,-0.020938409563125537,-0.020938409563125537,0.020938409563125537
2023-04-14,0.0,0.007160090342646475,0.0,0.007160090342646475,-0.007660090342646475,-0.007660090342646475,0.0,0.002473217985012719,0.006660090342646475,-0.007660090342646475,-0.007660090342646475,0.007660090342646475
2023-04-17,0.0,-0.0005,0.0,-0.03163326297958635,0.031633262979586345,0.03163326297958635,0.0,-0.010335813454439022,-0.0005,0.03163326297958635,0.03163326297958635,-0.03163326297958635
2023-04-18,0.0,0.0,0.0,-0.0005,0.0017724139323255228,0.0017724139323255228,0.0,-0.0005754107997448459,0.0,0.0017724139323255228,-0.002772413932325523,-0.0017724139323255228
2023-04-19,0.0,0.0,0.0,0.0,0.015982026992703124,0.015982026992703124,0.0,-0.005176158339842207,0.015482026992703124,0.015982026992703124,-0.015982026992703124,-0.015982026992703124
2023-04-20,0.0,0.0,0.0,0.0,0.021795642189538444,0.021795642189538444,0.0,-0.007079072344335338,-0.022795642189538445,0.021795642189538444,-0.021795642189538444,-0.021795642189538444
2023-04-21,0.0,0.0,0.0,0.0,0.012466686100369495,0.012466686100369495,0.0,-0.004061930138113608,-0.012466686100369495,0.012466686100369495,-0.012466686100369495,-0.012466686100369495
2023-04-24,0.0,0.0,0.0,0.0,-0.016653296793381008,0.01565329679338101,0.0,0.0054221057856012386,-0.0005,0.01565329679338101,0.01665329679338101,0.01665329679338101
2023-04-25,0.0,0.0,0.0,-0.041979596612193915,0.041479596612193914,-0.041479596612193914,-0.041979596612193915,-0.013468141563374735,0.040979596612193914,-0.041479596612193914,-0.041479596612193914,-0.041479596612193914
2023-04-26,0.0,0.0,0.0,-0.0005,0.025082741009664566,-0.025082741009664566,-0.0005,-0.008081113361016674,0.025082741009664566,-0.025082741009664566,-0.025082741009664566,-0.025082741009664566
2023-04-27,0.0,0.0,0.0,0.0,-0.008198845133317477,0.008198845133317478,0.0,0.002628382552287675,-0.008198845133317478,0.008198845133317478,0.008198845133317478,0.008198845133317478
2023-04-28,0.0,0.0,0.0,0.0,-0.0333710824753064,0.0333710824753064,0.0,0.010789424710688106,-0.0333710824753064,0.0333710824753064,0.0333710824753064,0.0333710824753064
2023-05-01,0.0,0.0,0.0,0.0008569265986350665,-0.0013569265986350663,0.0013569265986350665,0.0,0.0004320638474397519,-0.0013569265986350665,0.0013569265986350665,0.0013569265986350665,0.0013569265986350665
2023-05-02,0.0,0.0,0.0,-0.06883475277696183,0.06883475277696183,-0.06883475277696183,0.0,-0.02221517822358164,0.06883475277696183,-0.06883475277696183,-0.06883475277696183,-0.06883475277696183
2023-05-03,0.0,0.0,0.0,-0.0005,0.005529638463773301,-0.005529638463773301,0.0,-0.001722531827991965,-0.006529638463773301,-0.005529638463773301,-0.005529638463773301,-0.005529638463773301
2023-05-04,0.0,0.0,0.0,0.0,0.05589719195373011,-0.05589719195373011,0.0,-0.017397008690967528,-0.05589719195373011,-0.05589719195373011,-0.05589719195373011,-0.05589719195373011
2023-05-05,0.0,0.0,0.0,0.0,-0.02975835878013089,0.02975835878013089,0.0,0.009075441123771425,-0.0005,0.02975835878013089,0.02975835878013089,0.02975835878013089
2023-05-08,0.0,0.0,0.0,0.0,0.004214326962343251,-0.004214326962343251,0.0,-0.0012754829946874566,0.0,-0.004214326962343251,-0.004214326962343251,-0.004214326962343251
2023-05-09,0.0,0.0,0.0,0.0,-0.002418434443347106,0.002418434443347106,0.0,0.0007311907184013283,0.001918434443347106,0.002418434443347106,0.002418434443347106,0.002418434443347106
2023-05-10,0.0,0.0,0.0,0.0,0.010856504059262306,-0.010856504059262306,0.0,-0.003335635186788428,-0.010856504059262306,-0.010856504059262306,-0.010856504059262306,-0.010856504059262306
2023-05-11,0.0,0.0,0.0,0.0,-0.00853658176477956,0.00853658176477956,0.0,0.002642129442908184,0.00853658176477956,-0.009536581764779561,0.00853658176477956,0.00853658176477956
2023-05-12,0.0,0.0,0.0,0.0,0.0030229454579596693,-0.0030229454579596693,0.0025229454579596693,-0.0009395034825243724,0.0020229454579596693,0.0030229454579596693,-0.0030229454579596693,-0.0030229454579596693
2023-05-15,0.0,0.0,0.0,0.0007128184415231002,0.0012128184415231003,-0.0012128184415231003,0.0012128184415231003,-0.0003994328904690858,-0.0005,0.0012128184415231003,0.00021281844152310023,-0.0012128184415231003
2023-05-16,0.0,0.0,0.0,0.03976934218011263,0.03976934218011263,-0.03976934218011263,0.03976934218011263,-0.012880504677613461,-0.04026934218011263,0.03976934218011263,-0.04076934218011263,-0.03976934218011263
2023-05-17,0.0,0.0,0.0,-0.02940257037473959,-0.02940257037473959,0.02940257037473959,-0.02940257037473959,0.009522911984072947,-0.03040257037473959,-0.02940257037473959,0.02940257037473959,0.02940257037473959
2023-05-18,0.0,0.0,0.0,0.0036068016675735457,-0.004606801667573546,0.004606801667573546,-0.004606801667573546,0.0014920520978013948,-0.0005,-0.004606801667573546,-0.005606801667573546,0.004606801667573546
2023-05-19,0.0,0.0,0.0,0.021400239775647867,-0.021400239775647863,0.021400239775647867,-0.021400239775647867,0.0069311151108283515,0.020900239775647866,-0.021400239775647867,-0.021400239775647867,0.021400239775647867
2023-05-22,0.0,0.0,0.0,0.0017958133892459482,-0.0017958133892459482,0.0017958133892459482,-0.0017958133892459482,0.0005816284980411464,-0.0027958133892459483,-0.0017958133892459482,-0.0017958133892459482,0.0017958133892459482
2023-05-23,0.0,0.0,0.0,0.013146012509961835,-0.013146012509961835,0.013146012509961835,-0.013146012509961835,0.004257733881029685,0.012146012509961834,-0.013146012509961835,-0.013146012509961835,0.013146012509961835
2023-05-24,0.0,0.0,0.0,0.013860358401317718,-0.013860358401317718,0.013860358401317718,-0.0005,0.004489096410321019,-0.01486035840131772,-0.013860358401317718,-0.013860358401317718,0.013860358401317718
2023-05-25,0.0,0.0,0.0,-0.03141382069881338,0.03141382069881338,-0.03141382069881338,0.0,-0.010174316251454535,0.03141382069881338,0.03141382069881338,0.03141382069881338,-0.03141382069881338
2023-05-26,0.0,0.0,0.0,-0.004303523991607937,-0.0033035239916079373,0.0033035239916079373,0.0,0.001069946192064317,-0.0033035239916079373,-0.0033035239916079373,0.0023035239916079373,0.0033035239916079373
2023-05-30,0.0,0.0,0.0,0.03501952067707503,0.03501952067707503,-0.03501952067707503,0.0,-0.011342131279063788,0.03501952067707503,0.03501952067707503,0.03401952067707503,-0.03501952067707503
2023-05-31,0.0,0.0,0.0,0.01426801256224397,0.01426801256224397,-0.01426801256224397,0.0,-0.004621127543822768,-0.0005,0.01426801256224397,-0.015268012562243971,-0.01426801256224397
2023-06-01,0.0,0.0,0.0,-0.008181329818099714,-0.008181329818099714,0.008181329818099714,-0.008681329818099714,0.0026497711859018083,0.0,-0.008181329818099714,0.008181329818099714,0.008181329818099714
2023-06-02,0.0,0.0,0.0,-0.05118582928446247,-0.05118582928446247,0.05118582928446247,-0.05118582928446247,0.016578079429630025,-0.05168582928446247,-0.05118582928446247,-0.05218582928446247,0.05118582928446247
2023-06-05,0.0,0.0,0.0,-0.019111587686620246,0.018111587686620245,-0.018111587686620245,0.018111587686620245,-0.005865985634360768,-0.019111587686620246,0.018111587686620245,0.018111587686620245,-0.018111587686620245
2023-06-06,0.0,0.0,0.0,0.008164701135061847,-0.008164701135061847,0.008164701135061847,-0.008164701135061847,0.002644385483802896,-0.009164701135061848,-0.008164701135061847,0.007164701135061847,0.008164701135061847
2023-06-07,0.0,0.0,0.0,0.031793614163335926,-0.031793614163335926,0.031793614163335926,-0.031793614163335926,0.010297323855506784,-0.031793614163335926,-0.031793614163335926,0.031793614163335926,0.031793614163335926
2023-06-08,0.0,0.0,0.0,-0.011628043752197725,0.011628043752197725,-0.011628043752197725,-0.0005,-0.003766093773021332,0.011628043752197725,0.011628043752197725,0.010628043752197724,-0.011628043752197725
2023-06-09,0.0,0.0,0.0,-0.017352843837889154,0.017352843837889154,-0.017352843837889154,0.0,-0.0056202434833231675,0.017352843837889154,0.017352843837889154,-0.018352843837889155,-0.017352843837889154
2023-06-12,0.0,0.0,0.0,0.009475964632860934,0.010475964632860935,-0.010475964632860935,0.0,-0.0033929580943271287,0.010475964632860935,0.010475964632860935,-0.010475964632860935,-0.010475964632860935
2023-06-13,0.0,0.0,0.0,-0.01966106461816297,-0.01966106461816297,0.01966106461816297,0.0,0.0063678306177201004,-0.01966106461816297,-0.01966106461816297,0.01966106461816297,0.01966106461816297
2023-06-14,-0.0022798320435148396,0.0,0.0,-0.0027798320435148396,0.0017798320435148396,-0.0017798320435148396,-0.0022798320435148396,-0.0005764524557140737,0.0017798320435148396,0.0017798320435148396,-0.0017798320435148396,-0.0017798320435148396
2023-06-15,0.030312052825471447,0.0,0.0,0.030312052825471447,0.029312052825471446,0.030312052825471447,0.030312052825471447,0.009817475391931303,-0.0005,-0.030312052825471447,0.030312052825471447,0.030312052825471447
2023-06-16,-0.008364444332424226,0.0,0.0,-0.008364444332424226,-0.008364444332424224,-0.008364444332424226,-0.008364444332424226,-0.0027090783614546203,0.007864444332424225,0.008364444332424226,-0.008364444332424226,-0.008364444332424226
2023-06-20,-0.025596291144923122,0.0,0.0,-0.025596291144923122,-0.025596291144923122,-0.025596291144923122,-0.025596291144923122,-0.008290133297367117,0.025596291144923122,0.025596291144923122,-0.025596291144923122,-0.025596291144923122
2023-06-21,-0.02219394630862659,0.0,0.0,-0.02219394630862659,0.021193946308626588,0.021193946308626588,0.021193946308626588,0.006864300730170644,0.020193946308626587,-0.021193946308626588,0.021193946308626588,0.021193946308626588
2023-06-22,-0.03023112649117199,0.0,0.0,-0.03023112649117199,0.028231126491171987,-0.029231126491171988,-0.029231126491171988,-0.010928360386704543,0.028231126491171987,0.029231126491171988,-0.029231126491171988,-0.029231126491171988
2023-06-23,0.01797018039322218,0.0,0.0,0.01797018039322218,0.01897018039322218,-0.01897018039322218,-0.0005,-0.007076253953238541,-0.0005,0.01897018039322218,-0.01897018039322218,-0.01897018039322218
2023-06-26,-0.01381205341219971,0.0,0.0,-0.01381205341219971,-0.01381205341219971,0.01381205341219971,0.0,0.005152170170998509,0.01331205341219971,-0.01381205341219971,0.01381205341219971,0.01381205341219971
2023-06-27,0.008174392957847054,0.0,0.0,0.008174392957847054,0.008174392957847054,-0.008174392957847054,0.0,-0.003049210881724536,0.007174392957847054,0.008174392957847054,-0.008174392957847054,-0.008174392957847054
2023-06-28,-0.013431120764586746,0.0,0.0,-0.013431120764586746,-0.013431120764586746,0.013431120764586746,0.0,0.005010074729747357,-0.013431120764586746,-0.013431120764586746,0.013431120764586746,0.013431120764586746
2023-06-29,-0.021686587961700532,0.0,0.0,-0.021686587961700532,-0.021686587961700532,0.021686587961700532,0.0,0.008089527912505678,-0.021686587961700532,-0.021686587961700532,0.021686587961700532,0.021686587961700532
2023-06-30,0.006370434580000751,0.0,0.0,0.006370434580000751,-0.007370434580000751,0.007370434580000751,0.0,0.0027493184436164215,-0.007370434580000751,-0.007370434580000751,0.007370434580000751,0.007370434580000751
2023-07-03,-0.00321916054028637,0.0,0.0,-0.00321916054028637,0.00321916054028637,-0.00321916054028637,0.0,-0.0012008108002731393,-0.0005,0.00321916054028637,-0.00321916054028637,-0.00321916054028637
2023-07-05,0.008514309622553062,0.0,0.0,0.008514309622553062,-0.008514309622553062,0.008514309622553062,0.0,0.0031760065469495723,-0.009014309622553063,-0.008514309622553062,0.00851430962255306,0.008514309622553062
2023-07-06,-0.020378573073806527,0.0,0.0,-0.020378573073806527,0.020378573073806527,-0.020378573073806527,0.0,-0.008479595628233092,0.020378573073806527,0.020378573073806527,-0.020378573073806527,-0.020378573073806527
2023-07-07,-0.03844445857294565,0.03694445857294565,0.0,-0.03844445857294565,-0.03744445857294565,0.03744445857294565,0.0,0.015542136396810622,0.03644445857294565,0.03644445857294565,0.03744445857294564,0.03744445857294565
2023-07-10,0.003869450981593859,0.004869450981593859,0.0,0.003869450981593859,-0.004869450981593859,-0.005869450981593859,0.0,0.0020211714688324165,-0.0005,0.004869450981593859,0.004869450981593859,0.004869450981593859
2023-07-11,0.06271381340592486,0.06271381340592486,0.0,0.06271381340592486,-0.06271381340592486,-0.06271381340592486,0.062213813405924856,0.02603073135695596,-0.06321381340592486,0.06271381340592486,0.06271381340592486,0.06271381340592486
2023-07-12,0.006169451733999187,0.006169451733999187,0.005669451733999187,0.006169451733999187,-0.006169451733999187,-0.006169451733999187,0.006169451733999187,0.002560765037009642,0.005169451733999187,0.006169451733999187,-0.007169451733999187,0.006169451733999187
2023-07-13,0.029059050065510794,0.029059050065510794,0.029059050065510794,0.029059050065510794,-0.029059050065510794,-0.029059050065510794,0.029059050065510794,0.012061590336526748,0.029059050065510794,0.029059050065510794,-0.029059050065510794,0.029059050065510794
2023-07-14,-0.05077729498601491,-0.05077729498601491,-0.05077729498601491,-0.05077729498601491,0.05077729498601491,0.05077729498601491,-0.05077729498601491,-0.021076219943100882,0.04977729498601491,-0.05077729498601491,0.05077729498601491,-0.05077729498601491
2023-07-17,-0.008460553757776323,-0.008460553757776323,-0.008460553757776323,-0.0005,-0.009460553757776321,0.008460553757776323,-0.008460553757776323,-0.0035117367297417953,-0.009460553757776324,-0.008460553757776323,0.008460553757776322,-0.008460553757776323
2023-07-18,0.04266455696052551,0.04266455696052551,0.04266455696052551,0.0,0.04266455696052551,-0.04266455696052551,0.04266455696052551,0.01770885169292006,-0.043664556960525513,0.04266455696052551,-0.042664556960525506,0.04266455696052551
2023-07-19,0.003959749535188184,0.003959749535188184,0.003959749535188184,0.003459749535188184,0.003959749535188184,-0.003959749535188184,0.003959749535188184,0.001453037929507262,0.002959749535188184,0.003959749535188184,0.002959749535188184,0.003959749535188184
2023-07-20,0.005029065121356258,0.005029065121356258,0.005029065121356258,0.005029065121356258,0.005029065121356258,-0.005029065121356258,0.005029065121356258,0.0018725566758404037,-0.006029065121356258,0.005029065121356258,0.005029065121356258,0.005029065121356258
2023-07-21,0.017645759005950445,0.017645759005950445,0.017645759005950445,0.017645759005950445,0.017645759005950442,-0.017645759005950445,0.017645759005950445,0.006570343200875545,0.016645759005950445,0.017645759005950445,0.017645759005950445,0.017645759005950445
2023-07-24,0.016562760908001906,0.016562760908001906,0.016562760908001906,0.016562760908001906,0.016562760908001906,-0.016562760908001906,0.016562760908001906,0.006167092244823282,0.016562760908001906,0.016562760908001906,0.016562760908001906,0.016562760908001906
2023-07-25,0.007383231383599753,0.007383231383599753,0.007383231383599753,0.007383231383599753,0.007383231383599753,-0.007383231383599753,0.007383231383599753,0.002749123123883029,0.007383231383599753,0.007383231383599753,-0.008383231383599754,0.007383231383599753
2023-07-26,0.010614351079898832,0.010614351079898832,0.010614351079898832,0.010614351079898832,0.010614351079898832,-0.010614351079898832,0.010614351079898832,0.003952220441523757,0.010614351079898832,0.010614351079898832,-0.010614351079898832,0.010614351079898832
2023-07-27,-0.012753431448661812,-0.012753431448661812,-0.012753431448661812,-0.012753431448661812,-0.012753431448661812,0.012753431448661812,-0.012753431448661812,-0.004748700329540407,-0.0005,-0.012753431448661812,0.012753431448661812,-0.012753431448661812
2023-07-28,0.016970529498934184,0.016970529498934184,0.016970529498934184,0.016970529498934184,0.016970529498934184,-0.016970529498934184,0.016970529498934184,0.006318923604871837,0.016470529498934183,0.016970529498934184,-0.016970529498934184,0.016970529498934184
2023-07-31,0.008468230847293867,0.008468230847293867,0.008468230847293867,0.008468230847293867,0.008468230847293867,-0.008468230847293867,0.008468230847293867,0.0031531192822138935,-0.009468230847293868,0.008468230847293867,-0.008468230847293867,0.008468230847293867
2023-08-01,-0.0061743513635884595,-0.0061743513635884595,-0.0061743513635884595,-0.0061743513635884595,-0.006174351363588459,0.0061743513635884595,-0.0061743513635884595,-0.0022990004276886027,-0.0071743513635884595,-0.0061743513635884595,0.0061743513635884595,-0.0061743513635884595
2023-08-02,-0.030566630768311898,-0.030566630768311898,-0.030566630768311898,-0.030566630768311898,-0.030566630768311894,0.030566630768311898,-0.030566630768311898,-0.01138138940776234,-0.030566630768311898,-0.030566630768311898,0.030566630768311898,-0.030566630768311898
2023-08-03,0.06793131492556737,0.06793131492556737,0.06793131492556737,-0.0005,0.06793131492556737,-0.06793131492556737,0.06793131492556737,0.028047148021877983,-0.06893131492556737,0.06793131492556737,-0.06793131492556735,0.06793131492556737
2023-08-04,0.005040771565396396,0.005040771565396396,0.005040771565396396,0.004540771565396395,0.005040771565396395,-0.005040771565396396,0.005040771565396396,0.0020827238594906265,-0.005040771565396396,0.005040771565396396,-0.005040771565396396,0.005040771565396396
2023-08-07,0.007164999773262792,0.0071649997732627915,0.007164999773262792,0.007164999773262792,0.007164999773262792,-0.007164999773262792,0.007164999773262792,0.002960403142141962,-0.007164999773262792,0.007164999773262792,-0.007164999773262792,0.007164999773262792
2023-08-08,0.027507851208283363,0.02750785120828336,0.027507851208283363,0.027507851208283363,0.027507851208283363,-0.027507851208283363,0.027507851208283363,0.011365573165048702,-0.027507851208283363,0.027507851208283363,-0.027507851208283363,0.027507851208283363
2023-08-09,0.02054008090021764,0.02054008090021764,0.02054008090021764,0.02054008090021764,0.02054008090021764,-0.02054008090021764,0.02054008090021764,0.008486660427229042,-0.02054008090021764,0.02054008090021764,-0.02054008090021764,0.02054008090021764
2023-08-10,-0.001582982966952362,-0.0015829829669523619,-0.001582982966952362,-0.001582982966952362,-0.001582982966952362,0.001582982966952362,-0.001582982966952362,-0.0006540499508193214,0.001582982966952362,-0.001582982966952362,0.001582982966952362,-0.001582982966952362
2023-08-11,0.016534396979534183,0.016534396979534183,0.016534396979534183,0.016534396979534183,0.016534396979534183,-0.016534396979534183,0.016534396979534183,0.006831609535326675,0.015534396979534182,0.016534396979534183,-0.016534396979534183,0.016534396979534183
2023-08-14,-0.004902076619780593,-0.004902076619780593,-0.004902076619780593,-0.004902076619780593,-0.004902076619780593,0.004902076619780593,-0.004902076619780593,-0.0020254184909221005,-0.0005,-0.004902076619780593,0.004902076619780593,-0.004902076619780593
2023-08-15,-0.017913067974479446,-0.017913067974479443,-0.017913067974479446,-0.017913067974479446,-0.017913067974479446,-0.0005,-0.017913067974479446,-0.007401242762761846,-0.018413067974479447,-0.017913067974479446,-0.018913067974479447,-0.017913067974479446
2023-08-16,-0.0050159812129342285,-0.0050159812129342285,-0.0050159812129342285,-0.0050159812129342285,-0.0050159812129342285,0.0,-0.0050159812129342285,-0.0020724810905239518,-0.0050159812129342285,-0.0050159812129342285,-0.0050159812129342285,-0.0050159812129342285
2023-08-17,0.009395322201765977,0.009395322201765977,0.009395322201765977,-0.0005,0.009395322201765977,0.0,0.009395322201765977,0.003881917968976884,0.009395322201765977,0.009395322201765977,0.009395322201765977,0.009395322201765977
2023-08-18,0.003859195711111596,0.003859195711111596,0.003859195711111596,0.0,0.003859195711111596,0.0,0.003859195711111596,0.0015945255367555925,-0.0005,0.003859195711111596,0.003859195711111596,0.003859195711111596
2023-08-21,-0.007236521193539569,-0.007236521193539569,-0.007236521193539569,0.0,-0.007236521193539568,0.0,-0.007236521193539569,-0.0029899540484948045,0.006736521193539569,-0.007236521193539569,-0.007236521193539569,-0.007236521193539569
2023-08-22,-0.029385119913997726,-0.029385119913997722,-0.029385119913997726,0.0,-0.029385119913997726,0.0,-0.029385119913997726,-0.012141214805091744,-0.030385119913997727,-0.029385119913997726,-0.029385119913997726,-0.029385119913997726
2023-08-23,-0.001642594779886597,-0.001642594779886597,-0.001642594779886597,0.0,-0.001642594779886597,0.0,-0.001642594779886597,-0.0006786800979098809,-0.0005,-0.001642594779886597,-0.001642594779886597,-0.001642594779886597
2023-08-24,-0.007287278947411768,-0.007287278947411768,-0.007287278947411768,0.0,-0.007287278947411768,-0.007787278947411769,-0.007287278947411768,-0.0030109259143435733,-0.007787278947411769,-0.007287278947411768,-0.007287278947411768,-0.007287278947411768
2023-08-25,0.011839796728266405,0.011839796728266405,0.011839796728266405,0.0,0.011839796728266405,0.011839796728266405,0.011839796728266405,0.004891915219240919,-0.012839796728266406,0.011839796728266405,0.011839796728266405,0.011839796728266405
2023-08-28,0.003978313029946001,0.003978313029946001,0.003978313029946001,0.0,0.003978313029946001,0.003978313029946001,-0.0005,0.0016437419074632103,-0.003978313029946001,0.003978313029946001,0.003978313029946001,0.003978313029946001
2023-08-29,0.015617936613773198,0.015617936613773198,0.015617936613773198,0.0,0.015617936613773198,0.015617936613773198,0.0,0.00645295046591935,-0.0005,0.015617936613773198,0.015617936613773198,0.015617936613773198
2023-08-30,0.0034428658290315273,0.003442865829031527,0.0034428658290315273,0.0029428658290315273,0.0034428658290315273,0.0034428658290315273,0.0,0.0014225081843368679,-0.003942865829031528,0.0034428658290315273,0.0034428658290315273,0.0034428658290315273
2023-08-31,0.002744412165361476,0.0027444121653614757,0.002744412165361476,0.002744412165361476,0.002744412165361476,0.002744412165361476,0.0,0.001133924166751087,-0.002744412165361476,0.002744412165361476,0.002744412165361476,0.002744412165361476
2023-09-01,0.028284951795017,0.028284951795017,0.028284951795017,0.028284951795017,0.028284951795017,0.028284951795017,0.0,0.011686652172938052,-0.028284951795017,0.028284951795017,0.028284951795017,0.028284951795017
2023-09-05,0.005323613974999031,0.005323613974999031,0.005323613974999031,0.005323613974999031,0.005323613974999031,-0.0005,0.00482361397499903,0.002199587444224188,-0.0005,0.005323613974999031,0.005323613974999031,0.005323613974999031
2023-09-06,-0.014783685454127338,-0.014783685454127338,-0.014783685454127338,-0.014783685454127338,-0.014783685454127338,0.0,-0.014783685454127338,-0.006108258235283518,0.014283685454127337,-0.014783685454127338,-0.014783685454127338,-0.014783685454127338
2023-09-07,-0.006271048914507138,-0.006271048914507138,-0.006271048914507138,-0.0005,-0.006271048914507138,0.0,-0.006271048914507138,-0.002591044451991494,-0.0005,-0.006271048914507138,-0.006271048914507138,-0.006271048914507138
2023-09-08,-0.002479066671202901,-0.0024790666712029004,-0.002479066671202901,0.0,-0.002479066671202901,0.0,-0.002479066671202901,-0.0011523899764505929,0.0,-0.002479066671202901,-0.002479066671202901,-0.002479066671202901
2023-09-11,-0.030953558551016225,-0.030953558551016225,-0.030953558551016225,0.0,-0.030953558551016225,0.0,-0.030953558551016225,-0.014120260789414167,-0.031453558551016225,-0.030953558551016225,-0.030953558551016225,-0.030953558551016225
2023-09-12,0.030543225649625416,0.030543225649625416,0.030543225649625416,0.0,0.030543225649625416,0.0,0.030543225649625416,0.013933076896855716,-0.0005,0.030543225649625416,0.030543225649625416,0.030543225649625416
2023-09-13,-0.04751137416341544,-0.04751137416341544,-0.04751137416341544,-0.04801137416341544,-0.04751137416341544,0.0,-0.04751137416341544,-0.021673533676108955,0.04701137416341544,-0.04751137416341544,-0.04751137416341544,-0.04751137416341544
2023-09-14,0.020902804928180307,0.020902804928180307,0.020902804928180307,-0.0005,0.020902804928180307,0.020402804928180307,-0.0005,0.009535351366134526,0.019902804928180307,0.020902804928180307,0.020902804928180307,0.020902804928180307
2023-09-15,-0.01209883633234754,-0.012098836332347538,-0.01209883633234754,-0.01259883633234754,-0.01209883633234754,-0.01209883633234754,0.0,-0.00551919495716843,-0.0005,-0.01209883633234754,-0.01209883633234754,-0.01209883633234754
2023-09-18,0.005887984079016695,0.005887984079016695,0.005887984079016695,-0.0005,0.005887984079016695,0.005887984079016695,0.0,0.002685955173218841,0.0,0.005887984079016695,0.005887984079016695,0.005887984079016695
2023-09-19,-0.012643408053088723,-0.012643408053088723,-0.012643408053088723,0.0,-0.012643408053088723,-0.012643408053088723,0.0,-0.005767615335159285,-0.013143408053088723,-0.012643408053088723,-0.012643408053088723,-0.012643408053088723
2023-09-20,-0.02110509438942698,-0.02110509438942698,-0.02110509438942698,0.0,-0.02110509438942698,-0.02110509438942698,0.0,-0.009627630899779919,-0.02110509438942698,-0.02110509438942698,0.02010509438942698,-0.02110509438942698
2023-09-21,-0.027616209053693552,-0.027616209053693552,-0.027616209053693552,0.0,-0.027616209053693552,-0.027616209053693552,0.0,-0.012597843094855772,-0.027616209053693552,-0.027616209053693552,0.027616209053693552,-0.027616209053693552
2023-09-22,0.001993071551460446,0.0019930715514604454,0.001993071551460446,0.0,0.001993071551460446,0.001993071551460446,0.0,0.0009091907811568842,0.001993071551460446,0.001993071551460446,-0.001993071551460446,0.001993071551460446
2023-09-25,0.019890752214859253,0.019890752214859253,0.019890752214859253,0.0,0.019890752214859253,0.019890752214859253,0.0,0.009073677525914358,0.019890752214859253,0.019890752214859253,-0.019890752214859253,0.019890752214859253
2023-09-26,0.0007312113400932407,0.0007312113400932407,0.0007312113400932407,0.0,0.0007312113400932407,0.0007312113400932407,0.0,0.00033356083428264183,-0.0017312113400932408,0.0007312113400932407,-0.0002687886599067593,0.0007312113400932407
2023-09-27,0.032399600138176554,0.032399600138176554,0.032399600138176554,0.0,0.032399600138176554,0.032399600138176554,0.0,0.014779909801639674,0.03139960013817655,0.032399600138176554,0.032399600138176554,0.032399600138176554
2023-09-28,-0.00353933723700417,-0.00353933723700417,-0.00353933723700417,-0.00403933723700417,-0.00353933723700417,-0.00353933723700417,0.0,-0.001614559590161975,-0.0005,-0.00353933723700417,-0.00353933723700417,-0.00353933723700417
2023-09-29,-0.02675850160411064,-0.02675850160411064,-0.02675850160411064,-0.02675850160411064,-0.02675850160411064,-0.02675850160411064,0.0,-0.012206577811118747,0.02625850160411064,-0.02675850160411064,0.02575850160411064,-0.02675850160411064
2023-10-02,-0.03819943113141011,-0.03819943113141011,-0.03819943113141011,-0.0005,-0.038199431131410104,-0.03819943113141011,0.0,-0.01742565168052604,-0.03919943113141011,-0.03819943113141011,0.03819943113141011,-0.03819943113141011
2023-10-03,0.003288665182728634,0.003288665182728634,0.003288665182728634,0.0,0.003288665182728634,0.003288665182728634,-0.003788665182728634,0.0015002090939773437,0.003288665182728634,-0.004288665182728634,-0.003288665182728634,0.003288665182728634
2023-10-04,-0.041603588939379876,-0.041603588939379876,-0.041603588939379876,0.0,-0.041603588939379876,-0.041603588939379876,0.041603588939379876,-0.018978545701988248,0.040603588939379875,0.041603588939379876,0.041603588939379876,-0.041603588939379876
2023-10-05,-0.0005,-0.007366656132371641,-0.0005,0.0,-0.007366656132371641,-0.007366656132371641,0.007366656132371641,-0.0030285427871196203,-0.008366656132371642,0.007366656132371641,-0.008366656132371642,-0.007366656132371641
2023-10-06,0.0,-0.0005,0.0,0.0,0.0027105499055815056,-0.003710549905581506,0.003710549905581506,-0.0015132879278028598,0.002710549905581506,0.003710549905581506,-0.003710549905581506,-0.003710549905581506
2023-10-09,0.0,0.0,0.0,0.0,-0.04203242856572409,0.04203242856572409,-0.04203242856572409,0.01714224800724733,-0.0005,-0.04203242856572409,0.04203242856572409,0.04203242856572409
2023-10-10,-0.007648170019346756,0.0,-0.007648170019346756,-0.007648170019346756,0.007148170019346756,-0.007148170019346756,0.007148170019346756,-0.0029152658423723683,0.006648170019346755,0.007148170019346756,0.006148170019346756,-0.007148170019346756
2023-10-11,0.0010284563412421566,0.0,0.0010284563412421566,0.0010284563412421566,-0.0010284563412421566,0.0010284563412421566,-0.0010284563412421566,0.00041943932976967936,-0.0005,-0.0010284563412421566,-0.0010284563412421566,0.0010284563412421566
2023-10-12,0.007449499179716934,0.0,0.007449499179716934,0.007449499179716934,-0.007449499179716934,0.007449499179716934,-0.007449499179716934,0.00303815807998848,-0.007949499179716935,-0.007449499179716934,-0.007449499179716934,0.007449499179716934
2023-10-13,0.051759156907868364,0.0,0.051759156907868364,0.051759156907868364,0.050759156907868364,0.051759156907868364,-0.051759156907868364,0.023580734847211182,-0.0005,-0.051759156907868364,-0.05175915690786836,0.051759156907868364
2023-10-16,0.022787897888106867,0.022287897888106867,0.022787897888106867,0.022787897888106867,0.022787897888106867,0.022787897888106867,-0.022787897888106867,0.009946955881104698,-0.023287897888106868,-0.022787897888106867,-0.022787897888106867,0.022787897888106867
2023-10-17,0.005688584486826853,0.005688584486826853,0.005688584486826853,0.005688584486826853,0.005688584486826853,0.005688584486826853,-0.0005,0.002534452391376102,-0.005688584486826853,-0.005688584486826853,-0.005688584486826853,0.005688584486826853
2023-10-18,0.01319811627105838,0.013198116271058378,0.01319811627105838,0.01319811627105838,0.01319811627105838,0.01319811627105838,0.0,0.0058900944242207135,-0.01319811627105838,-0.01319811627105838,-0.01319811627105838,0.01319811627105838
2023-10-19,0.007211099919287589,0.007211099919287589,0.007211099919287589,0.007211099919287589,0.007211099919287589,-0.00821109991928759,0.0,0.003211168595168237,-0.007211099919287589,-0.007211099919287589,-0.007211099919287589,0.007211099919287589
2023-10-20,-0.020673713123552706,-0.020673713123552706,-0.020673713123552706,-0.020673713123552706,-0.020673713123552706,0.020673713123552706,0.0,-0.009244094204480129,0.020673713123552706,0.020673713123552706,0.020673713123552706,-0.020673713123552706
2023-10-23,-0.02300755052169512,-0.023007550521695116,-0.02300755052169512,-0.0005,-0.02300755052169512,0.02300755052169512,0.0,-0.010235825979658908,-0.0005,0.02300755052169512,0.02300755052169512,-0.02300755052169512
2023-10-24,-0.004612927965449987,-0.004612927965449987,-0.004612927965449987,0.0,-0.004612927965449987,0.004612927965449987,0.0,-0.002034373117209146,0.004112927965449986,0.004612927965449987,0.004612927965449987,-0.004612927965449987
2023-10-25,0.00048790351850502844,-0.0005,0.00048790351850502844,0.0,0.00048790351850502844,-0.00048790351850502844,0.0,0.0002149399943655929,-0.00048790351850502844,-0.00048790351850502844,-0.00048790351850502844,0.00048790351850502844
2023-10-26,-0.014627169036500298,0.0,-0.014627169036500298,0.0,-0.014627169036500298,0.014627169036500298,0.0,-0.0064731605416860636,-0.0005,0.014627169036500298,0.014627169036500298,-0.014627169036500298
2023-10-27,-0.007174381674244001,0.0,-0.007174381674244001,0.0,-0.007174381674244001,0.007174381674244001,0.0,-0.003176523384538254,0.0,0.007174381674244001,0.007174381674244001,-0.007174381674244001
2023-10-30,-0.011213860927104635,0.0,-0.011213860927104635,0.0,0.010213860927104634,0.011213860927104635,0.0,-0.004965851899276072,-0.011713860927104636,0.011213860927104635,0.011213860927104635,-0.011213860927104635
2023-10-31,0.0010082684441334866,0.0,0.0010082684441334866,0.0,-0.0010082684441334866,-0.0010082684441334866,-0.0015082684441334866,0.0004454392653681395,0.0010082684441334866,-0.0010082684441334866,-0.0010082684441334866,0.0010082684441334866
2023-11-01,-0.0027694636897652725,0.0,-0.0027694636897652725,0.0,-0.0037694636897652725,0.0027694636897652725,0.0027694636897652725,-0.0012494759216968923,-0.0027694636897652725,0.0027694636897652725,0.0027694636897652725,-0.0027694636897652725
2023-11-02,-0.0005,0.0,-0.0005,0.0015195636304229936,-0.0030195636304229936,-0.0020195636304229936,-0.0020195636304229936,0.000974280825550313,0.0020195636304229936,-0.0020195636304229936,-0.0020195636304229936,0.0020195636304229936
2023-11-03,0.006302758253077856,0.0,0.006302758253077856,-0.0005,-0.006802758253077856,-0.006802758253077856,-0.006802758253077856,0.0033565449135264285,0.006802758253077856,-0.006802758253077856,-0.006802758253077856,0.006802758253077856
2023-11-06,-0.016516346056348885,0.0,-0.016516346056348885,-0.017016346056348886,0.016516346056348885,0.016516346056348885,0.016516346056348885,-0.008150657039853047,0.015516346056348884,0.016516346056348885,0.016516346056348885,-0.016516346056348885
2023-11-07,-0.0005,0.0,-0.0005,-0.0005,0.031043363970860716,0.031043363970860716,0.031043363970860716,-0.015516997443824745,0.031043363970860716,0.031043363970860716,0.031043363970860716,-0.031043363970860716
2023-11-08,0.0,0.0,0.0,0.0,0.03597696379247761,0.03597696379247761,0.03597696379247761,-0.017834271419144166,0.03597696379247761,0.03597696379247761,0.03597696379247761,-0.03597696379247761
2023-11-09,0.0,0.0,0.0,0.0,0.00953408859405891,-0.01053408859405891,0.00953408859405891,-0.00461753454092509,-0.0005,0.00953408859405891,-0.01053408859405891,-0.00953408859405891
2023-11-10,0.0,0.0,0.0,0.0,-0.015401496802897041,0.015401496802897041,-0.015401496802897041,0.00750054336443681,0.01490149680289704,-0.015401496802897041,0.015401496802897041,0.015401496802897041
2023-11-13,0.006813033630695908,0.0,0.0,-0.00781303363069591,0.007313033630695909,-0.007313033630695909,0.007313033630695909,-0.0033506505418520564,0.006313033630695909,0.007313033630695909,-0.007313033630695909,-0.007313033630695909
2023-11-14,-0.025102405172983788,0.0,0.0,-0.02610240517298379,-0.025102405172983788,0.025102405172983788,-0.025102405172983788,0.01144799076469742,0.024102405172983787,-0.025102405172983788,-0.02610240517298379,0.025102405172983788
2023-11-15,0.006920455557520855,0.0,0.0,-0.007920455557520856,0.006920455557520855,-0.006920455557520855,0.006920455557520855,-0.0031560844773258273,-0.006920455557520855,0.006920455557520855,-0.007920455557520856,-0.006920455557520855
2023-11-16,0.03913175963180726,0.0,0.0,0.03813175963180726,0.03913175963180726,-0.03913175963180726,0.03913175963180726,-0.017846099598193995,-0.03913175963180726,0.03913175963180726,0.03813175963180726,-0.03913175963180726
2023-11-17,-0.02845194507072879,0.0,0.0,-0.02845194507072879,-0.02845194507072879,0.02845194507072879,-0.02845194507072879,0.0129755536237592,0.02845194507072879,-0.02845194507072879,-0.02845194507072879,0.02845194507072879
2023-11-20,-0.00352598053901354,0.0,0.0,0.00252598053901354,-0.00352598053901354,0.00352598053901354,-0.00352598053901354,0.0016080288868324333,-0.0005,-0.00352598053901354,0.00252598053901354,0.00352598053901354
2023-11-21,0.010270277785980997,0.0,0.0,-0.010270277785980997,0.010270277785980997,-0.010270277785980997,0.010270277785980997,-0.004683776093747598,0.009770277785980996,0.010270277785980997,-0.010270277785980997,-0.010270277785980997
2023-11-22,0.0016384318145562515,0.0,0.0,0.0006384318145562515,0.0016384318145562513,-0.0016384318145562515,-0.0005,-0.0007472093670853966,-0.0026384318145562516,0.0016384318145562515,0.0006384318145562515,-0.0016384318145562515
2023-11-24,-0.008752643620736356,0.0,0.0,-0.008752643620736356,-0.008752643620736356,0.008752643620736356,-0.009252643620736356,0.00399165668175562,0.008752643620736356,-0.008752643620736356,-0.008752643620736356,0.008752643620736356
2023-11-27,0.01464216107737526,0.0,0.0,-0.01564216107737526,0.01464216107737526,-0.01464216107737526,0.01464216107737526,-0.0066775802411717464,-0.01464216107737526,0.01464216107737526,-0.01564216107737526,-0.01464216107737526
2023-11-28,-0.0011008211290266523,0.0,0.0,-0.0021008211290266523,-0.0011008211290266523,0.0011008211290266523,-0.0011008211290266523,0.0005020311811492822,-0.0005,-0.0011008211290266523,-0.0021008211290266523,0.0011008211290266523
2023-11-29,0.0019238803903156576,0.0,0.0,-0.0029238803903156576,0.0019238803903156576,-0.0019238803903156576,0.0019238803903156576,-0.0008773886322422933,0.0014238803903156576,0.0019238803903156576,-0.0029238803903156576,-0.0019238803903156576
2023-11-30,0.00853797035035353,0.0,0.0,0.00753797035035353,0.008537970350353528,-0.00853797035035353,0.00853797035035353,-0.0038937546042521094,-0.00953797035035353,0.00853797035035353,0.00753797035035353,-0.00853797035035353
2023-12-01,-0.005555734676290003,0.0,0.0,-0.005555734676290003,-0.005555734676290003,0.005555734676290003,-0.005555734676290003,0.0025337014053827865,0.005555734676290003,-0.005555734676290003,-0.005555734676290003,0.005555734676290003
2023-12-04,0.010497362739917637,0.0,0.0,0.010497362739917637,0.010497362739917637,-0.010497362739917637,0.010497362739917637,-0.004787338538762479,0.009497362739917636,0.010497362739917637,0.010497362739917637,-0.010497362739917637
2023-12-05,0.02875482599245982,0.0,0.0,0.02875482599245982,0.02875482599245982,-0.02875482599245982,0.02875482599245982,-0.013113682937300501,-0.02975482599245982,0.02875482599245982,0.02875482599245982,-0.02875482599245982
2023-12-06,0.021845375355032837,0.0,0.0,0.021845375355032837,0.021845375355032833,-0.021845375355032837,0.021845375355032837,-0.009962617270830951,0.020845375355032836,0.021845375355032837,0.021845375355032837,-0.021845375355032837
2023-12-07,0.005877168729047089,0.0,0.0,0.005877168729047089,0.005877168729047089,-0.005877168729047089,0.005877168729047089,-0.0026802919030687496,0.005877168729047089,0.005877168729047089,0.005877168729047089,-0.005877168729047089
2023-12-08,-0.018918175216134703,0.0,0.0,-0.018918175216134703,-0.018918175216134703,0.018918175216134703,-0.018918175216134703,0.008627663113028088,0.017918175216134702,-0.018918175216134703,-0.018918175216134703,0.018918175216134703
2023-12-11,-0.0066726459567296725,0.0,0.0,0.0056726459567296725,-0.0066726459567296725,0.0066726459567296725,-0.0066726459567296725,0.0030430705250088586,0.0066726459567296725,-0.0066726459567296725,0.0056726459567296725,0.0066726459567296725
2023-12-12,0.014985615742349245,0.0,0.0,-0.014985615742349245,0.014985615742349245,-0.014985615742349245,0.014985615742349245,-0.00683421327317085,-0.014985615742349245,0.014985615742349245,-0.014985615742349245,-0.014985615742349245
2023-12-13,-0.019602023628906506,0.0,0.0,-0.020602023628906507,-0.019602023628906506,0.019602023628906506,-0.019602023628906506,0.008939533241006508,-0.0005,-0.019602023628906506,-0.020602023628906504,0.019602023628906506
2023-12-14,-0.02553787414268438,0.0,0.0,0.02453787414268438,-0.02553787414268438,0.02553787414268438,-0.02553787414268438,0.011646587062904334,0.0,-0.02553787414268438,0.02453787414268438,0.02553787414268438
2023-12-15,0.010912030320712196,0.0,0.0,-0.010912030320712196,0.010912030320712196,-0.010912030320712196,-0.0005,-0.004976448331335845,0.010412030320712196,0.010912030320712196,-0.010912030320712196,-0.010912030320712196
2023-12-18,-0.008203711942415204,0.0,0.0,-0.009203711942415205,-0.008203711942415204,0.008203711942415204,0.0,0.003741315539519829,-0.008203711942415204,-0.008203711942415204,-0.009203711942415201,0.008203711942415204
2023-12-19,-0.010381604024328528,0.0,0.0,0.009381604024328527,-0.010381604024328528,0.010381604024328528,0.0,0.004734546597198903,-0.010381604024328528,-0.010381604024328528,0.009381604024328527,0.010381604024328528
2023-12-20,0.013607660584433301,0.0,0.0,-0.013607660584433301,0.013607660584433301,-0.013607660584433301,0.0,-0.00620579468884466,0.013607660584433301,0.013607660584433301,-0.013607660584433301,-0.013607660584433301
2023-12-21,-0.011824563112873943,0.0,0.0,-0.012824563112873943,-0.01182456311287394,0.011824563112873943,0.0,0.005392610324784756,-0.011824563112873943,-0.011824563112873943,-0.01282456311287394,0.011824563112873943
2023-12-22,-0.0005563589353871912,0.0,0.0,-0.00044364106461280885,-0.0005563589353871913,0.0005563589353871912,0.0,0.00025372835432615164,-0.00044364106461280885,-0.0005563589353871912,-0.00044364106461280885,0.0005563589353871912
2023-12-26,-0.036985750209952206,0.0,0.0,0.036985750209952206,-0.036985750209952206,0.036985750209952206,0.0,0.018621724323868577,0.036985750209952206,-0.036985750209952206,0.036985750209952206,0.036985750209952206
2023-12-27,0.003218215193770191,0.0,0.0,-0.003218215193770191,0.003218215193770191,0.002218215193770191,0.0,-0.0016224109357887407,0.002218215193770191,0.003218215193770191,0.002218215193770191,-0.003218215193770191
2023-12-28,0.028786588327285867,0.0,0.0,-0.028786588327285867,0.028786588327285863,0.028786588327285867,0.0,-0.014512291097452373,0.028786588327285867,0.028786588327285867,0.028786588327285867,-0.028786588327285867
2023-12-29,0.006094001890043943,0.0,0.0,0.005094001890043943,0.006094001890043943,0.006094001890043943,0.0,-0.003072192104575144,-0.0005,0.006094001890043943,0.006094001890043943,-0.006094001890043943
2024-01-02,-0.006410188806461381,0.0,0.0,-0.006410188806461381,-0.006410188806461381,-0.006410188806461381,0.0,0.003231592604560977,0.0,-0.006410188806461381,-0.006410188806461381,0.006410188806461381
2024-01-03,-0.017723436539116566,0.0,0.0,0.016723436539116565,-0.017723436539116566,-0.017723436539116566,-0.018223436539116566,0.008934982755809402,0.0,-0.017723436539116566,-0.017723436539116566,0.017723436539116566
2024-01-04,0.07346932542343898,0.0,0.0,-0.07346932542343898,0.07346932542343898,0.07346932542343898,0.07346932542343898,-0.03703836749100903,-0.07396932542343898,0.07346932542343898,0.07346932542343898,-0.07346932542343898
2024-01-05,-0.008517110826390839,0.0,0.0,-0.00951711082639084,-0.008517110826390839,-0.008517110826390839,-0.008517110826390839,0.00429376313082186,0.008517110826390839,-0.008517110826390839,-0.008517110826390839,0.008517110826390839
2024-01-08,0.017763600639778887,0.0,0.0,0.017763600639778887,0.017763600639778887,0.017763600639778887,0.017763600639778887,-0.008955230835013928,-0.017763600639778887,0.017763600639778887,0.017763600639778887,-0.017763600639778887
2024-01-09,0.022531885686295494,0.0,0.0,0.022531885686295494,0.022531885686295494,0.022531885686295494,0.022531885686295494,-0.011359084318585198,-0.0005,0.022531885686295494,0.022531885686295494,-0.022531885686295494
2024-01-10,0.012132307356428784,0.0,0.0,0.012132307356428784,0.012132307356428784,-0.013132307356428785,0.012132307356428784,-0.006116305761505216,0.011632307356428784,0.012132307356428784,0.012132307356428784,-0.012132307356428784
2024-01-11,0.003377371110981131,0.0,0.0,0.003377371110981131,0.0033773711109811306,-0.003377371110981131,0.003377371110981131,-0.001702646807236483,-0.0005,0.003377371110981131,0.0033773711109811306,-0.003377371110981131
2024-01-12,-0.0024646770984186883,0.0,0.0,-0.0024646770984186883,-0.0024646770984186883,0.0024646770984186883,-0.0024646770984186883,0.001242526940213087,0.0,-0.0024646770984186883,-0.002464677098418688,0.0024646770984186883
2024-01-16,0.039028999651596785,0.0,0.0,0.039028999651596785,0.039028999651596785,-0.039028999651596785,0.039028999651596785,-0.018883131461960023,-0.039528999651596786,0.039028999651596785,-0.040028999651596786,-0.039028999651596785
2024-01-17,0.01471056818079075,0.0,0.0,0.01471056818079075,0.01471056818079075,-0.01471056818079075,0.01471056818079075,-0.007405341719284701,-0.01471056818079075,0.01471056818079075,-0.01471056818079075,-0.01471056818079075
2024-01-18,0.004219434319947202,0.0,0.0,0.004219434319947202,0.004219434319947202,-0.004219434319947202,0.004219434319947202,-0.0021564376819937486,-0.004219434319947202,0.004219434319947202,-0.004219434319947202,-0.004219434319947202
2024-01-19,0.001971657193981513,0.0,0.0,0.001971657193981513,0.001971657193981513,-0.001971657193981513,0.001971657193981513,-0.0010091818570503658,-0.001971657193981513,0.001971657193981513,-0.001971657193981513,-0.001971657193981513
2024-01-22,-0.011195143536319785,0.0,0.0,-0.011195143536319785,-0.011195143536319785,0.011195143536319785,-0.011195143536319785,0.005768507349938845,0.011195143536319785,-0.011195143536319785,0.011195143536319785,0.011195143536319785
2024-01-23,-0.004558862634525429,0.0,0.0,-0.004558862634525429,-0.004558862634525429,0.004558862634525429,-0.004558862634525429,0.0023427474861512083,0.004558862634525429,-0.004558862634525429,0.004558862634525429,0.004558862634525429
2024-01-24,-0.016855810207435873,0.0,0.0,-0.016855810207435873,-0.016855810207435873,0.016855810207435873,-0.016855810207435873,0.008697279073419353,0.016855810207435873,-0.016855810207435873,0.016855810207435873,0.016855810207435873
2024-01-25,-0.021357876148260013,0.0,0.0,0.020357876148260012,-0.021357876148260013,0.021357876148260013,-0.021357876148260013,0.010994443433691138,0.021357876148260013,-0.021357876148260013,0.021357876148260013,0.021357876148260013
2024-01-26,-0.0021848435559881363,0.0,0.0,0.0021848435559881363,-0.0021848435559881363,0.0021848435559881363,-0.0005,0.001104288798303422,0.0021848435559881363,-0.0021848435559881363,0.0021848435559881363,0.0021848435559881363
2024-01-29,0.007474326926435904,0.0,0.0,-0.007474326926435904,0.007474326926435904,-0.007474326926435904,0.0,-0.0037894293542699463,-0.007474326926435904,0.007474326926435904,-0.007474326926435904,-0.007474326926435904
2024-01-30,-0.01725745950819224,0.0,0.0,0.01725745950819224,-0.01725745950819224,0.01725745950819224,0.0,0.008770506912750168,-0.0005,-0.01725745950819224,0.01725745950819224,0.01725745950819224
2024-01-31,0.03362117278060739,0.0,0.0,-0.03362117278060739,0.03362117278060739,-0.03362117278060739,0.0,-0.016930762769038207,-0.03412117278060739,0.03362117278060739,-0.03362117278060739,-0.03362117278060739
2024-02-01,0.016916569126684267,0.0,0.0,0.015916569126684266,0.016916569126684267,-0.016916569126684267,0.0,-0.008359646921697356,0.015916569126684266,0.016916569126684267,-0.016916569126684267,-0.016916569126684267
2024-02-02,0.018181889129168738,0.0,0.0,0.018181889129168738,0.018181889129168738,-0.018181889129168738,0.0,-0.008949700516610254,-0.01918188912916874,0.018181889129168738,-0.018181889129168738,-0.018181889129168738
2024-02-05,0.014219583429293303,0.0,0.0,0.014219583429293303,0.014219583429293303,-0.014219583429293303,0.013719583429293303,-0.0069686354384200025,0.013219583429293302,0.014219583429293303,-0.014219583429293303,-0.014219583429293303
2024-02-06,-0.02381755520150519,0.0,0.0,-0.02381755520150519,-0.02381755520150519,0.02381755520150519,-0.02381755520150519,0.011653671148149877,-0.0005,-0.02381755520150519,0.02381755520150519,0.02381755520150519
2024-02-07,-0.00098288690748638,0.0,0.0,-0.00098288690748638,-0.00098288690748638,0.00098288690748638,-0.00098288690748638,0.0004707917545783262,0.0,-0.00098288690748638,0.00098288690748638,0.00098288690748638
2024-02-08,0.0026186191475507936,0.0,0.0,0.0026186191475507936,0.0026186191475507936,-0.0026186191475507936,0.0026186191475507936,-0.0012677974505827154,0.0021186191475507936,0.0026186191475507936,-0.0026186191475507936,-0.0026186191475507936
2024-02-09,0.019691518776598915,0.0,0.0,0.019691518776598915,0.019691518776598915,-0.019691518776598915,0.019691518776598915,-0.009689429246912495,0.019691518776598915,0.019691518776598915,-0.019691518776598915,-0.019691518776598915
2024-02-12,-0.020421798546154557,0.0,0.0,-0.020421798546154557,-0.020421798546154557,0.020421798546154557,-0.020421798546154557,0.010221894097969345,0.019421798546154556,-0.020421798546154557,0.020421798546154557,0.020421798546154557
2024-02-13,0.02788706350801251,0.0,0.0,-0.02888706350801251,0.02788706350801251,-0.02788706350801251,0.02788706350801251,-0.0138151230192025,0.02688706350801251,0.02788706350801251,-0.02788706350801251,-0.02788706350801251
2024-02-14,-0.005737440746759637,0.0,0.0,-0.006737440746759637,-0.005737440746759637,0.005737440746759637,-0.005737440746759637,0.0028217030557323333,0.004737440746759637,-0.005737440746759637,-0.006737440746759637,0.005737440746759637
2024-02-15,-0.04865779825465277,0.0,0.0,-0.04865779825465277,-0.04865779825465277,0.04865779825465277,-0.04865779825465277,0.023912343066080047,-0.049657798254652774,-0.04865779825465277,-0.04865779825465277,0.04865779825465277
2024-02-16,-0.010239914175397269,0.0,0.0,0.009239914175397268,-0.010239914175397269,0.010239914175397269,-0.010239914175397269,0.004829560063186239,0.009239914175397268,-0.010239914175397269,0.009239914175397268,0.010239914175397269
2024-02-20,0.01868869254622918,0.0,0.0,-0.01868869254622918,0.01868869254622918,-0.01868869254622918,-0.0005,-0.008807199503830914,-0.01868869254622918,0.01868869254622918,-0.01868869254622918,-0.01868869254622918
2024-02-21,-0.014848290361243244,0.0,0.0,-0.015848290361243245,-0.014848290361243242,0.014848290361243244,0.0,0.007150244266172374,-0.015848290361243245,-0.014848290361243244,-0.015848290361243245,0.014848290361243244
2024-02-22,0.03880408293616655,0.0,0.0,-0.03980408293616655,0.03880408293616655,-0.03880408293616655,0.0,-0.018962312794933097,0.03880408293616655,0.03880408293616655,-0.03980408293616655,-0.03880408293616655
2024-02-23,0.006287072843569774,0.0,0.0,0.005287072843569774,0.006287072843569774,-0.006287072843569774,0.0,-0.002996932611305025,-0.007287072843569774,0.006287072843569774,0.005287072843569774,-0.006287072843569774
2024-02-26,0.013653116529643072,0.0,0.0,0.013653116529643072,0.013653116529643072,-0.013653116529643072,0.0,-0.00650010970675891,0.012653116529643071,0.013653116529643072,0.013653116529643072,-0.013653116529643072
2024-02-27,-0.019581339910466067,0.0,0.0,-0.019581339910466067,-0.019581339910466067,0.019581339910466067,-0.020081339910466067,0.009300000933928007,-0.019581339910466067,-0.019581339910466067,-0.019581339910466067,0.019581339910466067
2024-02-28,0.008278118877828144,0.0,0.0,0.008278118877828144,0.008278118877828144,-0.008278118877828144,0.008278118877828144,-0.003904307593465529,0.008278118877828144,0.008278118877828144,-0.009278118877828145,-0.008278118877828144
2024-02-29,0.00534215765806767,0.0,0.0,0.00534215765806767,0.00534215765806767,-0.00534215765806767,0.00534215765806767,-0.0025245656661994653,-0.00634215765806767,0.00534215765806767,0.00434215765806767,-0.00534215765806767
2024-03-01,-0.020812342945895734,0.0,0.0,-0.020812342945895734,-0.02081234294589573,0.020812342945895734,-0.020812342945895734,0.009834997970727257,-0.021812342945895735,-0.020812342945895734,-0.020812342945895734,0.020812342945895734
2024-03-04,0.0124958589119335,0.0,0.0,-0.0134958589119335,0.0124958589119335,-0.0124958589119335,0.0124958589119335,-0.00584312104445284,0.0124958589119335,0.0124958589119335,-0.0134958589119335,-0.0124958589119335
2024-03-05,-0.014318879036246734,0.0,0.0,-0.015318879036246735,-0.014318879036246734,0.014318879036246734,-0.014318879036246734,0.006683970785600417,-0.014318879036246734,-0.014318879036246734,-0.015318879036246735,0.014318879036246734
2024-03-06,-0.005581033140088287,0.0,0.0,0.004581033140088287,-0.005581033140088287,0.005581033140088287,-0.0005,0.002593234171471928,0.004581033140088287,-0.005581033140088287,0.004581033140088287,0.005581033140088287
2024-03-07,0.002611779890719812,0.0,0.0,-0.002611779890719812,0.002611779890719812,-0.002611779890719812,0.0,-0.001214198406932634,0.001611779890719812,0.002611779890719812,-0.002611779890719812,-0.002611779890719812
2024-03-08,-0.008510563993182618,0.0,0.0,0.008510563993182618,-0.008510563993182618,0.008510563993182618,0.0,0.00400977928792301,-0.008510563993182618,-0.008510563993182618,-0.00951056399318262,0.008510563993182618
2024-03-11,-0.012658289353660424,0.0,0.0,0.012658289353660424,-0.012658289353660424,0.012658289353660424,0.0,0.006005481289345937,0.011658289353660423,-0.012658289353660424,0.011658289353660423,0.012658289353660424
2024-03-12,-0.007692329006098397,0.0,0.0,0.007692329006098397,-0.007692329006098397,0.007692329006098397,0.0,0.0036372848990236153,-0.008692329006098398,-0.007692329006098397,0.007692329006098397,0.007692329006098397
2024-03-13,0.03462355233044201,0.0,0.0,0.03562355233044201,-0.03562355233044201,0.03562355233044201,0.0,0.01695734439067916,-0.03562355233044201,-0.03562355233044201,0.03562355233044201,0.03562355233044201
2024-03-14,-0.002764240214715219,0.0,0.0,-0.002764240214715219,0.002764240214715219,0.001764240214715219,0.0,-0.001288825262621647,-0.003764240214715219,0.002764240214715219,0.001764240214715219,-0.002764240214715219
2024-03-15,-0.014474920406672087,0.0,0.0,-0.014474920406672087,0.014474920406672087,0.014474920406672087,0.0,-0.006745150561273879,-0.0005,0.014474920406672087,0.014474920406672087,-0.014474920406672087
2024-03-18,0.010625023679507128,0.010125023679507128,0.0,0.010625023679507128,0.009625023679507128,-0.010625023679507128,0.0,0.004971499737215037,-0.011125023679507129,-0.010625023679507128,-0.010625023679507128,0.010625023679507128
2024-03-19,0.02473712626591018,0.02473712626591018,0.0,0.02473712626591018,0.02473712626591018,-0.02473712626591018,0.0,0.011707913242188462,0.02373712626591018,-0.02473712626591018,-0.02473712626591018,0.02473712626591018
2024-03-20,0.019613938584331247,0.019613938584331244,0.0,0.019613938584331247,0.019613938584331244,-0.019613938584331247,0.0,0.009178706762444176,-0.02061393858433125,-0.019613938584331247,-0.019613938584331247,0.019613938584331247
2024-03-21,0.0035511997389172656,0.0035511997389172656,0.0030511997389172656,0.0035511997389172656,0.0035511997389172656,-0.0035511997389172656,0.0,0.0016500222219530964,0.0025511997389172656,-0.0035511997389172656,-0.0035511997389172656,0.0035511997389172656
2024-03-22,-0.013270465749063542,-0.0005,-0.013270465749063542,-0.013270465749063542,0.012270465749063542,0.013270465749063542,0.0,-0.006184549449090378,-0.013270465749063542,0.013270465749063542,0.013270465749063542,-0.013270465749063542
2024-03-25,0.03377194790012106,0.03327194790012106,-0.0005,0.03377194790012106,0.03277194790012106,-0.03377194790012106,0.0,0.015740469182786033,0.03377194790012106,-0.03377194790012106,-0.03377194790012106,0.03377194790012106
2024-03-26,-0.04943643051957314,-0.04943643051957314,-0.04993643051957314,-0.04943643051957314,-0.04943643051957314,0.04943643051957314,0.0,-0.02259822209722363,-0.04943643051957314,-0.05043643051957314,0.04943643051957314,-0.04943643051957314
2024-03-27,0.02524300558747572,-0.0005,-0.0005,-0.02624300558747572,-0.02624300558747572,-0.02524300558747572,0.0,0.01104203631997297,0.02524300558747572,0.02524300558747572,-0.02524300558747572,0.02524300558747572
2024-03-28,0.019875688829770866,0.0,0.019375688829770865,0.018875688829770865,-0.019875688829770866,-0.019875688829770866,0.0,0.008815309749312326,-0.0005,0.019875688829770866,-0.019875688829770866,0.019875688829770866
2024-04-01,0.0305408881126219,0.0,0.0305408881126219,0.0305408881126219,-0.030540888112621897,-0.0305408881126219,0.0300408881126219,0.013445071472250558,0.0300408881126219,0.0305408881126219,-0.0305408881126219,0.0305408881126219
2024-04-02,-0.0025400860113281576,-0.0030400860113281576,-0.0025400860113281576,-0.0025400860113281576,-0.0035400860113281576,0.0025400860113281576,-0.0025400860113281576,-0.001115978481946447,-0.0025400860113281576,-0.0025400860113281576,0.0025400860113281576,-0.0025400860113281576
2024-04-03,-0.0036785487181133503,-0.0036785487181133503,-0.0036785487181133503,-0.0036785487181133503,-0.0036785487181133503,0.0036785487181133503,-0.0036785487181133503,-0.0016163124904933419,-0.0036785487181133503,-0.0036785487181133503,0.0036785487181133503,-0.0036785487181133503
2024-04-04,0.006248087089604226,0.006248087089604226,0.006248087089604226,0.006248087089604226,0.006248087089604226,-0.006248087089604226,0.006248087089604226,0.002746314373296641,0.006248087089604226,0.006248087089604226,-0.006248087089604226,0.006248087089604226
2024-04-05,0.008749674470022839,-0.0005,0.008749674470022839,0.008749674470022839,-0.00974967447002284,-0.008749674470022839,0.008749674470022839,0.003863747034703112,0.008749674470022839,0.008749674470022839,-0.008749674470022839,0.008749674470022839
2024-04-08,-0.019585859725250065,0.0,-0.019585859725250065,-0.019585859725250065,0.019585859725250065,0.019585859725250065,-0.019585859725250065,-0.009637284246219898,-0.019585859725250065,-0.019585859725250065,0.019585859725250065,-0.019585859725250065
2024-04-09,-0.004280796158283362,0.0,-0.004280796158283362,0.003280796158283362,0.004280796158283362,0.004280796158283362,-0.004280796158283362,-0.0020866749514148047,-0.004280796158283362,-0.004280796158283362,0.004280796158283362,-0.004280796158283362
2024-04-10,0.004585773213021893,0.0,0.004585773213021893,-0.004585773213021893,-0.004585773213021893,-0.004585773213021893,0.004585773213021893,0.0022469672532344433,-0.005585773213021893,0.004585773213021893,-0.004585773213021893,0.004585773213021893
2024-04-11,-0.018544804936442283,0.0,-0.018544804936442283,0.018544804936442283,0.018544804936442283,0.018544804936442283,-0.0005,-0.009205879564363199,-0.0005,-0.018544804936442283,0.018544804936442283,-0.018544804936442283
2024-04-12,-0.019767361964754482,0.0,-0.019767361964754482,0.019767361964754482,0.019767361964754482,0.019767361964754482,0.0,-0.009764753244273063,0.01926736196475448,-0.019767361964754482,0.019767361964754482,-0.019767361964754482
2024-04-15,-0.01660741862479298,0.0,-0.01660741862479298,0.01660741862479298,0.01660741862479298,0.01660741862479298,0.0,-0.008131264559143057,0.01660741862479298,-0.01660741862479298,0.01660741862479298,-0.01660741862479298
2024-04-16,-0.01990350344466596,0.0,-0.01990350344466596,0.01990350344466596,0.01990350344466596,0.01990350344466596,0.0,-0.009088698580524924,0.01990350344466596,-0.01990350344466596,0.01990350344466596,-0.01990350344466596
2024-04-17,-0.007384699944419815,0.0,-0.0005,0.007384699944419815,0.007384699944419815,0.007384699944419815,0.0,-0.0033302979529101187,0.007384699944419815,-0.007384699944419815,0.007384699944419815,-0.007384699944419815
2024-04-18,0.005269695590210066,0.0,0.0,-0.005269695590210066,-0.005269695590210066,-0.005269695590210066,0.0,0.002379503039183807,-0.005269695590210066,0.005269695590210066,-0.005269695590210066,0.005269695590210066
2024-04-19,0.00559355409727913,0.0,0.0,0.00459355409727913,-0.00559355409727913,-0.00559355409727913,0.0,0.0026092147045004128,-0.00559355409727913,0.00559355409727913,-0.005593554097279129,0.00559355409727913
2024-04-22,0.0033991972246247837,0.0,0.0,0.0033991972246247837,-0.0033991972246247837,-0.0033991972246247837,0.0,0.0016238732126991073,-0.0033991972246247837,0.0033991972246247837,-0.0033991972246247833,0.0033991972246247837
2024-04-23,-0.012626837510028688,0.0,0.0,0.011626837510028687,0.012626837510028688,0.012626837510028688,0.0,-0.006054077388721493,-0.013626837510028689,-0.012626837510028688,-0.013626837510028685,-0.012626837510028688
2024-04-24,-0.0006878591161942884,0.0,0.0,0.0003121408838057116,0.0003121408838057116,0.0003121408838057116,0.0,-0.00015002888495878184,-0.0006878591161942884,-0.0003121408838057116,-0.00031214088380571153,-0.0003121408838057116
2024-04-25,-0.009672468959931013,0.0,0.0,-0.009672468959931013,-0.009672468959931013,-0.009672468959931013,0.0,0.0050637713416476155,-0.009672468959931013,0.009672468959931013,0.009672468959931011,0.009672468959931013
2024-04-26,0.003017432927859499,0.0,0.0,0.003017432927859499,-0.004017432927859499,-0.004017432927859499,0.0,0.0025279200962702907,-0.004017432927859499,0.004017432927859499,0.004017432927859498,0.004017432927859499
2024-04-29,0.007079008204728066,0.0,0.006579008204728065,0.007079008204728066,-0.007079008204728066,-0.007079008204728066,0.0,0.004922495052492743,-0.007079008204728066,0.007079008204728066,0.007079008204728065,0.007079008204728066
2024-04-30,-0.0391198553686547,0.0,-0.0391198553686547,-0.0391198553686547,0.0391198553686547,0.0391198553686547,0.0,-0.028946943766182936,0.0391198553686547,0.0381198553686547,-0.03911985536865469,-0.0391198553686547
2024-05-01,0.028898165786299557,0.0,-0.0005,0.028898165786299557,0.029898165786299558,-0.03089816578629956,0.0,-0.021780505243437696,0.029898165786299558,0.029898165786299558,-0.029898165786299558,-0.029898165786299558
2024-05-02,0.043278800576144305,0.0,0.0,0.043278800576144305,0.0432788005761443,-0.043278800576144305,0.042778800576144305,-0.02919138257254481,-0.044278800576144306,0.043278800576144305,-0.043278800576144305,-0.043278800576144305
2024-05-03,-0.002741652540264372,0.0,0.0,-0.002741652540264372,-0.002741652540264372,0.002741652540264372,-0.002741652540264372,0.001562658235119172,0.002741652540264372,-0.002741652540264372,0.002741652540264372,0.002741652540264372
2024-05-06,-0.022556415171039346,0.0,0.0,-0.022556415171039346,-0.022556415171039346,0.022556415171039346,-0.022556415171039346,0.01333268380277363,0.022556415171039346,-0.022556415171039346,0.022556415171039346,0.022556415171039346
2024-05-07,-0.011363680068753323,0.0,0.0,0.010363680068753323,-0.011363680068753323,0.011363680068753323,-0.011363680068753323,0.0063047345910644025,-0.012363680068753324,-0.011363680068753323,0.011363680068753323,0.011363680068753323
2024-05-08,-0.008261626825620594,0.0,0.0,0.008261626825620594,-0.008261626825620594,0.008261626825620594,-0.008261626825620594,0.004517850023430115,0.007261626825620594,-0.008261626825620594,0.008261626825620594,0.008261626825620594
2024-05-09,-0.012127172408174625,0.0,0.0,0.012127172408174625,-0.012127172408174625,0.012127172408174625,-0.012127172408174625,0.006522815111039921,0.012127172408174625,-0.012127172408174625,0.012127172408174625,0.012127172408174625
2024-05-10,0.01619170931797209,0.0,0.0,-0.01619170931797209,0.01619170931797209,-0.01619170931797209,0.01619170931797209,-0.008573758403083713,-0.01619170931797209,0.01619170931797209,-0.01619170931797209,-0.01619170931797209
2024-05-13,0.005924763104859898,0.0,0.0,0.004924763104859898,0.005924763104859898,-0.005924763104859898,-0.0005,-0.003150677521435483,-0.005924763104859898,0.005924763104859898,-0.005924763104859898,-0.005924763104859898
2024-05-14,0.0009935421492296426,0.0,0.0,0.0009935421492296426,0.0009935421492296426,-0.0009935421492296426,0.0,-0.0005420630837693993,-6.4578507703574525e-06,0.0009935421492296426,-0.0009935421492296426,-0.0009935421492296426
2024-05-15,-0.012263838939496896,0.0,0.0,-0.012263838939496896,-0.012263838939496896,0.012263838939496896,0.0,0.006048070017533144,-0.012263838939496896,-0.012263838939496896,0.012263838939496896,0.012263838939496896
2024-05-16,0.0009823442478431588,0.0,0.0,-0.001982344247843159,0.0009823442478431586,-0.0009823442478431588,0.0,-0.0004857180565236502,0.0009823442478431588,0.0009823442478431588,-0.0009823442478431588,-0.0009823442478431588
2024-05-17,-0.012127172408174625,0.0,0.0,0.012127172408174625,-0.012127172408174625,0.012127172408174625,0.0,0.006309459118937772,-0.012127172408174625,-0.012127172408174625,0.012127172408174625,0.012127172408174625
2024-05-20,-0.0006477307066361515,0.0,0.0,0.0006477307066361515,-0.0006477307066361515,0.0006477307066361515,0.0,0.00033711029262470583,-0.0006477307066361515,-0.0006477307066361515,0.0006477307066361515,0.0006477307066361515
2024-05-21,0.00582539654595704,0.0,0.0,-0.00582539654595704,0.00582539654595704,-0.00582539654595704,0.0,-0.0030630760023915645,-0.00682539654595704,0.00582539654595704,-0.00582539654595704,-0.00582539654595704
2024-05-22,0.019205535531296447,0.0,0.0,0.018205535531296446,0.019205535531296447,-0.019205535531296447,0.0,-0.01013868658135596,0.018205535531296446,0.019205535531296447,-0.019205535531296447,-0.019205535531296447
2024-05-23,0.0202457426540662,0.0,0.0,0.0202457426540662,0.0202457426540662,-0.0202457426540662,0.0,-0.011014781512446305,0.0202457426540662,0.0202457426540662,-0.0202457426540662,-0.0202457426540662
2024-05-24,0.0054198671193452785,0.0,0.0,0.0054198671193452785,0.0054198671193452785,-0.0054198671193452785,0.004919867119345278,-0.0029203020585661294,0.0054198671193452785,0.0054198671193452785,-0.0054198671193452785,-0.0054198671193452785
2024-05-28,-0.016008144386994605,0.0,0.0,-0.016008144386994605,-0.016008144386994605,0.016008144386994605,-0.016008144386994605,0.008652306144178381,-0.016008144386994605,-0.016008144386994605,0.016008144386994605,0.016008144386994605
2024-05-29,0.022125399004164215,0.0,0.0,-0.023125399004164215,0.022125399004164215,-0.022125399004164215,0.022125399004164215,-0.01200120668803423,0.022125399004164215,0.022125399004164215,-0.022125399004164215,-0.022125399004164215
2024-05-30,-0.01919771451851693,0.0,0.0,-0.02019771451851693,-0.01919771451851693,0.01919771451851693,-0.01919771451851693,0.01029509857914911,-0.01919771451851693,-0.01919771451851693,0.01919771451851693,0.01919771451851693
2024-05-31,-0.02690890148493552,0.0,0.0,0.02590890148493552,-0.02690890148493552,0.02690890148493552,-0.02690890148493552,0.014307251729089705,-0.02690890148493552,-0.02690890148493552,0.02690890148493552,0.02690890148493552
2024-06-03,0.03570245677458728,0.0,0.0,-0.03570245677458728,0.03570245677458728,-0.03570245677458728,0.03570245677458728,-0.018849903722971476,0.03570245677458728,0.03570245677458728,-0.03570245677458728,-0.03570245677458728
2024-06-04,0.016304420825602017,0.0,0.0,0.015304420825602016,0.016304420825602017,-0.016304420825602017,0.016304420825602017,-0.008380524285704979,-0.017304420825602018,0.016304420825602017,-0.016304420825602017,-0.016304420825602017
2024-06-05,-0.0013810592021847867,0.0,0.0,-0.0013810592021847867,-0.0013810592021847867,0.0013810592021847867,-0.0013810592021847867,0.0007082402224392622,-0.0023810592021847867,-0.0013810592021847867,0.0013810592021847867,0.0013810592021847867
2024-06-06,-0.007931148474395133,0.0,0.0,0.006931148474395133,-0.007931148474395133,0.007931148474395133,-0.007931148474395133,0.004071908509142438,-0.007931148474395133,-0.007931148474395133,0.007931148474395133,0.007931148474395133
2024-06-07,0.013000231844065069,0.0,0.0,-0.013000231844065069,0.013000231844065069,-0.013000231844065069,0.013000231844065069,-0.0066646142342338885,-0.01400023184406507,0.013000231844065069,-0.013000231844065069,-0.013000231844065069
2024-06-10,-0.021490283252360465,0.0,0.0,-0.022490283252360466,-0.021490283252360465,0.021490283252360465,-0.021490283252360465,0.010997290315286281,-0.022490283252360466,-0.021490283252360465,0.021490283252360465,0.021490283252360465
2024-06-11,-0.007465298053538794,0.0,0.0,0.006465298053538794,-0.007465298053538794,0.007465298053538794,-0.007465298053538794,0.0037904824222953367,-0.007465298053538794,-0.007465298053538794,0.007465298053538794,0.007465298053538794
2024-06-12,0.01212526221849386,0.0,0.0,-0.01212526221849386,0.01212526221849386,-0.01212526221849386,0.01212526221849386,-0.006160170597261407,-0.01312526221849386,0.01212526221849386,-0.01212526221849386,-0.01212526221849386
2024-06-13,0.025912171245306093,0.0,0.0,0.02491217124530609,0.025912171245306093,-0.025912171245306093,-0.0005,-0.013562168893887486,-0.025912171245306093,0.025912171245306093,-0.025912171245306093,-0.025912171245306093
2024-06-14,0.02625120229399236,0.0,0.0,0.02625120229399236,0.02625120229399236,-0.02625120229399236,0.02575120229399236,-0.013539199167097593,0.02525120229399236,0.02625120229399236,0.02525120229399236,-0.02625120229399236
2024-06-17,-0.004313331701848666,0.0,0.0,-0.004313331701848666,-0.004313331701848665,0.004313331701848666,-0.004313331701848666,0.0021984023214443003,0.003313331701848666,-0.004313331701848666,-0.004313331701848666,0.004313331701848666
2024-06-18,-0.002147590597149085,0.0,0.0,0.001147590597149085,-0.002147590597149085,0.002147590597149085,-0.002147590597149085,0.0010982680566260505,0.002147590597149085,-0.002147590597149085,-0.0021475905971490845,0.002147590597149085
2024-06-20,-0.01071426916842122,0.0,0.0,0.01071426916842122,-0.01071426916842122,0.01071426916842122,-0.01071426916842122,0.005572475808965449,-0.01171426916842122,-0.01071426916842122,-0.010714269168421218,0.01071426916842122
2024-06-21,0.00742039464442823,0.0,0.0,-0.00742039464442823,0.00742039464442823,-0.00742039464442823,0.00742039464442823,-0.0038943859752519384,0.00742039464442823,0.00742039464442823,0.007420394644428229,-0.00742039464442823
2024-06-24,-0.04449969986736657,0.0,0.0,0.04449969986736657,-0.04449969986736657,0.04449969986736657,-0.04449969986736657,0.023350858110693186,-0.04449969986736657,-0.04449969986736657,-0.044499699867366564,0.04449969986736657
2024-06-25,0.01158839098600517,0.0,0.0,-0.01158839098600517,0.01158839098600517,-0.01158839098600517,0.01158839098600517,-0.00580354091760702,0.01158839098600517,0.01158839098600517,0.011588390986005169,-0.01158839098600517
2024-06-26,0.012413617065731186,0.0,0.0,0.011413617065731185,0.012413617065731186,-0.012413617065731186,-0.0005,-0.006385642696258432,-0.013413617065731187,0.012413617065731186,0.012413617065731186,-0.012413617065731186
2024-06-27,-0.015013947732438693,0.0,0.0,-0.015013947732438693,-0.015013947732438693,0.015013947732438693,0.0,0.008124314654447276,-0.016013947732438694,-0.015013947732438693,-0.015013947732438693,0.015013947732438693
2024-06-28,-0.012727969555477614,0.0,0.0,0.011727969555477613,-0.012727969555477614,0.012727969555477614,0.0,0.00698038357768763,0.011727969555477613,-0.012727969555477614,-0.012727969555477612,0.012727969555477614
2024-07-01,-0.006453713315692777,0.0,0.0,0.006453713315692777,-0.006453713315692777,0.006453713315692777,0.0,0.0035647507559931732,-0.007453713315692777,-0.006453713315692777,-0.006453713315692776,0.006453713315692777
2024-07-02,0.009112343865837813,0.0,0.0,-0.009112343865837813,0.009112343865837813,-0.009112343865837813,0.0,-0.0051899302197403714,-0.010112343865837814,0.009112343865837813,0.009112343865837811,-0.009112343865837813
2024-07-03,-0.0023840689040453,0.0,0.0,-0.0033840689040453,-0.0023840689040453,0.0023840689040453,0.0,0.0013537402340368892,0.0023840689040453,-0.0023840689040453,-0.0023840689040453,0.0023840689040453
2024-07-05,0.02820238348885873,0.0,0.0,-0.02920238348885873,0.02820238348885873,-0.02820238348885873,0.0,-0.01600720189025643,0.027202383488858728,0.02820238348885873,0.028202383488858725,-0.02820238348885873
2024-07-08,-0.008391682877345819,0.0,0.0,-0.00939168287734582,-0.008391682877345819,0.008391682877345819,0.0,0.004682708654912166,-0.008391682877345819,-0.008391682877345819,-0.008391682877345819,0.008391682877345819
2024-07-09,0.0017338695899369316,0.0,0.0,-0.0027338695899369317,0.0017338695899369316,-0.0017338695899369316,0.0012338695899369316,-0.0009687568054150899,0.0017338695899369316,0.0017338695899369316,0.0017338695899369316,-0.0017338695899369316
2024-07-10,0.0006947524461136112,0.0,0.0,-0.0006947524461136112,0.0006947524461136112,-0.0006947524461136112,0.0006947524461136112,-0.0003933606168222172,0.0006947524461136112,0.0006947524461136112,0.0006947524461136112,-0.0006947524461136112
2024-07-11,-0.03545373604338442,0.0,0.0,-0.03645373604338442,-0.03545373604338442,0.03545373604338442,-0.03545373604338442,0.01996079741584262,-0.03545373604338442,-0.03545373604338442,-0.03545373604338442,0.03545373604338442
2024-07-12,0.005042314744815647,0.0,0.0,0.005042314744815647,-0.006042314744815647,0.006042314744815647,-0.006042314744815647,0.0032631908902581905,-0.006042314744815647,-0.006042314744815647,-0.006042314744815647,0.006042314744815647
2024-07-15,0.04971627203146767,0.0,0.0,0.04971627203146767,-0.04971627203146767,0.04971627203146767,-0.0005,0.027081972883846648,-0.04971627203146767,-0.04971627203146767,-0.04971627203146767,0.04971627203146767
2024-07-16,0.006675186417204992,0.0,0.006175186417204992,0.006675186417204992,-0.006675186417204992,-0.007675186417204992,0.0,0.003418223866636065,0.005675186417204992,-0.006675186417204992,-0.006675186417204992,0.006675186417204992
2024-07-17,0.017366676785490753,0.0,0.017366676785490753,0.017366676785490753,-0.01736667678549075,-0.017366676785490753,0.016866676785490753,0.008974856142235544,-0.018366676785490754,0.016366676785490752,0.016366676785490752,0.017366676785490753
2024-07-18,-0.0021726424073329476,0.0,-0.0021726424073329476,-0.0021726424073329476,0.0021726424073329476,0.0021726424073329476,-0.0021726424073329476,-0.001125743696404855,0.0021726424073329476,-0.0021726424073329476,-0.0021726424073329476,-0.0021726424073329476
2024-07-19,-0.004354615965159403,0.0,-0.004354615965159403,0.003354615965159403,0.004354615965159403,0.004354615965159403,-0.004354615965159403,-0.0022584351383899883,-0.0005,-0.004354615965159403,-0.004354615965159403,-0.004354615965159403
2024-07-22,-0.015428213130409985,0.0,-0.015428213130409985,0.015428213130409985,0.015428213130409985,0.015428213130409985,-0.015428213130409985,-0.008001548853710103,0.0,-0.015428213130409985,-0.015428213130409985,-0.015428213130409985
2024-07-23,-0.018548099920946748,0.0,-0.018548099920946748,0.018548099920946748,0.018548099920946748,0.018548099920946748,-0.018548099920946748,-0.009573736863091872,0.018048099920946747,-0.018548099920946748,-0.018548099920946748,-0.018548099920946748
2024-07-24,-0.013359422121659192,0.0,-0.0005,0.013359422121659192,0.013359422121659192,0.013359422121659192,-0.013359422121659192,-0.006845128965112379,0.013359422121659192,-0.013359422121659192,-0.013359422121659192,-0.013359422121659192
2024-07-25,0.03302507978510616,0.0,0.0,-0.03302507978510616,-0.03302507978510616,-0.03302507978510616,-0.0005,0.01690932030255449,-0.03302507978510616,0.03302507978510616,0.03302507978510616,0.03302507978510616
2024-07-26,-0.0022378424331956914,0.0,-0.0027378424331956914,-0.0032378424331956914,0.002237842433195691,0.0022378424331956914,0.0,-0.0011232354344484774,-0.0032378424331956914,-0.0022378424331956914,-0.0022378424331956914,-0.0022378424331956914
2024-07-29,-0.013777635437213331,0.0,-0.013777635437213331,-0.013777635437213331,0.013777635437213331,0.013777635437213331,0.0,-0.0068903056320146275,-0.013777635437213331,-0.013777635437213331,-0.013777635437213331,-0.013777635437213331
2024-07-30,0.008122287464810585,0.0,-0.0005,-0.009122287464810586,-0.008122287464810585,-0.008122287464810585,0.0,0.004046320894150344,0.008122287464810585,0.008122287464810585,0.008122287464810585,0.008122287464810585
2024-07-31,0.0051562592614842195,0.0,0.004656259261484219,0.0041562592614842195,-0.005156259261484219,-0.0051562592614842195,0.0,0.0025682121805417355,-0.0061562592614842196,0.0051562592614842195,0.0051562592614842195,0.0051562592614842195
2024-08-01,-0.003526918150686509,0.0,-0.003526918150686509,-0.003526918150686509,0.0035269181506865084,0.003526918150686509,0.0,-0.0018271180774292342,0.003526918150686509,-0.003526918150686509,-0.003526918150686509,-0.003526918150686509
2024-08-02,-0.08011579949185599,0.0,-0.08011579949185599,0.07911579949185599,0.08011579949185599,0.08011579949185599,-0.08061579949185599,-0.042234901018414185,-0.0005,-0.08011579949185599,-0.08011579949185599,-0.08011579949185599
2024-08-05,0.03397717296817049,0.0,-0.0005,0.03497717296817049,0.03497717296817049,0.03497717296817049,-0.0005,-0.01665485791442593,-0.03547717296817049,-0.03497717296817049,-0.03497717296817049,-0.03497717296817049
2024-08-06,0.01739777118378749,0.0,0.0,0.01739777118378749,0.01739777118378749,-0.018397771183787492,0.0,-0.008082533629852775,-0.01739777118378749,-0.01739777118378749,-0.01739777118378749,-0.01739777118378749
2024-08-07,0.003319696336572364,0.0,0.0,0.003319696336572364,0.003319696336572364,-0.003319696336572364,0.0,-0.0015509057190713673,-0.0005,-0.003319696336572364,-0.003319696336572364,-0.003319696336572364
2024-08-08,-0.052923891827073355,0.0,0.0,-0.052923891827073355,-0.052923891827073355,0.052923891827073355,0.0,0.02478121569694931,0.0,0.052923891827073355,0.052923891827073355,0.052923891827073355
2024-08-09,0.00456955686425875,0.0,0.0,-0.00556955686425875,0.00456955686425875,-0.00456955686425875,0.0,-0.00204106276676745,-0.005069556864258751,-0.00456955686425875,-0.00456955686425875,-0.00456955686425875
2024-08-12,-0.030720400404480097,0.0,0.0,0.030720400404480097,-0.030720400404480097,0.030720400404480097,-0.031220400404480098,0.013677678266100182,0.030720400404480097,-0.0317204004044801,0.030720400404480097,0.030720400404480097
2024-08-13,0.009249856645534682,0.0,0.0,-0.009249856645534682,0.009249856645534682,-0.009249856645534682,0.009249856645534682,-0.004067699186640167,0.008249856645534681,0.009249856645534682,-0.009249856645534682,-0.009249856645534682
2024-08-14,-0.0010373811824566648,0.0,0.0,-0.002037381182456665,-0.0010373811824566648,0.0010373811824566648,-0.0005,0.0004553013449654063,-0.0010373811824566648,-0.0010373811824566648,0.0010373811824566648,0.0010373811824566648
2024-08-15,-0.018307381938758693,0.0,0.0,0.017307381938758692,-0.018307381938758693,0.018307381938758693,0.0,0.008038089113421767,-0.018307381938758693,-0.018307381938758693,0.01830738193875869,0.018307381938758693
2024-08-16,-0.008801777269832112,0.0,0.0,-0.007801777269832111,0.007801777269832111,-0.007801777269832111,0.0,-0.003415038384745005,0.007801777269832111,0.007801777269832111,-0.00780177726983211,-0.007801777269832111
2024-08-19,-0.003393010405386642,0.0,0.0,-0.003393010405386642,-0.002393010405386642,0.002393010405386642,0.0,0.001046030401244639,-0.002393010405386642,-0.002393010405386642,0.002393010405386642,0.002393010405386642
2024-08-20,0.03376527196415724,0.0,0.0,-0.03476527196415724,0.03376527196415723,-0.03376527196415724,0.0,-0.014801125724544586,0.03376527196415724,0.03376527196415724,-0.03376527196415723,-0.03376527196415724
2024-08-21,0.009530577440264976,0.0,0.0,0.008530577440264975,0.009530577440264976,-0.009530577440264976,0.0,-0.0041048714235946936,0.009530577440264976,0.009530577440264976,-0.009530577440264976,-0.009530577440264976
2024-08-22,0.00498928827033418,0.0,0.0,0.00498928827033418,0.004989288270334179,-0.00498928827033418,0.00448928827033418,-0.0021452193586938817,-0.00598928827033418,0.00498928827033418,-0.00498928827033418,-0.00498928827033418
2024-08-23,-0.019699144608751107,0.0,0.0,-0.019699144608751107,-0.019699144608751103,0.019699144608751107,-0.019699144608751107,0.008513230813520543,-0.0005,-0.019699144608751107,0.019699144608751107,0.019699144608751107
2024-08-26,-0.01791364473502499,0.0,0.0,0.01691364473502499,-0.01791364473502499,0.01791364473502499,-0.01791364473502499,0.007739886451680268,-0.018413644735024992,-0.01791364473502499,0.017913644735024988,0.01791364473502499
2024-08-27,0.018978608950713793,0.0,0.0,-0.018978608950713793,0.018978608950713793,-0.018978608950713793,0.018978608950713793,-0.008160965185219598,-0.0005,0.018978608950713793,-0.01897860895071379,-0.018978608950713793
2024-08-28,-0.00492428219709784,0.0,0.0,-0.00592428219709784,-0.00492428219709784,0.00492428219709784,-0.00492428219709784,0.0021135004780524448,-0.0054242821970978405,-0.00492428219709784,0.00492428219709784,0.00492428219709784
2024-08-29,-0.026951456163947674,0.0,0.0,0.025951456163947673,-0.026951456163947674,0.026951456163947674,-0.026951456163947674,0.01165647133300662,-0.026951456163947674,-0.026951456163947674,0.02695145616394767,0.026951456163947674
2024-08-30,0.028970699235210118,0.0,0.0,-0.028970699235210118,0.028970699235210118,-0.028970699235210118,-0.0005,-0.012458046742385329,-0.0005,0.028970699235210118,-0.028970699235210114,-0.028970699235210118
2024-09-03,0.061425024903277836,0.0,0.0,0.060425024903277835,0.06142502490327783,-0.061425024903277836,0.0,-0.0263752312809872,0.060925024903277836,0.061425024903277836,-0.061425024903277836,-0.061425024903277836
2024-09-04,0.03178759505986062,0.0,0.0,0.03178759505986062,0.03178759505986062,-0.03178759505986062,0.03128759505986062,-0.013132360143090426,-0.0005,0.03178759505986062,-0.03178759505986062,-0.03178759505986062
2024-09-05,-0.0030898915819779216,0.0,0.0,-0.0030898915819779216,-0.003089891581977921,0.0030898915819779216,-0.0030898915819779216,0.0012598784637716499,0.0025898915819779216,-0.0030898915819779216,0.0030898915819779216,0.0030898915819779216
2024-09-06,0.02810920809955353,0.0,0.0,0.02810920809955353,0.02810920809955353,-0.02810920809955353,0.02810920809955353,-0.011479279514436226,-0.02810920809955353,0.02810920809955353,-0.02810920809955353,-0.02810920809955353
2024-09-09,0.012678434546309902,0.0,0.0,0.012678434546309902,0.012678434546309902,-0.012678434546309902,0.012678434546309902,-0.00513264576478679,0.011678434546309902,0.012678434546309902,-0.012678434546309902,-0.012678434546309902
2024-09-10,0.042937450523221954,0.0,0.0,0.042937450523221954,0.042937450523221954,-0.042937450523221954,0.042937450523221954,-0.017378059611847716,-0.043937450523221955,0.042937450523221954,-0.042937450523221954,-0.042937450523221954
2024-09-11,0.01006272819788645,0.0,0.0,0.01006272819788645,0.01006272819788645,-0.01006272819788645,0.01006272819788645,-0.004012957867928184,-0.01006272819788645,0.01006272819788645,-0.01006272819788645,-0.01006272819788645
2024-09-12,-0.0038119029778633795,0.0,0.0,-0.0038119029778633795,-0.0038119029778633795,0.0038119029778633795,-0.0038119029778633795,0.001520171427842517,0.0038119029778633795,-0.0038119029778633795,0.0038119029778633795,0.0038119029778633795
2024-09-13,-0.01012650267030435,0.0,0.0,0.009126502670304348,-0.01012650267030435,0.01012650267030435,-0.01012650267030435,0.004040741967474263,0.01012650267030435,-0.01012650267030435,0.010126502670304348,0.01012650267030435
2024-09-16,-0.020885536407479366,0.0,0.0,0.020885536407479366,-0.020885536407479362,0.020885536407479366,-0.020885536407479366,0.008600979945178949,-0.0005,-0.020885536407479366,-0.021885536407479367,0.020885536407479366
2024-09-17,-0.0331424610841029,0.0,0.0,0.0331424610841029,-0.0331424610841029,0.0331424610841029,-0.0331424610841029,0.01356376311582533,0.0326424610841029,-0.0331424610841029,-0.0331424610841029,0.0331424610841029
2024-09-18,0.005544531533125396,0.0,0.0,-0.005544531533125396,0.005544531533125396,-0.005544531533125396,0.005544531533125396,-0.0021248842215143373,0.004544531533125396,0.005544531533125396,0.005544531533125396,-0.005544531533125396
2024-09-19,-0.009956186792611232,0.0,0.0,0.009956186792611232,-0.009956186792611232,0.009956186792611232,-0.0005,0.003802226048793761,-0.009956186792611232,-0.009956186792611232,-0.009956186792611232,0.009956186792611232
2024-09-20,0.011435272064225566,0.0,0.0,-0.011435272064225566,0.011435272064225564,-0.011435272064225566,0.0,-0.004466827783142695,0.011435272064225566,0.011435272064225566,0.011435272064225566,-0.011435272064225566
2024-09-23,-0.014758672702346987,0.0,0.0,-0.015758672702346987,-0.014758672702346987,0.014758672702346987,0.0,0.0057543813800907465,-0.0005,-0.014758672702346987,-0.014758672702346987,0.014758672702346987
2024-09-24,0.0039308476969509565,0.0,0.0,-0.0049308476969509565,0.0039308476969509565,-0.0039308476969509565,0.0,-0.0015118478326592369,0.0034308476969509565,0.0039308476969509565,0.0039308476969509565,-0.0039308476969509565
2024-09-25,0.03038677721914973,0.0,0.0,0.02938677721914973,0.030386777219149726,-0.03038677721914973,0.0,-0.011965401064744571,0.03038677721914973,0.03038677721914973,0.03038677721914973,-0.03038677721914973
2024-09-26,0.05779413234577324,0.0,0.0,0.05779413234577324,0.05779413234577324,-0.05779413234577324,0.0,-0.022764264221971378,-0.0005,0.05779413234577324,0.05779413234577324,-0.05779413234577324
2024-09-27,-0.05961137333746658,0.0,0.0,-0.05961137333746658,-0.05961137333746658,0.05961137333746658,-0.06011137333746658,0.021401398609216773,0.0,-0.05961137333746658,-0.05961137333746658,0.05961137333746658
2024-09-30,0.002853721249632235,0.0,0.0,-0.003853721249632235,0.002853721249632235,-0.002853721249632235,0.002853721249632235,-0.0009159696686763866,0.0,0.002853721249632235,0.002853721249632235,-0.002853721249632235
2024-10-01,-0.049059559798281915,0.0,0.0,0.049059559798281915,-0.049059559798281915,0.049059559798281915,-0.049059559798281915,0.01585713712755271,0.048559559798281915,-0.049059559798281915,-0.049059559798281915,0.049059559798281915
2024-10-02,-0.0038973085805347196,0.0,0.0,0.0038973085805347196,-0.0038973085805347196,0.0038973085805347196,-0.0005,0.0011642321732070846,-0.00489730858053472,-0.0038973085805347196,-0.0038973085805347196,0.0038973085805347196
2024-10-03,-0.029891420848009442,0.0,0.0,0.029891420848009442,-0.029891420848009442,0.029891420848009442,0.0,0.009888526615094768,-0.0005,-0.029891420848009442,-0.029891420848009442,0.029891420848009442
2024-10-04,-0.013569474336136977,0.0,0.0,0.013569474336136977,-0.013569474336136977,-0.014569474336136978,0.0,0.004512705749553901,0.0,-0.013569474336136977,-0.013569474336136976,0.013569474336136977
2024-10-07,-0.0029749056460444123,0.0,0.0,0.0029749056460444123,-0.0029749056460444123,-0.0029749056460444123,0.0,0.0009846148981144931,0.0,-0.0029749056460444123,-0.002974905646044412,0.0029749056460444123
2024-10-08,0.026325506063899717,0.0,0.0,-0.026325506063899717,0.026325506063899714,0.026325506063899717,0.0,-0.008991786400169068,0.025825506063899717,0.026325506063899717,0.026325506063899714,-0.026325506063899717
2024-10-09,-0.0026657193050774186,0.0,0.0,-0.0036657193050774186,-0.002665719305077418,-0.0026657193050774186,0.0,0.0008887836622874039,-0.0026657193050774186,-0.0026657193050774186,-0.0026657193050774186,0.0026657193050774186
2024-10-10,-0.02012908017367332,0.0,0.0,0.01912908017367332,-0.02012908017367332,-0.02012908017367332,0.0,0.007242330779144088,-0.02012908017367332,-0.02012908017367332,0.01912908017367332,0.02012908017367332
2024-10-11,0.0068183622887850745,0.0,0.0,0.007818362288785075,-0.007818362288785075,-0.007818362288785075,0.0,0.0028222707172364686,-0.007818362288785075,-0.007818362288785075,0.007818362288785075,0.007818362288785075
2024-10-14,-0.013668342016831203,0.0,0.0,-0.013668342016831203,0.013668342016831203,0.013668342016831203,0.0,-0.0049356511317096155,0.013668342016831203,0.013668342016831203,-0.013668342016831203,-0.013668342016831203
2024-10-15,0.06828822848143468,0.0,0.0,0.06828822848143468,0.06928822848143468,0.06928822848143468,0.0,-0.02468652911368014,0.06928822848143468,0.06928822848143468,0.06828822848143468,-0.06928822848143468
2024-10-16,0.0020123383431694952,0.0,0.0,0.0020123383431694952,0.0020123383431694952,0.0020123383431694952,0.0015123383431694952,-0.000641186908478591,0.0020123383431694952,0.0020123383431694952,0.0020123383431694952,-0.0020123383431694952
2024-10-17,-0.004838797973843789,0.0,0.0,-0.004838797973843789,-0.004838797973843789,-0.004838797973843789,-0.004838797973843789,0.0015203715160894786,0.003838797973843789,-0.004838797973843789,-0.004838797973843789,0.004838797973843789
2024-10-18,-0.009630910212773403,0.0,0.0,0.008630910212773402,-0.0096309102127734,-0.009630910212773403,-0.009630910212773403,0.0030352629697906444,-0.010630910212773403,-0.009630910212773403,0.008630910212773402,0.009630910212773403
2024-10-21,0.001987296680803663,0.0,0.0,-0.001987296680803663,0.0019872966808036625,0.001987296680803663,0.001987296680803663,-0.0006264547429040714,0.001987296680803663,0.001987296680803663,-0.001987296680803663,-0.001987296680803663
2024-10-22,-0.012872051809969198,0.0,0.0,0.012872051809969198,-0.012872051809969198,-0.012872051809969198,-0.012872051809969198,0.004071884368751758,-0.012872051809969198,-0.012872051809969198,0.012872051809969198,0.012872051809969198
2024-10-23,0.027402636146558912,0.0,0.0,-0.027402636146558912,0.027402636146558912,0.027402636146558912,0.027402636146558912,-0.008682155952253112,0.027402636146558912,0.027402636146558912,-0.027402636146558912,-0.027402636146558912
2024-10-24,-0.0073498626075865214,0.0,0.0,-0.008349862607586522,-0.0073498626075865214,-0.0073498626075865214,-0.0073498626075865214,0.002279220771606091,-0.0073498626075865214,-0.0073498626075865214,-0.008349862607586522,0.0073498626075865214
2024-10-25,-0.0060802524341128095,0.0,0.0,0.0050802524341128094,-0.0060802524341128095,-0.0060802524341128095,-0.0060802524341128095,0.0019310217361235204,0.0050802524341128094,-0.0060802524341128095,0.0050802524341128094,0.0060802524341128095
2024-10-28,0.04512483114840282,0.0,0.0,-0.04512483114840282,0.045124831148402815,0.04512483114840282,0.04512483114840282,-0.016137305238564662,0.04412483114840282,0.04512483114840282,-0.04512483114840282,-0.04512483114840282
2024-10-29,0.0164558149747569,0.0,0.0,0.015455814974756898,0.0164558149747569,-0.0174558149747569,0.0164558149747569,-0.006148739622721607,0.0164558149747569,0.0164558149747569,-0.016455814974756896,-0.0164558149747569
2024-10-30,-0.0068640346275337105,0.0,0.0,-0.0068640346275337105,-0.0068640346275337105,0.0068640346275337105,-0.0068640346275337105,0.002537036209609557,0.0058640346275337105,-0.0068640346275337105,0.00686403462753371,0.0068640346275337105
2024-10-31,-0.005538997244731281,0.0,0.0,0.004538997244731281,-0.005538997244731281,0.005538997244731281,-0.005538997244731281,0.002264641631087615,0.005538997244731281,-0.005538997244731281,0.005538997244731281,0.005538997244731281
2024-11-01,0.021610092774176137,0.0,0.0,-0.021610092774176137,0.021610092774176137,-0.021610092774176137,0.021610092774176137,-0.008907851385942363,-0.021610092774176137,0.021610092774176137,-0.021610092774176137,-0.021610092774176137
2024-11-04,-0.01948911068615722,0.0,0.0,-0.02048911068615722,-0.01948911068615722,0.01948911068615722,-0.01948911068615722,0.00839426862215025,0.01948911068615722,-0.01948911068615722,0.019489110686157215,0.01948911068615722
2024-11-05,-0.001274180308474815,0.0,0.0,0.00027418030847481487,-0.001274180308474815,0.001274180308474815,-0.001274180308474815,0.0005391403707855471,0.001274180308474815,-0.001274180308474815,0.001274180308474815,0.001274180308474815
2024-11-06,-0.04921508389436147,0.0,0.0,0.04921508389436147,-0.04921508389436147,0.04921508389436147,-0.04921508389436147,0.020964052860732593,0.04921508389436147,-0.04921508389436147,0.04921508389436147,0.04921508389436147
2024-11-07,0.11322276520817287,0.0,0.0,-0.11322276520817287,0.11322276520817287,-0.11322276520817287,-0.0005,-0.043415093066191845,0.11222276520817287,0.11322276520817287,-0.11322276520817287,-0.11322276520817287
2024-11-08,0.007295970777879801,0.0,0.0,0.006295970777879801,0.007295970777879801,-0.007295970777879801,0.006795970777879801,-0.0020513398397910094,-0.008295970777879802,0.007295970777879801,-0.0072959707778798,-0.007295970777879801
2024-11-11,-0.018373982987650805,0.0,0.0,-0.018373982987650805,-0.018373982987650805,0.018373982987650805,-0.018373982987650805,0.005112708255705353,0.018373982987650805,-0.018373982987650805,0.018373982987650802,0.018373982987650805
2024-11-12,0.013531783672419029,0.0,0.0,-0.01453178367241903,0.013531783672419029,-0.013531783672419029,0.013531783672419029,-0.0037314489983842737,0.012531783672419028,0.013531783672419029,-0.013531783672419029,-0.013531783672419029
2024-11-13,-0.006858796287594782,0.0,0.0,-0.007858796287594783,-0.006858796287594782,0.006858796287594782,-0.006858796287594782,0.0018907034688895542,-0.006858796287594782,-0.006858796287594782,-0.00785879628759478,0.006858796287594782
2024-11-14,-0.026339675930657558,0.0,0.0,-0.026339675930657558,-0.026339675930657558,0.026339675930657558,-0.026339675930657558,0.007907841900444964,0.025339675930657557,-0.026339675930657558,-0.026339675930657554,0.026339675930657558
2024-11-15,0.009734664572623286,0.0,0.0,-0.010734664572623287,0.009734664572623286,-0.009734664572623286,0.009734664572623286,-0.002864574610001707,0.008734664572623285,0.009734664572623286,0.009734664572623286,-0.009734664572623286
2024-11-18,-0.0035746345584741768,0.0,0.0,-0.004574634558474177,-0.0035746345584741768,0.0035746345584741768,-0.0035746345584741768,0.0010514897604903082,-0.0005,-0.0035746345584741768,-0.0035746345584741763,0.0035746345584741768
2024-11-19,0.02404277027676227,0.0,0.0,0.02404277027676227,0.02404277027676227,-0.02404277027676227,0.02404277027676227,-0.007096315992710828,0.02354277027676227,0.02404277027676227,0.024042770276762267,-0.02404277027676227
2024-11-20,-0.009580318875782146,0.0,0.0,-0.009580318875782146,-0.009580318875782146,0.009580318875782146,-0.009580318875782146,0.0028019404604461957,-0.0005,-0.009580318875782146,-0.009580318875782144,0.009580318875782146
2024-11-21,-0.014008340774649186,0.0,0.0,0.013008340774649185,-0.014008340774649186,0.014008340774649186,-0.014008340774649186,0.00410934645360842,-0.014508340774649187,-0.014008340774649186,-0.014008340774649186,0.014008340774649186
2024-11-22,-0.01470578941771894,0.0,0.0,0.01470578941771894,-0.01470578941771894,0.01470578941771894,-0.01470578941771894,0.004331675117989783,-0.01470578941771894,-0.01470578941771894,-0.01470578941771894,0.01470578941771894
2024-11-25,0.004391918573768305,0.0,0.0,-0.004391918573768305,0.004391918573768305,-0.004391918573768305,0.004391918573768305,-0.0012879517169024123,0.004391918573768305,0.004391918573768305,0.004391918573768305,-0.004391918573768305
2024-11-26,0.0066165762810114215,0.0,0.0,0.0056165762810114215,0.0066165762810114215,-0.0066165762810114215,0.0066165762810114215,-0.0019438247065940556,-0.0005,0.0066165762810114215,0.006616576281011421,-0.0066165762810114215
2024-11-27,0.0,0.0,0.0,0.0,0.0,0.0,0.0,-6.718628246787623e-06,-0.0005,0.0,0.0,0.0
2024-11-29,-0.005772658045599455,0.0,0.0,-0.005772658045599455,-0.005772658045599455,0.005772658045599455,-0.005772658045599455,0.0017826489662388684,0.005772658045599455,-0.005772658045599455,-0.005772658045599454,0.005772658045599455
2024-12-02,0.013686554367245307,0.0,0.0,0.013686554367245307,0.013686554367245307,-0.013686554367245307,0.013686554367245307,-0.004230583428168943,-0.0005,0.013686554367245307,0.013686554367245305,-0.013686554367245307
2024-12-03,-0.003581034839490016,0.0,0.0,-0.003581034839490016,-0.003581034839490016,0.003581034839490016,-0.003581034839490016,0.0011038065400445275,-0.0040810348394900164,-0.003581034839490016,-0.0035810348394900156,0.003581034839490016
2024-12-04,0.009812637413408432,0.0,0.0,-0.010812637413408432,0.009812637413408432,-0.009812637413408432,0.009812637413408432,-0.003058017796546829,0.009812637413408432,0.009812637413408432,0.009812637413408432,-0.009812637413408432
2024-12-05,0.016216326309557494,0.0,0.0,0.015216326309557493,0.016216326309557494,-0.016216326309557494,0.016216326309557494,-0.00510560406841016,0.016216326309557494,0.016216326309557494,0.01621632630955749,-0.016216326309557494
2024-12-06,0.019230635312796895,0.0,0.0,0.019230635312796895,0.019230635312796895,-0.019230635312796895,0.019230635312796895,-0.006025896498044892,0.019230635312796895,0.019230635312796895,0.019230635312796892,-0.019230635312796895
2024-12-09,-0.03874880446680362,0.0,0.0,-0.03874880446680362,-0.03874880446680362,0.03874880446680362,-0.03874880446680362,0.013146711942950062,-0.0005,-0.03874880446680362,-0.038748804466803614,0.03874880446680362
2024-12-10,-0.00044947461073485684,0.0,0.0,-0.0005505253892651432,-0.00044947461073485684,0.00044947461073485684,-0.00044947461073485684,0.0001396694214995824,0.0,-0.00044947461073485684,-0.0004494746107348569,0.00044947461073485684
2024-12-11,-0.005390718115189319,0.0,0.0,0.005390718115189319,-0.005390718115189319,0.005390718115189319,-0.005390718115189319,0.003235886667837506,0.004890718115189319,-0.005390718115189319,-0.005390718115189319,0.005390718115189319
2024-12-12,-0.02502235007541853,0.0,0.0,0.02502235007541853,-0.02502235007541853,0.02502235007541853,-0.02502235007541853,0.015474620313669698,-0.0005,-0.02502235007541853,-0.02502235007541853,0.02502235007541853
2024-12-13,0.003487461899841615,0.0,0.0,-0.003487461899841615,0.003487461899841615,-0.003487461899841615,-0.0005,-0.002096056788053427,-0.003987461899841616,0.003487461899841615,-0.004487461899841615,-0.003487461899841615
2024-12-16,0.04024473033837872,0.0,0.0,-0.04024473033837872,0.04024473033837872,-0.04024473033837872,0.0,-0.02404568237627396,0.03924473033837872,0.04024473033837872,-0.04024473033837872,-0.04024473033837872
2024-12-17,0.04056536963449664,0.0,0.0,0.03956536963449664,0.04056536963449664,-0.04056536963449664,0.0,-0.022210370047811744,0.04056536963449664,0.04056536963449664,-0.04056536963449664,-0.04056536963449664
2024-12-18,0.00997617773466164,0.0,0.0,0.00997617773466164,0.00997617773466164,-0.00997617773466164,0.00947617773466164,-0.004929212900970496,0.00997617773466164,0.00997617773466164,-0.00997617773466164,-0.00997617773466164
2024-12-19,0.017274393234977592,0.0,0.0,0.017274393234977592,0.017274393234977592,-0.017274393234977592,0.017274393234977592,-0.008484983639901134,0.017274393234977592,0.017274393234977592,-0.017274393234977592,-0.017274393234977592
2024-12-20,-0.02734365631047253,0.0,0.0,-0.02734365631047253,-0.02734365631047253,0.02734365631047253,-0.02734365631047253,0.013646213263579402,0.02634365631047253,-0.02734365631047253,0.02734365631047253,0.02734365631047253
2024-12-23,-0.02661597849575381,0.0,0.0,0.02561597849575381,-0.02661597849575381,0.02661597849575381,-0.02661597849575381,0.012630069216094436,0.02661597849575381,-0.02661597849575381,0.02661597849575381,0.02661597849575381
2024-12-24,-0.012500061847579458,0.0,0.0,0.012500061847579458,-0.012500061847579458,0.012500061847579458,-0.012500061847579458,0.005729699379149735,-0.013500061847579459,-0.012500061847579458,0.012500061847579458,0.012500061847579458
2024-12-26,0.0013718532329425326,0.0,0.0,-0.0013718532329425326,0.0013718532329425326,-0.0013718532329425326,0.0013718532329425326,-0.0006331324781488244,-0.0023718532329425326,0.0013718532329425326,-0.0013718532329425326,-0.0013718532329425326
2024-12-27,-0.011446968055843776,0.0,0.0,0.011446968055843776,-0.011446968055843776,0.011446968055843776,-0.011446968055843776,0.005277546663427613,0.011446968055843776,-0.011446968055843776,0.011446968055843776,0.011446968055843776
2024-12-30,-0.014938887469002626,0.0,0.0,0.014938887469002626,-0.014938887469002626,0.014938887469002626,-0.0005,0.006833745358297616,0.014938887469002626,-0.014938887469002626,0.014938887469002626,0.014938887469002626
2024-12-31,-0.029884070384999628,0.0,0.0,0.029884070384999628,-0.029884070384999628,0.029884070384999628,0.0,0.01348708280457059,0.029884070384999628,-0.029884070384999628,0.029884070384999628,0.029884070384999628
2025-01-02,-0.012559409770670937,0.0,0.0,0.012559409770670937,-0.012559409770670936,0.012559409770670937,0.0,0.005408084763806076,0.012559409770670937,-0.012559409770670937,0.012559409770670937,0.012559409770670937
2025-01-03,-0.0017110028011253497,0.0,0.0,0.0017110028011253497,-0.0017110028011253497,-0.0027110028011253498,0.0,0.0007414893560808225,0.0017110028011253497,-0.0017110028011253497,-0.0027110028011253498,0.0017110028011253497
2025-01-06,-0.010247604067274096,0.0,0.0,-0.011247604067274097,-0.010247604067274096,-0.010247604067274096,0.0,0.004449530723617055,-0.011247604067274097,-0.010247604067274096,-0.010247604067274096,0.010247604067274096
2025-01-07,0.0,0.0,0.0,-0.001,0.0,0.0,0.0,-1.1897603357561294e-06,0.0,0.0,-5.551115123125783e-20,0.0
2025-01-08,-0.000845290180535585,0.0,0.0,-0.001845290180535585,-0.000845290180535585,-0.000845290180535585,0.0,0.0003722035217894308,-0.000845290180535585,-0.000154709819464415,-0.0008452901805355851,0.000845290180535585
2025-01-10,0.0,0.0,0.0,0.0,0.0,0.0,0.0,-7.152934710913189e-06,0.0,0.0,0.0,0.0
2025-01-13,-0.02956086373654565,0.0,0.0,0.02856086373654565,-0.029560863736545647,-0.02956086373654565,0.0,0.014651814223874035,-0.02956086373654565,0.02956086373654565,-0.029560863736545647,0.02956086373654565
2025-01-14,-0.019278056863452075,0.0,0.018778056863452075,0.019278056863452075,-0.019278056863452075,-0.019278056863452075,0.0,0.009154432541516317,0.018278056863452075,0.019278056863452075,-0.019278056863452072,0.019278056863452075
2025-01-15,-0.024145006670234004,0.0,0.024145006670234004,0.024145006670234004,-0.024145006670234004,-0.024145006670234004,0.0,0.01132770328339739,-0.025145006670234005,0.024145006670234004,-0.024145006670234,0.024145006670234004
2025-01-16,0.011787884778511892,0.0,-0.011787884778511892,-0.011787884778511892,0.011787884778511892,0.011787884778511892,-0.012287884778511893,-0.005543967032964918,-0.0005,-0.011787884778511892,-0.012787884778511893,-0.011787884778511892
2025-01-17,0.0298211187236348,0.0,-0.0298211187236348,0.028821118723634798,0.029821118723634795,0.0298211187236348,-0.0298211187236348,-0.013848866866593392,0.0,-0.0298211187236348,0.028821118723634798,-0.0298211187236348
2025-01-21,0.02868849075957891,0.0,-0.02868849075957891,0.02868849075957891,0.02868849075957891,0.02868849075957891,-0.02868849075957891,-0.014059099660921028,0.02818849075957891,-0.02868849075957891,0.02868849075957891,-0.02868849075957891
2025-01-22,0.0038379268725643456,0.0,-0.0005,0.0038379268725643456,0.0038379268725643456,0.0038379268725643456,-0.0038379268725643456,-0.0020297622126337965,-0.0005,-0.0038379268725643456,0.0038379268725643456,-0.0038379268725643456
2025-01-23,-0.006421217858545436,0.0,0.0,-0.006421217858545436,-0.006421217858545436,-0.006421217858545436,0.006421217858545436,0.0034054034103599305,0.0,0.006421217858545436,-0.006421217858545436,0.006421217858545436
2025-01-24,0.008081660127579049,0.0,0.0,-0.00908166012757905,0.008081660127579049,0.008081660127579049,-0.008081660127579049,-0.0045113339965133755,0.0075816601275790485,-0.008081660127579049,-0.00908166012757905,-0.008081660127579049
2025-01-27,-0.0025727358368070607,0.0,0.0,-0.0035727358368070608,-0.0025727358368070607,-0.0025727358368070607,0.0025727358368070607,0.0014557075010056477,-0.0005,0.0025727358368070607,-0.0035727358368070608,0.0025727358368070607
2025-01-28,0.0017106979156935598,0.0,0.0,0.0017106979156935598,0.0017106979156935598,0.0017106979156935598,-0.0017106979156935598,-0.0010277402928543715,0.0,-0.0017106979156935598,0.0017106979156935598,-0.0017106979156935598
2025-01-29,0.0068552146942066905,0.0,0.0,0.0068552146942066905,0.0068552146942066905,0.0068552146942066905,-0.0068552146942066905,-0.0040839941172432824,0.00635521469420669,-0.0068552146942066905,0.0068552146942066905,-0.0068552146942066905
2025-01-30,0.008196801849752577,0.0,0.0,0.008196801849752577,0.008196801849752576,0.008196801849752577,-0.008196801849752577,-0.0048438881499786295,0.008196801849752577,-0.008196801849752577,0.008196801849752577,-0.008196801849752577
2025-01-31,0.046106859263383204,0.0,0.0,0.046106859263383204,0.046106859263383204,0.046106859263383204,-0.0005,-0.027091834053848757,0.046106859263383204,-0.046106859263383204,0.046106859263383204,-0.046106859263383204
2025-02-03,0.020975924584779482,0.0,0.0,0.020975924584779482,0.020975924584779482,0.020975924584779482,0.0,-0.010486003603261872,-0.021975924584779483,-0.020975924584779482,-0.021975924584779483,-0.020975924584779482
2025-02-04,-0.04285049240729033,0.0,0.0,-0.04285049240729033,-0.04285049240729033,-0.04285049240729033,0.0,0.0222898250708537,-0.0005,0.04285049240729033,0.04285049240729033,0.04285049240729033
2025-02-05,0.008932508512762616,0.0,0.0,-0.009932508512762617,0.008932508512762616,0.008932508512762616,0.0,-0.004148906403347285,0.008432508512762615,-0.008932508512762616,-0.008932508512762616,-0.008932508512762616
2025-02-06,0.024785912313583958,0.0,0.0,-0.024785912313583958,0.024785912313583958,0.024785912313583958,0.024285912313583957,-0.011401790913649968,-0.0005,-0.024785912313583958,-0.024785912313583958,-0.024785912313583958
2025-02-07,-0.001386280763390424,0.0,0.0,-0.002386280763390424,-0.001386280763390424,-0.001386280763390424,-0.001386280763390424,0.0006216507943033785,0.0008862807633904239,0.001386280763390424,-0.002386280763390424,0.001386280763390424
2025-02-10,-0.060913601737959455,0.0,0.0,-0.060913601737959455,-0.060913601737959455,-0.060913601737959455,-0.060913601737959455,0.027483764342796146,0.060913601737959455,-0.061913601737959456,-0.060913601737959455,0.060913601737959455
2025-02-11,-0.013918981757286675,0.0,0.0,0.012918981757286674,-0.013918981757286675,-0.013918981757286675,-0.013918981757286675,0.005175731580143822,-0.014918981757286676,-0.013918981757286675,0.012918981757286674,0.013918981757286675
2025-02-12,0.04032579234153666,0.0,-0.04082579234153666,-0.04032579234153666,0.04032579234153666,0.04032579234153666,0.04032579234153666,-0.014989376731306013,0.04032579234153666,0.04032579234153666,-0.04032579234153666,-0.04032579234153666
2025-02-13,-0.005364169063322155,0.0,-0.0005,-0.006364169063322155,-0.005364169063322155,-0.005364169063322155,-0.005364169063322155,0.0019504974112915592,-0.005364169063322155,-0.005364169063322155,-0.006364169063322155,0.005364169063322155
2025-02-14,-0.028901820866163996,0.0,0.0,-0.028901820866163996,-0.028901820866163993,-0.028901820866163996,-0.028901820866163996,0.010703676084740266,-0.0005,-0.028901820866163996,-0.028901820866163996,0.028901820866163996
2025-02-18,-0.018582492518703697,0.0,0.0,0.017582492518703696,-0.018582492518703697,-0.018582492518703697,-0.018582492518703697,0.008642809191057619,-0.019082492518703698,-0.018582492518703697,0.017582492518703696,0.018582492518703697
2025-02-19,-0.0008485401184332719,0.0,0.0003485401184332719,0.0008485401184332719,-0.0008485401184332719,-0.0008485401184332719,-0.0008485401184332719,0.0003968810403361215,-0.0008485401184332719,-0.0008485401184332719,0.0008485401184332719,0.0008485401184332719
2025-02-20,-0.001271774165045203,0.0,0.001271774165045203,0.001271774165045203,-0.001271774165045203,-0.001271774165045203,-0.001271774165045203,0.0005948369944224798,-0.0005,-0.001271774165045203,0.001271774165045203,0.001271774165045203
2025-02-21,0.03513974028424938,0.0,-0.03513974028424938,0.034139740284249376,0.03513974028424938,0.03513974028424938,-0.0005,-0.016435636192316024,0.0,0.03513974028424938,-0.03513974028424937,-0.03513974028424938
2025-02-24,-0.003510238127615972,0.0,-0.0005,-0.003510238127615972,-0.003510238127615972,-0.003510238127615972,0.0,0.001641816255533122,-0.004010238127615973,-0.003510238127615972,0.0035102381276159718,0.003510238127615972
2025-02-25,0.021425412921314058,0.0,0.0,0.021425412921314058,0.021425412921314058,0.021425412921314058,0.0,-0.0100211409986631,0.021425412921314058,0.021425412921314058,-0.021425412921314054,-0.021425412921314058
2025-02-26,0.01653255722348701,0.0,0.0,0.01653255722348701,0.01653255722348701,0.01653255722348701,0.0,-0.007732643828778462,0.01653255722348701,0.01653255722348701,-0.016532557223487006,-0.01653255722348701
2025-02-27,0.07223979890180221,0.0,0.0,0.07223979890180221,0.07223979890180221,0.07223979890180221,0.0,-0.033788156763591,0.07223979890180221,0.07223979890180221,-0.0722397989018022,-0.07223979890180221
2025-02-28,-0.013712107096446102,0.0,0.0,-0.013712107096446102,-0.013712107096446102,-0.013712107096446102,0.0,0.00560094882700792,-0.0005,-0.013712107096446102,0.0137121070964461,0.013712107096446102
2025-03-03,0.08743974588918302,0.0,0.0,0.08743974588918302,0.08743974588918302,0.08743974588918302,0.0,-0.03589856826426022,0.0,0.08743974588918302,-0.087439745889183,-0.08743974588918302
2025-03-04,0.01694014801839061,0.0,0.0,0.01694014801839061,0.01694014801839061,-0.01794014801839061,0.0,-0.006954812755466822,0.0,0.01694014801839061,-0.016940148018390607,-0.01694014801839061
2025-03-05,0.0016154612962214765,0.0,0.0,0.0016154612962214765,0.0016154612962214765,-0.0016154612962214765,0.0,-0.0006171998587292315,-0.0021154612962214765,0.0016154612962214765,-0.0016154612962214763,-0.0016154612962214765
2025-03-06,-0.011326746009243216,0.0,0.0,0.010326746009243215,-0.011326746009243216,0.011326746009243216,-0.011826746009243216,0.004182804521277709,0.011326746009243216,-0.011326746009243216,0.011326746009243216,0.011326746009243216
2025-03-07,-0.004799967376230008,0.0,0.0,0.004799967376230008,-0.004799967376230008,0.004799967376230008,-0.004799967376230008,0.0017725589703253023,0.004799967376230008,-0.004799967376230008,0.004799967376230008,0.004799967376230008
2025-03-10,-0.009554075501741588,0.0,0.0,0.009554075501741588,-0.009554075501741588,0.009554075501741588,-0.009554075501741588,0.003528182778416816,0.009554075501741588,-0.009554075501741588,0.009554075501741588,0.009554075501741588
2025-03-11,-0.009463765906322141,0.0,0.0,0.009463765906322141,-0.009463765906322141,0.009463765906322141,-0.009463765906322141,0.003494832742693674,0.009463765906322141,-0.009463765906322141,0.009463765906322141,0.009463765906322141
2025-03-12,-0.023437553784825926,0.0,0.0,0.023437553784825926,-0.023437553784825926,0.023437553784825926,-0.023437553784825926,0.00865515178488667,0.023437553784825926,-0.023437553784825926,0.023437553784825926,0.023437553784825926
2025-03-13,0.031043345002775613,0.0,0.0,-0.031043345002775613,0.031043345002775613,-0.031043345002775613,0.031043345002775613,-0.011463861176654856,0.030043345002775612,0.031043345002775613,-0.031043345002775613,-0.031043345002775613
2025-03-14,-0.029937165681018785,0.0,0.0,-0.030937165681018786,-0.029937165681018785,0.029937165681018785,-0.029937165681018785,0.011055365050352336,-0.0005,-0.029937165681018785,0.02993716568101878,0.029937165681018785
2025-03-17,-0.021417634752039616,0.0,0.0,0.020417634752039615,-0.021417634752039616,0.021417634752039616,-0.021417634752039616,0.007909224714918056,-0.021917634752039616,-0.021417634752039616,0.021417634752039616,0.021417634752039616
2025-03-18,-0.00698944506888477,0.0,0.0,0.00698944506888477,-0.00698944506888477,0.00698944506888477,-0.00698944506888477,0.002581101616606899,-0.00698944506888477,-0.00698944506888477,0.00698944506888477,0.00698944506888477
2025-03-19,-0.03173023323059332,0.0,0.0,0.03173023323059332,-0.03173023323059332,0.03173023323059332,-0.03173023323059332,0.009926667605302617,-0.03173023323059332,-0.03173023323059332,-0.03273023323059331,0.03173023323059332
2025-03-20,0.011532773831553933,0.0,0.0,-0.011532773831553933,0.011532773831553933,-0.011532773831553933,-0.0005,-0.0035430466658681247,0.011532773831553933,0.011532773831553933,0.011532773831553931,-0.011532773831553933
2025-03-21,-0.001944489178866915,0.0,0.0,-0.002944489178866915,-0.001944489178866915,0.001944489178866915,0.0,0.0005969195052279751,-0.001944489178866915,-0.001944489178866915,-0.001944489178866915,0.001944489178866915
2025-03-24,-0.011159533344213157,0.0,0.0,-0.011159533344213157,-0.011159533344213157,0.011159533344213157,0.0,0.0034250154209051202,-0.011159533344213157,-0.011159533344213157,-0.011159533344213157,0.011159533344213157
2025-03-25,-0.0023991944592629544,0.0,0.0,0.0013991944592629544,-0.0023991944592629544,0.0023991944592629544,0.0,0.0007467160547344629,-0.0023991944592629544,-0.0023991944592629544,-0.002399194459262954,0.0023991944592629544
2025-03-26,-0.010052751929645831,0.0,0.0,0.010052751929645831,-0.010052751929645831,0.010052751929645831,0.0,0.0031414384373942648,-0.010052751929645831,-0.010052751929645831,-0.01005275192964583,0.010052751929645831
2025-03-27,-0.004739454338225535,0.0,0.0,0.004739454338225535,-0.004739454338225535,0.004739454338225535,0.0,0.0014870197451895138,-0.004739454338225535,-0.004739454338225535,-0.004739454338225534,0.004739454338225535
2025-03-28,0.013207701370179903,0.0,0.0,-0.013207701370179903,0.013207701370179903,-0.013207701370179903,0.0,-0.004166510781153617,0.013207701370179903,0.013207701370179903,0.013207701370179901,-0.013207701370179903
2025-03-31,-0.004780136561721493,0.0,0.0,-0.005780136561721493,-0.004780136561721493,0.004780136561721493,0.0,0.0017502415767447774,-0.004780136561721493,-0.004780136561721493,-0.004780136561721493,0.004780136561721493
2025-04-01,-0.005233183489481652,0.0,0.0,0.004233183489481652,-0.005233183489481651,0.005233183489481652,0.0,0.001956969502370703,-0.005233183489481652,0.004233183489481652,0.004233183489481652,0.005233183489481652
2025-04-02,-0.005205843610460281,0.0,0.0,0.005205843610460281,-0.005205843610460281,0.005205843610460281,0.0,0.003140024328803426,-0.005205843610460281,0.005205843610460281,0.005205843610460281,0.005205843610460281
2025-04-03,0.16478340306392036,0.0,0.0,-0.16478340306392036,0.16478340306392036,-0.16478340306392036,0.0,-0.10998315682846485,0.16478340306392036,-0.16478340306392036,-0.16478340306392036,-0.16478340306392036
2025-04-04,0.14430666630290268,0.0,0.0,0.14330666630290267,0.14430666630290268,-0.14430666630290268,0.14380666630290267,-0.034294942197639386,-0.14530666630290268,-0.14430666630290268,0.14330666630290267,-0.14430666630290268
2025-04-07,0.01449281866333707,0.0,0.0,0.01449281866333707,0.014492818663337069,-0.01449281866333707,0.01449281866333707,-0.0027320665695327023,-0.01449281866333707,-0.01449281866333707,0.01449281866333707,-0.01449281866333707
2025-04-08,0.0621657186561656,0.0,0.0,0.0621657186561656,0.062165718656165596,-0.0621657186561656,0.0621657186561656,-0.011632067758773354,-0.0621657186561656,0.0611657186561656,0.0621657186561656,-0.0621657186561656
2025-04-09,-0.19101930558397062,0.0,0.0,-0.19101930558397062,-0.19101930558397062,0.19101930558397062,-0.19101930558397062,0.0350086135372669,0.19101930558397062,-0.19101930558397062,-0.19101930558397062,0.19101930558397062
2025-04-10,0.12627170685153633,0.0,0.0,-0.12727170685153633,0.12627170685153633,-0.12627170685153633,0.12627170685153633,-0.017547023922656235,-0.12627170685153633,0.12627170685153633,0.1262717068515363,-0.12627170685153633
2025-04-11,-0.030136911697971946,0.0,0.0,-0.031136911697971947,-0.030136911697971946,0.030136911697971946,-0.030136911697971946,0.003912117425859666,0.030136911697971946,-0.030136911697971946,-0.030136911697971946,0.030136911697971946
2025-04-14,-0.010638278453840577,0.0,0.0,0.009638278453840576,-0.010638278453840576,0.010638278453840577,-0.010638278453840577,0.001374574669701108,0.010638278453840577,-0.010638278453840577,-0.010638278453840576,0.010638278453840577
2025-04-15,0.020394695825817877,0.0,0.0,-0.020394695825817877,0.020394695825817877,-0.020394695825817877,0.020394695825817877,-0.0026502964433859437,-0.020394695825817877,0.020394695825817877,0.020394695825817873,-0.020394695825817877
2025-04-16,-0.032236340695927845,0.0,0.0,-0.033236340695927846,-0.03223634069592784,0.032236340695927845,-0.032236340695927845,0.004206622310258839,0.032236340695927845,-0.032236340695927845,-0.032236340695927845,0.032236340695927845
2025-04-17,-0.04814595821762513,0.0,0.0,0.04714595821762513,-0.04814595821762512,0.04814595821762513,-0.04814595821762513,0.01015931379026754,0.04814595821762513,-0.04814595821762513,0.04714595821762513,0.04814595821762513
2025-04-21,0.03786478210586186,0.0,0.0,-0.03786478210586186,0.03786478210586186,-0.03786478210586186,0.03786478210586186,-0.008021865916853888,-0.03786478210586186,0.03786478210586186,-0.03786478210586186,-0.03786478210586186
2025-04-22,-0.039999916033539806,0.0,0.0,-0.04099991603353981,-0.039999916033539806,0.039999916033539806,-0.039999916033539806,0.008474205984055978,0.039999916033539806,-0.039999916033539806,-0.04099991603353981,0.039999916033539806
2025-04-23,0.013240865934466273,0.0,0.0,-0.014240865934466274,0.013240865934466273,-0.013240865934466273,0.013240865934466273,-0.0028051515218645157,-0.013240865934466273,0.013240865934466273,-0.014240865934466274,-0.013240865934466273
2025-04-24,-0.038977749208835455,0.0,0.0,-0.039977749208835456,-0.038977749208835455,0.038977749208835455,-0.038977749208835455,0.008257654223913532,0.038977749208835455,-0.038977749208835455,-0.039977749208835456,0.038977749208835455
2025-04-25,-0.005535014372334057,0.0,0.0,0.004535014372334057,-0.005535014372334057,0.005535014372334057,-0.005535014372334057,0.0011726237594233831,-0.006535014372334057,-0.005535014372334057,0.004535014372334057,0.005535014372334057
2025-04-28,-0.012232312242432375,0.0,0.0,0.012232312242432375,-0.012232312242432375,0.012232312242432375,-0.012232312242432375,0.002591483780034532,0.011232312242432374,-0.012232312242432375,0.012232312242432375,0.012232312242432375
2025-04-29,0.018731075859524382,0.0,0.0,-0.018731075859524382,0.018731075859524382,-0.018731075859524382,-0.0005,-0.0039682832084820515,-0.018731075859524382,0.018731075859524382,-0.018731075859524382,-0.018731075859524382
2025-04-30,0.0431034551792947,0.0,0.0,0.0421034551792947,0.0431034551792947,-0.0431034551792947,0.0,-0.009131708114276842,0.0421034551792947,0.0431034551792947,0.0421034551792947,-0.0431034551792947
2025-05-01,-0.043758074992580775,0.0,0.0,-0.043758074992580775,-0.043758074992580775,0.043758074992580775,0.0,0.009270392983874543,0.042758074992580775,-0.043758074992580775,-0.043758074992580775,0.043758074992580775
2025-05-02,-0.014796521311368327,0.0,0.0,0.013796521311368326,-0.014796521311368327,0.014796521311368327,0.0,0.003134725816295994,0.014796521311368327,-0.014796521311368327,0.013796521311368326,0.014796521311368327
2025-05-05,0.05832316693873285,0.0,0.0,-0.05832316693873285,0.05832316693873285,-0.05832316693873285,0.0,-0.01235608919445943,0.05732316693873285,0.05832316693873285,-0.05832316693873285,-0.05832316693873285
2025-05-06,-0.014838629397048608,0.0,0.0,-0.01583862939704861,-0.014838629397048608,0.014838629397048608,0.0,0.0031436466498134885,0.013838629397048607,-0.014838629397048608,-0.01583862939704861,0.014838629397048608
2025-05-07,0.01589315998979135,0.0,0.0,-0.01689315998979135,0.01589315998979135,-0.01589315998979135,0.0,-0.003367054855268159,0.01489315998979135,0.01589315998979135,-0.01689315998979135,-0.01589315998979135
2025-05-08,-0.045219645506848094,0.0,0.0,-0.046219645506848095,-0.045219645506848094,0.045219645506848094,-0.045719645506848094,0.009580034873815976,0.04421964550684809,-0.045219645506848094,-0.046219645506848095,0.045219645506848094
2025-05-09,-0.0333745398274965,0.0,0.0,0.032374539827496496,-0.0333745398274965,0.0333745398274965,-0.0005,0.007070582970327722,0.0333745398274965,-0.0333745398274965,0.032374539827496496,0.0333745398274965
2025-05-12,-0.05921063180807029,0.0,0.0,0.05921063180807029,-0.05921063180807029,0.05921063180807029,0.0,0.012544103591791485,-0.06021063180807029,-0.05921063180807029,-0.06021063180807029,0.05921063180807029
2025-05-13,-0.04234884860650401,0.0,0.0,0.04234884860650401,-0.04234884860650401,0.04234884860650401,0.0,0.008971840490320107,0.04134884860650401,-0.04234884860650401,-0.04234884860650401,0.04234884860650401
2025-05-14,0.015709678167552088,0.0,0.0,-0.015709678167552088,0.015709678167552088,-0.015709678167552088,0.0,-0.0029931881938656036,0.014709678167552087,0.015709678167552088,0.015709678167552088,-0.015709678167552088
2025-05-15,0.022564582433384328,0.0,0.0,0.021564582433384327,0.022564582433384328,-0.022564582433384328,0.0,-0.004283445350414624,0.022564582433384328,-0.02356458243338433,0.022564582433384328,-0.022564582433384328
2025-05-16,0.009572120534275919,0.0,0.0,0.009572120534275919,0.009572120534275919,-0.009572120534275919,0.0,-0.0018170801661053797,0.009572120534275919,-0.009572120534275919,0.009572120534275919,-0.009572120534275919
2025-05-19,0.015349688863652844,0.0,0.0,0.015349688863652844,0.015349688863652844,-0.015349688863652844,0.0,-0.0029138386933342205,0.015349688863652844,0.014349688863652843,0.015349688863652844,-0.015349688863652844
2025-05-20,0.004041611723642813,0.0,0.0,0.004041611723642813,0.004041611723642812,-0.004041611723642813,0.0,-0.0007672210641135499,-0.005041611723642813,0.004041611723642813,0.004041611723642813,-0.004041611723642813
2025-05-21,0.03130418009981317,0.0,0.0,-0.03230418009981317,0.031304180099813166,-0.03130418009981317,0.0,-0.005942487306953253,-0.03130418009981317,0.03130418009981317,0.03130418009981317,-0.03130418009981317
2025-05-22,-0.0017952390573903187,0.0,0.0,-0.0027952390573903188,-0.0017952390573903187,0.0017952390573903187,0.0,0.00034079107893812433,-0.0027952390573903188,-0.0017952390573903187,-0.0017952390573903187,0.0017952390573903187
2025-05-23,-0.006571205308214312,0.0,0.0,-0.006571205308214312,-0.006571205308214312,0.006571205308214312,0.0,0.0012474150101021314,0.005571205308214312,-0.006571205308214312,-0.006571205308214312,0.006571205308214312
2025-05-27,-0.027299672539767617,0.0,0.0,0.026299672539767616,-0.027299672539767617,0.027299672539767617,0.0,0.005182309743755836,-0.028299672539767617,-0.027299672539767617,-0.027299672539767617,0.027299672539767617
2025-05-28,0.0075102020435757755,0.0,0.0,-0.0075102020435757755,0.0075102020435757755,-0.0075102020435757755,0.0,-0.0014256652042731438,-0.008510202043575776,0.0075102020435757755,0.0075102020435757755,-0.0075102020435757755
2025-05-29,-0.0093132163822236,0.0,0.0,0.0093132163822236,-0.0093132163822236,0.0093132163822236,0.0,0.0017679322685280338,0.0093132163822236,-0.0093132163822236,-0.0093132163822236,0.0093132163822236
2025-05-30,0.019031136678215876,0.0,0.0,-0.019031136678215876,0.019031136678215873,-0.019031136678215876,0.0,-0.0036126896723247927,-0.019031136678215876,0.019031136678215876,0.019031136678215876,-0.019031136678215876
2025-06-02,-0.018812468719693776,0.0,0.0,-0.019812468719693777,-0.018812468719693776,0.018812468719693776,0.0,0.0035711798303863763,-0.019812468719693777,-0.018812468719693776,-0.018812468719693776,0.018812468719693776
2025-06-03,-0.05424123733763864,0.0,0.0,0.053241237337638636,-0.05424123733763864,0.05424123733763864,0.0,0.010296639725577102,-0.05424123733763864,-0.05424123733763864,-0.05424123733763864,0.05424123733763864
2025-06-04,0.019157171619386237,0.0,0.0,-0.019157171619386237,0.019157171619386237,-0.019157171619386237,0.0,-0.003636614944788387,-0.020157171619386238,0.019157171619386237,0.019157171619386237,-0.019157171619386237
2025-06-05,0.00390628968799589,0.0,0.0,-0.00390628968799589,0.00390628968799589,-0.00390628968799589,0.0,-0.0007415328181151276,-0.00390628968799589,0.00390628968799589,0.00390628968799589,-0.00390628968799589
2025-06-06,-0.036414681053632325,0.0,0.0,-0.037414681053632326,-0.036414681053632325,0.036414681053632325,0.0,0.006912616118933352,-0.037414681053632326,-0.036414681053632325,-0.036414681053632325,0.036414681053632325
2025-06-09,-0.007026897072407445,0.0,0.0,0.006026897072407445,-0.007026897072407445,0.007026897072407445,0.0,0.0013339191931207113,-0.007026897072407445,-0.007026897072407445,-0.007026897072407445,0.007026897072407445
2025-06-10,-0.03489007345261674,0.0,0.0,0.03489007345261674,-0.03489007345261674,0.03489007345261674,0.0,0.006623199137296014,-0.03489007345261674,-0.03489007345261674,-0.03489007345261674,0.03489007345261674
2025-06-11,-0.017116281502423947,0.0,0.016616281502423946,0.017116281502423947,-0.017116281502423947,0.017116281502423947,0.0,0.0032491918090836723,-0.017116281502423947,-0.017116281502423947,-0.017116281502423947,0.017116281502423947
2025-06-12,-0.017337974913429477,0.0,0.017337974913429477,0.017337974913429477,-0.017337974913429473,0.017337974913429477,0.0,0.003291275974097258,-0.017337974913429477,-0.017337974913429477,-0.017337974913429477,0.017337974913429477
2025-06-13,-0.05313285450067462,0.0,0.05313285450067462,0.05313285450067462,-0.05313285450067462,0.05313285450067462,0.0,0.010086234887664006,-0.05313285450067462,-0.05313285450067462,-0.05313285450067462,0.05313285450067462
2025-06-16,0.02427418285815286,0.0,-0.02427418285815286,-0.02427418285815286,0.02427418285815286,0.02327418285815286,0.0,-0.004607979607237709,0.02427418285815286,0.02427418285815286,0.02427418285815286,-0.02427418285815286
2025-06-17,-0.01365857743378962,0.0,0.01365857743378962,-0.014658577433789621,-0.01365857743378962,-0.01365857743378962,0.0,0.002592814211154419,-0.01365857743378962,-0.01365857743378962,-0.01365857743378962,0.01365857743378962
2025-06-18,0.022617965121630612,0.0,-0.022617965121630612,-0.023617965121630613,0.02261796512163061,0.022617965121630612,0.0,-0.008988581604566405,0.022617965121630612,-0.023617965121630613,-0.02361796512163061,-0.022617965121630612
2025-06-20,0.01674050905687796,0.0,-0.01674050905687796,0.01574050905687796,0.01674050905687796,0.01674050905687796,0.0,-0.006471891147513835,0.01674050905687796,-0.01674050905687796,-0.01674050905687796,-0.01674050905687796
2025-06-23,0.07911872231667771,0.0,-0.07911872231667771,0.07911872231667771,0.07911872231667771,0.07911872231667771,0.0,-0.03000801430487992,0.07911872231667771,-0.07911872231667771,-0.07911872231667771,-0.07911872231667771
2025-06-24,0.011419257223882373,0.0,-0.0005,0.011419257223882373,0.011419257223882371,0.011419257223882373,0.0,-0.003601996811117909,0.011419257223882373,-0.011419257223882373,-0.011419257223882373,-0.011419257223882373
2025-06-25,0.020901926158618744,0.0,0.0,0.020901926158618744,0.020901926158618744,0.020901926158618744,-0.021401926158618745,-0.006488695061214174,0.020901926158618744,-0.020901926158618744,-0.020901926158618744,-0.020901926158618744
2025-06-26,-0.03651673868852212,0.0,0.0,-0.03651673868852212,-0.03651673868852212,-0.03651673868852212,-0.0005,0.011153084829654426,-0.03651673868852212,0.03651673868852212,0.03651673868852212,0.03651673868852212
2025-06-27,-0.005961949708723546,0.0,0.0,0.004961949708723546,-0.005961949708723546,-0.005961949708723546,0.0,0.001794661890838051,-0.005961949708723546,0.005961949708723546,0.005961949708723545,0.005961949708723546
2025-06-30,0.014547147197777388,0.0,0.0,-0.014547147197777388,0.014547147197777388,0.014547147197777388,0.0,-0.00439839227778571,0.014547147197777388,-0.014547147197777388,-0.014547147197777386,-0.014547147197777388
2025-07-01,-0.035538431716766405,0.0,0.0,-0.036538431716766406,-0.035538431716766405,-0.035538431716766405,0.0,0.010662408390199817,-0.035538431716766405,0.035538431716766405,0.035538431716766405,0.035538431716766405
2025-07-02,-0.029038956467763333,0.0,0.028538956467763332,0.028038956467763332,-0.029038956467763333,-0.029038956467763333,0.0,0.00861888885781599,-0.029038956467763333,0.029038956467763333,0.02903895646776333,0.029038956467763333
2025-07-03,-0.0020525021298534174,0.0,0.0020525021298534174,0.0020525021298534174,-0.0020525021298534174,-0.0020525021298534174,0.0,0.0006024893908535963,-0.0020525021298534174,0.0020525021298534174,0.002052502129853417,0.0020525021298534174
2025-07-07,0.006144484199041567,0.0,-0.006144484199041567,-0.006144484199041567,0.006144484199041567,0.006144484199041567,-0.006644484199041567,-0.001934056147776884,0.006144484199041567,-0.006144484199041567,-0.006144484199041566,-0.006144484199041567
2025-07-08,-0.05615661493509583,0.0,0.05615661493509583,-0.05715661493509583,-0.05615661493509583,-0.05615661493509583,0.05615661493509583,0.017799454210854056,-0.05615661493509583,0.05615661493509583,0.05615661493509583,0.05615661493509583
2025-07-09,0.002438979399847052,0.0,-0.002438979399847052,-0.003438979399847052,0.002438979399847052,0.002438979399847052,-0.002438979399847052,-0.0007346012079338734,-0.003438979399847052,-0.002438979399847052,-0.0024389793998470517,-0.002438979399847052
2025-07-10,0.002444942564395425,0.0,-0.002444942564395425,-0.002444942564395425,0.002444942564395425,0.002444942564395425,-0.002444942564395425,-0.0007451954056788244,-0.002444942564395425,-0.002444942564395425,-0.0024449425643954244,-0.002444942564395425
2025-07-11,0.014215716995571559,0.0,-0.014215716995571559,0.013215716995571558,0.014215716995571559,0.014215716995571559,-0.014215716995571559,-0.004308750463975687,0.013215716995571558,-0.014215716995571559,-0.014215716995571559,-0.014215716995571559
2025-07-14,0.03182507021077363,0.0,-0.03182507021077363,0.03182507021077363,0.03182507021077363,0.03182507021077363,-0.03182507021077363,-0.009816021963893777,0.03182507021077363,-0.03182507021077363,-0.03182507021077363,-0.03182507021077363
2025-07-15,0.04211591788751434,0.0,-0.04211591788751434,0.04211591788751434,0.04211591788751434,0.04211591788751434,-0.04211591788751434,-0.01270682419362319,0.04211591788751434,-0.04211591788751434,-0.04211591788751434,-0.04211591788751434
2025-07-16,0.027345873380333896,0.0,-0.027345873380333896,0.027345873380333896,0.027345873380333896,0.027345873380333896,-0.027345873380333896,-0.007989047953500006,0.027345873380333896,-0.027345873380333896,-0.027345873380333896,-0.027345873380333896
2025-07-17,-0.03858859057589781,0.0,-0.0005,-0.03858859057589781,-0.03858859057589781,-0.03858859057589781,-0.0005,0.012100086988250087,0.03758859057589781,0.03858859057589781,0.03858859057589781,0.03858859057589781
2025-07-18,0.0010615516218769327,0.0,-0.0015615516218769328,-0.0020615516218769328,0.0010615516218769327,0.0010615516218769327,0.0,-0.0003261567617318657,6.155162187693273e-05,6.155162187693273e-05,-0.0010615516218769325,-0.0010615516218769327
2025-07-21,0.011689583134222636,0.0,-0.011689583134222636,-0.011689583134222636,0.011689583134222636,0.011689583134222636,0.0,-0.00355117681040467,0.011689583134222636,-0.012689583134222637,-0.011689583134222636,-0.011689583134222636
2025-07-22,-0.02125326952691209,0.0,0.02125326952691209,-0.02225326952691209,-0.02125326952691209,-0.02125326952691209,0.0,0.006501799187674283,-0.02125326952691209,0.02125326952691209,-0.02225326952691209,0.02125326952691209
2025-07-23,-0.02454647298429169,0.0,0.02454647298429169,0.02354647298429169,-0.02454647298429169,-0.02454647298429169,0.0,0.007434281904152413,0.02354647298429169,0.02454647298429169,0.02354647298429169,0.02454647298429169
2025-07-24,-0.005208347790399914,0.0,0.005208347790399914,0.005208347790399914,-0.005208347790399914,-0.005208347790399914,0.0,0.0018521258972018187,0.005208347790399914,0.005208347790399914,0.005208347790399914,0.005208347790399914
2025-07-25,0.010362722915798872,0.0,-0.010362722915798872,-0.010362722915798872,0.010362722915798872,0.010362722915798872,-0.010862722915798873,-0.0037745086622535755,-0.010362722915798872,-0.010362722915798872,-0.010362722915798872,-0.010362722915798872
2025-07-28,-0.024607253822825914,0.0,0.024607253822825914,-0.025607253822825915,-0.024607253822825914,-0.024607253822825914,0.024607253822825914,0.009097977410219234,0.024607253822825914,0.024607253822825914,0.024607253822825914,0.024607253822825914
2025-07-29,-0.005620945027623669,0.0,0.005620945027623669,0.004620945027623669,-0.005620945027623669,-0.005620945027623669,0.005620945027623669,0.0021264421075350495,0.005620945027623669,0.005620945027623669,0.005620945027623669,0.005620945027623669
2025-07-30,0.010162629758479591,0.0,-0.010162629758479591,-0.010162629758479591,0.010162629758479591,0.010162629758479591,-0.010162629758479591,-0.003853217213923413,-0.010162629758479591,-0.010162629758479591,-0.010162629758479591,-0.010162629758479591
2025-07-31,0.009753539644115405,0.0,-0.009753539644115405,0.008753539644115405,0.009753539644115405,0.009753539644115405,-0.009753539644115405,-0.003720512090709241,0.008753539644115405,-0.009753539644115405,0.008753539644115405,-0.009753539644115405
2025-08-01,0.04302763430230394,0.0,-0.04302763430230394,0.04302763430230394,0.04302763430230394,0.04302763430230394,-0.04302763430230394,-0.01705841113199815,0.04302763430230394,-0.04302763430230394,0.04302763430230394,-0.04302763430230394
2025-08-04,0.010292361843412312,0.0,-0.010292361843412312,0.010292361843412312,0.010292361843412312,0.010292361843412312,-0.0005,-0.003915762810171521,0.010292361843412312,-0.010292361843412312,0.010292361843412312,-0.010292361843412312
2025-08-05,-0.017515056846848953,0.0,0.017515056846848953,-0.017515056846848953,-0.017515056846848953,-0.017515056846848953,0.0,0.00663469622760067,-0.017515056846848953,0.017515056846848953,-0.017515056846848953,0.017515056846848953
2025-08-06,0.02850996598018274,0.0,-0.02850996598018274,-0.02950996598018274,0.02850996598018274,0.02850996598018274,0.0,-0.010654880947630861,0.02850996598018274,-0.02850996598018274,-0.02950996598018274,-0.02850996598018274
2025-08-07,-0.07751937476146331,0.0,0.07751937476146331,-0.07851937476146331,-0.07751937476146331,-0.07751937476146331,0.0,0.03286120163118758,-0.07751937476146331,0.07751937476146331,-0.07851937476146331,0.07751937476146331
2025-08-08,-0.02826308034711733,0.0,0.02826308034711733,0.02726308034711733,-0.02826308034711733,-0.02826308034711733,0.0,0.00926676303711977,-0.02826308034711733,0.02826308034711733,0.02726308034711733,0.02826308034711733
2025-08-11,-0.005497783364988295,0.0,-0.004497783364988295,-0.004497783364988295,0.004497783364988295,0.004497783364988295,-0.004997783364988295,-0.001450214494926272,0.004497783364988295,-0.004497783364988295,0.0034977833649882948,-0.004497783364988295
2025-08-12,0.02610445149656515,0.0,0.02610445149656515,0.02610445149656515,-0.02610445149656515,-0.02610445149656515,0.02610445149656515,0.008438967985027933,-0.02610445149656515,0.02610445149656515,-0.02610445149656515,0.02610445149656515
2025-08-13,0.005870819187576037,0.0,0.005870819187576037,0.005870819187576037,-0.005870819187576037,-0.005870819187576037,0.005870819187576037,0.0019272821192877555,0.004870819187576037,0.005870819187576037,-0.005870819187576037,0.005870819187576037
2025-08-14,-0.0034046404030384503,0.0,-0.0034046404030384503,-0.0034046404030384503,0.00340464040303845,0.0034046404030384503,-0.0034046404030384503,-0.0012129094725267444,0.0024046404030384503,-0.0034046404030384503,0.0034046404030384503,-0.0034046404030384503
2025-08-15,-0.00048802503512557216,0.0,-0.00048802503512557216,-0.00048802503512557216,0.0004880250351255721,0.00048802503512557216,-0.00048802503512557216,-0.00018540882958716244,-0.0014880250351255722,-0.00048802503512557216,0.00048802503512557216,-0.00048802503512557216
2025-08-18,-0.003418035999830038,0.0,-0.003418035999830038,-0.003418035999830038,0.003418035999830038,0.003418035999830038,-0.003418035999830038,-0.0013105654538895569,-0.003418035999830038,-0.003418035999830038,0.003418035999830038,-0.003418035999830038
2025-08-19,-0.008329235204546204,0.0,-0.008329235204546204,0.007329235204546204,-0.009329235204546205,0.008329235204546204,-0.008329235204546204,-0.0031712379693827086,0.007329235204546204,-0.008329235204546204,-0.009329235204546205,-0.008329235204546204
2025-08-20,0.004940725339283469,0.0,0.004940725339283469,-0.004940725339283469,0.004940725339283469,-0.004940725339283469,0.004940725339283469,0.001887867137229003,0.003940725339283469,0.004940725339283469,0.004940725339283469,0.004940725339283469
2025-08-21,0.014257582665332169,0.0,0.014257582665332169,-0.014257582665332169,0.014257582665332169,-0.014257582665332169,0.014257582665332169,0.005510966858400466,0.014257582665332169,0.014257582665332169,0.014257582665332169,0.014257582665332169
2025-08-22,0.04895785224398974,0.0,0.04895785224398974,0.04795785224398974,0.04895785224398974,-0.04895785224398974,0.04895785224398974,0.019185870826507873,-0.04995785224398974,0.04895785224398974,0.04895785224398974,0.04895785224398974
2025-08-25,0.03327177602650888,0.0,0.03327177602650888,0.03327177602650888,0.03327177602650888,-0.03327177602650888,0.03327177602650888,0.012050687332001956,-0.03327177602650888,0.03327177602650888,0.03327177602650888,0.03327177602650888
2025-08-26,-0.010733411534895154,-0.011233411534895155,-0.010733411534895154,-0.010733411534895154,-0.010733411534895154,0.010733411534895154,-0.010733411534895154,-0.003838202116369582,0.010733411534895154,-0.010733411534895154,-0.010733411534895154,-0.010733411534895154
2025-08-27,0.021247761547772193,0.021247761547772193,0.021247761547772193,0.021247761547772193,0.021247761547772193,-0.021247761547772193,0.021247761547772193,0.007591252069951326,-0.021247761547772193,0.021247761547772193,0.021247761547772193,0.021247761547772193
2025-08-28,0.01726407803214025,0.01726407803214025,0.01726407803214025,0.01726407803214025,0.01726407803214025,-0.01726407803214025,0.01726407803214025,0.006119758532554633,-0.01726407803214025,0.01726407803214025,0.01726407803214025,0.01726407803214025
2025-08-29,0.010443997445820363,0.010443997445820363,0.010443997445820363,0.010443997445820363,0.010443997445820363,-0.010443997445820363,0.010443997445820363,0.0037307112514812528,-0.010443997445820363,0.010443997445820363,0.010443997445820363,0.010443997445820363
2025-09-02,0.026701159262693563,0.026701159262693563,0.026701159262693563,0.026701159262693563,0.026701159262693563,-0.026701159262693563,0.026701159262693563,0.00965668288716844,-0.026701159262693563,0.026701159262693563,0.026701159262693563,0.026701159262693563
2025-09-03,-0.04865766810942529,-0.04865766810942529,-0.04865766810942529,-0.04865766810942529,-0.04865766810942529,0.04865766810942529,-0.04865766810942529,-0.019629753532893694,0.04865766810942529,-0.04865766810942529,-0.04865766810942529,-0.04865766810942529
2025-09-04,0.033509684980414844,0.033509684980414844,0.033509684980414844,-0.034509684980414845,0.033509684980414844,-0.033509684980414844,0.033509684980414844,0.011881789460143856,-0.033509684980414844,0.033509684980414844,0.033509684980414844,0.033509684980414844
2025-09-05,-0.029437039947567745,-0.029437039947567745,-0.029437039947567745,-0.030437039947567746,-0.029437039947567745,0.029437039947567745,-0.029437039947567745,-0.010294717456872346,0.029437039947567745,-0.029437039947567745,-0.029437039947567745,-0.029437039947567745
2025-09-08,-0.02153828026930027,-0.021538280269300266,-0.02153828026930027,0.02053828026930027,-0.02153828026930027,0.02153828026930027,-0.02153828026930027,-0.007511508014641811,0.02153828026930027,-0.02153828026930027,-0.02153828026930027,-0.02153828026930027
2025-09-09,-0.02695433875267117,-0.02695433875267117,-0.02695433875267117,0.02695433875267117,-0.02695433875267117,0.02695433875267117,-0.02695433875267117,-0.010923006327670287,0.02695433875267117,-0.02695433875267117,-0.02695433875267117,-0.02695433875267117
2025-09-10,0.07525408357223018,0.07525408357223018,0.07525408357223018,-0.07525408357223018,0.07525408357223018,-0.07525408357223018,0.07525408357223018,0.029714498863857824,-0.07525408357223018,0.07525408357223018,0.07525408357223018,0.07525408357223018
2025-09-11,-0.013310622088984703,-0.013310622088984703,-0.013310622088984703,-0.014310622088984704,-0.013310622088984703,0.013310622088984703,-0.013310622088984703,-0.004458129040029058,0.013310622088984703,-0.013310622088984703,-0.013310622088984703,-0.013310622088984703
2025-09-12,-0.006092117105393591,-0.006092117105393591,-0.006092117105393591,-0.006092117105393591,-0.006092117105393591,0.006092117105393591,-0.006092117105393591,-0.002023834954267322,0.006092117105393591,-0.006092117105393591,-0.006092117105393591,-0.006092117105393591
2025-09-15,0.0030647724529819786,0.003064772452981978,0.0030647724529819786,-0.004064772452981979,0.0030647724529819786,-0.0030647724529819786,0.0030647724529819786,0.0010129855159823,-0.0030647724529819786,0.0030647724529819786,0.0030647724529819786,0.0030647724529819786
2025-09-16,0.0698386060659113,0.0698386060659113,0.0698386060659113,-0.0698386060659113,0.0698386060659113,-0.0698386060659113,0.0698386060659113,0.023151807131619125,-0.0698386060659113,0.0698386060659113,0.0698386060659113,0.0698386060659113
2025-09-17,-0.014280004474430341,-0.014280004474430341,-0.014280004474430341,-0.015280004474430342,-0.014280004474430341,0.014280004474430341,-0.014280004474430341,-0.00427439549921373,0.014280004474430341,-0.014280004474430341,-0.014280004474430341,-0.014280004474430341
2025-09-18,-0.010761521433377164,-0.010761521433377164,-0.010761521433377164,-0.0005,-0.010761521433377164,-0.011761521433377164,-0.010761521433377164,-0.003810117135252884,0.010761521433377164,-0.010761521433377164,-0.010761521433377164,-0.010761521433377164
2025-09-19,-0.01757323661638799,-0.01757323661638799,-0.01757323661638799,0.0,-0.01757323661638799,-0.01757323661638799,-0.01757323661638799,-0.006178197585830933,0.01757323661638799,-0.01757323661638799,-0.01757323661638799,-0.01757323661638799
2025-09-22,0.005536675716379502,-0.0005,0.005536675716379502,0.0,0.005536675716379502,0.005536675716379502,0.005536675716379502,0.001946521138431894,-0.005536675716379502,0.005536675716379502,0.005536675716379502,0.005536675716379502
2025-09-23,0.016094784615608315,0.0,0.016094784615608315,0.015594784615608315,0.016094784615608315,0.016094784615608315,0.016094784615608315,0.005658420336973669,-0.016094784615608315,0.016094784615608315,0.016094784615608315,0.016094784615608315
2025-09-24,0.017924135536433905,0.0,0.017924135536433905,0.017924135536433905,0.017924135536433905,0.017924135536433905,0.017924135536433905,0.006301562615735366,0.016924135536433904,0.017924135536433905,0.017924135536433905,0.017924135536433905
2025-09-25,-0.0032759638870427654,-0.0037759638870427654,-0.0032759638870427654,-0.0032759638870427654,-0.003275963887042765,-0.0032759638870427654,-0.0032759638870427654,-0.0011517259239156015,0.0022759638870427654,-0.0032759638870427654,-0.003275963887042765,-0.0032759638870427654
2025-09-26,0.014379580340662335,0.014379580340662335,0.014379580340662335,-0.0005,0.014379580340662335,0.014379580340662335,0.014379580340662335,0.005055408430743715,-0.014379580340662335,0.014379580340662335,0.014379580340662335,0.014379580340662335
2025-09-29,-0.0141757391605154,-0.0141757391605154,-0.0141757391605154,-0.0146757391605154,-0.0141757391605154,-0.0141757391605154,-0.0141757391605154,-0.0049837442794796105,0.0141757391605154,-0.0141757391605154,-0.014175739160515398,-0.0141757391605154
2025-09-30,-0.002465068598519693,-0.002465068598519693,-0.002465068598519693,-0.0005,-0.002465068598519693,-0.002465068598519693,-0.002465068598519693,-0.0008666406306781024,-0.003465068598519693,-0.002465068598519693,-0.002465068598519693,-0.002465068598519693
2025-10-01,0.03212516360857509,0.03212516360857509,0.03212516360857509,0.03162516360857509,0.03212516360857509,0.03212516360857509,0.03212516360857509,0.01129419768159459,0.03212516360857509,0.03212516360857509,0.03212516360857509,0.03212516360857509
2025-10-02,-0.047086995747118277,-0.047086995747118277,-0.047086995747118277,-0.047086995747118277,-0.047086995747118277,-0.047086995747118277,-0.047086995747118277,-0.016554307541593434,0.046086995747118276,-0.047086995747118277,-0.047086995747118277,-0.047086995747118277
2025-10-03,0.027638251182917628,0.027638251182917628,0.027638251182917628,-0.0005,0.027638251182917628,0.027638251182917628,0.027638251182917628,0.009716740317242005,0.026638251182917627,0.027638251182917628,0.027638251182917628,0.027638251182917628
2025-10-06,0.023634897820786538,0.023634897820786538,0.023634897820786538,0.023134897820786537,0.023634897820786538,0.023634897820786538,0.023634897820786538,0.008309287119116786,-0.02463489782078654,0.023634897820786538,0.023634897820786538,0.023634897820786538
2025-10-07,-0.0015924552853705531,-0.0015924552853705531,-0.0015924552853705531,-0.0015924552853705531,-0.0015924552853705531,-0.0015924552853705531,-0.0015924552853705531,-0.0005598572200664007,0.0015924552853705531,-0.0015924552853705531,-0.0015924552853705531,-0.0015924552853705531
2025-10-08,-0.019138683679529533,-0.0005,-0.019138683679529533,-0.0005,-0.019138683679529533,-0.019138683679529533,-0.019138683679529533,-0.006728559563955549,0.019138683679529533,-0.019138683679529533,-0.019138683679529533,-0.019138683679529533
2025-10-09,-0.038211422167923836,0.0,-0.038211422167923836,0.0,-0.038211422167923836,-0.038211422167923836,-0.038211422167923836,-0.01343393487167176,0.038211422167923836,-0.038211422167923836,-0.038211422167923836,-0.038211422167923836
2025-10-10,-0.0726964519368134,0.0,-0.0726964519368134,0.0,-0.0726964519368134,-0.0726964519368134,-0.0726964519368134,-0.025557787313673017,-0.0736964519368134,-0.0726964519368134,-0.0726964519368134,-0.0726964519368134
2025-10-13,0.04010935283021566,0.0,0.04010935283021566,0.0,0.04010935283021566,-0.0005,-0.0005,0.014101187631753016,0.04010935283021566,0.04010935283021566,0.04010935283021566,0.04010935283021566
2025-10-14,0.00394385036567213,0.0,0.00394385036567213,0.00344385036567213,0.00394385036567213,0.0,0.0,0.0013865338150259412,0.00394385036567213,0.00394385036567213,0.003943850365672129,0.00394385036567213
2025-10-15,0.014404178576524096,0.0,0.014404178576524096,0.014404178576524096,0.014404178576524096,0.0,0.0,0.005064056397235847,0.014404178576524096,0.014404178576524096,0.014404178576524094,0.014404178576524096
2025-10-16,-0.010327068131521622,0.0,-0.010327068131521622,-0.010327068131521622,-0.010327068131521622,0.0,0.0,-0.0036306725273009205,0.00932706813152162,-0.010327068131521622,-0.01032706813152162,-0.010327068131521622
2025-10-17,-0.02086948700879243,0.0,-0.02086948700879243,-0.0005,-0.02086948700879243,0.02036948700879243,0.0,-0.007337055607332564,-0.021869487008792432,-0.02086948700879243,0.01986948700879243,-0.02086948700879243
2025-10-20,-0.0013321879269362347,0.0,-0.0013321879269362347,0.0,-0.0013321879269362347,0.0013321879269362347,0.0,-0.0004683553982534531,-0.0005,-0.0013321879269362347,-0.0023321879269362347,-0.0013321879269362347
2025-10-21,0.004001807290457959,0.0,0.004001807290457959,0.0,0.004001807290457959,-0.004001807290457959,0.0,0.0014069096479251623,0.0035018072904579593,0.004001807290457959,0.004001807290457959,0.004001807290457959
2025-10-22,0.025078307974300884,0.0,0.025078307974300884,0.024578307974300884,0.025078307974300884,-0.025078307974300884,0.0,0.008816744756003664,0.025078307974300884,0.025078307974300884,0.025078307974300884,0.025078307974300884
2025-10-23,0.07557897483696951,0.0,0.07557897483696951,0.07557897483696951,0.07557897483696951,-0.07557897483696951,0.0,0.02657119175427784,0.07557897483696951,0.07557897483696951,0.07557897483696951,0.07557897483696951
2025-10-24,-0.032087848066781555,-0.032587848066781555,-0.032087848066781555,-0.032087848066781555,-0.032087848066781555,0.032087848066781555,0.0,-0.01128107871010087,-0.032087848066781555,-0.032087848066781555,0.031087848066781554,-0.032087848066781555
2025-10-27,-0.020562287498987364,-0.0005,-0.020562287498987364,-0.0005,-0.020562287498987364,0.020562287498987364,-0.021062287498987364,-0.007229053916393276,-0.020562287498987364,-0.020562287498987364,-0.021562287498987365,-0.020562287498987364
2025-10-28,-0.026135371147996134,-0.02663537114799613,-0.026135371147996134,0.0,-0.026135371147996134,0.026135371147996134,-0.026135371147996134,-0.008273346535618226,-0.0005,-0.026135371147996134,0.02513537114799613,-0.026135371147996134
2025-10-29,-0.008358979502873676,-0.0004999999999999999,-0.008358979502873676,0.0,-0.008358979502873676,0.008358979502873676,-0.0005,-0.0026403891913565993,0.007858979502873675,-0.008358979502873676,-0.009358979502873677,-0.008358979502873676
2025-10-30,-0.006211208095173171,0.0,-0.006211208095173171,0.0,-0.006211208095173171,0.006211208095173171,0.0,-0.0019619627867401524,0.006211208095173171,-0.006211208095173171,-0.006211208095173171,-0.006211208095173171
2025-10-31,0.01116074618650753,0.0,0.01116074618650753,0.0,0.01116074618650753,-0.01116074618650753,0.0,0.0035253960831221113,0.01016074618650753,0.01116074618650753,0.01116074618650753,0.01116074618650753
2025-11-03,-0.0070639755774631885,-0.007563975577463189,-0.0070639755774631885,-0.007563975577463189,-0.0070639755774631885,0.0070639755774631885,0.0,-0.0022313303623161984,0.0060639755774631885,-0.0070639755774631885,0.0060639755774631885,-0.0070639755774631885
2025-11-04,-0.017785749406648454,-0.017785749406648454,-0.017785749406648454,-0.0005,-0.017785749406648454,0.017785749406648454,0.0,-0.005618066233724718,0.017785749406648454,-0.017785749406648454,0.017785749406648454,-0.017785749406648454
2025-11-05,-0.01946582767919902,-0.0005,-0.01946582767919902,0.0,-0.01946582767919902,0.01946582767919902,0.0,-0.006148760262816492,-0.020465827679199022,-0.01946582767919902,-0.020465827679199022,-0.01946582767919902
2025-11-06,0.09141271891590397,0.0,0.09141271891590397,0.0,0.09141271891590397,-0.09141271891590397,0.0,0.028874954759141896,-0.09241271891590397,0.09141271891590397,0.09141271891590397,0.09141271891590397
2025-11-07,0.008037208555715214,0.007537208555715213,0.008037208555715214,0.0075372085557152135,0.008037208555715214,-0.008037208555715214,0.0,0.0025387499265782016,0.007037208555715214,0.008037208555715214,-0.009037208555715215,0.008037208555715214
2025-11-10,0.021821310050235576,0.021821310050235576,0.021821310050235576,0.021821310050235576,0.021821310050235576,-0.021821310050235576,0.021321310050235576,0.006892797282021745,-0.022821310050235577,0.021821310050235576,-0.021821310050235576,0.021821310050235576
2025-11-11,0.009856284232951484,0.009856284232951484,0.009856284232951484,0.009856284232951484,0.009856284232951484,-0.009856284232951484,0.009856284232951484,0.003113349703355154,0.008856284232951483,0.009856284232951484,-0.009856284232951484,0.009856284232951484
2025-11-12,-0.028466904417441152,-0.028466904417441152,-0.028466904417441152,-0.028466904417441152,-0.028466904417441152,0.028466904417441152,-0.028466904417441152,-0.00899197165268237,0.02746690441744115,-0.028466904417441152,0.028466904417441152,-0.028466904417441152
2025-11-13,0.03348677927031152,0.03348677927031152,0.03348677927031152,-0.0005,0.03348677927031152,-0.03348677927031152,0.03348677927031152,0.010577622544507748,-0.03348677927031152,0.03348677927031152,-0.03348677927031152,0.03348677927031152
2025-11-14,0.004050376753583995,0.004050376753583995,0.004050376753583995,0.003550376753583995,0.004050376753583995,-0.004050376753583995,0.004050376753583995,0.001279411080911085,-0.0005,0.004050376753583995,-0.004050376753583995,0.004050376753583995
2025-11-17,-0.01653907294071255,-0.01653907294071255,-0.01653907294071255,-0.01653907294071255,-0.01653907294071255,-0.0005,-0.01653907294071255,-0.005224272820946978,-0.017039072940712552,-0.01653907294071255,0.01653907294071255,-0.01653907294071255
2025-11-18,0.022149392100318632,0.022149392100318632,0.022149392100318632,-0.0005,0.022149392100318632,0.0,0.022149392100318632,0.006996430063824788,0.022149392100318632,0.022149392100318632,-0.022149392100318632,0.022149392100318632
2025-11-19,-0.034911811826795924,-0.034911811826795924,-0.034911811826795924,-0.035411811826795925,-0.034911811826795924,0.0,-0.034911811826795924,-0.011027754113580165,-0.034911811826795924,-0.034911811826795924,0.034911811826795924,-0.034911811826795924
2025-11-20,-0.02785857524483204,-0.02785857524483204,-0.02785857524483204,-0.0005,-0.02785857524483204,0.0,-0.02785857524483204,-0.008799815927023296,0.02685857524483204,-0.02785857524483204,0.02785857524483204,-0.02785857524483204
2025-11-21,0.02437984419428907,0.02437984419428907,0.02437984419428907,0.0,0.02437984419428907,0.0,0.02437984419428907,0.0077009731960018205,-0.02437984419428907,0.02437984419428907,-0.02437984419428907,0.02437984419428907
2025-11-24,0.01920670835371263,0.01920670835371263,0.01920670835371263,0.0,0.01920670835371263,0.0,0.01920670835371263,0.00606691105310726,0.01820670835371263,0.01920670835371263,-0.01920670835371263,0.01920670835371263
2025-11-25,-0.013519058316852628,-0.013519058316852628,-0.013519058316852628,-0.014019058316852628,-0.013519058316852628,0.0,-0.013519058316852628,-0.004270326951377939,0.012519058316852627,-0.013519058316852628,0.013519058316852628,-0.013519058316852628
2025-11-26,0.024501544549806686,0.024501544549806686,0.024501544549806686,-0.0005,0.024501544549806686,0.0,0.024501544549806686,0.007739415245438896,0.023501544549806686,0.024501544549806686,-0.024501544549806686,0.024501544549806686
2025-11-28,0.012160585753975939,0.012160585753975939,0.012160585753975939,0.011660585753975938,0.012160585753975939,0.0,0.012160585753975939,0.0038412199927424983,0.012160585753975939,0.012160585753975939,-0.012160585753975939,0.012160585753975939
2025-12-01,0.012414970573163764,0.012414970573163764,0.012414970573163764,0.012414970573163764,0.012414970573163764,0.0,0.012414970573163764,0.003921573692233904,0.012414970573163764,0.012414970573163764,-0.012414970573163764,0.012414970573163764
2025-12-02,0.006724652694609867,0.006724652694609867,0.006724652694609867,0.006724652694609867,0.006724652694609867,0.0,0.006724652694609867,0.0021241468871135306,0.006724652694609867,0.006724652694609867,-0.006724652694609867,0.006724652694609867
2025-12-03,0.058939030718001106,0.0589390307180011,0.058939030718001106,0.058939030718001106,0.058939030718001106,0.0,0.058939030718001106,0.018617341937893796,0.058939030718001106,0.058939030718001106,-0.058939030718001106,0.058939030718001106
2025-12-04,-0.008905327522430118,-0.008905327522430118,-0.008905327522430118,-0.008905327522430118,-0.008905327522430118,-0.009405327522430118,-0.008905327522430118,-0.0028129666459442058,-0.008905327522430118,-0.008905327522430118,0.008905327522430118,-0.008905327522430118
2025-12-05,0.014601249510260095,0.014601249510260095,0.014601249510260095,0.014601249510260095,0.014601249510260095,0.014601249510260095,0.014601249510260095,0.004612163646763068,-0.015601249510260096,0.014601249510260095,-0.014601249510260095,0.014601249510260095
2025-12-08,-0.035424359187309684,-0.035424359187309684,-0.035424359187309684,-0.035424359187309684,-0.035424359187309684,-0.035424359187309684,-0.035424359187309684,-0.011189654798980054,0.035424359187309684,-0.035424359187309684,0.035424359187309684,-0.035424359187309684
2025-12-09,0.009563839141530694,0.009563839141530694,0.009563839141530694,-0.0005,0.009563839141530694,0.009563839141530694,0.009563839141530694,0.003020973731122265,0.008563839141530694,0.009563839141530694,-0.009563839141530694,0.009563839141530694
2025-12-10,-0.0026524949762736227,-0.0026524949762736223,-0.0026524949762736227,-0.0031524949762736228,-0.0026524949762736227,-0.0026524949762736227,-0.0026524949762736227,-0.0008378557529747294,-0.0026524949762736227,-0.0026524949762736227,0.0026524949762736227,-0.0026524949762736227
2025-12-11,-0.01405771370566089,-0.01405771370566089,-0.01405771370566089,-0.0005,-0.01405771370566089,-0.01405771370566089,-0.01405771370566089,-0.004440474499411329,-0.01405771370566089,-0.01405771370566089,0.01405771370566089,-0.01405771370566089
2025-12-12,-0.0007707271132560978,-0.0007707271132560978,-0.0007707271132560978,0.0,-0.0007707271132560978,-0.0007707271132560978,-0.0007707271132560978,-0.00024345310795740902,-0.0007707271132560978,-0.0007707271132560978,0.0007707271132560978,-0.0007707271132560978
2025-12-15,-0.025453085564903888,-0.025453085564903888,-0.025453085564903888,0.0,-0.025453085564903888,-0.025453085564903888,-0.025453085564903888,-0.008039982869815939,-0.025453085564903888,-0.025453085564903888,0.025453085564903888,-0.025453085564903888
2025-12-16,-0.051840229984234765,-0.051840229984234765,-0.051840229984234765,0.0,-0.051840229984234765,-0.051840229984234765,-0.051840229984234765,-0.016375011193741688,-0.051840229984234765,-0.051840229984234765,0.051840229984234765,-0.051840229984234765
2025-12-17,0.02796338191407033,0.02796338191407033,0.02796338191407033,0.0,0.02796338191407033,-0.0005,0.02796338191407033,0.008832921690297837,0.02796338191407033,0.02796338191407033,-0.02796338191407033,0.02796338191407033
2025-12-18,-0.033292869066567254,-0.033292869066567254,-0.033292869066567254,0.0,-0.033292869066567254,0.0,-0.033292869066567254,-0.010516371239143967,-0.033292869066567254,-0.033292869066567254,0.033292869066567254,-0.033292869066567254
2025-12-19,0.01301981687108733,0.01301981687108733,0.01301981687108733,0.0,0.01301981687108733,0.0,0.01301981687108733,0.004112629266292964,0.01301981687108733,0.01301981687108733,-0.01301981687108733,0.01301981687108733
2025-12-22,0.012023277239543217,0.012023277239543217,0.012023277239543217,0.0,0.012023277239543217,0.0,-0.0005,0.003797847722567084,0.012023277239543217,0.012023277239543217,-0.012023277239543217,0.012023277239543217
2025-12-23,-0.0020483785182789926,-0.0020483785182789926,-0.0020483785182789926,0.0,-0.0020483785182789926,0.0,0.0,-0.0006470307168012007,-0.0020483785182789926,-0.0020483785182789926,0.0020483785182789926,-0.0020483785182789926
2025-12-24,0.0,0.0,0.0,-0.0005,0.0,0.0,0.0,0.0,0.0,0.0,0.0,0.0
2025-12-26,-0.0073892186145517735,-0.0073892186145517735,-0.0073892186145517735,-0.0073892186145517735,-0.0073892186145517735,0.0,0.0,-0.0023340663720644536,-0.0073892186145517735,-0.0073892186145517735,0.0073892186145517735,-0.0073892186145517735
2025-12-29,0.008271290046931501,0.008271290046931501,0.008271290046931501,-0.0005,-0.009271290046931502,0.0,0.0,0.002612690320748523,0.008271290046931501,0.008271290046931501,-0.008271290046931501,0.008271290046931501
2025-12-30,0.013125595343277618,0.013125595343277618,0.013125595343277618,0.012625595343277618,0.012125595343277618,0.0,0.0,0.004146041997422814,0.013125595343277618,0.013125595343277618,-0.013125595343277618,0.013125595343277618
2025-12-31,-0.009716620051389402,-0.009716620051389402,-0.009716620051389402,-0.009716620051389402,-0.009716620051389402,0.0,0.0,-0.003069233337800075,-0.009716620051389402,-0.009716620051389402,0.009716620051389402,-0.009716620051389402
2026-01-02,0.03679472703161624,0.03679472703161624,0.03679472703161624,-0.0005,-0.03779472703161624,0.0,0.0,0.011622519174714647,0.03679472703161624,0.03679472703161624,-0.03679472703161624,0.03679472703161624
2026-01-05,-0.03509466976115805,-0.03509466976115805,-0.03509466976115805,-0.03559466976115805,-0.03609466976115804,0.0,0.0,-0.011085514287926514,0.03409466976115805,-0.03509466976115805,0.03509466976115805,-0.03509466976115805
2026-01-06,-0.02411112411392413,-0.02411112411392413,-0.02411112411392413,-0.0005,-0.02411112411392413,0.0,0.0,-0.007616091351818313,0.02411112411392413,-0.02411112411392413,0.02411112411392413,-0.02411112411392413
2026-01-07,-0.020519233337840115,-0.020519233337840115,-0.020519233337840115,0.0,0.019519233337840114,0.0,0.0,-0.006481504339319327,-0.021519233337840116,0.019519233337840114,0.020519233337840115,-0.020519233337840115
2026-01-08,0.08465153612659027,0.08465153612659027,0.08465153612659027,0.0,-0.08465153612659027,0.0,0.0,0.02673926894348068,0.08465153612659027,-0.08465153612659027,0.08365153612659026,0.08465153612659027
2026-01-09,-0.006700797603350517,-0.006700797603350516,-0.006700797603350517,-0.007200797603350517,-0.007700797603350517,0.0,0.0,-0.002116611670033699,0.005700797603350517,0.006700797603350517,-0.006700797603350517,-0.006700797603350517
2026-01-12,-0.011111083569421587,-0.011111083569421587,-0.011111083569421587,-0.011111083569421587,-0.011111083569421585,0.0,0.0,-0.0035097089245014774,0.011111083569421587,0.011111083569421587,-0.011111083569421587,-0.011111083569421587
2026-01-13,0.032102614692564035,0.032102614692564035,0.032102614692564035,0.032102614692564035,0.032102614692564035,0.0,0.031602614692564035,0.010140400131306869,0.031102614692564035,-0.032102614692564035,0.032102614692564035,0.032102614692564035
2026-01-14,0.037713932607737366,0.037713932607737366,0.037713932607737366,0.037713932607737366,0.037713932607737366,0.0,0.037713932607737366,0.011912872855686178,-0.03871393260773737,-0.037713932607737366,0.037713932607737366,0.037713932607737366
2026-01-15,-0.025477664615061735,-0.025477664615061735,-0.025477664615061735,-0.025477664615061735,-0.025477664615061735,0.0,-0.025477664615061735,-0.008047746767113244,-0.026477664615061736,0.025477664615061735,0.024477664615061734,-0.025477664615061735
2026-01-16,-0.008842765281082188,-0.008842765281082186,-0.008842765281082188,-0.008842765281082188,-0.008842765281082188,0.0,-0.008842765281082188,-0.0027932048238479405,-0.008842765281082188,0.008842765281082188,0.008842765281082188,-0.008842765281082188
2026-01-20,-0.01667967632859646,-0.01667967632859646,-0.01667967632859646,-0.0005,-0.01667967632859646,0.01617967632859646,-0.01667967632859646,-0.005268685857910301,-0.01667967632859646,-0.01767967632859646,0.01667967632859646,-0.01667967632859646
2026-01-21,0.04694289829527665,0.04694289829527665,0.04694289829527665,0.0,0.04694289829527665,-0.04694289829527665,0.04694289829527665,0.014828068573106267,0.04694289829527665,0.04694289829527665,-0.04694289829527665,0.04694289829527665
2026-01-22,-0.02814766075677655,-0.02814766075677655,-0.02814766075677655,-0.02864766075677655,-0.02814766075677655,0.02814766075677655,-0.02814766075677655,-0.008891130693479377,-0.02814766075677655,-0.02814766075677655,0.02814766075677655,-0.02814766075677655
2026-01-23,0.009784696565048545,0.009784696565048545,0.009784696565048545,-0.0005,0.009784696565048545,-0.009784696565048545,0.009784696565048545,0.0030907369783807277,0.009784696565048545,0.009784696565048545,-0.009784696565048545,0.009784696565048545
2026-01-26,-0.015503889331616838,-0.015503889331616838,-0.015503889331616838,-0.01600388933161684,-0.015503889331616838,0.015503889331616838,-0.015503889331616838,-0.004897284626803641,0.014503889331616837,-0.015503889331616838,0.015503889331616838,-0.015503889331616838
2026-01-27,0.01692915819498242,0.01692915819498242,0.01692915819498242,-0.0005,0.01692915819498242,-0.01692915819498242,0.01692915819498242,0.005347490839214359,0.015929158194982418,0.01692915819498242,-0.01692915819498242,0.01692915819498242
2026-01-28,0.006968703193880321,0.006968703193880321,0.006968703193880321,0.006468703193880321,0.006968703193880321,-0.006968703193880321,0.006968703193880321,0.002201236237577586,0.006968703193880321,0.006968703193880321,-0.006968703193880321,0.006968703193880321
2026-01-29,0.009611648940859974,0.009611648940859974,0.009611648940859974,0.009611648940859974,0.009611648940859974,-0.009611648940859974,0.009611648940859974,0.0030360756317007456,0.009611648940859974,0.009611648940859974,-0.009611648940859974,0.009611648940859974
2026-01-30,0.0057121604255929714,0.005712160425592971,0.0057121604255929714,0.0057121604255929714,0.0057121604255929714,-0.0057121604255929714,0.0057121604255929714,0.0019725591682890164,-0.0005,0.0057121604255929714,-0.0057121604255929714,0.0057121604255929714
2026-02-02,-0.01968956347339057,-0.019689563473390567,-0.01968956347339057,-0.01968956347339057,-0.01968956347339057,0.01968956347339057,-0.01968956347339057,-0.0068549525867423996,-0.02018956347339057,-0.01968956347339057,0.01968956347339057,-0.01968956347339057
2026-02-03,0.022016194093713137,0.022016194093713137,0.022016194093713137,-0.0005,0.022016194093713137,-0.022016194093713137,0.022016194093713137,0.007664972707845055,-0.0005,0.022016194093713137,-0.022016194093713137,0.022016194093713137
2026-02-04,0.03476945665731379,0.03476945665731379,0.03476945665731379,0.03426945665731379,0.03476945665731379,-0.03476945665731379,0.03476945665731379,0.012105041189703833,0.03426945665731379,0.03476945665731379,-0.03476945665731379,0.03476945665731379
2026-02-05,-0.03287064870598988,-0.03287064870598988,-0.03287064870598988,-0.03287064870598988,-0.03287064870598988,0.03287064870598988,-0.03287064870598988,-0.011443968205772743,-0.03287064870598988,-0.03287064870598988,0.03287064870598988,-0.03287064870598988
2026-02-06,0.03700900189361356,0.03700900189361356,0.03700900189361356,-0.0005,0.03700900189361356,-0.03700900189361356,0.03700900189361356,0.012884742396967627,-0.0005,0.03700900189361356,-0.03700900189361356,0.03700900189361356
2026-02-09,0.001092578339824568,0.001092578339824568,0.001092578339824568,0.0005925783398245681,0.001092578339824568,-0.001092578339824568,0.001092578339824568,0.0003803828727295509,0.0,0.001092578339824568,-0.001092578339824568,0.001092578339824568
2026-02-10,-0.001455110880898114,-0.001455110880898114,-0.001455110880898114,-0.001455110880898114,-0.001455110880898114,0.001455110880898114,-0.001455110880898114,-0.0005065991488582189,0.0,-0.001455110880898114,0.001455110880898114,-0.001455110880898114
2026-02-11,0.02950824730089585,0.029508247300895848,0.02950824730089585,0.02950824730089585,0.02950824730089585,-0.02950824730089585,0.02950824730089585,0.010273342851855412,0.0,0.02950824730089585,-0.02950824730089585,0.02950824730089585
2026-02-12,-0.04741682877750064,-0.047416828777500634,-0.04741682877750064,-0.04741682877750064,-0.04741682877750064,0.04741682877750064,-0.04741682877750064,-0.016508243746628737,-0.04791682877750064,-0.04741682877750064,0.04741682877750064,-0.04741682877750064
2026-02-13,0.03714709462804344,0.03714709462804344,0.03714709462804344,-0.0005,0.03714709462804344,-0.03714709462804344,0.03714709462804344,0.012932819600323088,-0.03814709462804344,0.03714709462804344,-0.03714709462804344,0.03714709462804344
2026-02-17,-0.02077363748017025,-0.02077363748017025,-0.02077363748017025,-0.02127363748017025,-0.020773637480170245,0.02077363748017025,-0.02077363748017025,-0.007232374662505407,0.02077363748017025,-0.02077363748017025,0.02077363748017025,-0.02077363748017025
2026-02-18,0.04645202292744455,0.04645202292744454,0.04645202292744455,-0.0005,0.04645202292744455,-0.04645202292744455,0.04645202292744455,0.016172345067793917,0.045452022927444546,0.04645202292744455,-0.04645202292744455,0.04645202292744455
2026-02-19,0.016427810557267275,0.016427810557267275,0.016427810557267275,0.015927810557267275,0.016427810557267275,-0.0005,0.016427810557267275,0.005719368163049554,0.016427810557267275,0.016427810557267275,0.015427810557267274,0.016427810557267275
2026-02-20,-0.0006877418574934291,-0.0006877418574934291,-0.0006877418574934291,-0.0006877418574934291,-0.0006877418574934291,0.0,-0.0006877418574934291,-0.0002394384127107198,-0.0006877418574934291,-0.0006877418574934291,-0.0006877418574934291,-0.0006877418574934291
2026-02-23,-0.01169992407874787,-0.01169992407874787,-0.01169992407874787,-0.01169992407874787,-0.01169992407874787,0.0,-0.01169992407874787,-0.004073347026544892,-0.01169992407874787,-0.01169992407874787,-0.01169992407874787,-0.01169992407874787
2026-02-24,-0.0034818128048437202,-0.0034818128048437202,-0.0034818128048437202,-0.0034818128048437202,-0.0034818128048437202,0.0,-0.0034818128048437202,-0.0012121986211310466,-0.0034818128048437202,-0.0034818128048437202,-0.0034818128048437202,-0.0034818128048437202
2026-02-25,-0.027253705447808918,-0.027253705447808918,-0.027253705447808918,-0.027253705447808918,-0.027253705447808915,0.0,-0.027253705447808918,-0.00948842054879757,-0.027253705447808918,-0.027253705447808918,-0.027253705447808918,-0.027253705447808918
2026-02-26,0.045258533721105776,0.045258533721105776,0.045258533721105776,-0.0005,0.045258533721105776,0.0,0.045258533721105776,0.01575682991768418,0.045258533721105776,0.045258533721105776,0.045258533721105776,0.045258533721105776
2026-02-27,0.043642690188110844,0.043642690188110844,0.043642690188110844,0.043142690188110844,0.043642690188110844,0.0,0.043642690188110844,0.015194271442416613,0.043642690188110844,0.043642690188110844,0.043642690188110844,0.043642690188110844
2026-03-02,0.043463946401338216,0.043463946401338216,0.043463946401338216,0.043463946401338216,0.043463946401338216,0.0,0.043463946401338216,0.015132041511054392,-0.04446394640133822,0.043463946401338216,0.043463946401338216,0.043463946401338216
2026-03-03,0.005048915217873207,0.005048915217873206,0.005048915217873207,0.005048915217873207,0.005048915217873207,0.0,0.005048915217873207,0.001757787798585618,-0.005048915217873207,0.005048915217873207,0.005048915217873207,0.005048915217873207
2026-03-04,-0.023547906328299506,-0.023547906328299503,-0.023547906328299506,-0.023547906328299506,-0.023547906328299506,0.0,-0.023547906328299506,-0.008198240738840906,0.023547906328299506,-0.023547906328299506,-0.023547906328299506,-0.023547906328299506
2026-03-05,0.04115752672217243,0.04115752672217243,0.04115752672217243,0.04115752672217243,0.04115752672217243,0.0,0.04115752672217243,0.01432905786100151,-0.04115752672217243,0.04115752672217243,0.04115752672217243,0.04115752672217243
2026-03-06,0.00926494120164989,0.009264941201649888,0.00926494120164989,0.00926494120164989,0.00926494120164989,0.0,0.00926494120164989,0.0032256038963026086,-0.00926494120164989,0.00926494120164989,0.00926494120164989,0.00926494120164989
2026-03-09,-0.0027539433505616717,-0.0027539433505616717,-0.0027539433505616717,-0.0027539433505616717,-0.0027539433505616717,0.0,-0.0027539433505616717,-0.0009587897222905734,0.0027539433505616717,-0.0027539433505616717,-0.0027539433505616717,-0.0027539433505616717
2026-03-10,-0.023626891444753162,-0.023626891444753162,-0.023626891444753162,-0.023626891444753162,-0.023626891444753162,0.0,-0.023626891444753162,-0.008225739531746084,0.023626891444753162,-0.023626891444753162,-0.023626891444753162,-0.023626891444753162
2026-03-11,0.0361408297483905,0.0361408297483905,0.0361408297483905,-0.0005,0.0361408297483905,0.0,0.0361408297483905,0.012582486894925778,-0.0361408297483905,0.0361408297483905,0.0361408297483905,0.0361408297483905
2026-03-12,0.019411601801999856,0.019411601801999856,0.019411601801999856,0.018911601801999856,0.019411601801999856,0.0,0.019411601801999856,0.00675817979231808,-0.019411601801999856,0.019411601801999856,0.019411601801999856,0.019411601801999856
2026-03-13,0.025587542108656214,0.025587542108656214,0.025587542108656214,0.025587542108656214,0.025587542108656214,0.0,0.025587542108656214,0.008908343153628515,-0.025587542108656214,0.025587542108656214,0.025587542108656214,0.025587542108656214
2026-03-16,0.0020307881894987556,0.002030788189498755,0.0020307881894987556,0.0020307881894987556,0.002030788189498755,0.0,0.0020307881894987556,0.0007070221120719037,-0.0020307881894987556,0.0020307881894987556,0.0020307881894987556,0.0020307881894987556
2026-03-17,0.03850610470555038,0.03850610470555038,0.03850610470555038,0.03850610470555038,0.03850610470555038,0.0,0.03850610470555038,0.013405961102866057,-0.03850610470555038,0.03850610470555038,0.03850610470555038,0.03850610470555038
2026-03-18,0.020630056034833144,0.020630056034833144,0.020630056034833144,0.020630056034833144,0.020630056034833144,0.0,0.020630056034833144,0.007182386555788264,-0.020630056034833144,0.020630056034833144,0.020630056034833144,0.020630056034833144
2026-03-19,0.03960671629209567,0.03960671629209567,0.03960671629209567,0.03960671629209567,0.03960671629209567,0.0,0.03960671629209567,0.013789140763115175,-0.03960671629209567,0.03960671629209567,0.03960671629209567,0.03960671629209567
2026-03-20,0.02758800783816029,0.02758800783816029,0.02758800783816029,0.02758800783816029,0.02758800783816029,0.02708800783816029,0.02758800783816029,0.00960480845341467,-0.02758800783816029,0.02758800783816029,0.02758800783816029,0.02758800783816029
2026-03-23,-0.002045662533910253,-0.002045662533910253,-0.002045662533910253,-0.002045662533910253,-0.002045662533910253,-0.002045662533910253,-0.002045662533910253,-0.0007122006385454586,0.002045662533910253,-0.002045662533910253,-0.002045662533910253,-0.002045662533910253
2026-03-24,0.04534979083801227,0.04534979083801227,0.04534979083801227,0.04534979083801227,0.04534979083801227,0.04534979083801227,0.04534979083801227,0.015788601226908085,0.04434979083801227,0.04534979083801227,0.04534979083801227,0.04534979083801227
2026-03-25,0.012745180001034973,0.012745180001034973,0.012745180001034973,0.012745180001034973,0.012745180001034973,0.012745180001034973,0.012745180001034973,0.004437254524949982,-0.013745180001034973,0.012745180001034973,0.012745180001034973,0.012745180001034973
2026-03-26,0.03581791647374821,0.03581791647374821,0.03581791647374821,0.03581791647374821,0.03581791647374821,0.03581791647374821,0.03581791647374821,0.012470064128910975,0.03481791647374821,0.03581791647374821,0.03581791647374821,0.03581791647374821
2026-03-27,0.037149547657109316,0.037149547657109316,0.037149547657109316,0.037149547657109316,0.037149547657109316,0.037149547657109316,0.037149547657109316,0.012933673626262424,0.037149547657109316,0.037149547657109316,0.037149547657109316,0.037149547657109316
2026-03-30,-0.01464287917178786,-0.01464287917178786,-0.01464287917178786,-0.01464287917178786,-0.01464287917178786,-0.01464287917178786,-0.01464287917178786,-0.005097941485175987,0.013642879171787858,-0.01464287917178786,-0.01464287917178786,-0.01464287917178786
2026-03-31,-0.029721135580864755,-0.029721135580864755,-0.029721135580864755,-0.029721135580864755,-0.029721135580864755,-0.029721135580864755,-0.029721135580864755,-0.010347460242392394,-0.030721135580864756,-0.029721135580864755,-0.029721135580864755,-0.029721135580864755
2026-04-01,-0.02568328801635189,-0.02568328801635189,-0.02568328801635189,-0.0005,-0.02568328801635189,-0.02568328801635189,-0.02568328801635189,-0.008941677242447472,-0.02568328801635189,-0.02568328801635189,-0.02568328801635189,-0.02568328801635189
2026-04-02,0.01668682754341755,0.01668682754341755,0.01668682754341755,0.0,0.01668682754341755,0.01668682754341755,0.01668682754341755,0.005809545335419098,0.01668682754341755,0.01668682754341755,0.01668682754341755,0.01668682754341755
2026-04-06,0.023311185514666155,0.023311185514666155,0.023311185514666155,0.0,0.023311185514666155,0.023311185514666155,0.023311185514666155,0.008115826014108958,0.023311185514666155,0.023311185514666155,0.023311185514666155,0.023311185514666155
2026-04-07,-0.0013948023207511762,-0.0013948023207511762,-0.0013948023207511762,-0.0018948023207511762,-0.0013948023207511762,-0.0013948023207511762,-0.0013948023207511762,-0.00048560262849652237,-0.0013948023207511762,-0.0013948023207511762,-0.0013948023207511762,-0.0013948023207511762
2026-04-08,-0.09799812596338286,-0.09799812596338286,-0.09799812596338286,-0.0005,-0.09799812596338286,-0.09799812596338286,-0.09799812596338286,-0.034118202162097946,0.09699812596338286,-0.09799812596338286,-0.09799812596338286,-0.09799812596338286
2026-04-09,0.0056775364108736515,0.0056775364108736515,0.0056775364108736515,0.0,0.0056775364108736515,0.0056775364108736515,0.0056775364108736515,0.0019766432586806634,-0.0056775364108736515,0.0056775364108736515,0.0056775364108736515,0.0056775364108736515
2026-04-10,-0.008724703539896739,-0.008724703539896737,-0.008724703539896739,0.0,-0.008724703539896739,-0.008724703539896739,-0.008724703539896739,-0.0030375193020506716,-0.00972470353989674,-0.008724703539896739,-0.008724703539896739,-0.008724703539896739
2026-04-13,0.022262519939461267,0.022262519939461267,0.022262519939461267,0.0,0.022262519939461267,0.022262519939461267,0.022262519939461267,0.007750731439661261,0.022262519939461267,0.022262519939461267,0.022262519939461267,0.022262519939461267
2026-04-14,-0.06229440801553876,-0.06229440801553876,-0.06229440801553876,-0.06279440801553876,-0.06229440801553876,-0.06229440801553876,-0.06229440801553876,-0.021687896430147194,0.06129440801553876,-0.06229440801553876,-0.06229440801553876,-0.06229440801553876
2026-04-15,-0.011612118946179528,-0.011612118946179528,-0.011612118946179528,-0.0005,-0.011612118946179528,-0.011612118946179528,-0.011612118946179528,-0.004042777531114379,-0.012612118946179529,-0.011612118946179528,-0.011612118946179528,-0.011612118946179528
2026-04-16,0.035519194392769515,0.03551919439276951,0.035519194392769515,0.0,0.035519194392769515,0.035519194392769515,-0.0005,0.012366063565135683,-0.036519194392769516,0.035519194392769515,0.035519194392769515,0.035519194392769515
2026-04-17,-0.05699207630194503,-0.05699207630194503,-0.05699207630194503,-0.05749207630194503,-0.05699207630194503,-0.05699207630194503,0.0,-0.019841881278770828,0.05699207630194503,-0.05699207630194503,-0.05699207630194503,-0.05699207630194503
2026-04-20,0.0064354051376118715,0.0064354051376118715,0.0064354051376118715,-0.0005,0.0064354051376118715,0.0064354051376118715,0.0,0.0019975238775987183,0.0054354051376118715,0.0064354051376118715,0.0064354051376118715,0.0064354051376118715
2026-04-21,0.0453154181504869,0.0453154181504869,0.0453154181504869,0.0,0.0453154181504869,-0.0005,0.0,0.014215674032278762,0.0453154181504869,0.0453154181504869,0.0453154181504869,0.0453154181504869
2026-04-22,0.019009432307889096,0.019009432307889096,0.019009432307889096,0.018509432307889095,0.019009432307889096,0.0,0.0,0.005910732655352405,0.019009432307889096,0.019009432307889096,0.019009432307889096,0.019009432307889096
2026-04-23,0.015764571153338958,0.015764571153338958,0.015764571153338958,0.015764571153338958,0.015764571153338958,0.0,0.0,0.004965069515560806,0.015764571153338958,0.015764571153338958,0.015764571153338958,0.015764571153338958
2026-04-24,-0.024055869954219378,-0.024055869954219378,-0.024055869954219378,-0.024055869954219378,-0.024055869954219378,0.0,0.0,-0.0076598824011548695,-0.0005,-0.024055869954219378,-0.024055869954219378,-0.024055869954219378
2026-04-27,0.018552845849633348,0.018552845849633348,0.018552845849633348,0.018552845849633348,0.018552845849633348,0.0,0.0,0.0058543758833892404,0.0,0.018552845849633348,0.018552845849633348,0.018552845849633348
2026-04-28,0.005724733760744893,0.005724733760744893,0.005724733760744893,0.005724733760744893,0.005724733760744893,0.0,0.0,0.0018123027768050923,-0.006224733760744894,0.005724733760744893,0.005724733760744893,0.005724733760744893
2026-04-29,0.043208200970614064,0.043208200970614064,0.043208200970614064,0.043208200970614064,0.043208200970614064,0.0,0.0,0.013694262584673492,-0.0005,0.043208200970614064,0.043208200970614064,0.043208200970614064
2026-04-30,0.01016866504258429,0.01016866504258429,0.01016866504258429,0.01016866504258429,0.01016866504258429,0.0,0.0,0.0031838856627192315,-0.010668665042584291,0.01016866504258429,0.01016866504258429,0.01016866504258429
2026-05-01,-0.014731052607304673,-0.014731052607304673,-0.014731052607304673,-0.014731052607304673,-0.014731052607304673,0.0,0.0,-0.004614946207273451,-0.0005,-0.014731052607304673,-0.014731052607304673,-0.014731052607304673
2026-05-04,0.04709689493376379,0.04709689493376378,0.04709689493376379,0.04709689493376379,0.04709689493376379,0.0,0.0,0.014690616898692931,-0.04759689493376379,0.04709689493376379,0.04709689493376379,0.04709689493376379
2026-05-05,-0.012851078192743559,-0.012851078192743559,-0.012851078192743559,-0.012851078192743559,-0.012851078192743559,0.0,-0.01335107819274356,-0.003982115782916582,0.012851078192743559,-0.012851078192743559,-0.012851078192743559,-0.012851078192743559
2026-05-06,-0.07666348544393797,-0.07666348544393797,-0.07666348544393797,-0.07666348544393797,-0.07666348544393797,0.0,-0.07666348544393797,-0.023700265797288327,0.07666348544393797,-0.07666348544393797,-0.07666348544393797,-0.07666348544393797
2026-05-07,-0.05378576387046541,-0.05378576387046541,-0.05378576387046541,-0.0005,-0.05378576387046541,0.0,-0.05378576387046541,-0.015811488283771966,-0.05478576387046541,-0.05378576387046541,-0.05378576387046541,-0.05378576387046541
2026-05-08,-0.01876378965542902,-0.01876378965542902,-0.01876378965542902,0.0,-0.01876378965542902,0.0,-0.01876378965542902,-0.00542936682883723,-0.01876378965542902,-0.01876378965542902,-0.01876378965542902,-0.01876378965542902
2026-05-11,0.03205843557470334,0.03205843557470334,0.03205843557470334,0.0,0.03205843557470334,0.0,0.03205843557470334,0.009302692391671632,0.03205843557470334,0.03205843557470334,0.03205843557470334,0.03205843557470334
2026-05-12,0.010626637825412732,0.010626637825412732,0.010626637825412732,0.0,0.010626637825412732,0.0,0.010626637825412732,0.0030663154569158515,0.010626637825412732,0.010626637825412732,0.010626637825412732,0.010626637825412732
2026-05-13,-0.003235329881016713,-0.003235329881016713,-0.003235329881016713,0.0,-0.003235329881016713,0.0,-0.003235329881016713,-0.0009339401400497203,-0.003235329881016713,-0.003235329881016713,-0.003235329881016713,-0.003235329881016713
2026-05-14,0.0037868896765484994,0.0037868896765484994,0.0037868896765484994,0.0,0.0037868896765484994,0.0,0.0037868896765484994,0.0010968824520596278,0.0037868896765484994,0.0037868896765484994,0.0037868896765484994,0.0037868896765484994
2026-05-15,0.05039071246446625,0.05039071246446625,0.05039071246446625,0.04989071246446625,0.05039071246446625,0.0,0.05039071246446625,0.014918125389139794,0.05039071246446625,0.05039071246446625,0.05039071246446625,0.05039071246446625
2026-05-18,0.030015405605385403,0.030015405605385403,0.030015405605385403,0.030015405605385403,0.030015405605385403,0.0,-0.0005,0.00881684607761436,0.030015405605385403,0.030015405605385403,0.030015405605385403,0.030015405605385403
2026-05-19,0.01892891953238185,0.01892891953238185,0.01892891953238185,0.01892891953238185,0.01892891953238185,0.0,0.0,0.00556836505800165,0.01892891953238185,0.01892891953238185,0.01892891953238185,0.01892891953238185
2026-05-20,-0.038865726822755575,-0.038865726822755575,-0.038865726822755575,-0.038865726822755575,-0.038865726822755575,-0.039365726822755576,0.0,-0.01156627700882208,0.037865726822755574,-0.038865726822755575,-0.03886572682275557,-0.038865726822755575
2026-05-21,-0.024923740618645218,-0.024923740618645218,-0.024923740618645218,-0.0005,-0.024923740618645218,-0.024923740618645218,0.0,-0.007308751939906032,-0.02592374061864522,-0.024923740618645218,-0.024923740618645218,-0.024923740618645218
2026-05-22,0.01199786861310348,0.01199786861310348,0.01199786861310348,0.0,0.01199786861310348,0.01199786861310348,0.0,0.0034926343316259018,0.01199786861310348,0.01199786861310348,0.01199786861310348,0.01199786861310348
2026-05-26,-0.033505117128059814,-0.033505117128059814,-0.033505117128059814,0.0,-0.033505117128059814,-0.033505117128059814,0.0,-0.009774552594768388,-0.0005,-0.033505117128059814,-0.033505117128059814,-0.033505117128059814
2026-05-27,-0.0234667261645366,-0.0234667261645366,-0.0234667261645366,0.0,-0.0234667261645366,-0.0234667261645366,0.0,-0.006773804831294995,0.0229667261645366,-0.0234667261645366,-0.0234667261645366,-0.0234667261645366
2026-05-28,-0.002457666670617975,-0.002457666670617975,-0.002457666670617975,0.0,-0.002457666670617975,-0.002457666670617975,0.0,-0.0007107341676731115,-0.003457666670617975,-0.002457666670617975,-0.002457666670617975,-0.002457666670617975
2026-05-29,-0.0027373516842810197,-0.0027373516842810197,-0.0027373516842810197,0.0,-0.0027373516842810197,-0.0027373516842810197,0.0,-0.0008028588965102935,-0.0027373516842810197,-0.0027373516842810197,-0.0027373516842810197,-0.0027373516842810197
2026-06-01,0.036233804319045104,0.036233804319045104,0.036233804319045104,0.0,0.036233804319045104,0.036233804319045104,0.0,0.010730392069863237,0.036233804319045104,0.036233804319045104,0.036233804319045104,0.036233804319045104
2026-06-02,0.0015894334375521346,0.0015894334375521346,0.0015894334375521346,0.0010894334375521346,0.0015894334375521346,0.0015894334375521346,0.0010894334375521346,0.0004721318131475041,-0.0005,0.0015894334375521346,0.0015894334375521344,0.0015894334375521346
2026-06-03,0.013752959011687382,0.013752959011687382,0.013752959011687382,0.013752959011687382,0.013752959011687382,0.013752959011687382,-0.0005,0.004090602644445643,-0.014252959011687383,0.013752959011687382,0.013752959011687382,0.013752959011687382
2026-06-04,-0.0028697844093755753,-0.0028697844093755753,-0.0028697844093755753,-0.0028697844093755753,-0.0028697844093755753,-0.0028697844093755753,0.0,-0.0008587089269217044,-0.0038697844093755754,-0.0028697844093755753,-0.002869784409375575,-0.0028697844093755753
2026-06-05,-0.043171159174998364,-0.043171159174998364,-0.043171159174998364,-0.043171159174998364,-0.043171159174998364,-0.043171159174998364,0.0,-0.013053272593465358,-0.043171159174998364,-0.043171159174998364,-0.043171159174998364,-0.043171159174998364
2026-06-08,0.029805861672397294,0.029805861672397294,0.029805861672397294,-0.0005,0.029805861672397294,0.029805861672397294,0.0,0.008858079882903677,-0.0005,0.029805861672397294,0.029805861672397294,0.029805861672397294
2026-06-09,-0.02788099652526732,-0.02788099652526732,-0.02788099652526732,-0.02838099652526732,-0.02788099652526732,-0.02788099652526732,0.0,-0.008242783025898221,0.0,-0.02788099652526732,-0.027880996525267317,-0.02788099652526732
2026-06-10,0.03796771821078604,0.03796771821078604,0.03796771821078604,-0.0005,0.03796771821078604,0.03796771821078604,0.0,0.01120189911235751,0.03746771821078604,0.03796771821078604,0.03796771821078604,0.03796771821078604
2026-06-11,-0.03210531902525815,-0.03210531902525815,-0.03210531902525815,-0.03260531902525815,-0.03210531902525815,-0.03210531902525815,0.0,-0.009463365052796813,-0.0005,-0.03210531902525815,-0.03210531902525814,-0.03210531902525815
2026-06-12,0.0065254067960698325,0.006525406796069832,0.0065254067960698325,-0.0005,0.0065254067960698325,0.0065254067960698325,0.0,0.001908797075921579,0.006025406796069832,0.0065254067960698325,0.0065254067960698325,0.0065254067960698325
2026-06-15,-0.06077799090875602,-0.06077799090875602,-0.06077799090875602,0.0,-0.06077799090875602,-0.06077799090875602,0.0,-0.01786363943797362,-0.06077799090875602,-0.06077799090875602,-0.06077799090875602,-0.06077799090875602
2026-06-16,-0.014667922801825162,-0.014667922801825162,-0.014667922801825162,0.0,-0.014667922801825162,-0.014667922801825162,0.0,-0.004191343421230016,-0.014667922801825162,-0.014667922801825162,-0.014667922801825162,-0.014667922801825162
2026-06-17,-0.009632123134015846,-0.009632123134015846,-0.009632123134015846,0.0,0.008632123134015846,-0.009632123134015846,0.0,-0.002776178307095482,-0.009632123134015846,-0.009632123134015846,-0.009632123134015846,-0.009632123134015846
2026-06-18,-0.026525237079333408,-0.026525237079333408,-0.026525237079333408,0.0,0.026525237079333408,-0.026525237079333408,0.0,-0.007662165564808026,-0.026525237079333408,-0.026525237079333408,-0.026525237079333408,-0.026525237079333408
2026-06-22,0.0354223607541202,0.03542236075412019,0.0354223607541202,0.0,-0.0354223607541202,0.0354223607541202,0.0,0.010309312805315676,0.0354223607541202,0.0354223607541202,-0.0364223607541202,0.0354223607541202
2026-06-23,0.0005848810440469698,0.0005848810440469697,0.0005848810440469698,0.0,-0.0005848810440469698,0.0005848810440469698,0.0,0.00016899769447277448,0.0005848810440469698,0.0005848810440469698,-0.0004151189559530302,0.0005848810440469698
2026-06-24,-0.026008231820124905,-0.026008231820124905,-0.026008231820124905,-0.026508231820124906,0.026008231820124905,-0.026008231820124905,0.0,-0.007540196408306032,-0.026008231820124905,-0.026008231820124905,-0.026008231820124905,-0.026008231820124905
2026-06-25,0.0027001470921466098,0.0027001470921466098,0.0027001470921466098,-0.0005,-0.0027001470921466098,0.0027001470921466098,0.0,0.0007910472516951932,0.0027001470921466098,0.0027001470921466098,-0.0037001470921466098,0.0027001470921466098
2026-06-26,-0.012268005698179318,-0.012268005698179317,-0.012268005698179318,0.0,0.012268005698179318,-0.012268005698179318,0.0,-0.0036086975346582622,-0.012268005698179318,-0.012268005698179318,-0.01326800569817932,-0.012268005698179318
2026-06-29,-0.0015147399700263797,-0.0015147399700263797,-0.0015147399700263797,0.0,0.0015147399700263797,-0.0015147399700263797,0.0,-0.0004522871617885681,-0.0015147399700263797,-0.0015147399700263797,0.0005147399700263797,-0.0015147399700263797
2026-06-30,-0.011832452629279788,-0.011832452629279787,-0.011832452629279788,0.0,0.011832452629279788,-0.011832452629279788,0.011332452629279788,-0.003570029216496786,-0.011832452629279788,0.010832452629279787,0.011832452629279788,-0.011832452629279788
2026-07-01,-0.021492194773114703,-0.021492194773114703,-0.021492194773114703,0.0,0.021492194773114703,-0.021492194773114703,0.021492194773114703,-0.0064836336551041375,-0.021492194773114703,0.021492194773114703,0.021492194773114703,-0.021492194773114703
2026-07-02,0.015374924128858325,0.015374924128858325,0.015374924128858325,0.0,-0.015374924128858325,0.015374924128858325,-0.015374924128858325,0.004651336829536603,0.015374924128858325,-0.015374924128858325,-0.015374924128858325,0.015374924128858325
2026-07-06,0.003090213066932357,0.003090213066932357,0.003090213066932357,0.0,-0.003090213066932357,0.003090213066932357,-0.003090213066932357,0.0009357827691010937,0.003090213066932357,-0.003090213066932357,0.002090213066932357,0.003090213066932357
2026-07-07,0.04744309931143298,0.04744309931143298,0.04744309931143298,0.0,-0.04744309931143298,0.04744309931143298,-0.04744309931143298,0.014411971822531107,0.04744309931143298,-0.04744309931143298,0.04744309931143298,0.04744309931143298
2026-07-08,0.031176519837122996,0.031176519837122996,0.031176519837122996,0.030676519837122995,-0.031176519837122996,0.031176519837122996,-0.031176519837122996,0.009324533470941268,-0.032176519837123,-0.031176519837122996,0.031176519837122996,0.031176519837122996
2026-07-09,-0.050484882870101666,-0.050484882870101666,-0.050484882870101666,-0.050484882870101666,0.050484882870101666,-0.050484882870101666,0.050484882870101666,-0.014965294736257273,-0.0005,0.050484882870101666,-0.050484882870101666,-0.050484882870101666
2026-07-10,0.004505767627203117,0.004505767627203116,0.004505767627203117,-0.0005,-0.004505767627203117,0.004505767627203117,-0.004505767627203117,0.0014057779630853588,0.004005767627203116,-0.004505767627203117,-0.005505767627203117,0.004505767627203117
2026-07-13,0.036782231653514685,0.036782231653514685,0.036782231653514685,0.0,-0.036782231653514685,0.036782231653514685,-0.036782231653514685,0.011549115423912812,-0.0005,-0.036782231653514685,-0.036782231653514685,0.036782231653514685
2026-07-14,-0.004038000618503457,-0.004038000618503457,-0.004038000618503457,-0.004538000618503457,0.004038000618503457,-0.004038000618503457,0.004038000618503457,-0.0012541485275378314,0.0,0.004038000618503457,-0.005038000618503457,-0.004038000618503457
2026-07-15,-0.007529675472222053,-0.007529675472222053,-0.007529675472222053,-0.007529675472222053,0.007529675472222053,-0.007529675472222053,0.007529675472222053,-0.002346994289235791,0.007029675472222052,0.007529675472222053,0.006529675472222053,-0.007529675472222053
2026-07-16,0.00029178712834276865,0.00029178712834276865,0.00029178712834276865,0.00029178712834276865,-0.00029178712834276865,0.00029178712834276865,-0.0005,8.8707326779628e-05,-0.0005,-0.00029178712834276865,-0.00029178712834276865,0.00029178712834276865
2026-07-17,0.027421221965845177,0.027421221965845174,0.027421221965845177,0.027421221965845177,-0.027421221965845177,0.027421221965845177,0.0,0.008845788694862237,0.026921221965845177,-0.027421221965845177,0.026421221965845176,0.027421221965845177
2026-07-20,-0.010789269804060364,-0.010789269804060364,-0.010789269804060364,-0.010789269804060364,0.010789269804060364,-0.010789269804060364,0.0,-0.0034984692131210526,-0.010789269804060364,0.010789269804060364,-0.010789269804060364,-0.010789269804060364
2026-07-21,0.026693453107831777,0.026693453107831777,0.026693453107831777,0.026693453107831777,-0.026693453107831777,0.026693453107831777,0.0,0.008915578685953206,0.026693453107831777,-0.026693453107831777,-0.027693453107831778,0.026693453107831777
2026-07-22,0.018581076545787445,0.018581076545787445,0.018581076545787445,0.018581076545787445,0.017581076545787444,-0.0005,0.0,0.006167461292759363,0.018581076545787445,-0.018581076545787445,0.017581076545787444,0.018581076545787445
2026-07-23,0.006633440070347385,0.006633440070347384,0.006633440070347385,0.006633440070347385,-0.007633440070347384,0.0,0.0,0.0022374739203289205,0.006633440070347385,-0.006633440070347385,0.006633440070347385,0.006633440070347385
2026-07-24,-0.007413417260867083,-0.007413417260867083,-0.007413417260867083,-0.007413417260867083,0.007413417260867083,0.0,0.0,-0.002512630946765713,-0.0005,0.007413417260867083,-0.007413417260867083,-0.007413417260867083
2026-07-27,-0.03900414351027692,-0.03900414351027692,-0.03900414351027692,-0.03900414351027692,0.03900414351027692,0.0,0.0,-0.013246192501591845,-0.03950414351027692,0.03900414351027692,0.03800414351027692,-0.03900414351027692
2026-07-28,0.0054691599749332465,0.0054691599749332465,0.0054691599749332465,-0.0005,-0.0054691599749332465,0.0,0.0,0.0018381344835421902,-0.0005,-0.0054691599749332465,-0.0054691599749332465,0.0054691599749332465
2026-07-29,0.05067278678212328,0.05067278678212328,0.05067278678212328,0.0,-0.05067278678212328,0.0,0.0,0.017104185829867464,0.05017278678212328,-0.05067278678212328,-0.05067278678212328,0.05067278678212328
2026-07-30,-0.010081714555668309,-0.010081714555668309,-0.010081714555668309,-0.010581714555668309,0.010081714555668309,0.0,0.0,-0.0033200783886561344,-0.010081714555668309,0.010081714555668309,-0.01108171455566831,-0.010081714555668309
2026-07-31,0.027250146266804887,0.027250146266804883,0.027250146266804887,0.027250146266804887,-0.027250146266804887,0.0,0.0,0.009124999331147327,0.027250146266804887,-0.027250146266804887,-0.028250146266804887,0.027250146266804887
2026-08-03,-0.012057898355284924,-0.012057898355284924,-0.012057898355284924,-0.012057898355284924,0.012057898355284924,0.0,0.0,-0.004012892954635683,-0.0005,0.012057898355284924,-0.013057898355284925,-0.012057898355284924
2026-08-04,-0.029020876751338687,-0.029020876751338687,-0.029020876751338687,-0.029020876751338687,0.029020876751338687,0.0,0.0,-0.009662071871177966,-0.029520876751338687,0.029020876751338687,0.028020876751338686,-0.029020876751338687
2026-08-05,-0.031843559048691183,-0.031843559048691183,-0.031843559048691183,-0.0005,0.031843559048691183,0.0,-0.032343559048691184,-0.01077788251353731,-0.031843559048691183,0.031843559048691183,0.031843559048691183,-0.031843559048691183
2026-08-06,0.05395265262888893,0.05395265262888893,0.05395265262888893,0.0,-0.05395265262888893,0.0,0.05395265262888893,0.01811221608196864,0.05395265262888893,-0.05395265262888893,-0.05395265262888893,0.05395265262888893
2026-08-07,0.030112300180031193,0.03011230018003119,0.030112300180031193,0.029612300180031192,-0.030112300180031193,0.0,0.030112300180031193,0.010386446387978936,0.030112300180031193,-0.030112300180031193,0.029112300180031192,0.030112300180031193
2026-08-10,0.09008767721032207,0.09008767721032207,0.09008767721032207,0.09008767721032207,0.08908767721032207,0.0,0.09008767721032207,0.031793308563865356,0.09008767721032207,-0.09008767721032207,0.09008767721032207,0.09008767721032207
2026-08-11,-0.00975137789895364,-0.00975137789895364,-0.00975137789895364,-0.00975137789895364,-0.009751377898953638,0.0,-0.00975137789895364,-0.0032014005240424835,-0.0005,0.00975137789895364,-0.00975137789895364,-0.00975137789895364
2026-08-12,-0.016001913546861868,-0.016001913546861868,-0.016001913546861868,-0.016001913546861868,-0.016001913546861868,0.0,-0.016001913546861868,-0.005270432583246445,0.015501913546861867,-0.01700191354686187,-0.016001913546861868,-0.016001913546861868
2026-08-13,0.0007505323587866375,0.0007505323587866375,0.0007505323587866375,0.0007505323587866375,0.0007505323587866375,0.0,0.0007505323587866375,0.0002461580242161208,-0.00024946764121336253,0.0007505323587866375,-0.0017505323587866375,0.0007505323587866375
2026-08-14,0.01175003051757817,0.01175003051757817,0.01175003051757817,0.01175003051757817,0.01175003051757817,0.0,0.01175003051757817,0.003860770401395203,-0.0005,0.01175003051757817,-0.01175003051757817,0.01175003051757817
2026-08-17,0.027427738494451015,0.027427738494451015,0.027427738494451015,0.027427738494451015,0.027427738494451015,0.0,0.027427738494451015,0.009003715124336769,0.0,0.027427738494451015,0.026427738494451014,0.027427738494451015
2026-08-18,0.0189994484377356,0.0189994484377356,0.0189994484377356,0.0189994484377356,0.0189994484377356,0.0,0.0189994484377356,0.006340638182257547,-0.0194994484377356,0.0189994484377356,0.0189994484377356,0.0189994484377356
