date,6.5.volatility_targeting,4.1.2.dual_momentum,4.6.multi_asset_trend,3.17.single_stock_knn,3.20.alpha_combo,3.12.two_moving_averages,3.11.single_moving_average,10.4.trend_following,3.14.support_resistance,3.15.channel,3.13.three_moving_averages,__benchmark__
2016-03-11,0.011696489544289604,0.01684565934331056,0.01684565934331056,0.01684565934331056,0.01684565934331056,-0.01784565934331056,0.01684565934331056,0.01684565934331056,0.01684565934331056,0.0,-0.01784565934331056,0.01684565934331056
2016-03-14,0.005005729676940428,0.007209412412428229,0.007209412412428229,-0.00820941241242823,0.007209412412428229,-0.007209412412428229,0.007209412412428229,0.007209412412428229,0.007209412412428229,0.0,-0.007209412412428229,0.007209412412428229
2016-03-15,0.0003053829789431002,0.00043982235978079487,0.00043982235978079487,-0.0005601776402192052,0.00043982235978079487,-0.0005601776402192052,0.00043982235978079487,0.00043982235978079487,0.00043982235978079487,0.0,-0.0005,0.00043982235978079487
2016-03-16,0.006281273947396794,0.009046492176921328,0.009046492176921328,-0.010046492176921329,0.009046492176921328,0.009046492176921328,0.009046492176921328,0.009046492176921328,0.009046492176921328,0.0,0.0,0.009046492176921328
2016-03-17,0.0010267203964418365,0.0014787156414577396,0.0014787156414577396,0.00047871564145773957,0.0014787156414577396,0.0014787156414577396,0.0014787156414577396,0.0014787156414577396,0.0014787156414577396,0.0,0.0,0.0014787156414577396
2016-03-18,-0.0028104693008495427,-0.004047728017681829,-0.004047728017681829,-0.004047728017681829,-0.004047728017681829,-0.004047728017681829,-0.004047728017681829,-0.004047728017681829,-0.004047728017681829,0.0,0.0,-0.004047728017681829
2016-03-21,0.0062044542601180684,0.008935853999726628,0.008935853999726628,0.008935853999726628,0.008935853999726628,0.008935853999726628,0.008935853999726628,0.008935853999726628,-0.0005,0.0,0.0,0.008935853999726628
2016-03-22,-0.0019224253373385013,-0.0027687386222273735,-0.0027687386222273735,-0.0027687386222273735,-0.0027687386222273735,-0.0027687386222273735,-0.0027687386222273735,-0.0027687386222273735,-0.0032687386222273736,0.0,0.0,-0.0027687386222273735
2016-03-23,-0.0022746279215798654,-0.0032759920790442765,-0.0032759920790442765,-0.0032759920790442765,-0.0032759920790442765,-0.0032759920790442765,-0.0032759920790442765,-0.0032759920790442765,-0.0032759920790442765,0.0,-0.0037759920790442765,-0.0032759920790442765
2016-03-24,-0.0028210169073802573,-0.0035905528195527836,-0.0035905528195527836,-0.0035905528195527836,-0.0035905528195527836,-0.0035905528195527836,-0.0035905528195527836,-0.0035905528195527836,-0.0005,0.0,-0.0035905528195527836,-0.0035905528195527836
2016-03-28,-0.0016005363607892143,-0.0020665088318626568,-0.0020665088318626568,-0.0020665088318626568,-0.0020665088318626568,-0.0020665088318626568,-0.0020665088318626568,-0.0020665088318626563,0.0,0.0,-0.0020665088318626568,-0.0020665088318626568
2016-03-29,0.01296526467739668,0.016739909582601298,0.016739909582601298,0.016739909582601298,0.016739909582601298,0.016739909582601298,0.016739909582601298,0.016739909582601298,0.0,0.0,0.016739909582601298,0.016739909582601298
2016-03-30,0.002477784927182583,0.0031991553337495926,0.0031991553337495926,0.0031991553337495926,0.0031991553337495926,0.0031991553337495926,0.0031991553337495926,0.0031991553337495926,0.0026991553337495926,0.0,0.0031991553337495926,0.0031991553337495926
2016-03-31,-0.005483819244060692,-0.007080352048110861,-0.007080352048110861,0.006080352048110861,-0.007080352048110861,-0.007080352048110861,-0.007080352048110861,-0.007080352048110861,-0.007080352048110861,0.0,-0.007080352048110861,-0.007080352048110861
2016-04-01,0.008431138070419687,0.008874152835558036,0.008874152835558034,-0.008874152835558036,0.008874152835558036,0.008874152835558036,0.008874152835558036,0.008874152835558036,-0.0005,0.0,0.008874152835558036,0.008874152835558036
2016-04-04,-0.005678705499628017,-0.005911865442758346,-0.005911865442758346,-0.006911865442758346,-0.005911865442758346,-0.005911865442758346,-0.005911865442758346,-0.005911865442758346,-0.006411865442758347,0.0,-0.005911865442758346,-0.005911865442758346
2016-04-05,-0.00822287064968241,-0.008560490562032785,-0.008560490562032785,0.007560490562032785,-0.008560490562032785,-0.008560490562032785,-0.008560490562032785,-0.008560490562032785,-0.008560490562032785,0.0,-0.008560490562032785,-0.008560490562032785
2016-04-06,0.012029450070000863,0.012523362968705376,0.012523362968705376,0.011523362968705375,0.012523362968705376,0.012523362968705376,0.012523362968705376,0.012523362968705376,-0.0005,0.0,0.012523362968705376,0.012523362968705376
2016-04-07,-0.012012719502118933,-0.010350582567256295,-0.010350582567256295,-0.010350582567256295,-0.010350582567256295,-0.010350582567256295,-0.010350582567256295,-0.010350582567256295,-0.010850582567256295,0.0,-0.010350582567256295,-0.010350582567256295
2016-04-08,-0.0009844731257132528,-0.0008550473921459245,-0.0008550473921459245,-0.0008550473921459245,-0.0008550473921459245,-0.0008550473921459245,-0.0008550473921459245,-0.0008550473921459245,-0.0005,0.0,-0.0008550473921459245,-0.0008550473921459245
2016-04-11,-0.00292584128223996,-0.002541189691084411,-0.002541189691084411,-0.002541189691084411,-0.002541189691084411,-0.002541189691084411,-0.002541189691084411,-0.002541189691084411,0.0,0.0,-0.0005,-0.002541189691084411
2016-04-12,0.008501466323434383,0.008949845142602664,0.008949845142602664,0.008949845142602664,0.008949845142602664,0.008949845142602664,0.008949845142602664,0.008949845142602664,0.0,0.0,0.0,0.008949845142602664
2016-04-13,0.009538820562825954,0.00993047159317162,0.00993047159317162,-0.0005,0.00993047159317162,0.00993047159317162,0.00993047159317162,0.00993047159317162,0.009430471593171619,0.0,0.0,0.00993047159317162
2016-04-14,0.004330670828039169,0.004508482296524008,0.004508482296524008,0.0,0.004508482296524008,0.004508482296524008,0.004508482296524008,0.004508482296524008,0.004508482296524008,0.0,0.0,0.004508482296524008
2016-04-15,0.005710711238942858,0.0059451852943051,0.0059451852943051,0.0,0.0059451852943051,0.0059451852943051,0.0059451852943051,0.0059451852943051,0.0059451852943051,0.0,0.005445185294305099,0.0059451852943051
2016-04-18,0.009457872756983903,0.009846200180249065,0.009846200180249065,-0.010346200180249066,0.009846200180249065,0.009846200180249065,0.009846200180249065,0.009846200180249065,0.009846200180249065,0.0,0.009846200180249065,0.009846200180249065
2016-04-19,-0.013938617121823644,-0.014510917829379744,-0.014510917829379744,0.014510917829379744,-0.014510917829379744,-0.014510917829379744,-0.014510917829379744,-0.014510917829379744,-0.014510917829379744,0.0,-0.014510917829379744,-0.014510917829379744
2016-04-20,-0.0016457576083054295,-0.001713330182791628,-0.0017133301827916279,-0.002713330182791628,-0.001713330182791628,-0.001713330182791628,-0.001713330182791628,-0.001713330182791628,-0.0005,0.0,-0.001713330182791628,-0.001713330182791628
2016-04-21,0.006296841617757543,0.00655538139123113,0.00655538139123113,-0.0005,0.00655538139123113,0.00655538139123113,0.00655538139123113,0.00655538139123113,0.0,0.0,0.00655538139123113,0.00655538139123113
2016-04-22,-0.05200555114923186,-0.05414082851996549,-0.05414082851996549,-0.05464082851996549,-0.05414082851996549,-0.05414082851996549,-0.05414082851996549,-0.05414082851996549,-0.05464082851996549,0.0,-0.05414082851996549,-0.05414082851996549
2016-04-25,0.0037167507920911466,0.006018086183075422,0.006018086183075422,-0.0005,0.006018086183075422,0.006018086183075422,0.006018086183075422,0.006018086183075422,-0.0005,0.005518086183075421,0.006018086183075422,0.006018086183075422
2016-04-26,-0.014609618207697402,-0.022689074148760424,-0.022689074148760424,-0.023189074148760425,-0.022689074148760424,-0.022689074148760424,-0.022689074148760424,-0.022689074148760424,-0.023189074148760425,-0.022689074148760424,-0.0005,-0.022689074148760424
2016-04-27,-0.0034707605195020814,-0.005390171163958457,-0.005390171163958457,-0.005390171163958457,-0.005390171163958457,-0.005390171163958457,-0.005390171163958457,-0.005390171163958457,-0.0005,-0.005390171163958457,0.0,-0.005390171163958457
2016-04-28,-0.01463713719870722,-0.022731811776715127,-0.0005,-0.022731811776715127,-0.022731811776715124,-0.022731811776715127,-0.022731811776715127,0.021731811776715126,0.0,-0.022731811776715127,0.0,-0.022731811776715127
2016-04-29,0.002575512651751356,-0.0005,0.0,0.0039998305702382275,-0.0049998305702382275,-0.0049998305702382275,-0.0005,-0.0039998305702382275,0.0,0.0039998305702382275,0.0,0.0039998305702382275
2016-05-02,0.005939658834656748,0.0,0.0,0.009224427209662656,-0.009224427209662656,-0.009224427209662656,0.0,-0.009224427209662656,0.0,0.009224427209662656,-0.009724427209662656,0.009224427209662656
2016-05-03,-0.00538081030689661,0.0,0.0,-0.008356522552332546,0.008356522552332546,0.008356522552332546,0.0,0.008356522552332546,-0.008856522552332546,-0.008356522552332546,0.008356522552332546,-0.008356522552332546
2016-05-04,0.002663126370999865,0.0,0.0,0.004135896697649466,-0.004135896697649466,-0.004135896697649466,0.0,-0.004135896697649466,-0.0005,0.004135896697649466,-0.004135896697649466,0.004135896697649466
2016-05-05,0.0030231541894228807,0.0,0.0,0.004695028206199936,-0.004695028206199936,-0.004695028206199936,0.0,-0.004695028206199936,0.0041950282061999355,0.004695028206199936,-0.004695028206199936,0.004695028206199936
2016-05-06,0.009432818911238117,0.0,0.0,0.01464938540256644,-0.01464938540256644,-0.01464938540256644,0.0,-0.01464938540256644,0.01464938540256644,0.01464938540256644,-0.01464938540256644,0.01464938540256644
2016-05-09,0.0035073456310911726,0.0049469886863457435,0.0,0.005446988686345744,0.004446988686345743,-0.005446988686345744,0.0049469886863457435,-0.005446988686345744,0.005446988686345744,0.005446988686345744,-0.005446988686345744,0.005446988686345744
2016-05-10,0.009051927771609989,0.014057852674827176,0.0,0.014057852674827176,0.014057852674827174,-0.014057852674827176,0.014057852674827176,-0.014057852674827176,0.014057852674827176,0.014057852674827176,-0.0005,0.014057852674827176
2016-05-11,-0.008066413901394025,-0.011942403219313502,0.0,0.010942403219313501,0.010942403219313501,0.011942403219313502,-0.011942403219313502,0.011942403219313502,-0.011942403219313502,-0.011942403219313502,0.011442403219313502,-0.011942403219313502
2016-05-12,-0.0022886862641787018,-0.003394791695640609,0.0,-0.004394791695640609,-0.004394791695640609,0.003394791695640609,-0.003394791695640609,0.003394791695640609,-0.0005,-0.003394791695640609,0.003394791695640609,-0.003394791695640609
2016-05-13,-0.00300008787062327,-0.004450008526196481,0.0,-0.004450008526196481,-0.004450008526196481,0.004450008526196481,-0.004450008526196481,0.004450008526196481,0.0,-0.004450008526196481,0.004450008526196481,-0.004450008526196481
2016-05-16,0.005087716394297895,0.007546572737148427,0.0,0.007546572737148427,0.007546572737148427,-0.007546572737148427,0.007546572737148427,-0.007546572737148427,0.0,0.007546572737148427,-0.007546572737148427,0.007546572737148427
2016-05-17,-0.009333172145106663,-0.013843826385510405,0.0,0.012843826385510404,0.012843826385510404,0.013843826385510405,-0.013843826385510405,0.013843826385510405,-0.014343826385510405,-0.013843826385510405,0.013843826385510405,-0.013843826385510405
2016-05-18,0.001488536507412486,-0.0005,0.0,0.0012079353789608014,0.0012079353789608014,-0.0022079353789608014,-0.0005,-0.0022079353789608014,-0.0005,0.0022079353789608014,-0.0022079353789608014,0.0022079353789608014
2016-05-19,-0.006693768440136298,0.0,0.0,-0.008963926323005023,-0.008963926323005023,0.008963926323005023,0.0,0.008963926323005023,0.0,-0.008963926323005023,0.008963926323005023,-0.008963926323005023
2016-05-20,0.006646889244078887,0.0,0.0,0.008947085138485633,0.008947085138485633,-0.008947085138485633,0.0,-0.008947085138485633,0.0,0.008947085138485633,-0.008947085138485633,0.008947085138485633
2016-05-23,-0.004590914682837069,0.0,0.0,-0.00617962824752305,0.00517962824752305,0.00617962824752305,0.0,0.00617962824752305,-0.006679628247523051,-0.00617962824752305,0.00617962824752305,-0.00617962824752305
2016-05-24,0.016344504191564347,0.0,0.0,0.022000617909878617,0.021000617909878616,-0.022000617909878617,0.0,-0.022000617909878617,-0.0005,0.022000617909878617,-0.022000617909878617,0.022000617909878617
2016-05-25,0.005138387530680838,0.006416557358389585,0.0,0.006916557358389586,-0.007916557358389587,-0.006916557358389586,0.006416557358389585,-0.006916557358389586,0.006416557358389585,0.006916557358389586,-0.0005,0.006916557358389586
2016-05-26,-0.0011777318974844685,-0.0015852930852564562,0.0,-0.0015852930852564562,0.0015852930852564562,0.0015852930852564562,-0.0015852930852564562,0.0015852930852564562,-0.0015852930852564562,-0.0015852930852564562,-0.002085293085256456,-0.0015852930852564562
2016-05-27,0.010756631698735421,0.014479028621945389,0.0,0.014479028621945389,-0.014479028621945389,-0.014479028621945389,0.014479028621945389,-0.014479028621945389,0.014479028621945389,0.014479028621945389,0.014479028621945389,0.014479028621945389
2016-05-31,0.0012422369193832226,0.0016721204569178916,0.0,0.0016721204569178916,0.0006721204569178916,-0.0016721204569178916,0.0016721204569178916,-0.0016721204569178916,0.0016721204569178916,-0.0005,0.0016721204569178916,0.0016721204569178916
2016-06-01,-0.00038706898266546036,-0.0005210165259575961,0.0,-0.0005210165259575961,-0.0005210165259575961,0.0005210165259575961,-0.0005210165259575961,0.0005210165259575961,-0.0005210165259575961,0.0,-0.0005210165259575961,-0.0005210165259575961
2016-06-02,-0.004158824948583321,-0.005598011268832193,0.0,-0.005598011268832193,-0.005598011268832193,0.005598011268832193,-0.005598011268832193,0.005598011268832193,-0.0005,0.0,-0.005598011268832193,-0.005598011268832193
2016-06-03,-0.008394745310499678,-0.011299797281239643,0.0,-0.011299797281239643,-0.011299797281239643,-0.012299797281239644,-0.011299797281239643,0.011299797281239643,0.0,0.0,-0.011299797281239643,-0.011299797281239643
2016-06-06,-0.005855609636017327,-0.00788197847554839,0.0,-0.00788197847554839,-0.00788197847554839,-0.00788197847554839,-0.00788197847554839,0.00788197847554839,0.0,0.0,-0.00788197847554839,-0.00788197847554839
2016-06-07,0.0010483067818185556,0.0014110796319553032,0.0,0.0014110796319553032,0.0014110796319553032,0.0014110796319553032,0.0014110796319553032,-0.0014110796319553032,0.0,0.0,0.0014110796319553032,0.0014110796319553032
2016-06-08,0.012031344870976863,0.016194863933832515,0.0,0.016194863933832515,0.016194863933832515,0.016194863933832515,0.016194863933832515,-0.016194863933832515,0.0,0.0,0.016194863933832515,0.016194863933832515
2016-06-09,-0.0004101651901852673,-0.0005521053146326782,0.0,-0.0005521053146326782,-0.0004478946853673218,-0.0005521053146326782,-0.0005521053146326782,0.0005521053146326782,-0.0010521053146326782,0.0,-0.0005521053146326782,-0.0005521053146326782
2016-06-10,-0.012693727859657408,-0.012565183431008098,0.0,-0.012565183431008098,0.012565183431008098,-0.012565183431008098,-0.012565183431008098,0.012565183431008098,-0.012565183431008098,0.0,-0.012565183431008098,-0.012565183431008098
2016-06-13,-0.001786763900776478,-0.001786763900776478,0.0,-0.001786763900776478,0.001786763900776478,-0.001786763900776478,-0.001786763900776478,0.001786763900776478,-0.0005,0.0,-0.001786763900776478,-0.001786763900776478
2016-06-14,0.0018720984761027015,0.0018720984761027015,0.0,0.0018720984761027015,-0.0018720984761027015,0.0018720984761027015,0.0018720984761027015,-0.0018720984761027015,0.0,0.0,0.0018720984761027015,0.0018720984761027015
2016-06-15,-0.0014454595669163295,-0.0014454595669163295,0.0,-0.0014454595669163295,0.0014454595669163295,-0.0014454595669163295,-0.0014454595669163295,0.0014454595669163295,0.0,0.0,-0.0005,-0.0014454595669163295
2016-06-16,-0.010844340124457896,-0.010844340124457896,0.0,-0.010844340124457896,0.010844340124457896,-0.010844340124457896,-0.010844340124457896,0.010844340124457896,-0.011344340124457897,0.0,0.0,-0.010844340124457896
2016-06-17,-0.027614779773619147,-0.0005,0.0,-0.027614779773619147,0.027614779773619143,-0.027614779773619147,-0.0005,0.027614779773619147,-0.0005,-0.028114779773619147,0.0,-0.027614779773619147
2016-06-20,0.00266940222833445,0.0,0.0,0.00266940222833445,0.0016694022283344496,0.00266940222833445,0.0,-0.0026694022283344494,0.0,0.00266940222833445,0.0,0.00266940222833445
2016-06-21,0.0038945772842886583,0.0,0.0,0.0038945772842886583,0.003894577284288658,0.0038945772842886583,0.0,-0.0038945772842886583,0.0,0.0038945772842886583,0.0,0.0038945772842886583
2016-06-22,0.0022430534887580844,0.0,0.0,0.0022430534887580844,0.002243053488758084,0.0022430534887580844,0.0,-0.0022430534887580844,0.0,0.0022430534887580844,0.0,0.0022430534887580844
2016-06-23,0.006192889276495972,0.0,0.0,0.006192889276495972,0.006192889276495971,0.006192889276495972,0.0,-0.006192889276495972,0.0056928892764959715,0.006192889276495972,-0.006692889276495972,0.006192889276495972
2016-06-24,-0.04150410203381116,0.0,0.0,-0.04150410203381116,-0.041504102033811156,-0.04150410203381116,0.0,0.041504102033811156,-0.04150410203381116,-0.04150410203381116,0.04150410203381116,-0.04150410203381116
2016-06-27,-0.005925333474123828,0.0,0.0,-0.0005,-0.0059253334741238275,-0.005925333474123828,0.0,0.005925333474123828,-0.0005,-0.005925333474123828,0.005925333474123828,-0.005925333474123828
2016-06-28,0.014857559868406423,0.0,0.0,0.014357559868406422,0.01485755986840642,-0.015857559868406423,0.0,-0.01485755986840642,0.0,0.014857559868406423,-0.014857559868406423,0.014857559868406423
2016-06-29,0.0056853212174754475,0.0,0.0,0.0056853212174754475,0.005685321217475447,-0.0056853212174754475,0.0,-0.0056853212174754475,0.005185321217475447,0.0056853212174754475,-0.0056853212174754475,0.0056853212174754475
2016-06-30,0.011996692613939874,0.0,0.0,0.011996692613939874,0.011996692613939873,-0.011996692613939874,0.0,-0.011996692613939874,0.011996692613939874,0.011996692613939874,-0.011996692613939874,0.011996692613939874
2016-07-01,0.009551917511309016,0.0,0.0,0.009551917511309016,0.009551917511309014,-0.009551917511309016,0.0,-0.009551917511309016,0.009551917511309016,0.009551917511309016,-0.009551917511309016,0.009551917511309016
2016-07-05,-0.00754651876778778,0.0,0.0,-0.00754651876778778,-0.007546518767787779,0.00754651876778778,0.0,0.00754651876778778,-0.00754651876778778,-0.00754651876778778,0.00754651876778778,-0.00754651876778778
2016-07-06,0.005787989207167943,0.0,0.0,0.005787989207167943,0.005787989207167942,-0.005787989207167943,0.0,-0.005787989207167943,-0.0005,0.005787989207167943,-0.005787989207167943,0.005787989207167943
2016-07-07,-0.0024119155751380905,0.0,0.0,-0.0024119155751380905,-0.00241191557513809,0.0024119155751380905,0.0,0.0024119155751380905,-0.0029119155751380905,-0.0024119155751380905,0.0024119155751380905,-0.0024119155751380905
2016-07-08,0.014874215342289165,0.0,0.0,0.014874215342289165,0.014874215342289164,-0.014874215342289165,0.0,-0.014874215342289165,0.014874215342289165,0.014874215342289165,-0.014874215342289165,0.014874215342289165
2016-07-11,0.013123733632730783,0.0,0.0,0.013123733632730783,0.013123733632730781,-0.013123733632730783,0.0,-0.013123733632730783,0.013123733632730783,-0.0005,-0.0005,0.013123733632730783
2016-07-12,0.007302245321360701,0.0,0.0,-0.0005,0.007302245321360701,-0.007302245321360701,0.0,-0.007302245321360701,0.007302245321360701,0.0068022453213607,0.0,0.007302245321360701
2016-07-13,-0.004136592997056043,0.0,0.0,-0.004636592997056044,-0.004136592997056043,0.004136592997056043,0.0,0.004136592997056043,-0.004136592997056043,-0.004136592997056043,0.0,-0.004136592997056043
2016-07-14,0.008663766715815147,0.0,0.0,0.008663766715815147,0.008663766715815147,-0.008663766715815147,0.0,-0.008663766715815147,0.008663766715815147,0.008663766715815147,0.0,0.008663766715815147
2016-07-15,-0.0002310787412579396,-0.0007310787412579396,-0.0007310787412579396,-0.0002310787412579396,-0.0002310787412579396,0.0002310787412579396,-0.0007310787412579396,-0.0012310787412579396,-0.0002310787412579396,-0.0002310787412579396,0.0,-0.0002310787412579396
2016-07-18,0.023884353148581727,0.023884353148581727,0.023884353148581724,-0.0005,-0.024884353148581728,-0.023884353148581727,0.023884353148581727,0.023884353148581727,0.023884353148581727,0.023884353148581727,0.0,0.023884353148581727
2016-07-19,0.00017728093104677823,0.0002788799388651064,0.00027887993886510637,-0.00022112006113489359,-0.0002788799388651064,-0.0002788799388651064,0.0002788799388651064,0.0002788799388651064,0.0002788799388651064,0.0002788799388651064,-0.00022112006113489359,0.0002788799388651064
2016-07-20,0.004728962447625926,0.004870916324404284,0.004870916324404284,0.004870916324404284,-0.004870916324404284,-0.004870916324404284,0.004870916324404284,0.004870916324404284,0.004870916324404284,0.004870916324404284,0.004870916324404284,0.004870916324404284
2016-07-21,-0.0034647327987430095,-0.003526644015136249,-0.0035266440151362484,-0.003526644015136249,0.003526644015136249,0.003526644015136249,-0.003526644015136249,-0.003526644015136249,-0.003526644015136249,-0.0005,-0.003526644015136249,-0.003526644015136249
2016-07-22,0.006342248031148916,0.006455577489171915,0.006455577489171915,0.006455577489171915,-0.006455577489171915,-0.006455577489171915,0.006455577489171915,0.006455577489171915,0.006455577489171915,0.0,0.006455577489171915,0.006455577489171915
2016-07-25,-0.0022774003167930715,-0.00231809512127501,-0.00231809512127501,-0.00231809512127501,0.00231809512127501,-0.00331809512127501,-0.00231809512127501,-0.0023180951212750096,-0.00231809512127501,0.0,-0.00231809512127501,-0.00231809512127501
2016-07-26,0.00016850412302762074,0.00017151511863100488,0.00017151511863100488,0.00017151511863100488,-0.00017151511863100488,0.00017151511863100488,0.00017151511863100488,0.00017151511863100483,0.00017151511863100488,0.0,0.00017151511863100488,0.00017151511863100488
2016-07-27,0.005601701489453621,0.005701798141411807,0.005701798141411807,-0.0005,-0.005701798141411807,0.005701798141411807,0.005701798141411807,0.005701798141411807,0.005701798141411807,0.0,0.005701798141411807,0.005701798141411807
2016-07-28,0.004989874814814116,0.0050790387525201375,0.0050790387525201375,0.004579038752520137,-0.0050790387525201375,0.0050790387525201375,0.0050790387525201375,0.005079038752520137,0.0050790387525201375,0.0,0.0050790387525201375,0.0050790387525201375
2016-07-29,0.03271234431318265,0.033296880306330046,0.033296880306330046,-0.0005,-0.033296880306330046,0.033296880306330046,0.033296880306330046,0.033296880306330046,0.033296880306330046,0.0,0.033296880306330046,0.033296880306330046
2016-08-01,0.011918335204540541,0.012131303613002853,0.012131303613002851,0.0,-0.012131303613002853,0.012131303613002853,0.012131303613002853,0.012131303613002853,0.012131303613002853,0.0,0.012131303613002853,0.012131303613002853
2016-08-02,-0.0010059714242361603,-0.0010239471003269385,-0.0010239471003269385,0.0,0.0010239471003269385,-0.0010239471003269385,-0.0010239471003269385,-0.0010239471003269383,-0.0010239471003269385,0.0,-0.0010239471003269385,-0.0010239471003269385
2016-08-03,-0.0014734086929192244,-0.001499736992883971,-0.001499736992883971,-0.001999736992883971,0.001499736992883971,-0.001499736992883971,-0.001499736992883971,-0.001499736992883971,-0.001499736992883971,0.0,-0.001499736992883971,-0.001499736992883971
2016-08-04,-0.0020534710451228628,-0.002090164463523836,-0.002090164463523836,-0.002090164463523836,0.002090164463523836,-0.002090164463523836,-0.002090164463523836,-0.002090164463523836,-0.002090164463523836,0.0,-0.002090164463523836,-0.002090164463523836
2016-08-05,0.011928533683944163,0.012141684328758284,0.012141684328758283,0.012141684328758284,-0.012141684328758284,0.012141684328758284,0.012141684328758284,0.012141684328758284,0.012141684328758284,0.0,0.012141684328758284,0.012141684328758284
2016-08-08,-0.0020698222241214113,-0.0021068078212963526,-0.0021068078212963526,-0.0021068078212963526,0.0021068078212963526,-0.0021068078212963526,-0.0021068078212963526,-0.0021068078212963526,-0.0021068078212963526,0.0,-0.0021068078212963526,-0.0021068078212963526
2016-08-09,0.002745273648439219,0.002794328868792384,0.0027943288687923835,0.002794328868792384,-0.002794328868792384,0.002794328868792384,0.002794328868792384,0.002794328868792384,0.002794328868792384,0.0,0.002794328868792384,0.002794328868792384
2016-08-10,0.0012287607237025404,0.0012507174157418977,0.0012507174157418974,0.0012507174157418977,0.00025071741574189763,0.0012507174157418977,0.0012507174157418977,0.0012507174157418977,0.0012507174157418977,0.0,0.0012507174157418977,0.0012507174157418977
2016-08-11,-0.0003524264046853459,-0.0003587239025504285,-0.0003587239025504286,-0.0003587239025504285,-0.0003587239025504285,-0.0003587239025504285,-0.0003587239025504285,-0.0003587239025504285,-0.0003587239025504285,0.0,-0.0003587239025504285,-0.0003587239025504285
2016-08-12,-0.0013979544819178846,-0.0014229344926330878,-0.0014229344926330878,-0.0005,0.0004229344926330878,-0.0014229344926330878,-0.0014229344926330878,-0.0014229344926330878,-0.0014229344926330878,0.0,-0.0014229344926330878,-0.0014229344926330878
2016-08-15,-0.0013267681306247763,-0.0013504761143597888,-0.0013504761143597888,0.0,0.0013504761143597888,-0.0013504761143597888,-0.0013504761143597888,-0.0013504761143597885,-0.0005,0.0,-0.0013504761143597888,-0.0013504761143597888
2016-08-16,-0.005814618135618657,-0.005918519389351395,-0.0059185193893513946,0.005418519389351395,-0.0069185193893513955,-0.005918519389351395,-0.005918519389351395,-0.005918519389351395,0.0,0.0,-0.005918519389351395,-0.005918519389351395
2016-08-17,0.005187041380908103,0.005279728482635138,0.005279728482635138,-0.005279728482635138,-0.006279728482635138,0.005279728482635138,0.005279728482635138,0.005279728482635138,0.0,0.0,0.005279728482635138,0.005279728482635138
2016-08-18,-0.00325687845043244,-0.0033150755231141638,-0.0033150755231141638,0.0033150755231141638,-0.004315075523114164,-0.0033150755231141638,-0.0033150755231141638,-0.0033150755231141638,-0.0038150755231141638,0.0,-0.0033150755231141638,-0.0033150755231141638
2016-08-19,-0.0037940077450681095,-0.0038618027665450194,-0.0038618027665450194,0.0038618027665450194,-0.0038618027665450194,-0.0038618027665450194,-0.0038618027665450194,-0.0038618027665450194,-0.0005,0.0,-0.0005,-0.0038618027665450194
2016-08-22,-0.0033171652803025793,-0.003376439616711857,-0.003376439616711857,0.003376439616711857,0.002376439616711857,-0.003376439616711857,-0.003376439616711857,-0.003376439616711857,0.0,0.0,0.0,-0.003376439616711857
2016-08-23,-0.00044378079875005764,-0.00045171070580452,-0.00045171070580452,0.00045171070580452,0.00045171070580452,-0.00045171070580452,-0.00045171070580452,-0.00045171070580452,0.0,0.0,0.0,-0.00045171070580452
2016-08-24,-0.003687693713651438,-0.0037535890125849347,-0.0037535890125849347,0.0037535890125849347,0.0037535890125849347,-0.0037535890125849347,-0.0037535890125849347,-0.0037535890125849347,0.0,0.0,0.0,-0.0037535890125849347
2016-08-25,-0.002847155457339431,-0.0028980312009720954,-0.002898031200972095,0.0028980312009720954,0.0028980312009720954,-0.0028980312009720954,-0.0028980312009720954,-0.002898031200972095,0.0,0.0,0.0,-0.0028980312009720954
2016-08-26,0.002383634707607636,0.0024262278115372293,0.0024262278115372293,-0.0024262278115372293,-0.0024262278115372293,0.0024262278115372293,0.0024262278115372293,0.0024262278115372293,0.0,0.0,0.0,0.0024262278115372293
2016-08-29,0.0032203141315633415,0.0032778578374230705,0.0032778578374230705,-0.0032778578374230705,0.0022778578374230704,0.0032778578374230705,0.0032778578374230705,0.0032778578374230705,0.0027778578374230705,0.0,0.0,0.0032778578374230705
2016-08-30,-0.0048144992891658266,-0.004900529446361435,-0.004900529446361434,0.004900529446361435,-0.004900529446361435,-0.004900529446361435,-0.004900529446361435,-0.004900529446361435,-0.004900529446361435,0.0,0.0,-0.004900529446361435
2016-08-31,-0.0025680665285507023,-0.0026139552396856613,-0.0026139552396856613,0.0026139552396856613,0.0016139552396856613,-0.0026139552396856613,-0.0026139552396856613,-0.0026139552396856613,-0.0005,0.0,0.0,-0.0026139552396856613
2016-09-01,0.0019277947137833218,0.0019622424252287995,0.001962242425228799,-0.0019622424252287995,-0.0019622424252287995,0.0019622424252287995,0.0019622424252287995,0.0019622424252287995,0.0,0.0,0.0,0.0019622424252287995
2016-09-02,0.006790538394767719,0.0069118783411374896,0.0069118783411374896,-0.0069118783411374896,0.0059118783411374895,0.0069118783411374896,0.0069118783411374896,0.0069118783411374896,0.0,0.0,0.0,0.0069118783411374896
2016-09-06,0.0137467248221105,0.013992364675050606,0.013992364675050606,-0.013992364675050606,0.013992364675050606,0.013992364675050606,0.013992364675050606,0.013992364675050604,0.013492364675050605,0.0,0.0,0.013992364675050606
2016-09-07,-3.659205793797708e-05,-3.724592042864128e-05,-3.724592042864128e-05,3.724592042864128e-05,-3.724592042864128e-05,-3.724592042864128e-05,-3.724592042864128e-05,-3.724592042864133e-05,-3.724592042864128e-05,0.0,-0.0005372459204286413,-3.724592042864128e-05
2016-09-08,-0.006262060849080336,-0.0063739574445221825,-0.0063739574445221825,0.0063739574445221825,-0.0063739574445221825,-0.0063739574445221825,-0.0063739574445221825,-0.0063739574445221825,-0.0063739574445221825,0.0,-0.0063739574445221825,-0.0063739574445221825
2016-09-09,-0.017572307910526396,-0.01788630700389715,-0.01788630700389715,0.01788630700389715,-0.01788630700389715,-0.01788630700389715,-0.01788630700389715,-0.01788630700389715,-0.0005,0.0,-0.01788630700389715,-0.01788630700389715
2016-09-12,0.012883598053468557,0.013113814717593764,0.013113814717593762,-0.013113814717593764,0.013113814717593764,0.013113814717593764,0.013113814717593764,0.013113814717593762,0.0,0.0,0.013113814717593764,0.013113814717593764
2016-09-13,-0.01242167058960204,-0.01264363308440608,-0.01264363308440608,0.01264363308440608,-0.01264363308440608,-0.01264363308440608,-0.01264363308440608,-0.01264363308440608,-0.013143633084406081,0.0,-0.01264363308440608,-0.01264363308440608
2016-09-14,0.0021671783419147926,0.002205903592917613,0.002205903592917613,-0.002205903592917613,0.002205903592917613,0.002205903592917613,0.002205903592917613,0.002205903592917613,-0.0005,0.0,0.002205903592917613,0.002205903592917613
2016-09-15,0.013385904187788249,0.0136250965466016,0.0136250965466016,0.0126250965466016,0.0136250965466016,0.0136250965466016,0.0136250965466016,0.0136250965466016,0.0,0.0,-0.0005,0.0136250965466016
2016-09-16,-0.003997136373796501,-0.004068561095229906,-0.004068561095229906,0.0030685610952299056,-0.004068561095229906,-0.004068561095229906,-0.004068561095229906,-0.004068561095229906,-0.004568561095229906,0.0,0.0,-0.004068561095229906
2016-09-19,-0.0031765054851789114,-0.0032332663755247903,-0.00323326637552479,0.0032332663755247903,-0.0032332663755247903,-0.0032332663755247903,-0.0032332663755247903,-0.0032332663755247903,-0.0032332663755247903,0.0,0.0,-0.0032332663755247903
2016-09-20,0.005422424456127895,0.005519317611640817,0.005519317611640816,0.004519317611640817,0.005519317611640817,0.005519317611640817,0.005519317611640817,0.005519317611640817,-0.0005,0.0,0.0,0.005519317611640817
2016-09-21,0.006448973523314362,0.006564210056261732,0.006564210056261732,0.006564210056261732,0.006564210056261732,0.006564210056261732,0.006564210056261732,0.006564210056261732,0.006064210056261732,0.0,0.0,0.006564210056261732
2016-09-22,0.013326804784617653,0.013564941097798933,0.013564941097798933,-0.014564941097798934,0.013564941097798933,0.013564941097798933,0.013564941097798933,0.013564941097798933,0.013564941097798933,0.0,0.013064941097798932,0.013564941097798933
2016-09-23,-0.001192187634384572,-0.0012134908028830216,-0.0012134908028830216,0.0012134908028830216,-0.0012134908028830216,-0.0012134908028830216,-0.0012134908028830216,-0.0012134908028830216,-0.0012134908028830216,0.0,-0.0012134908028830216,-0.0012134908028830216
2016-09-26,-0.014840003304697605,-0.015105178921185791,-0.015105178921185791,0.015105178921185791,-0.015105178921185791,-0.015105178921185791,-0.015105178921185791,-0.015105178921185791,-0.015105178921185791,0.0,-0.015105178921185791,-0.015105178921185791
2016-09-27,0.00988999519350277,0.010066719249330447,0.010066719249330447,-0.010066719249330447,0.010066719249330445,0.010066719249330447,0.010066719249330447,0.010066719249330447,-0.0005,0.0,0.010066719249330447,0.010066719249330447
2016-09-28,-0.0008119415638779395,-0.0008264501256574075,-0.0008264501256574075,0.0008264501256574075,-0.0008264501256574076,-0.0008264501256574075,-0.0008264501256574075,-0.0008264501256574075,-0.0013264501256574075,0.0,-0.0008264501256574075,-0.0008264501256574075
2016-09-29,-0.008998955482873732,-0.009159757574283334,-0.009159757574283334,0.009159757574283334,-0.009159757574283334,-0.009159757574283334,-0.009159757574283334,-0.009159757574283334,-0.009159757574283334,0.0,-0.009159757574283334,-0.009159757574283334
2016-09-30,0.0017380438230188554,0.0017691008809446185,0.0017691008809446185,0.0007691008809446185,0.0017691008809446183,0.0017691008809446185,0.0017691008809446185,0.0017691008809446185,-0.0005,0.0,0.0017691008809446185,0.0017691008809446185
2016-10-03,-0.004496281159228954,-0.004576625085292996,-0.004576625085292996,0.0035766250852929957,-0.004576625085292995,-0.004576625085292996,-0.004576625085292996,-0.004576625085292996,0.0,0.0,-0.0005,-0.004576625085292996
2016-10-04,0.002958142107821222,0.0030110010689006206,0.0030110010689006206,-0.0030110010689006206,0.00301100106890062,0.0030110010689006206,0.0030110010689006206,0.0030110010689006206,0.0,0.0,0.0,0.0030110010689006206
2016-10-05,-0.0019091548938425145,-0.0019432695308511105,-0.0019432695308511103,-0.0029432695308511106,-0.0019432695308511105,-0.0019432695308511105,-0.0019432695308511105,-0.0019432695308511105,0.0,0.0,0.0,-0.0019432695308511105
2016-10-06,0.0022683975430723364,0.002308931477234877,0.002308931477234877,-0.003308931477234877,0.0023089314772348764,0.002308931477234877,0.002308931477234877,0.002308931477234877,0.0,0.0,0.0,0.002308931477234877
2016-10-07,-0.002899138912107801,-0.002950943546683571,-0.002950943546683571,-0.003950943546683571,-0.0029509435466835705,-0.002950943546683571,-0.002950943546683571,-0.002950943546683571,-0.003450943546683571,0.0,0.0,-0.002950943546683571
2016-10-10,0.016514852840038063,0.016809956297439754,0.016809956297439754,0.016809956297439754,0.016809956297439754,0.016809956297439754,-0.0005,0.01680995629743975,-0.0005,0.0,0.0,0.016809956297439754
2016-10-11,-0.0055506296051929405,-0.005649813655036695,-0.005649813655036695,-0.0005,-0.005649813655036695,-0.005649813655036695,-0.0061498136550366955,-0.005649813655036695,-0.0061498136550366955,0.0,-0.0061498136550366955,-0.005649813655036695
2016-10-12,0.002669655270356081,0.0027173592679625713,0.002717359267962571,0.0,0.0027173592679625713,0.0027173592679625713,0.0027173592679625713,0.0027173592679625713,-0.0005,0.0,0.0027173592679625713,0.0027173592679625713
2016-10-13,-0.009306781044793001,-0.009473083662818182,-0.009473083662818182,0.0,-0.009473083662818182,-0.009473083662818182,-0.009473083662818182,-0.009473083662818182,0.0,0.0,-0.009473083662818182,-0.009473083662818182
2016-10-14,0.0006352699366477928,0.0006466215579128409,0.0006466215579128409,-0.001146621557912841,0.0006466215579128409,0.0006466215579128409,0.0006466215579128409,0.0006466215579128409,0.0,0.0,0.0006466215579128409,0.0006466215579128409
2016-10-17,0.0027352995770363476,0.0027841765709781807,0.0027841765709781807,0.0017841765709781807,0.0027841765709781807,0.0027841765709781807,0.0027841765709781807,0.0027841765709781807,0.0022841765709781807,0.0,0.0027841765709781807,0.0027841765709781807
2016-10-18,0.017838333274196202,0.018157085967573927,0.018157085967573927,0.018157085967573927,0.018157085967573927,0.018157085967573927,0.018157085967573927,0.018157085967573927,0.018157085967573927,0.0,-0.0005,0.018157085967573927
2016-10-19,0.006398210148900192,0.00651253959248721,0.006512539592487209,-0.00751253959248721,0.00651253959248721,0.00651253959248721,0.00651253959248721,0.00651253959248721,0.00651253959248721,0.0,0.006012539592487209,0.00651253959248721
2016-10-20,-0.006190453250799336,-0.0063010702920099915,-0.0063010702920099915,-0.0005,-0.0063010702920099915,-0.0063010702920099915,-0.0063010702920099915,-0.0063010702920099915,-0.0063010702920099915,0.0,-0.0063010702920099915,-0.0063010702920099915
2016-10-21,0.0029055645357152484,0.0029574839895849525,0.0029574839895849525,0.0,0.0029574839895849525,0.0029574839895849525,0.0029574839895849525,0.0029574839895849525,-0.0005,0.0,0.0029574839895849525,0.0029574839895849525
2016-10-24,0.013924946481062262,0.014173770971991573,0.014173770971991573,0.0,0.014173770971991573,0.014173770971991573,0.014173770971991573,0.014173770971991573,0.013673770971991572,0.0,0.014173770971991573,0.014173770971991573
2016-10-25,-0.008452082294822553,-0.00860311232406985,-0.00860311232406985,0.0,-0.00860311232406985,-0.00860311232406985,-0.00860311232406985,-0.00860311232406985,-0.00860311232406985,0.0,-0.00860311232406985,-0.00860311232406985
2016-10-26,-0.007648078400134583,-0.007784741705597842,-0.007784741705597842,0.0,-0.007784741705597842,-0.007784741705597842,-0.007784741705597842,-0.007784741705597842,-0.0005,0.0,-0.007784741705597842,-0.007784741705597842
2016-10-27,-0.005676271242890176,-0.005777700379749673,-0.005777700379749673,0.0,-0.005777700379749673,-0.005777700379749673,-0.005777700379749673,-0.005777700379749673,0.0,0.0,-0.005777700379749673,-0.005777700379749673
2016-10-28,0.0026563637152255534,0.0027038302063939756,0.0027038302063939756,-0.0032038302063939757,0.0027038302063939756,0.0027038302063939756,0.0027038302063939756,0.0027038302063939756,0.0,0.0,0.0027038302063939756,0.0027038302063939756
2016-10-31,-0.011579919154019288,-0.011786840415255018,-0.011786840415255018,0.011786840415255018,-0.011786840415255018,-0.011786840415255018,-0.011786840415255018,-0.011786840415255018,-0.012286840415255018,0.0,-0.011786840415255018,-0.011786840415255018
2016-11-01,-0.005361784486777887,-0.005457594068323468,-0.005457594068323467,-0.0005,-0.005457594068323468,-0.005457594068323468,-0.005457594068323468,-0.005457594068323468,-0.0005,0.0,-0.005457594068323468,-0.005457594068323468
2016-11-02,-0.020808055687232478,-0.021179874269849353,-0.021179874269849353,0.020679874269849352,-0.021179874269849353,-0.021179874269849353,-0.0005,-0.021179874269849353,0.0,0.0,-0.0005,-0.021179874269849353
2016-11-03,-0.0077631466679471675,-0.007901866125166523,-0.007901866125166523,0.007901866125166523,-0.007901866125166523,-0.007901866125166523,0.0,-0.007901866125166523,0.0,0.0,0.0,-0.007901866125166523
2016-11-04,-0.0013690328882236553,-0.0013934960997656898,-0.0013934960997656896,0.0013934960997656898,-0.0013934960997656898,-0.0013934960997656898,0.0,-0.0013934960997656898,0.0,-0.0018934960997656898,0.0,-0.0013934960997656898
2016-11-07,0.026325189809118566,0.026795593911696614,0.026795593911696614,-0.026795593911696614,0.026795593911696614,0.026795593911696614,0.0,0.026795593911696614,0.0,0.026795593911696614,0.0,0.026795593911696614
2016-11-08,0.012188192943505672,0.012405983432585144,0.012405983432585144,0.011405983432585143,0.012405983432585144,0.012405983432585144,0.0,0.012405983432585144,0.011905983432585143,0.012405983432585144,0.0,0.012405983432585144
2016-11-09,-0.0077316039212453665,-0.007869759741979565,-0.007869759741979565,-0.007869759741979565,-0.007869759741979565,0.006869759741979565,-0.008369759741979566,-0.007869759741979565,-0.007869759741979565,-0.007869759741979565,0.007369759741979565,-0.007869759741979565
2016-11-10,-0.030854173813552578,-0.03140550620844851,-0.03140550620844851,0.030405506208448507,0.030405506208448507,0.03140550620844851,-0.0005,-0.03140550620844851,-0.0005,-0.03140550620844851,0.03140550620844851,-0.03140550620844851
2016-11-11,-0.010752546285793658,-0.010944683243691133,-0.010944683243691133,0.010944683243691133,0.010944683243691133,0.010944683243691133,0.0,-0.010944683243691133,0.0,-0.010944683243691133,0.010944683243691133,-0.010944683243691133
2016-11-14,-0.023588887972312348,-0.02401039717159592,-0.02401039717159592,0.02401039717159592,0.02401039717159592,0.02401039717159592,0.0,-0.02401039717159592,0.0,-0.02401039717159592,-0.0005,-0.02401039717159592
2016-11-15,0.028616982631132968,-0.0005,0.02912833871747833,0.02812833871747833,0.02812833871747833,-0.02912833871747833,0.0,0.02912833871747833,0.0,0.02912833871747833,-0.02962833871747833,0.02912833871747833
2016-11-16,0.004929591484526028,0.005718227689428479,0.006218227689428479,0.006218227689428479,0.006218227689428479,-0.006218227689428479,0.0,0.0062182276894284785,0.005718227689428479,0.006218227689428479,-0.006218227689428479,0.006218227689428479
2016-11-17,0.006393024883541145,0.007923127046245426,0.007923127046245424,0.007923127046245426,0.007923127046245426,-0.007923127046245426,0.0,0.007923127046245426,0.007923127046245426,0.007923127046245426,-0.007923127046245426,0.007923127046245426
2016-11-18,-0.010458472927044632,-0.012961596618218385,-0.012961596618218385,-0.012961596618218385,-0.012961596618218385,0.012961596618218385,0.0,-0.012961596618218385,-0.012961596618218385,-0.012961596618218385,0.012961596618218385,-0.012961596618218385
2016-11-21,0.009181644049722807,0.011379172398756854,0.011379172398756854,0.011379172398756854,-0.012379172398756855,-0.011379172398756854,0.0,0.011379172398756854,-0.0005,0.011379172398756854,-0.011379172398756854,0.011379172398756854
2016-11-22,0.00020567483566813713,0.0002549009088654852,0.0002549009088654852,0.0002549009088654852,-0.0007450990911345148,-0.0002549009088654852,0.0,0.0002549009088654851,-0.0002450990911345148,0.0002549009088654852,-0.0002549009088654852,0.0002549009088654852
2016-11-23,-0.006167169466223409,-0.0076432155492484055,-0.0076432155492484055,0.0066432155492484055,-0.0076432155492484055,0.0076432155492484055,0.0,-0.0076432155492484055,-0.0076432155492484055,-0.0076432155492484055,-0.0005,-0.0076432155492484055
2016-11-25,0.00127385138959046,0.0015787341018718148,0.0015787341018718146,-0.0015787341018718148,-0.002578734101871815,-0.0015787341018718148,0.0,0.0015787341018718148,-0.0005,0.0015787341018718148,0.0,0.0015787341018718148
2016-11-28,0.005749961579678716,0.007126153415124792,0.007126153415124792,0.006126153415124792,-0.007126153415124792,-0.007126153415124792,0.0,0.007126153415124791,0.0,0.007126153415124792,0.0,0.007126153415124792
2016-11-29,0.003747987100228065,0.004645027745668218,0.004645027745668218,0.004645027745668218,0.0036450277456682176,-0.004645027745668218,0.0,0.004645027745668218,0.004145027745668217,0.004645027745668218,0.0,0.004645027745668218
2016-11-30,-0.013859786978942806,-0.017176978827467937,-0.017176978827467937,-0.017176978827467937,-0.017176978827467937,0.017176978827467937,0.0,-0.017176978827467937,-0.017176978827467937,-0.017176978827467937,0.0,-0.017176978827467937
2016-12-01,-0.012011296587249452,-0.01488607202138681,-0.0005,-0.01488607202138681,-0.01488607202138681,0.01488607202138681,0.0,0.013886072021386808,-0.0005,-0.01488607202138681,0.014386072021386809,-0.01488607202138681
2016-12-02,0.0001371593450373505,0.0001699869680014121,0.0,-0.0011699869680014121,0.0001699869680014121,-0.0001699869680014121,0.0,-0.0001699869680014121,0.0,0.0001699869680014121,-0.0001699869680014121,0.0001699869680014121
2016-12-05,0.014523583379347182,-0.0005,0.0,0.0169996478001454,0.017999647800145402,-0.017999647800145402,0.0,-0.017999647800145402,0.0,0.017999647800145402,-0.017999647800145402,0.017999647800145402
2016-12-06,-0.0021149989888647252,-0.0031212013869362227,0.0,-0.0026212013869362227,-0.0026212013869362227,0.0026212013869362227,0.0,0.0026212013869362227,-0.0031212013869362227,-0.0026212013869362227,0.0026212013869362227,-0.0026212013869362227
2016-12-07,0.015894818721995857,0.019699073663179023,0.019199073663179023,0.019699073663179023,0.019699073663179023,-0.019699073663179023,0.0,0.018699073663179022,0.019699073663179023,0.019699073663179023,-0.019699073663179023,0.019699073663179023
2016-12-08,0.0037720155954241445,0.004674807204318343,0.004674807204318343,-0.0005,-0.005674807204318343,-0.004674807204318343,0.0,0.004674807204318343,0.004674807204318343,0.004674807204318343,-0.004674807204318343,0.004674807204318343
2016-12-09,0.014490185481190649,0.0179582564720977,0.0179582564720977,0.0174582564720977,-0.0179582564720977,-0.0179582564720977,0.0,0.0179582564720977,0.0179582564720977,0.0179582564720977,-0.0005,0.0179582564720977
2016-12-12,-0.001545036153178192,-0.0019148240395855387,-0.0019148240395855387,-0.0005,0.0019148240395855387,0.0019148240395855387,-0.0024148240395855387,-0.0019148240395855387,-0.0019148240395855387,-0.0019148240395855387,0.0,-0.0019148240395855387
2016-12-13,0.008585237603216915,0.009208921980969453,0.009208921980969452,0.0,-0.009208921980969453,-0.009208921980969453,0.009208921980969453,0.009208921980969453,0.009208921980969453,0.009208921980969453,0.0,0.009208921980969453
2016-12-14,0.0029384435950564063,0.0031277574502073247,0.0031277574502073247,-0.0036277574502073247,-0.0031277574502073247,-0.0031277574502073247,0.0031277574502073247,0.0031277574502073247,0.0031277574502073247,-0.004127757450207325,0.0,0.0031277574502073247
2016-12-15,-0.00257297931277193,-0.0027387475561181374,-0.0027387475561181374,0.0027387475561181374,0.0027387475561181374,0.0027387475561181374,-0.0027387475561181374,-0.0027387475561181374,-0.0027387475561181374,0.0027387475561181374,0.0,-0.0027387475561181374
2016-12-16,-0.006692142377103213,-0.007123294186435092,-0.007123294186435092,0.007123294186435092,0.007123294186435092,0.007123294186435092,-0.007123294186435092,-0.007123294186435092,-0.0005,0.007123294186435092,0.0,-0.007123294186435092
2016-12-19,0.0030859969397182187,0.0032848171514197055,0.0032848171514197055,-0.0032848171514197055,-0.0032848171514197055,0.0022848171514197055,0.0032848171514197055,0.0032848171514197055,0.0,-0.0032848171514197055,0.0027848171514197055,0.0032848171514197055
2016-12-20,0.0031216386604712536,0.0033227551461496585,0.0033227551461496585,-0.0005,-0.0033227551461496585,0.0033227551461496585,0.0033227551461496585,0.0033227551461496585,0.0028227551461496585,-0.0033227551461496585,0.0033227551461496585,0.0033227551461496585
2016-12-21,-0.0034570696260494056,-0.0036797967798166686,-0.0036797967798166686,0.0,0.0036797967798166686,-0.0036797967798166686,-0.0036797967798166686,-0.0036797967798166686,-0.0036797967798166686,0.0036797967798166686,-0.0036797967798166686,-0.0036797967798166686
2016-12-22,-0.0029148134300473853,-0.003102604874612225,-0.003102604874612225,-0.003602604874612225,0.003102604874612225,-0.003102604874612225,-0.003102604874612225,-0.003102604874612225,-0.0005,0.003102604874612225,-0.003102604874612225,-0.003102604874612225
2016-12-23,-0.002181549256173033,-0.002322099001821565,-0.002322099001821565,-0.0005,0.002322099001821565,-0.002322099001821565,-0.002322099001821565,-0.002322099001821565,0.0,0.002322099001821565,-0.0005,-0.002322099001821565
2016-12-27,0.002477287862621787,0.0026368910336271867,0.0026368910336271867,0.0,-0.0026368910336271867,0.0026368910336271867,0.0026368910336271867,0.0026368910336271867,0.0,-0.0026368910336271867,0.0,0.0026368910336271867
2016-12-28,-0.006217465503721994,-0.006618035508114017,-0.006618035508114017,-0.007118035508114018,0.006618035508114017,-0.006618035508114017,-0.006618035508114017,-0.006618035508114017,-0.007118035508114018,0.006618035508114017,0.0,-0.006618035508114017
2016-12-29,-0.001973141574187866,-0.002100264326789447,-0.002100264326789447,-0.0005,0.002100264326789447,-0.002100264326789447,-0.002100264326789447,-0.002100264326789447,-0.0005,0.002100264326789447,0.0,-0.002100264326789447
2016-12-30,-0.012204573727016617,-0.01299087260531473,-0.01299087260531473,0.0,0.01299087260531473,-0.01299087260531473,-0.01299087260531473,-0.01299087260531473,0.0,0.01299087260531473,0.0,-0.01299087260531473
2017-01-03,0.018446980769942202,0.019635456550565644,0.019635456550565644,0.019135456550565644,-0.019635456550565644,0.019635456550565644,-0.0005,0.019635456550565644,0.0,-0.019635456550565644,0.0,0.019635456550565644
2017-01-04,-0.0002792197769919196,-0.000297208950752359,-0.000297208950752359,-0.0005,0.000297208950752359,-0.000297208950752359,-0.000797208950752359,-0.000297208950752359,-0.000797208950752359,0.000297208950752359,0.0,-0.000297208950752359
2017-01-05,0.0061060781685355284,0.006499471868480322,0.006499471868480322,0.005999471868480322,-0.006499471868480322,0.006499471868480322,0.006499471868480322,0.006499471868480322,0.006499471868480322,-0.006499471868480322,0.0,0.006499471868480322
2017-01-06,0.0140861079272614,0.01499362760886025,0.01499362760886025,0.01499362760886025,-0.01499362760886025,0.01499362760886025,0.01499362760886025,0.01499362760886025,0.01499362760886025,-0.01499362760886025,0.0,0.01499362760886025
2017-01-09,0.002242668106817301,0.0023871555306493875,0.0023871555306493875,-0.0033871555306493875,-0.0023871555306493875,0.0023871555306493875,0.0023871555306493875,0.0023871555306493875,0.0023871555306493875,-0.0023871555306493875,0.0018871555306493874,0.0023871555306493875
2017-01-10,-0.001328863816635846,-0.0014144779603005864,-0.0014144779603005864,0.0014144779603005864,0.0014144779603005864,-0.0014144779603005864,-0.0014144779603005864,-0.0014144779603005864,-0.0014144779603005864,-0.0024144779603005864,-0.0014144779603005864,-0.0014144779603005864
2017-01-11,0.004378829719205344,0.004660942718272887,0.004660942718272887,0.003660942718272887,-0.004660942718272887,0.004660942718272887,0.004660942718272887,0.004660942718272887,-0.0005,0.004660942718272887,0.004660942718272887,0.004660942718272887
2017-01-12,-0.00037355711845978175,-0.0003976241239771472,-0.0003976241239771472,-0.0006023758760228528,0.0003976241239771472,-0.0003976241239771472,-0.0003976241239771472,-0.0003976241239771472,-0.0008976241239771472,-0.0003976241239771472,-0.0003976241239771472,-0.0003976241239771472
2017-01-13,0.0015969882574557916,0.0016998767403786363,0.0016998767403786361,-0.0016998767403786363,-0.0016998767403786363,0.0016998767403786363,0.0016998767403786363,0.0016998767403786363,0.0016998767403786363,0.0016998767403786363,0.0016998767403786363,0.0016998767403786363
2017-01-17,-0.00393469943659198,-0.004188198642925078,-0.004188198642925078,-0.005188198642925078,0.004188198642925078,-0.004188198642925078,-0.004188198642925078,-0.0041881986429250775,-0.004188198642925078,-0.0005,-0.004188198642925078,-0.004188198642925078
2017-01-18,0.0017711316007212004,0.0018852395427202406,0.0018852395427202404,-0.0028852395427202407,-0.0018852395427202406,0.0018852395427202406,0.0018852395427202406,0.0018852395427202406,-0.0005,0.0,0.0018852395427202406,0.0018852395427202406
2017-01-19,-0.005269553141486298,-0.005609052399466186,-0.005609052399466186,-0.006609052399466186,0.005609052399466186,-0.005609052399466186,-0.005609052399466186,-0.005609052399466185,-0.006109052399466186,0.0,-0.005609052399466186,-0.005609052399466186
2017-01-20,0.00433052504234883,0.004609525936554837,0.004609525936554836,0.004609525936554837,-0.004609525936554837,0.004609525936554837,0.004609525936554837,0.004609525936554837,-0.0005,0.0,0.004609525936554837,0.004609525936554837
2017-01-23,0.018445209564977035,0.019633571232931857,0.019633571232931857,0.019633571232931857,-0.019633571232931857,0.019633571232931857,0.019633571232931857,0.019633571232931857,0.019133571232931856,0.0,0.019633571232931857,0.019633571232931857
2017-01-24,0.005674175860806768,0.006039743574551837,0.006039743574551837,-0.007039743574551837,-0.006039743574551837,0.006039743574551837,0.006039743574551837,0.006039743574551836,0.006039743574551837,0.0,0.006039743574551837,0.006039743574551837
2017-01-25,0.00986451257919597,0.01050004933365134,0.01050004933365134,-0.01050004933365134,-0.01050004933365134,0.01050004933365134,0.01050004933365134,0.01050004933365134,0.01050004933365134,0.0,0.01050004933365134,0.01050004933365134
2017-01-26,-0.0016088070390084567,-0.0017124569655413424,-0.0017124569655413422,0.0017124569655413424,0.0017124569655413424,-0.0017124569655413424,-0.0017124569655413424,-0.0017124569655413424,-0.0017124569655413424,0.0,-0.0017124569655413424,-0.0017124569655413424
2017-01-27,-0.013100276900085401,-0.013944282865580915,-0.013944282865580915,0.013944282865580915,0.013944282865580915,-0.013944282865580915,-0.013944282865580915,-0.013944282865580915,-0.013944282865580915,0.0,-0.013944282865580915,-0.013944282865580915
2017-01-30,-0.02356951344871911,-0.02508801646253067,-0.02508801646253067,0.02508801646253067,0.02508801646253067,-0.02508801646253067,-0.02508801646253067,-0.02508801646253067,-0.0005,0.0,-0.02508801646253067,-0.02508801646253067
2017-01-31,-0.0041508795093553735,-0.004418306457248833,-0.004418306457248833,0.004418306457248833,0.004418306457248833,-0.004418306457248833,-0.004418306457248833,-0.004418306457248832,0.0,0.0,-0.004418306457248833,-0.004418306457248833
2017-02-01,-0.005669861106685096,-0.006035150835602354,-0.006035150835602354,0.006035150835602354,0.006035150835602354,-0.006035150835602354,-0.006035150835602354,-0.006035150835602354,0.0,0.0,-0.006035150835602354,-0.006035150835602354
2017-02-02,0.003480138607245106,0.0037043520164476984,0.003704352016447698,-0.0037043520164476984,-0.0037043520164476984,0.0037043520164476984,0.0037043520164476984,0.0037043520164476984,0.0,0.0,-0.0005,0.0037043520164476984
2017-02-03,0.00214700957186601,0.002285334043970799,0.002285334043970799,0.0012853340439707992,-0.002285334043970799,0.002285334043970799,0.002285334043970799,0.002285334043970799,0.0017853340439707992,0.0,0.0,0.002285334043970799
2017-02-06,0.0017069903054225163,0.0018169658434823432,0.0018169658434823432,0.0018169658434823432,-0.0018169658434823432,0.0018169658434823432,0.0018169658434823432,0.001816965843482343,0.0018169658434823432,0.0,0.0,0.0018169658434823432
2017-02-07,0.008701390827008403,0.009261991631259736,0.009261991631259736,0.009261991631259736,-0.009261991631259736,0.009261991631259736,0.009261991631259736,0.009261991631259736,-0.0005,0.0,0.0,0.009261991631259736
2017-02-08,0.0007364326843370167,0.000783878519528658,0.000783878519528658,0.000783878519528658,-0.000783878519528658,0.000783878519528658,0.000783878519528658,0.000783878519528658,0.00028387851952865794,0.0,0.0,0.000783878519528658
2017-02-09,0.00018935161714902618,0.00021693969781289013,0.00021693969781289013,0.00021693969781289013,-0.0007830603021871099,0.00021693969781289013,0.00021693969781289013,0.00021693969781289013,0.00021693969781289013,0.0,0.0,0.00021693969781289013
2017-02-10,0.005716246513279713,0.005770790931161285,0.005770790931161285,0.005770790931161285,0.005770790931161285,0.005770790931161285,0.005770790931161285,0.005770790931161285,0.005770790931161285,0.0,0.0,0.005770790931161285
2017-02-13,0.004876406684224967,0.004922937351390377,0.004922937351390377,0.004922937351390377,0.004922937351390377,0.004922937351390377,0.004922937351390377,0.004922937351390377,0.004922937351390377,0.0,0.0,0.004922937351390377
2017-02-14,0.001263294128784223,0.0012753484799581383,0.0012753484799581383,0.0012753484799581383,0.0012753484799581383,0.0012753484799581383,0.0012753484799581383,0.0012753484799581383,0.0012753484799581383,0.0,0.0,0.0012753484799581383
2017-02-15,-0.003195464011755456,-0.003225955125806923,-0.0032259551258069226,-0.003225955125806923,-0.003225955125806923,-0.003225955125806923,-0.003225955125806923,-0.003225955125806923,-0.003225955125806923,0.0,0.0,-0.003225955125806923
2017-02-16,0.005737433558501758,0.005792180143145309,0.005792180143145309,0.005792180143145309,0.005792180143145309,0.005792180143145309,0.005792180143145309,0.005792180143145309,-0.0005,0.0,0.0,0.005792180143145309
2017-02-17,0.00515178813408242,0.005200946490736547,0.005200946490736546,0.005200946490736547,0.005200946490736547,0.005200946490736547,0.005200946490736547,0.005200946490736547,0.004700946490736546,0.0,0.0,0.005200946490736547
2017-02-21,0.0031826509611698347,0.0032130198131068433,0.0032130198131068433,-0.004213019813106843,0.0032130198131068433,0.0032130198131068433,0.0032130198131068433,0.0032130198131068433,0.0032130198131068433,0.0,0.0,0.0032130198131068433
2017-02-22,0.0024376520009818047,0.0024609120736680534,0.0024609120736680534,-0.0024609120736680534,0.0024609120736680534,0.0024609120736680534,0.0024609120736680534,0.0024609120736680534,0.0024609120736680534,0.0,0.0,0.0024609120736680534
2017-02-23,-0.0004189350106167719,-0.00042293248802283134,-0.00042293248802283134,0.00042293248802283134,-0.00042293248802283134,-0.00042293248802283134,-0.00042293248802283134,-0.00042293248802283134,-0.00042293248802283134,0.0,0.0,-0.00042293248802283134
2017-02-24,-0.0037130587399951424,-0.003748488742368661,-0.003748488742368661,-0.004748488742368661,-0.003748488742368661,-0.003748488742368661,-0.003748488742368661,-0.003748488742368661,-0.003748488742368661,0.0,0.0,-0.003748488742368661
2017-02-27,0.0021732312065352896,0.0021939681762945806,0.0021939681762945806,0.0021939681762945806,0.00219396817629458,0.0021939681762945806,0.0021939681762945806,0.0021939681762945806,-0.0005,0.0,0.0,0.0021939681762945806
2017-02-28,-0.005525901844223088,-0.005578629993483908,-0.005578629993483908,-0.005578629993483908,-0.005578629993483908,-0.005578629993483908,-0.005578629993483908,-0.005578629993483908,-0.006078629993483908,0.0,0.0,-0.005578629993483908
2017-03-01,0.01385688191929053,0.013989104271175723,0.013989104271175723,-0.014989104271175724,0.013989104271175721,0.013989104271175723,0.013989104271175723,0.013989104271175723,-0.0005,0.0,0.013489104271175723,0.013989104271175723
2017-03-02,-0.00797732300987637,-0.008053442617177442,-0.008053442617177442,0.008053442617177442,-0.008053442617177442,-0.008053442617177442,-0.008053442617177442,-0.008053442617177442,-0.008553442617177442,0.0,-0.008053442617177442,-0.008053442617177442
2017-03-03,-0.0008975826689583418,-0.0009061474017887372,-0.0009061474017887372,-0.0019061474017887372,-0.0009061474017887372,-0.0009061474017887372,-0.0009061474017887372,-0.0009061474017887372,-0.0005,0.0,-0.0009061474017887372,-0.0009061474017887372
2017-03-06,-0.0021116139875738456,-0.002131763005898235,-0.0021317630058982347,-0.002131763005898235,-0.0021317630058982347,-0.002131763005898235,-0.002131763005898235,-0.002131763005898235,0.0,0.0,-0.002131763005898235,-0.002131763005898235
2017-03-07,0.004536134903325246,0.004579418697535198,0.004579418697535198,0.004579418697535198,0.004579418697535197,0.004579418697535198,0.004579418697535198,0.004579418697535198,0.0,0.0,0.004579418697535198,0.004579418697535198
2017-03-08,0.0028978861091601728,0.002925537735195549,0.002925537735195549,0.002925537735195549,0.002925537735195549,0.002925537735195549,0.002925537735195549,0.002925537735195549,0.002425537735195549,0.0,0.002925537735195549,0.002925537735195549
2017-03-09,0.004873568023032213,0.004920071603695675,0.004920071603695675,0.004920071603695675,0.004920071603695675,0.004920071603695675,0.004920071603695675,0.004920071603695675,0.004920071603695675,0.0,0.004920071603695675,0.004920071603695675
2017-03-10,0.004122242161464678,0.004161576591591443,0.004161576591591443,0.004161576591591443,0.004161576591591443,0.004161576591591443,0.004161576591591443,0.004161576591591443,0.004161576591591443,0.0,0.004161576591591443,0.004161576591591443
2017-03-13,0.00364517445911488,0.0036799567097556274,0.0036799567097556274,-0.0005,0.0036799567097556274,0.0036799567097556274,0.0036799567097556274,0.0036799567097556274,0.0036799567097556274,0.0,0.0036799567097556274,0.0036799567097556274
2017-03-14,0.001523924362795952,0.001538465647373366,0.0015384656473733658,0.0,0.001538465647373366,0.001538465647373366,0.001538465647373366,0.001538465647373366,0.001538465647373366,0.0,0.001538465647373366,0.001538465647373366
2017-03-15,0.0028368669326299034,0.0028639363137505924,0.0028639363137505924,0.0,0.0028639363137505924,0.0028639363137505924,0.0028639363137505924,0.0028639363137505924,0.0028639363137505924,0.0,0.0028639363137505924,0.0028639363137505924
2017-03-16,0.0018364719127119508,0.0018539955256635654,0.0018539955256635654,0.0,0.0018539955256635654,0.0018539955256635654,0.0018539955256635654,0.0018539955256635654,0.0018539955256635654,0.0,0.0018539955256635654,0.0018539955256635654
2017-03-17,0.0026986500151356383,0.002724400530583093,0.002724400530583093,0.0,0.002724400530583093,0.002724400530583093,0.002724400530583093,0.002724400530583093,0.002724400530583093,0.0,0.002724400530583093,0.002724400530583093
2017-03-20,-0.005064508772865914,-0.005112834309952241,-0.005112834309952241,0.0,-0.005112834309952241,-0.005112834309952241,-0.005112834309952241,-0.00511283430995224,-0.005112834309952241,0.0,-0.005112834309952241,-0.005112834309952241
2017-03-21,-0.0202807973880652,-0.0204743167342194,-0.020474316734219396,0.0,-0.0204743167342194,-0.0204743167342194,-0.0204743167342194,-0.0204743167342194,-0.0005,0.0,-0.0204743167342194,-0.0204743167342194
2017-03-22,-0.0003961289834516137,-0.0003999088457717903,-0.00039990884577179037,0.0,-0.0003999088457717903,-0.0003999088457717903,-0.0003999088457717903,-0.0003999088457717903,0.0,0.0,-0.0003999088457717903,-0.0003999088457717903
2017-03-23,-0.01183111418786274,-0.011944006666304352,-0.01194400666630435,-0.012444006666304352,-0.011944006666304352,-0.011944006666304352,-0.011944006666304352,-0.011944006666304352,0.0,0.0,-0.011944006666304352,-0.011944006666304352
2017-03-24,-0.005320525426889079,-0.0053712938746037775,-0.0053712938746037775,-0.0005,-0.0053712938746037775,-0.0053712938746037775,-0.0005,-0.0053712938746037775,0.0,0.0,-0.0053712938746037775,-0.0053712938746037775
2017-03-27,0.0039971081853183935,0.004035248587183737,0.004035248587183737,0.0,0.0040352485871837365,0.004035248587183737,0.0,0.004035248587183737,0.0,0.0,0.004035248587183737,0.004035248587183737
2017-03-28,0.002504394084458605,0.0025282910100312694,0.0025282910100312694,0.0,0.0025282910100312694,0.0025282910100312694,0.0,0.0025282910100312694,0.0,0.0,0.0025282910100312694,0.0025282910100312694
2017-03-29,0.010887768195596318,0.010991659267627352,0.01099165926762735,0.010491659267627351,0.010991659267627352,0.010991659267627352,0.0,0.010991659267627352,0.010491659267627351,0.0,-0.0005,0.010991659267627352
2017-03-30,-0.0004545672276006383,-0.00045890470758158664,-0.0004589047075815867,-0.0005,-0.00045890470758158664,-0.00045890470758158664,-0.0009589047075815866,-0.00045890470758158664,-0.00045890470758158664,0.0,0.0,-0.00045890470758158664
2017-03-31,-0.0019590278558993877,-0.001977720897524793,-0.0019777208975247924,0.0,-0.001977720897524793,-0.001977720897524793,-0.001977720897524793,-0.001977720897524793,-0.001977720897524793,0.0,0.0,-0.001977720897524793
2017-04-03,0.010456922273267215,0.010556702213985858,0.010556702213985858,0.0,0.010556702213985858,0.010556702213985858,0.010556702213985858,0.010556702213985858,0.010556702213985858,0.0,0.0,0.010556702213985858
2017-04-04,-0.004832562289198483,-0.0048786745931952424,-0.0048786745931952424,0.0,-0.0048786745931952424,0.0038786745931952424,-0.0048786745931952424,-0.0048786745931952424,-0.0048786745931952424,0.0,0.0,-0.0048786745931952424
2017-04-05,-0.004252352529087295,-0.0042929284721974215,-0.0042929284721974215,-0.004792928472197422,-0.0042929284721974215,-0.0052929284721974215,-0.0042929284721974215,-0.0042929284721974215,-0.0005,0.0,0.0,-0.0042929284721974215
2017-04-06,-0.004445821150702622,-0.0044882431711853465,-0.0044882431711853465,-0.0005,-0.0044882431711853465,0.0034882431711853465,-0.0044882431711853465,-0.0044882431711853465,0.0,0.0,0.0,-0.0044882431711853465
2017-04-07,-0.003516233811311801,-0.0035497857104344055,-0.0035497857104344055,0.0,-0.0035497857104344055,-0.0045497857104344055,-0.0005,-0.0035497857104344055,0.0,0.0,0.0,-0.0035497857104344055
2017-04-10,-0.0004705315335132927,-0.00047502134488353054,-0.00047502134488353054,0.0,-0.00047502134488353054,-0.00047502134488353054,0.0,-0.00047502134488353054,0.0,0.0,0.0,-0.00047502134488353054
2017-04-11,-0.002141813656948138,-0.002162250840484159,-0.002162250840484159,-0.002662250840484159,0.001162250840484159,-0.002162250840484159,0.0,-0.0021622508404841585,0.0,0.0,0.0,-0.002162250840484159
2017-04-12,0.0018634986155557055,0.0018812801172758409,0.0018812801172758409,0.0018812801172758409,-0.0018812801172758409,0.0018812801172758409,0.0,0.0018812801172758409,0.0,0.0,0.0,0.0018812801172758409
2017-04-13,-0.0015069909690610941,-0.0015213706752142953,-0.0015213706752142953,0.0005213706752142952,-0.0025213706752142953,-0.0015213706752142953,0.0,-0.0015213706752142953,-0.0020213706752142953,0.0,0.0,-0.0015213706752142953
2017-04-17,0.017625591869615473,0.017793775247661348,0.017793775247661348,-0.017793775247661348,-0.01879377524766135,-0.01879377524766135,0.0,0.017793775247661348,-0.0005,0.0,0.0,0.017793775247661348
2017-04-18,-0.0013201846698406303,-0.0013327818704941263,-0.0013327818704941263,-0.0023327818704941264,-0.0023327818704941264,0.0013327818704941263,-0.0018327818704941263,-0.0013327818704941263,-0.0018327818704941263,0.0,0.0,-0.0013327818704941263
2017-04-19,0.0029227097829517025,0.00295059827645483,0.00295059827645483,0.00295059827645483,0.0029505982764548295,-0.00295059827645483,0.00295059827645483,0.00295059827645483,0.00295059827645483,0.0,-0.00345059827645483,0.00295059827645483
2017-04-20,0.004128732487944342,0.004168128848759167,0.004168128848759167,0.004168128848759167,0.004168128848759166,-0.004168128848759167,0.004168128848759167,0.004168128848759167,0.004168128848759167,0.0,-0.0005,0.004168128848759167
2017-04-21,-0.0013015056553726738,-0.0013139246208908606,-0.0013139246208908604,-0.0013139246208908606,-0.0013139246208908604,0.0013139246208908606,-0.0013139246208908606,-0.0013139246208908606,-0.0013139246208908606,0.0,0.0,-0.0013139246208908606
2017-04-24,0.02304109281394505,0.023260950895987564,0.023260950895987564,0.023260950895987564,-0.024260950895987565,-0.023260950895987564,0.023260950895987564,0.023260950895987564,0.023260950895987564,0.0,0.0,0.023260950895987564
2017-04-25,0.011168531025138286,0.01127510113577701,0.01127510113577701,-0.012275101135777011,0.01027510113577701,0.01027510113577701,0.01127510113577701,0.01127510113577701,0.01127510113577701,0.0,0.0,0.01127510113577701
2017-04-26,0.0003344485864982195,0.00033763989453916565,0.00033763989453916565,-0.00033763989453916565,0.00033763989453916565,0.00033763989453916565,0.00033763989453916565,0.00033763989453916565,0.00033763989453916565,0.0,0.0,0.00033763989453916565
2017-04-27,0.002562268554591045,0.002586717718293441,0.002586717718293441,-0.002586717718293441,0.002586717718293441,0.002586717718293441,0.002586717718293441,0.002586717718293441,0.002586717718293441,0.0,0.002086717718293441,0.002586717718293441
2017-04-28,0.036757904277447614,0.03710864815924175,0.03710864815924175,-0.03710864815924175,0.03710864815924175,0.03710864815924175,0.03710864815924175,0.03710864815924175,0.03710864815924175,0.0,0.03710864815924175,0.03710864815924175
2017-05-01,0.00889264544357146,0.008977499056518345,0.008977499056518345,-0.008977499056518345,0.008977499056518345,0.008977499056518345,0.008977499056518345,0.008977499056518345,0.008977499056518345,0.0,0.008977499056518345,0.008977499056518345
2017-05-02,0.004534265799282476,0.004577531758503728,0.004577531758503728,-0.004577531758503728,0.004577531758503728,0.004577531758503728,0.004577531758503728,0.004577531758503728,0.004577531758503728,0.0,0.004577531758503728,0.004577531758503728
2017-05-03,0.012008046611981432,0.012122627379417494,0.012122627379417494,-0.012122627379417494,0.012122627379417494,0.012122627379417494,0.012122627379417494,0.012122627379417494,0.012122627379417494,0.0,0.012122627379417494,0.012122627379417494
2017-05-04,0.006548235878084263,0.006610719137560839,0.006610719137560839,-0.006610719137560839,0.006610719137560839,0.006610719137560839,0.006610719137560839,0.006610719137560839,0.006610719137560839,0.0,0.006610719137560839,0.006610719137560839
2017-05-05,-0.004606584670891729,-0.004650540696705563,-0.004650540696705563,0.004650540696705563,-0.004650540696705563,-0.004650540696705563,-0.004650540696705563,-0.004650540696705563,-0.004650540696705563,0.0,-0.004650540696705563,-0.004650540696705563
2017-05-08,0.008766398840867247,0.00885004780887133,0.00885004780887133,-0.00885004780887133,0.00885004780887133,0.00885004780887133,0.00885004780887133,0.00885004780887133,0.00885004780887133,0.0,0.00885004780887133,0.00885004780887133
2017-05-09,-0.002045784986153438,-0.00206530586421938,-0.00206530586421938,-0.00306530586421938,-0.00206530586421938,-0.00206530586421938,-0.00206530586421938,-0.00206530586421938,-0.00206530586421938,0.0,-0.00206530586421938,-0.00206530586421938
2017-05-10,-0.0019360581251122025,-0.0019545319895919455,-0.0019545319895919455,0.0009545319895919455,-0.0019545319895919455,-0.0019545319895919455,-0.0019545319895919455,-0.0019545319895919455,-0.0019545319895919455,0.0,-0.0019545319895919455,-0.0019545319895919455
2017-05-11,0.0010890593978590396,0.0010994512014239621,0.0010994512014239621,-0.0010994512014239621,0.0010994512014239621,0.0010994512014239621,0.0010994512014239621,0.0010994512014239621,-0.0005,0.0,0.0010994512014239621,0.0010994512014239621
2017-05-12,-0.0007771136133334887,-0.000784528830568898,-0.000784528830568898,0.000784528830568898,-0.000784528830568898,-0.000784528830568898,-0.000784528830568898,-0.000784528830568898,-0.001284528830568898,0.0,-0.000784528830568898,-0.000784528830568898
2017-05-15,0.0042312227597999415,0.004271597082674994,0.004271597082674994,-0.004271597082674994,0.004271597082674994,0.004271597082674994,0.004271597082674994,0.004271597082674994,-0.0005,0.0,0.004271597082674994,0.004271597082674994
2017-05-16,0.005566128235167268,0.005619240224605804,0.005619240224605803,-0.005619240224605804,0.005619240224605804,0.005619240224605804,0.005619240224605804,0.005619240224605804,0.005119240224605803,0.0,0.005619240224605804,0.005619240224605804
2017-05-17,-0.023043452583033492,-0.02326333318199003,-0.023263333181990028,0.02326333318199003,-0.02326333318199003,-0.02326333318199003,-0.02326333318199003,-0.023263333181990028,-0.02326333318199003,0.0,-0.02326333318199003,-0.02326333318199003
2017-05-18,0.008757779381652918,0.008841346102786751,0.008841346102786751,-0.008841346102786751,0.008841346102786751,0.008841346102786751,0.008841346102786751,0.008841346102786751,-0.0005,0.0,0.008841346102786751,0.008841346102786751
2017-05-19,0.004324952285030402,0.004366220974931112,0.004366220974931112,-0.004366220974931112,0.004366220974931112,0.004366220974931112,0.004366220974931112,0.004366220974931112,0.003866220974931112,0.0,0.004366220974931112,0.004366220974931112
2017-05-22,0.00977409471091164,0.009867359111788598,0.009867359111788597,-0.009867359111788598,0.009867359111788598,0.009867359111788598,0.009867359111788598,0.009867359111788598,0.009867359111788598,0.0,0.009867359111788598,0.009867359111788598
2017-05-23,0.0066579618953896726,0.006721492160401521,0.006721492160401521,-0.006721492160401521,0.006721492160401521,0.006721492160401521,0.006721492160401521,0.006721492160401521,0.006721492160401521,0.0,0.006721492160401521,0.006721492160401521
2017-05-24,0.007205431991081473,0.007274186215138423,0.007274186215138423,-0.007274186215138423,0.007274186215138423,0.007274186215138423,0.007274186215138423,0.007274186215138423,0.007274186215138423,0.0,0.007274186215138423,0.007274186215138423
2017-05-25,0.014438673317248053,0.014576447122006453,0.014576447122006453,-0.014576447122006453,0.014576447122006453,0.014576447122006453,0.014576447122006453,0.014576447122006453,0.014576447122006453,0.0,0.014576447122006453,0.014576447122006453
2017-05-26,0.0014080800547791722,0.0014215159530981403,0.0014215159530981403,-0.0014215159530981403,0.0014215159530981403,0.0014215159530981403,0.0014215159530981403,0.0014215159530981403,0.0014215159530981403,0.0,0.0014215159530981403,0.0014215159530981403
2017-05-30,0.00289206925867115,0.00291966538032562,0.00291966538032562,-0.00291966538032562,0.00291966538032562,0.00291966538032562,0.00291966538032562,0.00291966538032562,0.00291966538032562,0.0,0.00291966538032562,0.00291966538032562
2017-05-31,-0.009028808534474117,-0.00911496141548318,-0.00911496141548318,0.00911496141548318,-0.00911496141548318,-0.00911496141548318,-0.00911496141548318,-0.00911496141548318,-0.00911496141548318,0.0,-0.00911496141548318,-0.00911496141548318
2017-06-01,0.00120417351523995,0.001215663737585082,0.001215663737585082,-0.001215663737585082,0.001215663737585082,0.001215663737585082,0.001215663737585082,0.001215663737585082,-0.0005,0.0,0.001215663737585082,0.001215663737585082
2017-06-02,0.0078478656115755,0.007922749936525753,0.00792274993652575,-0.007922749936525753,0.007922749936525753,0.007922749936525753,0.007922749936525753,0.007922749936525753,0.0,0.0,0.007922749936525753,0.007922749936525753
2017-06-05,0.007716832494427433,0.0077904665015193775,0.0077904665015193775,-0.0077904665015193775,0.0077904665015193775,0.0077904665015193775,0.0077904665015193775,0.0077904665015193775,0.007290466501519377,0.0,0.0077904665015193775,0.0077904665015193775
2017-06-06,-0.007104579956298525,-0.007172371850351578,-0.007172371850351578,0.007172371850351578,-0.007172371850351578,-0.007172371850351578,-0.007172371850351578,-0.007172371850351578,-0.007172371850351578,0.0,-0.007172371850351578,-0.007172371850351578
2017-06-07,0.004790390381842417,0.0048361002815460186,0.0048361002815460186,-0.0048361002815460186,0.0048361002815460186,0.0048361002815460186,0.0048361002815460186,0.0048361002815460186,-0.0005,0.0,0.0048361002815460186,0.0048361002815460186
2017-06-08,0.0027495423456989194,0.0027757784757080906,0.0027757784757080906,-0.0027757784757080906,0.0027757784757080906,0.0027757784757080906,0.0027757784757080906,0.0027757784757080906,0.0022757784757080905,0.0,0.0027757784757080906,0.0027757784757080906
2017-06-09,-0.03369279961038926,-0.03401429626685426,-0.03401429626685426,0.03401429626685426,-0.03401429626685426,-0.03401429626685426,-0.03401429626685426,-0.03401429626685426,-0.03401429626685426,0.0,-0.03401429626685426,-0.03401429626685426
2017-06-12,-0.008485025965917168,-0.008565990074260954,-0.008565990074260954,0.008565990074260954,-0.008565990074260954,-0.008565990074260954,-0.008565990074260954,-0.008565990074260954,-0.0005,0.0,-0.008565990074260954,-0.008565990074260954
2017-06-13,0.008949693968341587,0.009035091938248474,0.009035091938248474,-0.009035091938248474,0.009035091938248474,0.009035091938248474,0.009035091938248474,0.009035091938248474,0.0,0.0,0.009035091938248474,0.009035091938248474
2017-06-14,-0.002623055853575424,-0.0026480850496172215,-0.0026480850496172215,-0.0036480850496172215,-0.0026480850496172215,-0.0026480850496172215,-0.0026480850496172215,-0.0026480850496172215,-0.0031480850496172215,0.0,-0.0005,-0.0026480850496172215
2017-06-15,-0.007931336104602003,-0.008007016904904019,-0.008007016904904019,-0.008007016904904019,-0.008007016904904019,-0.008007016904904019,-0.008007016904904019,-0.008007016904904019,-0.0005,0.0,0.0,-0.008007016904904019
2017-06-16,-0.0016091395461381775,-0.0016244939539004077,-0.0016244939539004077,-0.0016244939539004077,-0.0016244939539004077,-0.0016244939539004077,-0.0016244939539004077,-0.0016244939539004077,0.0,0.0,0.0,-0.0016244939539004077
2017-06-19,0.0171527937663138,0.017316465705383033,0.017316465705383033,-0.018316465705383034,0.017316465705383033,0.017316465705383033,0.017316465705383033,0.017316465705383033,0.0,0.0,0.0,0.017316465705383033
2017-06-20,-0.0063277538593125415,-0.0063881332796108525,-0.0063881332796108525,-0.0073881332796108526,-0.0063881332796108525,-0.0063881332796108525,-0.0063881332796108525,-0.0063881332796108525,-0.006888133279610853,0.0,0.0,-0.0063881332796108525
2017-06-21,0.00981348822055336,0.00990712851425557,0.00990712851425557,0.00990712851425557,0.00990712851425557,0.00990712851425557,0.00990712851425557,0.00990712851425557,0.00990712851425557,0.0,0.0,0.00990712851425557
2017-06-22,-0.001994132608563135,-0.0020131606196994722,-0.002013160619699472,-0.0020131606196994722,-0.0020131606196994722,-0.0020131606196994722,-0.0020131606196994722,-0.0020131606196994722,-0.0020131606196994722,0.0,0.0,-0.0020131606196994722
2017-06-23,0.009605041173664062,0.009696692465876344,0.009696692465876344,0.009696692465876344,0.009696692465876344,0.009696692465876344,0.009696692465876344,0.009696692465876344,0.009696692465876344,0.0,0.0,0.009696692465876344
2017-06-26,-0.014063221380674723,-0.014197412623471295,-0.014197412623471295,-0.014197412623471295,-0.014197412623471295,-0.014197412623471295,-0.014197412623471295,-0.014197412623471295,-0.014197412623471295,0.0,0.0,-0.014197412623471295
2017-06-27,-0.02445572000354111,-0.024689076456655745,-0.024689076456655745,-0.024689076456655745,-0.024689076456655745,-0.024689076456655745,-0.024689076456655745,-0.024689076456655745,-0.0005,0.0,0.0,-0.024689076456655745
2017-06-28,0.013498545698917674,0.013627348806986017,0.013627348806986017,0.013627348806986017,0.013627348806986017,0.013627348806986017,-0.0005,0.013627348806986017,0.0,0.0,0.0,0.013627348806986017
2017-06-29,-0.023902749511399292,-0.02413082952069201,-0.024130829520692006,0.02313082952069201,-0.02413082952069201,-0.02413082952069201,-0.02463082952069201,-0.024130829520692006,0.0,0.0,0.0,-0.02413082952069201
2017-06-30,-0.008597676561226097,-0.008679715581425218,-0.008679715581425218,-0.009679715581425219,-0.008679715581425218,-0.008679715581425218,-0.0005,-0.008679715581425218,0.0,0.0,0.0,-0.008679715581425218
2017-07-03,-0.0108892724784617,-0.010993177904358165,-0.010993177904358165,-0.010993177904358165,-0.010993177904358165,-0.010993177904358165,0.0,-0.010993177904358163,0.0,0.0,0.0,-0.010993177904358165
2017-07-05,0.013789672109549128,0.013921253145504409,0.013921253145504409,0.013921253145504409,0.013921253145504409,-0.01492125314550441,0.0,0.013921253145504407,0.0,0.0,0.0,0.013921253145504409
2017-07-06,-0.004855534573833056,-0.004901866079344286,-0.004901866079344286,-0.004901866079344286,-0.004901866079344286,0.004901866079344286,0.0,-0.004901866079344285,-0.005401866079344286,0.0,0.0,-0.004901866079344286
2017-07-07,0.014008897971858352,0.014142570860748327,0.014142570860748325,0.014142570860748327,0.014142570860748327,-0.014142570860748327,0.0,0.014142570860748327,-0.0005,0.0,0.0,0.014142570860748327
2017-07-10,0.010728682245323124,0.010831055319393323,0.010831055319393323,0.010831055319393323,0.010831055319393323,-0.010831055319393323,0.0,0.010831055319393323,0.010331055319393323,0.0,0.0,0.010831055319393323
2017-07-11,0.002635071863600957,0.002660215716397074,0.002660215716397074,0.002660215716397074,0.002660215716397074,-0.002660215716397074,0.0,0.002660215716397074,0.002660215716397074,0.0,0.0,0.002660215716397074
2017-07-12,0.014678727299676005,0.014818791699268141,0.014818791699268141,0.014818791699268141,0.014818791699268141,0.01381879169926814,0.01431879169926814,0.014818791699268141,0.014818791699268141,0.01431879169926814,-0.015318791699268142,0.014818791699268141
2017-07-13,0.0012181096716144101,0.0012297328727481904,0.0012297328727481904,-0.0022297328727481905,0.0012297328727481904,0.0012297328727481904,0.0012297328727481904,0.0012297328727481904,0.0012297328727481904,0.0012297328727481904,-0.0005,0.0012297328727481904
2017-07-14,0.008240628872185551,0.008319260943732365,0.008319260943732365,0.007319260943732365,0.008319260943732365,0.008319260943732365,0.008319260943732365,0.008319260943732365,0.008319260943732365,0.008319260943732365,0.0,0.008319260943732365
2017-07-17,-0.000963387514705075,-0.0009725801573005066,-0.0009725801573005066,-0.0009725801573005066,-0.0009725801573005066,-0.0009725801573005066,-0.0009725801573005066,-0.0009725801573005066,-0.0009725801573005066,-0.0009725801573005066,0.0,-0.0009725801573005066
2017-07-18,0.011154348134096331,0.011260782911604483,0.011260782911604483,0.011260782911604483,0.011260782911604483,0.011260782911604483,0.011260782911604483,0.011260782911604483,0.011260782911604483,0.011260782911604483,0.0,0.011260782911604483
2017-07-19,0.005841262720964888,0.005897000043361356,0.005897000043361356,-0.006897000043361356,0.005897000043361356,0.005897000043361356,0.005897000043361356,0.005897000043361356,0.005897000043361356,0.005897000043361356,0.0,0.005897000043361356
2017-07-20,-0.0005786744007723985,-0.0005841961112619254,-0.0005841961112619254,-0.0015841961112619254,-0.0005841961112619254,-0.0005841961112619254,-0.0005841961112619254,-0.0005841961112619254,-0.0005841961112619254,-0.0005841961112619254,0.0,-0.0005841961112619254
2017-07-21,0.0016473620910555612,0.0016630812182989452,0.0016630812182989452,-0.002663081218298945,0.0016630812182989452,0.0016630812182989452,0.0016630812182989452,0.0016630812182989452,0.0016630812182989452,0.0016630812182989452,0.0,0.0016630812182989452
2017-07-24,0.0044549459464380305,0.004497455035711528,0.004497455035711528,-0.004497455035711528,0.004497455035711528,0.004497455035711528,0.004497455035711528,0.004497455035711528,0.004497455035711528,0.004497455035711528,0.0,0.004497455035711528
2017-07-25,-0.029052375695624792,-0.029329593432248502,-0.029329593432248502,0.029329593432248502,-0.029329593432248502,-0.029329593432248502,-0.029329593432248502,-0.029329593432248502,-0.029329593432248502,-0.029329593432248502,0.0,-0.029329593432248502
2017-07-26,-0.003802509547734801,-0.0038387930896164324,-0.0038387930896164324,0.0038387930896164324,-0.0038387930896164324,-0.0038387930896164324,-0.0038387930896164324,-0.0038387930896164324,-0.0005,-0.0038387930896164324,0.0,-0.0038387930896164324
2017-07-27,-0.013134613375329098,-0.013259943841569921,-0.013259943841569921,-0.014259943841569922,-0.013259943841569921,-0.013259943841569921,-0.013259943841569921,-0.013259943841569921,0.0,-0.013259943841569921,-0.013759943841569922,-0.013259943841569921
2017-07-28,0.006052385607408998,0.006110137464153453,0.006110137464153453,0.006110137464153453,0.006110137464153453,0.006110137464153453,0.006110137464153453,0.006110137464153453,0.0,0.006110137464153453,0.006110137464153453,0.006110137464153453
2017-07-31,-0.013261386459316089,-0.01338792659418353,-0.01338792659418353,-0.01338792659418353,-0.01338792659418353,-0.01338792659418353,-0.01338792659418353,-0.01338792659418353,-0.01388792659418353,-0.01338792659418353,-0.0005,-0.01338792659418353
2017-08-01,0.001110461863328919,0.001121057889195587,0.0011210578891955867,0.001121057889195587,0.001121057889195587,0.001121057889195587,0.001121057889195587,0.001121057889195587,-0.0005,0.001121057889195587,0.0,0.001121057889195587
2017-08-02,0.0011301606915940104,0.0011409446836581072,0.0011409446836581072,0.0011409446836581072,0.0011409446836581072,0.0011409446836581072,0.0011409446836581072,0.0011409446836581072,0.0,0.0011409446836581072,0.0,0.0011409446836581072
2017-08-03,-0.007672247284725101,-0.00774545585979558,-0.00774545585979558,-0.00774545585979558,-0.00774545585979558,-0.00774545585979558,-0.00774545585979558,-0.00774545585979558,0.0,-0.00774545585979558,0.0,-0.00774545585979558
2017-08-04,0.005783453010183709,0.005838638712384103,0.005838638712384103,0.005838638712384103,0.005838638712384103,0.005838638712384103,0.005838638712384103,0.005838638712384102,0.0,0.005838638712384103,0.0,0.005838638712384103
2017-08-07,-4.191874599011164e-05,-4.231873461779667e-05,-4.231873461779667e-05,-4.231873461779667e-05,-4.231873461779667e-05,-4.231873461779667e-05,-4.231873461779667e-05,-4.2318734617796726e-05,-0.0005423187346177967,-4.231873461779667e-05,0.0,-4.231873461779667e-05
2017-08-08,-0.0016339328839079588,-0.001649523869671654,-0.001649523869671654,-0.001649523869671654,-0.001649523869671654,-0.001649523869671654,-0.001649523869671654,-0.001649523869671654,-0.001649523869671654,-0.001649523869671654,0.0,-0.001649523869671654
2017-08-09,-0.00431186623334589,-0.004353010056155959,-0.004353010056155959,-0.004353010056155959,-0.004353010056155959,-0.004353010056155959,-0.004353010056155959,-0.004353010056155958,-0.0005,-0.004353010056155959,0.0,-0.004353010056155959
2017-08-10,-0.014913950451118135,-0.017541058610804572,-0.017541058610804572,-0.017541058610804572,0.01654105861080457,-0.017541058610804572,-0.017541058610804572,-0.017541058610804572,0.0,-0.017541058610804572,0.0,-0.017541058610804572
2017-08-11,0.005954814258287023,0.0070378401100466,0.0070378401100466,0.0070378401100466,-0.0070378401100466,0.0070378401100466,0.0070378401100466,0.0070378401100466,0.0,0.0070378401100466,0.0,0.0070378401100466
2017-08-14,0.008041834602623253,0.009504435179642945,0.009504435179642945,0.009504435179642945,0.008504435179642944,0.009504435179642945,0.009504435179642945,0.009504435179642945,0.0,0.009504435179642945,0.0,0.009504435179642945
2017-08-15,-0.0007659611797835482,-0.00090526959868098,-0.00090526959868098,-0.00090526959868098,-0.00090526959868098,-0.00090526959868098,-0.00090526959868098,-0.00090526959868098,-0.00140526959868098,-0.00090526959868098,0.0,-0.00090526959868098
2017-08-16,0.005583260459419766,0.006598710337851088,0.006598710337851088,0.006598710337851088,-0.007598710337851088,0.006598710337851088,0.006598710337851088,0.006598710337851088,0.006598710337851088,0.006598710337851088,0.0,0.006598710337851088
2017-08-17,-0.014883603422067005,-0.017590543819242854,-0.017590543819242854,-0.017590543819242854,-0.018590543819242855,-0.017590543819242854,-0.017590543819242854,-0.017590543819242854,-0.017590543819242854,-0.017590543819242854,0.0,-0.017590543819242854
2017-08-18,-0.0013498193247289513,-0.0015953163562865136,-0.0015953163562865136,-0.0015953163562865136,0.0005953163562865136,-0.0015953163562865136,-0.0015953163562865136,-0.0015953163562865136,-0.0005,-0.0015953163562865136,0.0,-0.0015953163562865136
2017-08-21,-0.00485099760440216,-0.0057332679128471176,-0.0057332679128471176,-0.0057332679128471176,0.0057332679128471176,-0.0057332679128471176,-0.0057332679128471176,-0.005733267912847117,0.0,-0.0057332679128471176,0.0,-0.0057332679128471176
2017-08-22,0.01794464928436411,0.021208314317858523,0.02120831431785852,0.021208314317858523,-0.021208314317858523,0.021208314317858523,0.021208314317858523,0.021208314317858523,0.0,0.021208314317858523,0.0,0.021208314317858523
2017-08-23,0.0019613909794244885,0.002318116990343899,0.002318116990343899,0.002318116990343899,0.0013181169903438992,0.002318116990343899,0.002318116990343899,0.002318116990343899,0.0018181169903438992,0.002318116990343899,0.0,0.002318116990343899
2017-08-24,-0.005107638279910467,-0.006036584852993188,-0.006036584852993188,-0.006036584852993188,-0.006036584852993188,0.005036584852993188,-0.006036584852993188,-0.006036584852993188,-0.006036584852993188,-0.006036584852993188,0.005536584852993187,-0.006036584852993188
2017-08-25,-0.005770806891307036,-0.006820366588337068,-0.006820366588337068,-0.006820366588337068,0.005820366588337068,0.006820366588337068,-0.006820366588337068,-0.006820366588337068,-0.006820366588337068,-0.006820366588337068,-0.0005,-0.006820366588337068
2017-08-28,-0.002155064454904867,-0.0025470146343117284,-0.0025470146343117284,-0.0025470146343117284,0.0025470146343117284,0.0025470146343117284,-0.0025470146343117284,-0.0025470146343117284,-0.0005,-0.0025470146343117284,0.0020470146343117284,-0.0025470146343117284
2017-08-29,0.0069465706406283065,0.008209971186565523,0.008209971186565523,0.008209971186565523,-0.008209971186565523,-0.008209971186565523,0.008209971186565523,0.008209971186565523,0.0,0.008209971186565523,-0.008209971186565523,0.008209971186565523
2017-08-30,0.007125034343995665,0.008420892796420665,0.008420892796420665,0.008420892796420665,0.007420892796420665,-0.008420892796420665,0.008420892796420665,0.008420892796420665,0.007920892796420664,0.008420892796420665,-0.008420892796420665,0.008420892796420665
2017-08-31,0.01041040765387157,0.012303790071435339,0.012303790071435339,0.012303790071435339,0.012303790071435339,-0.012303790071435339,0.012303790071435339,0.012303790071435339,0.012303790071435339,0.012303790071435339,-0.012303790071435339,0.012303790071435339
2017-09-01,-0.0028789265027037254,-0.0034025283637365566,-0.0034025283637365566,0.0024025283637365566,-0.0034025283637365566,0.0034025283637365566,-0.0034025283637365566,-0.0034025283637365566,-0.0034025283637365566,-0.0005,-0.0005,-0.0034025283637365566
2017-09-05,-0.009340996075947926,-0.01103988033877068,-0.01103988033877068,-0.012039880338770681,-0.011039880338770678,0.01103988033877068,-0.01103988033877068,-0.01103988033877068,-0.01103988033877068,0.0,0.0,-0.01103988033877068
2017-09-06,0.00048532355485502435,0.0005735912880835414,0.0005735912880835414,0.0005735912880835414,0.0005735912880835413,-0.0005735912880835414,0.0005735912880835414,0.0005735912880835414,-0.0005,0.0,0.0,0.0005735912880835414
2017-09-07,0.007068623216829448,0.008354221952259433,0.008354221952259433,0.008354221952259433,0.008354221952259431,-0.008354221952259433,0.008354221952259433,0.008354221952259433,0.007854221952259433,0.0,0.0,0.008354221952259433
2017-09-08,-0.007553477223415181,-0.008927258293454643,-0.008927258293454643,-0.008927258293454643,0.007927258293454642,0.008927258293454643,-0.008927258293454643,-0.008927258293454643,-0.008927258293454643,0.0,0.0,-0.008927258293454643
2017-09-11,0.00168969637897624,0.001997008207806017,0.001997008207806017,0.001997008207806017,-0.001997008207806017,-0.001997008207806017,0.001997008207806017,0.001997008207806017,-0.0005,0.0,0.0,0.001997008207806017
2017-09-12,0.0030137819168518922,0.003561910470647467,0.003561910470647467,0.003561910470647467,-0.003561910470647467,-0.003561910470647467,0.003561910470647467,0.0035619104706474665,0.0,0.0,0.0,0.003561910470647467
2017-09-13,0.0033875863224688426,0.004003700176430813,0.004003700176430813,0.004003700176430813,-0.004003700176430813,-0.004003700176430813,0.004003700176430813,0.004003700176430813,0.0035037001764308133,0.0,0.0,0.004003700176430813
2017-09-14,-0.00917827750451073,-0.010847567490873455,-0.010847567490873455,-0.010847567490873455,0.010847567490873455,0.010847567490873455,-0.010847567490873455,-0.010847567490873455,-0.010847567490873455,0.0,0.0,-0.010847567490873455
2017-09-15,-0.004356034554146593,-0.005148283955835886,-0.005148283955835886,-0.005148283955835886,0.005148283955835886,0.005148283955835886,-0.005148283955835886,-0.005148283955835886,-0.0005,0.0,0.0,-0.005148283955835886
2017-09-18,-0.005011806833527537,-0.005923324158720655,-0.005923324158720655,-0.005923324158720655,0.005923324158720655,0.005923324158720655,-0.005923324158720655,-0.0059233241587206545,0.0,0.0,0.0,-0.005923324158720655
2017-09-19,0.006470409704037748,0.007647208958724283,0.007647208958724283,-0.008647208958724284,-0.007647208958724283,-0.007647208958724283,0.007647208958724283,0.007647208958724283,0.0,0.0,-0.008147208958724284,0.007647208958724283
2017-09-20,0.009645616656472757,0.011399903480882934,0.011399903480882934,0.010399903480882933,-0.011399903480882934,-0.011399903480882934,0.011399903480882934,0.011399903480882934,0.010899903480882933,0.0,-0.011399903480882934,0.011399903480882934
2017-09-21,8.797621795308688e-06,1.0397680407558951e-05,1.0397680407558951e-05,-0.001010397680407559,-1.0397680407558951e-05,-1.0397680407558951e-05,1.0397680407558951e-05,1.0397680407558894e-05,1.0397680407558951e-05,0.0,-1.0397680407558951e-05,1.0397680407558951e-05
2017-09-22,-0.0038307746092925816,-0.004527492887004492,-0.004527492887004492,-0.005527492887004492,0.004527492887004492,0.004527492887004492,-0.004527492887004492,-0.004527492887004492,-0.004527492887004492,0.0,-0.0005,-0.004527492887004492
2017-09-25,-0.008055074526986193,-0.009520083101927979,-0.009520083101927979,-0.009520083101927979,0.009520083101927979,0.009520083101927979,-0.009520083101927979,-0.009520083101927979,-0.009520083101927979,0.0,0.0,-0.009520083101927979
2017-09-26,0.002852825174474196,0.003371679882697265,0.0033716798826972645,0.003371679882697265,-0.003371679882697265,-0.003371679882697265,0.003371679882697265,0.003371679882697265,-0.0005,0.0,0.0,0.003371679882697265
2017-09-27,0.023264618261670308,0.023969773108645454,0.023969773108645454,-0.024969773108645454,-0.023969773108645454,-0.023969773108645454,0.023969773108645454,0.023969773108645454,0.023469773108645453,0.0,-0.024469773108645454,0.023969773108645454
2017-09-28,0.0049781451639939155,0.005115059162366764,0.005115059162366764,0.004115059162366764,-0.005115059162366764,-0.005115059162366764,0.005115059162366764,0.005115059162366764,0.005115059162366764,0.0,-0.0005,0.005115059162366764
2017-09-29,0.008987811200842698,0.009235003102161299,0.009235003102161299,0.009235003102161299,-0.009235003102161299,-0.009235003102161299,0.009235003102161299,0.009235003102161299,0.009235003102161299,0.0,0.0,0.009235003102161299
2017-10-02,-0.006246722335178234,-0.006418526029819405,-0.006418526029819405,-0.006418526029819405,0.006418526029819405,0.006418526029819405,-0.006418526029819405,-0.006418526029819405,-0.006418526029819405,0.0,0.0,-0.006418526029819405
2017-10-03,0.004637297402779073,0.0047648370602504375,0.0047648370602504375,-0.0057648370602504375,-0.0047648370602504375,-0.0047648370602504375,0.0047648370602504375,0.0047648370602504375,0.0047648370602504375,0.0,0.0,0.0047648370602504375
2017-10-04,-0.005306242013584812,-0.005452179664352519,-0.005452179664352519,0.005452179664352519,0.005452179664352519,0.005452179664352519,-0.005452179664352519,-0.005452179664352519,-0.005452179664352519,0.0,0.0,-0.005452179664352519
2017-10-05,0.018532754131483815,0.01904246073613547,0.01904246073613547,-0.01904246073613547,-0.01904246073613547,-0.01904246073613547,0.01904246073613547,0.01904246073613547,0.01904246073613547,0.0,0.0,0.01904246073613547
2017-10-06,0.008347569755780836,0.00857715308738527,0.008577153087385268,0.00757715308738527,-0.00857715308738527,-0.00857715308738527,0.00857715308738527,0.00857715308738527,0.00857715308738527,0.0,0.0,0.00857715308738527
2017-10-09,-0.0013026582226006447,-0.0013384852505184952,-0.0013384852505184952,0.0003384852505184952,0.0013384852505184952,0.0013384852505184952,-0.0013384852505184952,-0.0013384852505184952,-0.0013384852505184952,0.0,0.0,-0.0013384852505184952
2017-10-10,-0.00442330323897792,-0.004544957411870332,-0.004544957411870331,0.004544957411870332,-0.005544957411870332,0.004544957411870332,-0.004544957411870332,-0.004544957411870332,-0.004544957411870332,0.0,-0.005044957411870332,-0.004544957411870332
2017-10-11,0.017586757432140585,0.01807044627590182,0.01807044627590182,-0.01807044627590182,0.01807044627590182,-0.01807044627590182,0.01807044627590182,0.01807044627590182,0.01807044627590182,0.0,0.01807044627590182,0.01807044627590182
2017-10-12,0.0,0.0,0.0,-0.0005,0.0,-0.001,0.0,0.0,0.0,0.0,0.0,0.0
2017-10-13,0.0021484213415999148,0.0022075094047997457,0.0022075094047997457,-0.0027075094047997457,0.0022075094047997457,0.0022075094047997457,0.0022075094047997457,0.0022075094047997457,0.0022075094047997457,0.0,0.0022075094047997457,0.0022075094047997457
2017-10-16,0.0014291260851264918,0.001468431360494682,0.0014684313604946817,-0.001468431360494682,0.001468431360494682,0.001468431360494682,0.001468431360494682,0.001468431360494682,0.001468431360494682,0.0,0.001468431360494682,0.001468431360494682
2017-10-17,0.0015909743462167853,0.001634730936648232,0.001634730936648232,-0.0005,0.001634730936648232,0.001634730936648232,0.001634730936648232,0.001634730936648232,0.001634730936648232,0.0,0.001634730936648232,0.001634730936648232
2017-10-18,0.001674920913599704,0.0017209862876867987,0.0017209862876867987,0.0,0.0017209862876867987,0.0017209862876867987,0.0017209862876867987,0.0017209862876867987,0.0017209862876867987,0.0,0.0017209862876867987,0.0017209862876867987
2017-10-19,-0.010474957708436724,-0.010763050621640957,-0.010763050621640957,0.010263050621640957,-0.010763050621640957,-0.010763050621640957,-0.010763050621640957,-0.010763050621640957,-0.010763050621640957,0.0,-0.010763050621640957,-0.010763050621640957
2017-10-20,0.003138057992735248,0.0032243640470501767,0.0032243640470501762,-0.0032243640470501767,0.0032243640470501767,0.0032243640470501767,0.0032243640470501767,0.0032243640470501767,-0.0005,0.0,0.0032243640470501767,0.0032243640470501767
2017-10-23,-0.01891138287057293,-0.019431502906906428,-0.019431502906906428,-0.0005,-0.019431502906906428,-0.019431502906906428,-0.019431502906906428,-0.019431502906906428,0.0,0.0,-0.019431502906906428,-0.019431502906906428
2017-10-24,0.002913208117951935,0.002993330122911919,0.002993330122911919,-0.003493330122911919,0.002993330122911919,0.002993330122911919,-0.0005,0.002993330122911919,0.0,0.0,0.002993330122911919,0.002993330122911919
2017-10-25,0.0029239142559742007,0.0030043307120029006,0.0030043307120029006,-0.0005,0.0030043307120029006,0.0030043307120029006,0.0,0.0030043307120029006,0.0,0.0,0.0030043307120029006,0.0030043307120029006
2017-10-26,-3.906217080470304e-05,-4.013649825274079e-05,-4.013649825274079e-05,-0.0004598635017472592,-4.013649825274079e-05,-4.013649825274079e-05,-0.0005401364982527408,-4.013649825274079e-05,0.0,0.0,-0.0005,-4.013649825274079e-05
2017-10-27,0.04147481006259957,0.04261549236300666,0.04261549236300666,-0.04261549236300666,0.04261549236300666,0.04261549236300666,0.04261549236300666,0.04261549236300666,0.0,0.0,0.0,0.04261549236300666
2017-10-30,-0.0005084504891681643,-0.0005224344103181844,-0.0005224344103181844,-0.0005,-0.0005224344103181844,-0.0005224344103181844,-0.0005224344103181844,-0.0005224344103181844,-0.0010224344103181844,0.0,-0.0010224344103181844,-0.0005224344103181844
2017-10-31,-8.468936598280903e-05,-8.701857883908204e-05,-8.701857883908204e-05,0.0,-8.701857883908204e-05,-8.701857883908204e-05,-8.701857883908204e-05,-8.701857883908204e-05,-8.701857883908204e-05,0.0,-8.701857883908204e-05,-8.701857883908204e-05
2017-11-01,0.00900656970852828,0.009254277525354793,0.009254277525354793,0.008754277525354792,0.009254277525354793,0.009254277525354793,0.009254277525354793,0.009254277525354793,0.009254277525354793,0.0,0.009254277525354793,0.009254277525354793
2017-11-02,0.0003453082860533274,0.00035480530483389394,0.00035480530483389383,0.00035480530483389394,0.00035480530483389394,0.00035480530483389394,0.00035480530483389394,0.00035480530483389394,0.00035480530483389394,0.0,0.00035480530483389394,0.00035480530483389394
2017-11-03,0.006550701625147252,0.006730865666592534,0.006730865666592534,0.006730865666592534,0.006730865666592534,0.006730865666592534,0.006730865666592534,0.006730865666592534,0.006730865666592534,0.0,0.006730865666592534,0.006730865666592534
2017-11-06,-0.006775727684248663,-0.006962080620648736,-0.006962080620648736,-0.006962080620648736,-0.006962080620648736,-0.006962080620648736,-0.006962080620648736,-0.006962080620648736,-0.006962080620648736,0.0,-0.006962080620648736,-0.006962080620648736
2017-11-07,0.009063180968367565,0.009312445765491395,0.009312445765491395,-0.0005,0.009312445765491395,0.009312445765491395,0.009312445765491395,0.009312445765491395,0.009312445765491395,0.0,0.009312445765491395,0.009312445765491395
2017-11-08,0.005172703961891759,0.0056064495489753785,0.0056064495489753785,0.0,0.0056064495489753785,0.0056064495489753785,0.0056064495489753785,0.0056064495489753785,0.0056064495489753785,0.005106449548975378,0.0056064495489753785,0.0056064495489753785
2017-11-09,-0.009548166001076972,-0.009987780469712604,-0.009987780469712604,0.0,-0.009987780469712604,-0.009987780469712604,-0.009987780469712604,-0.009987780469712604,-0.009987780469712604,-0.009987780469712604,-0.009987780469712604,-0.009987780469712604
2017-11-10,-0.0032254319311499583,-0.0034073671596247523,-0.003407367159624752,0.0029073671596247523,-0.0034073671596247523,-0.0034073671596247523,-0.0034073671596247523,-0.0034073671596247523,-0.0005,-0.0034073671596247523,-0.0034073671596247523,-0.0034073671596247523
2017-11-13,-0.0026786686456991247,-0.0028254566054788377,-0.0028254566054788377,-0.0038254566054788377,-0.0028254566054788377,-0.0028254566054788377,-0.0028254566054788377,-0.0028254566054788377,0.0,-0.0028254566054788377,-0.0028254566054788377,-0.0028254566054788377
2017-11-14,0.00039951762636692074,0.0004226278983499032,0.0004226278983499032,0.0004226278983499032,0.0004226278983499032,0.0004226278983499032,0.0004226278983499032,0.0004226278983499031,0.0,0.0004226278983499032,0.0004226278983499032,0.0004226278983499032
2017-11-15,-0.004762353587378721,-0.005020918152339404,-0.005020918152339404,-0.0005,-0.005020918152339404,-0.005020918152339404,-0.005020918152339404,-0.005020918152339404,0.0,-0.005020918152339404,-0.005020918152339404,-0.005020918152339404
2017-11-16,0.011327490277762588,0.011636434662070982,0.011636434662070982,0.011136434662070982,0.011636434662070982,0.011636434662070982,0.011636434662070982,0.011636434662070982,0.0,0.011636434662070982,0.011636434662070982,0.011636434662070982
2017-11-17,-0.011615202506696948,-0.01199848477284804,-0.01199848477284804,-0.0005,-0.01199848477284804,-0.01199848477284804,-0.01199848477284804,-0.01199848477284804,-0.01249848477284804,-0.01199848477284804,-0.01199848477284804,-0.01199848477284804
2017-11-20,-0.0011416680292778132,-0.0011874474301322158,-0.0011874474301322158,0.0,-0.0011874474301322158,-0.0011874474301322158,-0.0011874474301322158,-0.0011874474301322155,-0.0005,-0.0011874474301322158,-0.0011874474301322158,-0.0011874474301322158
2017-11-21,0.014912903224173055,0.01511601549705155,0.01511601549705155,0.014616015497051549,0.01511601549705155,0.01511601549705155,0.01511601549705155,0.01511601549705155,0.0,0.01511601549705155,0.01511601549705155,0.01511601549705155
2017-11-22,0.0014919939187117194,0.0015424873253022664,0.0015424873253022664,-0.0005,0.0015424873253022664,0.0015424873253022664,0.0015424873253022664,0.0015424873253022664,0.0010424873253022664,0.0015424873253022664,0.0015424873253022664,0.0015424873253022664
2017-11-24,0.004271543941814681,0.00437294264876531,0.00437294264876531,0.0,0.00437294264876531,0.00437294264876531,0.00437294264876531,0.00437294264876531,0.00437294264876531,0.00437294264876531,0.00437294264876531,0.00437294264876531
2017-11-27,0.014416338617220543,0.014661339279677943,0.014661339279677943,0.014161339279677942,0.014661339279677943,0.014661339279677943,0.014661339279677943,0.014661339279677943,0.014661339279677943,0.014661339279677943,0.014661339279677943,0.014661339279677943
2017-11-28,-0.007914329268940276,-0.008134165736256582,-0.008134165736256582,-0.008134165736256582,-0.008134165736256582,-0.008134165736256582,-0.008134165736256582,-0.008134165736256582,-0.008134165736256582,-0.008134165736256582,-0.008134165736256582,-0.008134165736256582
2017-11-29,-0.023553219925715026,-0.024367789199871037,-0.024367789199871037,-0.024367789199871037,-0.024367789199871037,-0.024367789199871037,-0.024367789199871037,-0.024367789199871037,-0.024367789199871037,-0.024367789199871037,-0.024367789199871037,-0.024367789199871037
2017-11-30,-0.0010949657237770895,-0.001166376482288678,-0.001166376482288678,-0.0005,-0.001166376482288678,-0.001166376482288678,-0.0005,-0.001166376482288678,-0.0005,-0.001166376482288678,-0.001166376482288678,-0.001166376482288678
2017-12-01,-0.009922250894346738,-0.010712515111145349,-0.010712515111145349,-0.01121251511114535,-0.010712515111145349,-0.010712515111145349,0.0,-0.010712515111145349,0.0,-0.010712515111145349,-0.010712515111145349,-0.010712515111145349
2017-12-04,-0.011815837283795769,-0.012877216776131184,-0.012877216776131184,-0.012877216776131184,-0.012877216776131182,-0.012877216776131184,0.0,-0.012877216776131184,0.0,-0.012877216776131184,-0.012877216776131184,-0.012877216776131184
2017-12-05,0.006979791670100881,0.007639310852434189,0.007639310852434189,0.007639310852434189,0.007639310852434188,0.007639310852434189,0.0,0.007639310852434189,0.0,0.007639310852434189,-0.0005,0.007639310852434189
2017-12-06,0.011722861804684013,0.012867942361232787,0.012867942361232787,0.012867942361232787,0.012867942361232787,0.012867942361232787,0.0,0.012867942361232787,0.0,0.012867942361232787,0.0,0.012867942361232787
2017-12-07,0.010386761961827603,0.011474389728269863,0.011474389728269863,0.011474389728269863,0.011474389728269863,0.011474389728269863,0.0,0.011474389728269863,0.010974389728269862,0.011474389728269863,0.0,0.011474389728269863
2017-12-08,0.004172624846594364,0.004604949506486156,0.004604949506486156,0.004604949506486156,0.004604949506486156,0.004604949506486156,0.004104949506486155,0.004604949506486156,0.004604949506486156,0.004604949506486156,0.0,0.004604949506486156
2017-12-11,0.0022348189717719727,0.0024679569743568663,0.0024679569743568663,0.0024679569743568663,0.0024679569743568663,0.0024679569743568663,0.0024679569743568663,0.0024679569743568663,0.0024679569743568663,0.0024679569743568663,0.0,0.0024679569743568663
2017-12-12,-0.002755599341853696,-0.0030419564634751595,-0.0030419564634751595,-0.0005,-0.0030419564634751595,-0.0030419564634751595,-0.0030419564634751595,-0.0030419564634751595,-0.0030419564634751595,-0.0030419564634751595,0.0,-0.0030419564634751595
2017-12-13,0.002259609836009431,0.0024982356760971935,0.0024982356760971935,0.0,0.0024982356760971935,0.0024982356760971935,0.0024982356760971935,0.0024982356760971935,0.0024982356760971935,0.0024982356760971935,0.0019982356760971935,0.0024982356760971935
2017-12-14,0.005288418526113707,0.005782868909729455,0.005782868909729454,0.0,0.005782868909729455,0.005782868909729455,0.005782868909729455,0.005782868909729454,0.005782868909729455,0.005782868909729455,0.005782868909729455,0.005782868909729455
2017-12-15,0.01261037833214919,0.01374028943750516,0.01374028943750516,0.0,0.013740289437505158,0.01374028943750516,0.01374028943750516,0.01374028943750516,0.01374028943750516,0.01374028943750516,0.01374028943750516,0.01374028943750516
2017-12-18,0.011147130201457444,0.012210803421538019,0.012210803421538019,0.0,0.012210803421538019,0.012210803421538019,0.012210803421538019,0.012210803421538019,0.012210803421538019,-0.0005,0.012210803421538019,0.012210803421538019
2017-12-19,-0.0044475794841267605,-0.004893638482776241,-0.0048936384827762405,0.0,-0.004893638482776241,-0.004893638482776241,-0.004893638482776241,-0.004893638482776241,-0.004893638482776241,0.0,-0.004893638482776241,-0.004893638482776241
2017-12-20,-0.0052463049862772355,-0.0057603458331747515,-0.0057603458331747515,0.0,-0.0057603458331747515,-0.0057603458331747515,-0.0057603458331747515,-0.005760345833174751,-0.0057603458331747515,0.0,-0.0057603458331747515,-0.0057603458331747515
2017-12-21,-0.0022907609998602594,-0.0025243608457286015,-0.0025243608457286015,0.0020243608457286015,-0.0025243608457286015,-0.0025243608457286015,-0.0025243608457286015,-0.0025243608457286015,-0.0025243608457286015,0.0,-0.0025243608457286015,-0.0025243608457286015
2017-12-22,-0.0016884299624831843,-0.001858259634515247,-0.001858259634515247,-0.002858259634515247,-0.001858259634515247,-0.001858259634515247,-0.001858259634515247,-0.001858259634515247,-0.0005,0.0,-0.001858259634515247,-0.001858259634515247
2017-12-26,-0.0025849596202973816,-0.0028162346407086813,-0.002816234640708681,-0.0005,-0.0028162346407086813,-0.0028162346407086813,-0.0028162346407086813,-0.0028162346407086813,0.0,0.0,-0.0028162346407086813,-0.0028162346407086813
2017-12-27,-0.004850214981291208,-0.005300949578043501,-0.005300949578043501,0.0,-0.005300949578043501,-0.005300949578043501,-0.005300949578043501,-0.005300949578043501,0.0,0.0,-0.005300949578043501,-0.005300949578043501
2017-12-28,-0.0038106768742582164,-0.004008533688627858,-0.004008533688627858,-0.004508533688627858,-0.004008533688627858,-0.004008533688627858,-0.004008533688627858,-0.004008533688627857,0.0,0.0,-0.004008533688627858,-0.004008533688627858
2017-12-29,-0.002283518105238222,-0.002414989539977652,-0.002414989539977652,-0.002414989539977652,-0.002414989539977652,-0.002414989539977652,-0.002414989539977652,-0.0024149895399776518,0.0,0.0,-0.002414989539977652,-0.002414989539977652
2018-01-02,0.017842756630654513,0.018805885149749457,0.018805885149749457,-0.0005,0.018805885149749457,0.018805885149749457,0.018805885149749457,0.018805885149749457,0.0,0.0,0.018805885149749457,0.018805885149749457
2018-01-03,0.015876772634713276,0.017060932177266785,0.017060932177266782,0.016560932177266785,0.017060932177266785,0.017060932177266785,0.017060932177266785,0.017060932177266785,0.016560932177266785,0.0,0.017060932177266785,0.017060932177266785
2018-01-04,0.0035471176714958128,0.003884557004870892,0.003884557004870892,-0.0005,0.003884557004870892,0.003884557004870892,0.003884557004870892,0.003884557004870892,0.003884557004870892,0.0,0.003884557004870892,0.003884557004870892
2018-01-05,0.012181059612117818,0.013260081123273038,0.013260081123273038,0.012760081123273037,0.013260081123273038,0.013260081123273038,0.013260081123273038,0.013260081123273038,0.013260081123273038,0.0,0.013260081123273038,0.013260081123273038
2018-01-08,0.0032791645892822838,0.0035305656530755236,0.0035305656530755236,-0.0005,0.0035305656530755236,0.0035305656530755236,0.0035305656530755236,0.0035305656530755236,0.0035305656530755236,0.0,0.0035305656530755236,0.0035305656530755236
2018-01-09,-0.0011911268008054044,-0.001274332659197297,-0.001274332659197297,-0.001774332659197297,-0.001274332659197297,-0.001274332659197297,-0.001274332659197297,-0.001274332659197297,-0.001274332659197297,0.0,-0.001274332659197297,-0.001274332659197297
2018-01-10,-0.002223153273083083,-0.0023814159772544974,-0.0023814159772544974,-0.0005,-0.002381415977254497,-0.0023814159772544974,-0.0023814159772544974,-0.0023814159772544974,-0.0023814159772544974,-0.0028814159772544974,-0.0023814159772544974,-0.0023814159772544974
2018-01-11,0.0016083183418854215,0.0017205928113388502,0.0017205928113388502,0.0,0.00172059281133885,0.0017205928113388502,0.0017205928113388502,0.0017205928113388502,0.0017205928113388502,0.0017205928113388502,0.0017205928113388502,0.0017205928113388502
2018-01-12,0.015971385380891483,0.01672578543707015,0.016725785437070147,0.0,0.01672578543707015,0.01672578543707015,0.01672578543707015,0.016725785437070147,0.01672578543707015,0.01672578543707015,0.01672578543707015,0.01672578543707015
2018-01-16,3.295669971305514e-05,4.411343634003195e-05,4.41134363400319e-05,0.0,4.411343634003195e-05,4.411343634003195e-05,4.411343634003195e-05,4.4113436340031946e-05,4.411343634003195e-05,4.411343634003195e-05,4.411343634003195e-05,4.411343634003195e-05
2018-01-17,0.006970967972541636,0.007429042106732009,0.007429042106732009,-0.00792904210673201,0.007429042106732009,0.007429042106732009,0.007429042106732009,0.007429042106732008,0.007429042106732009,0.007429042106732009,0.007429042106732009,0.007429042106732009
2018-01-18,-0.0025732468671197098,-0.002747651677798668,-0.002747651677798668,-0.0005,-0.002747651677798668,-0.002747651677798668,-0.002747651677798668,-0.0027476516777986677,-0.002747651677798668,-0.002747651677798668,-0.002747651677798668,-0.002747651677798668
2018-01-19,0.006193624036930965,0.006628577933288637,0.006628577933288637,0.0,0.006628577933288637,0.006628577933288637,0.006628577933288637,0.0066285779332886366,0.006628577933288637,0.006628577933288637,0.006628577933288637,0.006628577933288637
2018-01-22,0.016854145180500144,0.01806742814586726,0.01806742814586726,-0.01856742814586726,0.01806742814586726,0.01806742814586726,0.01806742814586726,0.01806742814586726,0.01806742814586726,0.01806742814586726,0.01806742814586726,0.01806742814586726
2018-01-23,0.00955868176640953,0.010316392374783545,0.010316392374783543,-0.0005,0.010316392374783545,0.010316392374783545,0.010316392374783545,0.010316392374783545,0.010316392374783545,0.010316392374783545,0.010316392374783545,0.010316392374783545
2018-01-24,-0.00382967366996193,-0.004148998249240532,-0.004148998249240532,0.0,-0.004148998249240532,-0.004148998249240532,-0.004148998249240532,-0.004148998249240532,-0.004148998249240532,-0.004148998249240532,-0.004148998249240532,-0.004148998249240532
2018-01-25,0.00883488836344246,0.009263147961507512,0.009263147961507512,-0.009763147961507512,0.00926314796150751,0.009263147961507512,0.009263147961507512,0.00926314796150751,0.009263147961507512,0.009263147961507512,0.009263147961507512,0.009263147961507512
2018-01-26,0.004364766016950626,0.004584995349112164,0.004584995349112164,-0.0005,0.004584995349112164,0.004584995349112164,0.004584995349112164,0.004584995349112163,0.004584995349112164,0.004584995349112164,0.004584995349112164,0.004584995349112164
2018-01-29,-0.0008659540835161672,-0.0009094046086352003,-0.0009094046086352003,0.00040940460863520033,-0.0009094046086352003,-0.0009094046086352003,-0.0009094046086352003,-0.0009094046086352004,-0.0009094046086352003,-0.0009094046086352003,-0.0009094046086352003,-0.0009094046086352003
2018-01-30,-0.00730715671451102,-0.007678232757012848,-0.007678232757012848,-0.0005,-0.007678232757012848,-0.007678232757012848,-0.007678232757012848,-0.007678232757012848,-0.007678232757012848,-0.007678232757012848,-0.007678232757012848,-0.007678232757012848
2018-01-31,0.004443149955349188,0.0041194041442595974,0.0041194041442595974,0.0,0.004119404144259597,0.0041194041442595974,0.0041194041442595974,0.0041194041442595974,-0.0005,0.0041194041442595974,0.0041194041442595974,0.0041194041442595974
2018-02-01,-0.0005845877745469252,-0.0005329635619206741,-0.0005329635619206741,0.0,-0.0005329635619206742,-0.0005329635619206741,-0.0005329635619206741,-0.0005329635619206741,-0.001032963561920674,-0.0005329635619206741,-0.0005329635619206741,-0.0005329635619206741
2018-02-02,-0.057883616894701215,-0.05280169065467333,-0.05280169065467333,0.0,-0.05280169065467333,-0.05280169065467333,-0.05280169065467333,-0.05280169065467333,-0.0005,-0.05280169065467333,-0.05280169065467333,-0.05280169065467333
2018-02-05,-0.043678082036019576,-0.05075951593062289,-0.05075951593062289,0.0,-0.05075951593062288,-0.05075951593062289,-0.05075951593062289,-0.05075951593062288,0.0,-0.05075951593062289,-0.05075951593062289,-0.05075951593062289
2018-02-06,0.01524298709465683,0.02074570621537286,0.02074570621537286,0.0,0.02074570621537286,0.02074570621537286,0.02074570621537286,0.02074570621537286,0.0,0.02074570621537286,0.02074570621537286,0.02074570621537286
2018-02-07,-0.019395831271230745,-0.026760478506820062,-0.026760478506820062,-0.027260478506820063,-0.026760478506820062,-0.026760478506820062,-0.026760478506820062,-0.02676047850682006,0.0,-0.026760478506820062,-0.0005,-0.026760478506820062
2018-02-08,-0.03174317666980079,-0.04519575536113374,-0.04519575536113373,-0.04519575536113374,-0.04519575536113374,-0.04519575536113374,-0.04519575536113374,-0.04519575536113374,0.0,-0.04519575536113374,0.0,-0.04519575536113374
2018-02-09,0.01105980902957518,0.03826502047102065,0.03826502047102064,0.03826502047102065,0.03826502047102065,0.03826502047102065,-0.0005,0.03826502047102065,0.0,0.03826502047102065,0.0,0.03826502047102065
2018-02-12,0.0023323323416781774,0.007923409590927522,0.00792340959092752,0.007923409590927522,0.007923409590927522,0.007923409590927522,0.0,0.007923409590927522,0.0,0.007923409590927522,0.0,0.007923409590927522
2018-02-13,-0.00011728545689220326,-0.00039844266505661974,-0.0003984426650566197,-0.00039844266505661974,-0.00039844266505661974,-0.0006015573349433803,0.0,-0.00039844266505661974,-0.0008984426650566197,-0.00039844266505661974,0.0,-0.00039844266505661974
2018-02-14,0.005182713394037239,0.017606736518431143,0.01760673651843114,0.017606736518431143,0.017606736518431143,-0.017606736518431143,0.0,0.017606736518431143,0.017606736518431143,0.017606736518431143,0.0,0.017606736518431143
2018-02-15,0.005120499466329187,0.01739538309221378,0.01739538309221378,0.01739538309221378,0.01739538309221378,-0.01739538309221378,0.0,0.01739538309221378,0.01739538309221378,0.01739538309221378,0.0,0.01739538309221378
2018-02-16,0.0009900300571902556,0.003793653194930968,0.003793653194930968,0.003793653194930968,0.003793653194930968,0.002793653194930968,0.0,0.003793653194930968,0.003793653194930968,0.003793653194930968,0.0,0.003793653194930968
2018-02-20,0.0019558905564707623,0.007384666404594675,0.007384666404594675,0.007384666404594675,0.007384666404594675,0.007384666404594675,0.006884666404594675,0.007384666404594675,0.007384666404594675,0.007384666404594675,0.0,0.007384666404594675
2018-02-21,0.0024383386907737077,0.009206199065284526,0.009206199065284526,0.009206199065284526,0.009206199065284526,0.009206199065284526,0.009206199065284526,0.009206199065284526,0.009206199065284526,0.009206199065284526,0.0,0.009206199065284526
2018-02-22,-0.0009155746235388306,-0.003456846366468813,-0.003456846366468813,-0.003456846366468813,-0.003456846366468813,-0.003456846366468813,-0.003456846366468813,-0.003456846366468813,-0.003456846366468813,-0.003456846366468813,0.0,-0.003456846366468813
2018-02-23,0.0043407751660925215,0.016389044076567938,0.016389044076567938,0.016389044076567938,0.016389044076567938,0.016389044076567938,0.016389044076567938,0.016389044076567938,0.016389044076567938,0.016389044076567938,0.0,0.016389044076567938
2018-02-26,0.003664988639658475,0.013837542387516333,0.013837542387516331,0.013837542387516333,0.013837542387516333,0.013837542387516333,0.013837542387516333,0.013837542387516333,0.013837542387516333,0.013837542387516333,0.013337542387516332,0.013837542387516333
2018-02-27,-0.006065097401418374,-0.022899400415157256,-0.022899400415157253,-0.022899400415157256,-0.022899400415157256,-0.022899400415157256,-0.022899400415157256,-0.022899400415157256,-0.022899400415157256,-0.022899400415157256,-0.022899400415157256,-0.022899400415157256
2018-02-28,-0.0032209286603248014,-0.012160948162874496,-0.012160948162874496,-0.012160948162874496,-0.012160948162874496,-0.012160948162874496,-0.012160948162874496,-0.012160948162874496,-0.0005,-0.012160948162874496,-0.012160948162874496,-0.012160948162874496
2018-03-01,-0.00779999324999145,-0.029449678520464873,-0.029449678520464873,-0.029449678520464873,-0.029449678520464873,-0.029449678520464873,-0.0005,-0.029449678520464873,0.0,-0.029449678520464873,-0.029449678520464873,-0.029449678520464873
2018-03-02,0.0031469226813400485,0.011881530960853759,0.011881530960853759,0.011881530960853759,0.011881530960853759,0.011881530960853759,0.0,0.011881530960853759,0.0,0.011881530960853759,0.011881530960853759,0.011881530960853759
2018-03-05,0.0025945324450420255,0.009795924684612656,0.009795924684612656,0.009795924684612656,0.009795924684612656,0.009795924684612656,0.0,0.009795924684612656,0.0,0.009795924684612656,0.009795924684612656,0.009795924684612656
2018-03-06,0.0014854325697482515,0.005608403782011218,0.005608403782011218,0.005608403782011218,0.005608403782011218,0.005608403782011218,0.0,0.005608403782011218,0.005108403782011217,0.005608403782011218,0.005608403782011218,0.005608403782011218
2018-03-07,0.003401834970310809,0.012843978583627402,0.012843978583627402,0.012843978583627402,0.012843978583627402,0.012843978583627402,0.012343978583627402,0.012843978583627402,0.012843978583627402,0.012843978583627402,0.012843978583627402,0.012843978583627402
2018-03-08,0.004075995397514848,0.012860717097426866,0.012860717097426866,0.012860717097426866,0.012860717097426866,0.012860717097426866,0.012860717097426866,0.012860717097426866,0.012860717097426866,0.012860717097426866,0.012860717097426866,0.012860717097426866
2018-03-09,0.008887133211484882,0.027855837389506366,0.027855837389506366,0.027855837389506366,0.027855837389506366,0.027855837389506366,0.027855837389506366,0.027855837389506366,0.027855837389506366,0.027855837389506366,0.027855837389506366,0.027855837389506366
2018-03-12,0.0013989292180379947,0.004384804850988022,0.004384804850988022,0.004384804850988022,-0.005384804850988022,0.004384804850988022,0.004384804850988022,0.004384804850988022,0.004384804850988022,-0.0005,0.004384804850988022,0.004384804850988022
2018-03-13,-0.013077323456640528,-0.02231696450940368,-0.02231696450940368,-0.02231696450940368,-0.02331696450940368,-0.02231696450940368,-0.02231696450940368,-0.02231696450940368,-0.02231696450940368,0.0,-0.02231696450940368,-0.02231696450940368
2018-03-14,0.004488533573920207,0.007877738567008796,0.007877738567008796,0.007877738567008796,0.007877738567008796,0.007877738567008796,0.007877738567008796,0.007877738567008796,-0.0005,0.0,0.007877738567008796,0.007877738567008796
2018-03-15,0.000852632314436596,0.0014971486042087978,0.0014971486042087978,0.0014971486042087978,0.0014971486042087978,0.0014971486042087978,0.0014971486042087978,0.0014971486042087978,0.0009971486042087978,0.0,0.0014971486042087978,0.0014971486042087978
2018-03-16,-0.008021639611420297,-0.014070702102206623,-0.01407070210220662,0.013070702102206622,-0.014070702102206623,-0.014070702102206623,-0.014070702102206623,-0.014070702102206623,-0.014070702102206623,0.0,-0.014070702102206623,-0.014070702102206623
2018-03-19,-0.017143275012588322,-0.03027978240759399,-0.030279782407593988,-0.03127978240759399,-0.03027978240759399,-0.03027978240759399,-0.03027978240759399,-0.03027978240759399,-0.0005,0.0,-0.03027978240759399,-0.03027978240759399
2018-03-20,-0.0021463216837323347,-0.003881652999099483,-0.003881652999099483,-0.003881652999099483,-0.003881652999099483,-0.003881652999099483,-0.0005,-0.003881652999099483,0.0,0.0,-0.003881652999099483,-0.003881652999099483
2018-03-21,-0.0009099534129455578,-0.0016425235466539512,-0.0016425235466539512,-0.0016425235466539512,-0.0016425235466539512,-0.0016425235466539512,0.0,-0.0016425235466539512,0.0,0.0,-0.0016425235466539512,-0.0016425235466539512
2018-03-22,-0.0207391893453557,-0.03734009810285421,-0.03734009810285421,-0.03734009810285421,-0.03734009810285421,-0.03734009810285421,0.0,-0.03734009810285421,0.0,0.0,-0.0005,-0.03734009810285421
2018-03-23,-0.01353062820047628,-0.025257551202914175,-0.025257551202914175,-0.025257551202914175,-0.025257551202914175,-0.025257551202914175,0.0,-0.025257551202914175,0.0,0.0,0.0,-0.025257551202914175
2018-03-26,0.014142972837130431,0.026827753153179534,0.026827753153179534,0.026827753153179534,0.026827753153179534,0.026827753153179534,0.0,0.026827753153179534,0.0,0.026327753153179534,0.0,0.026827753153179534
2018-03-27,-0.02317016151059689,-0.04473040186611865,-0.04473040186611865,-0.04473040186611865,-0.044730401866118645,-0.04473040186611865,0.0,-0.04473040186611865,0.0,-0.04473040186611865,0.0,-0.04473040186611865
2018-03-28,-0.0008766866362851528,-0.0005,-0.0005,-0.001748181722840303,0.0007481817228403029,0.0007481817228403029,0.0,-0.001748181722840303,0.0,-0.001748181722840303,0.0,-0.001748181722840303
2018-03-29,0.015737058074856505,0.0,0.0,0.03179536351658818,-0.03179536351658818,-0.03179536351658818,0.0,0.03179536351658818,0.0,0.03179536351658818,0.0,0.03179536351658818
2018-04-02,-0.011447605586508043,-0.024132235035625393,-0.02413223503562539,-0.023632235035625393,-0.02463223503562539,0.023632235035625393,0.0,-0.023632235035625393,-0.024132235035625393,-0.023632235035625393,0.0,-0.023632235035625393
2018-04-03,0.0028581211866937836,-0.0005,-0.0004999999999999999,0.0059744972782938,-0.0069744972782938,-0.0059744972782938,0.0,0.0059744972782938,-0.0005,0.0059744972782938,0.0,0.0059744972782938
2018-04-04,0.005180589402323642,0.0,0.0,0.010827758903553919,0.009827758903553918,-0.010827758903553919,0.0,0.010827758903553917,0.0,0.010827758903553919,0.0,0.010827758903553919
2018-04-05,0.001367164974240075,0.0023454949394860485,0.002345494939486048,0.0028454949394860485,0.002845494939486048,-0.0028454949394860485,0.0,0.0028454949394860485,0.0023454949394860485,0.0028454949394860485,-0.0033454949394860485,0.0028454949394860485
2018-04-06,-0.010634749961614485,-0.021972776500038482,-0.02197277650003848,-0.021972776500038482,-0.02197277650003848,0.021972776500038482,0.0,-0.021972776500038482,-0.021972776500038482,-0.021972776500038482,0.021972776500038482,-0.021972776500038482
2018-04-09,0.004813817928508692,-0.0005,-0.0004999999999999999,0.010040111976982624,-0.011040111976982625,-0.010040111976982624,0.0,0.010040111976982624,-0.0005,0.010040111976982624,-0.010040111976982624,0.010040111976982624
2018-04-10,0.007729164198114839,0.0,0.0,-0.017086764309412916,0.015086764309412914,-0.016086764309412915,0.0,0.016086764309412915,0.015586764309412915,0.016086764309412915,-0.016086764309412915,0.016086764309412915
2018-04-11,-0.00527473725915529,-0.011537185309446862,-0.011537185309446862,0.011037185309446862,-0.01103718530944686,0.011037185309446862,0.0,-0.011037185309446862,-0.011037185309446862,-0.011037185309446862,0.011037185309446862,-0.011037185309446862
2018-04-12,0.005688248329717575,-0.0005,0.011931075144605785,-0.0005,0.011931075144605785,-0.011931075144605785,0.0,0.011931075144605785,-0.0005,0.011931075144605785,-0.011931075144605785,0.011931075144605785
2018-04-13,-0.0005734052882747875,-0.0017049892297455456,-0.0012049892297455456,0.0,-0.0012049892297455456,0.0012049892297455456,0.0,-0.0012049892297455456,-0.0017049892297455456,-0.0012049892297455456,0.0012049892297455456,-0.0012049892297455456
2018-04-16,0.004614690096411801,0.009709938091696735,0.009709938091696735,0.0,0.009709938091696735,-0.009709938091696735,0.0,0.009709938091696735,0.009709938091696735,0.009709938091696735,-0.009709938091696735,0.009709938091696735
2018-04-17,0.015171312382290924,0.03179429690158031,0.0317942969015803,0.0,0.03179429690158031,-0.03179429690158031,0.03129429690158031,0.03179429690158031,0.03179429690158031,0.03179429690158031,-0.03179429690158031,0.03179429690158031
2018-04-18,-0.0017231785941744517,-0.0036781605588859234,-0.0036781605588859234,-0.004178160558885924,-0.0036781605588859234,0.0036781605588859234,-0.0036781605588859234,-0.0036781605588859234,-0.0036781605588859234,-0.0036781605588859234,-0.0005,-0.0036781605588859234
2018-04-19,0.006113711069694151,0.013074364510001546,0.013074364510001546,-0.0005,0.013074364510001546,-0.013074364510001546,0.013074364510001546,0.013074364510001546,0.013074364510001546,0.013074364510001546,0.0,0.013074364510001546
2018-04-20,-0.0051888220851115125,-0.011133993319688784,-0.011133993319688784,0.0,-0.011133993319688784,0.011133993319688784,-0.011133993319688784,-0.011133993319688784,-0.011133993319688784,-0.011133993319688784,0.0,-0.011133993319688784
2018-04-23,-0.0015166934325677403,-0.0032581626071988,-0.0032581626071988,0.0,-0.0032581626071988,0.0032581626071988,-0.0032581626071988,-0.0032581626071988,-0.0032581626071988,-0.0032581626071988,0.0,-0.0032581626071988
2018-04-24,-0.02233590328576131,-0.04765285999448354,-0.04765285999448354,0.0,-0.04765285999448354,0.04765285999448354,-0.04765285999448354,-0.04765285999448354,-0.04765285999448354,-0.04765285999448354,0.0,-0.04765285999448354
2018-04-25,0.00014577870026254744,-0.0005,0.0003423870329772871,-0.0008423870329772871,0.0003423870329772871,-0.0003423870329772871,-0.0005,0.0003423870329772871,-0.0005,0.0003423870329772871,0.0,0.0003423870329772871
2018-04-26,0.008963144535771388,0.0,0.019863388510583002,-0.019863388510583002,0.019863388510583002,-0.019863388510583002,0.0,0.019863388510583002,0.0,0.019863388510583002,0.0,0.019863388510583002
2018-04-27,-0.0050984641453260615,-0.011867659629909377,-0.011367659629909377,0.011367659629909377,0.010367659629909376,0.011367659629909377,0.0,-0.011367659629909377,0.0,-0.011367659629909377,0.0,-0.011367659629909377
2018-04-30,-0.005590057784931829,-0.0005,-0.01247765397897227,-0.0005,-0.01347765397897227,0.01247765397897227,0.0,-0.01247765397897227,0.0,-0.01247765397897227,0.01197765397897227,-0.01247765397897227
2018-05-01,0.009731605934179603,0.0,0.021765552404267252,-0.022265552404267253,0.021765552404267252,-0.021765552404267252,0.0,0.021765552404267252,0.0,0.021765552404267252,-0.021765552404267252,0.021765552404267252
2018-05-02,-0.006257862130585972,-0.014624256180194084,-0.014124256180194084,-0.015124256180194084,0.013124256180194083,0.014124256180194084,0.0,-0.014124256180194084,-0.014624256180194084,-0.014124256180194084,0.014124256180194084,-0.014124256180194084
2018-05-03,0.00010721862024295868,-0.0005,0.00024357785639472765,-0.0005,-0.0007564221436052723,-0.00024357785639472773,0.0,-0.0012435778563947278,-0.0005,0.00024357785639472773,-0.00024357785639472773,0.00024357785639472773
2018-05-04,0.010637398733843072,0.0,0.024066936624506097,0.0,0.024066936624506097,-0.024066936624506097,0.0,-0.024066936624506097,0.0,0.024066936624506097,-0.024066936624506097,0.024066936624506097
2018-05-07,0.003681828282140145,0.00754952884700727,0.00804952884700727,0.0,0.00804952884700727,-0.00804952884700727,0.00754952884700727,0.00704952884700727,0.00754952884700727,0.00804952884700727,-0.00804952884700727,0.00804952884700727
2018-05-08,-0.0004070547671833035,-0.0008211703424628736,-0.0008211703424628736,0.0,-0.0008211703424628736,0.0008211703424628736,-0.0008211703424628736,-0.0008211703424628736,-0.0008211703424628736,-0.0008211703424628736,0.0008211703424628736,-0.0008211703424628736
2018-05-09,0.013935995982998196,0.02867965690597929,0.02867965690597929,0.0,0.02867965690597929,-0.02867965690597929,0.02867965690597929,0.02867965690597929,0.02867965690597929,0.02867965690597929,-0.02867965690597929,0.02867965690597929
2018-05-10,0.007360001007618724,0.015170592116632964,0.015170592116632962,0.014670592116632963,-0.016170592116632965,-0.015170592116632964,0.015170592116632964,0.015170592116632964,0.015170592116632964,0.015170592116632964,-0.0005,0.015170592116632964
2018-05-11,-0.0009686499928345586,-0.001890579499901901,-0.001890579499901901,0.000890579499901901,0.001890579499901901,0.001890579499901901,-0.001890579499901901,-0.001890579499901901,-0.001890579499901901,0.000890579499901901,0.0,-0.001890579499901901
2018-05-14,0.0015190393265306166,0.0029183591894306193,0.0029183591894306193,-0.0029183591894306193,-0.0029183591894306193,-0.0029183591894306193,0.0029183591894306193,0.0029183591894306193,0.0029183591894306193,-0.0029183591894306193,0.0,0.0029183591894306193
2018-05-15,-0.010288936568076798,-0.01963664742405291,-0.01963664742405291,0.01963664742405291,0.01963664742405291,0.01963664742405291,-0.01963664742405291,-0.01963664742405291,-0.01963664742405291,0.01963664742405291,0.0,-0.01963664742405291
2018-05-16,-0.0003756665750182792,-0.0007192100821377112,-0.0007192100821377112,-0.0017192100821377112,0.0007192100821377112,0.0007192100821377112,-0.0007192100821377112,-0.0007192100821377112,-0.0005,0.0007192100821377112,0.0,-0.0007192100821377112
2018-05-17,-0.0013653824450633228,-0.002610317602486645,-0.002610317602486645,-0.002610317602486645,0.002610317602486645,0.002610317602486645,-0.002610317602486645,-0.002610317602486645,0.0,0.002610317602486645,0.0,-0.002610317602486645
2018-05-18,-0.0056560067321700215,-0.010746862410775604,-0.010746862410775604,-0.010746862410775604,0.010746862410775604,0.010746862410775604,-0.010746862410775604,-0.010746862410775604,0.0,0.010746862410775604,0.0,-0.010746862410775604
2018-05-21,0.007050227628998877,0.013434499367802166,0.013434499367802165,0.013434499367802166,-0.013434499367802166,-0.013434499367802166,-0.0005,0.013434499367802166,0.0,-0.013434499367802166,0.0,0.013434499367802166
2018-05-22,-0.0041996859638818345,-0.00802580048716739,-0.00802580048716739,-0.00802580048716739,0.00802580048716739,0.00802580048716739,-0.00852580048716739,-0.00802580048716739,0.0,0.00802580048716739,0.0,-0.00802580048716739
2018-05-23,0.005185107592283762,0.00990413748358665,0.00990413748358665,0.00990413748358665,-0.00990413748358665,0.00890413748358665,0.00990413748358665,0.00990413748358665,0.0,-0.00990413748358665,0.00940413748358665,0.00990413748358665
2018-05-24,-0.00024587724084382034,-0.00046956546022480783,-0.00046956546022480783,-0.00046956546022480783,0.00046956546022480783,-0.00046956546022480783,-0.00046956546022480783,-0.00046956546022480783,-0.0009695654602248078,0.00046956546022480783,-0.00046956546022480783,-0.00046956546022480783
2018-05-25,-0.0006657355853527778,-0.0012622885395461303,-0.0012622885395461303,-0.0012622885395461303,0.0012622885395461303,-0.0012622885395461303,-0.0012622885395461303,-0.0012622885395461303,-0.0012622885395461303,0.0012622885395461303,-0.0012622885395461303,-0.0012622885395461303
2018-05-29,-0.00780946951388742,-0.014768222034606704,-0.014768222034606704,-0.014768222034606704,0.014768222034606704,-0.014768222034606704,-0.014768222034606704,-0.014768222034606704,-0.014768222034606704,0.014768222034606704,-0.014768222034606704,-0.014768222034606704
2018-05-30,0.0046863205355133905,0.00880093788271008,0.00880093788271008,0.00880093788271008,-0.00880093788271008,0.00880093788271008,-0.0005,0.00880093788271008,-0.0005,-0.00880093788271008,0.00880093788271008,0.00880093788271008
2018-05-31,0.01115399574126847,0.020910116929065303,0.020910116929065303,0.020910116929065303,-0.020910116929065303,0.020910116929065303,0.020410116929065303,0.020910116929065303,0.020410116929065303,-0.020910116929065303,0.020910116929065303,0.020910116929065303
2018-06-01,0.01716860281220092,0.03181818849743667,0.03181818849743667,-0.03281818849743667,-0.03181818849743667,0.03181818849743667,0.03181818849743667,0.03181818849743667,0.03181818849743667,-0.03181818849743667,0.03181818849743667,0.03181818849743667
2018-06-04,0.008388132008944355,0.015894298062304246,0.015894298062304246,-0.015894298062304246,-0.015894298062304246,0.015894298062304246,0.015894298062304246,0.015894298062304246,0.015894298062304246,-0.015894298062304246,0.015894298062304246,0.015894298062304246
2018-06-05,-0.0009228236416857012,-0.001751968402754156,-0.001751968402754156,-0.002751968402754156,0.001751968402754156,-0.001751968402754156,-0.001751968402754156,-0.001751968402754156,-0.001751968402754156,0.001751968402754156,-0.001751968402754156,-0.001751968402754156
2018-06-06,-0.00186143374995748,-0.003536099389275682,-0.003536099389275682,-0.003536099389275682,0.003536099389275682,-0.003536099389275682,-0.003536099389275682,-0.003536099389275682,-0.003536099389275682,0.003536099389275682,-0.003536099389275682,-0.003536099389275682
2018-06-07,-0.005769831997164248,-0.010924444921066256,-0.010924444921066256,0.009924444921066256,0.010924444921066256,-0.010924444921066256,-0.010924444921066256,-0.010924444921066256,-0.010924444921066256,0.010924444921066256,-0.010924444921066256,-0.010924444921066256
2018-06-08,-0.0007966693461933002,-0.0015072889276448453,-0.0015072889276448453,-0.0025072889276448454,0.0015072889276448453,-0.0015072889276448453,-0.0015072889276448453,-0.0015072889276448453,-0.0015072889276448453,0.0015072889276448453,-0.0015072889276448453,-0.0015072889276448453
2018-06-11,0.0038922099966439217,0.007230279460677558,0.007230279460677558,0.007230279460677558,-0.007230279460677558,0.007230279460677558,0.007230279460677558,0.007230279460677557,-0.0005,-0.007230279460677558,0.007230279460677558,0.007230279460677558
2018-06-12,0.004813176928813914,0.0063897830396337785,0.0063897830396337785,-0.0073897830396337785,-0.0063897830396337785,0.0063897830396337785,0.0063897830396337785,0.006389783039633778,0.005889783039633778,-0.0005,0.0063897830396337785,0.0063897830396337785
2018-06-13,-0.002660732189794279,-0.0034490197342921247,-0.0034490197342921243,-0.004449019734292125,0.0034490197342921247,-0.0034490197342921247,-0.0034490197342921247,-0.0034490197342921247,-0.0034490197342921247,0.0,-0.0034490197342921247,-0.0034490197342921247
2018-06-14,0.010706488829789468,0.01387846976879592,0.01387846976879592,0.01387846976879592,-0.01387846976879592,0.01387846976879592,0.01387846976879592,0.01387846976879592,0.01387846976879592,0.0,0.01387846976879592,0.01387846976879592
2018-06-15,-0.0005586683952931585,-0.0007241834889216703,-0.0007241834889216703,-0.0007241834889216703,0.0007241834889216703,-0.0007241834889216703,-0.0007241834889216703,-0.0007241834889216703,-0.0007241834889216703,0.0,-0.0007241834889216703,-0.0007241834889216703
2018-06-18,0.016177321514578312,0.020970130464758707,0.020970130464758704,0.020970130464758707,-0.020970130464758707,0.020970130464758707,0.020970130464758707,0.020970130464758707,0.020970130464758707,0.0,0.020970130464758707,0.020970130464758707
2018-06-19,-0.0031872109216413516,-0.004131476819898339,-0.004131476819898339,0.0031314768198983387,0.004131476819898339,-0.004131476819898339,-0.004131476819898339,-0.004131476819898339,-0.004131476819898339,0.0,-0.004131476819898339,-0.004131476819898339
2018-06-20,0.0035211820561971995,0.004564392630886482,0.004564392630886482,0.0035643926308864824,-0.004564392630886482,0.004564392630886482,0.004564392630886482,0.004564392630886482,0.004564392630886482,0.0,0.004564392630886482,0.004564392630886482
2018-06-21,-0.009531748902534243,-0.012355692990544731,-0.012355692990544731,-0.012355692990544731,0.012355692990544731,-0.012355692990544731,-0.012355692990544731,-0.012355692990544731,-0.012355692990544731,0.0,-0.012355692990544731,-0.012355692990544731
2018-06-22,-9.90116300189922e-05,-0.00012834552352536388,-0.00012834552352536388,-0.0008716544764746361,0.00012834552352536388,-0.00012834552352536388,-0.00012834552352536388,-0.00012834552352536388,-0.0005,0.0,-0.00012834552352536388,-0.00012834552352536388
2018-06-25,-0.019799231099843724,-0.02566509288274188,-0.02566509288274188,-0.02666509288274188,0.02566509288274188,-0.02566509288274188,-0.02566509288274188,-0.02566509288274188,0.0,0.0,-0.02566509288274188,-0.02566509288274188
2018-06-26,-0.004509731925096446,-0.005845817352714278,-0.005845817352714278,-0.005845817352714278,0.005845817352714278,-0.005845817352714278,-0.0005,-0.005845817352714278,0.0,0.0,-0.005845817352714278,-0.005845817352714278
2018-06-27,-0.010679928480493161,-0.013844040460493479,-0.013844040460493477,-0.013844040460493479,0.013844040460493479,-0.013844040460493479,0.0,-0.013844040460493479,0.0,0.0,-0.013844040460493479,-0.013844040460493479
2018-06-28,0.006796311700635608,0.008809835603073246,0.008809835603073246,0.008809835603073246,-0.008809835603073246,0.008809835603073246,0.0,0.008809835603073246,0.0,0.0,-0.0005,0.008809835603073246
2018-06-29,0.001649960290942486,0.0021387893250162104,0.0021387893250162104,0.0021387893250162104,-0.0021387893250162104,0.0021387893250162104,0.0,0.0021387893250162104,0.0,0.0,0.0,0.0021387893250162104
2018-07-02,0.008826721457544142,0.0114417890733014,0.0114417890733014,0.0114417890733014,-0.0114417890733014,0.0114417890733014,0.0,0.0114417890733014,0.0,0.0,0.0,0.0114417890733014
2018-07-03,-0.019498728389182287,-0.022615882464615655,-0.022615882464615655,-0.022615882464615655,0.022615882464615655,-0.022615882464615655,-0.023115882464615656,-0.022615882464615655,-0.023115882464615656,0.0,0.0,-0.022615882464615655
2018-07-05,0.019272578919144245,0.022404574373282582,0.022404574373282582,-0.023404574373282583,-0.022404574373282582,0.022404574373282582,-0.0005,0.022404574373282582,-0.0005,0.0,0.0,0.022404574373282582
2018-07-06,0.009011854778081363,0.012082911401582352,0.012082911401582352,0.011082911401582352,-0.012082911401582352,0.012082911401582352,0.011582911401582352,0.012082911401582352,0.011582911401582352,0.0,0.0,0.012082911401582352
2018-07-09,0.007925469034816016,0.010561948066729165,0.010561948066729165,0.010561948066729165,-0.010561948066729165,0.010561948066729165,0.010561948066729165,0.010561948066729165,0.010561948066729165,0.0,0.0,0.010561948066729165
2018-07-10,-9.000418938195586e-05,-0.00011994489788103024,-0.00011994489788103024,-0.0008800551021189698,0.00011994489788103024,-0.00011994489788103024,-0.00011994489788103024,-0.00011994489788103024,-0.00011994489788103024,0.0,0.0,-0.00011994489788103024
2018-07-11,0.0027774992477100587,0.0037014595200388634,0.0037014595200388634,-0.0037014595200388634,-0.0037014595200388634,0.0037014595200388634,0.0037014595200388634,0.003701459520038863,0.0037014595200388634,0.0,0.0,0.0037014595200388634
2018-07-12,0.01908843349850618,0.02543837372914748,0.02543837372914748,0.024438373729147478,0.024438373729147474,0.02543837372914748,0.02543837372914748,0.02543837372914748,0.02543837372914748,0.0,0.02493837372914748,0.02543837372914748
2018-07-13,0.0019738924100001,0.0026305255918794845,0.0026305255918794845,-0.0036305255918794846,0.0026305255918794845,0.0026305255918794845,0.0026305255918794845,0.0026305255918794845,0.0026305255918794845,0.0,0.0026305255918794845,0.0026305255918794845
2018-07-16,-0.0049281141064573064,-0.00656749588329264,-0.00656749588329264,-0.00756749588329264,-0.00656749588329264,-0.00656749588329264,-0.00656749588329264,-0.00656749588329264,-0.00656749588329264,0.0,-0.00656749588329264,-0.00656749588329264
2018-07-17,0.010391742119749142,0.013848649223090481,0.013848649223090481,0.013848649223090481,0.01384864922309048,0.013848649223090481,0.013848649223090481,0.013848649223090481,0.013848649223090481,0.0,0.013848649223090481,0.013848649223090481
2018-07-18,-0.00010517470431995172,-0.00014016202196753813,-0.00014016202196753813,-0.0008598379780324619,-0.00014016202196753818,-0.00014016202196753813,-0.00014016202196753813,-0.00014016202196753813,-0.00014016202196753813,0.0,-0.00014016202196753813,-0.00014016202196753813
2018-07-19,-0.008543678383974318,-0.011385810353174652,-0.011385810353174652,0.011385810353174652,-0.011385810353174652,-0.011385810353174652,-0.011385810353174652,-0.011385810353174652,-0.011385810353174652,0.0,-0.011385810353174652,-0.011385810353174652
2018-07-20,-0.0007633988221073123,-0.0010173503521216931,-0.0010173503521216931,0.0010173503521216931,-0.001017350352121693,-0.0010173503521216931,-0.0010173503521216931,-0.0010173503521216931,-0.0005,0.0,-0.0010173503521216931,-0.0010173503521216931
2018-07-23,0.008218619453989833,0.010952617627035588,0.010952617627035588,-0.010952617627035588,0.010952617627035586,0.010952617627035588,0.010952617627035588,0.010952617627035588,0.0,0.0,0.010952617627035588,0.010952617627035588
2018-07-24,0.02921586333375474,0.038934784793205335,0.03893478479320533,-0.038934784793205335,0.038934784793205335,0.038934784793205335,0.038934784793205335,0.038934784793205335,0.038434784793205334,0.0,0.038934784793205335,0.038934784793205335
2018-07-25,0.008587252415603916,0.014139830447815527,0.014139830447815527,-0.014139830447815527,0.014139830447815527,0.014139830447815527,0.014139830447815527,0.014139830447815527,0.014139830447815527,0.0,0.014139830447815527,0.014139830447815527
2018-07-26,0.004586830676851355,0.0074924247496985785,0.0074924247496985785,-0.0074924247496985785,0.0074924247496985785,0.0074924247496985785,0.0074924247496985785,0.0074924247496985785,0.0074924247496985785,0.0,0.0074924247496985785,0.0074924247496985785
2018-07-27,-0.017403089566056507,-0.02536756015072439,-0.02536756015072439,0.02536756015072439,-0.02536756015072439,-0.02536756015072439,-0.02536756015072439,-0.02536756015072439,-0.02536756015072439,0.0,-0.02536756015072439,-0.02536756015072439
2018-07-30,-0.01248579613631564,-0.018237826187895823,-0.018237826187895823,0.018237826187895823,-0.01823782618789582,-0.018237826187895823,-0.018237826187895823,-0.018237826187895823,-0.0005,0.0,-0.018237826187895823,-0.018237826187895823
2018-07-31,-0.0014223459082448235,-0.0022926439407193744,-0.0022926439407193744,0.0022926439407193744,-0.002292643940719374,-0.0022926439407193744,-0.0022926439407193744,-0.002292643940719374,0.0,0.0,-0.0022926439407193744,-0.0022926439407193744
2018-08-01,0.0028327002553977672,0.0047016947651530305,0.0047016947651530305,-0.0047016947651530305,0.00470169476515303,0.0047016947651530305,0.0047016947651530305,0.0047016947651530305,0.0,0.0,0.0047016947651530305,0.0047016947651530305
2018-08-02,0.003977550946712032,0.0066019094073401785,0.0066019094073401785,0.0056019094073401785,0.0066019094073401785,0.0066019094073401785,0.0066019094073401785,0.0066019094073401785,0.0,0.0,0.0066019094073401785,0.0066019094073401785
2018-08-03,-0.0014418007757507592,-0.00239309017846967,-0.0023930901784696697,-0.00239309017846967,-0.00239309017846967,-0.00239309017846967,-0.00239309017846967,-0.00239309017846967,0.0,0.0,-0.00239309017846967,-0.00239309017846967
2018-08-06,-0.00030454879905598547,-0.00039561934257814624,-0.0003956193425781462,-0.0006043806574218538,-0.00039561934257814624,-0.00039561934257814624,-0.00039561934257814624,-0.00039561934257814624,0.0,0.0,-0.00039561934257814624,-0.00039561934257814624
2018-08-07,0.00992989875347704,0.014680649754107655,0.014680649754107655,-0.014680649754107655,0.014680649754107654,0.014680649754107655,0.014680649754107655,0.014680649754107655,0.014180649754107655,0.0,0.014680649754107655,0.014680649754107655
2018-08-08,0.0029569869410992124,0.004371695088486893,0.004371695088486893,0.0033716950884868932,0.004371695088486893,0.004371695088486893,0.004371695088486893,0.004371695088486893,0.004371695088486893,0.0,0.004371695088486893,0.004371695088486893
2018-08-09,0.0016784780698398563,0.0024815105647115754,0.0024815105647115754,0.0024815105647115754,0.0024815105647115754,0.0024815105647115754,0.0024815105647115754,0.0024815105647115754,0.0024815105647115754,0.0,0.0024815105647115754,0.0024815105647115754
2018-08-10,-0.006385520159861058,-0.009450773901727105,-0.009450773901727104,0.008450773901727104,-0.009450773901727105,-0.009450773901727105,-0.009450773901727105,-0.009450773901727105,-0.009450773901727105,0.0,-0.009450773901727105,-0.009450773901727105
2018-08-13,-0.0022056739663190213,-0.003089794166330484,-0.003089794166330484,-0.004089794166330484,-0.003089794166330484,-0.003089794166330484,-0.003089794166330484,-0.003089794166330484,-0.0005,0.0,-0.003089794166330484,-0.003089794166330484
2018-08-14,0.005370818251915007,0.007608341738416513,0.007608341738416513,0.007608341738416513,0.007608341738416513,0.007608341738416513,0.007608341738416513,0.007608341738416513,0.0,0.0,0.007608341738416513,0.007608341738416513
2018-08-15,-0.014642947699591301,-0.02060192890494905,-0.02060192890494905,-0.02060192890494905,-0.02060192890494905,-0.02060192890494905,-0.02060192890494905,-0.020601928904949048,-0.021101928904949052,0.0,-0.02060192890494905,-0.02060192890494905
2018-08-16,-0.004507109226912433,-0.00662215128155752,-0.00662215128155752,-0.00662215128155752,-0.00662215128155752,-0.00662215128155752,-0.0005,-0.00662215128155752,-0.0005,0.0,-0.00662215128155752,-0.00662215128155752
2018-08-17,-0.004520246186571188,-0.006707169340494201,-0.0067071693404942,-0.006707169340494201,-0.006707169340494201,-0.006707169340494201,0.0,-0.006707169340494201,0.0,0.0,-0.006707169340494201,-0.006707169340494201
2018-08-20,0.00341511655240699,0.005016991616844324,0.005016991616844324,0.005016991616844324,0.005016991616844324,0.005016991616844324,0.0,0.005016991616844324,0.0,0.0,-0.0005,0.005016991616844324
2018-08-21,-0.002528155687320324,-0.0037152684102220723,-0.003715268410222072,-0.0037152684102220723,-0.0037152684102220723,-0.0037152684102220723,0.0,-0.0037152684102220723,0.0,0.0,0.0,-0.0037152684102220723
2018-08-22,0.002448898461676668,0.0035649283881535876,0.0035649283881535876,0.0035649283881535876,0.0035649283881535876,0.0035649283881535876,0.0,0.0035649283881535876,0.0,0.0,0.0,0.0035649283881535876
2018-08-23,-0.0005348253150859076,-0.0004828963347254245,-0.0004828963347254245,-0.0004828963347254245,-0.0004828963347254245,-0.0004828963347254245,0.0,-0.0004828963347254245,0.0,0.0,0.0,-0.0004828963347254245
2018-08-24,0.012083340236729797,0.012766724274544394,0.012766724274544394,0.012766724274544394,0.012766724274544394,0.012766724274544394,0.0,0.012766724274544394,0.0,0.0,0.0,0.012766724274544394
2018-08-27,0.014500056313514592,0.015783127243804485,0.015783127243804485,0.015783127243804485,0.015783127243804485,0.015783127243804485,0.015283127243804484,0.01578312724380448,0.015283127243804484,0.0,0.0,0.015783127243804485
2018-08-28,-0.0083266422171453,-0.008286454345739713,-0.008286454345739713,-0.008286454345739713,-0.008286454345739713,-0.008286454345739713,-0.008286454345739713,-0.008286454345739713,-0.008286454345739713,0.0,0.0,-0.008286454345739713
2018-08-29,0.015082036812943622,0.015082036812943622,0.01508203681294362,0.015082036812943622,0.015082036812943622,0.015082036812943622,0.015082036812943622,0.015082036812943622,0.015082036812943622,0.0,0.0,0.015082036812943622
2018-08-30,-0.00807348361231941,-0.00807348361231941,-0.00807348361231941,-0.00807348361231941,-0.00807348361231941,-0.00807348361231941,-0.00807348361231941,-0.00807348361231941,-0.00807348361231941,0.0,-0.00857348361231941,-0.00807348361231941
2018-08-31,-0.01804790620505492,-0.01804790620505492,-0.01804790620505492,-0.01804790620505492,-0.01804790620505492,-0.01804790620505492,-0.01804790620505492,-0.01804790620505492,-0.01804790620505492,0.0,-0.01804790620505492,-0.01804790620505492
2018-09-04,-0.015500724722229499,-0.016634068672676916,-0.016634068672676916,0.015634068672676915,-0.016634068672676916,-0.016634068672676916,-0.0005,-0.016634068672676913,-0.0005,0.0,-0.016634068672676916,-0.016634068672676916
2018-09-05,-0.00887294869223693,-0.01008004086078862,-0.01008004086078862,-0.01108004086078862,-0.01008004086078862,-0.01008004086078862,0.0,-0.01008004086078862,0.0,0.0,-0.01008004086078862,-0.01008004086078862
2018-09-06,-0.010885499341765352,-0.012600984009966454,-0.012600984009966454,0.011600984009966453,-0.012600984009966454,-0.012600984009966454,0.0,-0.012600984009966454,0.0,-0.013100984009966454,-0.0005,-0.012600984009966454
2018-09-07,-0.004859244418598197,-0.005405659469067126,-0.005405659469067126,0.005405659469067126,-0.005405659469067126,-0.005405659469067126,0.0,-0.005405659469067125,0.0,-0.005405659469067126,0.0,-0.005405659469067126
2018-09-10,-0.0019510003134960792,-0.0021485373951459774,-0.0021485373951459774,0.0021485373951459774,-0.0021485373951459774,-0.0021485373951459774,0.0,-0.0021485373951459774,0.0,-0.0021485373951459774,0.0,-0.0021485373951459774
2018-09-11,0.011137421911293913,0.012705833094355024,0.012705833094355024,0.011705833094355023,-0.013705833094355024,0.012705833094355024,0.0,0.012705833094355024,0.0,0.012705833094355024,0.0,0.012705833094355024
2018-09-12,-0.013563318535721751,-0.015453858535895648,-0.015453858535895648,-0.015453858535895648,0.015453858535895648,-0.015453858535895648,0.0,-0.015453858535895648,-0.01595385853589565,-0.015453858535895648,0.0,-0.015453858535895648
2018-09-13,0.007895598209540299,0.00899613597256077,0.00899613597256077,0.00899613597256077,-0.00899613597256077,-0.009996135972560771,0.0,0.00899613597256077,-0.0005,0.00899613597256077,0.0,0.00899613597256077
2018-09-14,-0.0030884442299391117,-0.0035189308648749806,-0.0035189308648749806,-0.0035189308648749806,0.0035189308648749806,0.0035189308648749806,0.0,-0.0035189308648749806,-0.004018930864874981,-0.0035189308648749806,0.0030189308648749806,-0.0035189308648749806
2018-09-17,-0.013522791675130697,-0.015407682788505461,-0.015407682788505461,-0.015407682788505461,0.015407682788505461,0.015407682788505461,0.0,-0.015407682788505461,-0.0005,-0.015407682788505461,0.015407682788505461,-0.015407682788505461
2018-09-18,0.005508871581365603,-0.0005,0.006276732488927683,-0.007276732488927683,-0.006276732488927683,-0.006276732488927683,0.0,0.006276732488927683,0.0,0.006276732488927683,-0.006276732488927683,0.006276732488927683
2018-09-19,0.005384271971175643,0.0056347654073147235,0.006134765407314724,0.005134765407314724,-0.006134765407314724,-0.006134765407314724,0.0,0.006134765407314723,0.0,0.006134765407314724,-0.006134765407314724,0.006134765407314724
2018-09-20,0.012930283543955975,0.014732587175553036,0.014732587175553036,0.014732587175553036,-0.014732587175553036,-0.014732587175553036,0.0,0.014732587175553036,0.014232587175553035,0.014732587175553036,-0.014732587175553036,0.014732587175553036
2018-09-21,-0.01432623003831527,-0.016323109405838476,-0.016323109405838476,-0.016323109405838476,0.016323109405838476,0.016323109405838476,0.0,-0.016323109405838476,-0.016323109405838476,-0.016323109405838476,0.016323109405838476,-0.016323109405838476
2018-09-24,0.004947894025160072,0.006347640538480803,0.006347640538480803,0.006347640538480803,-0.006347640538480803,-0.006347640538480803,0.0,0.006347640538480803,-0.0005,0.006347640538480803,-0.006347640538480803,0.006347640538480803
2018-09-25,0.009556731377585928,0.0121485762886544,0.0121485762886544,0.0121485762886544,-0.0121485762886544,-0.0121485762886544,0.0,0.0121485762886544,0.0116485762886544,0.0121485762886544,-0.0121485762886544,0.0121485762886544
2018-09-26,0.0001119298910524866,0.00014228597275645072,0.00014228597275645072,0.00014228597275645072,-0.00014228597275645072,-0.00014228597275645072,-0.0003577140272435493,0.00014228597275645072,0.00014228597275645072,0.00014228597275645072,-0.00014228597275645072,0.00014228597275645072
2018-09-27,0.008762148645013377,0.011138497783471646,0.011138497783471646,0.011138497783471646,-0.011138497783471644,-0.011138497783471646,0.011138497783471646,0.011138497783471646,0.011138497783471646,0.011138497783471646,-0.011138497783471646,0.011138497783471646
2018-09-28,-0.0001824458575370036,-0.00023192630736024178,-0.00023192630736024178,-0.00023192630736024178,0.00023192630736024172,0.00023192630736024178,-0.00023192630736024178,-0.00023192630736024178,-0.00023192630736024178,-0.0005,0.00023192630736024178,-0.00023192630736024178
2018-10-01,0.0009449958351832831,0.0012012845755098311,0.0012012845755098311,0.0012012845755098311,-0.0012012845755098311,-0.0012012845755098311,0.0012012845755098311,0.0012012845755098311,0.0012012845755098311,0.0,-0.0005,0.0012012845755098311
2018-10-02,-0.0005793235400563647,-0.0007364396825775277,-0.0007364396825775277,-0.0007364396825775277,0.0007364396825775277,0.0007364396825775277,-0.0007364396825775277,-0.0007364396825775277,-0.0007364396825775277,0.0,0.0,-0.0007364396825775277
2018-10-03,0.0028677305487191133,0.003221230804628883,0.003221230804628883,0.003221230804628883,-0.003221230804628883,-0.003221230804628883,0.003221230804628883,0.0032212308046288825,-0.0005,0.0,0.0,0.003221230804628883
2018-10-04,-0.025863479385393455,-0.02844342144427059,-0.02844342144427059,-0.02844342144427059,0.02844342144427059,0.02844342144427059,-0.02844342144427059,-0.02844342144427059,-0.02894342144427059,0.0,0.0,-0.02844342144427059
2018-10-05,-0.007138027546492043,-0.0005,-0.007850062350866382,-0.007850062350866382,0.007850062350866382,0.007850062350866382,-0.0005,-0.00785006235086638,-0.0005,0.0,0.0,-0.007850062350866382
2018-10-08,-0.009273322238212268,0.0,-0.010198357640888831,-0.010198357640888833,0.010198357640888833,0.010198357640888833,0.0,-0.010198357640888831,0.0,0.0,0.0,-0.010198357640888833
2018-10-09,-0.008456407541060747,0.0,-0.009299953807867745,0.008299953807867744,0.009299953807867745,0.009299953807867745,0.0,-0.009299953807867745,0.0,0.0,0.008799953807867744,-0.009299953807867745
2018-10-10,-0.04633537213402731,0.0,-0.04629001995893944,-0.047290019958939444,-0.047290019958939444,0.04629001995893944,0.0,-0.04629001995893944,0.0,0.0,0.04629001995893944,-0.04629001995893944
2018-10-11,-0.001185468662293811,0.0,-0.001300271894252969,-0.001300271894252969,0.00030027189425296894,0.001300271894252969,0.0,-0.001300271894252969,0.0,-0.001800271894252969,0.001300271894252969,-0.001300271894252969
2018-10-12,0.023766450901204886,0.0,0.027320937499338394,0.027320937499338394,-0.027320937499338394,-0.027320937499338394,0.0,0.027320937499338394,0.0,0.027320937499338394,-0.027320937499338394,0.027320937499338394
2018-10-15,-0.012953794760070471,0.0,-0.01615291661274465,0.015152916612744649,0.01615291661274465,0.01615291661274465,0.0,-0.01615291661274465,-0.01665291661274465,-0.01615291661274465,0.01615291661274465,-0.01615291661274465
2018-10-16,0.021829192973388405,0.0,0.027792910889466112,0.026792910889466115,-0.027792910889466116,-0.027792910889466116,0.0,0.027792910889466116,-0.0005,0.027792910889466116,-0.027792910889466116,0.027792910889466116
2018-10-17,-0.003593617620274584,0.0,-0.004845196363392312,-0.004845196363392312,0.004845196363392312,0.004845196363392312,0.0,-0.004845196363392312,-0.005345196363392313,-0.004845196363392312,0.004845196363392312,-0.004845196363392312
2018-10-18,-0.019462806721827194,0.0,-0.026321591661668805,-0.02632159166166881,0.02632159166166881,0.02632159166166881,0.0,-0.02632159166166881,-0.02632159166166881,-0.02632159166166881,0.02632159166166881,-0.02632159166166881
2018-10-19,0.004679686056248821,0.0,0.006621544353059949,0.006621544353059949,-0.006621544353059949,-0.006621544353059949,0.0,0.006621544353059949,-0.0005,0.006621544353059949,-0.006621544353059949,0.006621544353059949
2018-10-22,0.004037697422013091,0.0,0.005601005230771339,0.005601005230771339,-0.005601005230771339,-0.005601005230771339,0.0,0.005601005230771339,0.0,0.005601005230771339,-0.005601005230771339,0.005601005230771339
2018-10-23,0.0023171279363783923,0.0,0.003185072896054075,0.0031850728960540753,-0.0031850728960540753,-0.0031850728960540753,0.0,0.003185072896054075,0.0,0.0031850728960540753,-0.0031850728960540753,0.0031850728960540753
2018-10-24,-0.03790792168219443,0.0,-0.05183368479116712,-0.05183368479116712,0.05183368479116712,0.05183368479116712,0.0,-0.05183368479116712,-0.05233368479116712,-0.05183368479116712,0.05183368479116712,-0.05183368479116712
2018-10-25,0.027719536139806666,0.0,0.04395919965335904,0.04395919965335904,-0.04395919965335904,-0.04395919965335904,0.0,0.04395919965335904,-0.0005,0.04395919965335904,-0.04395919965335904,0.04395919965335904
2018-10-26,-0.010025794764755933,0.0,-0.01797788355692931,-0.01797788355692931,0.01797788355692931,0.01797788355692931,0.0,-0.01797788355692931,-0.01847788355692931,-0.01797788355692931,0.01797788355692931,-0.01797788355692931
2018-10-29,-0.025184474645592547,0.0,-0.045231790313616904,-0.045231790313616904,0.045231790313616904,0.045231790313616904,0.0,-0.045231790313616904,-0.0005,-0.045231790313616904,0.045231790313616904,-0.045231790313616904
2018-10-30,0.007405972036799426,0.0,0.014284016136624444,0.014284016136624444,-0.014284016136624444,-0.014284016136624444,0.0,0.014284016136624444,0.0,0.014284016136624444,-0.014284016136624444,0.014284016136624444
2018-10-31,0.020016281567951714,0.0,0.039132523680750264,0.039132523680750264,-0.039132523680750264,-0.039132523680750264,0.0,0.039132523680750264,0.0,0.039132523680750264,-0.039132523680750264,0.039132523680750264
2018-11-01,-0.00202028558127901,0.0,-0.004217925963023616,-0.0042179259630236166,0.0042179259630236166,0.0042179259630236166,0.0,-0.0042179259630236166,-0.004717925963023617,-0.0042179259630236166,0.0042179259630236166,-0.0042179259630236166
2018-11-02,-0.006346818185618323,0.0,-0.013342642725246767,-0.013342642725246767,0.013342642725246767,0.013342642725246767,0.0,-0.013342642725246767,-0.013342642725246767,-0.013342642725246767,0.013342642725246767,-0.013342642725246767
2018-11-05,-0.0071271013617476625,0.0,-0.01470864060441368,-0.01470864060441368,0.01470864060441368,0.01470864060441368,0.0,-0.01470864060441368,-0.01470864060441368,-0.01470864060441368,0.01470864060441368,-0.01470864060441368
2018-11-06,0.00632517636357902,0.0,0.013109395050656447,0.013109395050656447,-0.013109395050656447,-0.013109395050656447,0.0,0.013109395050656447,-0.0005,0.013109395050656447,-0.013109395050656447,0.013109395050656447
2018-11-07,0.017286580551341184,0.0,0.036154751238679284,0.036154751238679284,-0.036154751238679284,-0.036154751238679284,0.0,0.036154751238679284,0.03565475123867928,0.036154751238679284,-0.036154751238679284,0.036154751238679284
2018-11-08,-0.005603446719166344,0.0,-0.012280727707830617,-0.012280727707830619,0.012280727707830617,0.012280727707830619,-0.01278072770783062,-0.012280727707830619,-0.012280727707830619,-0.012280727707830619,0.012280727707830619,-0.012280727707830619
2018-11-09,-0.007862687477929994,0.0,-0.01608755237694104,-0.01608755237694104,-0.01708755237694104,0.01608755237694104,-0.01608755237694104,-0.01608755237694104,-0.01608755237694104,-0.01608755237694104,0.01608755237694104,-0.01608755237694104
2018-11-12,-0.012408511670623566,0.0,-0.025682140656496433,-0.025682140656496433,-0.025682140656496433,0.025682140656496433,0.024682140656496432,-0.025682140656496433,0.024682140656496432,-0.025682140656496433,-0.0005,-0.025682140656496433
2018-11-13,-0.000648026548357636,0.0,-0.0013244794118157932,-0.0013244794118157932,-0.0013244794118157932,0.0013244794118157932,0.0013244794118157932,-0.001324479411815793,0.0013244794118157932,-0.0013244794118157932,0.0008244794118157932,-0.0013244794118157932
2018-11-14,0.003095218197376096,0.0,0.006307277794327825,0.006307277794327826,0.006307277794327826,-0.006307277794327826,-0.006307277794327826,0.006307277794327826,-0.006307277794327826,0.006307277794327826,-0.006307277794327826,0.006307277794327826
2018-11-15,0.007918625371378786,0.0,0.015617652277382987,0.015617652277382987,-0.016617652277382985,-0.015617652277382987,-0.015617652277382987,0.015617652277382987,-0.015617652277382987,0.015617652277382987,-0.015617652277382987,0.015617652277382987
2018-11-16,-0.0013035033447085624,0.0,-0.002595529827428944,-0.002595529827428944,0.0025955298274289436,0.002595529827428944,0.002595529827428944,-0.002595529827428944,-0.003595529827428944,-0.002595529827428944,0.002595529827428944,-0.002595529827428944
2018-11-19,-0.01964184070469303,0.0,-0.03823938982175967,-0.03823938982175967,0.038239389821759666,0.03823938982175967,0.03823938982175967,-0.03823938982175967,-0.03823938982175967,-0.03823938982175967,0.03823938982175967,-0.03823938982175967
2018-11-20,0.001430150427231054,0.0,-0.0005,-0.003949078372741054,0.001949078372741054,-0.002949078372741054,-0.002949078372741054,-0.003949078372741054,-0.003949078372741054,0.002949078372741054,-0.002949078372741054,0.002949078372741054
2018-11-21,0.006169609942038862,0.0,0.0,-0.01259642969693675,0.01259642969693675,-0.01259642969693675,-0.01259642969693675,-0.01259642969693675,-0.01259642969693675,0.01259642969693675,-0.01259642969693675,0.01259642969693675
2018-11-23,-0.006211290310243547,0.0,0.0,-0.013775224750758652,0.01177522475075865,0.012775224750758651,0.012775224750758651,0.012775224750758651,-0.013775224750758652,-0.012775224750758651,0.012775224750758651,-0.012775224750758651
2018-11-26,0.013413096471606947,0.0,0.0,0.02508507960252726,0.02408507960252726,-0.02508507960252726,-0.02508507960252726,-0.02508507960252726,-0.02608507960252726,0.02508507960252726,-0.02508507960252726,0.02508507960252726
2018-11-27,-0.0020004602916135522,0.0,0.0,-0.003466199958159555,0.0024661999581595544,0.003466199958159555,0.003466199958159555,0.003466199958159555,-0.004466199958159555,-0.003466199958159555,0.003466199958159555,-0.003466199958159555
2018-11-28,0.0217711400402872,0.0,0.0,0.03754713003625576,-0.03754713003625575,-0.03754713003625576,-0.03754713003625576,-0.03754713003625576,0.03754713003625576,0.03754713003625576,-0.03754713003625576,0.03754713003625576
2018-11-29,0.0015336164867133743,0.0,0.002055389028316979,-0.003555389028316979,-0.0025553890283169785,-0.002555389028316979,0.0015553890283169789,0.0015553890283169789,0.002555389028316979,-0.003555389028316979,-0.0005,0.002555389028316979
2018-11-30,0.008395650880763997,0.0,0.01376781020450357,0.012767810204503571,-0.01376781020450357,-0.013767810204503572,0.013767810204503572,0.013767810204503572,0.013767810204503572,-0.013767810204503572,0.0,0.013767810204503572
2018-12-03,0.003970109573919866,0.0,0.00604700050337903,-0.00704700050337903,-0.006047000503379029,-0.00604700050337903,0.00604700050337903,0.00604700050337903,0.00604700050337903,-0.00604700050337903,0.0,0.00604700050337903
2018-12-04,-0.03191069199536966,0.0,-0.048272839306479846,0.04827283930647985,0.04827283930647985,0.04827283930647985,-0.04827283930647985,-0.04827283930647985,-0.04827283930647985,0.04827283930647985,0.0,-0.04827283930647985
2018-12-06,0.008468823049914712,0.0,0.014692099725513774,-0.014692099725513774,0.013692099725513773,-0.014692099725513774,-0.015692099725513775,0.014692099725513774,-0.015692099725513775,-0.014692099725513774,0.0,0.014692099725513774
2018-12-07,-0.01695211770230104,0.0,-0.029218615786925636,0.02921861578692564,-0.02921861578692564,0.02921861578692564,-0.03021861578692564,-0.02921861578692564,0.02921861578692564,0.02921861578692564,0.0,-0.02921861578692564
2018-12-10,0.003519737780167962,0.0,0.006306167498886683,-0.006306167498886683,0.006306167498886683,-0.006306167498886683,-0.007306167498886683,0.006306167498886683,-0.006306167498886683,-0.006306167498886683,-0.006806167498886684,0.006306167498886683
2018-12-11,0.003573700200831103,0.0,-0.0005,0.007042294508821879,0.008042294508821879,-0.008042294508821879,-0.0005,-0.009042294508821876,-0.0005,-0.008042294508821879,-0.008042294508821879,0.008042294508821879
2018-12-12,0.005137479637807341,0.0,0.0,0.011378491610897212,-0.012378491610897213,-0.011378491610897212,0.0,-0.011378491610897212,0.010878491610897212,-0.011378491610897212,-0.011378491610897212,0.011378491610897212
2018-12-13,-8.158765221236741e-05,0.0,0.0,-0.0001769188816891365,0.0001769188816891365,0.0001769188816891365,0.0,0.0001769188816891365,-0.0001769188816891365,0.0001769188816891365,0.0001769188816891365,-0.0001769188816891365
2018-12-14,-0.009635974254379731,0.0,0.0,-0.020334573514199206,-0.021334573514199207,0.020334573514199206,0.0,0.020334573514199206,-0.020334573514199206,0.020334573514199206,-0.0005,-0.020334573514199206
2018-12-17,-0.01142328929285563,0.0,0.0,-0.02477866171031473,-0.02477866171031473,0.02477866171031473,0.0,0.02477866171031473,-0.0005,0.02477866171031473,0.0,-0.02477866171031473
2018-12-18,0.007721911656826557,0.0,0.0,-0.018315783082964,0.017315783082963998,-0.017315783082963998,0.0,-0.017315783082963998,0.0,0.016315783082963997,-0.017815783082964,0.017315783082963998
2018-12-19,-0.003390426793494623,0.0,0.0,0.007619221009415811,0.006619221009415811,0.007619221009415811,0.0,0.007619221009415811,0.0,-0.007619221009415811,0.007619221009415811,-0.007619221009415811
2018-12-20,-0.005093495159298236,0.0,0.0,0.011473093156886827,-0.012473093156886828,0.011473093156886827,0.0,0.011473093156886825,0.0,-0.011473093156886827,0.011473093156886827,-0.011473093156886827
2018-12-21,-0.015164542595638531,0.0,0.0,0.03158534942946678,-0.03158534942946678,0.03158534942946678,0.0,0.03158534942946678,0.0,-0.03158534942946678,0.03158534942946678,-0.03158534942946678
2018-12-24,-0.003020978094360515,0.0,0.0,-0.007638057336067815,-0.006638057336067815,0.006638057336067815,0.0,0.006638057336067815,0.0,-0.006638057336067815,0.006638057336067815,-0.006638057336067815
2018-12-26,0.029402402917290568,0.0,0.0,0.0641639155811431,0.0641639155811431,-0.0641639155811431,0.0,-0.0641639155811431,0.0,0.0641639155811431,-0.0641639155811431,0.0641639155811431
2018-12-27,0.0017759406433327397,0.0,0.0,0.004819201174819376,-0.005819201174819376,-0.004819201174819376,0.0,-0.0048192011748193755,0.004319201174819376,0.004819201174819376,-0.004819201174819376,0.004819201174819376
2018-12-28,-0.002284658384746626,0.0,0.0,-0.0059075503568390975,0.0059075503568390975,0.0059075503568390975,0.0,0.005907550356839097,-0.0059075503568390975,-0.0059075503568390975,0.0059075503568390975,-0.0059075503568390975
2018-12-31,-0.0006338289628156389,0.0,0.0,-0.001643273949416213,0.001643273949416213,0.001643273949416213,0.0,0.001643273949416213,-0.001643273949416213,-0.001643273949416213,0.001643273949416213,-0.001643273949416213
2019-01-02,0.003817071790085835,0.0,0.0,0.00930184971151915,0.00830184971151915,-0.00930184971151915,0.0,-0.00930184971151915,0.00930184971151915,0.00930184971151915,-0.00930184971151915,0.00930184971151915
2019-01-03,-0.011349889062429706,0.0,0.0,-0.027695659154600705,0.026695659154600704,0.027695659154600705,0.0,0.0276956591546007,-0.027695659154600705,-0.027695659154600705,-0.0005,-0.027695659154600705
2019-01-04,0.020658800966584304,0.0,0.0,-0.052293550662344424,0.05029355066234442,-0.05129355066234442,0.0,-0.05129355066234442,-0.0005,0.05129355066234442,-0.05179355066234442,0.05129355066234442
2019-01-07,-0.000738584413193289,0.0,0.0,0.0019942480095717086,0.0009942480095717085,0.0019942480095717086,-0.0024942480095717086,0.0019942480095717086,-0.0024942480095717086,0.0009942480095717085,-0.0005,-0.0019942480095717086
2019-01-08,0.003441982185826593,0.0,0.0,-0.008783225487986712,-0.008783225487986712,-0.008783225487986712,0.008783225487986712,-0.008783225487986712,0.008783225487986712,-0.008783225487986712,0.0,0.008783225487986712
2019-01-09,-0.0013586720870784072,0.0,0.0,0.003427457029137715,0.003427457029137715,0.003427457029137715,-0.003427457029137715,0.003427457029137715,-0.003427457029137715,0.003427457029137715,0.0,-0.003427457029137715
2019-01-10,-0.0010846057458146193,0.0,0.0,-0.0036070972078577892,-0.0036070972078577892,0.002607097207857789,-0.002607097207857789,0.002607097207857789,-0.002607097207857789,0.002607097207857789,0.0,-0.002607097207857789
2019-01-11,-0.00744312482898922,0.0,0.0,0.012310709918560425,-0.013310709918560424,0.013310709918560426,-0.013310709918560426,0.013310709918560426,-0.0005,0.013310709918560426,0.0,-0.013310709918560426
2019-01-14,-0.006743605985713715,0.0,0.0,-0.013175124182983833,-0.01217512418298383,0.012175124182983832,-0.012175124182983832,0.012175124182983832,0.0,0.012175124182983832,0.0,-0.012175124182983832
2019-01-15,0.018436289444856313,0.0,0.0,-0.0005,0.03328547277822657,-0.03328547277822658,-0.0005,-0.03328547277822658,0.0,-0.03328547277822658,0.0,0.03328547277822658
2019-01-16,0.0015293482997866554,0.0,0.0,-0.003261134845123525,-0.003761134845123525,-0.002761134845123525,0.002261134845123525,-0.002761134845123525,0.002261134845123525,-0.002761134845123525,0.0,0.002761134845123525
2019-01-17,0.0048855572342869046,0.0,0.0,-0.008820542919697694,-0.008820542919697694,-0.008820542919697694,0.008820542919697694,-0.008820542919697694,0.008820542919697694,-0.008820542919697694,0.0,0.008820542919697694
2019-01-18,0.0041221979324965055,0.0,0.0,-0.007442349366393541,-0.007442349366393541,-0.007442349366393541,0.007442349366393541,-0.007442349366393541,0.007442349366393541,-0.007442349366393541,0.0,0.007442349366393541
2019-01-22,-0.014341188585815129,0.0,0.0,0.025892045343958503,0.025892045343958503,-0.026892045343958504,-0.025892045343958503,0.025892045343958503,-0.025892045343958503,0.025892045343958503,0.0,-0.025892045343958503
2019-01-23,0.0029681595304534513,0.0,0.0,-0.005358811139727804,0.004358811139727804,0.005358811139727804,0.005358811139727804,-0.005358811139727803,-0.0005,-0.005358811139727804,0.0,0.005358811139727804
2019-01-24,-0.00020934806839698256,0.0,0.0,0.0003779637682866932,-0.0006220362317133068,-0.0003779637682866932,-0.0003779637682866932,0.00037796376828669315,0.0,0.0003779637682866932,-0.0008779637682866932,-0.0003779637682866932
2019-01-25,0.00894688833831508,0.0,0.0,-0.016153001346911777,-0.016153001346911777,0.016153001346911777,0.016153001346911777,-0.016153001346911777,0.0,-0.016153001346911777,0.016153001346911777,0.016153001346911777
2019-01-28,-0.010886509145715236,0.0,0.0,-0.0005,0.01965485543625578,-0.01965485543625578,-0.01965485543625578,0.01965485543625578,-0.02015485543625578,0.01965485543625578,-0.01965485543625578,-0.01965485543625578
2019-01-29,-0.005026613104720903,0.0,0.0,-0.009575209746750024,-0.010075209746750025,-0.009075209746750024,-0.009075209746750024,0.009075209746750024,-0.0005,0.009075209746750024,-0.009075209746750024,-0.009075209746750024
2019-01-30,0.014457054068422081,0.0,0.0,0.026101232630737936,0.026101232630737936,0.026101232630737936,0.026101232630737936,-0.026101232630737936,0.0,-0.026101232630737936,0.026101232630737936,0.026101232630737936
2019-01-31,0.014074201745200235,0.02491001867356951,0.0,-0.026410018673569513,-0.026410018673569513,0.025410018673569512,0.025410018673569512,-0.025410018673569512,0.02491001867356951,-0.025410018673569512,0.025410018673569512,0.025410018673569512
2019-02-01,-0.003576423347115855,-0.006456990291886067,0.0,0.006456990291886067,0.006456990291886067,-0.006456990291886067,-0.006456990291886067,0.006456990291886067,-0.006456990291886067,0.006456990291886067,-0.006456990291886067,-0.006456990291886067
2019-02-04,0.01128934642514204,0.02038215087922013,0.0,-0.0005,0.019382150879220128,0.02038215087922013,0.02038215087922013,-0.020382150879220125,0.02038215087922013,-0.02038215087922013,0.02038215087922013,0.02038215087922013
2019-02-05,0.0056002825649268916,0.009155306067896385,0.0,0.0,-0.010155306067896382,0.009155306067896385,0.009155306067896385,-0.009155306067896385,0.009155306067896385,-0.009155306067896385,0.009155306067896385,0.009155306067896385
2019-02-06,-0.015473788964190693,-0.025159085233761647,-0.025659085233761644,0.0,0.025159085233761647,-0.025159085233761647,-0.025159085233761647,0.025159085233761647,-0.025159085233761647,0.025159085233761647,-0.025159085233761647,-0.025159085233761647
2019-02-07,-0.009300283542449193,-0.015121482326282187,-0.015121482326282187,-0.015621482326282188,-0.016121482326282188,-0.015121482326282187,-0.015121482326282187,0.015121482326282187,-0.0005,0.015121482326282187,-0.015121482326282187,-0.015121482326282187
2019-02-08,-0.001963260716015992,-0.003192097540211325,-0.003192097540211325,-0.003192097540211325,-0.003192097540211325,-0.003192097540211325,-0.003192097540211325,0.003192097540211325,0.0,0.003192097540211325,-0.003192097540211325,-0.003192097540211325
2019-02-11,-0.00014510513023638534,-0.0002359287920962183,-0.0002359287920962183,-0.0002359287920962183,-0.0002359287920962183,-0.0002359287920962183,-0.0002359287920962183,0.0002359287920962183,0.0,0.0002359287920962183,-0.0002359287920962183,-0.0002359287920962183
2019-02-12,0.014207980560655411,0.0231009867558869,-0.0005,0.0231009867558869,0.0231009867558869,0.0231009867558869,0.0231009867558869,-0.0231009867558869,0.0,-0.0231009867558869,0.0231009867558869,0.0231009867558869
2019-02-13,0.0005726967988735841,0.0009311570430039495,0.0,-0.0005,0.0009311570430039495,0.0009311570430039495,0.0009311570430039495,-0.0009311570430039495,0.0004311570430039495,-0.0009311570430039495,0.0009311570430039495,0.0009311570430039495
2019-02-14,0.00031064047826842323,0.0005050754077038366,0.0,0.0,0.0005050754077038366,0.0005050754077038366,0.0005050754077038366,-0.0005050754077038366,0.0005050754077038366,-0.0005050754077038366,0.0005050754077038366,0.0005050754077038366
2019-02-15,-0.005212444636003646,-0.008474998539592549,0.0,-0.008974998539592549,-0.008474998539592549,-0.008474998539592549,-0.008474998539592549,0.008474998539592547,-0.008474998539592549,0.008474998539592549,-0.008474998539592549,-0.008474998539592549
2019-02-19,0.003779340464374883,0.006144891150490439,0.0,0.006144891150490439,0.006144891150490439,0.006144891150490439,0.006144891150490439,-0.006144891150490439,-0.0005,-0.006144891150490439,0.006144891150490439,0.006144891150490439
2019-02-20,-0.00323218525327409,-0.005255262590605159,0.0,-0.005255262590605159,-0.005255262590605159,-0.005255262590605159,-0.005255262590605159,0.005255262590605159,-0.005755262590605159,0.005255262590605159,-0.005255262590605159,-0.005255262590605159
2019-02-21,-0.008990154316814773,-0.014617238172554003,0.0,-0.014617238172554003,-0.014617238172554003,-0.014617238172554003,-0.014617238172554003,0.014617238172554003,-0.0005,0.014617238172554003,-0.014617238172554003,-0.014617238172554003
2019-02-22,0.006878905933458699,0.01118452507627099,0.0,0.01118452507627099,0.01118452507627099,0.01118452507627099,0.01118452507627099,-0.011184525076270989,0.0,-0.01118452507627099,0.01118452507627099,0.01118452507627099
2019-02-25,0.0004241056809913646,0.0006895603268777251,0.0,0.0006895603268777251,0.0006895603268777251,0.0006895603268777251,0.0006895603268777251,-0.0006895603268777252,0.00018956032687772505,-0.0006895603268777251,0.0006895603268777251,0.0006895603268777251
2019-02-26,0.0025760552560104917,0.004188450152889711,0.0,0.004188450152889711,0.004188450152889711,0.004188450152889711,0.004188450152889711,-0.004188450152889711,0.004188450152889711,-0.004188450152889711,0.004188450152889711,0.004188450152889711
2019-02-27,0.00048242234794874353,0.0007843783444896335,0.0,-0.0005,0.0007843783444896335,0.0007843783444896335,0.0007843783444896335,-0.0007843783444896335,0.0007843783444896335,-0.0007843783444896335,-0.0005,0.0007843783444896335
2019-02-28,0.0020046952766624372,0.003259466666502231,0.0,0.002759466666502231,0.003259466666502231,0.003259466666502231,0.003259466666502231,-0.0032594666665022305,0.003259466666502231,-0.003259466666502231,0.0,0.003259466666502231
2019-03-01,0.011994514431113568,0.019502076163008697,0.0,0.019502076163008697,0.019502076163008697,0.019502076163008697,0.019502076163008697,-0.019502076163008697,0.019502076163008697,-0.019502076163008697,0.0,0.019502076163008697
2019-03-04,0.002623981615603125,0.004266374400708095,0.0,-0.005266374400708095,-0.005266374400708095,0.004266374400708095,0.004266374400708095,-0.004266374400708095,0.004266374400708095,-0.004266374400708095,0.003766374400708095,0.004266374400708095
2019-03-05,0.009261049134629275,0.013672329353636936,0.0,-0.013672329353636936,-0.013672329353636936,0.013672329353636936,0.013672329353636936,-0.013672329353636934,0.013672329353636936,-0.013672329353636936,0.013672329353636936,0.013672329353636936
2019-03-06,-0.0024707890062399206,-0.003634996000358881,0.0,0.003634996000358881,0.003634996000358881,-0.003634996000358881,-0.003634996000358881,0.003634996000358881,-0.003634996000358881,0.003634996000358881,-0.003634996000358881,-0.003634996000358881
2019-03-07,-0.00822117416880003,-0.01209489565736721,0.0,-0.013094895657367212,0.01209489565736721,-0.01209489565736721,-0.01209489565736721,0.01209489565736721,-0.01209489565736721,0.01209489565736721,-0.01209489565736721,-0.01209489565736721
2019-03-08,-0.000519844187989176,-0.0007647887129893505,0.0,-0.0005,0.0007647887129893505,-0.0007647887129893505,-0.0007647887129893505,0.0007647887129893505,-0.0005,0.0007647887129893505,-0.0007647887129893505,-0.0007647887129893505
2019-03-11,0.017312664061019657,0.02547018966752379,0.0,0.0,-0.02547018966752379,0.02547018966752379,0.02547018966752379,-0.02547018966752379,0.0,-0.02547018966752379,0.02547018966752379,0.02547018966752379
2019-03-12,0.01036934735708734,0.015255263024949839,0.0,0.014755263024949838,-0.015255263024949839,0.015255263024949839,0.015255263024949839,-0.015255263024949839,0.014755263024949838,-0.015255263024949839,0.015255263024949839,0.015255263024949839
2019-03-13,0.0010276245154972265,0.0015118292149873813,0.0010118292149873813,-0.0025118292149873813,-0.0015118292149873813,0.0015118292149873813,0.0015118292149873813,0.0005118292149873813,0.0015118292149873813,-0.0015118292149873813,0.0015118292149873813,0.0015118292149873813
2019-03-14,-0.0056061525157110855,-0.005446013825874285,-0.005446013825874285,-0.0005,0.005446013825874284,-0.005446013825874285,-0.005446013825874285,-0.005446013825874285,-0.005446013825874285,0.005446013825874285,-0.005446013825874285,-0.005446013825874285
2019-03-15,-0.0018697706576449313,-0.0018697706576449313,-0.0018697706576449313,-0.0023697706576449313,0.0018697706576449313,-0.0018697706576449313,-0.0018697706576449313,-0.0018697706576449313,-0.0005,0.0018697706576449313,-0.0018697706576449313,-0.0018697706576449313
2019-03-18,-0.0014702178393889431,-0.0014702178393889431,-0.0014702178393889431,0.0004702178393889431,0.0014702178393889431,-0.0014702178393889431,-0.0014702178393889431,-0.0014702178393889431,0.0,0.0014702178393889431,-0.0014702178393889431,-0.0014702178393889431
2019-03-19,0.01170329134102932,0.01170329134102932,0.01170329134102932,0.01070329134102932,-0.01170329134102932,0.01170329134102932,0.01170329134102932,0.01170329134102932,0.0,-0.01170329134102932,0.01170329134102932,0.01170329134102932
2019-03-20,0.019934059886097755,0.019934059886097755,0.019934059886097755,0.019934059886097755,-0.01993405988609775,0.019934059886097755,0.019934059886097755,0.019934059886097755,0.019434059886097754,-0.019934059886097755,0.019934059886097755,0.019934059886097755
2019-03-21,0.007909237321930052,0.007909237321930052,0.007909237321930052,-0.0005,-0.00790923732193005,0.007909237321930052,0.007909237321930052,0.007909237321930052,0.007909237321930052,-0.007909237321930052,0.007909237321930052,0.007909237321930052
2019-03-22,-0.023039642217168588,-0.023039642217168588,-0.023039642217168588,0.0,0.023039642217168584,-0.023039642217168588,-0.023039642217168588,-0.023039642217168588,-0.023039642217168588,0.023039642217168588,-0.023039642217168588,-0.023039642217168588
2019-03-25,-0.008504258757895067,-0.008504258757895067,-0.008504258757895067,-0.009004258757895067,0.008504258757895067,-0.008504258757895067,-0.008504258757895067,-0.008504258757895067,-0.0005,0.008504258757895067,-0.008504258757895067,-0.008504258757895067
2019-03-26,-0.006296975975607633,-0.006296975975607633,-0.006296975975607633,-0.0005,0.006296975975607633,-0.006296975975607633,-0.006296975975607633,-0.006296975975607633,0.0,0.006296975975607633,-0.006296975975607633,-0.006296975975607633
2019-03-27,-0.009942556790166757,-0.009942556790166757,-0.009942556790166757,0.0,0.009942556790166757,-0.009942556790166757,-0.009942556790166757,-0.009942556790166757,0.0,0.009942556790166757,-0.009942556790166757,-0.009942556790166757
2019-03-28,-0.004872620192147514,-0.004872620192147514,-0.004872620192147514,0.0,0.004872620192147514,-0.004872620192147514,-0.004872620192147514,-0.004872620192147514,0.0,-0.005872620192147514,-0.004872620192147514,-0.004872620192147514
2019-03-29,0.003941201282090301,0.003941201282090301,0.003941201282090301,0.0,-0.003941201282090301,0.003941201282090301,0.003941201282090301,0.003941201282090301,0.0,0.003941201282090301,-0.0005,0.003941201282090301
2019-04-01,0.018769661755510203,0.018769661755510203,0.0187696617555102,0.0,-0.0187696617555102,0.018769661755510203,0.018769661755510203,0.018769661755510203,0.018269661755510203,0.018769661755510203,0.0,0.018769661755510203
2019-04-02,0.005471285365276302,0.005471285365276302,0.005471285365276302,-0.005971285365276302,-0.005471285365276301,0.005471285365276302,0.005471285365276302,0.005471285365276302,0.005471285365276302,0.005471285365276302,0.0,0.005471285365276302
2019-04-03,0.004371624194063672,0.004371624194063672,0.004371624194063672,0.0033716241940636724,-0.0043716241940636716,0.004371624194063672,0.004371624194063672,0.004371624194063672,0.004371624194063672,0.004371624194063672,0.0038716241940636724,0.004371624194063672
2019-04-04,0.0071356642661379865,0.0071356642661379865,0.0071356642661379865,0.0071356642661379865,-0.007135664266137986,0.0071356642661379865,0.0071356642661379865,0.0071356642661379865,0.0071356642661379865,0.0071356642661379865,0.0071356642661379865,0.0071356642661379865
2019-04-05,-0.006560462222933605,-0.006560462222933605,-0.006560462222933605,-0.0005,0.006560462222933604,-0.006560462222933605,-0.006560462222933605,-0.006560462222933605,-0.006560462222933605,-0.006560462222933605,-0.006560462222933605,-0.006560462222933605
2019-04-08,-0.00261659569609618,-0.00261659569609618,-0.00261659569609618,0.00211659569609618,0.00261659569609618,-0.00261659569609618,-0.00261659569609618,-0.00261659569609618,-0.0005,-0.00261659569609618,-0.00261659569609618,-0.00261659569609618
2019-04-09,-0.004626394368189013,-0.004626394368189013,-0.004626394368189013,-0.0005,0.004626394368189013,-0.004626394368189013,-0.004626394368189013,-0.004626394368189013,0.0,-0.004626394368189013,-0.004626394368189013,-0.004626394368189013
2019-04-10,0.0031262669720253378,0.0031262669720253378,0.0031262669720253378,0.0,-0.0031262669720253378,0.0031262669720253378,0.0031262669720253378,0.0031262669720253373,0.0,0.0031262669720253378,0.0031262669720253378,0.0031262669720253378
2019-04-11,0.0026026856628162953,0.0026026856628162953,0.0026026856628162953,0.0021026856628162953,-0.002602685662816295,0.0026026856628162953,0.0026026856628162953,0.0026026856628162953,0.0021026856628162953,0.0026026856628162953,0.0026026856628162953,0.0026026856628162953
2019-04-12,0.01086325927431453,0.01086325927431453,0.01086325927431453,0.01086325927431453,0.009863259274314529,0.01086325927431453,0.01086325927431453,0.010863259274314528,0.01086325927431453,0.01086325927431453,0.01086325927431453,0.01086325927431453
2019-04-15,0.0031078255576317826,0.0031078255576317826,0.0031078255576317826,-0.0005,0.0031078255576317826,0.0031078255576317826,0.0031078255576317826,0.0031078255576317826,0.0031078255576317826,-0.0005,0.0031078255576317826,0.0031078255576317826
2019-04-16,0.004386424287303292,0.004386424287303292,0.004386424287303292,0.0,0.004386424287303292,0.004386424287303292,0.004386424287303292,0.004386424287303292,0.004386424287303292,0.0,0.004386424287303292,0.004386424287303292
2019-04-17,0.006680548601987635,0.006680548601987635,0.006680548601987635,0.0,0.006680548601987635,0.006680548601987635,0.006680548601987635,0.006680548601987635,0.006680548601987635,0.0,0.006680548601987635,0.006680548601987635
2019-04-18,0.0010724995414879146,0.0010724995414879146,0.0010724995414879146,0.0,0.0010724995414879146,0.0010724995414879146,0.0010724995414879146,0.0010724995414879146,0.0010724995414879146,0.0,0.0010724995414879146,0.0010724995414879146
2019-04-22,0.009899514389297703,0.009899514389297703,0.009899514389297703,0.0,0.009899514389297703,0.009899514389297703,0.009899514389297703,0.009899514389297703,0.009899514389297703,0.0,0.009899514389297703,0.009899514389297703
2019-04-23,0.013423725658650021,0.013423725658650021,0.013423725658650021,0.0,0.013423725658650021,0.013423725658650021,0.013423725658650021,0.013423725658650021,0.013423725658650021,0.0,0.013423725658650021,0.013423725658650021
2019-04-24,-0.008295500536937617,-0.008295500536937617,-0.008295500536937617,0.0,-0.008295500536937617,-0.008295500536937617,-0.008295500536937617,-0.008295500536937617,-0.008295500536937617,0.0,-0.008295500536937617,-0.008295500536937617
2019-04-25,0.005785444790695982,0.005785444790695982,0.005785444790695982,0.0,0.005785444790695982,0.005785444790695982,0.005785444790695982,0.005785444790695981,-0.0005,0.0,0.005785444790695982,0.005785444790695982
2019-04-26,0.007953768889145785,0.007953768889145785,0.007953768889145783,0.0,0.007953768889145785,0.007953768889145785,0.007953768889145785,0.007953768889145785,0.007453768889145784,0.0,0.007953768889145785,0.007953768889145785
2019-04-29,0.01470146515743287,0.01470146515743287,0.01470146515743287,0.0,0.01470146515743287,0.01470146515743287,0.01470146515743287,0.01470146515743287,0.01470146515743287,0.0,0.01470146515743287,0.01470146515743287
2019-04-30,-0.07501930199749096,-0.07501930199749096,-0.07501930199749095,0.07451930199749096,-0.07501930199749096,-0.07501930199749096,-0.07501930199749096,-0.07501930199749096,-0.07501930199749096,0.0,-0.07501930199749096,-0.07501930199749096
2019-05-01,-0.014567823171614333,-0.021385214141673048,-0.021385214141673048,-0.0005,-0.021385214141673048,-0.021385214141673048,-0.021385214141673048,-0.021385214141673048,-0.0005,-0.02188521414167305,-0.021385214141673048,-0.021385214141673048
2019-05-02,-0.003880882832806609,-0.005804010805989024,-0.005804010805989024,0.0,-0.005804010805989024,-0.005804010805989024,-0.005804010805989024,-0.005804010805989024,0.0,-0.005804010805989024,-0.0005,-0.005804010805989024
2019-05-03,0.013217148261407394,0.019751249959255146,0.019751249959255146,0.0,0.019751249959255146,0.019751249959255146,0.019751249959255146,0.019751249959255146,0.0,0.019751249959255146,0.0,0.019751249959255146
2019-05-06,0.0021306416550505827,0.0032869761359541894,0.0032869761359541894,0.0,0.0032869761359541894,0.0032869761359541894,0.0032869761359541894,0.0032869761359541894,0.0027869761359541893,0.0032869761359541894,0.0,0.0032869761359541894
2019-05-07,-0.00798915091575526,-0.012233328081409423,-0.012233328081409423,0.0,-0.012233328081409423,-0.012233328081409423,-0.012233328081409423,-0.012233328081409423,-0.012233328081409423,-0.012233328081409423,0.0,-0.012233328081409423
2019-05-08,-0.004449170531953818,-0.006853991963564843,-0.006853991963564843,0.0,-0.006853991963564843,-0.006853991963564843,-0.006853991963564843,-0.006853991963564843,-0.0005,-0.006853991963564843,0.0,-0.006853991963564843
2019-05-09,-0.0015549423246385985,-0.002400272648883317,-0.002400272648883317,0.0,-0.002400272648883317,-0.002400272648883317,-0.002400272648883317,-0.002400272648883317,0.0,-0.002400272648883317,0.0,-0.002400272648883317
2019-05-10,-0.00018323842902237143,-0.00028245195713638704,-0.00028245195713638704,0.0,-0.00028245195713638704,-0.00028245195713638704,-0.00028245195713638704,-0.00028245195713638704,0.0,-0.00028245195713638704,-0.00021754804286361297,-0.00028245195713638704
2019-05-13,-0.017252747704814456,-0.026592197640919135,-0.026592197640919135,0.0,-0.026592197640919135,-0.026592197640919135,-0.026592197640919135,-0.026592197640919135,-0.027092197640919136,-0.026592197640919135,0.026592197640919135,-0.026592197640919135
2019-05-14,-0.006463908844963231,-0.0005,-0.0005,0.0,-0.010320268622922901,-0.010320268622922901,-0.0005,-0.010320268622922901,-0.0005,-0.010320268622922901,-0.0005,-0.010320268622922901
2019-05-15,0.02576892319015365,0.0,0.0,0.0,0.04084061382035986,-0.04184061382035986,0.0,-0.04184061382035986,0.0,0.04084061382035986,0.0,0.04084061382035986
2019-05-16,0.006612359230760527,0.01120144296605824,0.01120144296605824,0.0,-0.01270144296605824,-0.01170144296605824,0.01120144296605824,0.010701442966058239,0.01120144296605824,0.01170144296605824,0.0,0.01170144296605824
2019-05-17,-0.0074829552160339844,-0.013271409532809142,-0.013271409532809142,0.0,0.013271409532809142,0.013271409532809142,-0.013271409532809142,-0.013271409532809142,-0.013271409532809142,-0.013271409532809142,0.0,-0.013271409532809142
2019-05-20,-0.01160565079300925,-0.020636838699153337,-0.020636838699153337,0.0,0.020636838699153337,0.020636838699153337,-0.020636838699153337,-0.020636838699153337,-0.0005,-0.020636838699153337,0.0,-0.020636838699153337
2019-05-21,0.0047326032821442526,-0.0005,-0.0005,0.0,0.007543971689053853,-0.008543971689053853,-0.0005,0.008543971689053853,0.0,0.008543971689053853,-0.009043971689053854,0.008543971689053853
2019-05-22,0.0006777139728849422,0.0007212569245340088,0.0007212569245340088,0.0007212569245340088,-0.002221256924534009,-0.0012212569245340088,0.0007212569245340088,0.0012212569245340088,0.0007212569245340088,0.0012212569245340088,-0.0012212569245340088,0.0012212569245340088
2019-05-23,-0.005122137598486329,-0.009092883243626004,-0.009092883243626004,-0.009092883243626004,0.009092883243626004,0.009092883243626004,-0.009092883243626004,-0.009092883243626004,-0.009092883243626004,-0.009092883243626004,0.009092883243626004,-0.009092883243626004
2019-05-24,-0.003306422753410129,-0.0005,-0.0005,-0.0005,0.005875840955123501,0.005875840955123501,-0.0005,-0.005875840955123501,-0.0005,-0.005875840955123501,0.005875840955123501,-0.005875840955123501
2019-05-28,0.00047039335165768403,0.0,0.0,0.0,-0.00016581146568472784,-0.0008341885343152722,0.0,0.0008341885343152722,0.0,0.0008341885343152722,-0.0008341885343152722,0.0008341885343152722
2019-05-29,-0.009807812833424315,0.0,0.0,0.0,-0.01721717409451662,0.01721717409451662,0.0,-0.01721717409451662,0.0,-0.01721717409451662,0.01721717409451662,-0.01721717409451662
2019-05-30,0.0007548736725130436,0.0,0.0,0.0,0.0013126916804762079,-0.0013126916804762079,0.0,-0.002312691680476208,0.0,0.0013126916804762079,-0.0013126916804762079,0.0013126916804762079
2019-05-31,-0.011162053795450107,0.0,0.0,0.0,-0.013295714649295465,0.013295714649295465,0.0,0.013295714649295465,0.0,-0.013295714649295465,0.013295714649295465,-0.013295714649295465
2019-06-03,-0.0521844798282135,0.0,0.0,0.0,-0.06123822192060102,0.06123822192060102,0.0,0.06123822192060102,0.0,-0.06123822192060102,0.06123822192060102,-0.06123822192060102
2019-06-04,0.009666359030151237,0.0,0.0,0.0,0.015162604303851746,-0.015162604303851746,0.0,-0.015162604303851746,0.0,0.015162604303851746,-0.015162604303851746,0.015162604303851746
2019-06-05,-0.0061079088712271065,0.0,0.0,0.0,-0.009340995951001463,0.009340995951001463,0.0,0.009340995951001463,-0.009840995951001463,-0.009340995951001463,0.009340995951001463,-0.009340995951001463
2019-06-06,0.0019592666220197372,0.0,0.0,0.0,0.002986598840550636,-0.002986598840550636,0.0,-0.002986598840550636,-0.0005,0.002986598840550636,-0.002986598840550636,0.002986598840550636
2019-06-07,0.012883017908404768,0.0,0.0,0.0,0.019670532086184966,-0.019670532086184966,0.0,-0.019670532086184966,0.019170532086184966,0.019670532086184966,-0.019670532086184966,0.019670532086184966
2019-06-10,0.008475492980788604,0.0,0.0,0.0,0.013469057025520925,-0.013469057025520925,0.0,-0.013469057025520925,0.013469057025520925,0.013469057025520925,-0.013469057025520925,0.013469057025520925
2019-06-11,-0.000988662130274898,0.0,0.0,0.0,-0.001588445415591555,0.001588445415591555,0.0,0.001588445415591555,-0.001588445415591555,-0.001588445415591555,0.001588445415591555,-0.001588445415591555
2019-06-12,-0.0011110884243804822,0.0,0.0,0.0012945344876150182,-0.0017945344876150182,0.0017945344876150182,0.0,0.0017945344876150182,-0.0005,-0.0017945344876150182,0.0017945344876150182,-0.0017945344876150182
2019-06-13,0.0070657284548325495,0.0,0.0,-0.011036855091534292,0.011036855091534292,-0.011036855091534292,-0.011536855091534293,-0.011036855091534292,0.0,0.011036855091534292,-0.011036855091534292,0.011036855091534292
2019-06-14,-0.0027537410305312525,0.0,0.0,-0.0005,-0.004317009041019504,0.004317009041019504,0.004317009041019504,0.004317009041019504,-0.004817009041019504,-0.004317009041019504,0.004317009041019504,-0.004317009041019504
2019-06-17,0.0050564217859577175,0.0,0.0,0.0,0.006987143814098706,-0.006987143814098706,-0.006987143814098706,-0.006987143814098706,-0.0005,0.006987143814098706,-0.006987143814098706,0.006987143814098706
2019-06-18,0.007652294606448304,0.0,0.0,0.009875731688636369,0.01037573168863637,-0.01037573168863637,-0.01037573168863637,-0.01037573168863637,0.009875731688636369,0.01037573168863637,-0.01037573168863637,0.01037573168863637
2019-06-19,-0.00048658139576853343,0.0,0.0,-0.00033952097163680774,-0.0006604790283631923,0.0006604790283631923,0.0006604790283631923,0.0006604790283631923,-0.0006604790283631923,-0.00033952097163680774,0.0006604790283631923,-0.0006604790283631923
2019-06-20,0.005931926919215096,0.0,0.0,-0.007867710407768236,0.007867710407768236,-0.007867710407768236,-0.007867710407768236,-0.007867710407768236,-0.0005,-0.007867710407768236,-0.007867710407768236,0.007867710407768236
2019-06-21,0.008267529856813253,0.0,0.0,-0.0005,0.010932474461357256,-0.010932474461357256,-0.010932474461357256,-0.010932474461357256,0.010432474461357255,-0.010932474461357256,-0.010932474461357256,0.010932474461357256
2019-06-24,-0.005756905235234161,0.0,0.0,0.007204159087284168,-0.007704159087284168,0.007704159087284168,0.007704159087284168,0.007704159087284168,-0.007704159087284168,0.007704159087284168,-0.0005,-0.007704159087284168
2019-06-25,-0.01950483899054327,0.0,0.0,0.026076767954702484,-0.026076767954702484,0.026076767954702484,0.026076767954702484,0.026076767954702484,-0.0005,0.026076767954702484,0.0,-0.026076767954702484
2019-06-26,-0.004772460451956013,0.0,0.0,-0.0005,-0.006675377783905034,0.006675377783905034,0.006675377783905034,0.006675377783905034,0.0,0.006675377783905034,0.0,-0.006675377783905034
2019-06-27,-0.0024310909338674204,0.0,0.0,0.0,-0.003415692263518677,0.003415692263518677,0.003415692263518677,0.003415692263518677,0.0,0.003415692263518677,0.0,-0.003415692263518677
2019-06-28,0.004147987168092506,0.0,0.0,-0.0062308722727758,0.0057308722727758,-0.0057308722727758,-0.0057308722727758,-0.0057308722727758,0.0,-0.0057308722727758,0.0,0.0057308722727758
2019-07-01,0.011471293612979962,0.0,0.0,-0.0005,0.015884717760179523,-0.015884717760179523,-0.015884717760179523,-0.015884717760179523,0.015384717760179523,-0.015884717760179523,0.0,0.015884717760179523
2019-07-02,0.008186547071158982,0.0,0.0,0.0,0.011454463891303224,-0.011454463891303224,-0.011454463891303224,-0.011454463891303224,0.011454463891303224,-0.011454463891303224,0.0,0.011454463891303224
2019-07-03,0.009196076145243311,0.0,0.0,0.0,-0.010338566623970702,-0.009338566623970701,-0.009338566623970701,0.0083385666239707,0.009338566623970701,-0.009338566623970701,0.0,0.009338566623970701
2019-07-05,0.00861980867152945,0.0,0.0,-0.00911980867152945,-0.00861980867152945,-0.00861980867152945,-0.00861980867152945,0.00861980867152945,0.00861980867152945,-0.00861980867152945,0.0,0.00861980867152945
2019-07-08,-0.014019976698269043,0.0,0.0,0.014019976698269043,0.014019976698269043,-0.015019976698269044,-0.015019976698269044,-0.014019976698269043,-0.014019976698269043,0.014019976698269043,0.0,-0.014019976698269043
2019-07-09,0.006715746803505507,0.0,0.0,-0.006715746803505507,-0.006715746803505507,0.006715746803505507,-0.007715746803505507,0.006715746803505507,-0.0005,-0.006715746803505507,0.0,0.006715746803505507
2019-07-10,0.014782731271308247,0.0,0.0,-0.014782731271308247,-0.014782731271308247,0.014782731271308247,-0.014782731271308247,0.014782731271308247,0.014282731271308247,-0.014782731271308247,0.0,0.014782731271308247
2019-07-11,0.0027783735231521334,0.0,0.0,-0.0027783735231521334,-0.0027783735231521334,0.0027783735231521334,0.0017783735231521334,0.0027783735231521334,0.0027783735231521334,-0.0027783735231521334,0.0,0.0027783735231521334
2019-07-12,0.0011012599398649847,0.0,0.0,-0.0011012599398649847,-0.0011012599398649847,0.0011012599398649847,0.0011012599398649847,0.0011012599398649847,0.0011012599398649847,-0.0011012599398649847,0.0,0.0011012599398649847
2019-07-15,0.0045141033556350685,0.0,0.0,-0.0045141033556350685,-0.004514103355635068,0.0045141033556350685,0.0045141033556350685,0.004514103355635068,-0.0005,-0.0045141033556350685,0.0,0.0045141033556350685
2019-07-16,0.002563986945175234,0.0,0.0,-0.002563986945175234,-0.002563986945175234,0.002563986945175234,0.002563986945175234,0.002563986945175234,0.002063986945175234,-0.002563986945175234,0.0,0.002563986945175234
2019-07-17,-0.005826001756735644,0.0,0.0,0.005826001756735644,0.005826001756735644,-0.005826001756735644,-0.005826001756735644,-0.005826001756735644,-0.005826001756735644,0.005826001756735644,0.0,-0.005826001756735644
2019-07-18,0.00043601874612120284,0.0,0.0,-0.0005,-0.00043601874612120284,0.00043601874612120284,0.00043601874612120284,0.00043601874612120284,-0.0005,-0.00043601874612120284,0.0,0.00043601874612120284
2019-07-19,-0.013676205831919641,0.0,0.0,0.01317620583191964,0.01367620583191964,-0.013676205831919641,-0.013676205831919641,-0.013676205831919641,0.0,0.013676205831919641,-0.014176205831919642,-0.013676205831919641
2019-07-22,0.006769427719499843,0.0,0.0,0.005769427719499843,-0.006769427719499842,0.006769427719499843,0.006769427719499843,0.006769427719499843,0.0,-0.006769427719499843,0.006769427719499843,0.006769427719499843
2019-07-23,0.007759813732039378,0.0,0.0,-0.008759813732039379,-0.007759813732039378,0.007759813732039378,0.007759813732039378,0.007759813732039378,0.007259813732039377,-0.007759813732039378,0.007759813732039378,0.007759813732039378
2019-07-24,-0.007247109928803397,0.0,0.0,-0.0005,0.007247109928803397,-0.007247109928803397,-0.007247109928803397,-0.007247109928803397,-0.007247109928803397,0.007247109928803397,-0.007247109928803397,-0.007247109928803397
2019-07-25,-0.0033253713066784263,0.0,0.0,0.0028253713066784263,0.003325371306678426,-0.0033253713066784263,-0.0033253713066784263,-0.0033253713066784263,-0.0005,0.0033253713066784263,-0.0033253713066784263,-0.0033253713066784263
2019-07-26,0.09620230315102951,0.0,0.0,-0.09620230315102951,-0.0962023031510295,0.09620230315102951,0.09620230315102951,0.09620230315102951,0.0,-0.09620230315102951,0.09620230315102951,0.09620230315102951
2019-07-29,-0.0017668254472473198,-0.0032144446171767367,0.0,0.0027144446171767367,0.0027144446171767367,-0.0027144446171767367,-0.0027144446171767367,-0.0027144446171767367,-0.0032144446171767367,0.0027144446171767367,-0.0027144446171767367,-0.0027144446171767367
2019-07-30,-0.006375611422979712,-0.011144738549028865,0.0,0.011144738549028865,0.011144738549028864,-0.011144738549028865,-0.011144738549028865,-0.011144738549028865,-0.0005,0.011144738549028865,-0.011144738549028865,-0.011144738549028865
2019-07-31,-0.00456535249710703,-0.007980357739655775,0.0,-0.008980357739655775,0.007980357739655773,-0.007980357739655775,-0.007980357739655775,-0.007980357739655775,0.0,0.007980357739655775,-0.007980357739655775,-0.007980357739655775
2019-08-01,-0.00301484592252849,-0.005270030957514438,0.0,0.004270030957514438,0.005270030957514437,-0.005270030957514438,-0.005270030957514438,-0.005270030957514438,0.0,0.005270030957514438,-0.005270030957514438,-0.005270030957514438
2019-08-02,-0.007298629964849714,-0.012758199540075177,0.0,-0.013758199540075178,0.012758199540075175,-0.012758199540075177,-0.012758199540075177,-0.012758199540075177,0.0,0.012758199540075177,-0.012758199540075177,-0.012758199540075177
2019-08-05,-0.019878571084688375,-0.03474827161966487,0.0,-0.03474827161966487,0.034748271619664865,-0.03474827161966487,-0.03474827161966487,-0.03474827161966487,0.0,0.03474827161966487,-0.03474827161966487,-0.03474827161966487
2019-08-06,0.008090057254818608,-0.0005,0.0,-0.015141635518541308,-0.014141635518541305,0.014141635518541307,0.014141635518541307,0.014141635518541307,0.0,-0.014141635518541307,0.014141635518541307,0.014141635518541307
2019-08-07,0.002359484058558689,0.0036244409670984083,0.0,0.0031244409670984083,-0.004124440967098408,0.004124440967098408,0.004124440967098408,0.004124440967098408,0.0036244409670984083,-0.004124440967098408,0.004124440967098408,0.004124440967098408
2019-08-08,0.014731025489951203,0.025750224841629032,0.0,0.025750224841629032,-0.025750224841629032,0.025750224841629032,0.025750224841629032,0.025750224841629032,0.025750224841629032,-0.025750224841629032,0.025750224841629032,0.025750224841629032
2019-08-09,-0.008200268517186532,-0.014334287740071283,0.0,-0.0005,0.014334287740071283,-0.014334287740071283,-0.014334287740071283,-0.014334287740071283,-0.014334287740071283,0.014334287740071283,-0.014334287740071283,-0.014334287740071283
2019-08-12,-0.006195264673781286,-0.012112180177541565,0.0,0.0,0.012112180177541563,-0.012112180177541565,-0.012112180177541565,-0.012112180177541565,-0.0005,0.012112180177541565,-0.012112180177541565,-0.012112180177541565
2019-08-13,0.007160145365253277,0.01892713200647478,0.0,0.018427132006474778,0.017927132006474777,0.01892713200647478,0.01892713200647478,0.01892713200647478,0.0,-0.01892713200647478,0.01892713200647478,0.01892713200647478
2019-08-14,-0.010358430058858928,-0.027140366316735443,0.0,-0.027140366316735443,-0.027140366316735443,-0.027140366316735443,-0.027140366316735443,-0.027140366316735443,-0.027640366316735443,0.027140366316735443,-0.027140366316735443,-0.027140366316735443
2019-08-15,0.001662023167627026,0.004354706006603815,0.0,0.004354706006603815,0.004354706006603815,0.004354706006603815,0.004354706006603815,0.004354706006603815,-0.0005,-0.004354706006603815,0.004354706006603815,0.004354706006603815
2019-08-16,0.003228009717142943,0.008457784210486041,0.0,0.008457784210486041,0.008457784210486041,0.008457784210486041,0.008457784210486041,0.008457784210486041,0.0,-0.008457784210486041,-0.0005,0.008457784210486041
2019-08-19,0.006871268445272875,0.018003572124893452,0.0,0.018003572124893452,0.018003572124893452,0.018003572124893452,0.018003572124893452,0.018003572124893452,0.01750357212489345,-0.018003572124893452,0.0,0.018003572124893452
2019-08-20,-0.00537628190372567,-0.014086522712421945,0.0,-0.0005,-0.014086522712421945,-0.014086522712421945,-0.014086522712421945,-0.014086522712421943,-0.014086522712421945,0.014086522712421945,0.0,-0.014086522712421945
2019-08-21,0.0025959268898653304,0.006801649122702091,0.0,0.006301649122702091,0.006801649122702091,0.006801649122702091,0.006801649122702091,0.006801649122702091,-0.0005,-0.006801649122702091,0.0,0.006801649122702091
2019-08-22,-1.920510101360121e-05,-5.0319737035176004e-05,0.0,-0.0005,-5.0319737035176004e-05,-5.0319737035176004e-05,-5.0319737035176004e-05,-5.0319737035176004e-05,-0.000550319737035176,5.0319737035176004e-05,0.0,-5.0319737035176004e-05
2019-08-23,-0.012152706984575408,-0.03184159350665727,0.0,-0.032341593506657274,-0.03184159350665727,-0.03184159350665727,-0.03184159350665727,-0.03184159350665727,-0.0005,0.03184159350665727,0.0,-0.03184159350665727
2019-08-26,0.0058229219915538,-0.0005,0.0,-0.01625677491536337,0.01525677491536337,0.01525677491536337,0.01525677491536337,0.01525677491536337,0.0,-0.01525677491536337,0.0,0.01525677491536337
2019-08-27,-0.0002625371935325812,-0.0008074402040961211,0.0,-0.001307440204096121,-0.00030744020409612105,-0.00030744020409612105,-0.00030744020409612105,-0.000692559795903879,-0.0008074402040961211,0.00030744020409612105,0.0,-0.00030744020409612105
2019-08-28,0.0014051510849527186,0.002502549257988651,0.0,0.002502549257988651,0.0025025492579886506,0.002502549257988651,0.002502549257988651,-0.0025025492579886506,0.002502549257988651,-0.002502549257988651,0.0,0.002502549257988651
2019-08-29,0.009801856869746392,0.01745693391904557,0.0,0.01745693391904557,0.017456933919045566,0.01745693391904557,0.01745693391904557,-0.017456933919045566,0.01745693391904557,-0.01745693391904557,0.0,0.01745693391904557
2019-08-30,-0.0017442948064625918,-0.003106558234464374,0.0,-0.0005,-0.0031065582344643734,0.002106558234464374,-0.003106558234464374,0.0031065582344643734,-0.003106558234464374,0.003106558234464374,0.0,-0.003106558234464374
2019-09-03,-0.00989479827498317,-0.017622460919809013,0.0,0.0,0.016622460919809012,0.017622460919809013,-0.017622460919809013,0.017622460919809013,-0.0005,0.017622460919809013,-0.018122460919809014,-0.017622460919809013
2019-09-04,0.00610672240732444,0.010875964722118603,0.0,0.010375964722118602,-0.010875964722118603,-0.010875964722118603,0.010875964722118603,-0.010875964722118601,0.0,-0.010875964722118603,-0.0005,0.010875964722118603
2019-09-05,0.014209729771987756,0.02530727768559049,0.0,0.02530727768559049,0.024307277685590486,-0.02530727768559049,0.02530727768559049,0.02430727768559049,0.02480727768559049,-0.02530727768559049,0.0,0.02530727768559049
2019-09-06,-0.0027189903173171254,-0.004842473719692042,-0.005342473719692042,-0.0005,-0.004842473719692042,0.004842473719692042,-0.004842473719692042,-0.004842473719692042,-0.004842473719692042,0.004842473719692042,0.0,-0.004842473719692042
2019-09-09,-0.000488742368309529,-0.0008704415235190055,-0.0008704415235190055,0.0,-0.0008704415235190055,0.0008704415235190055,-0.0008704415235190055,-0.0008704415235190055,-0.0008704415235190055,0.0008704415235190055,0.0,-0.0008704415235190055
2019-09-10,0.00020033591212492659,0.0003567947202300914,0.0003567947202300914,-0.0001432052797699086,-0.0013567947202300914,-0.0003567947202300914,0.0003567947202300914,-0.0013567947202300914,-0.0005,-0.0003567947202300914,-0.0001432052797699086,0.0003567947202300914
2019-09-11,0.007398280039300395,0.011860358208532151,0.011860358208532151,0.011860358208532151,0.01086035820853215,-0.011860358208532151,0.011860358208532151,0.01086035820853215,0.0,-0.011860358208532151,0.011860358208532151,0.011860358208532151
2019-09-12,0.007687748528951319,0.012270478984005129,0.012270478984005129,-0.0005,0.012270478984005129,0.011270478984005128,0.012270478984005129,0.012270478984005129,0.011770478984005128,-0.012270478984005129,0.012270478984005129,0.012270478984005129
2019-09-13,0.0025669759982841498,0.00409717161282952,0.00409717161282952,-0.00459717161282952,0.00409717161282952,0.00409717161282952,0.00409717161282952,0.00409717161282952,0.00409717161282952,-0.00409717161282952,0.00409717161282952,0.00409717161282952
2019-09-16,-0.004936744643795319,-0.006773982004864565,-0.006773982004864565,-0.0005,-0.006773982004864565,-0.006773982004864565,-0.006773982004864565,-0.006773982004864565,-0.006773982004864565,0.006773982004864565,-0.006773982004864565,-0.006773982004864565
2019-09-17,-0.001025523282047455,-0.0014208816227998522,-0.0014208816227998522,0.0,0.0004208816227998522,-0.0014208816227998522,-0.0014208816227998522,-0.0014208816227998522,-0.0005,0.0014208816227998522,-0.0014208816227998522,-0.0014208816227998522
2019-09-18,0.0016256189869155936,0.0022523254075434984,0.0022523254075434984,0.0,-0.0022523254075434984,0.0022523254075434984,0.0022523254075434984,0.0022523254075434984,0.0,-0.0022523254075434984,0.0022523254075434984,0.0022523254075434984
2019-09-19,0.0035716688162502875,0.004948613720017425,0.004948613720017425,0.004448613720017425,0.003948613720017425,0.004948613720017425,0.004948613720017425,0.004948613720017425,0.004448613720017425,-0.004948613720017425,0.004948613720017425,0.004948613720017425
2019-09-20,-0.005191335183153134,-0.007192691661577766,-0.007192691661577766,-0.007192691661577766,-0.007192691661577766,-0.007192691661577766,-0.007192691661577766,-0.007192691661577766,-0.007192691661577766,0.007192691661577766,-0.007192691661577766,-0.007192691661577766
2019-09-23,0.002846246895036454,0.0039435281264743605,0.0039435281264743605,-0.0005,-0.0049435281264743605,0.0039435281264743605,0.0039435281264743605,0.0039435281264743605,-0.0005,-0.0039435281264743605,0.0039435281264743605,0.0039435281264743605
2019-09-24,-0.009563367136218654,-0.013250223426241381,-0.01325022342624138,-0.013750223426241381,-0.014250223426241382,-0.013250223426241381,-0.013250223426241381,-0.013250223426241381,-0.013750223426241381,0.013250223426241381,-0.013250223426241381,-0.013250223426241381
2019-09-25,0.02066479049315714,0.022662165935708467,0.022662165935708467,0.022662165935708467,-0.023662165935708468,0.022662165935708467,0.022662165935708467,0.022662165935708464,-0.0005,-0.022662165935708467,0.022662165935708467,0.022662165935708467
2019-09-26,-0.002683949863970456,-0.0029295898271534115,-0.0029295898271534115,-0.0005,-0.0039295898271534116,-0.0029295898271534115,-0.0029295898271534115,-0.002929589827153411,-0.0034295898271534116,0.0029295898271534115,-0.0029295898271534115,-0.0029295898271534115
2019-09-27,-0.012050253856771784,-0.01315311496213678,-0.01315311496213678,0.0,-0.01315311496213678,-0.01315311496213678,-0.01315311496213678,-0.01315311496213678,-0.01315311496213678,0.01315311496213678,-0.01315311496213678,-0.01315311496213678
2019-09-30,-0.0032759796776159296,-0.003923456343347009,-0.003923456343347009,-0.00442345634334701,0.0029234563433470093,-0.003923456343347009,-0.003923456343347009,-0.003923456343347009,-0.0005,0.003923456343347009,-0.003923456343347009,-0.003923456343347009
2019-10-01,-0.010205214356246108,-0.012398261410760392,-0.012398261410760392,-0.012398261410760392,0.012398261410760392,-0.012398261410760392,-0.012398261410760392,-0.012398261410760392,0.0,0.012398261410760392,-0.012398261410760392,-0.012398261410760392
2019-10-02,-0.019165140646971373,-0.023283628880338858,-0.0005,-0.023283628880338858,-0.024283628880338855,-0.023283628880338858,-0.023283628880338858,-0.023283628880338858,0.0,0.023283628880338858,-0.023283628880338858,-0.023283628880338858
2019-10-03,0.008043112410680595,0.00977153509398998,0.0,0.00977153509398998,0.009771535093989979,0.00977153509398998,-0.0005,0.00977153509398998,0.0,-0.00977153509398998,-0.0005,0.00977153509398998
2019-10-04,0.014899337458295154,0.018101126953988578,0.0,-0.0005,0.018101126953988578,0.018101126953988578,0.0,0.018101126953988578,0.017601126953988577,-0.018101126953988578,0.0,0.018101126953988578
2019-10-07,-0.0018420311906660785,-0.002237874034921594,0.0,-0.002737874034921594,-0.002237874034921594,0.0012378740349215942,-0.002737874034921594,0.0012378740349215942,-0.002237874034921594,0.002237874034921594,0.0,-0.002237874034921594
2019-10-08,-0.012344246511040538,-0.01499696035968856,-0.01549696035968856,-0.0005,-0.01499696035968856,0.01499696035968856,-0.01499696035968856,-0.01599696035968856,-0.01499696035968856,0.01499696035968856,0.0,-0.01499696035968856
2019-10-09,0.00848617628980999,0.01030981107755613,0.01030981107755613,0.00980981107755613,-0.011309811077556131,-0.01030981107755613,-0.0005,-0.011309811077556131,-0.0005,-0.01030981107755613,0.0,0.01030981107755613
2019-10-10,0.004839879421219321,0.005879944131120585,0.005879944131120585,-0.0005,0.004879944131120585,-0.005879944131120585,0.005379944131120584,-0.005879944131120585,0.005379944131120584,-0.005879944131120585,0.0,0.005879944131120585
2019-10-11,0.004246636962065301,0.005159216978138037,0.005159216978138037,0.004659216978138037,-0.006159216978138037,0.004159216978138037,0.005159216978138037,-0.005159216978138037,0.005159216978138037,-0.005159216978138037,0.0,0.005159216978138037
2019-10-14,0.0013947303589649772,0.001694450599892372,0.001694450599892372,0.001694450599892372,-0.001694450599892372,0.001694450599892372,0.001694450599892372,-0.001694450599892372,0.001694450599892372,-0.001694450599892372,0.0,0.001694450599892372
2019-10-15,0.01653994054071009,0.02009428703637628,0.02009428703637628,0.02009428703637628,-0.02009428703637628,0.02009428703637628,0.02009428703637628,-0.02009428703637628,-0.0005,-0.02009428703637628,0.0,0.02009428703637628
2019-10-16,0.000503534247445054,0.0006117411169588305,0.0006117411169588305,-0.0016117411169588305,-0.0006117411169588305,0.0006117411169588305,0.0006117411169588305,-0.00038825888304116953,0.00011174111695883048,-0.0006117411169588305,0.0,0.0006117411169588305
2019-10-17,0.006489546123481385,0.007884115557735827,0.007884115557735827,0.006884115557735827,-0.007884115557735827,0.007884115557735827,0.007884115557735827,0.007884115557735827,0.007884115557735827,-0.007884115557735827,0.007384115557735826,0.007884115557735827
2019-10-18,-0.0055124684500021184,-0.0066970690154944945,-0.006697069015494494,0.0056970690154944945,0.0066970690154944945,-0.0066970690154944945,-0.0066970690154944945,-0.0066970690154944945,-0.0066970690154944945,0.0066970690154944945,-0.0066970690154944945,-0.0066970690154944945
2019-10-21,-8.59398135462112e-05,-0.00010440782885523525,-0.0001044078288552353,-0.0011044078288552353,0.00010440782885523525,-0.00010440782885523525,-0.00010440782885523525,-0.00010440782885523525,-0.0005,0.00010440782885523525,-0.00010440782885523525,-0.00010440782885523525
2019-10-22,-0.002037515800649995,-0.0024753672625751344,-0.0024753672625751344,-0.0024753672625751344,0.0024753672625751344,-0.0024753672625751344,-0.0024753672625751344,-0.0024753672625751344,0.0,0.0024753672625751344,-0.0024753672625751344,-0.0024753672625751344
2019-10-23,0.010895775656790606,0.013237220713860687,0.013237220713860687,0.013237220713860687,-0.013237220713860687,0.013237220713860687,0.013237220713860687,0.013237220713860687,0.0,-0.013237220713860687,0.013237220713860687,0.013237220713860687
2019-10-24,0.0009686495041928609,0.0011768072035680532,0.0011768072035680532,-0.0021768072035680533,-0.0011768072035680532,0.0011768072035680532,0.0011768072035680532,0.0011768072035680532,0.0006768072035680532,-0.0011768072035680532,0.0011768072035680532,0.0011768072035680532
2019-10-25,0.0033929302077288807,0.004122053118672753,0.004122053118672753,-0.004122053118672753,-0.004122053118672753,0.004122053118672753,0.004122053118672753,0.004122053118672753,0.004122053118672753,-0.004122053118672753,0.004122053118672753,0.004122053118672753
2019-10-28,0.01606767212911754,0.01952053061945347,0.01952053061945347,0.018520530619453468,-0.01952053061945347,0.01952053061945347,0.01952053061945347,0.01952053061945347,0.01952053061945347,-0.01952053061945347,0.01952053061945347,0.01952053061945347
2019-10-29,-0.01808456333999071,-0.02197084117605297,-0.02197084117605297,0.020970841176052968,0.02197084117605297,-0.02197084117605297,-0.02197084117605297,-0.02197084117605297,-0.02197084117605297,0.02197084117605297,-0.02197084117605297,-0.02197084117605297
2019-10-30,2.6183349677666586e-05,3.181001423202545e-05,3.181001423202545e-05,-3.181001423202545e-05,-3.181001423202545e-05,3.181001423202545e-05,3.181001423202545e-05,3.181001423202545e-05,-0.0005,-3.181001423202545e-05,3.181001423202545e-05,3.181001423202545e-05
2019-10-31,-0.0012405286516149858,-0.0015071117541834989,-0.0015071117541834989,0.0015071117541834989,0.0015071117541834989,-0.0015071117541834989,-0.0015071117541834989,-0.0015071117541834989,0.0,0.0015071117541834989,-0.0015071117541834989,-0.0015071117541834989
2019-11-01,0.008794750199529132,0.01068469590247867,0.010684695902478667,-0.01068469590247867,-0.01068469590247867,0.01068469590247867,0.01068469590247867,0.01068469590247867,0.0,-0.01068469590247867,0.01068469590247867,0.01068469590247867
2019-11-04,0.011231569000160726,0.01364517428600176,0.01364517428600176,-0.01364517428600176,-0.01364517428600176,0.01364517428600176,0.01364517428600176,0.01364517428600176,0.01314517428600176,-0.01364517428600176,0.01364517428600176,0.01364517428600176
2019-11-05,0.0012625312797984586,0.0014188931535197291,0.0014188931535197291,-0.0014188931535197291,-0.0014188931535197291,0.0014188931535197291,0.0014188931535197291,0.0014188931535197291,0.0014188931535197291,-0.0014188931535197291,0.0014188931535197291,0.0014188931535197291
2019-11-06,-0.0003082647478323128,-0.00033286880701610677,-0.00033286880701610677,0.00033286880701610677,0.00033286880701610677,-0.00033286880701610677,-0.00033286880701610677,-0.00033286880701610677,-0.00033286880701610677,0.00033286880701610677,-0.00033286880701610677,-0.00033286880701610677
2019-11-07,0.011427372314375864,0.012339444637647468,0.012339444637647468,-0.012339444637647468,-0.012339444637647468,0.012339444637647468,0.012339444637647468,0.012339444637647468,-0.0005,-0.012339444637647468,0.012339444637647468,0.012339444637647468
2019-11-08,0.0014593946948424513,0.0015758758484512025,0.0015758758484512025,-0.0015758758484512025,-0.0015758758484512025,0.0015758758484512025,0.0015758758484512025,0.0015758758484512025,0.0010758758484512025,-0.0015758758484512025,0.0015758758484512025,0.0015758758484512025
2019-11-11,-0.007583904122017582,-0.008189211174395306,-0.008189211174395304,0.008189211174395306,-0.009189211174395306,-0.008189211174395306,-0.008189211174395306,-0.008189211174395304,-0.008189211174395306,-0.0005,-0.008189211174395306,-0.008189211174395306
2019-11-12,-0.000763389512348272,-0.0008243192192777249,-0.000824319219277725,-0.001824319219277725,-0.0008243192192777249,-0.0008243192192777249,-0.0008243192192777249,-0.000824319219277725,-0.0005,0.0,-0.0008243192192777249,-0.0008243192192777249
2019-11-13,-0.0007352257151192274,-0.0007939075369475246,-0.0007939075369475246,-0.0005,-0.0007939075369475246,-0.0007939075369475246,-0.0007939075369475246,-0.0007939075369475246,0.0,0.0,-0.0007939075369475246,-0.0007939075369475246
2019-11-14,0.00926658505539844,0.010006194786118305,0.010006194786118305,0.0,0.010006194786118305,0.010006194786118305,0.010006194786118305,0.010006194786118305,0.0,0.0,0.010006194786118305,0.010006194786118305
2019-11-15,0.017253404779254654,0.01863048015130353,0.01863048015130353,0.0,0.01863048015130353,0.01863048015130353,0.01863048015130353,0.018630480151303527,0.01813048015130353,0.0,0.01863048015130353,0.01863048015130353
2019-11-18,-0.00951402744492649,-0.010273386716388,-0.010273386716387998,0.0,-0.010273386716388,-0.010273386716388,-0.010273386716388,-0.010273386716387998,-0.010273386716388,0.0,-0.010273386716388,-0.010273386716388
2019-11-19,-0.0050871762950196395,-0.005493207758303087,-0.005493207758303087,0.0049932077583030865,-0.005493207758303087,-0.005493207758303087,-0.005493207758303087,-0.005493207758303087,-0.0005,0.0,-0.005493207758303087,-0.005493207758303087
2019-11-20,-0.007570112569925739,-0.008174318853674256,-0.008174318853674256,-0.0005,-0.008174318853674256,-0.008174318853674256,-0.008174318853674256,-0.008174318853674254,0.0,0.0,-0.008174318853674256,-0.008174318853674256
2019-11-21,-0.0012237366671156145,-0.0013214088453157302,-0.0013214088453157302,-0.0018214088453157302,-0.0013214088453157302,-0.0013214088453157302,-0.0013214088453157302,-0.0013214088453157302,0.0,0.0,-0.0013214088453157302,-0.0013214088453157302
2019-11-22,-0.004608763515509418,-0.004976610605055276,-0.004976610605055275,-0.0005,-0.004976610605055276,-0.004976610605055276,-0.004976610605055276,-0.004976610605055275,0.0,0.0,-0.004976610605055276,-0.004976610605055276
2019-11-25,0.008568927995122181,0.009252854435028768,0.009252854435028766,0.008752854435028767,0.009252854435028768,0.009252854435028768,0.009252854435028768,0.009252854435028766,0.0,0.0,0.009252854435028768,0.009252854435028768
2019-11-26,0.005220465773585703,0.005637135696966444,0.005637135696966444,-0.0005,0.005637135696966444,0.005637135696966444,0.005637135696966444,0.005637135696966444,0.005137135696966444,0.0,0.005637135696966444,0.005637135696966444
2019-11-27,-0.0006134632779135522,-0.0006624266670230972,-0.0006624266670230972,0.0,-0.0006624266670230972,-0.0006624266670230972,-0.0006624266670230972,-0.0006624266670230972,-0.0006624266670230972,0.0,-0.0006624266670230972,-0.0006624266670230972
2019-11-29,-0.005674765665738717,-0.00612769539992275,-0.00612769539992275,0.0,-0.00612769539992275,-0.00612769539992275,-0.00612769539992275,-0.006127695399922749,-0.00612769539992275,0.0,-0.00612769539992275,-0.00612769539992275
2019-12-02,-0.010815243496680537,-0.011678458940388103,-0.011678458940388103,-0.012178458940388104,-0.011678458940388103,-0.011678458940388103,-0.011678458940388103,-0.011678458940388103,-0.0005,0.0,-0.011678458940388103,-0.011678458940388103
2019-12-03,0.00422473901969069,0.004561935308294851,0.004561935308294851,0.004561935308294851,0.004561935308294851,0.004561935308294851,0.004561935308294851,0.004561935308294851,0.0,0.0,0.004561935308294851,0.004561935308294851
2019-12-04,0.017309446012686754,0.018690994299117802,0.018690994299117802,0.018690994299117802,0.018690994299117802,0.018690994299117802,0.018690994299117802,0.018690994299117802,0.018190994299117802,0.0,-0.0005,0.018690994299117802
2019-12-05,0.00563130771586853,0.0060807688667061655,0.0060807688667061655,-0.0005,0.0060807688667061655,0.0060807688667061655,0.0060807688667061655,0.0060807688667061655,0.0060807688667061655,0.0,0.0,0.0060807688667061655
2019-12-06,0.008674863769435485,0.009367245441668226,0.009367245441668226,0.0,0.009367245441668226,0.009367245441668226,0.009367245441668226,0.009367245441668226,0.009367245441668226,0.0,0.0,0.009367245441668226
2019-12-09,0.002489165438587963,0.0026878374379000203,0.0026878374379000203,0.0,0.0026878374379000203,0.0026878374379000203,0.0026878374379000203,0.0026878374379000203,0.0026878374379000203,0.0,0.0021878374379000203,0.0026878374379000203
2019-12-10,-6.889326489767357e-05,-7.439196034964013e-05,-7.439196034964017e-05,0.0,-7.439196034964013e-05,-7.439196034964013e-05,-7.439196034964013e-05,-7.439196034964013e-05,-7.439196034964013e-05,0.0,-7.439196034964013e-05,-7.439196034964013e-05
2019-12-11,0.0009378249316677724,0.0010126771497207532,0.0010126771497207532,0.0005126771497207532,0.0010126771497207532,0.0010126771497207532,0.0010126771497207532,0.0010126771497207532,-0.0005,0.0,0.0010126771497207532,0.0010126771497207532
2019-12-12,0.002921136230758611,0.003154285850398564,0.003154285850398564,-0.004154285850398564,0.003154285850398564,0.003154285850398564,0.003154285850398564,0.003154285850398564,0.002654285850398564,0.0,0.003154285850398564,0.003154285850398564
2019-12-13,-0.0011125970601485484,-0.0012013986636666418,-0.0012013986636666418,-0.0005,-0.0012013986636666418,-0.0012013986636666418,-0.0012013986636666418,-0.0012013986636666418,-0.0012013986636666418,0.0,-0.0012013986636666418,-0.0012013986636666418
2019-12-16,0.009509307392392082,0.010268289934264097,0.010268289934264097,0.009768289934264096,0.010268289934264097,0.010268289934264097,0.010268289934264097,0.010268289934264097,-0.0005,0.0,0.010268289934264097,0.010268289934264097
2019-12-17,-0.00395427921308598,-0.004269888832648894,-0.004269888832648894,-0.0005,-0.004269888832648894,-0.004269888832648894,-0.004269888832648894,-0.004269888832648894,-0.004769888832648894,0.0,-0.004269888832648894,-0.004269888832648894
2019-12-18,-0.0020370708487866002,-0.002199659052846803,-0.002199659052846803,0.0,-0.002199659052846803,-0.002199659052846803,-0.002199659052846803,-0.002199659052846803,-0.0005,0.0,-0.002199659052846803,-0.002199659052846803
2019-12-19,0.003103257976137452,0.0033509435887297823,0.0033509435887297823,0.0,0.0033509435887297823,0.0033509435887297823,0.0033509435887297823,0.0033509435887297823,0.0,0.0,0.0033509435887297823,0.0033509435887297823
2019-12-20,-0.003564058848632023,-0.003848523145840499,-0.0038485231458404985,0.0,-0.003848523145840499,-0.003848523145840499,-0.003848523145840499,-0.003848523145840499,-0.004348523145840499,0.0,-0.003848523145840499,-0.003848523145840499
2019-12-23,-0.000404089587997318,-0.000436341878304769,-0.00043634187830476906,0.0,-0.000436341878304769,-0.000436341878304769,-0.000436341878304769,-0.000436341878304769,-0.0005,0.0,-0.000436341878304769,-0.000436341878304769
2019-12-24,-0.004251337108421752,-0.004590656315568875,-0.004590656315568875,-0.0050906563155688755,-0.004590656315568875,-0.004590656315568875,-0.004590656315568875,-0.004590656315568875,0.0,0.0,-0.004590656315568875,-0.004590656315568875
2019-12-26,0.012426741657276018,0.013418578347482502,0.013418578347482502,-0.0005,0.013418578347482502,0.013418578347482502,0.013418578347482502,0.013418578347482502,0.0,0.0,0.013418578347482502,0.013418578347482502
2019-12-27,-0.005322165365328748,-0.005746952411383455,-0.005746952411383455,0.0,-0.005746952411383455,-0.005746952411383455,-0.005746952411383455,-0.005746952411383455,-0.006246952411383455,0.0,-0.005746952411383455,-0.005746952411383455
2019-12-30,-0.010206913844085662,-0.011021575637461978,-0.011021575637461976,0.0,-0.011021575637461978,-0.011021575637461978,-0.011021575637461978,-0.011021575637461978,-0.0005,0.0,-0.011021575637461978,-0.011021575637461978
2019-12-31,-0.00022112591811350858,-0.00023877501751456975,-0.0002387750175145698,-0.0007387750175145698,-0.00023877501751456975,-0.00023877501751456975,-0.00023877501751456975,-0.00023877501751456975,0.0,0.0,-0.00023877501751456975,-0.00023877501751456975
2020-01-02,0.020251797214967893,0.021868188387682563,0.021868188387682563,-0.0005,0.021868188387682563,0.021868188387682563,0.021868188387682563,0.02186818838768256,0.0,0.0,0.021868188387682563,0.021868188387682563
2020-01-03,-0.004844711854823782,-0.005231391090911308,-0.005231391090911308,0.0,-0.005231391090911308,-0.005231391090911308,-0.005231391090911308,-0.005231391090911308,-0.005731391090911309,0.0,-0.005231391090911308,-0.005231391090911308
2020-01-06,0.02468402552548421,0.026654173682852056,0.026654173682852056,0.0,0.026654173682852056,0.026654173682852056,0.026654173682852056,0.026654173682852052,0.026654173682852056,0.0,0.026654173682852056,0.026654173682852056
2020-01-07,-0.001788900878661501,-0.0019316814703510543,-0.0019316814703510543,0.0014316814703510543,-0.0019316814703510543,-0.0019316814703510543,-0.0019316814703510543,-0.0019316814703510543,-0.0019316814703510543,0.0,-0.0019316814703510543,-0.0019316814703510543
2020-01-08,0.006591686292484812,0.007117799773840527,0.007117799773840527,-0.0005,0.007117799773840527,0.007117799773840527,0.007117799773840527,0.007117799773840527,0.007117799773840527,0.0,0.007117799773840527,0.007117799773840527
2020-01-09,0.009721967906155005,0.01049792388369708,0.01049792388369708,0.0,0.01049792388369708,0.01049792388369708,0.01049792388369708,0.01049792388369708,0.01049792388369708,0.0,0.01049792388369708,0.01049792388369708
2020-01-10,0.005981174168599326,0.0064585598063267025,0.0064585598063267025,-0.006958559806326703,0.0064585598063267025,0.0064585598063267025,0.0064585598063267025,0.0064585598063267025,0.0064585598063267025,0.0,0.0064585598063267025,0.0064585598063267025
2020-01-13,0.007174409976996143,0.007747033375954615,0.007747033375954615,-0.007747033375954615,0.007747033375954615,0.007747033375954615,0.007747033375954615,0.007747033375954615,0.007747033375954615,0.007247033375954615,0.007747033375954615,0.007747033375954615
2020-01-14,-0.006070950442376452,-0.006555501546699816,-0.006555501546699816,0.006555501546699816,-0.006555501546699816,-0.006555501546699816,-0.006555501546699816,-0.006555501546699816,-0.006555501546699816,-0.006555501546699816,-0.006555501546699816,-0.006555501546699816
2020-01-15,0.005573583412646652,0.006018437315387315,0.006018437315387315,-0.0005,0.006018437315387315,0.006018437315387315,0.006018437315387315,0.006018437315387315,-0.0005,0.006018437315387315,0.006018437315387315,0.006018437315387315
2020-01-16,0.00705273619541787,0.007615648237680128,0.007615648237680128,0.0,0.007615648237680128,0.007615648237680128,0.007615648237680128,0.007615648237680128,0.007115648237680128,0.007615648237680128,0.007615648237680128,0.007615648237680128
2020-01-17,0.01874939926204639,0.020245876988896017,0.020245876988896013,-0.020745876988896017,0.020245876988896017,0.020245876988896017,0.020245876988896017,0.020245876988896017,0.020245876988896017,0.020245876988896017,0.020245876988896017,0.020245876988896017
2020-01-21,0.001708701528114506,0.0018450810324879274,0.0018450810324879274,-0.0018450810324879274,0.0018450810324879274,0.0018450810324879274,0.0018450810324879274,0.0018450810324879274,0.0018450810324879274,0.0018450810324879274,0.0018450810324879274,0.0018450810324879274
2020-01-22,0.0010120989958556275,0.0010928793762559064,0.0010928793762559061,-0.0010928793762559064,0.0010928793762559064,0.0010928793762559064,0.0010928793762559064,0.0010928793762559064,0.0010928793762559064,0.0010928793762559064,0.0010928793762559064,0.0010928793762559064
2020-01-23,0.000511886018386028,0.0005527420487310142,0.0005527420487310141,-0.0005527420487310142,0.0005527420487310142,0.0005527420487310142,0.0005527420487310142,0.0005527420487310142,0.0005527420487310142,0.0005527420487310142,0.0005527420487310142,0.0005527420487310142
2020-01-24,-0.01155207399488225,-0.01247409934570265,-0.01247409934570265,0.01247409934570265,-0.01247409934570265,-0.01247409934570265,-0.01247409934570265,-0.01247409934570265,-0.0005,-0.01247409934570265,-0.01247409934570265,-0.01247409934570265
2020-01-27,-0.021753311576728596,-0.02348954567174255,-0.02348954567174255,0.02348954567174255,-0.02348954567174255,-0.02348954567174255,-0.02348954567174255,-0.02348954567174255,0.0,-0.02348954567174255,-0.02348954567174255,-0.02348954567174255
2020-01-28,0.01025632756509559,0.013109808841809567,0.013109808841809567,0.012109808841809566,0.013109808841809567,0.013109808841809567,0.013109808841809567,0.013109808841809565,0.0,0.013109808841809567,0.013109808841809567,0.013109808841809567
2020-01-29,0.0033666654055850543,0.004274474406589901,0.004274474406589901,-0.0005,0.004274474406589901,0.004274474406589901,0.004274474406589901,0.004274474406589901,0.003774474406589901,0.004274474406589901,0.004274474406589901,0.004274474406589901
2020-01-30,-0.0013245871986541779,-0.001681757287359531,-0.001681757287359531,0.0,-0.001681757287359531,-0.001681757287359531,-0.001681757287359531,-0.001681757287359531,-0.001681757287359531,-0.001681757287359531,-0.001681757287359531,-0.001681757287359531
2020-01-31,-0.011628130030049815,-0.014763612721208297,-0.014763612721208297,-0.015263612721208297,-0.014763612721208297,-0.014763612721208297,-0.014763612721208297,-0.014763612721208297,-0.0005,-0.014763612721208297,-0.014763612721208297,-0.014763612721208297
2020-02-03,0.027386751600598724,0.034771488904776104,0.0347714889047761,-0.0005,0.034771488904776104,0.034771488904776104,0.034771488904776104,0.034771488904776104,0.0,0.034771488904776104,0.034771488904776104,0.034771488904776104
2020-02-04,-0.017795035739229477,-0.025084394424319534,-0.025084394424319534,0.024584394424319533,-0.025084394424319534,-0.025084394424319534,-0.025084394424319534,-0.025084394424319534,-0.025584394424319534,-0.025084394424319534,-0.025084394424319534,-0.025084394424319534
2020-02-05,0.00031337430015950337,0.00044273419089080335,0.00044273419089080335,-0.0005,0.00044273419089080335,0.00044273419089080335,0.00044273419089080335,0.00044273419089080335,-0.0005,0.00044273419089080335,0.00044273419089080335,0.00044273419089080335
2020-02-06,0.014645441804749743,0.02069103249489168,0.02069103249489168,0.02019103249489168,0.02069103249489168,0.02069103249489168,0.02069103249489168,0.020691032494891678,0.02019103249489168,0.02069103249489168,0.02069103249489168,0.02069103249489168
2020-02-07,0.0015057855139812334,0.0021273688711813676,0.0021273688711813676,-0.0005,0.0021273688711813676,0.0021273688711813676,0.0021273688711813676,0.0021273688711813676,0.0021273688711813676,0.0021273688711813676,0.0021273688711813676,0.0021273688711813676
2020-02-10,0.014140852334422728,0.01997815013420179,0.01997815013420179,0.0,0.01997815013420179,0.01997815013420179,0.01997815013420179,0.01997815013420179,0.01997815013420179,0.01997815013420179,0.01997815013420179,0.01997815013420179
2020-02-11,0.0006568795334335137,0.0009280372659767888,0.0009280372659767888,0.0,0.0009280372659767888,0.0009280372659767888,0.0009280372659767888,0.0009280372659767886,0.0009280372659767888,0.0009280372659767888,0.0009280372659767888,0.0009280372659767888
2020-02-12,0.004017068108486669,0.005675300743739564,0.005675300743739564,0.005175300743739564,0.005675300743739564,0.005675300743739564,0.005675300743739564,0.005675300743739564,0.005675300743739564,0.005675300743739564,0.005675300743739564,0.005675300743739564
2020-02-13,-0.00244244446773053,-0.0034506775911936627,-0.0034506775911936627,-0.0034506775911936627,-0.0034506775911936627,-0.0034506775911936627,-0.0034506775911936627,-0.0034506775911936627,-0.0034506775911936627,-0.0034506775911936627,-0.0034506775911936627,-0.0034506775911936627
2020-02-14,0.0024975567826876184,0.003528540090314447,0.0035285400903144466,0.003528540090314447,0.003528540090314447,0.003528540090314447,0.003528540090314447,0.003528540090314447,-0.0005,0.003528540090314447,0.003528540090314447,0.003528540090314447
2020-02-18,0.0003309613785453926,0.000467581157969299,0.00046758115796929895,0.000467581157969299,0.000467581157969299,0.000467581157969299,0.000467581157969299,0.000467581157969299,-3.241884203070101e-05,0.000467581157969299,0.000467581157969299,0.000467581157969299
2020-02-19,0.0025294915919757415,0.0035736574848941327,0.0035736574848941327,0.0035736574848941327,0.0035736574848941327,0.0035736574848941327,0.0035736574848941327,0.0035736574848941323,0.0035736574848941327,0.0035736574848941327,0.0035736574848941327,0.0035736574848941327
2020-02-20,-0.003657785501553306,-0.0051677074465201756,-0.0051677074465201756,-0.0051677074465201756,-0.0051677074465201756,-0.0051677074465201756,-0.0051677074465201756,-0.0051677074465201756,-0.0051677074465201756,-0.0051677074465201756,-0.0051677074465201756,-0.0051677074465201756
2020-02-21,-0.01564478249054723,-0.022102897761844376,-0.022102897761844376,-0.022102897761844376,-0.022102897761844376,-0.022102897761844376,-0.022102897761844376,-0.022102897761844376,-0.0005,-0.022102897761844376,-0.022102897761844376,-0.022102897761844376
2020-02-24,-0.030346045709888223,-0.0428727945695111,-0.0428727945695111,-0.0428727945695111,-0.0428727945695111,-0.0428727945695111,-0.0428727945695111,0.04187279456951109,0.0,-0.0428727945695111,-0.0428727945695111,-0.0428727945695111
2020-02-25,-0.01283324741251453,-0.02362185430808217,-0.02362185430808217,-0.02362185430808217,-0.02362185430808217,-0.02362185430808217,-0.0005,0.023621854308082165,0.0,-0.02362185430808217,-0.02362185430808217,-0.02362185430808217
2020-02-26,0.0016155895172479417,0.002993381625120639,0.002993381625120639,0.002993381625120639,0.002993381625120639,0.002993381625120639,0.0,-0.002993381625120639,0.0,-0.0005,-0.0005,0.002993381625120639
2020-02-27,-0.029313621034752,-0.05431259217418538,-0.05431259217418538,-0.05431259217418538,-0.05431259217418538,-0.05431259217418538,0.0,0.05431259217418538,0.0,0.0,0.0,-0.05431259217418538
2020-02-28,0.00846421457850754,0.018479818279582005,-0.0005,0.018479818279582005,0.018479818279582005,-0.019479818279582006,0.0,-0.018479818279582005,0.0,0.0,0.0,0.018479818279582005
2020-03-02,0.01617369765345015,0.035146692451268224,0.0,0.035146692451268224,0.035146692451268224,-0.035146692451268224,0.0,-0.035146692451268224,0.034646692451268224,0.0,0.0,0.035146692451268224
2020-03-03,-0.01613237187776534,-0.035056888353316995,-0.035556888353316995,0.034056888353316994,-0.035056888353316995,0.035056888353316995,0.0,0.035056888353316995,-0.035056888353316995,0.0,0.0,-0.035056888353316995
2020-03-04,0.0130504793948429,0.032801915066673404,-0.0005,0.0318019150666734,0.032801915066673404,-0.032801915066673404,0.0,-0.032801915066673404,-0.0005,0.0,0.0,0.032801915066673404
2020-03-05,-0.019293012195284058,-0.04837852265508891,-0.04887852265508891,0.047378522655088906,-0.04837852265508891,0.04837852265508891,0.0,0.04837852265508891,-0.04887852265508891,0.0,0.0,-0.04837852265508891
2020-03-06,-0.005769149544552619,-0.014466529597174982,-0.0005,-0.015466529597174983,-0.014466529597174982,0.014466529597174982,0.0,0.014466529597174982,-0.0005,0.0,0.0,-0.014466529597174982
2020-03-09,-0.0246064386437027,-0.06170229600935051,0.0,-0.06170229600935051,-0.06170229600935051,0.06170229600935051,0.0,0.06170229600935051,0.0,0.0,0.0,-0.06170229600935051
2020-03-10,0.016855751873819415,-0.0005,0.0,0.048840622099656006,-0.04984062209965601,-0.048840622099656006,0.0,-0.048840622099656006,0.0,0.0,-0.049340622099656006,0.048840622099656006
2020-03-11,-0.01742173076802849,-0.05090114676135765,0.0,-0.05040114676135765,-0.05140114676135765,0.05040114676135765,0.0,0.05040114676135765,-0.05090114676135765,0.0,0.05040114676135765,-0.05040114676135765
2020-03-12,-0.025157417208608042,-0.0005,0.0,-0.08204636051545355,0.08104636051545355,0.08204636051545355,0.0,0.08204636051545355,-0.0005,0.0,0.08204636051545355,-0.08204636051545355
2020-03-13,0.025310974101954486,0.0,0.0,0.09241150387632535,0.09141150387632535,-0.09241150387632535,-0.09291150387632535,-0.09241150387632535,0.0,-0.09291150387632535,-0.09241150387632535,0.09241150387632535
2020-03-16,-0.026554902001678826,0.0,0.0,-0.0005,-0.11634141728034952,0.11634141728034952,0.11634141728034952,0.11634141728034951,-0.11684141728034952,0.11634141728034952,0.11634141728034952,-0.11634141728034952
2020-03-17,0.008346866019082671,0.0,0.0,0.04149430519064928,0.041994305190649284,-0.041994305190649284,-0.041994305190649284,-0.041994305190649284,-0.0005,-0.041994305190649284,-0.041994305190649284,0.041994305190649284
2020-03-18,-0.0046436783678411,0.0,0.0,-0.0005,-0.02403263372452602,0.02403263372452602,0.02403263372452602,0.02403263372452602,-0.02453263372452602,0.02403263372452602,0.02403263372452602,-0.02403263372452602
2020-03-19,0.0036279983646146647,0.0,0.0,0.018268421903543774,0.018768421903543775,-0.018768421903543775,-0.018768421903543775,-0.018768421903543775,-0.0005,-0.018768421903543775,-0.018768421903543775,0.018768421903543775
2020-03-20,-0.007497969639420027,0.0,0.0,-0.03909425400716604,-0.03909425400716604,0.03909425400716604,0.03909425400716604,0.03909425400716604,-0.03959425400716604,0.03909425400716604,0.03909425400716604,-0.03909425400716604
2020-03-23,-0.0025150067255430095,0.0,0.0,-0.013180977162570717,-0.013180977162570717,0.013180977162570717,0.013180977162570717,0.013180977162570717,-0.0005,0.013180977162570717,0.013180977162570717,-0.013180977162570717
2020-03-24,0.013738272018775831,0.0,0.0,0.07198354992174671,0.07198354992174671,-0.07198354992174671,-0.07198354992174671,-0.07198354992174671,0.0,-0.07198354992174671,-0.07198354992174671,0.07198354992174671
2020-03-25,-0.004525256138635068,0.0,0.0,-0.025123684642697097,-0.025123684642697097,0.025123684642697097,0.025123684642697097,0.025123684642697097,-0.025623684642697098,0.025123684642697097,0.025123684642697097,-0.025123684642697097
2020-03-26,0.010006584640802467,0.0,0.0,0.05564536211093096,0.05564536211093096,-0.05564536211093096,-0.05564536211093096,-0.05564536211093096,-0.0005,-0.05564536211093096,-0.05564536211093096,0.05564536211093096
2020-03-27,-0.007868881528668409,0.0,0.0,0.04428265721089386,-0.04528265721089386,0.04528265721089386,0.04528265721089386,0.04528265721089386,-0.04578265721089386,0.04528265721089386,-0.0005,-0.04528265721089386
2020-03-30,0.005676922785191575,0.0,0.0,0.031469769823468385,0.032469769823468386,-0.032469769823468386,-0.032469769823468386,-0.032469769823468386,-0.0005,-0.032469769823468386,0.0,0.032469769823468386
2020-03-31,0.0023670800983184646,0.0,0.0,0.013643791848090281,0.013643791848090281,-0.013643791848090281,-0.013643791848090281,-0.013643791848090281,0.01314379184809028,-0.013643791848090281,0.0,0.013643791848090281
2020-04-01,-0.009041435616712041,0.0,0.0,-0.05150811314934123,-0.05150811314934123,0.05150811314934123,0.05150811314934123,0.05150811314934123,-0.05150811314934123,0.05150811314934123,0.0,-0.05150811314934123
2020-04-02,0.0023529464716491428,0.0,0.0,0.01354696867265237,0.01354696867265237,-0.01354696867265237,-0.01354696867265237,-0.01354696867265237,-0.0005,-0.01354696867265237,0.0,0.01354696867265237
2020-04-03,-0.003824714071194014,0.0,0.0,-0.02178108840601156,-0.02178108840601156,0.02178108840601156,0.02178108840601156,0.02178108840601156,-0.022281088406011562,0.02178108840601156,0.0,-0.02178108840601156
2020-04-06,0.014721146618392054,0.0,0.0,0.08281322917044553,0.08281322917044553,-0.08281322917044553,-0.08281322917044553,-0.08281322917044553,-0.0005,-0.08281322917044553,-0.08331322917044554,0.08281322917044553
2020-04-07,-9.43046323564814e-05,0.0,0.0,-0.0005,-0.0005324615838887548,0.0005324615838887548,0.0005324615838887548,0.0005324615838887548,-0.0010324615838887548,0.0005324615838887548,-0.0005,-0.0005324615838887548
2020-04-08,0.00354824137684191,0.0,0.0,0.0,0.020667000958616066,-0.020667000958616066,-0.020667000958616066,-0.020667000958616066,0.020667000958616066,-0.020667000958616066,0.0,0.020667000958616066
2020-04-09,-6.367970244590237e-05,0.0,-0.0008562195577674343,0.0,-0.0003562195577674343,0.0003562195577674343,0.0003562195577674343,0.0003562195577674343,-0.0003562195577674343,0.0003562195577674343,0.0,-0.0003562195577674343
2020-04-13,0.0005665070130302656,0.0,0.0031825582361142413,0.0,0.0031825582361142413,-0.0031825582361142413,-0.0031825582361142413,-0.0031825582361142413,0.0031825582361142413,-0.0031825582361142413,0.0,0.0031825582361142413
2020-04-14,0.008665929103078436,0.0,-0.0005,0.04479048510130873,0.04529048510130873,-0.04529048510130873,-0.0005,0.04429048510130873,0.04529048510130873,-0.0005,0.0,0.04529048510130873
2020-04-15,-0.0012898567358591365,0.0,0.0,-0.0062677239410349195,-0.0062677239410349195,0.0062677239410349195,0.0,-0.0062677239410349195,-0.0062677239410349195,-0.00676772394103492,0.0,-0.0062677239410349195
2020-04-16,1.978219485655559e-06,0.0,0.0,0.00010339864425956691,-0.001103398644259567,-0.00010339864425956691,0.0,0.00010339864425956691,0.00010339864425956691,0.00010339864425956691,0.0,0.00010339864425956691
2020-04-17,0.0044325284958959005,0.0,0.0,0.01715419789984729,-0.01715419789984729,-0.01715419789984729,0.0,0.01715419789984729,0.01715419789984729,0.01715419789984729,0.0,0.01715419789984729
2020-04-20,-0.0036713921048861335,-0.01445632579769135,0.0,-0.013956325797691349,0.013956325797691349,0.013956325797691349,-0.01445632579769135,-0.013956325797691349,-0.013956325797691349,-0.013956325797691349,0.0,-0.013956325797691349
2020-04-21,-0.01014933529736344,-0.0005,0.0,-0.03884544125102829,-0.03984544125102829,0.03884544125102829,-0.0005,-0.03884544125102829,-0.0005,-0.03884544125102829,0.0,-0.03884544125102829
2020-04-22,0.009972407997743864,0.0,0.0,0.03815503562906142,0.03815503562906142,-0.03815503562906142,0.0,0.03815503562906142,0.0,0.03815503562906142,0.0,0.03815503562906142
2020-04-23,0.0026253280053512725,0.0,0.0,0.010139724978378117,-0.011139724978378118,-0.010139724978378117,0.0,0.010139724978378116,0.009639724978378117,0.010139724978378117,0.0,0.010139724978378117
2020-04-24,0.0011926016932450904,0.0,0.0,0.0042717433815013806,-0.0042717433815013806,-0.0042717433815013806,0.0037717433815013805,0.0042717433815013806,0.0042717433815013806,0.0042717433815013806,0.0,0.0042717433815013806
2020-04-27,-0.0013002820688251366,-0.004996434705197339,0.0,-0.0044964347051973386,0.0044964347051973386,-0.005496434705197339,-0.0044964347051973386,-0.0044964347051973386,-0.0044964347051973386,-0.0044964347051973386,-0.004996434705197339,-0.0044964347051973386
2020-04-28,-0.009210926197605763,-0.0005,0.0,-0.030113483676254993,0.030113483676254993,-0.030113483676254993,-0.030113483676254993,-0.03011348367625499,-0.030113483676254993,-0.030113483676254993,-0.0005,-0.030113483676254993
2020-04-29,0.02813557113598976,0.0,0.0,0.08891034953903842,0.08791034953903842,0.08891034953903842,-0.0005,0.08891034953903842,-0.0005,0.08891034953903842,0.08841034953903842,0.08891034953903842
2020-04-30,0.00089863621117876,0.002867665661291097,0.002867665661291097,0.003367665661291097,-0.004367665661291097,0.003367665661291097,0.002867665661291097,0.0033676656612910967,0.002867665661291097,0.003367665661291097,0.003367665661291097,0.003367665661291097
2020-05-01,-0.005963263303191959,-0.02181612798392718,-0.02181612798392718,-0.02181612798392718,0.02181612798392718,-0.02181612798392718,-0.02181612798392718,-0.02181612798392718,-0.02181612798392718,-0.02181612798392718,-0.02181612798392718,-0.02181612798392718
2020-05-04,0.0012201444437674486,0.00423579372489713,-0.0005,0.00423579372489713,-0.00423579372489713,0.00423579372489713,0.00423579372489713,0.00423579372489713,-0.0005,0.00423579372489713,0.00423579372489713,0.00423579372489713
2020-05-05,0.005726612127971597,0.019744443424300373,0.0,0.019744443424300373,-0.019744443424300373,0.019744443424300373,0.019744443424300373,0.019744443424300373,0.0,0.019744443424300373,0.019744443424300373,0.019744443424300373
2020-05-06,-0.0007914167237216125,-0.002661118637507287,-0.003161118637507287,-0.002661118637507287,0.002661118637507287,-0.002661118637507287,-0.002661118637507287,-0.002661118637507287,-0.003161118637507287,-0.002661118637507287,-0.002661118637507287,-0.002661118637507287
2020-05-07,0.006100867497903297,0.017726379853710172,0.017726379853710172,0.017726379853710172,-0.017726379853710172,0.017726379853710172,0.017726379853710172,0.017726379853710172,-0.0005,0.017726379853710172,0.017726379853710172,0.017726379853710172
2020-05-08,0.0037926497107221447,0.010998850007290839,0.010998850007290839,-0.01199885000729084,-0.010998850007290839,0.010998850007290839,0.010998850007290839,0.010998850007290839,0.010498850007290839,0.010998850007290839,0.010998850007290839,0.010998850007290839
2020-05-11,0.004821455536852744,0.01390532202219763,0.01390532202219763,-0.01390532202219763,-0.01390532202219763,0.01390532202219763,0.01390532202219763,0.01390532202219763,0.01390532202219763,0.01390532202219763,0.01390532202219763,0.01390532202219763
2020-05-12,-0.007022779037765233,-0.020240810255373165,-0.020240810255373165,0.020240810255373165,0.020240810255373165,-0.020240810255373165,-0.020240810255373165,-0.020240810255373165,-0.020240810255373165,-0.020240810255373165,-0.020240810255373165,-0.020240810255373165
2020-05-13,-0.0066180187802191365,-0.019524876281292403,-0.019524876281292403,0.019524876281292403,-0.020524876281292403,-0.019524876281292403,-0.019524876281292403,-0.019524876281292403,-0.0005,-0.019524876281292403,-0.019524876281292403,-0.019524876281292403
2020-05-14,0.0022119635392208376,0.006326360077220983,0.006326360077220983,0.005326360077220983,0.006326360077220983,0.006326360077220983,0.006326360077220983,0.006326360077220982,0.0,0.006326360077220983,0.006326360077220983,0.006326360077220983
2020-05-15,0.004198375729209964,0.011939311290015242,0.011939311290015242,-0.012939311290015243,0.011939311290015242,0.011939311290015242,0.011939311290015242,0.011939311290015242,0.011439311290015242,0.011939311290015242,0.011939311290015242,0.011939311290015242
2020-05-18,0.0030996768784015832,0.008827168210399972,0.008827168210399972,-0.008827168210399972,0.008827168210399972,0.008827168210399972,0.008827168210399972,0.00882716821039997,0.008827168210399972,0.008827168210399972,0.008827168210399972,0.008827168210399972
2020-05-19,-0.002747652725390239,-0.007782507650480164,-0.007782507650480164,-0.008782507650480165,-0.007782507650480164,-0.007782507650480164,-0.007782507650480164,-0.007782507650480164,-0.007782507650480164,-0.007782507650480164,-0.0005,-0.007782507650480164
2020-05-20,0.008983858819798374,0.02529082335547317,0.02529082335547317,-0.02629082335547317,0.02529082335547317,0.02529082335547317,0.02529082335547317,0.02529082335547317,-0.0005,0.02529082335547317,0.0,0.02529082335547317
2020-05-21,-0.0006571780980902647,-0.0017099817247273608,-0.0017099817247273608,0.0017099817247273608,-0.0017099817247273608,-0.0017099817247273608,-0.0017099817247273608,-0.0017099817247273608,-0.0022099817247273608,-0.0017099817247273608,-0.0022099817247273608,-0.0017099817247273608
2020-05-22,0.0018040063199247745,0.004613467398448146,0.004613467398448146,-0.004613467398448146,0.004613467398448146,0.004613467398448146,0.004613467398448146,0.004613467398448146,0.004613467398448146,0.004613467398448146,0.004613467398448146,0.004613467398448146
2020-05-26,0.002260614807695344,0.005752578453782853,0.005752578453782852,-0.005752578453782853,0.005752578453782853,0.005752578453782853,0.005752578453782853,0.005752578453782853,0.005752578453782853,0.005752578453782853,0.005752578453782853,0.005752578453782853
2020-05-27,-0.00030133493113234766,-0.0007666884431166698,-0.00076668844311667,0.0007666884431166698,-0.0007666884431166698,-0.0007666884431166698,-0.0007666884431166698,-0.0007666884431166698,-0.0007666884431166698,-0.0007666884431166698,-0.0007666884431166698,-0.0007666884431166698
2020-05-28,-0.0005664778955860161,-0.001436245744020459,-0.001436245744020459,0.001436245744020459,-0.001436245744020459,-0.001436245744020459,-0.001436245744020459,-0.001436245744020459,-0.0005,-0.001436245744020459,-0.001436245744020459,-0.001436245744020459
2020-05-29,0.004488082239285118,0.01077382266534066,0.01077382266534066,-0.01077382266534066,0.01077382266534066,0.01077382266534066,0.01077382266534066,0.01077382266534066,0.01027382266534066,0.01077382266534066,0.01077382266534066,0.01077382266534066
2020-06-01,0.0005366811603755893,0.0009416735823672973,0.0009416735823672973,-0.0009416735823672973,0.0009416735823672973,0.0009416735823672973,0.0009416735823672973,0.0009416735823672973,0.0009416735823672973,0.0009416735823672973,0.0009416735823672973,0.0009416735823672973
2020-06-02,0.0038458109254442528,0.0051853289479260045,0.0051853289479260045,-0.0051853289479260045,0.0051853289479260045,0.0051853289479260045,0.0051853289479260045,0.0051853289479260045,0.0051853289479260045,0.0051853289479260045,0.0051853289479260045,0.0051853289479260045
2020-06-03,-0.0018040663123728242,-0.00212162239326652,-0.00212162239326652,0.00212162239326652,-0.00212162239326652,-0.00212162239326652,-0.00212162239326652,-0.00212162239326652,-0.00212162239326652,-0.00212162239326652,-0.00212162239326652,-0.00212162239326652
2020-06-04,-0.014274283848895222,-0.01733561213288559,-0.01733561213288559,0.01733561213288559,-0.01733561213288559,-0.01733561213288559,-0.01733561213288559,-0.01733561213288559,-0.01733561213288559,-0.01733561213288559,-0.01733561213288559,-0.01733561213288559
2020-06-05,0.014555974567485098,0.018185776219102667,0.018185776219102667,-0.018185776219102667,0.018185776219102667,0.018185776219102667,0.018185776219102667,0.018185776219102667,-0.0005,0.018185776219102667,0.018185776219102667,0.018185776219102667
2020-06-08,0.004290440426105336,0.005569376787400326,0.005569376787400326,0.004569376787400326,0.005569376787400326,0.005569376787400326,0.005569376787400326,0.005569376787400326,0.005069376787400326,0.005569376787400326,0.005569376787400326,0.005569376787400326
2020-06-09,0.0022218233712668453,0.0027898894228715054,0.002789889422871505,-0.0037898894228715055,0.0027898894228715054,0.0027898894228715054,0.0027898894228715054,0.0027898894228715054,0.0027898894228715054,0.0027898894228715054,0.0027898894228715054,0.0027898894228715054
2020-06-10,0.007052044237082501,0.008690928555094901,0.008690928555094901,-0.008690928555094901,0.008690928555094901,0.008690928555094901,0.008690928555094901,0.008690928555094901,0.008690928555094901,0.008690928555094901,0.008690928555094901,0.008690928555094901
2020-06-11,-0.03544868295338228,-0.04287549943834201,-0.042875499438342006,0.04287549943834201,-0.04287549943834201,-0.04287549943834201,-0.04287549943834201,-0.04287549943834201,-0.04287549943834201,-0.04287549943834201,-0.04287549943834201,-0.04287549943834201
2020-06-12,0.005096084255270998,0.007860770389758631,0.007860770389758631,-0.0005,0.007860770389758631,0.007860770389758631,-0.0005,0.007860770389758631,-0.0005,0.007860770389758631,0.007860770389758631,0.007860770389758631
2020-06-15,0.0038262767508231983,0.005534559838628494,0.005534559838628494,0.005034559838628494,0.005534559838628494,0.005534559838628494,0.0,0.005534559838628494,0.0,0.005534559838628494,0.005534559838628494,0.005534559838628494
2020-06-16,0.012588309936166844,0.018110492598160777,0.018110492598160777,-0.0005,-0.019110492598160778,0.018110492598160777,0.017610492598160776,0.018110492598160777,0.017610492598160776,0.018110492598160777,-0.0005,0.018110492598160777
2020-06-17,0.002850166672455669,0.004196133593024953,0.004196133593024953,0.0,-0.004196133593024953,0.004196133593024953,0.004196133593024953,0.004196133593024953,0.004196133593024953,0.004196133593024953,0.0,0.004196133593024953
2020-06-18,-0.008678865024769434,-0.012681098174305516,-0.012681098174305516,0.0,0.012681098174305516,-0.012681098174305516,-0.012681098174305516,-0.012681098174305516,-0.012681098174305516,-0.012681098174305516,0.0,-0.012681098174305516
2020-06-19,-0.004457787687796899,-0.006610317986973424,-0.006610317986973424,-0.0071103179869734245,-0.007610317986973424,-0.006610317986973424,-0.006610317986973424,-0.006610317986973424,-0.0005,-0.006610317986973424,0.0,-0.006610317986973424
2020-06-22,0.013159682079314235,0.01826405862686742,0.01826405862686742,-0.01926405862686742,0.01826405862686742,0.01826405862686742,0.01826405862686742,0.01826405862686742,0.0,0.01826405862686742,0.0,0.01826405862686742
2020-06-23,0.006352066057219457,0.009182060477844534,0.009182060477844534,0.008182060477844533,-0.010182060477844534,0.009182060477844534,0.009182060477844534,0.009182060477844534,0.008682060477844533,0.009182060477844534,0.008682060477844533,0.009182060477844534
2020-06-24,-0.014722012924336243,-0.0213664316476605,-0.0213664316476605,-0.0005,0.0213664316476605,-0.0213664316476605,-0.0213664316476605,-0.0213664316476605,-0.0213664316476605,-0.0213664316476605,-0.0213664316476605,-0.0213664316476605
2020-06-25,0.003781605874523976,0.005863122253625619,0.005863122253625619,0.0,0.004863122253625619,0.005863122253625619,0.005863122253625619,0.005863122253625619,-0.0005,0.005863122253625619,0.005863122253625619,0.005863122253625619
2020-06-26,-0.035244762272866124,-0.054513953760891964,-0.054513953760891964,0.0,-0.054513953760891964,-0.054513953760891964,-0.054513953760891964,-0.05451395376089196,0.0,-0.054513953760891964,-0.054513953760891964,-0.054513953760891964
2020-06-29,0.012590030019270162,0.02541594749644016,0.02541594749644016,0.0,0.02541594749644016,0.02541594749644016,-0.0005,-0.026415947496440162,0.0,-0.0005,-0.0005,0.02541594749644016
2020-06-30,0.007158175800058822,0.014944113688661886,0.014944113688661886,0.014444113688661886,-0.015944113688661884,0.014944113688661886,0.0,-0.014944113688661886,0.014444113688661886,0.0,0.0,0.014944113688661886
2020-07-01,0.007973472333231545,0.01688948600728124,0.01688948600728124,-0.0005,-0.016889486007281237,0.01688948600728124,0.0,-0.016889486007281237,0.01688948600728124,0.0,0.0,0.01688948600728124
2020-07-02,0.008999205546452666,0.019369017173490377,0.019369017173490377,-0.019869017173490378,-0.019369017173490377,0.019369017173490377,0.018869017173490377,-0.019369017173490377,0.019369017173490377,0.0,0.0,0.019369017173490377
2020-07-06,0.009205435456306177,0.02021864424565445,0.02021864424565445,0.019218644245654448,-0.02021864424565445,0.02021864424565445,0.02021864424565445,0.019218644245654448,0.02021864424565445,0.0,0.0,0.02021864424565445
2020-07-07,-0.0029647196389880094,-0.006487969325344234,-0.006487969325344234,-0.006487969325344234,0.006487969325344234,-0.006487969325344234,-0.006487969325344234,-0.006487969325344234,-0.006487969325344234,-0.006987969325344234,-0.006987969325344234,-0.006487969325344234
2020-07-08,0.0042345157820722875,0.00918157003153075,0.00918157003153075,0.00918157003153075,0.00818157003153075,0.00918157003153075,0.00918157003153075,0.00918157003153075,-0.0005,0.00918157003153075,0.00918157003153075,0.00918157003153075
2020-07-09,0.004610475483708857,0.010015988929685582,0.010015988929685582,-0.0005,-0.011015988929685583,0.010015988929685582,0.010015988929685582,0.010015988929685582,0.009515988929685582,0.010015988929685582,0.010015988929685582,0.010015988929685582
2020-07-10,0.006145805519700164,0.013400014779204383,0.013400014779204383,0.012900014779204383,-0.013400014779204383,0.013400014779204383,0.013400014779204383,0.013400014779204383,0.013400014779204383,0.013400014779204383,0.013400014779204383,0.013400014779204383
2020-07-13,-0.007945126656113239,-0.017400812030559543,-0.017400812030559543,-0.0005,0.017400812030559543,-0.017400812030559543,-0.017400812030559543,-0.017400812030559543,-0.017400812030559543,-0.017400812030559543,-0.017400812030559543,-0.017400812030559543
2020-07-14,0.002882733238257195,0.005706756204850283,0.005706756204850283,0.0,0.004706756204850283,0.005706756204850283,0.005706756204850283,0.005706756204850283,-0.0005,0.005706756204850283,0.005706756204850283,0.005706756204850283
2020-07-15,-0.0013356162716580365,-0.0026168317761701143,-0.002616831776170114,0.0,-0.0026168317761701143,-0.0026168317761701143,-0.0026168317761701143,-0.002616831776170114,0.0,-0.0026168317761701143,-0.0026168317761701143,-0.0026168317761701143
2020-07-16,-0.0006584472285416458,-0.0012922113843893968,-0.0012922113843893968,0.0007922113843893967,-0.0012922113843893965,-0.0012922113843893968,-0.0012922113843893968,-0.0012922113843893968,-0.0017922113843893968,-0.0012922113843893968,-0.0012922113843893968,-0.0012922113843893968
2020-07-17,0.0006548899354198875,0.0012739665140995005,0.0012739665140995005,-0.0005,0.0012739665140995005,0.0012739665140995005,0.0012739665140995005,0.0012739665140995005,-0.0005,0.0012739665140995005,0.0012739665140995005,0.0012739665140995005
2020-07-20,0.016027491750002044,0.030978778509670013,0.030978778509670013,0.0,0.03097877850967001,0.030978778509670013,0.030978778509670013,0.030978778509670013,0.030478778509670013,0.030978778509670013,0.030978778509670013,0.030978778509670013
2020-07-21,-0.002534304455403073,-0.005064622914952799,-0.005064622914952799,0.0,-0.005064622914952798,-0.005064622914952799,-0.005064622914952799,-0.005064622914952799,-0.005064622914952799,-0.005064622914952799,-0.005064622914952799,-0.005064622914952799
2020-07-22,0.002867045134921981,0.005739442754623791,0.005739442754623791,-0.006239442754623792,0.0057394427546237905,0.005739442754623791,0.005739442754623791,0.005739442754623791,0.005739442754623791,0.005739442754623791,0.005739442754623791,0.005739442754623791
2020-07-23,-0.015578514638684749,-0.03073771923067803,-0.03073771923067803,-0.0005,-0.03073771923067803,-0.03073771923067803,-0.03073771923067803,-0.030737719230678025,-0.0005,-0.03073771923067803,-0.03073771923067803,-0.03073771923067803
2020-07-24,-0.0026709869531721287,-0.005630477246786336,-0.005630477246786336,0.005130477246786336,-0.005630477246786336,-0.005630477246786336,-0.005630477246786336,-0.005630477246786336,0.0,-0.005630477246786336,-0.005630477246786336,-0.005630477246786336
2020-07-27,0.0068366856094977235,0.014069445450954454,0.014069445450954454,0.013069445450954453,0.014069445450954454,0.014069445450954454,0.014069445450954454,0.014069445450954454,0.0,0.014069445450954454,0.014069445450954454,0.014069445450954454
2020-07-28,-0.008138685201760691,-0.016855770906052614,-0.016855770906052614,-0.0005,-0.01685577090605261,-0.016855770906052614,-0.016855770906052614,-0.016855770906052614,-0.017355770906052614,-0.016855770906052614,-0.016855770906052614,-0.016855770906052614
2020-07-29,0.00809093711649428,0.013207909163541753,0.013207909163541753,0.012707909163541753,0.013207909163541753,0.013207909163541753,-0.0005,0.013207909163541753,-0.0005,0.013207909163541753,-0.0005,0.013207909163541753
2020-07-30,0.006258980672056162,0.009753838620657929,0.009753838620657929,0.009753838620657929,0.009753838620657927,0.009753838620657929,0.009253838620657928,0.009753838620657927,0.009253838620657928,0.009753838620657929,0.0,0.009753838620657929
2020-07-31,-0.021289132067649028,-0.03277512320816556,-0.03277512320816556,-0.0005,-0.03277512320816555,-0.03277512320816556,-0.03277512320816556,-0.03277512320816556,-0.03277512320816556,-0.03277512320816556,0.0,-0.03277512320816556
2020-08-03,-0.00205893417187594,-0.0034879967555443425,-0.0034879967555443425,-0.003987996755544343,-0.0034879967555443425,-0.0034879967555443425,-0.0005,-0.0034879967555443425,-0.0005,-0.0034879967555443425,0.0,-0.0034879967555443425
2020-08-04,-0.0038265032413975554,-0.006379875593931272,-0.006379875593931272,-0.006379875593931272,-0.0063798755939312715,-0.006379875593931272,0.0,-0.006379875593931272,-0.006879875593931273,-0.006379875593931272,0.0,-0.006379875593931272
2020-08-05,0.002433005107111727,0.003929970623438139,0.003929970623438138,0.003929970623438139,0.003929970623438139,0.003929970623438139,0.0,-0.004929970623438139,-0.0005,0.003929970623438139,0.0,0.003929970623438139
2020-08-06,0.010895823673704461,0.01748377187865291,0.017483771878652906,0.01748377187865291,0.017483771878652906,0.01748377187865291,0.0,-0.01748377187865291,0.01698377187865291,0.01748377187865291,0.0,0.01748377187865291
2020-08-07,-0.0026687385252536834,-0.004372373839446442,-0.004372373839446442,-0.0005,-0.004372373839446441,-0.004372373839446442,-0.004872373839446442,-0.005372373839446442,-0.004372373839446442,-0.004372373839446442,0.0,-0.004372373839446442
2020-08-10,-0.0006380614113651791,-0.001034272781509582,-0.0010342727815095818,-0.001534272781509582,-0.0010342727815095818,-0.001034272781509582,-0.0005,3.4272781509582e-05,-0.001034272781509582,-0.001034272781509582,0.0,-0.001034272781509582
2020-08-11,-0.0068361469834831694,-0.010876507274967806,-0.010876507274967806,-0.010876507274967806,-0.010876507274967806,-0.010876507274967806,0.0,0.010876507274967806,-0.0005,-0.010876507274967806,0.0,-0.010876507274967806
2020-08-12,0.011536922473445824,0.018033943236899663,0.018033943236899663,0.018033943236899663,0.01803394323689966,0.018033943236899663,0.0,-0.018033943236899663,0.0,0.018033943236899663,0.0,0.018033943236899663
2020-08-13,0.0038513411613017518,0.006243164022903036,0.006243164022903036,0.006243164022903036,0.006243164022903036,0.006243164022903036,0.005743164022903036,-0.006243164022903036,0.005743164022903036,0.006243164022903036,0.005743164022903036,0.006243164022903036
2020-08-14,-0.004886054780072337,-0.007925371867842923,-0.007925371867842923,-0.0005,-0.007925371867842923,-0.007925371867842923,-0.007925371867842923,0.007925371867842923,-0.007925371867842923,-0.007925371867842923,-0.007925371867842923,-0.007925371867842923
2020-08-17,0.004723714118125321,0.0077161273794326135,0.0077161273794326135,0.007216127379432613,0.0077161273794326135,0.0077161273794326135,0.0077161273794326135,-0.0077161273794326135,-0.0005,0.0077161273794326135,0.0077161273794326135,0.0077161273794326135
2020-08-18,0.015871829945879597,0.026077893154286436,0.026077893154286432,0.026077893154286436,0.026077893154286436,0.026077893154286436,0.026077893154286436,-0.026077893154286436,0.025577893154286435,0.026077893154286436,0.026077893154286436,0.026077893154286436
2020-08-19,-0.004512257921959372,-0.007179746270313703,-0.007179746270313702,-0.007179746270313703,-0.007179746270313703,-0.007179746270313703,-0.007179746270313703,0.007179746270313703,-0.007179746270313703,-0.007179746270313703,-0.007179746270313703,-0.007179746270313703
2020-08-20,0.012811045002882758,0.02048409448677635,0.02048409448677635,0.02048409448677635,0.02048409448677635,0.02048409448677635,0.02048409448677635,-0.02048409448677635,-0.0005,0.02048409448677635,0.02048409448677635,0.02048409448677635
2020-08-21,-0.00027156184803611656,-0.000431474049345848,-0.000431474049345848,-0.0005,-0.000431474049345848,-0.000431474049345848,-0.000431474049345848,-0.001431474049345848,-0.000931474049345848,-0.000431474049345848,-0.000431474049345848,-0.000431474049345848
2020-08-24,0.004061207549438144,0.0060803720603035405,0.0060803720603035405,0.0,0.0060803720603035405,0.0060803720603035405,0.0060803720603035405,0.0060803720603035405,0.0060803720603035405,0.0060803720603035405,0.0060803720603035405,0.0060803720603035405
2020-08-25,0.008850715745656311,0.01305878180448694,0.01305878180448694,0.0,0.01305878180448694,0.01305878180448694,0.01305878180448694,0.01305878180448694,0.01305878180448694,0.01305878180448694,0.01305878180448694,0.01305878180448694
2020-08-26,0.016205871335171144,0.023837762184132805,0.023837762184132805,0.0,0.023837762184132805,0.023837762184132805,0.023837762184132805,0.023837762184132805,0.023837762184132805,0.023837762184132805,0.023837762184132805,0.023837762184132805
2020-08-27,-0.006448246228245581,-0.009494332819051543,-0.009494332819051543,0.008994332819051543,-0.009494332819051543,-0.009494332819051543,-0.009494332819051543,-0.009494332819051543,-0.009494332819051543,-0.009494332819051543,-0.009494332819051543,-0.009494332819051543
2020-08-28,0.004494459483945476,0.006699207022606624,0.006699207022606624,-0.0005,0.006699207022606624,0.006699207022606624,0.006699207022606624,0.006699207022606624,-0.0005,0.006699207022606624,0.006699207022606624,0.006699207022606624
2020-08-31,-0.004071865578254844,-0.006038648477041719,-0.006038648477041719,-0.00653864847704172,-0.006038648477041719,-0.006038648477041719,-0.006038648477041719,-0.006038648477041719,-0.00653864847704172,-0.006038648477041719,-0.006038648477041719,-0.006038648477041719
2020-09-01,0.012702673432511288,0.01567948529978591,0.01567948529978591,0.01567948529978591,0.01567948529978591,0.01567948529978591,0.01567948529978591,0.01567948529978591,-0.0005,0.01567948529978591,0.01567948529978591,0.01567948529978591
2020-09-02,0.030398392915261974,0.0376477552035559,0.0376477552035559,0.0376477552035559,0.0376477552035559,0.0376477552035559,0.0376477552035559,0.0376477552035559,0.0371477552035559,0.0376477552035559,0.0376477552035559,0.0376477552035559
2020-09-03,-0.036317370940382475,-0.05117090426422555,-0.05117090426422555,0.050170904264225546,-0.05117090426422555,-0.05117090426422555,-0.05117090426422555,-0.05117090426422555,-0.05117090426422555,-0.05117090426422555,-0.05117090426422555,-0.05117090426422555
2020-09-04,-0.015254885010803925,-0.029640747780906973,-0.029640747780906973,-0.0005,-0.029640747780906973,-0.029640747780906973,-0.029640747780906973,-0.029640747780906973,-0.0005,-0.029640747780906973,-0.029640747780906973,-0.029640747780906973
2020-09-08,-0.01750660903904584,-0.03643398256755537,-0.03643398256755537,0.0,-0.03643398256755537,-0.03643398256755537,-0.0005,-0.03643398256755536,0.0,-0.03643398256755537,-0.03643398256755537,-0.03643398256755537
2020-09-09,0.0068244442764222426,0.015509274040688359,0.015509274040688357,0.0,0.015509274040688359,0.015509274040688359,0.0,0.015509274040688359,0.0,0.015509274040688359,-0.0005,0.015509274040688359
2020-09-10,-0.0059803020418200134,-0.013688855140345013,-0.013688855140345013,-0.014188855140345014,-0.013688855140345013,-0.013688855140345013,0.0,-0.013688855140345013,-0.014188855140345014,-0.013688855140345013,0.0,-0.013688855140345013
2020-09-11,-0.0029331822009085245,-0.006742713265719957,-0.006742713265719957,-0.006742713265719957,-0.006742713265719957,-0.006742713265719957,0.0,-0.006742713265719957,-0.0005,-0.006742713265719957,0.0,-0.006742713265719957
2020-09-14,-0.0020153307196515563,-0.004572341220294374,-0.004572341220294373,-0.0005,-0.004572341220294374,-0.004572341220294374,0.0,-0.004572341220294374,0.0,-0.004572341220294374,0.0,-0.004572341220294374
2020-09-15,0.007675075285575309,0.017424015878617638,0.017424015878617638,0.016924015878617638,0.017424015878617638,0.017424015878617638,0.0,-0.01842401587861764,0.0,0.017424015878617638,0.0,0.017424015878617638
2020-09-16,-0.006536233804992573,-0.015002101856613215,-0.015002101856613215,-0.015002101856613215,-0.015002101856613215,-0.015002101856613215,0.0,-0.016002101856613216,-0.015502101856613215,-0.015002101856613215,0.0,-0.015002101856613215
2020-09-17,-0.0071437533387195195,-0.016566297104830263,-0.01656629710483026,-0.016566297104830263,-0.016566297104830263,-0.016566297104830263,0.0,0.015566297104830262,-0.0005,-0.016566297104830263,0.0,-0.016566297104830263
2020-09-18,-0.010700097302991079,-0.024175630783628277,-0.024175630783628277,-0.024175630783628277,-0.024175630783628277,0.023175630783628276,0.0,0.024175630783628273,0.0,-0.0005,0.023675630783628276,-0.024175630783628277
2020-09-21,-0.006238832854870419,-0.0005,-0.0005,0.01343729964255247,-0.01443729964255247,0.01443729964255247,0.0,0.01443729964255247,0.0,0.0,0.01443729964255247,-0.01443729964255247
2020-09-22,0.009178608546600736,0.0,0.0,-0.020753078409177617,0.020753078409177617,-0.020753078409177617,0.0,-0.020753078409177617,0.0,0.0,-0.020753078409177617,0.020753078409177617
2020-09-23,-0.014818273218028616,0.0,0.0,-0.0355452298368405,-0.034545229836840496,0.034545229836840496,0.0,0.034545229836840496,0.0,0.0,0.034545229836840496,-0.034545229836840496
2020-09-24,0.003929939979204315,0.0,0.0,-0.010557096164928281,0.00955709616492828,-0.00955709616492828,0.0,-0.00955709616492828,0.0,0.0,-0.00955709616492828,0.00955709616492828
2020-09-25,0.004716998758850298,0.0,0.0,-0.011385718435620085,0.011385718435620085,-0.011385718435620085,0.0,-0.011385718435620085,0.0,0.0,-0.011385718435620085,0.011385718435620085
2020-09-28,0.0058030360993272,0.0,0.0,0.012619833352802368,0.013619833352802369,-0.013619833352802369,0.0,-0.013619833352802369,0.0,0.0,-0.013619833352802369,0.013619833352802369
2020-09-29,0.002110925578658394,0.0,0.0,0.005045880660890845,0.005045880660890845,-0.005045880660890845,0.0,-0.005045880660890845,0.004545880660890844,0.0,-0.005045880660890845,0.005045880660890845
2020-09-30,-0.00012067881144572315,0.0,0.0,-0.0005,-0.0002865614142377737,0.0002865614142377737,0.0,0.0002865614142377736,-0.0002865614142377737,0.0,0.0002865614142377737,-0.0002865614142377737
2020-10-01,0.006381338436475484,0.0,0.0,0.014715636516225261,0.015215636516225262,-0.015215636516225262,0.0,-0.015215636516225262,0.015215636516225262,0.0,-0.0005,0.015215636516225262
2020-10-02,-0.009113322666348499,-0.02220847423116451,-0.02220847423116451,-0.02170847423116451,-0.02170847423116451,0.02170847423116451,-0.02220847423116451,0.02170847423116451,-0.02170847423116451,0.0,0.0,-0.02170847423116451
2020-10-05,0.008581011839366924,-0.0005,-0.0005,0.018707164820753963,0.018707164820753963,-0.018707164820753963,-0.0005,-0.018707164820753963,-0.0005,0.0,0.0,0.018707164820753963
2020-10-06,-0.01084630001428185,0.0,0.0,-0.021452251771146402,-0.021452251771146402,0.021452251771146402,0.0,0.021452251771146402,-0.021952251771146403,0.0,0.0,-0.021452251771146402
2020-10-07,0.002890403843199085,0.0,0.0,0.005596115522632283,0.005596115522632283,-0.005596115522632283,0.0,-0.005596115522632283,-0.0005,0.0,0.0,0.005596115522632283
2020-10-08,0.00936610776453082,0.0,0.0,0.016646600352880236,0.016646600352880236,-0.016646600352880236,0.0,-0.016646600352880236,0.0,0.0,0.0,0.016646600352880236
2020-10-09,0.010235500433746778,0.0,0.0,0.018214661597254933,0.018214661597254933,-0.018214661597254933,0.017714661597254933,-0.018214661597254933,0.017714661597254933,0.0,0.0,0.018214661597254933
2020-10-12,0.019766012793549517,0.03534348403736248,0.03534348403736248,0.03584348403736248,-0.036843484037362484,-0.03584348403736248,0.03584348403736248,-0.03584348403736248,0.03584348403736248,0.03534348403736248,0.0,0.03584348403736248
2020-10-13,0.0007735561478922234,0.0015852692748898889,0.0015852692748898889,-0.0005,-0.0015852692748898889,-0.0015852692748898889,0.0015852692748898889,0.0005852692748898889,0.0015852692748898889,0.0015852692748898889,0.0,0.0015852692748898889
2020-10-14,-0.0011698797165215766,-0.0023165746287827638,-0.0023165746287827638,-0.0028165746287827638,0.0023165746287827638,0.0023165746287827638,-0.0023165746287827638,-0.0023165746287827638,-0.0023165746287827638,-0.0023165746287827638,0.0,-0.0023165746287827638
2020-10-15,-0.002622162489145747,-0.005097723014427902,-0.005097723014427902,-0.005097723014427902,-0.006097723014427902,0.005097723014427902,-0.005097723014427902,-0.005097723014427902,-0.005097723014427902,-0.005097723014427902,0.0,-0.005097723014427902
2020-10-16,0.004101771385558695,0.007862668776653203,0.007862668776653203,0.007862668776653203,-0.0088626687766532,-0.007862668776653203,0.007862668776653203,0.007862668776653203,0.007862668776653203,0.007862668776653203,0.0,0.007862668776653203
2020-10-19,-0.012895181814781843,-0.024079965615900645,-0.024079965615900645,-0.024079965615900645,0.024079965615900645,0.024079965615900645,-0.024079965615900645,-0.024079965615900645,-0.024079965615900645,-0.024079965615900645,0.0,-0.024079965615900645
2020-10-20,0.007395178771624103,0.013810965621551263,0.013810965621551263,-0.0005,-0.013810965621551262,-0.013810965621551263,0.013810965621551263,0.013810965621551263,-0.0005,0.013810965621551263,0.0,0.013810965621551263
2020-10-21,0.012252243913255308,0.02250706717165163,0.02250706717165163,0.0,-0.02250706717165163,0.021507067171651628,0.02250706717165163,0.02250706717165163,0.02200706717165163,0.02250706717165163,0.02200706717165163,0.02250706717165163
2020-10-22,0.007059827137109034,0.013032645189219316,0.013032645189219316,0.0,-0.013032645189219316,0.013032645189219316,0.013032645189219316,0.013032645189219316,0.013032645189219316,0.013032645189219316,0.013032645189219316,0.013032645189219316
2020-10-23,0.010207844524230828,0.016381842814793046,0.016381842814793046,0.015881842814793046,-0.016381842814793046,0.016381842814793046,0.016381842814793046,0.016381842814793046,0.016381842814793046,0.016381842814793046,0.016381842814793046,0.016381842814793046
2020-10-26,-0.018481466260950305,-0.029816734517458032,-0.029816734517458032,-0.029816734517458032,0.029816734517458032,-0.029816734517458032,-0.029816734517458032,-0.029816734517458032,-0.029816734517458032,-0.029816734517458032,-0.029816734517458032,-0.029816734517458032
2020-10-27,0.0050410582371301855,0.009209308146571615,0.009209308146571615,-0.0005,-0.009209308146571614,0.009209308146571615,0.009209308146571615,0.009209308146571615,-0.0005,0.009209308146571615,0.009209308146571615,0.009209308146571615
2020-10-28,-0.030517254791837978,-0.05508850967647638,-0.05508850967647638,0.0,0.05508850967647638,-0.05508850967647638,-0.05508850967647638,-0.05508850967647638,-0.05558850967647638,-0.05508850967647638,-0.05508850967647638,-0.05508850967647638
2020-10-29,0.013380711227724692,0.030500333446944694,0.030500333446944694,-0.031000333446944695,-0.03050033344694469,0.030500333446944694,-0.0005,0.030500333446944694,-0.0005,-0.0005,0.030500333446944694,0.030500333446944694
2020-10-30,0.016081223470829884,0.038043939332515375,0.038043939332515375,-0.0005,-0.038043939332515375,0.038043939332515375,0.037543939332515375,0.038043939332515375,0.037543939332515375,0.0,0.038043939332515375,0.038043939332515375
2020-11-02,0.00203362370720713,0.005080181481727397,0.005080181481727397,0.004580181481727397,-0.005080181481727397,0.005080181481727397,0.005080181481727397,0.005080181481727397,0.005080181481727397,0.0,-0.0005,0.005080181481727397
2020-11-03,0.005456472314521274,0.013137748090807255,0.013137748090807254,0.013137748090807255,-0.013137748090807254,0.013137748090807255,0.013137748090807255,0.013137748090807255,0.013137748090807255,0.0,0.0,0.013137748090807255
2020-11-04,0.025461442772809574,0.06088143874522878,0.06088143874522878,0.06088143874522878,-0.06088143874522878,0.06088143874522878,0.06088143874522878,0.06088143874522878,0.06088143874522878,0.0,0.0,0.06088143874522878
2020-11-05,0.003619360965542248,0.00953678053659801,0.00953678053659801,-0.010536780536598012,-0.00953678053659801,0.00953678053659801,0.00953678053659801,0.00953678053659801,0.00953678053659801,0.00903678053659801,0.00903678053659801,0.00953678053659801
2020-11-06,-0.0005998500638817141,-0.0015714640573888383,-0.0015714640573888383,-0.0005,0.0015714640573888383,-0.0015714640573888383,-0.0015714640573888383,-0.0015714640573888383,-0.0015714640573888383,-0.0015714640573888383,-0.0015714640573888383,-0.0015714640573888383
2020-11-09,0.00036533181739416607,0.0009601788228081887,0.0009601788228081885,-0.0014601788228081887,-0.0009601788228081887,0.0009601788228081887,0.0009601788228081887,0.0009601788228081887,0.0009601788228081887,0.0009601788228081887,0.0009601788228081887,0.0009601788228081887
2020-11-10,-0.005136186927889978,-0.013454778722236549,-0.013454778722236549,-0.01445477872223655,-0.01445477872223655,-0.013454778722236549,-0.013454778722236549,-0.013454778722236549,-0.013454778722236549,-0.013454778722236549,-0.013454778722236549,-0.013454778722236549
2020-11-11,0.0021261034249612804,0.005472603848894586,0.005472603848894586,-0.0005,0.005472603848894586,0.005472603848894586,0.005472603848894586,0.005472603848894586,0.005472603848894586,0.005472603848894586,0.005472603848894586,0.005472603848894586
2020-11-12,-0.0009830370037498043,-0.002524051973902375,-0.002524051973902375,0.0020240519739023748,-0.002524051973902375,-0.002524051973902375,-0.002524051973902375,-0.002524051973902375,-0.0005,-0.002524051973902375,-0.002524051973902375,-0.002524051973902375
2020-11-13,0.0065772431518713965,0.016892234463786737,0.016892234463786737,-0.016892234463786737,0.016892234463786737,0.016892234463786737,0.016892234463786737,0.016892234463786737,0.0,0.016892234463786737,0.016892234463786737,0.016892234463786737
2020-11-16,0.00038890619914801064,0.0009987319110134063,0.000998731911013406,-0.0009987319110134063,0.0009987319110134063,0.0009987319110134063,0.0009987319110134063,0.0009987319110134063,0.0004987319110134063,0.0009987319110134063,0.0009987319110134063,0.0009987319110134063
2020-11-17,-0.0027126873081727947,-0.006972954149899957,-0.006972954149899957,0.006972954149899957,-0.006972954149899957,-0.006972954149899957,-0.006972954149899957,-0.006972954149899957,-0.006972954149899957,-0.006972954149899957,-0.006972954149899957,-0.006972954149899957
2020-11-18,-0.004804460012451873,-0.011931938334845071,-0.011931938334845071,0.011931938334845071,-0.011931938334845071,-0.011931938334845071,-0.011931938334845071,-0.011931938334845071,-0.011931938334845071,-0.011931938334845071,-0.011931938334845071,-0.011931938334845071
2020-11-19,0.004087918504832876,0.010300875707978552,0.010300875707978552,-0.010300875707978552,0.010300875707978552,0.010300875707978552,0.010300875707978552,0.010300875707978552,-0.0005,0.010300875707978552,0.010300875707978552,0.010300875707978552
2020-11-20,-0.0050730665427479605,-0.012618276371477166,-0.012618276371477166,-0.0005,-0.012618276371477166,-0.012618276371477166,-0.012618276371477166,-0.012618276371477166,-0.013118276371477167,-0.012618276371477166,-0.012618276371477166,-0.012618276371477166
2020-11-23,-0.002022763714701768,-0.005079382360297036,-0.005079382360297035,0.004579382360297035,-0.005079382360297036,-0.005079382360297036,-0.005079382360297036,-0.005079382360297036,-0.0005,-0.005079382360297036,-0.005079382360297036,-0.005079382360297036
2020-11-24,0.00840285714753788,0.021035395110489574,0.02103539511048957,-0.021035395110489574,0.021035395110489574,0.021035395110489574,0.021035395110489574,0.02103539511048957,0.0,0.021035395110489574,-0.0005,0.021035395110489574
2020-11-25,4.5992331236444485e-05,0.00013038592488312517,0.00013038592488312514,-0.00013038592488312517,0.00013038592488312517,0.00013038592488312517,0.00013038592488312517,0.00013038592488312512,-0.00036961407511687484,0.00013038592488312517,0.0,0.00013038592488312517
2020-11-27,0.005395303901567482,0.012975285925932667,0.012975285925932667,-0.0005,0.012975285925932667,0.012975285925932667,0.012975285925932667,0.012975285925932665,0.012975285925932667,0.012975285925932667,0.0,0.012975285925932667
2020-11-30,-0.009570625112712594,-0.018253897151048193,-0.018253897151048193,0.0,-0.018253897151048193,-0.018253897151048193,-0.018253897151048193,-0.018253897151048193,-0.018253897151048193,-0.018253897151048193,0.0,-0.018253897151048193
2020-12-01,0.012091463004922856,0.02334691635560837,0.023346916355608368,0.02284691635560837,0.02334691635560837,0.02334691635560837,0.02334691635560837,0.02334691635560837,-0.0005,0.02334691635560837,0.02284691635560837,0.02334691635560837
2020-12-02,0.009045922800844656,0.016492642541513947,0.016492642541513947,0.016492642541513947,0.016492642541513947,0.016492642541513947,0.016492642541513947,0.016492642541513943,0.015992642541513946,0.016492642541513947,0.016492642541513947,0.016492642541513947
2020-12-03,-0.0009355210026497316,-0.001715056503992396,-0.001715056503992396,-0.0005,-0.001715056503992396,-0.001715056503992396,-0.001715056503992396,-0.001715056503992396,-0.001715056503992396,-0.001715056503992396,-0.001715056503992396,-0.001715056503992396
2020-12-04,0.0005733559249730036,0.0010537682036111384,0.0010537682036111384,0.0,0.0010537682036111384,0.0010537682036111384,0.0010537682036111384,0.0010537682036111384,0.0010537682036111384,0.0010537682036111384,0.0010537682036111384,0.0010537682036111384
2020-12-07,-0.003105151650966665,-0.0036900882930246404,-0.0036900882930246404,0.0,-0.00369008829302464,-0.0036900882930246404,-0.0036900882930246404,-0.0036900882930246404,-0.0036900882930246404,-0.0036900882930246404,-0.0036900882930246404,-0.0036900882930246404
2020-12-08,-0.0025440034741392586,-0.0031369708368546023,-0.0031369708368546023,0.0,-0.0031369708368546023,-0.0031369708368546023,-0.0031369708368546023,-0.0031369708368546023,-0.0031369708368546023,-0.0031369708368546023,-0.0031369708368546023,-0.0031369708368546023
2020-12-09,-0.014940748197861724,-0.018478212278727923,-0.018478212278727923,0.0,-0.018478212278727923,-0.018478212278727923,-0.018478212278727923,-0.018478212278727923,-0.018478212278727923,-0.018478212278727923,-0.018478212278727923,-0.018478212278727923
2020-12-10,-0.0043768787237342495,-0.005742933399463301,-0.005742933399463301,0.0,-0.005742933399463301,-0.005742933399463301,-0.005742933399463301,-0.005742933399463301,-0.0005,-0.005742933399463301,-0.005742933399463301,-0.005742933399463301
2020-12-11,0.0031362486798862704,0.004044971844916256,0.004044971844916256,0.0035449718449162564,0.004044971844916256,0.004044971844916256,-0.0005,0.004044971844916256,0.0,0.004044971844916256,0.004044971844916256,0.004044971844916256
2020-12-14,-0.00989803864991064,-0.012700126237108922,-0.012700126237108922,-0.0005,-0.012700126237108922,-0.012700126237108922,-0.013200126237108922,-0.012700126237108922,0.0,-0.012700126237108922,-0.0005,-0.012700126237108922
2020-12-15,0.003805658856521127,0.005033789503119612,0.005033789503119611,0.0,0.005033789503119612,0.005033789503119612,-0.0005,0.005033789503119612,0.0,0.005033789503119612,0.0,0.005033789503119612
2020-12-16,-0.0017660099141921775,-0.0022090083238818226,-0.0022090083238818226,0.0,-0.0022090083238818226,-0.0022090083238818226,0.0,0.0012090083238818225,0.0,-0.0022090083238818226,0.0,-0.0022090083238818226
2020-12-17,-0.007514072348800025,-0.009492493191238238,-0.009492493191238238,0.0,-0.009492493191238238,-0.009492493191238238,0.0,0.009492493191238238,0.0,-0.009492493191238238,0.0,-0.009492493191238238
2020-12-18,-0.0064573796894365,-0.008210253530095968,-0.008210253530095968,0.0,-0.008210253530095968,-0.008210253530095968,0.0,0.008210253530095968,0.0,-0.008210253530095968,0.0,-0.008210253530095968
2020-12-21,0.003841467612331019,0.004831399091204336,0.004831399091204336,0.004331399091204335,0.004831399091204336,0.004831399091204336,0.0,-0.004831399091204336,0.0,0.004831399091204336,0.0,0.004831399091204336
2020-12-22,-0.00669314856016318,-0.008267171496150194,-0.008267171496150194,-0.008267171496150194,-0.008267171496150194,-0.008267171496150194,0.0,0.008267171496150194,0.0,-0.008267171496150194,0.0,-0.008267171496150194
2020-12-23,0.0038207750489279587,0.004656206645334171,0.004656206645334171,-0.0005,0.004656206645334171,0.004656206645334171,0.0,-0.004656206645334171,0.0,0.004656206645334171,0.0,0.004656206645334171
2020-12-24,0.00282119650344086,0.00343149978559798,0.00343149978559798,0.0,0.00343149978559798,0.00343149978559798,0.0,0.00243149978559798,0.00293149978559798,0.00343149978559798,0.0,0.00343149978559798
2020-12-28,0.020641761339322526,0.022950524549178564,0.022950524549178564,0.022450524549178563,0.022950524549178564,0.022950524549178564,0.0,-0.023950524549178565,0.022950524549178564,0.022950524549178564,0.0,0.022950524549178564
2020-12-29,-0.007424833608391368,-0.009132095564926446,-0.009132095564926444,-0.009132095564926446,-0.009132095564926446,-0.009132095564926446,-0.009632095564926446,-0.010132095564926447,-0.009132095564926446,-0.009132095564926446,0.0,-0.009132095564926446
2020-12-30,-0.010067889198096933,-0.012237258664890782,-0.012237258664890782,-0.012237258664890782,-0.012237258664890782,-0.012237258664890782,-0.012237258664890782,0.011237258664890781,-0.012237258664890782,-0.012237258664890782,0.0,-0.012237258664890782
2020-12-31,0.008019573243942918,0.009440025634212201,0.009440025634212201,-0.0005,0.009440025634212201,0.009440025634212201,-0.0005,-0.009440025634212201,-0.0005,0.009440025634212201,0.0089400256342122,0.009440025634212201
2021-01-04,-0.014383619577823421,-0.01512584640972603,-0.01512584640972603,0.014625846409726029,-0.01512584640972603,-0.01512584640972603,-0.01562584640972603,0.01512584640972603,-0.01562584640972603,-0.01512584640972603,-0.01512584640972603,-0.01512584640972603
2021-01-05,0.007950640290048713,0.008064344955800218,0.008064344955800218,-0.0005,0.008064344955800218,0.008064344955800218,-0.0005,-0.008064344955800218,-0.0005,0.008064344955800218,0.008064344955800218,0.008064344955800218
2021-01-06,-0.009490247101972188,-0.009867594272607194,-0.009867594272607192,-0.010367594272607195,-0.009867594272607194,-0.009867594272607194,0.0,0.009867594272607194,0.0,-0.009867594272607194,-0.009867594272607194,-0.009867594272607194
2021-01-07,0.02835897721588331,0.029868495096331937,0.029868495096331937,0.029868495096331937,0.029868495096331937,0.029868495096331937,0.0,-0.029868495096331934,0.0,0.029868495096331937,-0.0005,0.029868495096331937
2021-01-08,0.010154224031639366,0.013238812855231652,0.013238812855231652,0.013238812855231652,0.013238812855231652,0.013238812855231652,0.012738812855231652,-0.01323881285523165,0.012738812855231652,0.013238812855231652,0.0,0.013238812855231652
2021-01-11,-0.017351096464843015,-0.023105737530227044,-0.023105737530227044,-0.023105737530227044,-0.023105737530227044,-0.023105737530227044,-0.023105737530227044,0.023105737530227044,-0.023105737530227044,-0.023105737530227044,-0.023605737530227044,-0.023105737530227044
2021-01-12,-0.007839654406039589,-0.010738587637533548,-0.010738587637533548,-0.010738587637533548,-0.010738587637533548,-0.010738587637533548,-0.010738587637533548,0.010738587637533548,-0.0005,-0.0005,-0.010738587637533548,-0.010738587637533548
2021-01-13,0.004070842771701684,0.005652319028815356,0.005652319028815356,-0.0005,0.005652319028815356,-0.006652319028815356,-0.0005,-0.005652319028815356,0.0,0.0,0.005652319028815356,0.005652319028815356
2021-01-14,-0.006721512805395516,-0.009346320550372322,-0.009346320550372322,0.0,-0.009346320550372322,0.009346320550372322,0.0,0.009346320550372322,-0.009846320550372323,0.0,-0.009346320550372322,-0.009346320550372322
2021-01-15,-0.0013887199035302767,-0.0019065189393895343,-0.0019065189393895343,-0.0024065189393895343,-0.0019065189393895343,0.0019065189393895343,0.0,0.0019065189393895343,-0.0005,0.0,-0.0019065189393895343,-0.0019065189393895343
2021-01-19,0.02401405935046851,0.03290667701719463,0.03290667701719463,0.03290667701719463,0.03290667701719463,-0.03290667701719463,0.0,-0.03290667701719463,0.0,0.0,-0.03390667701719463,0.03290667701719463
2021-01-20,0.03396451587682102,0.053573460467921,0.053573460467921,0.053573460467921,0.053573460467921,-0.053573460467921,0.053073460467920996,0.052573460467920996,0.053073460467920996,0.0,-0.053573460467921,0.053573460467921
2021-01-21,0.001039311213894202,0.0021699126516199208,0.0021699126516199208,-0.0031699126516199208,0.0021699126516199208,0.0011699126516199207,0.0021699126516199208,0.0021699126516199208,0.0021699126516199208,0.0,0.0011699126516199207,0.0021699126516199208
2021-01-22,0.002290113287316781,0.004463686436506187,0.004463686436506187,-0.004463686436506187,0.004463686436506187,0.004463686436506187,0.004463686436506187,0.004463686436506187,0.004463686436506187,0.0,0.004463686436506187,0.004463686436506187
2021-01-25,0.0004668346756942298,0.0009088122824763012,0.0009088122824763012,-0.0005,0.0009088122824763012,0.0009088122824763012,0.0009088122824763012,0.0009088122824763012,0.0009088122824763012,0.0,0.0009088122824763012,0.0009088122824763012
2021-01-26,0.0037460326536717567,0.007216437288794175,0.007216437288794175,0.006716437288794175,0.007216437288794175,0.007216437288794175,0.007216437288794175,0.007216437288794175,0.007216437288794175,0.0,0.007216437288794175,0.007216437288794175
2021-01-27,-0.024225445880561976,-0.04665217744559669,-0.04665217744559669,0.04565217744559669,-0.04665217744559669,-0.04665217744559669,-0.04665217744559669,-0.04665217744559669,-0.04665217744559669,0.0,-0.04665217744559669,-0.04665217744559669
2021-01-28,0.008279157924036032,0.018835152700207747,0.018835152700207747,0.017835152700207746,0.018835152700207747,0.018835152700207747,0.018835152700207747,0.018835152700207747,-0.0005,0.0,0.018835152700207747,0.018835152700207747
2021-01-29,-0.006211465481133933,-0.013943564689117394,-0.013943564689117394,-0.013943564689117394,-0.013943564689117394,-0.013943564689117394,-0.013943564689117394,-0.013943564689117394,-0.014443564689117394,0.0,-0.013943564689117394,-0.013943564689117394
2021-02-01,0.015896209221604337,0.035959060621318706,0.035959060621318706,0.035959060621318706,0.035959060621318706,0.035959060621318706,0.035959060621318706,0.035959060621318706,-0.0005,0.0,0.035959060621318706,0.035959060621318706
2021-02-02,0.00581446208484375,0.013760736026698472,0.013760736026698472,0.013760736026698472,0.013760736026698472,0.013760736026698472,0.013760736026698472,0.01376073602669847,0.013260736026698472,0.0,-0.0005,0.013760736026698472
2021-02-03,0.030725915951559386,0.0728249825273144,0.0728249825273144,-0.0005,0.0728249825273144,0.0728249825273144,0.0728249825273144,0.0728249825273144,0.0728249825273144,0.0,0.0,0.0728249825273144
2021-02-04,-0.0009447902137871484,-0.0025498559532889375,-0.0025498559532889375,0.0,-0.0025498559532889375,-0.0025498559532889375,-0.0025498559532889375,-0.0025498559532889375,-0.0025498559532889375,0.0,-0.0030498559532889376,-0.0025498559532889375
2021-02-05,0.006108595629377735,0.017140293925704375,0.017140293925704375,0.0,0.017140293925704375,0.017140293925704375,0.017140293925704375,0.017140293925704375,0.017140293925704375,0.0,0.017140293925704375,0.017140293925704375
2021-02-08,-0.0007448015225742221,-0.002063300591140016,-0.002063300591140016,0.0,-0.002063300591140016,-0.002063300591140016,-0.002063300591140016,-0.002063300591140016,-0.002063300591140016,0.0,-0.002063300591140016,-0.002063300591140016
2021-02-09,-0.0015984108547437616,-0.0043798707026838635,-0.0043798707026838635,0.0038798707026838635,-0.0043798707026838635,-0.0043798707026838635,-0.0043798707026838635,-0.0043798707026838635,-0.0043798707026838635,0.0,-0.0043798707026838635,-0.0043798707026838635
2021-02-10,0.0019386489360329927,0.005343527474328091,0.005343527474328091,-0.0005,0.005343527474328091,0.005343527474328091,0.005343527474328091,0.005343527474328091,0.005343527474328091,0.0,0.005343527474328091,0.005343527474328091
2021-02-11,0.0004027840620355189,0.001087962899771533,0.001087962899771533,0.0,0.001087962899771533,0.001087962899771533,0.001087962899771533,0.001087962899771533,0.001087962899771533,0.0005879628997715329,0.001087962899771533,0.001087962899771533
2021-02-12,0.0011440358532130925,0.0030066660932805966,0.003006666093280596,0.0,0.0030066660932805966,0.0030066660932805966,0.0030066660932805966,0.0030066660932805966,0.0030066660932805966,0.0030066660932805966,0.0030066660932805966,0.0030066660932805966
2021-02-16,0.0028490116574318466,0.007479584017209495,0.007479584017209494,0.0,0.007479584017209495,0.007479584017209495,0.007479584017209495,0.007479584017209495,0.007479584017209495,0.007479584017209495,0.007479584017209495,0.007479584017209495
2021-02-17,0.001447136293029465,0.0037521410564647084,0.0037521410564647084,-0.004252141056464709,0.0037521410564647084,0.0037521410564647084,0.0037521410564647084,0.0037521410564647084,0.0037521410564647084,0.0037521410564647084,0.0037521410564647084,0.0037521410564647084
2021-02-18,-0.0023472050999846544,-0.006046335450455409,-0.006046335450455409,-0.0005,-0.006046335450455409,-0.006046335450455409,-0.006046335450455409,-0.006046335450455409,-0.006046335450455409,-0.006046335450455409,-0.006046335450455409,-0.006046335450455409
2021-02-19,-0.0031810079908695895,-0.008072832179451983,-0.008072832179451983,0.0,-0.008072832179451983,-0.008072832179451983,-0.008072832179451983,-0.008072832179451983,-0.0005,-0.008072832179451983,-0.008072832179451983,-0.008072832179451983
2021-02-22,-0.0071738587093962405,-0.016540462691652325,-0.01654046269165232,-0.017040462691652325,-0.016540462691652325,-0.016540462691652325,-0.016540462691652325,-0.016540462691652325,0.0,-0.016540462691652325,-0.016540462691652325,-0.016540462691652325
2021-02-23,0.0012008956334034026,0.00285249224191797,0.00285249224191797,-0.0005,0.00285249224191797,0.00285249224191797,0.00285249224191797,0.00285249224191797,0.0,0.00285249224191797,0.00285249224191797,0.00285249224191797
2021-02-24,0.00486045172254315,0.01149931522694958,0.01149931522694958,0.01099931522694958,0.01149931522694958,0.01149931522694958,0.01149931522694958,0.01149931522694958,0.0,0.01149931522694958,0.01149931522694958,0.01149931522694958
2021-02-25,-0.013740630214180117,-0.03256531672392693,-0.03256531672392693,-0.0005,-0.03256531672392693,-0.03256531672392693,-0.03256531672392693,-0.03256531672392693,-0.03306531672392693,-0.03256531672392693,-0.03256531672392693,-0.03256531672392693
2021-02-26,0.0011603184012662243,0.002956334673426486,0.002956334673426486,0.0,0.002956334673426486,0.002956334673426486,-0.0005,0.002956334673426486,-0.0005,0.002956334673426486,0.002956334673426486,0.002956334673426486
2021-03-01,0.0106277660741423,0.023616519861739294,0.023616519861739294,0.0,0.023616519861739294,0.023616519861739294,0.0,0.023616519861739294,0.0,0.023616519861739294,-0.0005,0.023616519861739294
2021-03-02,-0.0011216048053704374,-0.0025031034972639032,-0.0025031034972639032,0.0020031034972639032,-0.0025031034972639032,-0.0025031034972639032,-0.0030031034972639033,-0.0025031034972639032,-0.0030031034972639033,-0.0025031034972639032,0.0,-0.0025031034972639032
2021-03-03,-0.011714671282648359,-0.025706187158658134,-0.025706187158658134,-0.0005,-0.025706187158658134,-0.025706187158658134,-0.025706187158658134,-0.025706187158658134,-0.025706187158658134,-0.025706187158658134,0.0,-0.025706187158658134
2021-03-04,0.005120471564254878,0.01119628902699854,0.01119628902699854,0.0,0.01119628902699854,0.01119628902699854,-0.0005,0.01119628902699854,-0.0005,0.01119628902699854,0.0,0.01119628902699854
2021-03-05,0.01423966913276762,0.031043321629435017,0.031043321629435017,0.0,0.031043321629435017,0.031043321629435017,0.0,0.031043321629435017,0.030543321629435016,0.031043321629435017,0.0,0.031043321629435017
2021-03-08,-0.027581211643439303,-0.042711930000842724,-0.04271193000084272,-0.043211930000842724,-0.042711930000842724,-0.042711930000842724,-0.043211930000842724,-0.042711930000842724,-0.042711930000842724,-0.042711930000842724,0.0,-0.042711930000842724
2021-03-09,0.008782030236490834,0.01636850056875705,0.01636850056875705,0.01636850056875705,0.01636850056875705,0.01636850056875705,-0.0005,-0.01736850056875705,-0.0005,0.01636850056875705,-0.01686850056875705,0.01636850056875705
2021-03-10,-0.0011060195904194691,-0.0020436579417428824,-0.0020436579417428824,-0.0020436579417428824,-0.0020436579417428824,-0.0020436579417428824,-0.0025436579417428824,0.0020436579417428824,0.0,-0.0020436579417428824,0.0020436579417428824,-0.0020436579417428824
2021-03-11,0.017094239883163144,0.03160317675364377,0.03160317675364376,-0.0005,0.03160317675364377,0.03160317675364377,-0.0005,-0.03160317675364377,0.0,0.03160317675364377,-0.03160317675364377,0.03160317675364377
2021-03-12,-0.012093536539789056,-0.02406042137012343,-0.02406042137012343,0.02356042137012343,-0.02406042137012343,-0.02406042137012343,-0.02456042137012343,-0.02506042137012343,-0.02456042137012343,-0.02406042137012343,0.02406042137012343,-0.02406042137012343
2021-03-15,0.0011110140636719763,0.002165535426343901,0.002165535426343901,-0.0005,0.0021655354263439004,0.002165535426343901,0.002165535426343901,0.002165535426343901,-0.0005,-0.0005,-0.0005,0.002165535426343901
2021-03-16,0.007402830691311421,0.014335096930929492,0.01433509693092949,-0.014835096930929492,0.014335096930929492,0.014335096930929492,0.014335096930929492,0.014335096930929492,0.0,0.0,0.0,0.014335096930929492
2021-03-17,-0.00041391023012474296,-0.0008015100597269509,-0.000801510059726951,-0.001801510059726951,-0.0008015100597269509,-0.0008015100597269509,-0.0008015100597269509,-0.0008015100597269509,-0.001301510059726951,0.0,-0.001301510059726951,-0.0008015100597269509
2021-03-18,-0.015098843650059498,-0.029237922126543858,-0.029237922126543858,-0.0005,-0.029237922126543858,-0.029237922126543858,-0.029237922126543858,-0.029237922126543858,-0.029237922126543858,0.0,-0.029237922126543858,-0.029237922126543858
2021-03-19,0.0014358196497520636,0.002780370740977034,0.002780370740977034,0.002280370740977034,0.002780370740977034,0.002780370740977034,0.002780370740977034,0.002780370740977034,-0.0005,0.0,0.002780370740977034,0.002780370740977034
2021-03-22,0.0009502579605318647,0.0018401123221147841,0.0018401123221147841,0.0018401123221147841,0.0018401123221147841,0.0018401123221147841,0.0018401123221147841,0.0018401123221147841,0.0,0.0,0.0018401123221147841,0.0018401123221147841
2021-03-23,0.002705780046230074,0.005239565897678489,0.005239565897678489,0.005239565897678489,0.005239565897678489,0.005239565897678489,0.005239565897678489,0.005239565897678489,0.0,0.0,-0.0005,0.005239565897678489
2021-03-24,-0.0022261818973957816,-0.004310855484308762,-0.004310855484308762,-0.0005,-0.004310855484308762,-0.004310855484308762,-0.004310855484308762,-0.004310855484308761,-0.0048108554843087625,0.0,0.0,-0.004310855484308762
2021-03-25,-1.783524611619681e-05,-3.4536786335359615e-05,-3.4536786335359615e-05,-0.0005345367863353596,-3.4536786335359615e-05,-3.4536786335359615e-05,-3.4536786335359615e-05,-3.453678633535967e-05,-0.0005,0.0,0.0,-3.4536786335359615e-05
2021-03-26,-0.001964056973617279,-0.003803267732128024,-0.003803267732128024,-0.003803267732128024,-0.003803267732128024,-0.003803267732128024,-0.003803267732128024,-0.003803267732128024,0.0,0.0,0.0,-0.003803267732128024
2021-03-29,0.005371343746146864,0.010401255473899917,0.010401255473899917,0.010401255473899917,0.010401255473899917,0.010401255473899917,0.010401255473899917,0.010401255473899917,0.0,0.0,0.0,0.010401255473899917
2021-03-30,0.00017171738848799876,0.0003325194795540387,0.0003325194795540387,-0.0005,0.0003325194795540387,0.0003325194795540387,0.0003325194795540387,0.0003325194795540387,-0.0001674805204459613,0.0,0.0,0.0003325194795540387
2021-03-31,0.004050118891591694,0.007842790050689441,0.007842790050689441,0.007342790050689441,0.007842790050689441,0.007842790050689441,0.007842790050689441,0.007842790050689441,0.007842790050689441,0.0,0.0,0.007842790050689441
2021-04-01,0.016840501399312962,0.03261052832235434,0.03261052832235434,-0.0005,0.03261052832235434,0.03261052832235434,0.03261052832235434,0.03261052832235433,0.03261052832235434,0.0,0.0,0.03261052832235434
2021-04-05,0.02162372791318878,0.04187293328313224,0.04187293328313224,0.04137293328313224,0.04187293328313224,0.04187293328313224,0.04187293328313224,0.04187293328313224,0.04187293328313224,0.0,0.04137293328313224,0.04187293328313224
2021-04-06,-0.002014023411472196,-0.004371404323785133,-0.004371404323785132,-0.0005,-0.004371404323785133,-0.004371404323785133,-0.004371404323785133,-0.004371404323785133,-0.004371404323785133,0.0,-0.004371404323785133,-0.004371404323785133
2021-04-07,0.006111400187645727,0.013475038933619565,0.013475038933619565,0.0,0.013475038933619565,0.013475038933619565,0.013475038933619565,0.013475038933619565,0.013475038933619565,0.0,0.013475038933619565,0.013475038933619565
2021-04-08,0.0023091566896080405,0.005091464368377929,0.005091464368377928,0.0,0.005091464368377929,0.005091464368377929,0.005091464368377929,0.005091464368377929,0.005091464368377929,0.0,0.005091464368377929,0.005091464368377929
2021-04-09,0.0040790496556178425,0.008993905035499239,0.008993905035499239,0.0,0.008993905035499239,0.008993905035499239,0.008993905035499239,0.008993905035499239,0.008993905035499239,0.0,0.008993905035499239,0.008993905035499239
2021-04-12,-0.005203103256524422,-0.01147233314863616,-0.01147233314863616,0.0,-0.01147233314863616,-0.01147233314863616,-0.01147233314863616,-0.01147233314863616,-0.01147233314863616,0.0,-0.01147233314863616,-0.01147233314863616
2021-04-13,0.0019821283318865973,0.004370398864992575,0.004370398864992575,0.0,0.004370398864992574,0.004370398864992575,0.004370398864992575,0.004370398864992575,-0.0005,0.0,0.004370398864992575,0.004370398864992575
2021-04-14,-0.0025186826637027667,-0.005553448622696355,-0.005553448622696355,0.005053448622696355,-0.005553448622696355,-0.005553448622696355,-0.005553448622696355,-0.005553448622696355,-0.006053448622696356,0.0,-0.005553448622696355,-0.005553448622696355
2021-04-15,0.008767533324930642,0.01933155239024842,0.01933155239024842,-0.01933155239024842,0.01933155239024842,0.01933155239024842,0.01933155239024842,0.01933155239024842,-0.0005,0.0,0.01933155239024842,0.01933155239024842
2021-04-16,-0.000496093622484739,-0.0010938378558837947,-0.0010938378558837947,0.0010938378558837947,-0.0010938378558837947,-0.0010938378558837947,-0.0010938378558837947,-0.0010938378558837947,-0.0015938378558837947,0.0,-0.0010938378558837947,-0.0010938378558837947
2021-04-19,0.001392711921373333,0.0030707934004647885,0.0030707934004647885,-0.0030707934004647885,0.0030707934004647885,0.0030707934004647885,0.0030707934004647885,0.0030707934004647885,0.0030707934004647885,0.0,0.0030707934004647885,0.0030707934004647885
2021-04-20,-0.0021292325212664493,-0.004694749196885284,-0.004694749196885284,0.004694749196885284,-0.004694749196885284,-0.004694749196885284,-0.004694749196885284,-0.004694749196885284,-0.004694749196885284,0.0,-0.004694749196885284,-0.004694749196885284
2021-04-21,-0.0001313324414520252,-0.0002895751722151729,-0.0002895751722151729,0.0002895751722151729,-0.0002895751722151729,-0.0002895751722151729,-0.0002895751722151729,-0.0002895751722151729,-0.0005,0.0,-0.0002895751722151729,-0.0002895751722151729
2021-04-22,-0.005716706578440484,-0.011337107932421486,-0.011337107932421486,0.011337107932421486,-0.011337107932421486,-0.011337107932421486,-0.011337107932421486,-0.011337107932421486,0.0,0.0,-0.011337107932421486,-0.011337107932421486
2021-04-23,0.01056799963469175,0.02104737934420453,0.021047379344204527,-0.02104737934420453,0.02104737934420453,0.02104737934420453,0.02104737934420453,0.02104737934420453,0.0,0.0,0.02104737934420453,0.02104737934420453
2021-04-26,0.002183200580852953,0.0043480935274502475,0.0043480935274502475,0.0033480935274502474,0.0043480935274502475,0.0043480935274502475,0.0043480935274502475,0.0043480935274502475,0.0038480935274502475,0.0,0.0043480935274502475,0.0043480935274502475
2021-04-27,-0.004119154147257737,-0.00820376636179887,-0.00820376636179887,-0.00820376636179887,-0.00820376636179887,-0.00820376636179887,-0.00820376636179887,-0.00820376636179887,-0.00820376636179887,0.0,-0.00820376636179887,-0.00820376636179887
2021-04-28,0.014916391344785328,0.029707698517484227,0.029707698517484227,0.029707698517484227,0.029707698517484227,0.029707698517484227,0.029707698517484227,0.029707698517484227,-0.0005,0.0,0.029707698517484227,0.029707698517484227
2021-04-29,0.007177098457060447,0.014294012021023539,0.014294012021023539,-0.01529401202102354,0.014294012021023539,0.014294012021023539,0.014294012021023539,0.014294012021023539,0.013794012021023538,0.0,0.014294012021023539,0.014294012021023539
2021-04-30,-0.00823839648722246,-0.016407708369455376,-0.016407708369455376,-0.017407708369455377,-0.016407708369455376,-0.016407708369455376,-0.016407708369455376,-0.016407708369455373,-0.016407708369455376,0.0,-0.016407708369455376,-0.016407708369455376
2021-05-03,-0.002223100585524429,-0.004427558947887933,-0.004427558947887932,-0.004427558947887933,-0.004427558947887933,-0.004427558947887933,-0.004427558947887933,-0.004427558947887933,-0.0005,0.0,-0.004427558947887933,-0.004427558947887933
2021-05-04,-0.007768084044148371,-0.015471027375714153,-0.015471027375714153,0.014471027375714152,-0.015471027375714153,-0.015471027375714153,-0.015471027375714153,-0.015471027375714153,0.0,0.0,-0.015471027375714153,-0.015471027375714153
2021-05-05,0.0017282148380870414,0.003441937409431217,0.003441937409431217,0.002441937409431217,0.003441937409431217,0.003441937409431217,0.003441937409431217,0.003441937409431217,0.0,0.0,0.003441937409431217,0.003441937409431217
2021-05-06,0.005861630325981459,0.009754772027426473,0.009754772027426473,-0.010754772027426474,0.009754772027426473,0.009754772027426473,0.009754772027426473,0.009754772027426473,0.0,0.0,0.009754772027426473,0.009754772027426473
2021-05-07,0.003781573856506473,0.006237789726335041,0.00623778972633504,-0.006237789726335041,0.006237789726335041,0.006237789726335041,0.006237789726335041,0.006237789726335041,0.005737789726335041,0.0,0.006237789726335041,0.006237789726335041
2021-05-10,-0.015512098036813086,-0.025587548845952046,-0.025587548845952043,0.025587548845952046,-0.025587548845952046,-0.025587548845952046,-0.025587548845952046,-0.025587548845952046,-0.025587548845952046,0.0,-0.025587548845952046,-0.025587548845952046
2021-05-11,-0.005737643295515904,-0.009464369535071904,-0.009464369535071904,-0.010464369535071905,-0.009464369535071904,-0.009464369535071904,-0.009464369535071904,-0.009464369535071904,-0.0005,0.0,-0.009464369535071904,-0.009464369535071904
2021-05-12,-0.01864324645645729,-0.030752447426494522,-0.030752447426494522,-0.030752447426494522,-0.030752447426494522,-0.030752447426494522,-0.030752447426494522,-0.03075244742649452,0.0,0.0,-0.030752447426494522,-0.030752447426494522
2021-05-13,0.007932491800027438,0.013084820694249322,0.013084820694249322,0.013084820694249322,0.013084820694249322,0.013084820694249322,0.013084820694249322,0.013084820694249322,0.0,0.012584820694249321,-0.0005,0.013084820694249322
2021-05-14,0.013419027171804121,0.02213498215449894,0.02213498215449894,0.02213498215449894,0.02213498215449894,0.02213498215449894,0.02213498215449894,0.02213498215449894,0.02163498215449894,0.02213498215449894,0.0,0.02213498215449894
2021-05-17,0.002804595086731879,0.004626241634404504,0.004626241634404504,0.004626241634404504,0.004626241634404504,0.004626241634404504,0.004626241634404504,0.004626241634404504,0.004626241634404504,0.004626241634404504,0.0,0.004626241634404504
2021-05-18,-0.007005498390331328,-0.011555724559465741,-0.011555724559465741,-0.011555724559465741,-0.011555724559465741,-0.011555724559465741,-0.011555724559465741,-0.011555724559465741,-0.011555724559465741,-0.011555724559465741,0.0,-0.011555724559465741
2021-05-19,0.0024196647129547835,0.003991290468035036,0.003991290468035036,-0.0005,0.003991290468035036,0.003991290468035036,0.003991290468035036,0.003991290468035036,-0.0005,0.003991290468035036,0.0,0.003991290468035036
2021-05-20,0.009461215867930988,0.015606484860285041,0.015606484860285041,0.015106484860285041,0.015606484860285041,0.015606484860285041,0.015606484860285041,0.015606484860285041,0.0,0.015606484860285041,0.0,0.015606484860285041
2021-05-21,-0.003368939588652424,-0.005557140373863678,-0.005557140373863678,-0.005557140373863678,-0.005557140373863678,-0.005557140373863678,-0.005557140373863678,-0.005557140373863678,-0.006057140373863679,-0.005557140373863678,0.0,-0.005557140373863678
2021-05-24,0.01768127485115593,0.029165653984327466,0.029165653984327466,-0.0005,0.029165653984327466,0.029165653984327466,0.029165653984327466,0.029165653984327466,-0.0005,0.029165653984327466,0.0,0.029165653984327466
2021-05-25,0.00046993515046756586,0.0007751684258623381,0.0007751684258623381,0.00027516842586233813,0.0007751684258623381,0.0007751684258623381,0.0007751684258623381,0.0007751684258623381,0.00027516842586233813,-0.0005,0.00027516842586233813,0.0007751684258623381
2021-05-26,0.0044744929292238065,0.0073807750644478975,0.0073807750644478975,-0.008380775064447898,0.0073807750644478975,0.0073807750644478975,0.0073807750644478975,0.007380775064447897,0.0073807750644478975,0.0,0.0073807750644478975,0.0073807750644478975
2021-05-27,-0.004490090974868859,-0.007406504385774837,-0.007406504385774837,0.007406504385774837,-0.007406504385774837,-0.007406504385774837,-0.007406504385774837,-0.007406504385774837,-0.007406504385774837,0.0,-0.007406504385774837,-0.007406504385774837
2021-05-28,-0.0014959625007732302,-0.0024676232363544104,-0.0024676232363544104,-0.0005,-0.0024676232363544104,-0.0024676232363544104,-0.0024676232363544104,-0.0024676232363544104,-0.0005,0.0,-0.0024676232363544104,-0.0024676232363544104
2021-06-01,0.006258211777379133,0.010323058761102288,0.010323058761102288,-0.010823058761102289,0.010323058761102288,0.010323058761102288,0.010323058761102288,0.010323058761102288,0.0,0.0,0.010323058761102288,0.010323058761102288
2021-06-02,-0.0026961352206831064,-0.004447334686178528,-0.004447334686178528,-0.005447334686178528,-0.004447334686178528,-0.004447334686178528,-0.004447334686178528,-0.004447334686178528,-0.004947334686178528,0.0,-0.004447334686178528,-0.004447334686178528
2021-06-03,-0.005884440164052341,-0.009706514216932138,-0.009706514216932138,-0.0005,-0.009706514216932138,-0.009706514216932138,-0.009706514216932138,-0.009706514216932138,-0.0005,0.0,-0.009706514216932138,-0.009706514216932138
2021-06-04,0.011876482886274908,0.019590521233780578,0.019590521233780578,0.0,0.019590521233780578,0.019590521233780578,0.019590521233780578,0.019590521233780578,0.0,0.0,0.019590521233780578,0.019590521233780578
2021-06-07,0.0022111053233822425,0.0036472671415124225,0.0036472671415124225,0.0031472671415124225,0.0036472671415124225,0.0036472671415124225,0.0036472671415124225,0.0036472671415124225,0.0031472671415124225,0.0,0.0036472671415124225,0.0036472671415124225
2021-06-08,-0.0009741136256706882,-0.0016068219733529343,-0.0016068219733529343,-0.0016068219733529343,-0.0016068219733529343,-0.0016068219733529343,-0.0016068219733529343,-0.0016068219733529343,-0.0016068219733529343,0.0,-0.0016068219733529343,-0.0016068219733529343
2021-06-09,0.002401246214358804,0.0039609087471759175,0.0039609087471759175,0.0039609087471759175,0.0039609087471759175,0.0039609087471759175,0.0039609087471759175,0.0039609087471759175,0.0039609087471759175,0.0,0.0039609087471759175,0.0039609087471759175
2021-06-10,0.0068455344629186135,0.011291860522728125,0.011291860522728125,-0.012291860522728126,0.011291860522728125,0.011291860522728125,0.011291860522728125,0.011291860522728125,0.011291860522728125,0.0,0.011291860522728125,0.011291860522728125
2021-06-11,-0.0013997668824655958,-0.002024578404589694,-0.002024578404589694,-0.003024578404589694,-0.002024578404589694,-0.002024578404589694,-0.002024578404589694,-0.002024578404589694,-0.002024578404589694,0.0,-0.002024578404589694,-0.002024578404589694
2021-06-14,0.005193155313928596,0.007699009588906458,0.007699009588906458,0.007699009588906458,0.007699009588906458,0.007699009588906458,0.007699009588906458,0.007699009588906458,0.007699009588906458,0.0,0.007699009588906458,0.007699009588906458
2021-06-15,-0.0056519889976035026,-0.008379244381971795,-0.008379244381971795,-0.008379244381971795,-0.008379244381971795,-0.008379244381971795,-0.008379244381971795,-0.008379244381971795,-0.008379244381971795,0.0,-0.008379244381971795,-0.008379244381971795
2021-06-16,-0.0035943162404114726,-0.005328682376640859,-0.005328682376640859,-0.005328682376640859,-0.005328682376640858,-0.005328682376640859,-0.005328682376640859,-0.005328682376640859,-0.0005,0.0,-0.005328682376640859,-0.005328682376640859
2021-06-17,0.005423087496182783,0.008039890993170484,0.008039890993170484,0.008039890993170484,0.008039890993170483,0.008039890993170484,0.008039890993170484,0.008039890993170483,0.0,0.0,0.008039890993170484,0.008039890993170484
2021-06-18,-0.009044929433877753,-0.013409381047324587,-0.013409381047324587,-0.013409381047324587,-0.013409381047324587,-0.013409381047324587,-0.013409381047324587,-0.013409381047324587,-0.013909381047324587,0.0,-0.013409381047324587,-0.013409381047324587
2021-06-21,0.009555336197138262,0.014166074488409564,0.014166074488409564,0.014166074488409564,0.014166074488409562,0.014166074488409564,0.014166074488409564,0.014166074488409564,-0.0005,0.0,0.014166074488409564,0.014166074488409564
2021-06-22,0.002868384079547831,0.004252466024629475,0.004252466024629475,0.004252466024629475,0.004252466024629475,0.004252466024629475,0.004252466024629475,0.0042524660246294746,0.0037524660246294754,0.0,0.004252466024629475,0.004252466024629475
2021-06-23,-0.0011220980568339759,-0.0016635442572047188,-0.0016635442572047188,-0.0016635442572047188,-0.0016635442572047188,-0.0016635442572047188,-0.0016635442572047188,-0.0016635442572047188,-0.0016635442572047188,0.0,-0.0016635442572047188,-0.0016635442572047188
2021-06-24,0.0020601187979586134,0.0030541883346391074,0.0030541883346391074,0.0030541883346391074,0.0030541883346391074,0.0030541883346391074,0.0030541883346391074,0.0030541883346391074,0.0030541883346391074,0.0,0.0030541883346391074,0.0030541883346391074
2021-06-25,4.6832434831897656e-05,6.94304990023209e-05,6.94304990023209e-05,6.94304990023209e-05,6.94304990023209e-05,6.94304990023209e-05,6.94304990023209e-05,6.94304990023209e-05,6.94304990023209e-05,0.0,6.94304990023209e-05,6.94304990023209e-05
2021-06-28,0.0001514214230739032,0.00022448683271325542,0.00022448683271325542,0.00022448683271325542,0.00022448683271325534,0.00022448683271325542,0.00022448683271325542,0.00022448683271325542,-0.0005,0.0,0.00022448683271325542,0.00022448683271325542
2021-06-29,-0.0014505314749608312,-0.0021504567184388312,-0.002150456718438831,-0.0021504567184388312,-0.0021504567184388312,-0.0021504567184388312,-0.0021504567184388312,-0.0021504567184388312,-0.0026504567184388312,0.0,-0.0021504567184388312,-0.0021504567184388312
2021-06-30,-0.0010095138636488762,-0.001496634790706275,-0.0014966347907062747,-0.001496634790706275,-0.001496634790706275,-0.001496634790706275,-0.001496634790706275,-0.001496634790706275,-0.001496634790706275,0.0,-0.001496634790706275,-0.001496634790706275
2021-07-01,0.0019614136459557723,0.002907854965847667,0.002907854965847667,0.002907854965847667,0.0029078549658476667,0.002907854965847667,0.002907854965847667,0.002907854965847667,-0.0005,0.0,0.002907854965847667,0.002907854965847667
2021-07-02,0.017130044793430093,0.022973426934946195,0.022973426934946195,0.022973426934946195,0.022973426934946195,0.022973426934946195,0.022973426934946195,0.022973426934946195,0.022473426934946195,0.0,0.022973426934946195,0.022973426934946195
2021-07-06,0.005562985820395907,0.007444826231980617,0.007444826231980616,0.007444826231980617,0.007444826231980617,0.007444826231980617,0.007444826231980617,0.007444826231980617,0.007444826231980617,0.0,0.007444826231980617,0.007444826231980617
2021-07-07,0.0016816807994979152,0.002250557836048772,0.002250557836048772,0.002250557836048772,0.002250557836048772,0.002250557836048772,0.002250557836048772,0.002250557836048772,0.002250557836048772,0.0,0.002250557836048772,0.002250557836048772
2021-07-08,-0.008448731817499475,-0.011306759048581028,-0.011306759048581026,-0.011306759048581028,-0.011306759048581028,-0.011306759048581028,-0.011306759048581028,-0.011306759048581028,-0.011306759048581028,0.0,-0.011306759048581028,-0.011306759048581028
2021-07-09,0.002835479974825259,0.003794662862421694,0.003794662862421694,0.003794662862421694,0.0037946628624216934,0.003794662862421694,0.003794662862421694,0.0037946628624216934,-0.0005,0.0,0.003794662862421694,0.003794662862421694
2021-07-12,0.008673698254126528,0.011607826871291582,0.011607826871291582,0.011607826871291582,0.011607826871291582,0.011607826871291582,0.011607826871291582,0.011607826871291582,0.011107826871291582,0.0,0.011607826871291582,0.011607826871291582
2021-07-13,0.002153858800983767,0.0028824636659607883,0.0028824636659607883,0.0028824636659607883,0.0028824636659607883,0.0028824636659607883,0.0028824636659607883,0.0028824636659607883,0.0028824636659607883,0.0,0.0028824636659607883,0.0028824636659607883
2021-07-14,0.005254698415233889,0.007032251719832017,0.007032251719832017,0.007032251719832017,0.007032251719832017,0.007032251719832017,0.007032251719832017,0.007032251719832017,0.007032251719832017,0.0,0.007032251719832017,0.007032251719832017
2021-07-15,-0.007178808968015711,-0.009607248165816373,-0.009607248165816373,-0.009607248165816373,-0.009607248165816373,-0.009607248165816373,-0.009607248165816373,-0.009607248165816373,-0.009607248165816373,0.0,-0.009607248165816373,-0.009607248165816373
2021-07-16,-0.00020582143023540063,-0.0002754464656915534,-0.0002754464656915534,-0.0002754464656915534,-0.0002754464656915534,-0.0002754464656915534,-0.0002754464656915534,-0.0002754464656915534,-0.0005,0.0,-0.0002754464656915534,-0.0002754464656915534
2021-07-19,-0.014077172529258395,-0.018839182176898173,-0.018839182176898173,-0.018839182176898173,-0.018839182176898173,-0.018839182176898173,-0.018839182176898173,-0.018839182176898173,0.0,0.0,-0.018839182176898173,-0.018839182176898173
2021-07-20,0.009785889431440722,0.013096248794189247,0.013096248794189247,0.013096248794189247,0.013096248794189247,0.013096248794189247,0.013096248794189247,0.013096248794189247,0.0,0.0,0.013096248794189247,0.013096248794189247
2021-07-21,0.007930618638910964,0.010613379142964785,0.010613379142964785,0.010613379142964785,0.010613379142964785,0.010613379142964785,0.010613379142964785,0.010613379142964785,0.010113379142964785,0.0,0.010613379142964785,0.010613379142964785
2021-07-22,0.005111324068100876,0.006840376864315489,0.006840376864315489,0.006840376864315489,0.006840376864315489,0.006840376864315489,0.006840376864315489,0.006840376864315489,0.006840376864315489,0.0,0.006840376864315489,0.006840376864315489
2021-07-23,0.026727593450083596,0.03576897286082503,0.03576897286082503,0.03576897286082503,0.03576897286082503,0.03576897286082503,0.03576897286082503,0.03576897286082503,0.03576897286082503,0.0,0.03576897286082503,0.03576897286082503
2021-07-26,0.005730135067462307,0.00766851853309225,0.00766851853309225,-0.008668518533092251,0.00766851853309225,0.00766851853309225,0.00766851853309225,0.00766851853309225,0.00766851853309225,0.0,0.00766851853309225,0.00766851853309225
2021-07-27,-0.011902651686799414,-0.0159290669379607,-0.0159290669379607,-0.0169290669379607,-0.0159290669379607,-0.0159290669379607,-0.0159290669379607,-0.015929066937960697,-0.0159290669379607,0.0,-0.0159290669379607,-0.0159290669379607
2021-07-28,0.02375973653076259,0.031797152734173384,0.031797152734173384,0.031797152734173384,0.031797152734173384,0.031797152734173384,0.031797152734173384,0.031797152734173384,-0.0005,0.0,0.031797152734173384,0.031797152734173384
2021-07-29,-0.0017378515936027968,-0.002325730021440653,-0.002325730021440653,0.0013257300214406529,-0.002325730021440653,-0.002325730021440653,-0.002325730021440653,-0.002325730021440653,-0.002825730021440653,0.0,-0.002325730021440653,-0.002325730021440653
2021-07-30,-0.005784005112981658,-0.007740611675327136,-0.007740611675327136,0.007740611675327136,-0.007740611675327136,-0.007740611675327136,-0.007740611675327136,-0.007740611675327136,-0.007740611675327136,0.0,-0.007740611675327136,-0.007740611675327136
2021-08-02,0.0007100173241157999,0.0009502011636193242,0.0009502011636193242,-0.0009502011636193242,0.0009502011636193242,0.0009502011636193242,0.0009502011636193242,0.0009502011636193242,0.0009502011636193242,0.0,0.0009502011636193242,0.0009502011636193242
2021-08-03,0.004297088466832345,0.005750702585241907,0.005750702585241907,-0.005750702585241907,0.005750702585241907,0.005750702585241907,0.005750702585241907,0.005750702585241907,-0.0005,0.0,0.005750702585241907,0.005750702585241907
2021-08-04,-0.0027795922898579497,-0.0037198695559991224,-0.0037198695559991224,0.0037198695559991224,-0.0037198695559991224,-0.0037198695559991224,-0.0037198695559991224,-0.003719869555999122,-0.004219869555999123,0.0,-0.0037198695559991224,-0.0037198695559991224
2021-08-05,0.006226570170922872,0.008332887129389732,0.00833288712938973,-0.008332887129389732,0.008332887129389732,0.008332887129389732,0.008332887129389732,0.008332887129389732,0.008332887129389732,0.0,0.008332887129389732,0.008332887129389732
2021-08-06,-0.0028131786190075886,-0.0037648174297421066,-0.0037648174297421066,-0.004764817429742107,-0.0037648174297421066,-0.0037648174297421066,-0.0037648174297421066,-0.0037648174297421066,-0.0037648174297421066,0.0,-0.0037648174297421066,-0.0037648174297421066
2021-08-09,0.006465475201360171,0.008652608677309326,0.008652608677309326,0.008652608677309326,0.008652608677309326,0.008652608677309326,0.008652608677309326,0.008652608677309326,0.008652608677309326,0.0,0.008652608677309326,0.008652608677309326
2021-08-10,-0.0005784511668255119,-0.000774128958753284,-0.000774128958753284,-0.000774128958753284,-0.000774128958753284,-0.000774128958753284,-0.000774128958753284,-0.000774128958753284,-0.000774128958753284,0.0,-0.000774128958753284,-0.000774128958753284
2021-08-11,-0.002884070474467716,-0.0038596905001044846,-0.0038596905001044846,-0.0038596905001044846,-0.0038596905001044846,-0.0038596905001044846,-0.0038596905001044846,-0.0038596905001044846,-0.0038596905001044846,0.0,-0.0038596905001044846,-0.0038596905001044846
2021-08-12,0.00577572134328234,0.006714350149971571,0.006714350149971571,0.006714350149971571,0.006714350149971571,0.006714350149971571,0.006714350149971571,0.006714350149971571,-0.0005,0.00621435014997157,0.006714350149971571,0.006714350149971571
2021-08-13,0.0033802770834539943,0.0038885244040112177,0.0038885244040112172,0.0038885244040112177,0.0038885244040112177,0.0038885244040112177,0.0038885244040112177,0.0038885244040112177,0.0033885244040112177,0.0038885244040112177,0.0038885244040112177,0.0038885244040112177
2021-08-16,0.0036734414781989383,0.004225768030852617,0.004225768030852617,0.004225768030852617,0.004225768030852617,0.004225768030852617,0.004225768030852617,0.004225768030852617,0.004225768030852617,0.004225768030852617,0.004225768030852617,0.004225768030852617
2021-08-17,-0.010357917467672043,-0.01191529979744188,-0.011915299797441879,-0.01191529979744188,-0.01191529979744188,-0.01191529979744188,-0.01191529979744188,-0.01191529979744188,-0.01191529979744188,-0.01191529979744188,-0.01191529979744188,-0.01191529979744188
2021-08-18,-0.007712543422347846,-0.008872176030064183,-0.008872176030064183,-0.008872176030064183,-0.008872176030064183,-0.008872176030064183,-0.008872176030064183,-0.008872176030064183,-0.0005,-0.008872176030064183,-0.008872176030064183,-0.008872176030064183
2021-08-19,0.0014824556309722512,0.0017053527733321694,0.0017053527733321694,0.0017053527733321694,0.0017053527733321694,0.0017053527733321694,0.0017053527733321694,0.0017053527733321694,0.0,0.0017053527733321694,0.0017053527733321694,0.0017053527733321694
2021-08-20,0.011209016465335404,0.01289436723509163,0.01289436723509163,0.01289436723509163,0.01289436723509163,0.01289436723509163,0.01289436723509163,0.01289436723509163,0.0,0.01289436723509163,0.01289436723509163,0.01289436723509163
2021-08-23,0.016521975400512548,0.01900616516375009,0.01900616516375009,0.01900616516375009,0.01900616516375009,0.01900616516375009,0.01900616516375009,0.01900616516375009,0.018506165163750088,0.01900616516375009,0.01900616516375009,0.01900616516375009
2021-08-24,0.00757283567428094,0.008711462285487803,0.008711462285487803,0.008711462285487803,0.008711462285487803,0.008711462285487803,0.008711462285487803,0.008711462285487803,0.008711462285487803,0.008711462285487803,0.008711462285487803,0.008711462285487803
2021-08-25,0.005030850103032281,0.005787272142369515,0.005787272142369514,-0.006787272142369515,0.005787272142369515,0.005787272142369515,0.005787272142369515,0.005787272142369515,0.005787272142369515,0.005787272142369515,0.005787272142369515,0.005787272142369515
2021-08-26,-0.003906506188726601,-0.004493875583052032,-0.004493875583052032,0.004493875583052032,-0.004493875583052032,-0.004493875583052032,-0.004493875583052032,-0.004493875583052032,-0.004493875583052032,-0.004493875583052032,-0.004493875583052032,-0.004493875583052032
2021-08-27,0.015755128185952552,0.018124017329609332,0.018124017329609332,0.01712401732960933,0.018124017329609332,0.018124017329609332,0.018124017329609332,0.01812401732960933,0.018124017329609332,0.018124017329609332,0.018124017329609332,0.018124017329609332
2021-08-30,0.0035404674740278455,0.004072800493709172,0.004072800493709172,0.004072800493709172,0.004072800493709172,0.004072800493709172,0.004072800493709172,0.004072800493709172,0.004072800493709172,0.004072800493709172,0.004072800493709172,0.004072800493709172
2021-08-31,0.0006433230587034401,0.0007400509933568333,0.0007400509933568333,0.0007400509933568333,0.0007400509933568333,0.0007400509933568333,0.0007400509933568333,0.0007400509933568333,0.0007400509933568333,0.0007400509933568333,0.0007400509933568333,0.0007400509933568333
2021-09-01,0.003112043199713111,0.0035799597576351427,0.0035799597576351423,0.0035799597576351427,0.0035799597576351427,0.0035799597576351427,0.0035799597576351427,0.0035799597576351427,0.0035799597576351427,0.0035799597576351427,0.0035799597576351427,0.0035799597576351427
2021-09-02,-0.011544442884874207,-0.013280227265475286,-0.013280227265475286,-0.013280227265475286,-0.013280227265475286,-0.013280227265475286,-0.013280227265475286,-0.013280227265475286,-0.013280227265475286,-0.013280227265475286,-0.013280227265475286,-0.013280227265475286
2021-09-03,0.0027451030456367605,0.003157847691461102,0.003157847691461102,0.003157847691461102,0.003157847691461102,0.003157847691461102,0.003157847691461102,0.003157847691461102,-0.0005,0.003157847691461102,0.003157847691461102,0.003157847691461102
2021-09-07,0.003271781515896406,0.0037637158005272564,0.003763715800527256,-0.004763715800527256,0.0037637158005272564,0.0037637158005272564,0.0037637158005272564,0.003763715800527256,0.0032637158005272564,0.0037637158005272564,0.0037637158005272564,0.0037637158005272564
2021-09-08,-0.00355167616725795,-0.004085694489108449,-0.004085694489108449,-0.005085694489108449,-0.004085694489108449,-0.004085694489108449,-0.004085694489108449,-0.004085694489108449,-0.004085694489108449,-0.004085694489108449,-0.004085694489108449,-0.004085694489108449
2021-09-09,-0.0009074637257182699,-0.0010439069804315526,-0.0010439069804315524,-0.0010439069804315526,-0.0010439069804315526,-0.0010439069804315526,-0.0010439069804315526,-0.0010439069804315526,-0.0005,-0.0010439069804315526,-0.0010439069804315526,-0.0010439069804315526
2021-09-10,-0.01613941632408343,-0.018566085765539753,-0.018566085765539753,0.017566085765539752,-0.018566085765539753,-0.018566085765539753,-0.018566085765539753,-0.018566085765539753,0.0,-0.018566085765539753,-0.018566085765539753,-0.018566085765539753
2021-09-13,0.008987616458071182,0.010338964844678333,0.010338964844678333,0.009338964844678332,0.010338964844678333,0.010338964844678333,0.010338964844678333,0.010338964844678333,0.0,0.010338964844678333,0.010338964844678333,0.010338964844678333
2021-09-14,0.0012946470170942118,0.0014893058753062682,0.0014893058753062682,0.0014893058753062682,0.0014893058753062682,0.0014893058753062682,0.0014893058753062682,0.0014893058753062682,0.0009893058753062682,0.0014893058753062682,0.0014893058753062682,0.0014893058753062682
2021-09-15,0.01149555405864341,0.013223987676474591,0.013223987676474591,0.013223987676474591,0.013223987676474591,0.013223987676474591,0.013223987676474591,0.013223987676474591,-0.0005,0.013223987676474591,0.013223987676474591,0.013223987676474591
2021-09-16,-0.004932452527120142,-0.005674079831270884,-0.005674079831270883,-0.005674079831270884,-0.005674079831270884,-0.005674079831270884,-0.005674079831270884,-0.005674079831270884,-0.0061740798312708844,-0.005674079831270884,-0.005674079831270884,-0.005674079831270884
2021-09-17,-0.017009353359485797,-0.019566823666191002,-0.019566823666191002,0.018566823666191,-0.019566823666191002,-0.019566823666191002,-0.019566823666191002,-0.019566823666191002,-0.019566823666191002,-0.019566823666191002,-0.019566823666191002,-0.019566823666191002
2021-09-20,-0.01284492973069827,-0.014776251026910603,-0.014776251026910603,-0.015776251026910604,-0.014776251026910603,-0.014776251026910603,-0.014776251026910603,-0.014776251026910601,-0.0005,-0.014776251026910603,-0.014776251026910603,-0.014776251026910603
2021-09-21,0.0019645742101012174,0.0022599611129108244,0.0022599611129108244,0.0022599611129108244,0.0022599611129108244,0.0022599611129108244,0.0022599611129108244,0.0022599611129108244,0.0,0.0022599611129108244,-0.0005,0.0022599611129108244
2021-09-22,0.00781863229351055,0.008994216074216022,0.008994216074216022,0.008994216074216022,0.008994216074216022,0.008994216074216022,0.008994216074216022,0.008994216074216022,0.0,0.008994216074216022,0.0,0.008994216074216022
2021-09-23,0.005778505865763419,0.006647342961241254,0.006647342961241254,0.006647342961241254,0.006647342961241254,0.006647342961241254,0.006647342961241254,0.006647342961241254,0.006147342961241253,0.006647342961241254,0.0,0.006647342961241254
2021-09-24,0.006149722846759754,0.007074374903934144,0.007074374903934144,0.007074374903934144,0.007074374903934144,0.007074374903934144,0.007074374903934144,0.007074374903934144,0.007074374903934144,0.007074374903934144,0.0,0.007074374903934144
2021-09-27,-0.006986801039863163,-0.008037313415064196,-0.008037313415064196,-0.008037313415064196,-0.008037313415064196,-0.008037313415064196,-0.008037313415064196,-0.008037313415064194,-0.008037313415064196,-0.008037313415064196,0.0,-0.008037313415064196
2021-09-28,-0.03230145478055174,-0.03715819505272511,-0.03715819505272511,-0.03715819505272511,-0.03715819505272511,-0.03715819505272511,-0.03715819505272511,-0.03715819505272511,-0.03715819505272511,-0.03715819505272511,0.0,-0.03715819505272511
2021-09-29,-0.009449674597665278,-0.010870496523154749,-0.010870496523154749,-0.010870496523154749,-0.010870496523154749,-0.010870496523154749,-0.010870496523154749,-0.010870496523154749,-0.0005,-0.0005,0.0,-0.010870496523154749
2021-09-30,-0.004383430639786801,-0.005042508822585834,-0.005042508822585834,-0.005042508822585834,-0.005042508822585834,-0.005042508822585834,-0.005042508822585834,-0.005042508822585833,0.0,0.0,0.0,-0.005042508822585834
2021-10-01,0.018644085047548935,0.02144734822264205,0.021447348222642045,0.02144734822264205,0.02144734822264205,0.02144734822264205,0.02144734822264205,0.02144734822264205,0.0,0.0,0.0,0.02144734822264205
2021-10-04,-0.018357579156812773,-0.02111776425052514,-0.02111776425052514,-0.02111776425052514,-0.02111776425052514,-0.02111776425052514,-0.02111776425052514,-0.02111776425052514,-0.02161776425052514,0.0,0.0,-0.02111776425052514
2021-10-05,0.013504613715116402,0.017682884692462597,0.017682884692462594,0.017682884692462597,0.017682884692462597,0.017682884692462597,0.017682884692462597,0.017682884692462597,-0.0005,0.0,0.0,0.017682884692462597
2021-10-06,0.008690645924821657,0.011336397748677784,0.011336397748677784,0.011336397748677784,0.011336397748677784,0.011336397748677784,0.011336397748677784,0.011336397748677784,0.010836397748677784,0.0,0.0,0.011336397748677784
2021-10-07,0.009250789432572074,0.01206706951405967,0.01206706951405967,0.01206706951405967,0.01206706951405967,0.01206706951405967,0.01206706951405967,0.01206706951405967,0.01206706951405967,0.0,0.0,0.01206706951405967
2021-10-08,0.003086273893618047,0.0040258490245801415,0.0040258490245801415,0.0040258490245801415,0.0040258490245801415,0.0040258490245801415,0.0040258490245801415,0.0040258490245801415,0.0040258490245801415,0.0,0.0,0.0040258490245801415
2021-10-11,-0.004779528565880152,-0.00623459261172199,-0.00623459261172199,-0.00623459261172199,-0.00623459261172199,-0.00623459261172199,-0.00623459261172199,-0.00623459261172199,-0.00623459261172199,0.0,0.0,-0.00623459261172199
2021-10-12,-0.017794131321590488,-0.017744861063767492,-0.017744861063767492,-0.017744861063767492,-0.017744861063767492,-0.017744861063767492,-0.017744861063767492,-0.017744861063767492,-0.0005,-0.018244861063767492,-0.018244861063767492,-0.017744861063767492
2021-10-13,0.008272821713536006,0.008303506708522645,0.008303506708522645,0.008303506708522645,0.008303506708522645,0.008303506708522645,0.008303506708522645,0.008303506708522645,0.0,0.008303506708522645,-0.0005,0.008303506708522645
2021-10-14,0.025844897520167602,0.0259407596792105,0.0259407596792105,0.0259407596792105,0.0259407596792105,0.0259407596792105,0.0259407596792105,0.0259407596792105,0.0254407596792105,0.0259407596792105,0.0,0.0259407596792105
2021-10-15,0.0015317538780506555,0.0015374353567161325,0.0015374353567161325,0.0015374353567161325,0.0015374353567161325,0.0015374353567161325,0.0015374353567161325,0.0015374353567161325,0.0015374353567161325,0.0015374353567161325,0.0010374353567161325,0.0015374353567161325
2021-10-18,0.00993704795799887,0.009973905789260273,0.009973905789260272,0.009973905789260273,0.009973905789260273,0.009973905789260273,0.009973905789260273,0.009973905789260273,0.009973905789260273,0.009973905789260273,0.009973905789260273,0.009973905789260273
2021-10-19,0.0032030480889492165,0.0032149286199161242,0.0032149286199161242,0.0032149286199161242,0.0032149286199161242,0.0032149286199161242,0.0032149286199161242,0.0032149286199161242,0.0032149286199161242,0.0032149286199161242,0.0032149286199161242,0.0032149286199161242
2021-10-20,-0.01021106092332878,-0.010248935105088064,-0.010248935105088062,-0.010248935105088064,-0.010248935105088064,-0.010248935105088064,-0.010248935105088064,-0.010248935105088064,-0.010248935105088064,-0.010248935105088064,-0.010248935105088064,-0.010248935105088064
2021-10-21,0.0008224184600973341,0.0008254689194446829,0.0008254689194446828,0.0008254689194446829,0.0008254689194446829,0.0008254689194446829,0.0008254689194446829,0.0008254689194446827,-0.0005,0.0008254689194446829,0.0008254689194446829,0.0008254689194446829
2021-10-22,-0.030330988469550638,-0.030443490136014106,-0.030443490136014106,-0.030443490136014106,-0.030443490136014106,-0.030443490136014106,-0.030443490136014106,-0.030443490136014106,0.0,-0.030443490136014106,-0.030443490136014106,-0.030443490136014106
2021-10-25,-0.0008653805854950572,-0.0008685903970740982,-0.0008685903970740982,-0.0008685903970740982,-0.0008685903970740982,-0.0008685903970740982,-0.0008685903970740982,-0.0008685903970740982,0.0,-0.0008685903970740982,-0.0008685903970740982,-0.0008685903970740982
2021-10-26,0.013493350772051655,0.013543399402994094,0.013543399402994094,0.013543399402994094,0.013543399402994094,0.013543399402994094,0.013543399402994094,0.013543399402994094,0.0,0.013543399402994094,0.013543399402994094,0.013543399402994094
2021-10-27,0.049411625047797086,0.04959489933066874,0.04959489933066873,0.04959489933066874,0.04959489933066874,0.04959489933066874,0.04959489933066874,0.04959489933066874,0.04909489933066874,0.04959489933066874,-0.0005,0.04959489933066874
2021-10-28,-0.0025108256453685593,-0.0025201386313131735,-0.0025201386313131735,-0.0025201386313131735,-0.0025201386313131735,-0.0025201386313131735,-0.0025201386313131735,-0.0025201386313131735,-0.0025201386313131735,-0.0025201386313131735,-0.0030201386313131735,-0.0025201386313131735
2021-10-29,0.015007742333355582,0.015063408043823667,0.015063408043823666,0.015063408043823667,0.015063408043823667,0.015063408043823667,0.015063408043823667,0.015063408043823667,0.015063408043823667,0.015063408043823667,0.015063408043823667,0.015063408043823667
2021-11-01,-0.030613389833897015,-0.030726938964544925,-0.030726938964544925,-0.030726938964544925,-0.030726938964544925,-0.030726938964544925,-0.030726938964544925,-0.030726938964544922,-0.030726938964544925,-0.030726938964544925,-0.030726938964544925,-0.030726938964544925
2021-11-02,0.012032857603162372,0.01348808134429813,0.01348808134429813,0.01348808134429813,0.01348808134429813,0.01348808134429813,0.01348808134429813,0.01348808134429813,-0.0005,0.01348808134429813,0.01348808134429813,0.01348808134429813
2021-11-03,0.007179257344813078,0.008014041694271556,0.008014041694271556,0.008014041694271556,0.008014041694271556,0.008014041694271556,0.008014041694271556,0.008014041694271556,0.007514041694271556,0.008014041694271556,0.008014041694271556,0.008014041694271556
2021-11-04,0.010202051645531373,0.011388318223955363,0.011388318223955363,0.011388318223955363,0.011388318223955363,0.011388318223955363,0.011388318223955363,0.011388318223955363,0.011388318223955363,0.011388318223955363,0.011388318223955363,0.011388318223955363
2021-11-05,0.003531455552988784,0.003942083516976336,0.003942083516976335,0.003942083516976336,0.003942083516976336,0.003942083516976336,0.003942083516976336,0.003942083516976336,0.003942083516976336,0.003942083516976336,0.003942083516976336,0.003942083516976336
2021-11-08,0.0010775673401613756,0.001202863914423924,0.001202863914423924,0.001202863914423924,0.001202863914423924,0.001202863914423924,0.001202863914423924,0.001202863914423924,0.001202863914423924,0.001202863914423924,0.001202863914423924,0.001202863914423924
2021-11-09,-0.0006766147541610544,-0.0007552896616421778,-0.0007552896616421778,-0.0005,-0.0007552896616421778,-0.0007552896616421778,-0.0007552896616421778,-0.0007552896616421778,-0.0005,-0.0007552896616421778,-0.0007552896616421778,-0.0007552896616421778
2021-11-10,-0.018197117869193535,-0.020313028815529655,-0.020313028815529655,0.0,-0.020313028815529655,-0.020313028815529655,-0.020313028815529655,-0.020313028815529655,0.0,-0.020313028815529655,-0.020313028815529655,-0.020313028815529655
2021-11-11,-0.000779830180886956,-0.0008705066950406293,-0.0008705066950406293,-0.0013705066950406293,-0.0008705066950406293,-0.0008705066950406293,-0.0008705066950406293,-0.0008705066950406293,0.0,-0.0008705066950406293,-0.0008705066950406293,-0.0008705066950406293
2021-11-12,0.017893159380651856,0.01997372686777865,0.019973726867778648,0.01997372686777865,0.01997372686777865,0.01997372686777865,0.01997372686777865,0.01997372686777865,0.0,0.01997372686777865,0.01997372686777865,0.01997372686777865
2021-11-15,-0.0013617298736601441,-0.0015200680877851536,-0.0015200680877851536,-0.0015200680877851536,-0.0015200680877851536,-0.0015200680877851536,-0.0015200680877851536,-0.0015200680877851536,-0.0020200680877851536,-0.0015200680877851536,-0.0015200680877851536,-0.0015200680877851536
2021-11-16,-0.003475788506564637,-0.00387994365910338,-0.00387994365910338,-0.00387994365910338,-0.00387994365910338,-0.00387994365910338,-0.00387994365910338,-0.00387994365910338,-0.00387994365910338,-0.00387994365910338,-0.00387994365910338,-0.00387994365910338
2021-11-17,0.0010359055801459145,0.0011563578392430607,0.0011563578392430607,0.0011563578392430607,0.0011563578392430607,0.0011563578392430607,0.0011563578392430607,0.0011563578392430607,-0.0005,0.0011563578392430607,0.0011563578392430607,0.0011563578392430607
2021-11-18,0.010840319580890191,0.012100802203900418,0.012100802203900418,0.012100802203900418,0.012100802203900418,0.012100802203900418,0.012100802203900418,0.012100802203900418,0.011600802203900418,0.012100802203900418,0.012100802203900418,0.012100802203900418
2021-11-19,-0.005452315814583467,-0.0060862961403629345,-0.0060862961403629345,-0.0060862961403629345,-0.0060862961403629345,-0.0060862961403629345,-0.0060862961403629345,-0.0060862961403629345,-0.0060862961403629345,-0.0060862961403629345,-0.0060862961403629345,-0.0060862961403629345
2021-11-22,-0.015787150898998722,-0.017622837497215604,-0.017622837497215604,-0.017622837497215604,-0.017622837497215604,-0.017622837497215604,-0.017622837497215604,-0.017622837497215604,-0.0005,-0.017622837497215604,-0.017622837497215604,-0.017622837497215604
2021-11-23,-0.003184039704932071,-0.003554271107160889,-0.003554271107160889,-0.003554271107160889,-0.003554271107160889,-0.003554271107160889,-0.003554271107160889,-0.003554271107160889,0.0,-0.003554271107160889,-0.003554271107160889,-0.003554271107160889
2021-11-24,0.002076691157494702,0.002318163108376625,0.002318163108376625,0.002318163108376625,0.002318163108376625,0.002318163108376625,0.002318163108376625,0.002318163108376625,0.0,0.002318163108376625,0.002318163108376625,0.002318163108376625
2021-11-26,-0.02413679421017874,-0.026943354427345856,-0.026943354427345856,-0.026943354427345856,-0.026943354427345856,-0.026943354427345856,-0.026943354427345856,-0.026943354427345856,-0.027443354427345856,-0.026943354427345856,-0.026943354427345856,-0.026943354427345856
2021-11-29,0.021091026595853674,0.023543433310170947,0.023543433310170947,0.023543433310170947,0.023543433310170947,0.023543433310170947,0.023543433310170947,-0.024543433310170948,-0.0005,0.023543433310170947,-0.0005,0.023543433310170947
2021-11-30,-0.022363418923113217,-0.024963775926736487,-0.024963775926736487,-0.024963775926736487,-0.024963775926736487,-0.024963775926736487,-0.024963775926736487,-0.025963775926736488,-0.025463775926736487,-0.024963775926736487,0.0,-0.024963775926736487
2021-12-01,-0.005341095007090258,-0.005962142882482424,-0.005962142882482424,-0.005962142882482424,-0.005962142882482424,-0.005962142882482424,-0.005962142882482424,0.004962142882482424,-0.0005,-0.005962142882482424,0.0,-0.005962142882482424
2021-12-02,0.012159228717117455,0.013573070476372573,0.013573070476372573,0.013573070476372573,0.013573070476372573,0.013573070476372573,0.013573070476372573,-0.013573070476372573,0.0,0.013573070476372573,0.0,0.013573070476372573
2021-12-03,-0.006043536775321071,-0.00674626265254008,-0.00674626265254008,-0.00674626265254008,-0.00674626265254008,-0.00674626265254008,-0.00674626265254008,0.00674626265254008,-0.007246262652540081,-0.00674626265254008,0.0,-0.00674626265254008
2021-12-06,0.007277067690335511,0.008123225158451763,0.008123225158451763,0.008123225158451763,0.008123225158451763,0.008123225158451763,0.008123225158451763,-0.008123225158451763,-0.0005,0.008123225158451763,0.0,0.008123225158451763
2021-12-07,0.025747618055231257,0.02874148045018643,0.02874148045018643,0.02874148045018643,0.02874148045018643,0.02874148045018643,0.02874148045018643,-0.02874148045018643,0.02824148045018643,0.02874148045018643,0.0,0.02874148045018643
2021-12-08,0.004932334315554572,0.0062267525095582865,0.0062267525095582865,0.0062267525095582865,0.0062267525095582865,0.0062267525095582865,0.0062267525095582865,0.0052267525095582865,0.0062267525095582865,0.0062267525095582865,0.0,0.0062267525095582865
2021-12-09,-0.002957878825819744,-0.003698139025469338,-0.003698139025469338,-0.003698139025469338,-0.003698139025469338,-0.003698139025469338,-0.003698139025469338,-0.003698139025469338,-0.003698139025469338,-0.003698139025469338,0.0,-0.003698139025469338
2021-12-10,0.0019666735341408725,0.002458867511230256,0.002458867511230256,0.002458867511230256,0.002458867511230256,0.002458867511230256,0.002458867511230256,0.002458867511230256,-0.0005,0.002458867511230256,0.001958867511230256,0.002458867511230256
2021-12-13,-0.011754126330082526,-0.014695799203176652,-0.014695799203176652,-0.014695799203176652,-0.014695799203176652,-0.014695799203176652,-0.014695799203176652,-0.014695799203176652,-0.015195799203176652,-0.014695799203176652,-0.014695799203176652,-0.014695799203176652
2021-12-14,-0.010528180765676739,-0.013163039613684813,-0.013163039613684813,-0.013163039613684813,-0.013163039613684813,-0.013163039613684813,-0.013163039613684813,-0.013163039613684813,-0.0005,-0.013163039613684813,-0.013163039613684813,-0.013163039613684813
2021-12-15,0.014083899320472121,0.017608638073057126,0.017608638073057126,0.017608638073057126,0.017608638073057126,0.017608638073057126,0.017608638073057126,0.017608638073057126,0.0,0.017608638073057126,0.017608638073057126,0.017608638073057126
2021-12-16,-0.010901540400948598,-0.013629838938147065,-0.013629838938147065,-0.013629838938147065,-0.013629838938147065,-0.013629838938147065,-0.013629838938147065,-0.013629838938147065,-0.014129838938147066,-0.013629838938147065,-0.0005,-0.013629838938147065
2021-12-17,-0.015061491084629966,-0.018830889039679333,-0.018830889039679333,-0.018830889039679333,-0.018830889039679333,-0.018830889039679333,-0.018830889039679333,-0.018830889039679333,-0.0005,-0.018830889039679333,0.0,-0.018830889039679333
2021-12-20,-0.0006659121154036875,-0.0008325681092851145,-0.0008325681092851145,-0.0008325681092851145,-0.0008325681092851145,-0.0008325681092851145,-0.0008325681092851145,-0.0008325681092851145,0.0,-0.0008325681092851145,0.0,-0.0008325681092851145
2021-12-21,0.010536699717663085,0.013173690580357889,0.013173690580357889,0.013173690580357889,0.013173690580357889,0.013173690580357889,0.013173690580357889,0.013173690580357889,0.0,0.013173690580357889,0.0,0.013173690580357889
2021-12-22,0.01640392586772177,0.020509291284275477,0.020509291284275477,0.020509291284275477,0.020509291284275477,0.020509291284275477,0.020509291284275477,0.020509291284275477,0.020009291284275477,0.020509291284275477,0.0,0.020509291284275477
2021-12-23,0.0027395340863118033,0.0034251497484469873,0.0034251497484469873,0.0034251497484469873,0.0034251497484469873,0.0034251497484469873,0.0034251497484469873,0.0034251497484469873,0.0034251497484469873,0.0034251497484469873,0.0,0.0034251497484469873
2021-12-27,0.005389548631664098,0.006738376146594893,0.006738376146594893,0.006738376146594893,0.006738376146594893,0.006738376146594893,0.006738376146594893,0.006738376146594893,0.006738376146594893,0.006738376146594893,0.006238376146594893,0.006738376146594893
2021-12-28,-0.006594674593376421,-0.00824510566868053,-0.00824510566868053,-0.00824510566868053,-0.00824510566868053,-0.00824510566868053,-0.00824510566868053,-0.00824510566868053,-0.00824510566868053,-0.00824510566868053,-0.00824510566868053,-0.00824510566868053
2021-12-29,-0.00017442358382952617,-0.00021807609449431276,-0.00021807609449431278,-0.00021807609449431276,-0.00021807609449431276,-0.00021807609449431276,-0.00021807609449431276,-0.00021807609449431276,-0.0005,-0.00021807609449431276,-0.00021807609449431276,-0.00021807609449431276
2021-12-30,-0.0024787320290929967,-0.0030990774775667695,-0.0030990774775667695,-0.0030990774775667695,-0.0030990774775667695,-0.0030990774775667695,-0.0030990774775667695,-0.0030990774775667695,0.0,-0.0030990774775667695,-0.0030990774775667695,-0.0030990774775667695
2021-12-31,-0.007377201006596178,-0.009223472815409917,-0.009223472815409917,-0.009223472815409917,-0.009223472815409917,-0.009223472815409917,-0.009223472815409917,-0.009223472815409917,0.0,-0.009223472815409917,-0.009223472815409917,-0.009223472815409917
2022-01-03,0.0007702837443603699,0.0009630605388015745,0.0009630605388015745,0.0009630605388015745,0.0009630605388015745,0.0009630605388015745,0.0009630605388015745,0.0009630605388015745,0.0,0.0009630605388015745,0.0009630605388015745,0.0009630605388015745
2022-01-04,-0.003265758204981648,-0.004083070530193966,-0.004083070530193966,-0.004083070530193966,-0.004083070530193966,-0.004083070530193966,-0.004083070530193966,-0.004083070530193966,0.0,-0.004083070530193966,-0.0005,-0.004083070530193966
2022-01-05,-0.036693074724030446,-0.045876149630231344,-0.045876149630231344,-0.045876149630231344,-0.045876149630231344,-0.045876149630231344,-0.045876149630231344,-0.045876149630231344,0.0,-0.045876149630231344,0.0,-0.045876149630231344
2022-01-06,-0.0001597001447758128,-0.0001996678608376934,-0.0001996678608376934,-0.0001996678608376934,-0.0001996678608376934,-0.0001996678608376934,-0.0001996678608376934,-0.0001996678608376934,0.0,-0.0001996678608376934,0.0,-0.0001996678608376934
2022-01-07,-0.004241703490446294,-0.005303262958428201,-0.005303262958428201,-0.005303262958428201,-0.005303262958428201,-0.005303262958428201,-0.005303262958428201,-0.005303262958428201,0.0,-0.005303262958428201,0.0,-0.005303262958428201
2022-01-10,0.009646252097209596,0.012060393082640841,0.012060393082640841,0.012060393082640841,0.012060393082640841,0.012060393082640841,0.012060393082640841,0.012060393082640841,0.0,0.012060393082640841,0.0,0.012060393082640841
2022-01-11,0.006151549257400206,0.007691080573452469,0.007691080573452469,0.007691080573452469,0.007691080573452469,-0.00869108057345247,0.007691080573452469,0.007691080573452469,0.0071910805734524685,0.007691080573452469,0.0,0.007691080573452469
2022-01-12,0.00969910448569133,0.012126472693045232,0.012126472693045232,0.012126472693045232,0.012126472693045232,-0.012126472693045232,0.012126472693045232,0.012126472693045232,0.012126472693045232,0.012126472693045232,0.0,0.012126472693045232
2022-01-13,-0.016080637810334444,-0.020105094813799407,-0.020105094813799407,-0.020105094813799407,-0.020105094813799407,0.020105094813799407,-0.020105094813799407,-0.020105094813799407,-0.020105094813799407,-0.020105094813799407,0.0,-0.020105094813799407
2022-01-14,0.005156512367288582,0.006447018537177662,0.006447018537177662,0.006447018537177662,0.006447018537177662,-0.006447018537177662,0.006447018537177662,0.006447018537177662,-0.0005,0.006447018537177662,-0.006947018537177663,0.006447018537177662
2022-01-18,-0.01997001261201525,-0.024967852751419328,-0.024967852751419328,-0.024967852751419328,-0.024967852751419328,0.024967852751419328,-0.024967852751419328,-0.024967852751419328,0.0,-0.024967852751419328,0.024967852751419328,-0.024967852751419328
2022-01-19,-0.005184061572544102,-0.006481462406272898,-0.006481462406272898,-0.006481462406272898,-0.006481462406272898,0.006481462406272898,-0.006481462406272898,-0.006481462406272898,0.0,-0.006481462406272898,0.006481462406272898,-0.006481462406272898
2022-01-20,-0.01070859371918236,-0.013388604020933448,-0.013388604020933448,-0.013388604020933448,-0.013388604020933448,0.013388604020933448,-0.013388604020933448,-0.013388604020933448,0.0,-0.013388604020933448,0.013388604020933448,-0.013388604020933448
2022-01-21,-0.017735581492800422,-0.022174216700624916,-0.022174216700624916,-0.022174216700624916,-0.022174216700624916,0.022174216700624916,-0.022174216700624916,-0.022174216700624916,0.0,-0.022174216700624916,0.022174216700624916,-0.022174216700624916
2022-01-24,0.0027764759145033698,-0.0005,-0.0005,0.0034713369063910093,0.0034713369063910093,-0.0034713369063910093,-0.004471336906391009,-0.004471336906391009,0.0,-0.004471336906391009,-0.0034713369063910093,0.0034713369063910093
2022-01-25,-0.02365781219912786,0.0,0.0,-0.029578587799847567,-0.029578587799847567,0.029578587799847567,0.029578587799847567,0.029578587799847567,0.0,0.029578587799847567,0.029578587799847567,-0.029578587799847567
2022-01-26,0.014480001112705131,0.0,0.0,0.01810387117156287,0.01810387117156287,-0.01810387117156287,-0.01810387117156287,-0.01810387117156287,0.0,-0.01810387117156287,-0.01810387117156287,0.01810387117156287
2022-01-27,-0.0014111142295148201,0.0,0.0,-0.001764269907208793,-0.001764269907208793,0.001764269907208793,0.001764269907208793,0.001764269907208793,-0.002264269907208793,0.001764269907208793,0.001764269907208793,-0.001764269907208793
2022-01-28,0.02694521846617909,0.0,0.0,0.03368872419307367,0.03368872419307367,-0.03368872419307367,-0.03368872419307367,-0.03368872419307367,-0.0005,-0.03368872419307367,-0.03368872419307367,0.03368872419307367
2022-01-31,0.011710816200280963,0.0,0.0,0.014641649966291359,0.014641649966291359,-0.014641649966291359,-0.014641649966291359,-0.014641649966291359,0.014141649966291359,-0.014641649966291359,-0.014641649966291359,0.014641649966291359
2022-02-01,0.013835666181700795,0.016798280309280045,0.016798280309280045,0.017298280309280045,0.017298280309280045,-0.017298280309280045,0.016298280309280044,0.016298280309280044,0.017298280309280045,-0.017298280309280045,-0.017298280309280045,0.017298280309280045
2022-02-02,0.06017712998242772,0.07523749481761866,0.07523749481761866,0.07523749481761866,0.07523749481761866,-0.07523749481761866,0.07523749481761866,0.07523749481761866,0.07523749481761866,-0.07523749481761866,-0.07523749481761866,0.07523749481761866
2022-02-03,-0.023596499775339737,-0.03317562016867348,-0.03317562016867348,-0.03317562016867348,-0.03317562016867348,0.03317562016867348,-0.03317562016867348,-0.033175620168673474,-0.03317562016867348,0.03317562016867348,-0.0005,-0.03317562016867348
2022-02-04,0.001007066282965299,0.00141859307970571,0.00141859307970571,-0.0005,0.00141859307970571,-0.00141859307970571,0.00141859307970571,0.00141859307970571,-0.0005,-0.00141859307970571,0.0,0.00141859307970571
2022-02-07,-0.02027264672332888,-0.02855684559744509,-0.02855684559744509,0.02805684559744509,-0.02855684559744509,0.02855684559744509,-0.02855684559744509,-0.02855684559744509,0.0,0.02855684559744509,0.0,-0.02855684559744509
2022-02-08,0.00100976531056568,0.0014223950358833726,0.0014223950358833726,0.00042239503588337255,0.0014223950358833726,0.00042239503588337255,0.0014223950358833726,0.0014223950358833726,0.0,-0.0014223950358833726,0.0,0.0014223950358833726
2022-02-09,0.011167999553855255,0.015731682362164268,0.015731682362164268,0.015731682362164268,0.015731682362164268,0.015731682362164268,0.015731682362164268,0.015731682362164268,0.0,-0.015731682362164268,0.0,0.015731682362164268
2022-02-10,-0.014900743712231943,-0.020989772242597238,-0.020989772242597238,-0.0005,0.019989772242597237,0.019989772242597237,-0.020989772242597238,-0.020989772242597238,-0.021489772242597238,-0.0005,0.0,-0.020989772242597238
2022-02-11,-0.022213500450782096,-0.03129080830978925,-0.03129080830978925,-0.031790808309789254,0.03129080830978925,0.03129080830978925,-0.03129080830978925,-0.03129080830978925,-0.0005,0.0,0.030790808309789253,-0.03129080830978925
2022-02-14,0.006574219780670207,-0.0005,0.009260703930889624,0.009260703930889624,-0.009260703930889624,-0.009260703930889624,-0.0005,0.009260703930889624,0.0,0.0,-0.009260703930889624,0.009260703930889624
2022-02-15,0.005670116254420049,0.007487148230166996,0.007987148230166996,0.007987148230166996,-0.007987148230166996,-0.007987148230166996,0.007487148230166996,0.007987148230166996,0.0,0.0,-0.007987148230166996,0.007987148230166996
2022-02-16,0.005869739532763004,0.008268345412512978,0.008268345412512978,0.008268345412512978,-0.008268345412512978,-0.008268345412512978,0.008268345412512978,0.008268345412512978,0.007768345412512978,0.0,-0.008268345412512978,0.008268345412512978
2022-02-17,-0.026795772638793413,-0.0377455767050735,-0.0377455767050735,0.0367455767050735,0.0377455767050735,0.0377455767050735,-0.0377455767050735,-0.0377455767050735,-0.0377455767050735,0.0,0.0377455767050735,-0.0377455767050735
2022-02-18,-0.011440792201580136,-0.0005,-0.016115948789114487,-0.017115948789114488,0.016115948789114487,0.016115948789114487,-0.0005,-0.016115948789114487,-0.0005,-0.016615948789114487,0.016115948789114487,-0.016115948789114487
2022-02-22,-0.0032092045409118724,0.0,-0.004520611433532218,-0.004520611433532218,0.004520611433532218,0.004520611433532218,0.0,-0.004520611433532218,0.0,-0.004520611433532218,0.004520611433532218,-0.004520611433532218
2022-02-23,-0.012170574291406286,0.0,-0.017143948474767967,-0.017143948474767967,0.017143948474767967,0.017143948474767967,0.0,-0.017143948474767967,0.0,-0.017143948474767967,0.017143948474767967,-0.017143948474767967
2022-02-24,0.028393279881730887,0.0,0.03999588808769471,0.03999588808769472,-0.03999588808769472,-0.03999588808769472,0.0,0.03999588808769472,0.0,0.03999588808769472,-0.03999588808769472,0.03999588808769472
2022-02-25,0.008271297488442998,0.0,0.013327988927566814,0.013327988927566814,-0.013327988927566814,-0.013327988927566814,0.0,0.013327988927566814,0.012827988927566814,0.013327988927566814,-0.013327988927566814,0.013327988927566814
2022-02-28,0.0027721326935686258,0.0,0.004443764127189054,0.004443764127189054,-0.004443764127189054,-0.004443764127189054,0.0,0.004443764127189054,0.004443764127189054,0.004443764127189054,-0.004443764127189054,0.004443764127189054
2022-03-01,-0.004598145400550645,0.0,-0.007370885827352791,-0.007370885827352791,0.007370885827352791,0.007370885827352791,0.0,-0.007370885827352791,-0.007370885827352791,-0.007370885827352791,-0.0005,-0.007370885827352791
2022-03-02,0.0023731287688781902,0.0,0.0038041557378574176,0.0038041557378574176,-0.0038041557378574176,-0.0038041557378574176,0.0,0.0038041557378574176,-0.0005,0.0038041557378574176,0.0,0.0038041557378574176
2022-03-03,-0.0031150723255167385,0.0,-0.004993500738924127,-0.0005,0.004993500738924128,0.004993500738924128,0.0,-0.004993500738924128,-0.005493500738924129,-0.004993500738924128,0.0,-0.004993500738924128
2022-03-04,-0.009285397700482124,0.0,-0.014884611152927385,-0.015384611152927385,0.014884611152927385,0.014884611152927385,0.0,-0.014884611152927385,-0.0005,-0.014884611152927385,0.0,-0.014884611152927385
2022-03-07,-0.02614347711012551,0.0,-0.04190832784140963,-0.04190832784140963,0.04190832784140963,0.04190832784140963,0.0,-0.04190832784140963,0.0,-0.04190832784140963,0.0,-0.04190832784140963
2022-03-08,0.003583660890380936,0.0,0.005744654195533716,0.005744654195533716,-0.005744654195533716,-0.005744654195533716,0.0,0.005744654195533716,0.0,0.005744654195533716,-0.0062446541955337165,0.005744654195533716
2022-03-09,0.030996200667688083,0.0,0.04968730570718471,0.049687305707184715,-0.049687305707184715,-0.049687305707184715,0.0,0.049687305707184715,0.0,0.049687305707184715,-0.049687305707184715,0.049687305707184715
2022-03-10,-0.004631170606924626,0.0,-0.007423825655131666,-0.007423825655131666,0.007423825655131666,0.007423825655131666,0.0,-0.007423825655131666,-0.007923825655131667,-0.007423825655131666,0.007423825655131666,-0.007423825655131666
2022-03-11,-0.01205451162872973,0.0,-0.019323536160736232,-0.019323536160736232,0.019323536160736232,0.019323536160736232,0.0,-0.01932353616073623,-0.019323536160736232,-0.019323536160736232,0.019323536160736232,-0.019323536160736232
2022-03-14,-0.012736432955625765,0.0,-0.0005,0.029180047496646933,-0.031180047496646934,0.030180047496646933,0.0,-0.03018004749664693,-0.0005,-0.0005,-0.0005,-0.030180047496646933
2022-03-15,0.01079186787041388,0.0,0.0,-0.025779920969466907,0.025779920969466907,-0.025779920969466907,0.0,0.025779920969466907,0.0,0.0,-0.026279920969466908,0.025779920969466907
2022-03-16,0.013227677041074843,0.0,0.0,-0.031598651208788686,0.031598651208788686,-0.031598651208788686,0.0,0.03159865120878868,0.031098651208788686,0.0,-0.031598651208788686,0.031598651208788686
2022-03-17,0.0017542593169162025,0.0,0.0,-0.004190624560372447,0.004190624560372447,-0.004190624560372447,0.0,0.004190624560372446,0.004190624560372447,0.0,-0.004190624560372447,0.004190624560372447
2022-03-18,0.0071515567863686385,0.0,0.0,-0.01708384229450055,0.01708384229450055,-0.01708384229450055,0.0,0.017083842294500547,0.01708384229450055,0.0,-0.0005,0.01708384229450055
2022-03-21,-7.385063837105139e-05,0.0,0.0,-0.0005,-0.00017641650579969248,0.00017641650579969248,0.0,-0.00017641650579969253,-0.00017641650579969248,0.0,0.0,-0.00017641650579969248
2022-03-22,0.011584900974262893,0.0,0.0,-0.028174341007674297,0.027674341007674297,-0.027674341007674297,0.0,0.027674341007674297,0.027674341007674297,0.0,0.0,0.027674341007674297
2022-03-23,-0.004766298754141612,0.0,0.0,-0.0005,0.010385870052718404,0.011385870052718405,0.0,-0.011385870052718405,-0.011385870052718405,0.0,0.0,-0.011385870052718405
2022-03-24,0.009979891202167945,0.0,0.0,-0.024340248005732923,-0.023840248005732922,-0.023840248005732922,0.0,0.023840248005732922,-0.0005,0.0,0.0,0.023840248005732922
2022-03-25,0.0002986950189100916,0.00021353115827021972,0.00021353115827021972,-0.0007135311582702197,-0.0007135311582702197,-0.0007135311582702197,0.00021353115827021972,0.0007135311582702197,0.00021353115827021972,0.0,0.0,0.0007135311582702197
2022-03-28,-0.0006427234475711981,-0.001535356055371473,-0.001535356055371473,0.001535356055371473,0.001535356055371473,0.001535356055371473,-0.001535356055371473,-0.0015353560553714727,-0.001535356055371473,0.0,0.0,-0.001535356055371473
2022-03-29,0.0031073101701563775,0.007422830929376456,0.007422830929376455,-0.0005,-0.007422830929376456,0.006422830929376456,0.007422830929376456,0.007422830929376456,0.007422830929376456,0.0,0.0,0.007422830929376456
2022-03-30,-0.0016655696717653694,-0.003978760213045995,-0.003978760213045995,0.0,0.003978760213045995,-0.003978760213045995,-0.003978760213045995,-0.003978760213045995,-0.003978760213045995,0.0,0.0,-0.003978760213045995
2022-03-31,-0.008467309022315041,-0.020226948665464373,-0.020226948665464373,0.0,0.020226948665464373,-0.020226948665464373,-0.020226948665464373,-0.020226948665464373,-0.0005,0.0,0.0,-0.020226948665464373
2022-04-01,0.0032599706315933914,-0.0005,-0.0005,0.007287510582450973,-0.007787510582450974,0.007787510582450974,-0.0005,0.007787510582450974,0.0,0.0,0.007287510582450973,0.007787510582450974
2022-04-04,0.008425987178261396,0.019628237868889842,0.019628237868889842,0.020128237868889842,-0.020128237868889842,0.020128237868889842,0.019628237868889842,0.020128237868889842,0.019628237868889842,0.0,0.020128237868889842,0.020128237868889842
2022-04-05,-0.0069700049580332275,-0.016650146122294762,-0.016650146122294762,-0.0005,0.016650146122294762,-0.016650146122294762,-0.016650146122294762,-0.01665014612229476,-0.016650146122294762,0.0,-0.0005,-0.016650146122294762
2022-04-06,-0.013683717294624564,-0.028757151840472783,-0.028757151840472783,0.0,0.028757151840472783,-0.028757151840472783,-0.028757151840472783,-0.02875715184047278,-0.0005,0.0,-0.029257151840472784,-0.028757151840472783
2022-04-07,-0.0022933631795234487,-0.0005,-0.0005,0.004329565567956217,0.004829565567956217,-0.004829565567956218,-0.0005,-0.004829565567956218,0.0,0.0,-0.0005,-0.004829565567956218
2022-04-08,-0.009089188025369158,0.0,0.0,0.019140810282444853,0.01914081028244485,-0.019140810282444853,0.0,-0.019140810282444853,0.0,0.0,0.0,-0.019140810282444853
2022-04-11,-0.01590389196184025,0.0,0.0,-0.0005,0.03349181224378072,0.03249181224378073,0.0,-0.03349181224378073,0.0,0.0,0.0,-0.03349181224378073
2022-04-12,-0.004087817690106249,0.0,-0.009108485450752657,-0.009108485450752657,0.008608485450752655,0.008608485450752656,0.0,-0.008608485450752656,0.0,0.0,0.008108485450752656,-0.008608485450752656
2022-04-13,0.008103647730096076,0.0,0.017065372986519778,0.017065372986519778,-0.017065372986519774,-0.017065372986519778,0.0,0.017065372986519778,0.0,0.0,-0.017065372986519778,0.017065372986519778
2022-04-14,-0.011566693444422465,0.0,-0.024358158748277958,0.023358158748277957,-0.02535815874827796,0.024358158748277958,0.0,-0.024358158748277955,-0.02485815874827796,0.0,0.024358158748277958,-0.024358158748277958
2022-04-18,0.003980242535420161,0.0,0.007468496352209142,-0.007468496352209142,0.007468496352209142,-0.007468496352209142,0.0,0.007468496352209141,-0.0005,0.006968496352209141,-0.007468496352209142,0.007468496352209142
2022-04-19,0.009812297232649096,0.0,0.018268868302450333,0.017268868302450335,0.018268868302450336,-0.018268868302450336,0.0,0.018268868302450336,0.0,0.018268868302450336,-0.018268868302450336,0.018268868302450336
2022-04-20,-0.008134559000102227,0.0,-0.015145198269871263,0.014145198269871262,-0.015145198269871263,0.015145198269871263,0.0,-0.015145198269871263,-0.015645198269871263,-0.015145198269871263,0.015145198269871263,-0.015145198269871263
2022-04-21,-0.013530366526620697,0.0,-0.0251912960133579,0.0251912960133579,-0.0251912960133579,0.0251912960133579,0.0,-0.0251912960133579,-0.0005,-0.0251912960133579,0.0251912960133579,-0.0251912960133579
2022-04-22,-0.022286382700228143,0.0,-0.04149354435918928,-0.042493544359189284,-0.04149354435918928,0.04149354435918928,0.0,-0.04149354435918928,0.0,-0.04149354435918928,0.04149354435918928,-0.04149354435918928
2022-04-25,0.015437152833474336,0.0,0.02874141553123355,0.02874141553123355,0.02874141553123355,-0.02874141553123355,0.0,0.02874141553123355,0.0,0.02874141553123355,-0.02874141553123355,0.02874141553123355
2022-04-26,-0.019306626369419874,0.0,-0.03594573280291091,-0.03594573280291091,-0.03594573280291091,0.03594573280291091,0.0,-0.03594573280291091,-0.03644573280291091,-0.03594573280291091,0.03594573280291091,-0.03594573280291091
2022-04-27,-0.017166330062220497,0.0,-0.036708775851271185,-0.03670877585127119,-0.03670877585127119,0.03670877585127119,0.0,-0.03670877585127119,-0.0005,-0.03670877585127119,0.03670877585127119,-0.03670877585127119
2022-04-28,0.017263277643287677,0.0,-0.0004999999999999999,0.03699197394596587,0.03699197394596587,-0.03699197394596587,0.0,-0.03799197394596587,0.0,0.03699197394596587,-0.03699197394596587,0.03699197394596587
2022-04-29,-0.015194823531135278,0.0,0.0,-0.03723344944250517,-0.03723344944250517,0.03723344944250517,0.0,0.03723344944250517,-0.037733449442505174,-0.03723344944250517,0.03723344944250517,-0.03723344944250517
2022-05-02,0.008828855843194167,0.0,0.0,0.021676613085023,0.021676613085023,-0.021676613085023,0.0,-0.021676613085023,-0.0005,0.021676613085023,-0.021676613085023,0.021676613085023
2022-05-03,0.0026237509798848722,0.0,0.0,0.006441835253914174,0.006441835253914174,-0.006441835253914174,0.0,-0.006441835253914174,0.005941835253914174,0.006441835253914174,-0.006441835253914174,0.006441835253914174
2022-05-04,0.017102929381232892,0.0,0.041491124263654366,0.04199112426365437,0.04199112426365437,-0.04199112426365437,0.0,0.04099112426365436,0.04199112426365437,0.04199112426365437,-0.04199112426365437,0.04199112426365437
2022-05-05,-0.016844482791792577,0.0,-0.04707543276644732,-0.04707543276644732,-0.04707543276644732,0.04707543276644732,0.0,-0.04707543276644732,-0.04707543276644732,-0.04707543276644732,0.04707543276644732,-0.04707543276644732
2022-05-06,-0.0023276451215365245,0.0,-0.0005,-0.006514762566931398,-0.006514762566931398,0.006514762566931398,0.0,0.005514762566931398,-0.0005,-0.006514762566931398,0.006514762566931398,-0.006514762566931398
2022-05-09,-0.00998738154057253,0.0,0.0,-0.027953324499583765,-0.027953324499583765,0.027953324499583765,0.0,0.027953324499583765,0.0,-0.027953324499583765,0.027953324499583765,-0.027953324499583765
2022-05-10,0.005982764533488602,0.0,0.0,0.01674494538231297,0.01674494538231297,-0.01674494538231297,0.0,-0.01674494538231297,0.0,0.01674494538231297,-0.0005,0.01674494538231297
2022-05-11,-0.0024751628786468787,0.0,-0.007427644734014416,-0.006927644734014415,-0.006927644734014415,0.006927644734014415,0.0,-0.007927644734014416,-0.007427644734014416,-0.006927644734014415,0.0,-0.006927644734014415
2022-05-12,-0.002385552345744946,0.0,-0.0005,-0.00667683702284283,0.00567683702284283,0.00667683702284283,0.006176837022842829,0.005676837022842829,-0.0005,0.00567683702284283,0.006176837022842829,-0.00667683702284283
2022-05-13,0.010152467135213453,0.0,0.0,0.02841537665794558,-0.02841537665794558,-0.02841537665794558,-0.02841537665794558,-0.02841537665794558,0.0,-0.02841537665794558,-0.02841537665794558,0.02841537665794558
2022-05-16,-0.004942907354012491,0.0,0.0,-0.0005,0.013834526364772226,0.013834526364772226,0.013834526364772226,0.013834526364772226,-0.014334526364772227,0.013834526364772226,0.013834526364772226,-0.013834526364772226
2022-05-17,0.006331278905926901,0.0,0.0,0.0,-0.017720389777418966,-0.017720389777418966,-0.017720389777418966,-0.017720389777418966,-0.0005,-0.017720389777418966,-0.017720389777418966,0.017720389777418966
2022-05-18,-0.014029527118444178,0.0,0.0,0.03876674098956062,0.03926674098956062,0.03926674098956062,0.03926674098956062,0.03926674098956062,-0.03976674098956062,0.03926674098956062,0.03926674098956062,-0.03926674098956062
2022-05-19,-0.004838850544338215,0.0,0.0,-0.0005,0.013543285486930512,0.013543285486930512,0.013543285486930512,0.013543285486930512,-0.0005,0.013543285486930512,0.013543285486930512,-0.013543285486930512
2022-05-20,-0.004777477553392521,0.0,0.0,0.0,0.013371510820623267,0.013371510820623267,0.013371510820623267,0.013371510820623267,0.0,0.013371510820623267,0.013371510820623267,-0.013371510820623267
2022-05-23,0.008464059138139761,0.0,0.0,0.0231897519846353,-0.0236897519846353,-0.0236897519846353,-0.0236897519846353,-0.0236897519846353,0.0,-0.0236897519846353,-0.0236897519846353,0.0236897519846353
2022-05-24,-0.017683656567525304,0.0,0.0,-0.0005,0.049494153033317834,0.049494153033317834,0.049494153033317834,0.049494153033317834,-0.049994153033317834,0.049494153033317834,0.049494153033317834,-0.049494153033317834
2022-05-25,-0.0005563442081754522,0.0,0.0,-0.002057131879003082,0.001557131879003082,0.001557131879003082,0.001557131879003082,0.001557131879003082,-0.0005,0.001557131879003082,0.001557131879003082,-0.001557131879003082
2022-05-26,0.006711520430527846,0.0,0.0,0.018784634162416936,-0.018784634162416936,-0.018784634162416936,-0.018784634162416936,-0.018784634162416936,0.018284634162416935,-0.018784634162416936,-0.018784634162416936,0.018784634162416936
2022-05-27,0.014995199509899384,0.0,0.0,0.041969526860810014,-0.041969526860810014,-0.041969526860810014,-0.041969526860810014,-0.041969526860810014,0.041969526860810014,-0.041969526860810014,-0.041969526860810014,0.041969526860810014
2022-05-31,0.004598292376964713,0.0,0.0,-0.0005,-0.012869995847769378,-0.012869995847769378,-0.012869995847769378,-0.012869995847769376,0.012869995847769378,-0.012869995847769378,-0.012869995847769378,0.012869995847769378
2022-06-01,0.00040819883426914115,0.0,0.0,0.0,-0.001142493097747721,-0.001142493097747721,-0.001142493097747721,-0.001142493097747721,0.001142493097747721,-0.001142493097747721,-0.001142493097747721,0.001142493097747721
2022-06-02,0.011702898180480571,0.0,0.0,0.0,-0.032754822582437226,-0.032754822582437226,-0.032754822582437226,-0.032754822582437226,0.032754822582437226,-0.032754822582437226,-0.032754822582437226,0.032754822582437226
2022-06-03,-0.009360341229731086,0.0,0.0,-0.026698323830783244,0.026198323830783243,0.026198323830783243,0.026198323830783243,0.026198323830783243,-0.026198323830783243,0.026198323830783243,0.026198323830783243,-0.026198323830783243
2022-06-06,0.007110504241619359,0.0,0.0,-0.0005,-0.019901335661825392,-0.019901335661825392,-0.019901335661825392,-0.01990133566182539,-0.0005,-0.019901335661825392,-0.019901335661825392,0.019901335661825392
2022-06-07,0.0010062089378918388,0.0,0.0,0.0,-0.0028162421592696774,-0.0028162421592696774,-0.0028162421592696774,-0.0028162421592696774,0.0023162421592696773,-0.0028162421592696774,-0.0028162421592696774,0.0028162421592696774
2022-06-08,0.00013573126539711674,0.0,0.0,0.0,-0.0003798933775556179,-0.0003798933775556179,-0.0003798933775556179,-0.0003798933775556179,-0.0005,-0.0003798933775556179,-0.0003798933775556179,0.0003798933775556179
2022-06-09,-0.008151929876314874,0.0,0.0,0.0,0.020124798352695317,0.020124798352695317,0.020124798352695317,0.020124798352695317,-0.020624798352695317,0.020124798352695317,-0.0005,-0.020124798352695317
2022-06-10,-0.01292257670765094,0.0,0.0,0.03149365927306175,0.03199365927306175,0.03199365927306175,0.03199365927306175,0.03199365927306175,-0.0005,0.03199365927306175,0.0,-0.03199365927306175
2022-06-13,-0.017328322089512575,0.0,0.0,-0.04390138454953019,0.042901384549530186,0.042901384549530186,0.042901384549530186,0.042901384549530186,0.042401384549530186,0.042901384549530186,0.0,-0.042901384549530186
2022-06-14,0.0010692273096545185,0.0,0.0,0.0030358447147667,-0.0030358447147667,-0.0030358447147667,-0.0030358447147667,-0.0030358447147667,-0.0030358447147667,-0.0030358447147667,-0.0035358447147667,0.0030358447147667
2022-06-15,0.010271755453268139,0.0,0.0,-0.0005,-0.02857129462168606,-0.02857129462168606,-0.02857129462168606,-0.028571294621686057,-0.02857129462168606,-0.02857129462168606,-0.02857129462168606,0.02857129462168606
2022-06-16,-0.012220233654550492,0.0,0.0,0.033491063910981056,0.033991063910981056,0.033991063910981056,0.033991063910981056,0.033991063910981056,-0.03499106391098106,0.033991063910981056,0.033991063910981056,-0.033991063910981056
2022-06-17,0.0037635455694681745,0.0,0.0,0.009468451062394023,-0.010468451062394024,-0.010468451062394024,-0.010468451062394024,-0.010468451062394024,-0.011468451062394025,-0.010468451062394024,-0.010468451062394024,0.010468451062394024
2022-06-21,0.014765625450230167,0.0,0.0,0.041071172004758516,-0.04107117200475851,-0.041071172004758516,-0.041071172004758516,-0.04107117200475851,0.040071172004758515,-0.041071172004758516,-0.041071172004758516,0.041071172004758516
2022-06-22,-0.00018209107494893722,0.0,0.0,-0.0005,0.0005064935369630818,0.0005064935369630819,-0.0015064935369630819,0.0005064935369630818,-0.0005064935369630819,0.0005064935369630819,0.0005064935369630819,-0.0005064935369630819
2022-06-23,0.002432991618742709,0.0,0.0,0.0,-0.006767462549848168,-0.006767462549848169,0.006767462549848169,-0.006767462549848169,0.006767462549848169,-0.006767462549848169,-0.006767462549848169,0.006767462549848169
2022-06-24,0.018362921534143338,0.0,0.0,-0.051577193538518806,-0.0510771935385188,-0.051077193538518806,0.051077193538518806,-0.051077193538518806,0.051077193538518806,-0.051077193538518806,-0.0005,0.051077193538518806
2022-06-27,-0.006525968751483249,0.0,0.0,-0.019152240553119926,0.01815224055311992,0.018152240553119925,-0.018152240553119925,0.018152240553119925,-0.018152240553119925,0.018152240553119925,0.0,-0.018152240553119925
2022-06-28,-0.011874760500603043,0.0,0.0,-0.0005,0.0330301166502891,0.0330301166502891,-0.0330301166502891,0.0330301166502891,0.0320301166502891,0.0330301166502891,0.0,-0.0330301166502891
2022-06-29,-0.00098218753759279,0.0,0.0,0.0,0.002731993536838284,0.002731993536838284,0.0017319935368382841,0.002731993536838284,0.002731993536838284,0.002731993536838284,0.0,-0.002731993536838284
2022-06-30,-0.008813911909007148,0.0,0.0,0.02401624506322414,0.02451624506322414,0.02451624506322414,0.02451624506322414,0.02451624506322414,0.02451624506322414,0.02451624506322414,0.0,-0.02451624506322414
2022-07-01,-0.0007439917785647772,0.0,0.0,-0.003069442598998328,0.002069442598998328,0.002069442598998328,0.002069442598998328,0.002069442598998328,0.002069442598998328,0.002069442598998328,0.0015694425989983278,-0.002069442598998328
2022-07-05,0.014962403423734427,0.0,0.0,0.04161851773175007,-0.04161851773175007,-0.04161851773175007,-0.04161851773175007,-0.041618517731750064,-0.04161851773175007,-0.04161851773175007,-0.04161851773175007,0.04161851773175007
2022-07-06,0.004154998265982857,0.0,0.0,-0.0005,-0.011557292241826111,-0.011557292241826111,0.01055729224182611,-0.011557292241826111,0.01055729224182611,-0.011557292241826111,-0.011557292241826111,0.011557292241826111
2022-07-07,0.013213585375337202,0.0,0.0,0.0,-0.0367541110655476,-0.0367541110655476,0.0367541110655476,-0.0367541110655476,0.0367541110655476,-0.0367541110655476,-0.0005,0.0367541110655476
2022-07-08,0.0017267121914653532,0.0,0.0,0.0,-0.004802918349610552,-0.004802918349610552,0.004802918349610552,-0.004802918349610552,0.004802918349610552,-0.004802918349610552,0.0,0.004802918349610552
2022-07-11,-0.011075734461297556,0.0,0.0,0.0,0.030807594075325295,0.030807594075325295,-0.030807594075325295,0.030807594075325292,-0.030807594075325295,0.030807594075325295,0.0,-0.030807594075325295
2022-07-12,-0.005146725047516764,0.0,0.0,0.0,0.014315819563502807,0.014315819563502807,-0.014315819563502807,0.014315819563502807,0.013315819563502806,0.014315819563502807,0.0,-0.014315819563502807
2022-07-13,-0.008409237146845798,0.0,0.0,0.022890626184515928,0.023390626184515928,0.023390626184515928,-0.023390626184515928,0.023390626184515928,0.023390626184515928,0.023390626184515928,0.0,-0.023390626184515928
2022-07-14,-0.003179236370480106,0.0,0.0,-0.00985467749007174,0.008854677490071738,0.008854677490071738,0.007854677490071738,0.008854677490071738,0.008854677490071738,0.008854677490071738,0.0,-0.008854677490071738
2022-07-15,0.004586471276855794,0.0,0.0,-0.0005,-0.012775559033574524,-0.012775559033574524,-0.012775559033574524,-0.012775559033574524,-0.012775559033574524,-0.012775559033574524,0.0,0.012775559033574524
2022-07-18,-0.00883963310316779,0.0,0.0,-0.025080140792018757,-0.025580140792018757,0.024580140792018756,0.024580140792018756,0.024580140792018756,-0.025580140792018757,0.024580140792018756,0.0,-0.024580140792018756
2022-07-19,0.01576396360088654,0.0,0.0,-0.0005,-0.04484111342366848,-0.043841113423668476,-0.043841113423668476,-0.043841113423668476,-0.04484111342366848,-0.043841113423668476,0.0,0.043841113423668476
2022-07-20,0.0002739298700910025,0.0,0.0,0.0,-0.00020912694824526314,-0.0007908730517547369,-0.00020912694824526314,-0.0007908730517547369,-0.00020912694824526314,-0.0007908730517547369,0.0,0.0007908730517547369
2022-07-21,0.001362927373484422,0.0,0.0,0.0,0.0038629844737947394,-0.0038629844737947394,0.0038629844737947394,-0.0038629844737947394,0.0038629844737947394,-0.0038629844737947394,0.0,0.0038629844737947394
2022-07-22,-0.01991782786629197,0.0,0.0,0.0,-0.0563232070119728,0.0563232070119728,-0.0563232070119728,0.0563232070119728,-0.0563232070119728,0.0563232070119728,0.0558232070119728,-0.0563232070119728
2022-07-25,-0.001249115119300105,0.0,0.0,-0.004114472871836361,0.0026144728718363605,0.0036144728718363606,0.0026144728718363605,0.0036144728718363606,0.0026144728718363605,-0.004614472871836361,0.0036144728718363606,-0.0036144728718363606
2022-07-26,-0.008115980729826992,0.0,0.0,-0.0005,0.023160727438512385,0.023160727438512385,0.023160727438512385,0.023160727438512385,0.023160727438512385,-0.023160727438512385,0.023160727438512385,-0.023160727438512385
2022-07-27,0.026957355506191293,0.0,0.0,0.07605688566140295,-0.07655688566140294,-0.07655688566140295,-0.07655688566140295,-0.07655688566140295,-0.07655688566140295,0.07655688566140295,-0.07655688566140295,0.07655688566140295
2022-07-28,0.0034223739376210475,0.0,0.0,0.010260164393827598,0.009260164393827597,-0.010260164393827598,0.009260164393827597,-0.010260164393827598,0.009260164393827597,0.010260164393827598,-0.010260164393827598,0.010260164393827598
2022-07-29,0.0062250194198475465,0.0,0.0,-0.0005,0.018385507289348846,-0.018385507289348846,0.018385507289348846,-0.018385507289348846,0.018385507289348846,0.018385507289348846,-0.018385507289348846,0.018385507289348846
2022-08-01,-0.004298756571352835,0.0,0.0,0.0,-0.012551505261511942,0.012551505261511942,-0.012551505261511942,0.012551505261511942,-0.012551505261511942,0.01155150526151194,0.012551505261511942,-0.012551505261511942
2022-08-02,0.0008132110507508119,0.0,0.0,0.0,-0.0033505943230168742,-0.0023505943230168747,0.0023505943230168747,0.0013505943230168746,-0.0033505943230168747,-0.0023505943230168747,-0.0023505943230168747,0.0023505943230168747
2022-08-03,0.008932800966765323,0.0,0.0,0.0,-0.025623214713826666,-0.02562321471382667,0.02562321471382667,-0.02662321471382667,-0.02562321471382667,-0.02562321471382667,-0.02562321471382667,0.02562321471382667
2022-08-04,0.00032156551847275806,0.0,0.0,-0.0014316893673467774,-6.831063265322259e-05,-0.0009316893673467774,0.0009316893673467774,-6.831063265322259e-05,-6.831063265322259e-05,-0.0009316893673467774,-0.0009316893673467774,0.0009316893673467774
2022-08-05,-0.0021546487206455826,0.0,0.0,0.0060919257350730005,-0.0060919257350730005,0.0060919257350730005,-0.0060919257350730005,0.0050919257350730005,-0.0060919257350730005,0.0060919257350730005,0.0060919257350730005,-0.0060919257350730005
2022-08-08,-0.0005286813240925537,0.0,0.0,0.0014472175445723323,0.0004472175445723323,0.0014472175445723323,-0.0014472175445723323,-0.0024472175445723323,0.0004472175445723323,0.0014472175445723323,-0.0005,-0.0014472175445723323
2022-08-09,-0.0020699601967430837,0.0,0.0,0.005711890452861246,-0.006711890452861246,0.005711890452861246,-0.005711890452861246,-0.005711890452861245,-0.006711890452861246,0.005711890452861246,0.0,-0.005711890452861246
2022-08-10,0.00962659271348759,0.0,0.0,-0.026322538374028426,-0.027322538374028427,-0.026322538374028426,0.026322538374028426,0.026322538374028426,-0.027322538374028427,-0.026322538374028426,0.0,0.026322538374028426
2022-08-11,-0.0026164678737236866,0.0,0.0,0.007184681527474646,-0.008184681527474647,0.007184681527474646,-0.007184681527474646,-0.007184681527474645,-0.008184681527474647,0.007184681527474646,0.0,-0.007184681527474646
2022-08-12,0.00869965221754491,0.0,0.0,-0.023897892237200624,0.02389789223720062,-0.023897892237200624,0.023897892237200624,0.02389789223720062,-0.024897892237200625,-0.023897892237200624,0.0,0.023897892237200624
2022-08-15,0.0011893421573124124,0.0,0.0,-0.003287248055876102,-0.004287248055876102,-0.003287248055876102,0.003287248055876102,0.003287248055876102,0.002287248055876102,-0.003287248055876102,0.0,0.003287248055876102
2022-08-16,-0.0011385967901248121,0.0,0.0,0.0031128017542303432,0.0031128017542303432,0.0031128017542303432,-0.0031128017542303432,-0.0031128017542303432,-0.0031128017542303432,0.0031128017542303432,0.0,-0.0031128017542303432
2022-08-17,-0.006469653460221819,0.0,0.0,0.017666333992357397,0.017666333992357397,0.017666333992357397,-0.017666333992357397,-0.017666333992357397,-0.017666333992357397,0.017666333992357397,0.0,-0.017666333992357397
2022-08-18,0.0018973097988337088,0.0,0.0,-0.005186089844708919,-0.005186089844708919,-0.005186089844708919,0.005186089844708919,0.005186089844708919,-0.006186089844708919,-0.005186089844708919,0.0,0.005186089844708919
2022-08-19,-0.009196852734474402,0.0,0.0,0.024631828262038802,0.024631828262038802,0.024631828262038802,-0.024631828262038802,-0.024631828262038802,-0.025631828262038803,0.024631828262038802,0.0,-0.024631828262038802
2022-08-22,-0.009404692415196125,0.0,0.0,0.02533904993847158,0.02533904993847158,0.02533904993847158,-0.02533904993847158,-0.02533904993847158,0.02433904993847158,0.02533904993847158,0.0,-0.02533904993847158
2022-08-23,-0.001228074534051055,0.0,0.0,0.003326290734074755,0.003326290734074755,0.003326290734074755,0.002326290734074755,-0.003326290734074755,0.003326290734074755,-0.004326290734074755,0.0,-0.003326290734074755
2022-08-24,-0.0005553429487785666,0.0,0.0,0.0014931024372918378,0.0014931024372918378,-0.002493102437291838,0.0014931024372918378,-0.0014931024372918378,0.0014931024372918378,-0.0014931024372918378,-0.001993102437291838,-0.0014931024372918378
2022-08-25,0.009978994392930636,0.0,0.0,-0.026035634837361377,-0.026035634837361377,0.026035634837361377,-0.026035634837361377,0.026035634837361377,-0.026035634837361377,0.026035634837361377,0.026035634837361377,0.026035634837361377
2022-08-26,-0.020587908857789543,0.0,0.0,0.05409350898479226,0.05409350898479226,-0.05409350898479226,0.05409350898479226,-0.05409350898479226,-0.05509350898479226,-0.05409350898479226,-0.05409350898479226,-0.05409350898479226
2022-08-29,-0.0030709635751941283,0.0,0.0,-0.009337769912847738,-0.009337769912847734,-0.008337769912847737,0.008337769912847737,-0.008337769912847737,0.007337769912847737,-0.008337769912847737,-0.0005,-0.008337769912847737
2022-08-30,-0.0016498608438738976,0.0,0.0,0.003386725430211902,-0.004386725430211901,-0.004386725430211902,0.004386725430211902,0.003386725430211902,0.004386725430211902,-0.004386725430211902,0.0,-0.004386725430211902
2022-08-31,-0.0024851538404449544,0.0,0.0,0.006609045039234873,-0.006609045039234873,-0.006609045039234873,0.006609045039234873,0.006609045039234873,0.006609045039234873,-0.006609045039234873,0.0,-0.006609045039234873
2022-09-01,0.005278114204006899,0.0,0.0,-0.014045364770734148,0.014045364770734148,0.014045364770734148,-0.014045364770734148,-0.014045364770734148,-0.014045364770734148,0.014045364770734148,0.0,0.014045364770734148
2022-09-02,-0.006549991239708311,0.0,0.0,0.017222613519502605,0.016222613519502604,-0.017222613519502605,0.017222613519502605,0.017222613519502605,-0.018222613519502606,-0.017222613519502605,0.0,-0.017222613519502605
2022-09-06,-0.003685253941743246,0.0,0.0,0.00964303974316627,-0.010643039743166272,-0.00964303974316627,0.00964303974316627,0.00964303974316627,0.00864303974316627,-0.00964303974316627,0.0,-0.00964303974316627
2022-09-07,0.009487264873763718,0.0,0.0,-0.024716880774181327,0.024716880774181327,0.024716880774181327,-0.024716880774181327,-0.024716880774181327,-0.024716880774181327,0.024716880774181327,0.0,0.024716880774181327
2022-09-08,-0.0037226363923293843,0.0,0.0,0.009776127427356118,0.008776127427356117,-0.009776127427356118,0.009776127427356118,0.009776127427356118,-0.01077612742735612,-0.009776127427356118,0.0,-0.009776127427356118
2022-09-09,0.00796376162466711,0.0,0.0,-0.020944870247111558,0.019944870247111557,-0.02194487024711156,-0.020944870247111558,-0.020944870247111558,-0.02194487024711156,0.020944870247111558,-0.021444870247111558,0.020944870247111558
2022-09-12,0.0007205814131689273,0.0,0.0,-0.0018977234136121623,-0.0028977234136121624,-0.0018977234136121623,-0.0018977234136121623,-0.0018977234136121623,0.0008977234136121623,0.0018977234136121623,-0.0018977234136121623,0.0018977234136121623
2022-09-13,-0.029415785702866244,0.0,0.0,0.058993217142598864,0.058993217142598864,0.058993217142598864,0.058993217142598864,0.058993217142598864,-0.058993217142598864,-0.058993217142598864,0.058993217142598864,-0.058993217142598864
2022-09-14,0.003243741697761335,0.0,0.0,-0.0005,0.005518361792431815,-0.006518361792431815,-0.006518361792431815,-0.006518361792431815,-0.007518361792431815,0.006518361792431815,-0.006518361792431815,0.006518361792431815
2022-09-15,-0.009905208118701575,0.0,0.0,0.0,-0.019904707637969365,0.019904707637969365,0.019904707637969365,0.019904707637969365,0.019904707637969365,-0.019904707637969365,0.019904707637969365,-0.019904707637969365
2022-09-16,-0.0005319084657528908,0.0,0.0,-0.001568880368195635,-0.001068880368195635,0.001068880368195635,0.001068880368195635,0.001068880368195635,0.001068880368195635,-0.001068880368195635,0.001068880368195635,-0.001068880368195635
2022-09-19,0.001306956650953171,0.0,0.0,0.0026263547136990972,0.0026263547136990972,-0.0026263547136990972,-0.0026263547136990972,-0.0026263547136990972,-0.0026263547136990972,0.0026263547136990972,-0.0026263547136990972,0.0026263547136990972
2022-09-20,-0.009318234551313745,0.0,0.0,-0.018725172881096208,0.017725172881096207,0.018725172881096208,0.018725172881096208,0.018725172881096208,-0.01972517288109621,-0.018725172881096208,0.018725172881096208,-0.018725172881096208
2022-09-21,-0.009151611239560322,0.0,0.0,0.017390340107632296,-0.019390340107632298,0.018390340107632297,0.018390340107632297,0.018390340107632297,0.017390340107632296,-0.018390340107632297,0.018390340107632297,-0.018390340107632297
2022-09-22,0.004310737746507014,0.0,0.0,0.007662511026515274,0.008662511026515274,-0.008662511026515274,-0.008662511026515274,-0.008662511026515274,-0.008662511026515274,0.008662511026515274,-0.008662511026515274,0.008662511026515274
2022-09-23,-0.006957139286937117,0.0,0.0,-0.013980506198719489,-0.013980506198719489,0.013980506198719489,0.013980506198719489,0.013980506198719489,0.013980506198719489,-0.013980506198719489,0.013980506198719489,-0.013980506198719489
2022-09-26,-0.0028726802177109134,0.0,0.0,-0.0005,-0.005772706558578533,0.005772706558578533,0.005772706558578533,0.005772706558578532,0.005772706558578533,-0.005772706558578533,0.005772706558578533,-0.005772706558578533
2022-09-27,-0.00339634561549923,0.0,0.0,0.0,-0.0068250223219815664,0.0068250223219815664,0.0068250223219815664,0.006825022321981566,0.0068250223219815664,-0.0068250223219815664,0.0068250223219815664,-0.0068250223219815664
2022-09-28,0.014389021038549043,0.0,0.0,0.0,0.026154012300749097,-0.026154012300749097,-0.026154012300749097,-0.026154012300749097,-0.026154012300749097,0.026154012300749097,-0.026154012300749097,0.026154012300749097
2022-09-29,-0.014489126023448914,0.0,0.0,-0.02678704525308856,0.025287045253088558,0.02628704525308856,0.02628704525308856,0.02628704525308856,-0.02728704525308856,-0.02628704525308856,0.02628704525308856,-0.02628704525308856
2022-09-30,-0.010014356901474085,0.0,0.0,-0.0005,-0.019168649553023,0.018168649553022997,0.018168649553022997,0.018168649553022994,0.017168649553022997,-0.018168649553022997,0.018168649553022997,-0.018168649553022997
2022-10-03,0.01723011108652367,0.0,0.0,0.03075990547077717,0.03125990547077717,-0.03125990547077717,-0.03125990547077717,-0.03125990547077717,-0.03125990547077717,0.03125990547077717,-0.03125990547077717,0.03125990547077717
2022-10-04,0.01676361024614011,0.0,0.0,-0.0005,-0.03141355154425873,-0.030413551544258732,-0.030413551544258732,-0.030413551544258732,0.02941355154425873,0.030413551544258732,-0.030413551544258732,0.030413551544258732
2022-10-05,-0.0011387700733864645,0.0,0.0,0.0,0.0020660252663636802,0.0020660252663636802,0.0020660252663636802,0.0020660252663636802,-0.0020660252663636802,-0.0020660252663636802,0.0020660252663636802,-0.0020660252663636802
2022-10-06,-5.450074615500794e-05,0.0,0.0,0.0,9.887853678580694e-05,9.887853678580694e-05,9.887853678580694e-05,9.887853678580694e-05,-9.887853678580694e-05,-9.887853678580694e-05,9.887853678580694e-05,-9.887853678580694e-05
2022-10-07,-0.014891009327365578,0.0,0.0,0.0,0.02701616615240443,0.02701616615240443,0.02701616615240443,0.02701616615240443,-0.02701616615240443,-0.02701616615240443,0.02701616615240443,-0.02701616615240443
2022-10-10,-0.004580233961582776,0.0,0.0,-0.008809736365258003,-0.009309736365258003,0.008309736365258003,0.008309736365258003,0.008309736365258003,0.0073097363652580025,-0.008309736365258003,0.008309736365258003,-0.008309736365258003
2022-10-11,-0.0038300654370377334,0.0,0.0,-0.0005,-0.0069487354380630695,0.0069487354380630695,0.0069487354380630695,0.0069487354380630695,0.0069487354380630695,-0.0069487354380630695,0.0069487354380630695,-0.0069487354380630695
2022-10-12,0.0015475549400179574,0.0,0.0,0.00341022319534029,0.00391022319534029,-0.00391022319534029,-0.00391022319534029,-0.003910223195340289,-0.00391022319534029,0.00391022319534029,-0.00391022319534029,0.00391022319534029
2022-10-13,0.006355961995992957,0.0,0.0,0.015375158846266723,0.015375158846266723,-0.015375158846266723,-0.015375158846266723,-0.015375158846266723,-0.015375158846266723,0.015375158846266723,-0.015375158846266723,0.015375158846266723
2022-10-14,-0.010432798824685837,0.0,0.0,-0.0005,0.02423708279593484,0.02523708279593484,0.02523708279593484,0.02523708279593484,-0.02623708279593484,-0.02523708279593484,0.02523708279593484,-0.02523708279593484
2022-10-17,0.014598851215312115,0.0,0.0,0.0,0.03431482040798006,-0.03531482040798006,-0.03531482040798006,-0.03531482040798006,-0.036314820407980064,0.03531482040798006,-0.03531482040798006,0.03531482040798006
2022-10-18,0.0033080942703446214,0.0,0.0,0.007502325205380245,-0.009002325205380246,-0.008002325205380245,-0.008002325205380245,-0.008002325205380245,0.007002325205380245,0.008002325205380245,-0.0005,0.008002325205380245
2022-10-19,-0.004676598735619287,0.0,0.0,0.010312756191073413,0.011312756191073414,0.011312756191073414,0.011312756191073414,0.011312756191073414,-0.011312756191073414,-0.011312756191073414,0.0,-0.011312756191073414
2022-10-20,0.0014107259508102732,0.0,0.0,-0.0005,0.0024125653356538166,-0.0034125653356538166,-0.0034125653356538166,-0.0034125653356538166,-0.004412565335653817,0.0034125653356538166,-0.003912565335653817,0.0034125653356538166
2022-10-21,0.004796744649122617,0.0,0.0,0.0,-0.012603390796190328,-0.011603390796190327,-0.011603390796190327,-0.011603390796190327,-0.011603390796190327,0.011603390796190327,-0.011603390796190327,0.011603390796190327
2022-10-24,0.005681945626835346,0.0,0.0,0.0,-0.013744704046927847,-0.013744704046927847,-0.013744704046927847,-0.013744704046927847,0.012744704046927846,0.013744704046927847,-0.013744704046927847,0.013744704046927847
2022-10-25,0.007903339344229,0.0,0.0,-0.019618285777995237,-0.019118285777995236,-0.019118285777995236,-0.019118285777995236,-0.019118285777995236,0.019118285777995236,0.019118285777995236,-0.0005,0.019118285777995236
2022-10-26,-0.04576393494063461,0.0,0.0,-0.0005,0.09140514477673155,0.09140514477673156,0.09140514477673156,0.09140514477673156,-0.09140514477673156,0.09040514477673156,0.0,-0.09140514477673156
2022-10-27,-0.012299629756062537,0.0,0.0,-0.0290471806333778,0.0285471806333778,0.0285471806333778,0.0285471806333778,0.0285471806333778,0.0275471806333778,0.0285471806333778,0.0,-0.0285471806333778
2022-10-28,0.018960471915941926,0.0,0.0,0.044133481888031234,0.04313348188803123,-0.044133481888031234,-0.044133481888031234,-0.044133481888031234,-0.044133481888031234,0.04313348188803123,0.0,0.044133481888031234
2022-10-31,-0.007941864849824716,0.0,0.0,-0.018485940121154343,0.017485940121154342,0.018485940121154343,0.018485940121154343,0.018485940121154343,-0.019485940121154344,-0.018485940121154343,0.0,-0.018485940121154343
2022-11-01,-0.018364708481616313,0.0,0.0,-0.04274674874895501,-0.04374674874895501,0.04274674874895501,0.04274674874895501,0.04274674874895501,0.04174674874895501,-0.04274674874895501,0.04224674874895501,-0.04274674874895501
2022-11-02,-0.01662048048861215,0.0,0.0,-0.038686783634208965,-0.038686783634208965,0.038686783634208965,0.038686783634208965,0.03868678363420896,0.038686783634208965,-0.038686783634208965,0.038686783634208965,-0.038686783634208965
2022-11-03,-0.01748698845487,0.0,0.0,-0.04070371727405797,-0.04070371727405797,0.04070371727405797,0.04070371727405797,0.040703717274057964,0.04070371727405797,-0.04070371727405797,0.04070371727405797,-0.04070371727405797
2022-11-04,0.016220731138127154,0.0,0.0,0.037756304118846895,0.037756304118846895,-0.037756304118846895,-0.037756304118846895,-0.037756304118846895,-0.037756304118846895,0.037756304118846895,-0.037756304118846895,0.037756304118846895
2022-11-07,0.008455253493998659,0.0,0.0,0.02206032961632487,-0.02306032961632487,-0.02206032961632487,-0.02206032961632487,-0.02206032961632487,-0.02206032961632487,0.02206032961632487,-0.02206032961632487,0.02206032961632487
2022-11-08,0.0017806609316545446,0.0,0.0,0.0046334499966380616,-0.0046334499966380616,-0.0046334499966380616,-0.0046334499966380616,-0.0046334499966380616,0.0036334499966380615,0.0046334499966380616,-0.0046334499966380616,0.0046334499966380616
2022-11-09,-0.006830226611170389,0.0,0.0,-0.017772902693585002,0.017772902693585002,0.017772902693585002,0.017772902693585002,0.017772902693585,-0.017772902693585002,-0.017772902693585002,0.017772902693585002,-0.017772902693585002
2022-11-10,0.029135464756161293,0.0,0.0,0.07581326499427798,0.07481326499427798,-0.07581326499427798,-0.07581326499427798,-0.07581326499427798,-0.07681326499427799,0.07581326499427798,-0.07581326499427798,0.07581326499427798
2022-11-11,0.010104682447159476,0.0,0.0,0.026293349855952775,-0.027293349855952775,-0.026293349855952775,0.025293349855952774,-0.026293349855952775,0.025293349855952774,0.026293349855952775,-0.026293349855952775,0.026293349855952775
2022-11-14,-0.002830228933079571,0.0,0.0,-0.007364526287594542,0.007364526287594542,0.007364526287594542,-0.007364526287594542,0.007364526287594542,-0.007364526287594542,-0.007364526287594542,0.007364526287594542,-0.007364526287594542
2022-11-15,0.011003179513893823,0.0,0.0,-0.029631325130656694,0.027631325130656692,-0.028631325130656693,0.028631325130656693,-0.028631325130656693,0.028631325130656693,0.028631325130656693,-0.028631325130656693,0.028631325130656693
2022-11-16,0.0016006170245938989,0.0,0.0,-0.004164958536116314,-0.005164958536116314,-0.004164958536116314,0.004164958536116314,-0.004164958536116314,0.004164958536116314,-0.005164958536116314,-0.004164958536116314,0.004164958536116314
2022-11-17,-0.0019050114401475365,0.0,0.0,-0.005957021909132053,0.004957021909132053,0.004957021909132053,-0.004957021909132053,0.004957021909132053,-0.004957021909132053,0.004957021909132053,0.004957021909132053,-0.004957021909132053
2022-11-18,-0.0036336767078920112,0.0,0.0,0.008455174216869032,-0.010455174216869034,0.009455174216869033,-0.009455174216869033,0.009455174216869033,-0.009455174216869033,0.009455174216869033,0.009455174216869033,-0.009455174216869033
2022-11-21,-0.007218317671277111,0.0,0.0,0.018782752738127684,-0.018782752738127684,0.018782752738127684,-0.018782752738127684,0.018782752738127684,0.017782752738127683,0.018782752738127684,-0.0005,-0.018782752738127684
2022-11-22,0.005828967182380768,0.0,0.0,-0.01516752992750292,0.01516752992750292,-0.01516752992750292,0.01516752992750292,-0.01516752992750292,-0.01516752992750292,-0.01516752992750292,0.0,0.01516752992750292
2022-11-23,0.005583384628203311,0.0,0.0,-0.014528500640905051,-0.015528500640905052,-0.014528500640905051,0.014528500640905051,-0.014528500640905051,0.01352850064090505,-0.014528500640905051,0.0,0.014528500640905051
2022-11-25,-0.0039031360006842888,0.0,0.0,0.010156333060244327,0.010156333060244327,0.010156333060244327,-0.010156333060244327,0.010156333060244325,-0.010156333060244327,0.010156333060244327,0.0,-0.010156333060244327
2022-11-28,-0.0055599265789298405,0.0,0.0,0.014467460553825529,0.014467460553825529,0.014467460553825529,-0.014467460553825529,0.014467460553825529,-0.014467460553825529,0.014467460553825529,0.0,-0.014467460553825529
2022-11-29,-0.0034409709874224483,0.0,0.0,0.008953735507236549,0.008953735507236549,0.008953735507236549,-0.008953735507236549,0.008953735507236549,0.007953735507236548,0.008953735507236549,0.0,-0.008953735507236549
2022-11-30,0.023416043420584762,0.0,0.0,-0.06093078383405226,-0.06093078383405226,-0.06093078383405226,-0.06193078383405226,-0.06093078383405226,-0.06093078383405226,-0.06093078383405226,0.0,0.06093078383405226
2022-12-01,0.0,0.0,0.0,0.0,0.0,0.0,-0.001,0.0,-0.001,0.0,0.0,0.0
2022-12-02,-0.002092902534412868,0.0,0.0,0.005445932501045303,0.005445932501045303,0.005445932501045303,-0.005445932501045303,0.005445932501045303,-0.005445932501045303,0.005445932501045303,0.0,-0.005445932501045303
2022-12-05,-0.003673225351035818,0.0,0.0,-0.01055808356765231,0.009558083567652309,0.009558083567652309,-0.009558083567652309,0.009558083567652309,-0.009558083567652309,0.009558083567652309,0.0,-0.009558083567652309
2022-12-06,-0.00965786363638409,0.0,0.0,0.024130684589095175,0.025130684589095176,0.025130684589095176,-0.025130684589095176,0.025130684589095176,-0.025130684589095176,0.025130684589095176,0.0,-0.025130684589095176
2022-12-07,-0.008083917587789067,0.0,0.0,0.021035126482592093,0.021035126482592093,0.021035126482592093,0.02003512648259209,0.021035126482592093,0.02003512648259209,0.021035126482592093,0.0,-0.021035126482592093
2022-12-08,-0.004978903958823887,0.0,0.0,-0.013955584143601207,0.012955584143601206,0.012955584143601206,0.012955584143601206,0.012955584143601206,0.012955584143601206,0.012955584143601206,0.0,-0.012955584143601206
2022-12-09,-0.0036089647762619142,0.0,0.0,-0.009390871408011425,0.009390871408011425,0.009390871408011425,0.009390871408011425,0.009390871408011425,0.009390871408011425,-0.010390871408011426,0.0,-0.009390871408011425
2022-12-12,0.001987190562235821,0.0,0.0,0.0051708598421122964,-0.0051708598421122964,-0.0051708598421122964,-0.0051708598421122964,-0.0051708598421122964,-0.0051708598421122964,-0.0061708598421122965,-0.005670859842112297,0.0051708598421122964
2022-12-13,0.009555117843900066,0.0,0.0,-0.025863330213325653,-0.024863330213325652,-0.024863330213325652,-0.024863330213325652,-0.024863330213325652,-0.024863330213325652,-0.024863330213325652,-0.024863330213325652,0.024863330213325652
2022-12-14,-0.0022504817071641535,0.0,0.0,-0.0005,0.005855968574996928,0.005855968574996928,0.005855968574996928,0.005855968574996928,-0.006855968574996928,0.005855968574996928,0.005855968574996928,-0.005855968574996928
2022-12-15,-0.017018266189381712,0.0,0.0,0.04378315577447295,0.04428315577447295,0.04428315577447295,0.04428315577447295,0.04428315577447295,0.04328315577447295,0.04428315577447295,0.04428315577447295,-0.04428315577447295
2022-12-16,-0.0025376906004548126,0.0,0.0,-0.007603313575943015,-0.007603313575943015,0.006603313575943015,0.006603313575943015,0.006603313575943014,0.006603313575943015,-0.007603313575943015,0.006603313575943015,-0.006603313575943015
2022-12-19,-0.007749180101070584,0.0,0.0,0.019164107537245068,-0.02016410753724507,0.02016410753724507,0.02016410753724507,0.020164107537245065,0.02016410753724507,-0.02016410753724507,0.02016410753724507,-0.02016410753724507
2022-12-20,0.0025202687578524206,0.0,0.0,-0.0005,0.00655798027575516,-0.00655798027575516,-0.00655798027575516,-0.00655798027575516,-0.00655798027575516,0.00655798027575516,-0.00655798027575516,0.00655798027575516
2022-12-21,0.002417586878082343,0.0,0.0,0.0,0.006290792206978146,-0.006290792206978146,-0.006290792206978146,-0.006290792206978146,-0.006290792206978146,0.006290792206978146,-0.006290792206978146,0.006290792206978146
2022-12-22,-0.00780790652149236,0.0,0.0,0.0,-0.020316919298130398,0.020316919298130398,0.020316919298130398,0.020316919298130398,0.020316919298130398,-0.020316919298130398,0.020316919298130398,-0.020316919298130398
2022-12-23,0.006437194120753794,0.0,0.0,-0.017250194574916222,0.016750194574916222,-0.016750194574916222,-0.016750194574916222,-0.016750194574916222,-0.016750194574916222,0.016750194574916222,-0.016750194574916222,0.016750194574916222
2022-12-27,-0.007924723221049765,0.0,0.0,0.02062088751945179,-0.02062088751945179,0.02062088751945179,0.02062088751945179,0.02062088751945179,-0.021620887519451792,-0.02062088751945179,0.02062088751945179,-0.02062088751945179
2022-12-28,-0.006024757212904538,0.0,0.0,-0.0005,-0.015676994306793368,0.015676994306793368,0.015676994306793368,0.015676994306793368,0.014676994306793367,-0.015676994306793368,0.015676994306793368,-0.015676994306793368
2022-12-29,0.010856360780203448,0.0,0.0,0.0,0.02824928874796817,-0.02824928874796817,-0.02824928874796817,-0.02824928874796817,-0.02824928874796817,0.02824928874796817,-0.02824928874796817,0.02824928874796817
2022-12-30,-0.0009558629510100074,0.0,0.0,0.0,-0.0024872467904535345,0.0024872467904535345,0.0024872467904535345,0.0024872467904535345,-0.0034872467904535345,-0.0024872467904535345,0.0024872467904535345,-0.0024872467904535345
2023-01-03,0.0038766029934928074,0.0,0.0,-0.010587291638659402,0.010087291638659401,-0.010087291638659401,-0.010087291638659401,-0.010087291638659401,0.010087291638659401,0.010087291638659401,-0.010087291638659401,0.010087291638659401
2023-01-04,-0.004484690016159298,0.0,0.0,0.01166959221202668,-0.01166959221202668,0.01166959221202668,0.01166959221202668,0.01166959221202668,-0.01166959221202668,-0.01166959221202668,0.01166959221202668,-0.01166959221202668
2023-01-05,-0.008202790524268477,0.0,0.0,0.021344445228985376,-0.021344445228985376,0.021344445228985376,0.021344445228985376,0.021344445228985376,0.020344445228985375,-0.021344445228985376,0.021344445228985376,-0.021344445228985376
2023-01-06,0.0050824729598988,0.0,0.0,0.012225080586832804,0.013225080586832805,-0.013225080586832805,-0.013225080586832805,-0.013225080586832803,-0.013225080586832805,0.013225080586832805,-0.013225080586832805,0.013225080586832805
2023-01-09,0.0029920895446269857,0.0,0.0,-0.0005,0.00778570307465043,-0.00778570307465043,-0.00778570307465043,-0.00778570307465043,-0.00778570307465043,0.00778570307465043,-0.00778570307465043,0.00778570307465043
2023-01-10,0.0017464473836383428,0.0,0.0,0.0,0.00454442307347569,-0.00454442307347569,-0.00454442307347569,-0.00454442307347569,0.0035444230734756896,0.00454442307347569,-0.00454442307347569,0.00454442307347569
2023-01-11,0.013473703408335687,0.0,0.0,0.0,0.03505986451561394,-0.03505986451561394,-0.03505986451561394,-0.03505986451561394,0.03505986451561394,0.03505986451561394,-0.03505986451561394,0.03505986451561394
2023-01-12,-0.0015415264374146977,0.0,0.0,-0.004761213829050537,-0.004261213829050536,0.004261213829050536,0.004261213829050536,0.004261213829050536,-0.004261213829050536,-0.004261213829050536,0.004261213829050536,-0.004261213829050536
2023-01-13,0.0038977865521155654,0.0,0.0,-0.0005,0.010863620726600187,-0.010863620726600187,-0.010863620726600187,-0.010863620726600187,0.010863620726600187,0.010863620726600187,-0.010863620726600187,0.010863620726600187
2023-01-17,-0.0032376981362906895,0.0,0.0,-0.009509938647559169,-0.009009938647559168,0.009009938647559168,0.009009938647559168,0.009009938647559166,-0.009009938647559168,-0.009009938647559168,-0.0005,-0.009009938647559168
2023-01-18,-0.0006744714504018899,0.0,0.0,0.00086224826407555,-0.00186224826407555,0.00186224826407555,0.00186224826407555,0.00186224826407555,-0.00186224826407555,-0.00186224826407555,0.0,-0.00186224826407555
2023-01-19,0.007776647280171342,0.0,0.0,-0.02118098295803761,0.02118098295803761,-0.02118098295803761,-0.02118098295803761,-0.02118098295803761,0.02118098295803761,0.02118098295803761,0.0,0.02118098295803761
2023-01-20,0.019518839765128696,0.0,0.0,-0.05341186718068536,-0.05441186718068536,-0.05341186718068536,-0.05341186718068536,-0.05341186718068536,0.05341186718068536,-0.05441186718068536,0.0,0.05341186718068536
2023-01-23,0.006382754424362946,0.0,0.0,-0.018057671157212685,-0.018057671157212685,-0.018057671157212685,-0.018057671157212685,-0.01805767115721268,0.018057671157212685,-0.018057671157212685,0.0,0.018057671157212685
2023-01-24,-0.007384687451747639,0.0,0.0,0.020944079445177066,0.020944079445177066,0.020944079445177066,0.020944079445177066,0.020944079445177066,-0.020944079445177066,0.020944079445177066,0.0,-0.020944079445177066
2023-01-25,-0.008919124662290657,0.0,0.0,0.02538378877475933,0.02538378877475933,0.02538378877475933,0.02538378877475933,0.02538378877475933,-0.02538378877475933,0.02538378877475933,0.0,-0.02538378877475933
2023-01-26,0.00844672595050664,0.0,0.0,-0.024154596010550256,-0.024154596010550256,-0.024154596010550256,-0.024154596010550256,-0.024154596010550256,-0.025154596010550256,-0.024154596010550256,0.0,0.024154596010550256
2023-01-27,0.0066176421595696465,0.0,0.0,-0.018970630542956668,-0.018970630542956668,-0.018970630542956668,-0.018970630542956668,-0.018970630542956668,0.017970630542956667,-0.018970630542956668,0.0,0.018970630542956668
2023-01-30,-0.009418513402826095,0.0,0.0,0.02445409421688316,0.02445409421688316,0.02445409421688316,0.02445409421688316,-0.02545409421688316,-0.02445409421688316,0.02445409421688316,0.0,-0.02445409421688316
2023-01-31,0.007556722862134277,0.0,0.0,-0.019599517025087998,-0.019599517025087998,-0.019599517025087998,-0.019599517025087998,0.019599517025087998,-0.020599517025088,-0.019599517025087998,0.0,0.019599517025087998
2023-02-01,0.006329340585243356,0.0,0.0,-0.016086626201359255,-0.016086626201359255,-0.016086626201359255,-0.016086626201359255,0.016086626201359252,0.015086626201359254,-0.016086626201359255,0.0,0.016086626201359255
2023-02-02,0.02871670712851984,0.0,0.0,-0.07278717944650093,-0.07278717944650093,-0.07278717944650093,-0.07278717944650093,0.07278717944650093,0.07278717944650093,-0.07278717944650093,0.0,0.07278717944650093
2023-02-03,-0.010420819500860226,-0.027973681518331295,0.0,0.027473681518331294,0.02747368151833129,0.027473681518331294,-0.028473681518331295,-0.027473681518331294,-0.027473681518331294,0.027473681518331294,0.0,-0.027473681518331294
2023-02-06,-0.006875346944557239,-0.0005,0.0,0.01794217048055413,0.01794217048055413,0.01794217048055413,0.01694217048055413,-0.01794217048055413,-0.01794217048055413,0.01794217048055413,0.0,-0.01794217048055413
2023-02-07,0.01800189246455879,0.0,0.0,-0.04606401219080358,-0.04606401219080358,0.04506401219080358,-0.04606401219080358,0.04606401219080358,-0.047064012190803584,-0.04606401219080358,0.04556401219080358,0.04606401219080358
2023-02-08,-0.02977366824399296,-0.07733002391561855,0.0,0.07683002391561855,0.07683002391561854,-0.07683002391561855,-0.07783002391561855,-0.07683002391561855,-0.07783002391561855,0.07683002391561855,-0.07683002391561855,-0.07683002391561855
2023-02-09,-0.015781183136871595,-0.0005,0.0,0.04387648817995826,0.04387648817995826,-0.04387648817995826,0.04287648817995826,-0.04387648817995826,0.04287648817995826,0.04387648817995826,-0.04387648817995826,-0.04387648817995826
2023-02-10,-0.00162953546420706,0.0,0.0,0.00463127051806278,0.00463127051806278,-0.00463127051806278,0.00463127051806278,-0.00463127051806278,0.00463127051806278,0.00463127051806278,-0.00463127051806278,-0.00463127051806278
2023-02-13,8.792066199776119e-05,0.0,0.0,-0.0005770164562329807,-0.0004229835437670193,0.0004229835437670193,-0.0004229835437670193,0.0004229835437670193,-0.0004229835437670193,-0.0004229835437670193,-0.0005,0.0004229835437670193
2023-02-14,0.0002112019683038093,0.0,0.0,-0.0017400912825350492,-0.0007400912825350492,0.0007400912825350492,-0.0007400912825350492,0.0007400912825350492,-0.0007400912825350492,-0.0007400912825350492,0.0,0.0007400912825350492
2023-02-15,0.006811811526688254,0.0,0.0,-0.02386986432778815,-0.02386986432778815,0.02386986432778815,-0.02386986432778815,-0.02486986432778815,-0.02386986432778815,-0.02386986432778815,0.0,0.02386986432778815
2023-02-16,-0.004209656811087821,-0.015251426482298547,0.0,-0.015751426482298547,0.014751426482298546,0.013751426482298545,0.014751426482298546,-0.015751426482298547,-0.015751426482298547,0.014751426482298546,0.0,-0.014751426482298546
2023-02-17,-0.0034659652098166494,-0.012145391721279708,0.0,0.011145391721279707,0.012145391721279708,0.012145391721279708,0.012145391721279708,0.011145391721279707,0.011145391721279707,0.012145391721279708,0.0,-0.012145391721279708
2023-02-21,-0.007743023520970569,-0.0005,0.0,0.027133005692877354,0.027133005692877354,0.027133005692877354,0.027133005692877354,0.02713300569287735,0.027133005692877354,0.027133005692877354,0.0,-0.027133005692877354
2023-02-22,-0.0004352614612689691,0.0,0.0,-0.0025252377413701446,-0.0025252377413701446,0.0015252377413701446,0.0015252377413701446,0.0015252377413701443,0.0015252377413701446,-0.0025252377413701446,0.0,-0.0015252377413701446
2023-02-23,-0.0023664025621236676,0.0,0.0,0.007292318112665731,-0.00829231811266573,0.00829231811266573,0.00829231811266573,0.00829231811266573,0.00829231811266573,-0.00829231811266573,0.0,-0.00829231811266573
2023-02-24,-0.005526023429301749,0.0,0.0,0.019364221839200058,-0.019364221839200058,0.019364221839200058,0.019364221839200058,0.019364221839200058,0.019364221839200058,-0.019364221839200058,0.0,-0.019364221839200058
2023-02-27,0.002369332662753442,0.0,0.0,-0.00830258573446141,0.00830258573446141,-0.00830258573446141,-0.00830258573446141,-0.00830258573446141,-0.00830258573446141,0.00830258573446141,0.0,0.00830258573446141
2023-02-28,0.0006033058631907244,0.0,0.0,0.001114096822277034,0.0021140968222770336,-0.002114096822277034,-0.002114096822277034,-0.002114096822277034,-0.002114096822277034,0.002114096822277034,0.0,0.002114096822277034
2023-03-01,0.0009506337873979085,0.0,0.0,0.003331198968394178,0.0033311989683941774,-0.003331198968394178,-0.003331198968394178,-0.003331198968394178,-0.003331198968394178,0.003331198968394178,0.0,0.003331198968394178
2023-03-02,0.005179391612230162,0.0,0.0,0.018149558982957448,0.018149558982957444,-0.018149558982957448,-0.018149558982957448,-0.018149558982957448,0.017149558982957447,0.018149558982957448,0.0,0.018149558982957448
2023-03-03,0.005118125423266943,0.0,0.0,-0.018934870773704593,0.01793487077370459,-0.017934870773704592,-0.017934870773704592,-0.017934870773704592,0.017934870773704592,0.017934870773704592,0.0,0.017934870773704592
2023-03-06,0.004509883491722917,0.0,0.0,-0.01580347704274998,0.015803477042749977,-0.01580347704274998,0.01480347704274998,-0.01580347704274998,0.01580347704274998,0.01580347704274998,0.0,0.01580347704274998
2023-03-07,-0.0048951802944497596,-0.013850203777936387,0.0,-0.014350203777936388,-0.013350203777936385,0.013350203777936387,-0.013350203777936387,0.013350203777936387,-0.013350203777936387,-0.013350203777936387,0.0,-0.013350203777936387
2023-03-08,0.0015113596563447675,-0.0005,0.0,-0.005155060139632516,0.004155060139632516,-0.004155060139632516,0.004155060139632516,-0.004155060139632516,0.004155060139632516,0.004155060139632516,-0.004655060139632516,0.004155060139632516
2023-03-09,-0.0074483847083293584,0.0,0.0,0.020477247937844778,-0.020477247937844778,0.020477247937844778,-0.020477247937844778,0.020477247937844778,-0.020477247937844778,-0.020477247937844778,-0.0005,-0.020477247937844778
2023-03-10,-0.007562282579536604,0.0,0.0,0.018305994732626507,-0.018305994732626507,0.018305994732626507,0.017305994732626506,0.018305994732626504,0.017305994732626506,-0.018305994732626507,0.0,-0.018305994732626507
2023-03-13,0.0029089583964437005,0.0,0.0,0.004296294657495926,0.005296294657495926,-0.005296294657495926,-0.005296294657495926,-0.005296294657495926,-0.005296294657495926,0.005296294657495926,-0.005796294657495926,0.005296294657495926
2023-03-14,0.02085228587125131,0.0,0.0,0.031390700133792304,0.031390700133792304,-0.031390700133792304,-0.031390700133792304,-0.0313907001337923,-0.031390700133792304,0.031390700133792304,-0.031390700133792304,0.031390700133792304
2023-03-15,0.013484649153659952,0.0,0.0,-0.0005,0.02277299876210015,-0.02277299876210015,0.02177299876210015,-0.02277299876210015,0.02177299876210015,0.02277299876210015,-0.0005,0.02277299876210015
2023-03-16,0.02600731582118445,0.04330413350079815,0.0,-0.04430413350079815,0.04380413350079815,-0.04380413350079815,0.04380413350079815,-0.04380413350079815,0.04380413350079815,0.04380413350079815,0.0,0.04380413350079815
2023-03-17,0.006349247180256387,0.012958458356619351,0.0,-0.012958458356619351,0.012958458356619351,0.01195845835661935,0.012958458356619351,-0.012958458356619351,0.012958458356619351,-0.013958458356619352,0.0,0.012958458356619351
2023-03-20,-0.0019437310334970627,-0.0039360825518443,0.0,0.0039360825518443,-0.0039360825518443,-0.0039360825518443,-0.0039360825518443,0.0039360825518443,-0.0039360825518443,0.0039360825518443,0.0,-0.0039360825518443
2023-03-21,0.018051105056040958,0.03655374042403414,0.0,-0.0005,-0.03755374042403414,0.03655374042403414,0.03655374042403414,-0.03655374042403414,0.03655374042403414,-0.03655374042403414,0.0,0.03655374042403414
2023-03-22,-0.007295267907039112,-0.014773019633413043,0.0,0.014273019633413042,0.014773019633413043,-0.014773019633413043,-0.014773019633413043,-0.015773019633413043,-0.014773019633413043,0.014773019633413043,-0.015273019633413043,-0.014773019633413043
2023-03-23,0.010653235499529547,0.02157295101418666,0.0,-0.0005,-0.02157295101418666,0.02157295101418666,0.02157295101418666,0.02157295101418666,0.02157295101418666,-0.02157295101418666,0.02157295101418666,0.02157295101418666
2023-03-24,-0.0007482108175062387,-0.0015151373791614242,0.0,0.0,0.0015151373791614242,-0.0015151373791614242,-0.0015151373791614242,-0.0015151373791614242,-0.0015151373791614242,0.0015151373791614242,-0.0015151373791614242,-0.0015151373791614242
2023-03-27,-0.013956649204563628,-0.02826241000919716,0.0,0.0,0.02826241000919716,-0.02826241000919716,-0.02826241000919716,-0.02826241000919716,-0.02826241000919716,0.02826241000919716,-0.02826241000919716,-0.02826241000919716
2023-03-28,-0.006892186180175043,-0.013956773494037233,0.0,-0.014456773494037234,0.013956773494037233,-0.013956773494037233,-0.013956773494037233,-0.013956773494037233,0.012956773494037233,0.013956773494037233,-0.013956773494037233,-0.013956773494037233
2023-03-29,0.0017596717647911644,0.0035633599561901708,0.0,-0.004563359956190171,-0.0035633599561901708,0.0035633599561901708,0.0035633599561901708,0.0035633599561901703,-0.0035633599561901708,-0.0035633599561901708,0.0035633599561901708,0.0035633599561901708
2023-03-30,-0.0024353065082581204,-0.004931529769477305,0.0,0.004931529769477305,0.004931529769477305,-0.004931529769477305,-0.004931529769477305,-0.004931529769477305,0.004931529769477305,0.004931529769477305,-0.004931529769477305,-0.004931529769477305
2023-03-31,0.013900963521496487,0.028149645721478933,0.0,-0.028149645721478933,-0.028149645721478933,0.028149645721478933,0.028149645721478933,0.028149645721478933,-0.028149645721478933,-0.028149645721478933,0.028149645721478933,0.028149645721478933
2023-04-03,0.0029991971159255065,0.006073416143537624,0.0,0.005073416143537624,-0.006073416143537624,0.006073416143537624,0.006073416143537624,0.006073416143537624,0.005073416143537624,-0.006073416143537624,0.006073416143537624,0.006073416143537624
2023-04-04,0.0017035225995023979,0.0034496571104851714,0.0,-0.0044496571104851715,-0.0034496571104851714,0.0034496571104851714,0.0034496571104851714,0.0034496571104851714,0.0034496571104851714,-0.0034496571104851714,0.0034496571104851714,0.0034496571104851714
2023-04-05,-0.0011790236092130916,-0.002387539313032816,0.0,0.002387539313032816,0.002387539313032816,-0.002387539313032816,-0.002387539313032816,-0.0023875393130328155,-0.002387539313032816,0.002387539313032816,-0.002387539313032816,-0.002387539313032816
2023-04-06,0.01867154049191252,0.03781013086674179,0.0,-0.0005,-0.03781013086674179,0.03781013086674179,0.03781013086674179,0.03781013086674179,0.03781013086674179,-0.03781013086674179,0.03781013086674179,0.03781013086674179
2023-04-10,-0.009018448978243065,-0.018262485424279884,0.0,0.017762485424279884,0.018262485424279884,-0.018262485424279884,-0.018262485424279884,-0.018262485424279884,-0.018262485424279884,0.018262485424279884,-0.018262485424279884,-0.018262485424279884
2023-04-11,-0.0050569446651649,-0.010240383735802383,0.0,0.010240383735802383,0.010240383735802383,-0.010240383735802383,-0.010240383735802383,-0.010240383735802383,-0.010240383735802383,0.010240383735802383,-0.010240383735802383,-0.010240383735802383
2023-04-12,-0.003328124843414278,-0.006739499396145376,0.0,-0.0005,0.006739499396145376,-0.006739499396145376,-0.006739499396145376,-0.006739499396145376,0.005739499396145376,0.006739499396145376,-0.006739499396145376,-0.006739499396145376
2023-04-13,0.013166719195078391,0.026662790682278725,0.0,0.0,-0.026662790682278725,0.026662790682278725,0.026662790682278725,0.026662790682278725,-0.026662790682278725,-0.026662790682278725,0.026662790682278725,0.026662790682278725
2023-04-14,0.006619260346416571,0.013404094860167026,0.012904094860167026,-0.013904094860167027,-0.013404094860167026,0.013404094860167026,0.013404094860167026,0.013404094860167026,0.012404094860167025,-0.013404094860167026,0.013404094860167026,0.013404094860167026
2023-04-17,-0.013154086607894869,-0.02663720951639681,-0.02663720951639681,-0.02763720951639681,0.02663720951639681,-0.02663720951639681,-0.02663720951639681,-0.02663720951639681,-0.02663720951639681,0.02663720951639681,-0.02663720951639681,-0.02663720951639681
2023-04-18,-0.0068502360475428525,-0.013871823888224721,-0.013871823888224721,-0.0005,0.013871823888224721,-0.013871823888224721,-0.013871823888224721,-0.013871823888224721,-0.0005,0.013871823888224721,-0.013871823888224721,-0.013871823888224721
2023-04-19,-0.0015122459696787056,-0.0030623192575364167,-0.003062319257536416,0.0,0.0030623192575364167,-0.0030623192575364167,-0.0030623192575364167,-0.0030623192575364167,0.0,0.0030623192575364167,-0.0030623192575364167,-0.0030623192575364167
2023-04-20,0.005261542959660193,0.010654698146192354,0.010654698146192354,0.0,-0.010654698146192354,0.010654698146192354,0.010654698146192354,0.010654698146192352,0.0,-0.010654698146192354,0.010654698146192354,0.010654698146192354
2023-04-21,0.0005629095289688939,0.001139899675962397,0.0011398996759623967,0.0,-0.001139899675962397,0.001139899675962397,0.001139899675962397,0.001139899675962397,0.0,-0.001139899675962397,0.001139899675962397,0.001139899675962397
2023-04-24,0.0026234032832532397,0.0053124283718855025,0.0053124283718855025,0.0,-0.0053124283718855025,0.0053124283718855025,0.0053124283718855025,0.005312428371885502,0.0,-0.0053124283718855025,0.0053124283718855025,0.0053124283718855025
2023-04-25,-0.011194199719051886,-0.02000570904775112,-0.02000570904775112,0.01950570904775112,0.02000570904775112,-0.02000570904775112,-0.02000570904775112,-0.02000570904775112,-0.02050570904775112,0.02000570904775112,-0.02000570904775112,-0.02000570904775112
2023-04-26,-0.0007521766326664238,-0.0013481133417267976,-0.0013481133417267976,-0.0005,0.0013481133417267976,-0.0013481133417267976,0.0003481133417267976,-0.0013481133417267976,-0.0005,0.0013481133417267976,-0.0013481133417267976,-0.0013481133417267976
2023-04-27,0.020873965902728536,0.03741205284251148,0.03741205284251148,0.0,-0.03741205284251148,0.03741205284251148,-0.03741205284251148,0.03741205284251148,0.0,-0.03741205284251148,0.03741205284251148,0.03741205284251148
2023-04-28,-0.0012965073695515882,-0.0023237080316409475,-0.0023237080316409475,-0.0028237080316409475,0.0023237080316409475,-0.0023237080316409475,-0.0033237080316409475,-0.002323708031640947,-0.0028237080316409475,0.0023237080316409475,-0.0023237080316409475,-0.0023237080316409475
2023-05-01,-0.0007276807589900097,-0.001304209805394696,-0.001304209805394696,-0.001304209805394696,0.001304209805394696,-0.001304209805394696,-0.001304209805394696,-0.001304209805394696,-0.001304209805394696,0.001304209805394696,-0.0005,-0.001304209805394696
2023-05-02,-0.009784960512353011,-0.017537417731538385,-0.017537417731538385,-0.0005,0.017537417731538385,-0.017537417731538385,-0.017537417731538385,-0.01753741773153838,-0.017537417731538385,0.017537417731538385,0.0,-0.017537417731538385
2023-05-03,0.00047695916442457926,0.0008548457703880796,0.0008548457703880796,0.0003548457703880796,-0.0008548457703880796,0.0008548457703880796,0.0008548457703880796,0.0008548457703880795,-0.0005,-0.0008548457703880796,0.0,0.0008548457703880796
2023-05-04,-0.003811151306745899,-0.006830661444174657,-0.006830661444174657,-0.0005,0.006830661444174657,-0.006830661444174657,-0.006830661444174657,-0.006830661444174656,0.0,0.006830661444174657,0.0,-0.006830661444174657
2023-05-05,0.004689996426653145,0.008405800553799025,0.008405800553799025,0.0,-0.008405800553799025,0.008405800553799025,-0.009405800553799026,0.008405800553799024,0.0,-0.008405800553799025,0.0,0.008405800553799025
2023-05-08,0.011627214003153282,0.020839257222332597,0.020839257222332597,0.0,-0.020839257222332597,0.020839257222332597,0.019839257222332596,0.020839257222332597,0.020339257222332596,-0.020839257222332597,0.0,0.020839257222332597
2023-05-09,-0.002174491161901718,-0.0038973033985845174,-0.0038973033985845174,-0.004397303398584518,0.0038973033985845174,-0.0038973033985845174,-0.0038973033985845174,-0.0038973033985845174,-0.0038973033985845174,0.0038973033985845174,-0.004397303398584518,-0.0038973033985845174
2023-05-10,0.022868882474966847,0.040987507768746934,0.04098750776874693,0.040987507768746934,-0.040987507768746934,0.040987507768746934,0.040987507768746934,0.040987507768746934,0.040987507768746934,-0.040987507768746934,0.040987507768746934,0.040987507768746934
2023-05-11,0.024065381422815633,0.04313197241296085,0.04313197241296085,-0.04413197241296085,-0.04313197241296085,0.04313197241296085,0.04313197241296085,0.04313197241296085,0.04313197241296085,-0.04313197241296085,0.04313197241296085,0.04313197241296085
2023-05-12,0.0038798713670516794,0.008063905357169165,0.008063905357169165,-0.008063905357169165,-0.008063905357169165,0.008063905357169165,0.008063905357169165,0.008063905357169165,0.008063905357169165,-0.008063905357169165,0.008063905357169165,0.008063905357169165
2023-05-15,-0.004273208195555965,-0.008509980777364201,-0.008509980777364201,0.008509980777364201,-0.009509980777364202,-0.008509980777364201,-0.008509980777364201,-0.008509980777364201,-0.008509980777364201,0.008509980777364201,-0.008509980777364201,-0.008509980777364201
2023-05-16,0.012846370684767289,0.02574880213855124,0.025748802138551238,-0.02574880213855124,0.02574880213855124,0.02574880213855124,0.02574880213855124,0.02574880213855124,0.02574880213855124,-0.02574880213855124,0.02574880213855124,0.02574880213855124
2023-05-17,0.005761864739288918,0.01112880460702148,0.01112880460702148,-0.01112880460702148,0.01112880460702148,0.01112880460702148,0.01112880460702148,0.01112880460702148,0.01112880460702148,-0.01112880460702148,0.01112880460702148,0.01112880460702148
2023-05-18,0.008797560377969502,0.016468137356222545,0.016468137356222545,-0.016468137356222545,0.016468137356222545,0.016468137356222545,0.016468137356222545,0.016468137356222545,0.016468137356222545,-0.016468137356222545,0.016468137356222545,0.016468137356222545
2023-05-19,-0.00030627307915455533,-0.0005699310399107649,-0.0005699310399107649,0.0005699310399107649,-0.0005699310399107649,-0.0005699310399107649,-0.0005699310399107649,-0.0005699310399107649,-0.0005699310399107649,0.0005699310399107649,-0.0005699310399107649,-0.0005699310399107649
2023-05-22,0.009951295458089768,0.018654301066099777,0.018654301066099777,-0.018654301066099777,0.018654301066099777,0.018654301066099777,0.018654301066099777,0.018654301066099777,0.018654301066099777,-0.018654301066099777,0.018654301066099777,0.018654301066099777
2023-05-23,-0.01056643969504491,-0.01991211272488158,-0.01991211272488158,0.01991211272488158,-0.01991211272488158,-0.01991211272488158,-0.01991211272488158,-0.019912112724881578,-0.01991211272488158,0.01991211272488158,-0.01991211272488158,-0.01991211272488158
2023-05-24,-0.00680671336822385,-0.013544314632847554,-0.013544314632847554,0.013544314632847554,-0.013544314632847554,-0.013544314632847554,-0.013544314632847554,-0.013544314632847554,-0.0005,0.013544314632847554,-0.013544314632847554,-0.013544314632847554
2023-05-25,0.010937932881495185,0.02133991624926579,0.021339916249265786,-0.0005,0.02133991624926579,0.02133991624926579,0.02133991624926579,0.02133991624926579,0.0,-0.02133991624926579,0.02133991624926579,0.02133991624926579
2023-05-26,0.004659752222939144,0.009151306546765214,0.009151306546765214,-0.009651306546765215,0.009151306546765214,0.009151306546765214,0.009151306546765214,0.009151306546765214,0.008651306546765214,-0.009151306546765214,0.009151306546765214,0.009151306546765214
2023-05-30,-0.00413016003419674,-0.0075436114457623216,-0.0075436114457623216,0.0075436114457623216,-0.0075436114457623216,-0.0075436114457623216,-0.0075436114457623216,-0.0075436114457623216,-0.0075436114457623216,0.0075436114457623216,-0.0075436114457623216,-0.0075436114457623216
2023-05-31,-0.003493003550297758,-0.006468705627775129,-0.006468705627775129,0.006468705627775129,-0.006468705627775129,-0.006468705627775129,-0.006468705627775129,-0.006468705627775129,-0.006468705627775129,0.006468705627775129,-0.006468705627775129,-0.006468705627775129
2023-06-01,0.003697008882705733,0.006917756439345668,0.006917756439345668,-0.0005,0.006917756439345668,0.006917756439345668,0.006917756439345668,0.006917756439345668,-0.0005,-0.006917756439345668,0.006917756439345668,0.006917756439345668
2023-06-02,0.004310295103313791,0.00767869347800354,0.00767869347800354,-0.00817869347800354,0.00767869347800354,0.00767869347800354,0.00767869347800354,0.007678693478003539,0.007178693478003539,-0.00767869347800354,0.00767869347800354,0.00767869347800354
2023-06-05,0.006079535717905069,0.010748390315983958,0.010748390315983958,-0.0005,0.010748390315983958,0.010748390315983958,0.010748390315983958,0.010748390315983958,0.010748390315983958,-0.010748390315983958,0.010748390315983958,0.010748390315983958
2023-06-06,0.005955970408554263,0.010316521387293331,0.010316521387293331,0.0,0.010316521387293331,0.010316521387293331,0.010316521387293331,0.010316521387293331,0.010316521387293331,-0.010316521387293331,0.010316521387293331,0.010316521387293331
2023-06-07,-0.021832073105563093,-0.03778173180226729,-0.03778173180226729,0.03728173180226729,-0.03778173180226729,-0.03778173180226729,-0.03778173180226729,-0.03778173180226729,-0.03778173180226729,0.03778173180226729,-0.03778173180226729,-0.03778173180226729
2023-06-08,-0.0014999024925620931,-0.00293876368220658,-0.00293876368220658,-0.0005,-0.00293876368220658,-0.00293876368220658,-0.00293876368220658,-0.00293876368220658,-0.0005,0.00293876368220658,-0.00293876368220658,-0.00293876368220658
2023-06-09,0.0003660803466900124,0.0007369351400658974,0.0007369351400658974,0.0,0.0007369351400658974,0.0007369351400658974,0.0007369351400658974,0.0007369351400658974,0.0,-0.0007369351400658974,0.0007369351400658974,0.0007369351400658974
2023-06-12,0.0062805007226500315,0.011535618845173623,0.011535618845173623,0.011035618845173623,0.011535618845173623,0.011535618845173623,0.011535618845173623,0.011535618845173623,0.0,-0.011535618845173623,0.011535618845173623,0.011535618845173623
2023-06-13,0.0009276688071930588,0.0015366699731673705,0.0015366699731673705,-0.0005,0.0015366699731673705,0.0015366699731673705,0.0015366699731673705,0.0015366699731673705,0.0,-0.0015366699731673705,0.0015366699731673705,0.0015366699731673705
2023-06-14,-0.0008190159340980856,-0.0012921440155047037,-0.0012921440155047037,0.0,-0.0012921440155047035,-0.0012921440155047037,-0.0012921440155047037,-0.0012921440155047037,0.0,0.0012921440155047037,-0.0012921440155047037,-0.0012921440155047037
2023-06-15,0.007357714868007852,0.011482273018040168,0.011482273018040168,0.010982273018040167,0.011482273018040168,0.011482273018040168,0.011482273018040168,0.011482273018040168,0.0,-0.011482273018040168,0.011482273018040168,0.011482273018040168
2023-06-16,-0.008470695321122938,-0.012471133771318588,-0.012471133771318588,-0.012471133771318588,-0.012471133771318586,-0.012471133771318588,-0.012471133771318588,-0.012471133771318588,-0.012971133771318588,0.012471133771318588,-0.012471133771318588,-0.012471133771318588
2023-06-20,-0.0023306510715466345,-0.0034808994173037844,-0.0034808994173037844,-0.0034808994173037844,-0.0034808994173037844,-0.0034808994173037844,-0.0034808994173037844,-0.0034808994173037844,-0.0005,0.0034808994173037844,-0.0034808994173037844,-0.0034808994173037844
2023-06-21,-0.014271826170791539,-0.02071487114356718,-0.02071487114356718,-0.02071487114356718,-0.02071487114356718,-0.02071487114356718,-0.02071487114356718,-0.02071487114356718,0.0,0.02071487114356718,-0.0005,-0.02071487114356718
2023-06-22,0.014071538419104785,0.021567947392173048,0.021567947392173048,0.021567947392173048,0.021567947392173048,0.021567947392173048,-0.0005,0.021567947392173048,0.0,-0.021567947392173048,0.0,0.021567947392173048
2023-06-23,-0.004240399041997011,-0.0065774580262588644,-0.0065774580262588644,-0.0065774580262588644,-0.006577458026258864,-0.0065774580262588644,-0.007077458026258865,-0.0065774580262588644,-0.007077458026258865,0.0065774580262588644,0.0,-0.0065774580262588644
2023-06-26,-0.02196711492438676,-0.0326957737151472,-0.0326957737151472,-0.0326957737151472,-0.032695773715147196,-0.0326957737151472,-0.0005,-0.0326957737151472,-0.0005,0.0326957737151472,0.0,-0.0326957737151472
2023-06-27,-8.297856743520198e-05,-8.435921049410045e-05,-8.435921049410045e-05,-8.435921049410045e-05,-8.43592104941005e-05,-8.435921049410045e-05,0.0,-8.435921049410045e-05,0.0,-0.0010843592104941005,0.0,-8.435921049410045e-05
2023-06-28,0.010041672957713597,0.015634179797978653,0.015634179797978653,0.015634179797978653,0.015634179797978653,0.015634179797978653,0.0,0.015634179797978653,0.0,0.015634179797978653,0.0,0.015634179797978653
2023-06-29,-0.005669490127751352,-0.00898654733449289,-0.00898654733449289,-0.00898654733449289,-0.00898654733449289,-0.00898654733449289,0.0,-0.00898654733449289,-0.00948654733449289,-0.00898654733449289,0.0,-0.00898654733449289
2023-06-30,0.00316712355507932,0.005037719725292433,0.005037719725292433,0.005037719725292433,0.005037719725292433,0.005037719725292433,0.0,0.005037719725292433,-0.0005,0.005037719725292433,0.0,0.005037719725292433
2023-07-03,0.0010482459571622329,0.0016708442058668282,0.0016708442058668282,0.0016708442058668282,0.0016708442058668282,0.0016708442058668282,0.0,0.0016708442058668282,0.0011708442058668282,0.0016708442058668282,0.0,0.0016708442058668282
2023-07-05,0.009746061853987548,0.01542952856586366,0.01542952856586366,0.01542952856586366,0.01542952856586366,0.01542952856586366,0.0,0.01542952856586366,0.01542952856586366,0.01542952856586366,0.0,0.01542952856586366
2023-07-06,-0.008334939427092562,-0.013470178702971514,-0.013470178702971514,-0.013470178702971514,-0.013470178702971514,-0.013470178702971514,-0.013970178702971514,-0.013470178702971514,-0.013470178702971514,-0.013470178702971514,0.0,-0.013470178702971514
2023-07-07,-0.003247179254975308,-0.005245154533047969,-0.005245154533047969,-0.005245154533047969,-0.005245154533047969,-0.005245154533047969,-0.0005,-0.005245154533047969,-0.0005,-0.005245154533047969,0.0,-0.005245154533047969
2023-07-10,-0.015976397326155613,-0.02535985846403488,-0.02535985846403488,-0.02535985846403488,-0.02535985846403488,-0.02535985846403488,0.0,-0.02535985846403488,0.0,-0.02535985846403488,0.0,-0.02535985846403488
2023-07-11,0.004042261470232044,0.00592517163188333,0.00592517163188333,-0.0005,0.00592517163188333,0.00592517163188333,0.0,0.00592517163188333,0.0,0.00592517163188333,0.0,0.00592517163188333
2023-07-12,0.01040842544991371,0.015280877465901677,0.015280877465901677,0.014780877465901676,0.015280877465901675,0.015280877465901677,0.0,0.015280877465901677,0.0,0.015280877465901677,0.0,0.015280877465901677
2023-07-13,0.03102478100758671,0.04717047316544232,0.04717047316544232,0.04717047316544232,0.04717047316544232,0.04717047316544232,0.0,0.04717047316544232,0.04667047316544232,0.04717047316544232,0.0,0.04717047316544232
2023-07-14,0.0037178066883258435,0.007066091948872755,0.007066091948872755,0.007066091948872755,0.007066091948872755,0.007066091948872755,0.006566091948872754,0.007066091948872755,0.007066091948872755,0.007066091948872755,0.0,0.007066091948872755
2023-07-17,-0.003283650068749076,-0.006139287450623088,-0.006139287450623088,-0.006139287450623088,0.005139287450623087,-0.006139287450623088,-0.006139287450623088,-0.006139287450623088,-0.006139287450623088,-0.006139287450623088,0.0,-0.006139287450623088
2023-07-18,-0.003818925729609917,-0.0071400673993217145,-0.0071400673993217145,-0.0071400673993217145,0.007140067399321714,-0.0071400673993217145,-0.0071400673993217145,-0.0071400673993217145,-0.0071400673993217145,-0.0071400673993217145,-0.007640067399321715,-0.0071400673993217145
2023-07-19,-0.007476624847556912,-0.013978696919160205,-0.013978696919160205,-0.013978696919160205,0.013978696919160203,-0.013978696919160205,-0.013978696919160205,-0.013978696919160205,-0.013978696919160205,-0.013978696919160205,-0.013978696919160205,-0.013978696919160205
2023-07-20,-0.012403896749308778,-0.02319098748572379,-0.02319098748572379,-0.02319098748572379,0.023190987485723787,-0.02319098748572379,-0.02319098748572379,-0.02319098748572379,-0.0005,-0.02319098748572379,-0.02319098748572379,-0.02319098748572379
2023-07-21,0.003679417384986548,0.0068792351512223515,0.006879235151222351,0.0068792351512223515,-0.006879235151222351,0.0068792351512223515,-0.0005,0.0068792351512223515,0.0,0.0068792351512223515,0.0068792351512223515,0.0068792351512223515
2023-07-24,0.006729141550564855,0.012581162246252164,0.012581162246252164,-0.013581162246252165,-0.012581162246252163,0.012581162246252164,0.0,0.012581162246252164,0.0,0.012581162246252164,0.012581162246252164,0.012581162246252164
2023-07-25,0.002992722223233349,0.005595353220843258,0.005595353220843258,0.004595353220843258,-0.005595353220843258,0.005595353220843258,0.005095353220843257,0.005595353220843258,0.0,0.005595353220843258,0.005595353220843258,0.005595353220843258
2023-07-26,0.0308985304785563,0.0577695419542561,0.0577695419542561,0.0577695419542561,-0.0577695419542561,0.0577695419542561,0.0577695419542561,0.0577695419542561,0.0572695419542561,0.0577695419542561,0.0577695419542561,0.0577695419542561
2023-07-27,0.00044499006801415505,0.0010056710558938864,0.0010056710558938864,0.0010056710558938864,-0.0010056710558938864,0.0010056710558938864,0.0010056710558938864,0.0010056710558938864,0.0010056710558938864,-0.0020056710558938864,0.0010056710558938864,0.0010056710558938864
2023-07-28,0.011627779791532218,0.024574869111567033,0.024574869111567033,-0.025574869111567033,-0.024574869111567033,0.024574869111567033,0.024574869111567033,0.024574869111567033,0.024574869111567033,-0.024574869111567033,0.024574869111567033,0.024574869111567033
2023-07-31,0.0004995613562321611,0.0010558038733707864,0.0010558038733707864,5.5803873370786385e-05,-0.0010558038733707864,0.0010558038733707864,0.0010558038733707864,0.0010558038733707864,0.0010558038733707864,-0.0010558038733707864,0.0010558038733707864,0.0010558038733707864
2023-08-01,-0.004171078639645184,-0.008815415621990064,-0.008815415621990064,0.007815415621990063,0.008815415621990064,-0.008815415621990064,-0.008815415621990064,-0.008815415621990064,-0.008815415621990064,0.008815415621990064,-0.008815415621990064,-0.008815415621990064
2023-08-02,-0.011401806719303171,-0.024097283641913436,-0.024097283641913436,0.024097283641913436,0.024097283641913436,-0.024097283641913436,-0.024097283641913436,-0.024097283641913436,-0.024097283641913436,0.024097283641913436,-0.024097283641913436,-0.024097283641913436
2023-08-03,0.00025792398050498495,0.0005451124957027709,0.0005451124957027709,-0.00045488750429722915,-0.0005451124957027709,0.0005451124957027709,0.0005451124957027709,0.0005451124957027709,-0.0005,-0.0005451124957027709,0.0005451124957027709,0.0005451124957027709
2023-08-04,-0.0012523705664823337,-0.002646837427459303,-0.0026468374274593027,-0.002646837427459303,0.002646837427459303,-0.002646837427459303,-0.002646837427459303,-0.002646837427459303,0.0,0.002646837427459303,-0.002646837427459303,-0.002646837427459303
2023-08-07,0.012631337983542636,0.026695851075162258,0.026695851075162258,0.026695851075162258,-0.026695851075162258,0.026695851075162258,0.026695851075162258,0.026695851075162258,0.0,-0.026695851075162258,0.026695851075162258,0.026695851075162258
2023-08-08,-0.0004676645967445989,-0.0009883912887206359,-0.0009883912887206359,-0.0009883912887206359,0.0009883912887206359,-0.0009883912887206359,-0.0009883912887206359,-0.0009883912887206359,-0.0014883912887206359,0.0009883912887206359,-0.0009883912887206359,-0.0009883912887206359
2023-08-09,-0.006265588594409603,-0.013242082527799015,-0.013242082527799013,-0.013242082527799015,0.013242082527799015,-0.013242082527799015,-0.013242082527799015,-0.013242082527799015,-0.013242082527799015,0.013242082527799015,-0.013242082527799015,-0.013242082527799015
2023-08-10,0.00010948774841558075,0.000231398180467135,0.00023139818046713495,0.000231398180467135,-0.000231398180467135,0.000231398180467135,0.000231398180467135,0.000231398180467135,-0.0005,-0.000231398180467135,0.000231398180467135,0.000231398180467135
2023-08-11,-0.0004742997067971093,-0.0010024143407567632,-0.0010024143407567632,-0.0010024143407567632,0.0010024143407567632,-0.0010024143407567632,-0.0010024143407567632,-0.0010024143407567632,0.0,0.0010024143407567632,-0.0010024143407567632,-0.0010024143407567632
2023-08-14,0.0071241832559029395,0.013661723233068468,0.013661723233068468,0.013661723233068468,-0.013661723233068468,0.013661723233068468,0.013661723233068468,0.013661723233068468,0.0,-0.013661723233068468,0.013661723233068468,0.013661723233068468
2023-08-15,-0.006176289025631876,-0.011802449715426766,-0.011802449715426766,-0.011802449715426766,-0.012802449715426767,-0.011802449715426766,-0.011802449715426766,-0.011802449715426766,-0.012302449715426766,0.011802449715426766,-0.011802449715426766,-0.011802449715426766
2023-08-16,-0.004354753076525213,-0.008321623874059325,-0.008321623874059325,-0.008321623874059325,-0.008321623874059325,-0.008321623874059325,-0.008321623874059325,-0.008321623874059325,-0.0005,0.008321623874059325,-0.008321623874059325,-0.008321623874059325
2023-08-17,0.004960585939495417,0.009479327451642039,0.009479327451642039,0.009479327451642039,0.009479327451642039,0.009479327451642039,0.009479327451642039,0.009479327451642039,0.0,-0.009479327451642039,0.009479327451642039,0.009479327451642039
2023-08-18,-0.00990861673067187,-0.01893466290645729,-0.01893466290645729,-0.01893466290645729,-0.01893466290645729,-0.01893466290645729,-0.01893466290645729,-0.01893466290645729,-0.01943466290645729,0.01893466290645729,-0.01893466290645729,-0.01893466290645729
2023-08-21,0.003736164185866581,0.007139544433440337,0.007139544433440337,0.007139544433440337,0.007139544433440337,0.007139544433440337,0.007139544433440337,0.007139544433440337,-0.0005,-0.007139544433440337,0.007139544433440337,0.007139544433440337
2023-08-22,0.0028942761391006866,0.005530756163212525,0.005530756163212525,0.005530756163212525,0.005530756163212525,0.005530756163212525,0.005530756163212525,0.005530756163212525,0.0,-0.005530756163212525,0.005530756163212525,0.005530756163212525
2023-08-23,0.013338061507806441,0.025488088331657943,0.025488088331657943,0.025488088331657943,0.025488088331657943,0.025488088331657943,0.025488088331657943,0.025488088331657943,0.024988088331657943,-0.025488088331657943,-0.0005,0.025488088331657943
2023-08-24,-0.010239230209197243,-0.0195664417852216,-0.019566441785221596,-0.0195664417852216,-0.0195664417852216,-0.0195664417852216,-0.0195664417852216,-0.0195664417852216,-0.0195664417852216,0.0195664417852216,0.0,-0.0195664417852216
2023-08-25,0.0004399655058353586,0.0007707722407173101,0.00077077224071731,0.0007707722407173101,0.0007707722407173101,0.0007707722407173101,0.0007707722407173101,0.0007707722407173101,-0.0005,-0.0007707722407173101,0.0,0.0007707722407173101
2023-08-28,0.005729404967041141,0.008700244778833799,0.008700244778833799,0.008700244778833799,0.008700244778833799,0.008700244778833799,0.008700244778833799,0.008700244778833799,0.0,-0.008700244778833799,0.0,0.008700244778833799
2023-08-29,0.01789477782926914,0.027173667819451186,0.027173667819451186,-0.028173667819451187,0.027173667819451186,0.027173667819451186,0.027173667819451186,0.027173667819451186,0.026673667819451186,-0.027173667819451186,0.0,0.027173667819451186
2023-08-30,0.00641043989587078,0.009734413356170979,0.009734413356170979,0.008734413356170978,0.009734413356170979,0.009734413356170979,0.009734413356170979,0.009734413356170979,0.009734413356170979,-0.009734413356170979,0.009234413356170978,0.009734413356170979
2023-08-31,0.0014054371354535768,0.0021341914509533932,0.0021341914509533932,0.0021341914509533932,0.0021341914509533932,0.0021341914509533932,0.0021341914509533932,0.0021341914509533932,0.0021341914509533932,-0.0021341914509533932,0.0021341914509533932,0.0021341914509533932
2023-09-01,-0.0024664492738710885,-0.0037453649271954603,-0.0037453649271954603,-0.0037453649271954603,-0.0037453649271954603,-0.0037453649271954603,-0.0037453649271954603,-0.0037453649271954603,-0.0037453649271954603,0.0037453649271954603,-0.0037453649271954603,-0.0037453649271954603
2023-09-05,0.0005340773735330067,0.0008110098530831333,0.0008110098530831333,-0.0018110098530831334,0.0008110098530831333,0.0008110098530831333,0.0008110098530831333,0.0008110098530831333,0.0008110098530831333,-0.0008110098530831333,0.0008110098530831333,0.0008110098530831333
2023-09-06,-0.006353932144757669,-0.009648604922413262,-0.009648604922413262,0.009648604922413262,-0.009648604922413262,-0.009648604922413262,-0.009648604922413262,-0.009648604922413262,-0.009648604922413262,0.009648604922413262,-0.009648604922413262,-0.009648604922413262
2023-09-07,0.004445316665106403,0.005949611426844248,0.005949611426844248,0.004949611426844248,0.005949611426844248,0.005949611426844248,0.005949611426844248,0.005949611426844248,-0.0005,-0.005949611426844248,0.005949611426844248,0.005949611426844248
2023-09-08,0.006254240742804733,0.008280556267823425,0.008280556267823425,-0.009280556267823425,0.008280556267823425,0.008280556267823425,0.008280556267823425,0.008280556267823425,0.0,-0.008280556267823425,0.008280556267823425,0.008280556267823425
2023-09-11,0.002990479718887142,0.003959367187538865,0.003959367187538864,0.0029593671875388647,0.003959367187538865,0.003959367187538865,0.003959367187538865,0.003959367187538865,0.0034593671875388647,-0.003959367187538865,0.003959367187538865,0.003959367187538865
2023-09-12,-0.00871577944881019,-0.011539610499778474,-0.011539610499778473,-0.011539610499778474,-0.011539610499778474,-0.011539610499778474,-0.011539610499778474,-0.011539610499778474,-0.011539610499778474,0.011539610499778474,-0.011539610499778474,-0.011539610499778474
2023-09-13,0.007645633912167032,0.010122747814866884,0.010122747814866884,0.010122747814866884,0.010122747814866884,0.010122747814866884,0.010122747814866884,0.010122747814866884,-0.0005,-0.010122747814866884,0.010122747814866884,0.010122747814866884
2023-09-14,0.01004511082498306,0.010167464653607627,0.010167464653607627,0.010167464653607627,0.010167464653607627,0.010167464653607627,0.010167464653607627,0.010167464653607627,0.009667464653607627,-0.0005,0.010167464653607627,0.010167464653607627
2023-09-15,-0.005068791861396527,-0.005068791861396527,-0.005068791861396527,-0.005068791861396527,-0.005068791861396527,-0.005068791861396527,-0.005068791861396527,-0.005068791861396527,-0.005068791861396527,0.0,-0.005068791861396527,-0.005068791861396527
2023-09-18,0.005895242642934839,0.005895242642934839,0.005895242642934839,-0.006895242642934839,0.005895242642934839,0.005895242642934839,0.005895242642934839,0.005895242642934839,0.005895242642934839,0.0,0.005895242642934839,0.005895242642934839
2023-09-19,-0.0012299902429462328,-0.0012299902429462328,-0.0012299902429462328,0.0012299902429462328,-0.0012299902429462328,-0.0012299902429462328,-0.0012299902429462328,-0.0012299902429462328,-0.0012299902429462328,0.0,-0.0012299902429462328,-0.0012299902429462328
2023-09-20,-0.031150507573426633,-0.031150507573426633,-0.031150507573426633,0.031150507573426633,-0.031150507573426633,-0.031150507573426633,-0.031150507573426633,-0.031150507573426633,-0.031150507573426633,0.0,-0.031150507573426633,-0.031150507573426633
2023-09-21,-0.0235605053948038,-0.024674518643956977,-0.024674518643956977,-0.02567451864395698,-0.024674518643956977,-0.024674518643956977,-0.024674518643956977,-0.024674518643956977,-0.0005,0.0,-0.024674518643956977,-0.024674518643956977
2023-09-22,-0.0013141424211844017,-0.001456797297702428,-0.001456797297702428,-0.001456797297702428,-0.001456797297702428,-0.001456797297702428,-0.001456797297702428,-0.001456797297702428,0.0,0.0,-0.001456797297702428,-0.001456797297702428
2023-09-25,0.006252357507994152,0.00660273597636607,0.00660273597636607,0.00660273597636607,0.00660273597636607,0.00660273597636607,0.00660273597636607,0.00660273597636607,0.0,0.0,0.00660273597636607,0.00660273597636607
2023-09-26,-0.019396646326187556,-0.019373060915093054,-0.019373060915093054,-0.019373060915093054,-0.019373060915093054,-0.019373060915093054,-0.019373060915093054,-0.019373060915093054,0.0,0.0,-0.019373060915093054,-0.019373060915093054
2023-09-27,0.014486236058149013,0.0153223117766359,0.015322311776635898,0.0153223117766359,0.0153223117766359,0.0153223117766359,0.0153223117766359,0.0153223117766359,0.0,0.0148223117766359,-0.0005,0.0153223117766359
2023-09-28,0.012547490587313982,0.013559160534894588,0.013559160534894588,-0.014559160534894589,0.013559160534894588,0.013559160534894588,0.013559160534894588,0.013559160534894588,0.0,0.013559160534894588,0.0,0.013559160534894588
2023-09-29,-0.01099603187823344,-0.010959113218418137,-0.010959113218418137,-0.011959113218418138,-0.010959113218418137,-0.010959113218418137,-0.010959113218418137,-0.010959113218418137,-0.011459113218418138,-0.010959113218418137,0.0,-0.010959113218418137
2023-10-02,0.025294259366091865,0.025294259366091865,0.025294259366091865,0.025294259366091865,0.025294259366091865,0.025294259366091865,0.025294259366091865,0.025294259366091865,-0.0005,0.025294259366091865,0.0,0.025294259366091865
2023-10-03,-0.011897812056240338,-0.01296880726029237,-0.01296880726029237,-0.01296880726029237,-0.01296880726029237,-0.01296880726029237,-0.01296880726029237,-0.01296880726029237,-0.01346880726029237,-0.01296880726029237,0.0,-0.01296880726029237
2023-10-04,0.019043449920416122,0.021219042969317536,0.021219042969317536,0.021219042969317536,0.021219042969317536,0.021219042969317536,0.021219042969317536,0.021219042969317536,0.021219042969317536,0.021219042969317536,0.0,0.021219042969317536
2023-10-05,-0.0010914382379498965,-0.0012573433243902032,-0.0012573433243902032,-0.0012573433243902032,-0.0012573433243902032,-0.0012573433243902032,-0.0012573433243902032,-0.0012573433243902032,-0.0012573433243902032,-0.0012573433243902032,0.0,-0.0012573433243902032
2023-10-06,0.0159307303371824,0.018583123322343464,0.018583123322343464,0.018583123322343464,0.018583123322343464,0.018583123322343464,0.018583123322343464,0.018583123322343464,0.018583123322343464,0.018583123322343464,0.0,0.018583123322343464
2023-10-09,0.005051747798584131,0.006105383176712609,0.006105383176712609,0.006105383176712609,0.006105383176712609,0.006105383176712609,0.006105383176712609,0.006105383176712609,0.006105383176712609,0.006105383176712609,0.0,0.006105383176712609
2023-10-10,-0.0021655291908675768,-0.0026007144318798137,-0.0026007144318798137,-0.0026007144318798137,-0.0026007144318798137,-0.0026007144318798137,-0.0026007144318798137,-0.0026007144318798137,-0.0026007144318798137,-0.0026007144318798137,0.0,-0.0026007144318798137
2023-10-11,0.015009603651831292,0.018035820313044404,0.018035820313044404,0.018035820313044404,0.018035820313044404,0.018035820313044404,0.018035820313044404,0.018035820313044404,0.018035820313044404,0.018035820313044404,0.017535820313044403,0.018035820313044404
2023-10-12,-0.00924009167433323,-0.011241683713709594,-0.011241683713709592,-0.011241683713709594,-0.011241683713709594,-0.011241683713709594,-0.011241683713709594,-0.011241683713709594,-0.011241683713709594,-0.0005,-0.011241683713709594,-0.011241683713709594
2023-10-13,-0.00943684590966251,-0.011585281355646071,-0.011585281355646071,-0.0005,-0.011585281355646071,-0.011585281355646071,-0.011585281355646071,-0.011585281355646071,-0.011585281355646071,0.0,-0.011585281355646071,-0.011585281355646071
2023-10-16,0.010261815520101913,0.01266740207755257,0.012667402077552568,0.01216740207755257,0.01266740207755257,0.01266740207755257,0.01266740207755257,0.01266740207755257,-0.0005,0.0,0.01266740207755257,0.01266740207755257
2023-10-17,0.003560716395050523,0.004457315033212339,0.004457315033212339,0.004457315033212339,-0.005457315033212339,0.004457315033212339,0.004457315033212339,0.004457315033212339,0.003957315033212339,0.0,0.004457315033212339,0.004457315033212339
2023-10-18,-0.010090938390351373,-0.012596558761482912,-0.012596558761482912,0.011596558761482911,0.012596558761482912,-0.012596558761482912,-0.012596558761482912,-0.012596558761482912,-0.012596558761482912,0.0,-0.012596558761482912,-0.012596558761482912
2023-10-19,-0.0012059250295664988,-0.0015221136636509591,-0.0015221136636509591,-0.002522113663650959,-0.002522113663650959,-0.0015221136636509591,-0.0015221136636509591,-0.0015221136636509591,-0.0005,0.0,-0.0015221136636509591,-0.0015221136636509591
2023-10-20,-0.013784551493593757,-0.015607987225195963,-0.015607987225195963,-0.015607987225195963,-0.015607987225195963,-0.015607987225195963,-0.015607987225195963,-0.015607987225195963,0.0,0.0,-0.015607987225195963,-0.015607987225195963
2023-10-23,0.006124118595814024,0.006637168895082368,0.006637168895082368,0.006637168895082368,0.006637168895082368,0.006637168895082368,0.006637168895082368,0.006637168895082368,0.0,0.0,0.006637168895082368,0.006637168895082368
2023-10-24,0.015657111658213,0.016922898388063823,0.016922898388063823,0.016922898388063823,-0.017922898388063824,0.016922898388063823,0.016922898388063823,0.016922898388063823,0.0,0.0,0.016922898388063823,0.016922898388063823
2023-10-25,-0.08582685239497638,-0.09509404081913297,-0.09509404081913297,-0.0005,0.09509404081913297,-0.09509404081913297,-0.09509404081913297,-0.09509404081913296,-0.09559404081913297,0.0,-0.09509404081913297,-0.09509404081913297
2023-10-26,-0.013446016842817345,-0.0005,-0.0005,0.0,-0.027510538538361384,-0.026510538538361383,-0.0005,0.025510538538361383,-0.0005,-0.027010538538361384,-0.026510538538361383,-0.026510538538361383
2023-10-27,-0.00044696619150493276,0.0,0.0,0.0003995623611173231,-0.0008995623611173231,-0.0008995623611173231,0.0,0.0008995623611173231,0.0,-0.0008995623611173231,-0.0005,-0.0008995623611173231
2023-10-30,0.009345488205332384,0.0,0.0,-0.0005,0.01874432620858335,-0.01974432620858335,0.0,-0.01874432620858335,0.0,0.01874432620858335,0.0,0.01874432620858335
2023-10-31,-0.0015033787790149473,0.0,0.0,0.0025531534667722626,-0.0030531534667722626,0.0030531534667722626,0.0,0.0030531534667722626,0.0,-0.0030531534667722626,0.0,-0.0030531534667722626
2023-11-01,0.00966698573721821,0.0,0.0,-0.0005,0.019100497690203833,-0.019100497690203833,0.0,-0.019100497690203833,0.0,0.019100497690203833,0.0,0.019100497690203833
2023-11-02,0.004101863639032577,0.0,0.0,0.0,0.00822454850840737,-0.00822454850840737,0.0,-0.00822454850840737,0.0077245485084073695,0.00822454850840737,0.0,0.00822454850840737
2023-11-03,0.0064111084191155335,0.0,0.0,0.0,0.012628494167444826,-0.012628494167444826,0.0,-0.012628494167444826,0.012628494167444826,0.012628494167444826,0.0,0.012628494167444826
2023-11-06,0.004483562499649197,0.0,0.0,0.0,0.00890788566898748,-0.00890788566898748,0.0,-0.00890788566898748,0.00890788566898748,0.00890788566898748,0.0,0.00890788566898748
2023-11-07,0.0028151882861175174,0.005027808762943786,0.005027808762943786,0.0,0.005527808762943787,-0.005527808762943787,0.005027808762943786,-0.005527808762943786,0.005527808762943787,0.005527808762943787,0.0,0.005527808762943787
2023-11-08,0.0033878999205011313,0.00664260328364219,0.006642603283642189,0.0061426032836421895,0.00664260328364219,-0.00664260328364219,0.00664260328364219,0.00564260328364219,0.00664260328364219,0.00664260328364219,0.0,0.00664260328364219
2023-11-09,-0.006171112027880923,-0.012135460094160444,-0.012135460094160444,-0.012135460094160444,-0.012135460094160444,-0.013135460094160445,-0.012135460094160444,-0.012135460094160444,-0.012135460094160444,-0.012135460094160444,0.0,-0.012135460094160444
2023-11-10,0.009298513966008046,0.01804337411828838,0.01804337411828838,0.01804337411828838,0.01804337411828838,0.01804337411828838,0.01804337411828838,0.01804337411828838,-0.0005,0.01804337411828838,0.0,0.01804337411828838
2023-11-13,-0.001891965168213729,-0.0037710240687236496,-0.0037710240687236496,-0.0037710240687236496,-0.0037710240687236496,-0.0037710240687236496,-0.0037710240687236496,-0.0037710240687236496,-0.00427102406872365,-0.0037710240687236496,0.0,-0.0037710240687236496
2023-11-14,0.005786857645835633,0.011583036781377398,0.011583036781377398,0.011583036781377398,0.011583036781377398,0.011583036781377398,0.011583036781377398,0.011583036781377396,0.011583036781377398,0.011583036781377398,0.0,0.011583036781377398
2023-11-15,0.0037388864051366407,0.007483795421035611,0.007483795421035611,0.007483795421035611,0.007483795421035611,0.007483795421035611,0.007483795421035611,0.007483795421035611,0.007483795421035611,0.007483795421035611,0.0,0.007483795421035611
2023-11-16,0.008572712038685463,0.017159233030677346,0.017159233030677346,0.017159233030677346,0.017159233030677346,0.017159233030677346,0.017159233030677346,0.017159233030677346,0.017159233030677346,0.017159233030677346,0.016659233030677345,0.017159233030677346
2023-11-17,-0.005910605903590705,-0.01183073263099621,-0.01183073263099621,-0.01183073263099621,-0.01183073263099621,-0.01183073263099621,-0.01183073263099621,-0.01183073263099621,-0.01183073263099621,-0.01183073263099621,-0.01183073263099621,-0.01183073263099621
2023-11-20,0.0034706882596641795,0.006946967115618374,0.006946967115618374,0.006946967115618374,0.006946967115618374,0.006946967115618374,0.006946967115618374,0.0069469671156183735,-0.0005,0.006946967115618374,0.006946967115618374,0.006946967115618374
2023-11-21,0.0026400651191512154,0.00528438286405164,0.00528438286405164,0.00528438286405164,-0.00628438286405164,0.00528438286405164,0.00528438286405164,0.00528438286405164,0.0047843828640516395,0.00528438286405164,0.00528438286405164,0.00528438286405164
2023-11-22,0.005544241900523749,0.011097414484497303,0.011097414484497302,0.011097414484497303,-0.011097414484497303,0.011097414484497303,0.011097414484497303,0.011097414484497303,0.011097414484497303,0.011097414484497303,0.011097414484497303,0.011097414484497303
2023-11-24,-0.006493547140118912,-0.012997554107751719,-0.012997554107751719,-0.012997554107751719,0.012997554107751719,-0.012997554107751719,-0.012997554107751719,-0.012997554107751719,-0.012997554107751719,-0.0005,-0.012997554107751719,-0.012997554107751719
2023-11-27,-0.002298542862764872,-0.0020483416743830585,-0.0020483416743830585,-0.0020483416743830585,0.0020483416743830585,-0.0020483416743830585,-0.0020483416743830585,-0.0020483416743830585,-0.0005,0.0,-0.0020483416743830585,-0.0020483416743830585
2023-11-28,0.0057913214816520675,0.0057913214816520675,0.005791321481652067,-0.0067913214816520675,-0.0057913214816520675,0.0057913214816520675,0.0057913214816520675,0.0057913214816520675,0.0,0.0,0.0057913214816520675,0.0057913214816520675
2023-11-29,-0.016107699426468947,-0.016107699426468947,-0.016107699426468947,0.016107699426468947,0.016107699426468947,-0.016107699426468947,-0.016107699426468947,-0.016107699426468947,0.0,0.0,-0.016107699426468947,-0.016107699426468947
2023-11-30,-0.018223622719623855,-0.018223622719623855,-0.018223622719623855,0.018223622719623855,0.018223622719623855,-0.018223622719623855,-0.018223622719623855,-0.018223622719623855,0.0,0.0,-0.018223622719623855,-0.018223622719623855
2023-12-01,-0.005055437554433384,-0.005055437554433384,-0.005055437554433384,-0.006055437554433384,0.005055437554433384,-0.005055437554433384,-0.005055437554433384,-0.005055437554433384,0.0,0.0,-0.005055437554433384,-0.005055437554433384
2023-12-04,-0.019641887110838252,-0.0005,-0.019641887110838252,-0.019641887110838252,0.019641887110838252,-0.019641887110838252,-0.0005,-0.019641887110838252,0.0,0.0,-0.019641887110838252,-0.019641887110838252
2023-12-05,0.013305343644170797,0.0,0.013305343644170797,0.013305343644170797,-0.013305343644170797,0.013305343644170797,0.0,0.013305343644170797,0.0,0.0,0.013305343644170797,0.013305343644170797
2023-12-06,-0.0074052415364807,0.0,-0.0074052415364807,-0.0074052415364807,0.0074052415364807,0.0064052415364807,0.0,-0.007405241536480699,-0.0079052415364807,0.0,-0.0074052415364807,-0.0074052415364807
2023-12-07,0.05314561899367476,0.0,0.05314561899367476,0.05314561899367476,-0.05314561899367476,-0.05314561899367476,0.0,0.05314561899367475,-0.0005,0.0,-0.0005,0.05314561899367476
2023-12-08,-0.010870057660046577,-0.014667671635505364,-0.014167671635505363,0.013167671635505362,0.014167671635505363,0.014167671635505363,-0.014667671635505364,-0.014167671635505363,-0.014667671635505364,0.0,0.0,-0.014167671635505363
2023-12-11,-0.009554987978858098,-0.012593414854324636,-0.012593414854324636,-0.013593414854324637,0.012593414854324636,-0.013593414854324637,-0.012593414854324636,-0.012593414854324636,-0.012593414854324636,0.0,0.0,-0.012593414854324636
2023-12-12,-0.004383154793105853,-0.005776970813824112,-0.005776970813824112,0.004776970813824112,0.005776970813824112,-0.005776970813824112,-0.005776970813824112,-0.005776970813824112,-0.0005,0.0,0.0,-0.005776970813824112
2023-12-13,0.0002862047260817015,-0.0005,0.00037741780011080195,-0.00037741780011080195,-0.0006225821998891981,0.00037741780011080195,-0.0005,0.00037741780011080195,0.0,0.0,0.0,0.00037741780011080195
2023-12-14,-0.0036172344372712756,0.0,-0.004752114147351771,0.004752114147351771,0.0037521141473517714,-0.004752114147351771,0.0,-0.004752114147351771,0.0,0.0,0.0,-0.004752114147351771
2023-12-15,0.003843191004021653,0.0,0.00500197063945551,0.004001970639455511,0.004001970639455511,0.005001970639455511,0.0,0.005001970639455511,0.0,0.0,0.0,0.005001970639455511
2023-12-18,0.018618765124392273,0.0,0.024132738420094668,0.024132738420094668,-0.02513273842009467,-0.02513273842009467,0.0,0.024132738420094668,0.023632738420094668,0.0,0.0,0.024132738420094668
2023-12-19,0.004691254212441818,0.005759093482845701,0.006259093482845701,0.006259093482845701,-0.006259093482845701,0.005259093482845701,0.005759093482845701,0.0062590934828457,0.006259093482845701,0.0,0.0,0.006259093482845701
2023-12-20,0.009375660375606847,0.012367547691843228,0.012367547691843228,0.012367547691843228,-0.012367547691843228,0.012367547691843228,0.012367547691843228,0.012367547691843228,0.012367547691843228,0.0,0.0,0.012367547691843228
2023-12-21,0.011300578695266746,0.015035446250647011,0.015035446250647011,0.015035446250647011,-0.015035446250647011,0.015035446250647011,0.015035446250647011,0.015035446250647011,0.015035446250647011,0.0,0.01453544625064701,0.015035446250647011
2023-12-22,0.005634961180643321,0.007620086692354144,0.007620086692354144,0.007620086692354144,-0.0076200866923541435,0.007620086692354144,0.007620086692354144,0.007620086692354144,0.007620086692354144,0.0,0.007620086692354144,0.007620086692354144
2023-12-26,0.0001558425047561945,0.00021194211108044314,0.00021194211108044314,0.00021194211108044314,-0.00021194211108044311,0.00021194211108044314,0.00021194211108044314,0.00021194211108044314,0.00021194211108044314,0.0,0.00021194211108044314,0.00021194211108044314
2023-12-27,-0.006164333689439045,-0.008126170642295483,-0.008126170642295483,0.007126170642295483,0.008126170642295483,-0.008126170642295483,-0.008126170642295483,-0.008126170642295483,-0.008126170642295483,0.0,-0.008126170642295483,-0.008126170642295483
2023-12-28,-0.0007529398278059459,-0.000997320591961448,-0.000997320591961448,0.000997320591961448,0.0009973205919614478,-0.000997320591961448,-0.000997320591961448,-0.000997320591961448,-0.0005,0.0,-0.000997320591961448,-0.000997320591961448
2023-12-29,-0.002900628219994229,-0.0038506640109303714,-0.0038506640109303714,0.0038506640109303714,0.003850664010930371,-0.0038506640109303714,-0.0038506640109303714,-0.0038506640109303714,0.0,0.0,-0.0038506640109303714,-0.0038506640109303714
2024-01-02,-0.008418479980119027,-0.010881216663263249,-0.010881216663263249,0.010881216663263249,0.010881216663263247,-0.010881216663263249,-0.010881216663263249,-0.010881216663263249,0.0,0.0,-0.010881216663263249,-0.010881216663263249
2024-01-03,0.004284442991052354,0.005428096549704886,0.005428096549704886,0.004428096549704886,-0.005428096549704886,0.005428096549704886,0.005428096549704886,0.005428096549704886,0.0,0.0,0.005428096549704886,0.005428096549704886
2024-01-04,-0.014472166224055992,-0.018211945114060546,-0.018211945114060546,-0.018211945114060546,0.018211945114060546,-0.018211945114060546,-0.018211945114060546,-0.018211945114060546,-0.018711945114060546,0.0,-0.018211945114060546,-0.018211945114060546
2024-01-05,-0.003871283870238731,-0.004839223227639411,-0.004839223227639411,-0.004839223227639411,0.004839223227639411,-0.004839223227639411,-0.004839223227639411,-0.004839223227639411,-0.0005,0.0,-0.004839223227639411,-0.004839223227639411
2024-01-08,0.01845042520184896,0.022913302433997584,0.022913302433997584,0.022913302433997584,-0.022913302433997584,0.022913302433997584,0.022913302433997584,0.022913302433997584,0.0,0.0,0.022913302433997584,0.022913302433997584
2024-01-09,0.011849095687051423,0.015197396176646283,0.015197396176646283,0.015197396176646283,-0.015197396176646281,0.015197396176646283,0.015197396176646283,0.015197396176646281,0.014697396176646282,0.0,0.015197396176646283,0.015197396176646283
2024-01-10,0.009326132458033579,0.00943588385942462,0.00943588385942462,0.00943588385942462,-0.009435883859424619,0.00943588385942462,0.00943588385942462,0.00943588385942462,0.00943588385942462,0.0,0.00943588385942462,0.00943588385942462
2024-01-11,-0.0014057874124412395,-0.0014057874124412395,-0.0014057874124412395,-0.0014057874124412395,0.0014057874124412393,-0.0014057874124412395,-0.0014057874124412395,-0.0014057874124412395,-0.0014057874124412395,0.0,-0.0014057874124412395,-0.0014057874124412395
2024-01-12,0.004011912219863412,0.004011912219863412,0.004011912219863412,0.004011912219863412,-0.004011912219863411,0.004011912219863412,0.004011912219863412,0.004011912219863411,0.004011912219863412,0.0,0.004011912219863412,0.004011912219863412
2024-01-16,-0.0011214539361069642,-0.0011214539361069642,-0.0011214539361069642,-0.0005,-0.0021214539361069642,-0.0011214539361069642,-0.0011214539361069642,-0.0011214539361069642,-0.0011214539361069642,0.0,-0.0011214539361069642,-0.0011214539361069642
2024-01-17,-0.007158591855145002,-0.007158591855145002,-0.007158591855145002,0.006658591855145002,-0.007158591855145002,-0.007158591855145002,-0.007158591855145002,-0.007158591855145002,-0.0005,0.0,-0.007158591855145002,-0.007158591855145002
2024-01-18,0.01420789739680206,0.01420789739680206,0.01420789739680206,0.01320789739680206,0.01420789739680206,0.01420789739680206,0.01420789739680206,0.01420789739680206,0.0,0.0,0.01420789739680206,0.01420789739680206
2024-01-19,0.020211882291621297,0.020211882291621297,0.020211882291621297,-0.021211882291621298,0.020211882291621297,0.020211882291621297,0.020211882291621297,0.020211882291621297,0.019711882291621297,0.0,0.020211882291621297,0.020211882291621297
2024-01-22,-0.0026641519545702597,-0.0026641519545702597,-0.0026641519545702592,0.0026641519545702597,-0.0026641519545702597,-0.0026641519545702597,-0.0026641519545702597,-0.0026641519545702597,-0.0026641519545702597,0.0,-0.0026641519545702597,-0.0026641519545702597
2024-01-23,0.007192379951344918,0.007192379951344918,0.007192379951344918,-0.0005,0.007192379951344918,0.007192379951344918,0.007192379951344918,0.007192379951344918,0.007192379951344918,0.0,0.007192379951344918,0.007192379951344918
2024-01-24,0.0112893827058127,0.0112893827058127,0.0112893827058127,-0.011789382705812701,0.0112893827058127,0.0112893827058127,0.0112893827058127,0.011289382705812699,0.0112893827058127,0.0,0.0112893827058127,0.0112893827058127
2024-01-25,0.021317864567411027,0.021317864567411027,0.021317864567411027,-0.021317864567411027,0.021317864567411027,0.021317864567411027,0.021317864567411027,0.021317864567411027,0.021317864567411027,0.0,0.021317864567411027,0.021317864567411027
2024-01-26,0.002107349754781218,0.002107349754781218,0.002107349754781218,-0.002107349754781218,0.002107349754781218,0.002107349754781218,0.002107349754781218,0.002107349754781218,0.002107349754781218,0.0,0.002107349754781218,0.002107349754781218
2024-01-29,0.008673146635199469,0.008673146635199469,0.008673146635199467,-0.0005,0.008673146635199469,0.008673146635199469,0.008673146635199469,0.008673146635199469,0.008673146635199469,0.0,0.008673146635199469,0.008673146635199469
2024-01-30,-0.013354182362687927,-0.013354182362687927,-0.013354182362687927,0.0,-0.013354182362687927,-0.013354182362687927,-0.013354182362687927,-0.013354182362687927,-0.013354182362687927,0.0,-0.013354182362687927,-0.013354182362687927
2024-01-31,-0.07500326003911639,-0.07500326003911639,-0.07500326003911639,0.07450326003911639,-0.07500326003911639,-0.07500326003911639,-0.07500326003911639,-0.07500326003911639,-0.0005,0.0,-0.07500326003911639,-0.07500326003911639
2024-02-01,0.004414834532500514,0.007566069882804838,0.007566069882804838,0.006566069882804838,0.007566069882804838,0.007566069882804838,0.007566069882804838,0.007566069882804838,0.0,0.0,0.007566069882804838,0.007566069882804838
2024-02-02,0.0052924917982468895,0.008642545621735387,0.008642545621735387,0.008642545621735387,0.008642545621735387,0.008642545621735387,0.008642545621735387,0.008642545621735387,0.0,0.0,0.008642545621735387,0.008642545621735387
2024-02-05,0.00558027875362421,0.009130606740056946,0.009130606740056946,0.009130606740056946,0.009130606740056946,0.009130606740056946,0.009130606740056946,0.009130606740056946,0.0,0.0,0.009130606740056946,0.009130606740056946
2024-02-06,0.0018191497456883907,0.002923248860469796,0.002923248860469796,0.002923248860469796,0.002923248860469796,0.002923248860469796,0.002923248860469796,0.002923248860469796,0.002423248860469796,0.0,0.002923248860469796,0.002923248860469796
2024-02-07,0.006263213077390571,0.009992911881385291,0.009992911881385291,0.009992911881385291,0.009992911881385291,0.009992911881385291,0.009992911881385291,0.009992911881385291,0.009992911881385291,0.0,0.009992911881385291,0.009992911881385291
2024-02-08,0.0016227035851599356,0.0025422359152620366,0.002542235915262036,0.0025422359152620366,0.0025422359152620366,0.0025422359152620366,0.0025422359152620366,0.0025422359152620366,0.0025422359152620366,0.0,0.0025422359152620366,0.0025422359152620366
2024-02-09,0.013725393776120764,0.021177401754384206,0.021177401754384206,0.021177401754384206,0.021177401754384206,0.021177401754384206,0.021177401754384206,0.021177401754384206,0.021177401754384206,0.0,0.021177401754384206,0.021177401754384206
2024-02-12,-0.006275018416697455,-0.009865754206745958,-0.009865754206745958,-0.0005,-0.009865754206745958,-0.009865754206745958,-0.009865754206745958,-0.009865754206745958,-0.009865754206745958,0.0,-0.0005,-0.009865754206745958
2024-02-13,-0.01021032935863375,-0.016200057890889186,-0.016200057890889186,-0.016700057890889186,-0.016200057890889186,-0.016200057890889186,-0.016200057890889186,-0.016200057890889186,-0.016200057890889186,0.0,0.0,-0.016200057890889186
2024-02-14,0.0034022911960342813,0.005511920929050618,0.005511920929050618,-0.0005,0.005511920929050618,0.005511920929050618,0.005511920929050618,0.005511920929050618,-0.0005,0.0,0.0,0.005511920929050618
2024-02-15,-0.013420239025471561,-0.02172113423049582,-0.02172113423049582,-0.02222113423049582,-0.02172113423049582,-0.02172113423049582,-0.02172113423049582,-0.02172113423049582,0.0,0.0,0.0,-0.02172113423049582
2024-02-16,-0.0094918801463876,-0.01575972322768482,-0.01575972322768482,-0.01575972322768482,-0.01575972322768482,-0.01575972322768482,-0.01575972322768482,-0.01575972322768482,0.0,0.0,0.0,-0.01575972322768482
2024-02-20,0.002562461190346225,0.004269746303122712,0.004269746303122712,0.004269746303122712,0.004269746303122712,0.004269746303122712,0.004269746303122712,0.004269746303122712,0.0,0.0,0.0,0.004269746303122712
2024-02-21,0.006228651347263769,0.010133245308902916,0.010133245308902914,0.010133245308902916,0.010133245308902914,0.010133245308902916,0.010133245308902916,0.010133245308902916,0.0,0.0,0.0,0.010133245308902916
2024-02-22,0.006596495951319118,0.010803403223202501,0.010803403223202501,0.010803403223202501,0.010803403223202501,0.010803403223202501,0.010803403223202501,0.010803403223202501,0.0103034032232025,0.0,0.0,0.010803403223202501
2024-02-23,-0.00055000806462921,-0.0009021285597299311,-0.0009021285597299311,-0.0009021285597299311,-0.0009021285597299311,-0.0009021285597299311,-0.0009021285597299311,-0.0009021285597299311,-0.0009021285597299311,0.0,0.0,-0.0009021285597299311
2024-02-26,-0.02724493515810833,-0.044387396821584546,-0.044387396821584546,-0.044387396821584546,-0.04438739682158454,-0.044387396821584546,-0.044387396821584546,-0.044387396821584546,-0.044387396821584546,0.0,0.0,-0.044387396821584546
2024-02-27,0.005467768513916724,0.009522470985994014,0.009522470985994014,0.009522470985994014,0.009522470985994012,0.009522470985994014,0.009522470985994014,0.009522470985994014,-0.0005,0.0,0.0,0.009522470985994014
2024-02-28,-0.010293642622496057,-0.018001153669996328,-0.018001153669996325,-0.018001153669996328,-0.018001153669996325,-0.018001153669996328,-0.018001153669996328,-0.018001153669996328,0.0,0.0,0.0,-0.018001153669996328
2024-02-29,0.008721106995420435,0.015251188476127275,0.015251188476127275,0.015251188476127275,0.015251188476127275,0.015251188476127275,0.015251188476127275,0.015251188476127275,0.0,0.014751188476127275,0.0,0.015251188476127275
2024-03-01,-0.005367493290005997,-0.009533087297614817,-0.009533087297614816,-0.009533087297614817,-0.009533087297614817,-0.009533087297614817,-0.009533087297614817,-0.009533087297614817,-0.010033087297614818,-0.009533087297614817,0.0,-0.009533087297614817
2024-03-04,-0.02255557615985129,-0.027636061007918822,-0.027636061007918822,-0.027636061007918822,-0.027636061007918822,-0.027636061007918822,-0.027636061007918822,-0.027636061007918822,-0.0005,-0.027636061007918822,0.0,-0.027636061007918822
2024-03-05,-0.003931566363615686,-0.005099617139100343,-0.0005,-0.005099617139100343,-0.005099617139100343,-0.005099617139100343,-0.005099617139100343,0.004099617139100343,0.0,-0.005099617139100343,0.0,-0.005099617139100343
2024-03-06,-0.007431063120359408,-0.0005,0.0,-0.009572488118223643,0.008572488118223642,-0.009572488118223643,-0.0005,0.009572488118223643,0.0,-0.009572488118223643,0.0,-0.009572488118223643
2024-03-07,0.017809244965063385,0.0,0.0,0.022678871971528736,-0.022678871971528736,0.022678871971528736,0.0,-0.022678871971528736,0.0,0.022678871971528736,0.0,0.022678871971528736
2024-03-08,0.005650301196250931,0.007164855567837358,0.0,0.007664855567837359,0.006664855567837359,0.007664855567837359,0.007164855567837358,-0.007664855567837359,0.007164855567837358,0.007664855567837359,0.0,0.007664855567837359
2024-03-11,0.012411332764368153,0.016690100943222097,0.016190100943222097,0.016690100943222097,0.016690100943222097,0.016690100943222097,0.016690100943222097,0.015690100943222096,0.016690100943222097,0.016690100943222097,0.0,0.016690100943222097
2024-03-12,0.0043401468403076356,0.006028932884358573,0.006028932884358573,0.006028932884358573,0.006028932884358573,0.006028932884358573,0.006028932884358573,0.006028932884358573,0.006028932884358573,0.006028932884358573,0.0,0.006028932884358573
2024-03-13,0.007001554710632124,0.009313924849496447,0.009313924849496447,0.009313924849496447,0.009313924849496447,0.009313924849496447,0.009313924849496447,0.009313924849496447,0.009313924849496447,0.009313924849496447,0.0,0.009313924849496447
2024-03-14,0.017679394799577034,0.02367842501219064,0.02367842501219064,0.02367842501219064,0.02367842501219064,0.02367842501219064,0.02367842501219064,0.02367842501219064,0.02367842501219064,0.02367842501219064,0.0,0.02367842501219064
2024-03-15,-0.009695888876104418,-0.013417172147257461,-0.013417172147257461,-0.013417172147257461,-0.013417172147257461,-0.013417172147257461,-0.013417172147257461,-0.013417172147257461,-0.013417172147257461,-0.013417172147257461,0.0,-0.013417172147257461
2024-03-18,0.03322790483405244,0.046040306612622706,0.046040306612622706,-0.0005,0.046040306612622706,0.046040306612622706,0.046040306612622706,0.046040306612622706,-0.0005,0.046040306612622706,0.0,0.046040306612622706
2024-03-19,-0.0028427891666816052,-0.004401305954610524,-0.004401305954610524,0.0039013059546105238,-0.004401305954610524,-0.004401305954610524,-0.004401305954610524,-0.004401305954610524,-0.004901305954610524,-0.0005,0.0,-0.004401305954610524
2024-03-20,0.0073991122484482336,0.011630534225185007,0.011630534225185006,-0.011630534225185007,0.011630534225185007,0.011630534225185007,0.011630534225185007,0.011630534225185007,0.011630534225185007,0.0,0.011130534225185007,0.011630534225185007
2024-03-21,-0.0048760964999995755,-0.007664650207252044,-0.007664650207252044,0.007664650207252044,-0.007664650207252044,-0.007664650207252044,-0.007664650207252044,-0.007664650207252044,-0.007664650207252044,0.0,-0.007664650207252044,-0.007664650207252044
2024-03-22,0.013663337279906092,0.021477159222381248,0.021477159222381248,-0.021477159222381248,0.021477159222381245,0.021477159222381248,0.021477159222381248,0.021477159222381248,-0.0005,0.0,0.021477159222381248,0.021477159222381248
2024-03-25,-0.0029537427000677348,-0.004642936126929675,-0.004642936126929675,-0.0005,-0.004642936126929675,-0.004642936126929675,-0.004642936126929675,-0.004642936126929675,-0.005142936126929676,0.0,-0.004642936126929675,-0.004642936126929675
2024-03-26,0.0025434679840812867,0.003998032526905337,0.003998032526905337,-0.004498032526905338,0.0039980325269053365,0.003998032526905337,0.003998032526905337,0.003998032526905337,0.003998032526905337,0.0,0.003998032526905337,0.003998032526905337
2024-03-27,0.0009331671703917306,0.001327506865886452,0.001327506865886452,-0.0005,0.001327506865886452,0.001327506865886452,0.001327506865886452,0.001327506865886452,0.001327506865886452,0.0,0.001327506865886452,0.001327506865886452
2024-03-28,0.00029548005545564885,0.00039753021091848417,0.00039753021091848417,0.0,0.00039753021091848406,0.00039753021091848417,0.00039753021091848417,0.00039753021091848417,0.00039753021091848417,0.0,0.00039753021091848417,0.00039753021091848417
2024-04-01,0.022457037101856203,0.03021303986808377,0.03021303986808377,0.0,0.03021303986808377,0.03021303986808377,0.03021303986808377,0.03021303986808377,0.03021303986808377,0.0,0.03021303986808377,0.03021303986808377
2024-04-02,-0.0044457717451223,-0.00598121107297267,-0.00598121107297267,0.005481211072972669,-0.00598121107297267,-0.00598121107297267,-0.00598121107297267,-0.00598121107297267,-0.00598121107297267,0.0,-0.00598121107297267,-0.00598121107297267
2024-04-03,0.0017312203596460225,0.0023291331580914676,0.0023291331580914676,-0.0005,0.0023291331580914676,0.0023291331580914676,0.0023291331580914676,0.0023291331580914676,0.0023291331580914676,0.0,0.0023291331580914676,0.0023291331580914676
2024-04-04,-0.023820553948552335,-0.02833727211561743,-0.02833727211561743,0.02783727211561743,-0.02833727211561743,-0.02833727211561743,-0.02833727211561743,-0.02833727211561743,-0.02833727211561743,0.0,-0.02833727211561743,-0.02833727211561743
2024-04-05,0.009810704026235333,0.01308717783414215,0.013087177834142148,-0.01308717783414215,0.013087177834142148,0.01308717783414215,0.01308717783414215,0.01308717783414215,-0.0005,0.0,0.01308717783414215,0.01308717783414215
2024-04-08,0.011602573116705935,0.015409940121525523,0.015409940121525523,-0.0005,0.015409940121525523,0.015409940121525523,0.015409940121525523,0.015409940121525523,0.014909940121525522,0.0,0.015409940121525523,0.015409940121525523
2024-04-09,0.008508958873273393,0.011301160993751447,0.011301160993751447,0.010801160993751446,0.011301160993751447,0.011301160993751447,0.011301160993751447,0.011301160993751447,0.011301160993751447,0.0,0.011301160993751447,0.011301160993751447
2024-04-10,-0.0022116955064866058,-0.0029374600771041592,-0.0029374600771041592,-0.0005,-0.0029374600771041592,-0.0029374600771041592,-0.0029374600771041592,-0.0029374600771041592,-0.0029374600771041592,0.0,-0.0029374600771041592,-0.0029374600771041592
2024-04-11,0.015768438141787383,0.02094282752030696,0.020942827520306958,0.0,0.020942827520306958,0.02094282752030696,0.02094282752030696,0.02094282752030696,0.02094282752030696,0.0,0.02094282752030696,0.02094282752030696
2024-04-12,-0.007935091247356493,-0.010538979565191564,-0.010538979565191564,0.010038979565191564,-0.010538979565191564,-0.010538979565191564,-0.010538979565191564,-0.010538979565191564,-0.010538979565191564,0.0,-0.010538979565191564,-0.010538979565191564
2024-04-15,-0.013700001318199928,-0.018195636248506508,-0.018195636248506508,0.018195636248506508,-0.018195636248506505,-0.018195636248506508,-0.018195636248506508,-0.018195636248506508,-0.0005,0.0,-0.018195636248506508,-0.018195636248506508
2024-04-16,-0.002192143320401722,-0.0029702666172152226,-0.002970266617215222,-0.0005,-0.002970266617215222,-0.0029702666172152226,-0.0029702666172152226,-0.0029702666172152226,0.0,0.0,-0.0029702666172152226,-0.0029702666172152226
2024-04-17,0.005200899711261571,0.006929932861228005,0.006929932861228005,0.0,0.006929932861228005,0.006929932861228005,0.006929932861228005,0.006929932861228005,0.0,0.0,0.006929932861228005,0.006929932861228005
2024-04-18,0.0030871042961015736,0.0034733990743345267,0.0034733990743345267,0.0029733990743345266,0.0034733990743345267,0.0034733990743345267,0.0034733990743345267,0.0034733990743345267,0.0,0.0,0.0034733990743345267,0.0034733990743345267
2024-04-19,-0.011299537584542036,-0.01230688561186799,-0.01230688561186799,-0.0005,-0.01230688561186799,-0.01230688561186799,-0.01230688561186799,-0.01230688561186799,0.0,0.0,-0.01230688561186799,-0.01230688561186799
2024-04-22,0.012820996093530998,0.014212435256454103,0.014212435256454103,0.0,0.014212435256454103,0.014212435256454103,0.014212435256454103,0.014212435256454103,0.0,0.0,0.014212435256454103,0.014212435256454103
2024-04-23,0.011371375703791061,0.012669589390094327,0.012669589390094327,0.012169589390094326,0.012669589390094327,0.012669589390094327,0.012669589390094327,0.012669589390094325,0.012169589390094326,0.0,0.012669589390094327,0.012669589390094327
2024-04-24,0.005087662308196139,0.005497361624377195,0.005497361624377195,-0.006497361624377195,0.005497361624377195,0.005497361624377195,0.005497361624377195,0.005497361624377195,0.005497361624377195,0.0,0.005497361624377195,0.005497361624377195
2024-04-25,-0.018373464249288388,-0.019669666996998347,-0.019669666996998347,0.019669666996998347,-0.019669666996998347,-0.019669666996998347,-0.019669666996998347,-0.019669666996998347,-0.019669666996998347,0.0,-0.019669666996998347,-0.019669666996998347
2024-04-26,0.08972027193218625,0.10224362001180798,0.10224362001180796,-0.0005,0.10224362001180796,0.10224362001180798,0.10224362001180798,0.10224362001180798,-0.0005,0.0,0.10224362001180798,0.10224362001180798
2024-04-29,-0.016416219875749913,-0.03373083426493184,-0.03373083426493184,0.03323083426493184,-0.03373083426493184,-0.03373083426493184,-0.03373083426493184,-0.03373083426493184,-0.03423083426493184,0.0,-0.03373083426493184,-0.03373083426493184
2024-04-30,-0.009262578475870423,-0.020282680601495406,-0.020282680601495406,0.020282680601495406,-0.020282680601495406,-0.020282680601495406,-0.020282680601495406,-0.020282680601495403,-0.020282680601495406,0.0,-0.020282680601495406,-0.020282680601495406
2024-05-01,0.003037346007512081,0.006634741753668738,0.006634741753668738,-0.006634741753668738,0.006634741753668738,0.006634741753668738,0.006634741753668738,0.006634741753668738,-0.0005,0.0,0.006634741753668738,0.006634741753668738
2024-05-02,0.007728942233325206,0.016843593179626692,0.016843593179626692,-0.0005,0.016843593179626692,0.016843593179626692,0.016843593179626692,0.016843593179626692,0.0,0.0,0.016843593179626692,0.016843593179626692
2024-05-03,0.001696303408386032,0.00372111656040075,0.00372111656040075,0.0,0.00372111656040075,0.00372111656040075,0.00372111656040075,0.00372111656040075,0.00322111656040075,0.0,0.00372111656040075,0.00372111656040075
2024-05-06,0.002425451769281041,0.0051422558859799405,0.0051422558859799405,-0.005642255885979941,0.0051422558859799405,0.0051422558859799405,0.0051422558859799405,0.0051422558859799405,0.0051422558859799405,0.0,0.0051422558859799405,0.0051422558859799405
2024-05-07,0.008888961971678003,0.018738849357138765,0.018738849357138765,-0.0005,0.018738849357138765,0.018738849357138765,0.018738849357138765,0.018738849357138765,0.018738849357138765,0.0,0.018738849357138765,0.018738849357138765
2024-05-08,-0.005166206435831637,-0.010919692013895976,-0.010919692013895976,0.010419692013895976,-0.010919692013895976,-0.010919692013895976,-0.010919692013895976,-0.010919692013895976,-0.010919692013895976,0.0,-0.010919692013895976,-0.010919692013895976
2024-05-09,0.0016071537908775783,0.0034242718957497864,0.0034242718957497864,-0.0034242718957497864,0.0034242718957497864,0.0034242718957497864,0.0034242718957497864,0.0034242718957497864,0.0034242718957497864,0.0,0.0034242718957497864,0.0034242718957497864
2024-05-10,-0.003628005987105279,-0.007707733275365447,-0.007707733275365447,0.007707733275365447,-0.007707733275365447,-0.007707733275365447,-0.007707733275365447,-0.007707733275365447,-0.007707733275365447,0.0,-0.007707733275365447,-0.007707733275365447
2024-05-13,0.0013739942878230485,0.0029052068996928693,0.0029052068996928693,-0.0029052068996928693,0.0029052068996928693,0.0029052068996928693,0.0029052068996928693,0.0029052068996928693,-0.0005,0.0,0.0029052068996928693,0.0029052068996928693
2024-05-14,0.003380307001749962,0.007094990320669403,0.007094990320669403,-0.007094990320669403,0.007094990320669403,0.007094990320669403,0.007094990320669403,0.007094990320669403,0.006594990320669403,0.0,0.007094990320669403,0.007094990320669403
2024-05-15,0.006122879320614528,0.012739120592013764,0.012739120592013764,-0.012739120592013764,0.012739120592013764,0.012739120592013764,0.012739120592013764,0.012739120592013764,0.012739120592013764,0.0,0.012739120592013764,0.012739120592013764
2024-05-16,0.004654449584426195,0.009680671860971879,0.009680671860971879,-0.009680671860971879,0.009680671860971879,0.009680671860971879,0.009680671860971879,0.009680671860971879,0.009680671860971879,0.0,0.009680671860971879,0.009680671860971879
2024-05-17,0.005189429524252028,0.010793363094535824,0.010793363094535824,-0.010793363094535824,0.010793363094535824,0.010793363094535824,0.010793363094535824,0.010793363094535824,0.010793363094535824,0.0,0.010793363094535824,0.010793363094535824
2024-05-20,0.00234857153643383,0.004884734483387332,0.004884734483387332,-0.004884734483387332,0.004884734483387332,0.004884734483387332,0.004884734483387332,0.004884734483387332,0.004884734483387332,0.0,0.004884734483387332,0.004884734483387332
2024-05-21,0.0025273371490183577,0.00525654455546265,0.005256544555462649,-0.00525654455546265,0.00525654455546265,0.00525654455546265,0.00525654455546265,0.00525654455546265,0.00525654455546265,0.0,0.00525654455546265,0.00525654455546265
2024-05-22,-0.003973936758944525,-0.008265290462768804,-0.008265290462768804,-0.0005,-0.008265290462768804,-0.008265290462768804,-0.008265290462768804,-0.008265290462768804,-0.008265290462768804,0.0,-0.008265290462768804,-0.008265290462768804
2024-05-23,-0.007714412038368779,-0.01604501030447536,-0.01604501030447536,0.0,-0.016045010304475357,-0.01604501030447536,-0.01604501030447536,-0.016045010304475357,-0.0005,0.0,-0.01604501030447536,-0.01604501030447536
2024-05-24,0.003989363468547002,0.008297376085536268,0.008297376085536266,0.0,0.008297376085536266,0.008297376085536268,0.008297376085536268,0.008297376085536268,0.0,0.0,0.008297376085536268,0.008297376085536268
2024-05-28,0.003874056581427556,0.008057552210066987,0.008057552210066985,0.0,0.008057552210066987,0.008057552210066987,0.008057552210066987,0.008057552210066987,0.007557552210066987,0.0,0.008057552210066987,0.008057552210066987
2024-05-29,-0.002998159903097772,-0.002834555130356242,-0.002834555130356242,0.002334555130356242,-0.002834555130356242,-0.002834555130356242,-0.002834555130356242,-0.002834555130356242,-0.002834555130356242,0.0,-0.002834555130356242,-0.002834555130356242
2024-05-30,-0.020925854466190327,-0.021546130647637107,-0.021546130647637107,0.021546130647637107,-0.021546130647637104,-0.021546130647637107,-0.021546130647637107,-0.021546130647637107,-0.021546130647637107,0.0,-0.021546130647637107,-0.021546130647637107
2024-05-31,0.002200811068703903,0.0022660466693809056,0.0022660466693809056,0.0012660466693809056,0.0022660466693809056,0.0022660466693809056,0.0022660466693809056,0.0022660466693809056,-0.0005,0.0,0.0022660466693809056,0.0022660466693809056
2024-06-03,0.003771965583699769,0.0038837727461067395,0.0038837727461067395,0.0038837727461067395,0.003883772746106739,0.0038837727461067395,0.0038837727461067395,0.0038837727461067395,0.0,0.0,0.0038837727461067395,0.0038837727461067395
2024-06-04,0.0034772965753189426,0.0035803692715847824,0.0035803692715847824,0.0035803692715847824,0.0035803692715847824,0.0035803692715847824,0.0035803692715847824,0.0035803692715847824,0.0030803692715847823,0.0,0.0035803692715847824,0.0035803692715847824
2024-06-05,0.009053313829911612,0.009321668698809793,0.009321668698809793,0.009321668698809793,0.009321668698809793,0.009321668698809793,0.009321668698809793,0.009321668698809793,0.009321668698809793,0.0,0.009321668698809793,0.009321668698809793
2024-06-06,0.007308487619140396,0.007525123016269619,0.007525123016269619,-0.0005,0.007525123016269619,0.007525123016269619,0.007525123016269619,0.007525123016269619,0.007525123016269619,0.0,0.007525123016269619,0.007525123016269619
2024-06-07,-0.01247441564244702,-0.012844177503926968,-0.012844177503926968,0.0,-0.012844177503926968,-0.012844177503926968,-0.012844177503926968,-0.012844177503926966,-0.012844177503926968,0.0,-0.012844177503926968,-0.012844177503926968
2024-06-10,0.004180018773539781,0.00430392129266588,0.00430392129266588,0.0,0.004303921292665879,0.00430392129266588,0.00430392129266588,0.004303921292665879,-0.0005,0.0,0.00430392129266588,0.00430392129266588
2024-06-11,0.008934412859657377,0.009199243311432292,0.009199243311432292,0.008699243311432292,0.00919924331143229,0.009199243311432292,0.009199243311432292,0.009199243311432292,0.0,0.0,0.009199243311432292,0.009199243311432292
2024-06-12,0.0064338210149198,0.0066245298788132345,0.0066245298788132345,-0.0005,0.0066245298788132345,0.0066245298788132345,0.0066245298788132345,0.0066245298788132345,0.006124529878813234,0.0,0.0066245298788132345,0.0066245298788132345
2024-06-13,-0.014366971575440679,-0.014792831856662025,-0.014792831856662025,-0.015292831856662026,-0.014792831856662025,-0.014792831856662025,-0.014792831856662025,-0.014792831856662025,-0.014792831856662025,0.0,-0.0005,-0.014792831856662025
2024-06-14,0.009037684094722265,0.009305575672982735,0.009305575672982735,0.009305575672982735,0.009305575672982734,0.009305575672982735,0.009305575672982735,0.009305575672982735,-0.0005,0.0,0.0,0.009305575672982735
2024-06-17,0.0024724078603186603,0.0025456940293042685,0.0025456940293042685,-0.0005,0.0025456940293042685,0.0025456940293042685,0.0025456940293042685,0.0025456940293042685,0.0020456940293042685,0.0,0.0020456940293042685,0.0025456940293042685
2024-06-18,-0.011781375249129354,-0.012130594272110162,-0.012130594272110162,0.0,-0.012130594272110162,-0.012130594272110162,-0.012130594272110162,-0.01213059427211016,-0.012130594272110162,0.0,-0.012130594272110162,-0.012130594272110162
2024-06-20,0.006711801482084783,0.006910750136758015,0.006910750136758015,0.006410750136758014,0.006910750136758014,0.006910750136758015,0.006910750136758015,0.006910750136758015,-0.0005,0.0,0.006910750136758015,0.006910750136758015
2024-06-21,0.018344581857234813,0.018888344942418644,0.018888344942418644,0.018888344942418644,0.018888344942418644,0.018888344942418644,0.018888344942418644,0.018888344942418644,0.018388344942418644,0.0,0.018888344942418644,0.018888344942418644
2024-06-24,-0.002216913878726896,-0.002282626792745046,-0.0022826267927450457,0.001282626792745046,-0.002282626792745046,-0.002282626792745046,-0.002282626792745046,-0.002282626792745046,-0.002282626792745046,0.0,-0.002282626792745046,-0.002282626792745046
2024-06-25,0.026066045431676746,0.026838685189441547,0.026838685189441547,-0.026838685189441547,0.026838685189441547,0.026838685189441547,0.026838685189441547,0.026838685189441547,0.026838685189441547,0.0,0.026838685189441547,0.026838685189441547
2024-06-26,-0.0007916048832526185,-0.0008150693326968161,-0.0008150693326968161,0.0008150693326968161,-0.0008150693326968161,-0.0008150693326968161,-0.0008150693326968161,-0.0008150693326968161,-0.0008150693326968161,0.0,-0.0008150693326968161,-0.0008150693326968161
2024-06-27,0.00808111877852599,0.008320656213227196,0.008320656213227196,-0.0005,0.008320656213227196,0.008320656213227196,0.008320656213227196,0.008320656213227196,0.008320656213227196,0.0,0.008320656213227196,0.008320656213227196
2024-06-28,-0.01707651101443952,-0.017582686428283867,-0.017582686428283867,-0.018082686428283867,-0.017582686428283867,-0.017582686428283867,-0.017582686428283867,-0.017582686428283867,-0.017582686428283867,0.0,-0.017582686428283867,-0.017582686428283867
2024-07-01,0.00447882294342049,0.004611582501564682,0.004611582501564682,0.004611582501564682,0.004611582501564681,0.004611582501564682,0.004611582501564682,0.004611582501564681,-0.0005,0.0,0.004611582501564682,0.004611582501564682
2024-07-02,0.011941802913224655,0.012295777271718489,0.012295777271718489,-0.0005,0.012295777271718487,0.012295777271718489,0.012295777271718489,0.012295777271718489,0.0,0.0,0.012295777271718489,0.012295777271718489
2024-07-03,0.0030409320889192423,0.003131070235832256,0.003131070235832256,-0.003631070235832256,0.003131070235832256,0.003131070235832256,0.003131070235832256,0.003131070235832256,0.002631070235832256,0.0,0.003131070235832256,0.003131070235832256
2024-07-05,0.024983183979220135,0.02572372597161765,0.02572372597161765,-0.02572372597161765,0.02572372597161765,0.02572372597161765,0.02572372597161765,0.02572372597161765,0.02572372597161765,0.0,0.02572372597161765,0.02572372597161765
2024-07-08,-0.00800007325268838,-0.008237208366883575,-0.008237208366883575,0.008237208366883575,-0.008237208366883575,-0.008237208366883575,-0.008237208366883575,-0.008237208366883575,-0.008237208366883575,0.0,-0.008237208366883575,-0.008237208366883575
2024-07-09,-0.0002568361273091294,-0.00026444916564705157,-0.00026444916564705157,0.00026444916564705157,-0.00026444916564705157,-0.00026444916564705157,-0.00026444916564705157,-0.00026444916564705157,-0.00026444916564705157,0.0,-0.00026444916564705157,-0.00026444916564705157
2024-07-10,0.01130622859228081,0.011641363499632629,0.011641363499632629,-0.0005,0.011641363499632627,0.011641363499632629,0.011641363499632629,0.011641363499632629,0.011641363499632629,0.0,0.011641363499632629,0.011641363499632629
2024-07-11,-0.028499251059670678,-0.029344014968831322,-0.029344014968831322,-0.029844014968831323,-0.029344014968831322,-0.029344014968831322,-0.029344014968831322,-0.029344014968831322,-0.029344014968831322,0.0,-0.029344014968831322,-0.029344014968831322
2024-07-12,-0.0026166512945326403,-0.002694213072273799,-0.002694213072273799,-0.002694213072273799,-0.0026942130722737985,-0.002694213072273799,-0.002694213072273799,-0.002694213072273799,-0.0005,0.0,-0.002694213072273799,-0.002694213072273799
2024-07-15,0.00766160176352266,0.00788870403518005,0.00788870403518005,0.00788870403518005,0.007888704035180048,0.00788870403518005,0.00788870403518005,0.00788870403518005,0.0,0.0,0.00788870403518005,0.00788870403518005
2024-07-16,-0.013589399182749307,-0.013992210960249274,-0.013992210960249272,-0.013992210960249274,-0.013992210960249274,-0.013992210960249274,-0.013992210960249274,-0.013992210960249274,0.0,0.0,-0.013992210960249274,-0.013992210960249274
2024-07-17,-0.01531378403550235,-0.015767709369848393,-0.015767709369848393,-0.015767709369848393,-0.015767709369848393,-0.015767709369848393,-0.015767709369848393,-0.015767709369848393,0.0,0.0,-0.015767709369848393,-0.015767709369848393
2024-07-18,-0.017866253656760478,-0.018395838320214963,-0.01839583832021496,0.017395838320214962,-0.018395838320214963,-0.018395838320214963,-0.018395838320214963,-0.01839583832021496,0.0,0.0,-0.018395838320214963,-0.018395838320214963
2024-07-19,-0.00020488850620996812,-0.00016891675553831753,-0.0001689167555383175,-0.0011689167555383176,-0.00016891675553831753,-0.00016891675553831753,-0.00016891675553831753,-0.00016891675553831759,0.0,0.0,-0.00016891675553831753,-0.00016891675553831753
2024-07-22,0.01913760588233439,0.0225712469651298,0.022571246965129795,0.0225712469651298,0.0225712469651298,0.0225712469651298,0.0225712469651298,0.0225712469651298,0.0,0.0,0.0225712469651298,0.0225712469651298
2024-07-23,0.0005599720718900522,0.0006604414369235645,0.0006604414369235644,0.0006604414369235645,0.0006604414369235645,0.0006604414369235645,0.0006604414369235645,0.0006604414369235645,0.00016044143692356449,0.0,-0.0005,0.0006604414369235645
2024-07-24,-0.042722347362404677,-0.05038752805213864,-0.05038752805213864,-0.05038752805213864,-0.05038752805213864,-0.05038752805213864,-0.05038752805213864,-0.05038752805213864,-0.05038752805213864,0.0,0.0,-0.05038752805213864
2024-07-25,-0.02117530308837665,-0.030991238465776227,-0.030991238465776227,-0.030991238465776227,-0.030991238465776227,-0.030991238465776227,-0.030991238465776227,-0.030991238465776227,-0.0005,-0.03149123846577623,0.0,-0.030991238465776227
2024-07-26,-0.0011391202441022265,-0.0016737783940937723,-0.001673778394093772,-0.0016737783940937723,-0.0016737783940937723,-0.0016737783940937723,-0.0016737783940937723,-0.0016737783940937723,0.0,-0.0016737783940937723,0.0,-0.0016737783940937723
2024-07-29,0.010310252264658306,0.015149478351903278,0.015149478351903278,0.015149478351903278,0.015149478351903278,0.015149478351903278,0.015149478351903278,0.015149478351903278,0.0,0.015149478351903278,0.0,0.015149478351903278
2024-07-30,0.0030509596568557376,0.004482959881835447,0.004482959881835447,0.004482959881835447,0.004482959881835447,0.004482959881835447,0.004482959881835447,0.004482959881835447,0.003982959881835446,0.004482959881835447,0.0,0.004482959881835447
2024-07-31,0.00499564509461326,0.007340404024260172,0.007340404024260172,0.007340404024260172,0.007340404024260172,0.007340404024260172,0.007340404024260172,0.007340404024260172,0.007340404024260172,0.007340404024260172,0.0,0.007340404024260172
2024-08-01,-0.003094577414524898,-0.0045470500959839955,-0.0045470500959839955,-0.0045470500959839955,-0.0045470500959839955,-0.0045470500959839955,-0.0045470500959839955,-0.0045470500959839955,-0.0045470500959839955,-0.0045470500959839955,0.0,-0.0045470500959839955
2024-08-02,-0.01634061373834655,-0.024010253845529794,-0.024010253845529794,-0.024010253845529794,-0.024010253845529794,-0.024010253845529794,-0.024010253845529794,-0.024010253845529794,-0.0005,-0.024010253845529794,0.0,-0.024010253845529794
2024-08-05,-0.030259337448655842,-0.04446187793025258,-0.04446187793025258,-0.04446187793025258,-0.04446187793025258,-0.04446187793025258,-0.04446187793025258,-0.04446187793025257,0.0,-0.04446187793025258,0.0,-0.04446187793025258
2024-08-06,-0.004102564420037513,-0.006028146477239149,-0.006028146477239149,-0.006028146477239149,-0.006028146477239149,-0.006028146477239149,-0.006028146477239149,-0.006028146477239149,0.0,-0.006028146477239149,0.0,-0.006028146477239149
2024-08-07,0.002794646434971192,0.004106343334871143,0.004106343334871143,0.004106343334871143,0.004106343334871143,0.004106343334871143,0.004106343334871143,0.004106343334871143,0.0,0.004106343334871143,0.0,0.004106343334871143
2024-08-08,0.013231147256518482,0.019441326340826848,0.019441326340826848,0.019441326340826848,0.019441326340826848,0.019441326340826848,0.019441326340826848,0.019441326340826848,0.0,0.019441326340826848,0.0,0.019441326340826848
2024-08-09,0.006888449723638709,0.01012161655095034,0.01012161655095034,0.01012161655095034,0.01012161655095034,0.01012161655095034,0.01012161655095034,0.01012161655095034,0.00962161655095034,0.01012161655095034,0.0,0.01012161655095034
2024-08-12,-0.005738299917438396,-0.008431631752983337,-0.008431631752983337,-0.008431631752983337,-0.008431631752983337,-0.008431631752983337,-0.008431631752983337,-0.008431631752983337,-0.008431631752983337,-0.008431631752983337,0.0,-0.008431631752983337
2024-08-13,0.007841929690436804,0.011522622437634134,0.011522622437634134,0.011522622437634134,0.011522622437634134,0.011522622437634134,0.011522622437634134,0.011522622437634134,0.011522622437634134,0.011522622437634134,0.0,0.011522622437634134
2024-08-14,-0.015712440540055717,-0.023087240904190454,-0.02308724090419045,-0.023087240904190454,-0.023087240904190454,0.022087240904190453,-0.023087240904190454,-0.023087240904190454,-0.023087240904190454,-0.023087240904190454,0.0,-0.023087240904190454
2024-08-15,0.0036502272220122,0.005799173869651009,0.005799173869651009,0.005799173869651009,-0.006799173869651009,-0.005799173869651009,0.005799173869651009,0.005799173869651009,-0.0005,0.005799173869651009,-0.006299173869651009,0.005799173869651009
2024-08-16,0.006504416857275182,0.01029134976385282,0.01029134976385282,0.01029134976385282,0.009291349763852819,-0.01029134976385282,0.01029134976385282,0.01029134976385282,0.009791349763852819,0.01029134976385282,-0.0005,0.01029134976385282
2024-08-19,0.014361375714611905,0.02276630871646046,0.022766308716460456,0.02276630871646046,0.02276630871646046,-0.02276630871646046,0.02276630871646046,0.02276630871646046,0.02276630871646046,0.02276630871646046,0.0,0.02276630871646046
2024-08-20,0.0018411235563976492,0.0030597897079582825,0.0030597897079582825,0.0030597897079582825,0.0030597897079582825,-0.0030597897079582825,0.0030597897079582825,0.0030597897079582825,0.0030597897079582825,0.0030597897079582825,0.0,0.0030597897079582825
2024-08-21,-0.005016345601237693,-0.007955411800056877,-0.007955411800056877,-0.007955411800056877,-0.007955411800056877,0.007955411800056877,-0.007955411800056877,-0.007955411800056877,-0.007955411800056877,-0.007955411800056877,0.0,-0.007955411800056877
2024-08-22,-0.007778581147181508,-0.012360399770887764,-0.012360399770887764,-0.012360399770887764,0.011360399770887764,0.012360399770887764,-0.012360399770887764,-0.012360399770887764,-0.012360399770887764,-0.012360399770887764,0.0,-0.012360399770887764
2024-08-23,0.008112571968388634,0.011110840964683177,0.011110840964683177,0.011110840964683177,-0.011110840964683177,-0.011110840964683177,0.011110840964683177,0.011110840964683177,-0.0005,0.011110840964683177,0.0,0.011110840964683177
2024-08-26,0.002533837044454265,0.003260601434274646,0.0032606014342746454,0.003260601434274646,0.002260601434274646,-0.003260601434274646,0.003260601434274646,0.003260601434274646,0.002760601434274646,0.003260601434274646,0.0,0.003260601434274646
2024-08-27,-0.006983361648366155,-0.008907066622037663,-0.008907066622037663,-0.008907066622037663,-0.008907066622037663,0.008907066622037663,-0.008907066622037663,-0.008907066622037663,-0.008907066622037663,-0.008907066622037663,0.0,-0.008907066622037663
2024-08-28,-0.008877767842697459,-0.011112254395190702,-0.011112254395190702,-0.011112254395190702,0.0101122543951907,0.011112254395190702,-0.011112254395190702,-0.011112254395190702,-0.0005,-0.011112254395190702,-0.011612254395190702,-0.011112254395190702
2024-08-29,-0.0052198637408875665,-0.006570655102499989,-0.006570655102499988,-0.006570655102499989,0.006570655102499989,0.006570655102499989,-0.006570655102499989,-0.006570655102499989,0.0,-0.006570655102499989,-0.0005,-0.006570655102499989
2024-08-30,0.00791039969688332,0.00989004388055914,0.00989004388055914,0.00989004388055914,-0.00989004388055914,-0.00989004388055914,0.00989004388055914,0.00989004388055914,0.0,0.00989004388055914,0.0,0.00989004388055914
2024-09-03,-0.029068658906468738,-0.036846712915835966,-0.036846712915835966,-0.036846712915835966,-0.03784671291583597,0.036846712915835966,-0.036846712915835966,-0.036846712915835966,-0.03734671291583597,-0.036846712915835966,0.0,-0.036846712915835966
2024-09-04,-0.004294219621477406,-0.005782778401254296,-0.005782778401254296,-0.005782778401254296,0.004782778401254296,0.005782778401254296,-0.005782778401254296,-0.005782778401254296,-0.0005,-0.005782778401254296,0.0,-0.005782778401254296
2024-09-05,0.004416470828271372,0.00504940953771893,0.00504940953771893,0.00504940953771893,-0.00504940953771893,-0.00504940953771893,0.00504940953771893,0.00504940953771893,0.0,0.00504940953771893,0.0,0.00504940953771893
2024-09-06,-0.03575828613048718,-0.0401933066700072,-0.0401933066700072,-0.0401933066700072,-0.0411933066700072,0.0401933066700072,-0.0401933066700072,-0.0401933066700072,0.0,-0.0401933066700072,0.0396933066700072,-0.0401933066700072
2024-09-09,-0.010199871992047915,-0.0005,-0.013335998638004831,-0.013335998638004831,0.01233599863800483,0.013335998638004831,-0.0005,-0.013335998638004831,0.0,-0.013335998638004831,0.013335998638004831,-0.013335998638004831
2024-09-10,-0.0002802482357125047,0.0,-0.00033622053423543186,-0.00033622053423543186,0.00033622053423543186,0.00033622053423543186,0.0,-0.00033622053423543186,0.0,-0.00033622053423543186,0.00033622053423543186,-0.00033622053423543186
2024-09-11,0.01352356520697954,0.0,0.016816887418312998,0.016816887418312998,-0.016816887418312998,-0.016816887418312998,0.0,0.016816887418312998,0.0,0.016816887418312998,-0.016816887418312998,0.016816887418312998
2024-09-12,0.018046677711546,0.0,0.023352580227732123,0.023352580227732123,-0.023352580227732123,-0.023352580227732123,0.0,0.023352580227732123,0.0,0.023352580227732123,-0.023352580227732123,0.023352580227732123
2024-09-13,0.013245454310545322,0.0,0.017906910787378605,0.017906910787378605,-0.017906910787378605,-0.017906910787378605,0.0,0.017906910787378605,0.017406910787378604,0.017906910787378605,-0.017906910787378605,0.017906910787378605
2024-09-16,0.0020865720473283653,0.0033104425748302084,0.0038104425748302084,0.0038104425748302084,-0.0038104425748302084,-0.0038104425748302084,0.0,0.0038104425748302084,0.0038104425748302084,0.0038104425748302084,-0.0038104425748302084,0.0038104425748302084
2024-09-17,0.004543738528147316,0.007971729133559702,0.007971729133559702,0.007971729133559702,-0.007971729133559702,-0.007971729133559702,0.007471729133559701,0.007971729133559702,0.007971729133559702,0.007971729133559702,-0.0005,0.007971729133559702
2024-09-18,0.0017529523031869483,0.0030754544651920845,0.0030754544651920845,0.0030754544651920845,-0.0030754544651920845,-0.0030754544651920845,0.0030754544651920845,0.0030754544651920845,0.0030754544651920845,0.0030754544651920845,0.0,0.0030754544651920845
2024-09-19,0.008310250116519074,0.014579858094967202,0.014579858094967202,0.014579858094967202,-0.014579858094967202,-0.014579858094967202,0.014579858094967202,0.014579858094967202,0.014579858094967202,0.014579858094967202,0.0,0.014579858094967202
2024-09-20,0.005097324350902941,0.00894296376861825,0.00894296376861825,-0.0005,-0.00894296376861825,-0.00894296376861825,0.00894296376861825,0.00894296376861825,0.00894296376861825,0.00894296376861825,0.0,0.00894296376861825
2024-09-23,-0.00606250765611356,-0.010636322624043015,-0.010636322624043015,-0.011136322624043016,0.010636322624043015,0.010636322624043015,-0.010636322624043015,-0.010636322624043014,-0.010636322624043015,-0.010636322624043015,0.0,-0.010636322624043015
2024-09-24,0.001549523611213984,0.0027185504707485375,0.0027185504707485375,-0.0005,-0.0027185504707485375,-0.0027185504707485375,0.0027185504707485375,0.0027185504707485375,-0.0005,0.0027185504707485375,0.0,0.0027185504707485375
2024-09-25,-0.002809657795165257,-0.004929383757956818,-0.004929383757956818,-0.005429383757956818,0.004929383757956818,0.004929383757956818,-0.004929383757956818,-0.004929383757956818,0.0,-0.004929383757956818,-0.005429383757956818,-0.004929383757956818
2024-09-26,0.004376554083584294,0.0076784135963330336,0.0076784135963330336,-0.0005,-0.0076784135963330336,-0.0076784135963330336,0.0076784135963330336,0.0076784135963330336,0.0,0.0076784135963330336,0.0076784135963330336,0.0076784135963330336
2024-09-27,0.00427317515004965,0.007497041175550168,0.007497041175550168,0.006997041175550167,-0.007497041175550168,-0.007497041175550168,0.007497041175550168,0.007497041175550168,0.006997041175550167,0.007497041175550168,0.007497041175550168,0.007497041175550168
2024-09-30,0.006605480658803024,0.011588937673844502,0.011588937673844502,0.011588937673844502,-0.011588937673844502,-0.011588937673844502,0.011588937673844502,0.011588937673844502,0.011588937673844502,0.011588937673844502,0.011588937673844502,0.011588937673844502
2024-10-01,0.003917884278564276,0.006873703680762011,0.00687370368076201,-0.0005,-0.006873703680762011,-0.006873703680762011,0.006873703680762011,0.006873703680762011,0.006873703680762011,0.006873703680762011,0.006873703680762011,0.006873703680762011
2024-10-02,-0.0038570159980018093,-0.006766913767023874,-0.006766913767023874,0.0,0.006766913767023874,0.006766913767023874,-0.006766913767023874,-0.006766913767023874,-0.006766913767023874,-0.006766913767023874,-0.006766913767023874,-0.006766913767023874
2024-10-03,-6.14348225062103e-05,0.0,0.0,0.0,0.0,0.0,0.0,0.0,-0.0005,0.0,0.0,0.0
2024-10-04,0.005012726092518116,0.0072349245093621395,0.0072349245093621395,-0.00773492450936214,-0.0072349245093621395,-0.0072349245093621395,0.0072349245093621395,0.0072349245093621395,0.0,0.0072349245093621395,0.0072349245093621395,0.0072349245093621395
2024-10-07,-0.016921000506776494,-0.024422272238678877,-0.024422272238678877,-0.0005,0.024422272238678874,0.024422272238678877,-0.024422272238678877,-0.024422272238678877,-0.024922272238678878,-0.024422272238678877,-0.024422272238678877,-0.024422272238678877
2024-10-08,0.007128305564261078,0.008590089089314912,0.008590089089314912,0.0,-0.008590089089314912,-0.008590089089314912,0.008590089089314912,0.008590089089314912,-0.0005,0.008590089089314912,0.008590089089314912,0.008590089089314912
2024-10-09,-0.0128513758511309,-0.0153303768373938,-0.0153303768373938,0.0,0.0153303768373938,0.0153303768373938,-0.0153303768373938,-0.0153303768373938,0.0,-0.0153303768373938,-0.0153303768373938,-0.0153303768373938
2024-10-10,0.0011394428100611345,0.0013592387200596079,0.0013592387200596079,0.0008592387200596079,-0.0013592387200596079,-0.0013592387200596079,-0.0005,0.0013592387200596079,0.0,0.0013592387200596079,-0.0005,0.0013592387200596079
2024-10-11,0.005999628270548659,0.0071569428314322,0.0071569428314321995,-0.008156942831432201,-0.0071569428314322,-0.0071569428314322,0.0,0.0071569428314322,0.0,0.0071569428314322,0.0,0.0071569428314322
2024-10-14,0.009774646006140064,0.01053664770017404,0.01053664770017404,-0.0005,-0.01053664770017404,-0.01053664770017404,0.01003664770017404,0.01053664770017404,0.01003664770017404,0.01053664770017404,0.0,0.01053664770017404
2024-10-15,0.002825383081638228,0.003031091753430859,0.0030310917534308586,0.0,0.002031091753430859,-0.003031091753430859,0.003031091753430859,0.003031091753430859,0.003031091753430859,0.003031091753430859,0.0,0.003031091753430859
2024-10-16,-0.0016901415835667397,-0.0018131963234908621,-0.001813196323490862,-0.002313196323490862,-0.0018131963234908621,0.0018131963234908621,-0.0018131963234908621,-0.0018131963234908621,-0.0018131963234908621,-0.0018131963234908621,0.0,-0.0018131963234908621
2024-10-17,-0.012585857478906405,-0.013502200484632909,-0.013502200484632907,-0.013502200484632909,-0.013502200484632907,0.013502200484632909,-0.013502200484632909,-0.013502200484632909,-0.0005,-0.013502200484632909,0.0,-0.013502200484632909
2024-10-18,0.00280348140361689,0.0030075954721413556,0.0030075954721413556,-0.004007595472141356,0.003007595472141355,-0.0030075954721413556,-0.0005,0.0030075954721413556,0.0,0.0030075954721413556,0.0025075954721413556,0.0030075954721413556
2024-10-21,0.0037074968642536407,0.003977429908228247,0.003977429908228247,-0.0005,0.003977429908228246,-0.003977429908228247,0.0,0.003977429908228247,0.0,0.003977429908228247,0.003977429908228247,0.003977429908228247
2024-10-22,0.006078896800869127,0.006521485204189714,0.006521485204189714,-0.007021485204189715,0.006521485204189714,-0.006521485204189714,0.006021485204189714,0.006521485204189714,0.006021485204189714,0.006521485204189714,0.006521485204189714,0.006521485204189714
2024-10-23,-0.013320934718439823,-0.014290796754414692,-0.014290796754414692,-0.0005,-0.014290796754414692,0.014290796754414692,-0.014290796754414692,-0.014290796754414692,-0.014290796754414692,-0.014290796754414692,-0.014290796754414692,-0.014290796754414692
2024-10-24,-0.0003436463915782973,-0.0003686663767397125,-0.0003686663767397125,0.0,-0.0003686663767397125,0.0003686663767397125,-0.0005,-0.0003686663767397125,-0.0005,-0.0003686663767397125,-0.0006313336232602875,-0.0003686663767397125
2024-10-25,0.014607718994457243,0.01567126839128008,0.015671268391280076,0.0,0.015671268391280076,-0.01567126839128008,0.0,0.01567126839128008,0.0,0.01567126839128008,-0.01567126839128008,0.01567126839128008
2024-10-28,0.00817790384324431,0.008773315399494663,0.008773315399494663,0.0,0.008773315399494663,-0.008773315399494663,0.008273315399494663,0.008773315399494663,0.008273315399494663,0.008773315399494663,-0.008773315399494663,0.008773315399494663
2024-10-29,0.01654951550574399,0.017754441972396506,0.017754441972396506,0.017254441972396506,0.017754441972396506,-0.017754441972396506,0.017754441972396506,0.017754441972396506,0.017754441972396506,0.017754441972396506,-0.0005,0.017754441972396506
2024-10-30,0.02625878608321534,0.028170618869066466,0.028170618869066466,-0.0005,0.028170618869066466,-0.028170618869066466,0.028170618869066466,0.028170618869066466,0.028170618869066466,-0.0005,0.027670618869066466,0.028170618869066466
2024-10-31,-0.014973284639233612,-0.01920203897885231,-0.01920203897885231,0.0,-0.01920203897885231,0.01920203897885231,-0.01920203897885231,-0.019202038978852306,-0.01920203897885231,0.0,-0.01920203897885231,-0.01920203897885231
2024-11-01,0.0008159516963932657,0.001051887460875145,0.0010518874608751447,0.0005518874608751449,0.0010518874608751447,-0.001051887460875145,0.001051887460875145,0.001051887460875145,-0.0005,0.0,0.001051887460875145,0.001051887460875145
2024-11-04,-0.009283632800178887,-0.011968033128729183,-0.011968033128729183,-0.011968033128729183,-0.011968033128729181,0.011968033128729183,-0.011968033128729183,-0.011968033128729183,0.0,0.0,-0.011968033128729183,-0.011968033128729183
2024-11-05,0.0022918345954432502,0.002954527926104955,0.002954527926104955,-0.0005,0.0029545279261049546,-0.002954527926104955,0.002954527926104955,0.002954527926104955,0.0,0.0,0.002954527926104955,0.002954527926104955
2024-11-06,0.03093837950638554,0.03988433825974713,0.03988433825974713,0.0,0.03988433825974713,-0.03988433825974713,0.03988433825974713,0.03988433825974713,0.03938433825974713,0.0,0.03988433825974713,0.03988433825974713
2024-11-07,0.015691179088710292,0.024021360517632928,0.024021360517632925,0.0,0.024021360517632928,-0.024021360517632928,0.024021360517632928,0.024021360517632928,0.024021360517632928,0.0,0.024021360517632928,0.024021360517632928
2024-11-08,-0.008706536696931765,-0.013277922918229046,-0.013277922918229044,0.012777922918229045,-0.013277922918229046,0.013277922918229046,-0.013277922918229046,-0.013277922918229046,-0.013277922918229046,0.0,-0.013277922918229046,-0.013277922918229046
2024-11-11,0.0073530902982896305,0.011213846514409598,0.011213846514409598,-0.0005,0.011213846514409596,0.010213846514409597,0.011213846514409598,0.011213846514409598,-0.0005,0.0,0.011213846514409598,0.011213846514409598
2024-11-12,0.00461748703013019,0.00704190874008459,0.0070419087400845895,0.00654190874008459,0.00704190874008459,0.00704190874008459,0.00704190874008459,0.00704190874008459,0.00654190874008459,0.0,0.00704190874008459,0.00704190874008459
2024-11-13,-0.009541377871551618,-0.015086435583868352,-0.015086435583868352,0.01408643558386835,-0.015086435583868352,-0.015086435583868352,-0.015086435583868352,-0.015086435583868352,-0.015086435583868352,0.0,-0.015086435583868352,-0.015086435583868352
2024-11-14,-0.011207970455410218,-0.01844814099561709,-0.01844814099561709,-0.0005,-0.01844814099561709,-0.01844814099561709,-0.01844814099561709,-0.01844814099561709,-0.0005,0.0,-0.01844814099561709,-0.01844814099561709
2024-11-15,-0.01022841060948199,-0.017598868349315455,-0.017598868349315455,-0.018098868349315456,-0.017598868349315455,-0.017598868349315455,-0.017598868349315455,-0.017598868349315455,0.0,0.0,-0.017598868349315455,-0.017598868349315455
2024-11-18,0.009319494604993052,0.016290750579580626,0.016290750579580626,0.016290750579580626,0.016290750579580626,0.016290750579580626,-0.0005,0.016290750579580626,0.0,0.0,0.016290750579580626,0.016290750579580626
2024-11-19,0.009060255815439015,0.01608673051684506,0.01608673051684506,-0.0005,0.01608673051684506,0.01608673051684506,0.01558673051684506,0.01608673051684506,0.01558673051684506,0.0,-0.0005,0.01608673051684506
2024-11-20,-0.006684151513405552,-0.012014321870336797,-0.012014321870336797,0.0,-0.012014321870336797,-0.012014321870336797,-0.012014321870336797,-0.012014321870336797,-0.012014321870336797,0.0,0.0,-0.012014321870336797
2024-11-21,-0.025865974325468704,-0.047448486971818804,-0.0474484869718188,0.0,-0.047448486971818804,-0.047448486971818804,-0.047448486971818804,-0.047448486971818804,-0.0005,0.0,0.0,-0.047448486971818804
2024-11-22,-0.008020976784903322,-0.017121148398889785,-0.017121148398889785,-0.017621148398889785,-0.017121148398889785,-0.017121148398889785,-0.0005,-0.017121148398889785,0.0,0.0,0.0,-0.017121148398889785
2024-11-25,0.008011668372179103,0.017540644975366115,0.017540644975366115,-0.018540644975366116,0.017540644975366115,0.017540644975366115,0.0,0.017540644975366115,0.0,0.0,0.0,0.017540644975366115
2024-11-26,0.003992637499908127,0.008768209741637056,0.008768209741637055,-0.008768209741637056,0.008768209741637056,0.008768209741637056,0.0,0.008768209741637056,0.008268209741637056,0.0,0.0,0.008768209741637056
2024-11-27,0.0002962202099517842,0.0006503992696060834,0.0006503992696060833,-0.0006503992696060834,0.0006503992696060834,0.0006503992696060834,0.0,0.0006503992696060834,0.0006503992696060834,0.0,-0.0011503992696060834,0.0006503992696060834
2024-11-29,-0.0007710278984324989,-0.0016545681925461686,-0.0016545681925461686,-0.0005,-0.0016545681925461686,-0.0016545681925461686,0.0,-0.0016545681925461686,-0.0016545681925461686,0.0,0.0016545681925461686,-0.0016545681925461686
2024-12-02,0.007332553152142489,0.01503422417626199,0.01503422417626199,-0.01553422417626199,0.015034224176261988,0.01503422417626199,0.0,0.01503422417626199,0.01503422417626199,0.0,-0.01503422417626199,0.01503422417626199
2024-12-03,-0.00043223296610896676,-0.0008748543662978614,-0.0008748543662978614,0.0008748543662978614,-0.0008748543662978613,-0.0008748543662978614,-0.0013748543662978614,-0.0008748543662978614,-0.0008748543662978614,0.0,0.0008748543662978614,-0.0008748543662978614
2024-12-04,0.00870143838611875,0.017684395395760166,0.017684395395760166,-0.017684395395760166,0.017684395395760163,0.017684395395760166,0.017684395395760166,0.017684395395760166,0.017684395395760166,0.0,-0.017684395395760166,0.017684395395760166
2024-12-05,-0.004845696714916627,-0.009921601899125387,-0.009921601899125387,-0.010921601899125388,-0.009921601899125386,-0.009921601899125387,-0.009921601899125387,-0.009921601899125387,-0.009921601899125387,0.0,-0.0005,-0.009921601899125387
2024-12-06,0.005804231400685471,0.011990257293309714,0.011990257293309714,0.011990257293309714,0.011990257293309714,0.011990257293309714,0.011990257293309714,0.011990257293309714,-0.0005,0.0,0.0,0.011990257293309714
2024-12-09,0.002621217230243171,0.004928163289916521,0.004928163289916521,-0.0005,0.00492816328991652,0.004928163289916521,0.004928163289916521,0.004928163289916521,0.00442816328991652,0.0,0.0,0.004928163289916521
2024-12-10,0.031533064028676575,0.055881794717724365,0.055881794717724365,0.055381794717724364,0.05588179471772436,0.055881794717724365,0.055881794717724365,0.055881794717724365,0.055881794717724365,0.0,0.0,0.055881794717724365
2024-12-11,0.025277060815975548,0.055246476525285804,0.055246476525285804,-0.0005,0.0552464765252858,-0.056246476525285805,0.055246476525285804,0.055246476525285804,0.055246476525285804,0.0,0.0,0.055246476525285804
2024-12-12,-0.007074880531994156,-0.017604881439123976,-0.017604881439123976,0.0,-0.017604881439123976,0.017604881439123976,-0.017604881439123976,-0.017604881439123973,-0.017604881439123976,0.0,-0.018104881439123977,-0.017604881439123976
2024-12-13,-0.004380766596497713,-0.011148131806175021,-0.011148131806175021,0.01064813180617502,-0.011148131806175021,0.011148131806175021,-0.011148131806175021,-0.011148131806175021,-0.011148131806175021,0.0,-0.011148131806175021,-0.011148131806175021
2024-12-16,0.01422506419315979,0.03603413674414191,0.03603413674414191,0.03503413674414191,0.0360341367441419,-0.03603413674414191,0.03603413674414191,0.03603413674414191,-0.0005,0.0,0.03603413674414191,0.03603413674414191
2024-12-17,-0.0024434403733706042,-0.006305346687214719,-0.006305346687214719,0.005305346687214719,-0.006305346687214719,-0.007305346687214719,-0.006305346687214719,-0.006305346687214718,-0.0068053466872147195,0.0,-0.006305346687214719,-0.006305346687214719
2024-12-18,-0.014144171016715681,-0.03592253615204055,-0.035922536152040545,0.03592253615204055,-0.035922536152040545,-0.03592253615204055,-0.03592253615204055,-0.03592253615204055,-0.0005,0.0,-0.03592253615204055,-0.03592253615204055
2024-12-19,0.00020367365763520074,0.00058374183728227,0.0005837418372822699,-0.00041625816271773,0.0005837418372822699,0.00058374183728227,0.00058374183728227,0.00058374183728227,0.0,0.0,0.00058374183728227,0.00058374183728227
2024-12-20,0.005717347186145244,0.015383811729164698,0.015383811729164698,0.015383811729164698,0.015383811729164696,0.015383811729164698,0.015383811729164698,0.015383811729164698,0.0,0.0,0.015383811729164698,0.015383811729164698
2024-12-23,0.0062795655777561936,0.016822655929964014,0.016822655929964014,0.016822655929964014,0.016822655929964014,0.016822655929964014,0.016822655929964014,0.016822655929964014,0.016322655929964014,0.0,0.016822655929964014,0.016822655929964014
2024-12-24,0.0031759384097637127,0.0076042271275227336,0.0076042271275227336,0.0076042271275227336,0.0076042271275227336,0.0076042271275227336,0.0076042271275227336,0.0076042271275227336,0.0076042271275227336,0.0,-0.0005,0.0076042271275227336
2024-12-26,-0.0011371532341547194,-0.002600605295770997,-0.002600605295770997,-0.002600605295770997,-0.002600605295770997,-0.002600605295770997,-0.002600605295770997,-0.002600605295770997,-0.002600605295770997,0.0,0.0,-0.002600605295770997
2024-12-27,-0.006301752620182655,-0.014519494033790936,-0.014519494033790936,-0.014519494033790936,-0.014519494033790936,-0.014519494033790936,-0.014519494033790936,-0.014519494033790936,-0.014519494033790936,0.0,-0.015019494033790937,-0.014519494033790936
2024-12-30,-0.0033465663321022216,-0.007885444183170942,-0.007885444183170942,-0.007885444183170942,-0.00788544418317094,-0.007885444183170942,-0.007885444183170942,-0.00788544418317094,-0.0005,0.0,-0.007885444183170942,-0.007885444183170942
2024-12-31,-0.004264159742344841,-0.010144304026104667,-0.010144304026104667,0.009144304026104666,-0.010144304026104665,-0.010144304026104667,-0.010144304026104667,-0.010144304026104667,0.0,0.0,-0.010144304026104667,-0.010144304026104667
2025-01-02,0.0002836586142695082,0.0006867072835456955,0.0006867072835456955,-0.0006867072835456955,0.0006867072835456954,0.0006867072835456955,0.0006867072835456955,0.0006867072835456955,0.0,0.0,0.0006867072835456955,0.0006867072835456955
2025-01-03,0.005200670127358482,0.012458321788103577,0.012458321788103577,0.011458321788103576,0.012458321788103575,0.012458321788103577,0.012458321788103577,0.012458321788103577,0.0,0.0,-0.0005,0.012458321788103577
2025-01-06,0.011052262832486772,0.026487387312599475,0.026487387312599475,-0.027487387312599476,0.026487387312599475,0.026487387312599475,0.026487387312599475,0.026487387312599475,0.025987387312599475,0.0,0.0,0.026487387312599475
2025-01-07,-0.002887916547373324,-0.007009643606654015,-0.007009643606654014,-0.008009643606654016,-0.007009643606654015,-0.007009643606654015,-0.007009643606654015,-0.007009643606654015,-0.007009643606654015,0.0,0.0,-0.007009643606654015
2025-01-08,-0.0032563534025106824,-0.00787763858052326,-0.00787763858052326,-0.00787763858052326,-0.007877638580523259,-0.00787763858052326,-0.00787763858052326,-0.00787763858052326,-0.0005,0.0,0.0,-0.00787763858052326
2025-01-10,-0.004042872207185008,-0.009848029152538795,-0.009848029152538795,-0.009848029152538795,-0.009848029152538794,-0.009848029152538795,-0.009848029152538795,-0.009848029152538795,0.0,0.0,-0.010348029152538796,-0.009848029152538795
2025-01-13,-0.0021807497174568817,-0.005363359841829229,-0.005363359841829229,-0.005363359841829229,-0.0053633598418292286,-0.005363359841829229,-0.005363359841829229,-0.005363359841829229,0.0,0.0,-0.005363359841829229,-0.005363359841829229
2025-01-14,-0.003347679930422053,-0.007067621607570906,-0.007067621607570906,-0.007067621607570906,-0.0070676216075709055,-0.007067621607570906,-0.007067621607570906,-0.007067621607570906,0.0,0.0,-0.007067621607570906,-0.007067621607570906
2025-01-15,0.018258343228471908,0.031055544475872,0.031055544475872,-0.032055544475872,0.031055544475871995,0.031055544475872,-0.0005,0.031055544475872,0.0,0.0,0.031055544475872,0.031055544475872
2025-01-16,-0.007508320378693562,-0.013500301004590542,-0.013500301004590542,-0.014500301004590543,-0.013500301004590542,-0.013500301004590542,-0.014000301004590543,-0.013500301004590542,-0.014000301004590543,0.0,-0.0005,-0.013500301004590542
2025-01-17,0.008838619163482745,0.01601767054733849,0.01601767054733849,-0.017017670547338493,0.01601767054733849,0.01601767054733849,0.01601767054733849,0.01601767054733849,-0.0005,0.0,0.0,0.01601767054733849
2025-01-21,0.00632659385503844,0.01045936270768788,0.01045936270768788,0.00945936270768788,0.01045936270768788,0.01045936270768788,0.01045936270768788,0.01045936270768788,0.00995936270768788,0.0,0.0,0.01045936270768788
2025-01-22,0.0009739460482282771,0.0016156332517940353,0.0016156332517940353,0.0016156332517940353,0.0016156332517940353,0.0016156332517940353,0.0016156332517940353,0.0016156332517940353,0.0016156332517940353,0.0,0.0011156332517940353,0.0016156332517940353
2025-01-23,-0.0014634137332601022,-0.001966004955142875,-0.001966004955142875,-0.001966004955142875,-0.001966004955142875,-0.001966004955142875,-0.001966004955142875,-0.0019660049551428744,-0.0005,0.0,-0.001966004955142875,-0.001966004955142875
2025-01-24,0.00804412144973962,0.011263771170026526,0.011263771170026526,0.011263771170026526,0.011263771170026526,0.011263771170026526,0.011263771170026526,0.011263771170026525,0.0,0.0,0.011263771170026526,0.011263771170026526
2025-01-27,-0.03036676504093414,-0.04195594718246354,-0.04195594718246353,-0.04195594718246354,-0.04195594718246354,-0.04195594718246354,-0.04195594718246354,-0.04195594718246354,-0.04245594718246354,0.0,-0.04195594718246354,-0.04195594718246354
2025-01-28,0.01082847614331101,0.018194992396728837,0.018194992396728837,0.018194992396728837,0.018194992396728837,0.018194992396728837,-0.0005,0.018194992396728837,-0.0005,0.0,0.018194992396728837,0.018194992396728837
2025-01-29,0.00032004364123735255,0.0005633537336027228,0.0005633537336027228,0.0005633537336027228,0.0005633537336027228,0.0005633537336027228,6.335373360272277e-05,0.0005633537336027228,6.335373360272277e-05,0.0,0.0005633537336027228,0.0005633537336027228
2025-01-30,0.016283616609754095,0.027941149690325906,0.027941149690325906,0.027941149690325906,0.027941149690325906,0.027941149690325906,0.027941149690325906,0.027941149690325906,0.027941149690325906,0.0,-0.0005,0.027941149690325906
2025-01-31,0.008738258268536546,0.015681881248466034,0.015681881248466034,-0.016681881248466035,0.015681881248466034,0.015681881248466034,0.015681881248466034,0.015681881248466034,0.015681881248466034,0.0,0.015181881248466034,0.015681881248466034
2025-02-03,-0.0075938301244619505,-0.013675176662884314,-0.013675176662884314,0.013675176662884314,-0.013675176662884314,-0.013675176662884314,-0.013675176662884314,-0.013675176662884314,-0.013675176662884314,0.0,-0.0005,-0.013675176662884314
2025-02-04,0.014077889745936985,0.02559262947637775,0.02559262947637775,0.024592629476377748,0.02559262947637775,0.02559262947637775,0.02559262947637775,0.02559262947637775,-0.0005,0.0,0.025092629476377748,0.02559262947637775
2025-02-05,-0.03861419404660101,-0.07292388979536446,-0.07292388979536446,-0.07292388979536446,-0.07292388979536446,-0.07292388979536446,-0.07292388979536446,-0.07292388979536445,-0.07342388979536446,0.0,-0.07292388979536446,-0.07292388979536446
2025-02-06,0.00047535214831770606,0.0014113527758234934,0.0014113527758234934,0.0014113527758234934,0.0014113527758234934,0.0014113527758234934,-0.0005,0.0014113527758234934,-0.0005,0.0,0.0014113527758234934,0.0014113527758234934
2025-02-07,-0.013057197685376056,-0.032672340039225256,-0.032672340039225256,0.031672340039225255,-0.032672340039225256,-0.032672340039225256,0.0,-0.032672340039225256,-0.03317234003922526,0.0,-0.032672340039225256,-0.032672340039225256
2025-02-10,0.0023318306134225484,0.0060969130358787815,0.0060969130358787815,0.0050969130358787815,0.006096913035878781,0.0060969130358787815,0.0,0.0060969130358787815,-0.0005,0.0,-0.0005,0.0060969130358787815
2025-02-11,-0.0023640891542493067,-0.0061671470072507395,-0.0061671470072507395,0.0051671470072507395,-0.006167147007250739,0.0051671470072507395,0.0,-0.0061671470072507395,0.0,0.0,0.0,-0.0061671470072507395
2025-02-12,-0.0035442205553169476,-0.00922734392620439,-0.00922734392620439,0.00922734392620439,-0.009227343926204388,0.00922734392620439,0.0,-0.00922734392620439,0.0,0.0,0.0,-0.00922734392620439
2025-02-13,0.005281875855818568,0.013779161174015453,0.013779161174015453,-0.013779161174015453,-0.014779161174015454,-0.013779161174015453,0.0,0.013779161174015453,0.0,0.0,0.0,0.013779161174015453
2025-02-14,-0.0018614073747211832,-0.004888721372794058,-0.004888721372794057,-0.005888721372794058,-0.005888721372794057,0.004888721372794058,0.0,-0.004888721372794058,-0.005388721372794059,0.0,0.0,-0.004888721372794058
2025-02-18,-0.0030551044935265836,-0.007881977685450736,-0.007881977685450736,-0.007881977685450736,-0.007881977685450736,0.007881977685450736,0.0,-0.007881977685450736,-0.0005,0.0,0.007381977685450736,-0.007881977685450736
2025-02-19,0.0031602700963194977,0.008162275301012656,0.008162275301012656,-0.009162275301012657,0.008162275301012654,-0.008162275301012656,0.0,0.008162275301012656,0.0,0.0,-0.008162275301012656,0.008162275301012656
2025-02-20,-0.0014837756159737005,-0.0038322626526801074,-0.0038322626526801074,-0.004832262652680107,-0.0038322626526801074,0.0038322626526801074,0.0,-0.003832262652680107,-0.004332262652680108,0.0,0.0038322626526801074,-0.0038322626526801074
2025-02-21,-0.010279493759508217,-0.026549647803162046,-0.026549647803162046,-0.026549647803162046,-0.026549647803162046,0.026549647803162046,0.0,-0.026549647803162046,-0.026549647803162046,0.0,0.026549647803162046,-0.026549647803162046
2025-02-24,-0.0008835743726090839,-0.0005,-0.0022820762334694322,-0.0022820762334694322,-0.0022820762334694322,0.0022820762334694322,0.0,-0.0022820762334694322,-0.0005,0.0,0.0022820762334694322,-0.0022820762334694322
2025-02-25,-0.008272779363516093,0.0,-0.02136675050281145,0.020366750502811448,-0.02136675050281145,0.02136675050281145,0.0,-0.02136675050281145,0.0,0.0,0.02136675050281145,-0.02136675050281145
2025-02-26,-0.0059372668862486015,0.0,-0.015334640832625812,-0.016334640832625813,-0.015334640832625812,0.015334640832625812,0.0,-0.015334640832625812,0.0,-0.015834640832625813,0.015334640832625812,-0.015334640832625812
2025-02-27,-0.009481690919440584,0.0,-0.0244891003758565,-0.0244891003758565,-0.0244891003758565,0.0244891003758565,0.0,-0.0244891003758565,0.0,-0.0244891003758565,0.0244891003758565,-0.0244891003758565
2025-02-28,0.004486325416056347,0.0,0.010563712667962076,0.010563712667962077,0.010563712667962077,-0.010563712667962077,0.0,0.010563712667962077,0.0,0.010563712667962077,-0.010563712667962077,0.010563712667962077
2025-03-03,-0.008191466942357227,0.0,-0.019203738887521693,-0.019203738887521693,-0.019203738887521693,0.019203738887521693,0.0,-0.01920373888752169,0.0,-0.019203738887521693,0.019203738887521693,-0.019203738887521693
2025-03-04,0.009986496333757278,0.0,0.023411932117189282,0.023411932117189282,0.023411932117189282,-0.023411932117189282,0.0,0.023411932117189282,0.0,0.023411932117189282,-0.023411932117189282,0.023411932117189282
2025-03-05,0.005240838128409537,0.0,0.012286405802277798,0.0122864058022778,0.0122864058022778,-0.0122864058022778,0.0,0.0122864058022778,0.0117864058022778,0.0122864058022778,-0.0122864058022778,0.0122864058022778
2025-03-06,-0.0016517140302796426,0.0,-0.003872210579320079,0.002872210579320079,-0.003872210579320079,0.003872210579320079,0.0,-0.003872210579320079,-0.003872210579320079,-0.003872210579320079,0.003872210579320079,-0.003872210579320079
2025-03-07,0.0037371141769378577,0.0,0.008761137089581927,0.007761137089581927,0.008761137089581927,-0.008761137089581927,0.0,0.008761137089581927,0.008761137089581927,0.008761137089581927,-0.008761137089581927,0.008761137089581927
2025-03-10,-0.028534936309874803,0.0,-0.044857887839179655,-0.044857887839179655,-0.044857887839179655,0.044857887839179655,0.0,-0.044857887839179655,-0.044857887839179655,-0.044857887839179655,0.044857887839179655,-0.044857887839179655
2025-03-11,-0.00609069559669011,0.0,-0.011032634407698305,-0.011032634407698305,-0.011032634407698305,0.011032634407698305,0.0,-0.011032634407698305,-0.0005,-0.011032634407698305,-0.0005,-0.011032634407698305
2025-03-12,0.010259201101525546,0.0,0.01871498429716234,0.01871498429716234,0.01871498429716234,-0.01871498429716234,0.0,0.01871498429716234,0.0,0.01871498429716234,0.0,0.01871498429716234
2025-03-13,-0.014269624085910553,0.0,-0.02603085640406388,-0.026030856404063885,-0.026030856404063885,0.026030856404063885,0.0,-0.026030856404063885,-0.026530856404063885,-0.026030856404063885,0.025530856404063884,-0.026030856404063885
2025-03-14,0.009194751608646114,0.0,0.016773200005459676,0.016773200005459676,0.016773200005459676,-0.016773200005459676,0.0,0.016773200005459673,-0.0005,0.016773200005459676,-0.016773200005459676,0.016773200005459676
2025-03-17,-0.003974984356789313,0.0,-0.007251224445509297,-0.007251224445509297,-0.007251224445509297,0.007251224445509297,0.0,-0.007251224445509297,0.0,-0.007251224445509297,0.007251224445509297,-0.007251224445509297
2025-03-18,-0.012078665277030205,0.0,-0.0220340773860731,-0.022034077386073103,-0.022034077386073103,0.022034077386073103,0.0,-0.022034077386073103,0.0,-0.022034077386073103,0.022034077386073103,-0.022034077386073103
2025-03-19,0.01098612987603462,0.0,-0.0004999999999999999,0.020041058371104592,-0.021041058371104593,-0.020041058371104592,-0.020541058371104592,0.02004105837110459,0.0,-0.021041058371104593,-0.020041058371104592,0.020041058371104592
2025-03-20,-0.003645848926300195,0.0,0.0,-0.006650810792215411,0.006650810792215411,0.006650810792215411,0.006650810792215411,-0.006650810792215411,-0.007150810792215412,0.006650810792215411,0.006650810792215411,-0.006650810792215411
2025-03-21,0.004006976832952065,0.0,0.0,-0.008309585587189638,-0.007309585587189638,-0.007309585587189638,-0.007309585587189638,0.007309585587189638,0.007309585587189638,-0.007309585587189638,-0.007309585587189638,0.007309585587189638
2025-03-24,0.01233480877224172,0.0,0.0,0.02150133808632304,-0.02250133808632304,-0.02250133808632304,-0.02250133808632304,0.02250133808632304,0.02250133808632304,-0.02250133808632304,-0.02250133808632304,0.02250133808632304
2025-03-25,0.00843267839636654,0.0,0.0,0.01717546249202906,-0.01717546249202906,-0.01717546249202906,-0.01717546249202906,0.01717546249202906,0.01717546249202906,-0.01717546249202906,-0.01717546249202906,0.01717546249202906
2025-03-26,-0.01588438834953724,0.0,0.0,-0.03224662464872141,0.03224662464872141,0.03224662464872141,-0.03324662464872141,-0.03224662464872141,-0.03224662464872141,0.03224662464872141,-0.0005,-0.03224662464872141
2025-03-27,-0.008415718817835354,0.0,0.0,0.016084606589577888,0.01708460658957789,0.01708460658957789,0.016084606589577888,-0.01708460658957789,-0.0005,0.01708460658957789,0.0,-0.01708460658957789
2025-03-28,-0.024016266700771286,0.0,0.0,0.048755011569955764,0.048755011569955764,0.048755011569955764,0.048755011569955764,-0.048755011569955764,0.0,0.048755011569955764,0.0,-0.048755011569955764
2025-03-31,0.0008166713073399846,0.0,0.0,0.0010085960724516294,-0.0020085960724516294,-0.0020085960724516294,-0.0020085960724516294,0.002008596072451629,0.0,-0.0020085960724516294,0.0,0.0020085960724516294
2025-04-01,0.00665847661977681,0.0,0.0,0.015713971790384917,-0.015713971790384917,-0.015713971790384917,-0.015713971790384917,0.015713971790384917,0.0,-0.015713971790384917,-0.016213971790384918,0.015713971790384917
2025-04-02,-8.100921712462226e-05,0.0,0.0,-0.0008088186494675789,0.00019118135053242113,0.00019118135053242113,0.00019118135053242113,-0.00019118135053242113,0.0,0.00019118135053242113,0.00019118135053242113,-0.00019118135053242113
2025-04-03,-0.017052724518840004,0.0,0.0,0.04024434526695675,0.04024434526695675,0.04024434526695675,0.04024434526695675,-0.04024434526695675,0.0,0.04024434526695675,0.04024434526695675,-0.04024434526695675
2025-04-04,-0.014394161601008705,0.0,0.0,-0.03497014996984016,0.03397014996984016,0.03397014996984016,0.03397014996984016,0.03297014996984016,0.0,0.03397014996984016,0.03397014996984016,-0.03397014996984016
2025-04-07,0.0033467150370832524,0.0,0.0,0.007898230884671342,-0.007898230884671342,-0.007898230884671342,-0.007898230884671342,-0.007898230884671342,0.0,-0.007898230884671342,-0.007898230884671342,0.007898230884671342
2025-04-08,-0.005919238436699017,0.0,0.0,-0.013969373345635971,0.013969373345635971,0.013969373345635971,0.013969373345635971,0.01396937334563597,0.0,0.013969373345635971,0.013969373345635971,-0.013969373345635971
2025-04-09,0.04102596237403019,0.0,0.0,0.09682106767546372,-0.09682106767546372,-0.09682106767546372,-0.09682106767546372,-0.09682106767546372,0.0,-0.09682106767546372,-0.09682106767546372,0.09682106767546372
2025-04-10,-0.011294819883931852,0.0,0.0,-0.03711175402472611,0.03711175402472611,0.03711175402472611,-0.03811175402472611,-0.03811175402472611,-0.03761175402472611,0.03711175402472611,0.03711175402472611,-0.03711175402472611
2025-04-11,0.008557372714708897,0.0,0.0,0.02826867239198272,-0.02826867239198272,-0.02826867239198272,-0.02926867239198272,-0.029268672391982716,-0.0005,-0.02826867239198272,-0.02826867239198272,0.02826867239198272
2025-04-14,0.0037179326303347806,0.0,0.0,-0.013281926124561916,-0.012281926124561915,-0.012281926124561915,-0.012281926124561915,0.011281926124561914,0.011781926124561914,-0.012281926124561915,-0.012281926124561915,0.012281926124561915
2025-04-15,-0.005252355095155086,0.0,0.0,0.01735078165008397,0.01735078165008397,0.01735078165008397,-0.01835078165008397,-0.01735078165008397,-0.01735078165008397,0.01735078165008397,-0.0005,-0.01735078165008397
2025-04-16,-0.0057712007149985645,0.0,0.0,0.019064751268838553,0.019064751268838553,0.019064751268838553,0.018064751268838553,0.018064751268838553,-0.019064751268838553,0.019064751268838553,0.0,-0.019064751268838553
2025-04-17,-0.0042841761782915445,0.0,0.0,0.01415247142916809,0.014152471429168088,0.01415247142916809,0.01415247142916809,0.01415247142916809,-0.0005,0.01415247142916809,0.0,-0.01415247142916809
2025-04-21,-0.006989130205221941,0.0,0.0,0.023088094753279775,0.023088094753279772,0.023088094753279775,0.023088094753279775,0.023088094753279775,0.0,0.023088094753279775,0.0,-0.023088094753279775
2025-04-22,0.007789797348453243,0.0,0.0,-0.025733041738950524,-0.02573304173895052,-0.025733041738950524,-0.025733041738950524,-0.025733041738950524,0.0,-0.025733041738950524,0.0,0.025733041738950524
2025-04-23,0.007754294154277988,0.0,0.0,-0.025615759461028453,-0.025615759461028453,-0.025615759461028453,-0.025615759461028453,-0.02561575946102845,0.025115759461028453,-0.025615759461028453,-0.026115759461028454,0.025615759461028453
2025-04-24,0.007657977818509333,0.0,0.0,-0.025297585293253766,-0.025297585293253766,-0.025297585293253766,-0.025297585293253766,-0.025297585293253766,0.025297585293253766,-0.025297585293253766,-0.025297585293253766,0.025297585293253766
2025-04-25,0.00509340681736554,0.0,0.0,0.015825707314548798,-0.0168257073145488,-0.0168257073145488,-0.0168257073145488,-0.0168257073145488,0.0168257073145488,-0.0168257073145488,-0.0168257073145488,0.0168257073145488
2025-04-28,-0.0025232758982843945,0.0,0.0,-0.008335462542210181,0.008335462542210181,0.008335462542210181,0.008335462542210181,0.00833546254221018,-0.008335462542210181,0.008335462542210181,0.008335462542210181,-0.008335462542210181
2025-04-29,-0.0008481329103573964,0.0,0.0,0.0018017467728782552,0.002801746772878255,-0.0038017467728782553,0.0028017467728782552,0.0028017467728782552,-0.0005,0.0028017467728782552,-0.0005,-0.0028017467728782552
2025-04-30,-0.002570485839841459,0.0,0.0,0.00849141722783786,0.008491417227837859,-0.00849141722783786,0.00849141722783786,-0.009491417227837862,0.0,0.00849141722783786,0.0,-0.00849141722783786
2025-05-01,0.004765693850240192,0.0,0.0,0.014743130825815576,-0.015743130825815573,0.015743130825815577,-0.015743130825815577,0.015743130825815577,0.0,-0.015743130825815577,0.0,0.015743130825815577
2025-05-02,0.005123412426602135,0.0,0.0,0.016924828711466944,-0.016924828711466944,0.016924828711466944,-0.016924828711466944,0.016924828711466944,0.016424828711466943,-0.016924828711466944,0.0,0.016924828711466944
2025-05-05,0.0003321967307602493,0.0,0.0,-0.0020973882831359916,-0.0010973882831359916,0.0010973882831359916,9.738828313599155e-05,0.0010973882831359916,0.0010973882831359916,-0.0010973882831359916,0.0,0.0010973882831359916
2025-05-06,-0.0018066220880855615,0.0,0.0,0.005968047629435036,0.005968047629435036,-0.005968047629435036,-0.005968047629435036,-0.005968047629435036,-0.005968047629435036,0.005968047629435036,0.0,-0.005968047629435036
2025-05-07,-0.024573184468656355,0.0,0.0,0.07259675888520789,0.07259675888520789,-0.07259675888520789,-0.07259675888520789,-0.07259675888520789,-0.0005,0.07259675888520789,0.0,-0.07259675888520789
2025-05-08,0.005503284304684496,0.0,0.0,0.01815692254503698,-0.01915692254503698,0.01915692254503698,-0.02015692254503698,0.01915692254503698,0.0,-0.01915692254503698,0.0,0.01915692254503698
2025-05-09,-0.0028617354831335833,0.0,0.0,0.008916939930432521,0.009916939930432522,-0.009916939930432522,0.009916939930432522,-0.00991693993043252,0.0,0.009916939930432522,0.009416939930432522,-0.009916939930432522
2025-05-12,0.01415482951223909,0.0,0.0,-0.03738135248289942,-0.03738135248289942,0.03738135248289942,-0.03738135248289942,-0.03838135248289942,0.0,-0.03738135248289942,-0.03738135248289942,0.03738135248289942
2025-05-13,0.0025651288677715823,0.0,0.0,0.005752444436322724,-0.006752444436322724,0.006752444436322724,-0.006752444436322724,0.005752444436322723,0.006252444436322724,-0.006752444436322724,-0.006752444436322724,0.006752444436322724
2025-05-14,0.013906560460444091,0.0,0.0,0.03660762544498919,-0.03660762544498919,-0.03760762544498919,-0.03660762544498919,0.03660762544498919,0.03660762544498919,-0.03660762544498919,-0.03660762544498919,0.03660762544498919
2025-05-15,-0.003239014886291339,0.0,0.0,-0.008526381782567038,0.008526381782567038,-0.00952638178256704,-0.00952638178256704,-0.008526381782567038,-0.008526381782567038,0.008526381782567038,0.008526381782567038,-0.008526381782567038
2025-05-16,0.005166709958323473,0.0,0.0,-0.014600845692592013,-0.013600845692592012,0.013600845692592012,0.013600845692592012,0.013600845692592012,-0.0005,-0.013600845692592012,0.012600845692592011,0.013600845692592012
2025-05-19,0.0007999799397854395,0.0,0.0,0.0011058669454945278,-0.002105866945494528,0.002105866945494528,0.002105866945494528,0.002105866945494528,0.0016058669454945278,-0.002105866945494528,0.002105866945494528,0.002105866945494528
2025-05-20,-0.005839362149508319,0.0,0.0,-0.0005,0.015371535112142398,-0.015371535112142398,-0.015371535112142398,-0.015371535112142396,-0.0005,0.015371535112142398,-0.015371535112142398,-0.015371535112142398
2025-05-21,0.01061017489943495,0.0,0.0,0.0,-0.027930221116080123,0.027930221116080123,0.027930221116080123,0.02793022111608012,0.0,-0.027930221116080123,0.027930221116080123,0.027930221116080123
2025-05-22,0.0052060180336855125,0.0,0.0,0.0,-0.0137043202579894,0.0137043202579894,0.0137043202579894,0.0137043202579894,0.0132043202579894,-0.0137043202579894,0.0137043202579894,0.0137043202579894
2025-05-23,-0.005335715444513051,0.0,0.0,0.0,0.014045735682045146,-0.014045735682045146,-0.014045735682045146,-0.014045735682045146,-0.014045735682045146,0.014045735682045146,-0.014045735682045146,-0.014045735682045146
2025-05-27,0.009989113658208978,0.0,0.0,0.0,-0.026295339697208098,0.026295339697208098,0.026295339697208098,0.026295339697208098,-0.0005,-0.026295339697208098,0.026295339697208098,0.026295339697208098
2025-05-28,-0.0011864062394274062,-0.0036230954168784964,0.0,0.0026230954168784963,0.0031230954168784963,-0.0031230954168784963,-0.0031230954168784963,-0.0031230954168784963,-0.0036230954168784964,0.0031230954168784963,-0.0031230954168784963,-0.0031230954168784963
2025-05-29,-0.0011019570857857088,-0.002900791491011634,0.0,0.002900791491011634,0.002900791491011634,-0.002900791491011634,-0.002900791491011634,-0.002900791491011634,-0.002900791491011634,0.002900791491011634,-0.002900791491011634,-0.002900791491011634
2025-05-30,-0.00026526755084667624,-0.0005,0.0,-0.0016982902186148943,0.0006982902186148943,-0.0006982902186148943,-0.0006982902186148943,-0.0006982902186148943,-0.0005,0.0006982902186148943,-0.0006982902186148943,-0.0006982902186148943
2025-06-02,-0.005994396500779237,0.0,0.0,0.014779647490366754,0.015779647490366755,-0.015779647490366755,-0.015779647490366755,-0.01577964749036675,0.0,0.015779647490366755,-0.015779647490366755,-0.015779647490366755
2025-06-03,-0.006405179994078902,0.0,0.0,0.016860993830784432,0.016860993830784432,-0.016860993830784432,-0.016860993830784432,-0.016860993830784432,0.0,0.016860993830784432,-0.016860993830784432,-0.016860993830784432
2025-06-04,0.004274790084807134,0.0,0.0,-0.011252956094045974,-0.011252956094045974,0.011252956094045974,-0.012252956094045975,0.011252956094045974,0.0,-0.011252956094045974,0.011252956094045974,0.011252956094045974
2025-06-05,0.0003616742386191049,0.0,0.0,-0.000952071153620615,-0.000952071153620615,0.000952071153620615,-4.7928846379385014e-05,0.000952071153620615,0.000452071153620615,-0.000952071153620615,-0.0005,0.000952071153620615
2025-06-06,0.012353320959423764,0.0,0.0,0.03151887826401312,-0.03251887826401312,0.03251887826401312,0.03251887826401312,0.03251887826401312,0.03251887826401312,-0.03251887826401312,0.0,0.03251887826401312
2025-06-09,0.00790785967880151,0.014603397605068513,0.014603397605068513,-0.016103397605068515,-0.015103397605068514,0.015103397605068514,0.015103397605068514,0.015103397605068514,0.015103397605068514,-0.015103397605068514,0.0,0.015103397605068514
2025-06-10,0.007533373553338148,0.01425421159208251,0.01425421159208251,-0.01425421159208251,-0.01425421159208251,0.01425421159208251,0.01425421159208251,0.01425421159208251,0.01425421159208251,-0.01425421159208251,0.0,0.01425421159208251
2025-06-11,-0.0036990110252068517,-0.006999053672491873,-0.006999053672491872,0.006999053672491873,-0.007999053672491874,-0.006999053672491873,-0.006999053672491873,-0.006999053672491873,-0.006999053672491873,-0.007999053672491874,-0.007499053672491873,-0.006999053672491873
2025-06-12,-0.0049169965777875035,-0.009303655144815126,-0.009303655144815126,0.009303655144815126,-0.009303655144815124,-0.009303655144815126,-0.009303655144815126,-0.009303655144815124,-0.0005,-0.009303655144815126,-0.009303655144815126,-0.009303655144815126
2025-06-13,-0.003098167981981528,-0.005862173387567005,-0.005862173387567005,-0.006862173387567005,-0.005862173387567004,-0.005862173387567005,-0.005862173387567005,-0.005862173387567005,0.0,-0.005862173387567005,-0.005862173387567005,-0.005862173387567005
2025-06-16,0.007497459895871293,0.01202266218469128,-0.0005,-0.01302266218469128,0.01202266218469128,0.01202266218469128,0.01202266218469128,0.01202266218469128,0.0,0.01202266218469128,0.01202266218469128,0.01202266218469128
2025-06-17,-0.002911966129410308,-0.004638826493848058,0.0,-0.0005,-0.004638826493848058,-0.004638826493848058,-0.004638826493848058,-0.004638826493848058,-0.005138826493848059,-0.004638826493848058,-0.004638826493848058,-0.004638826493848058
2025-06-18,-0.009382988888535285,-0.014947308970394424,-0.015447308970394424,0.0,0.013947308970394423,-0.014947308970394424,-0.014947308970394424,-0.014947308970394422,-0.0005,0.013947308970394423,-0.014947308970394424,-0.014947308970394424
2025-06-20,-0.024194005586709446,-0.03854158637850069,-0.0005,-0.03904158637850069,0.03854158637850069,-0.03854158637850069,-0.03854158637850069,-0.03854158637850069,0.0,0.03854158637850069,-0.03854158637850069,-0.03854158637850069
2025-06-23,-0.004769506405210721,-0.0005,0.0,-0.00870131201048463,-0.00970131201048463,-0.00870131201048463,-0.0005,-0.008701312010484628,0.0,-0.00970131201048463,-0.00870131201048463,-0.00870131201048463
2025-06-24,0.005196401421228536,0.0,0.0,-0.0005,0.009564806093433464,0.009564806093433464,0.0,-0.010564806093433465,0.0,0.009564806093433464,-0.0005,0.009564806093433464
2025-06-25,0.01273744178185867,0.0,0.0,0.022945294328526378,0.023445294328526378,-0.02444529432852638,0.0,-0.023445294328526378,0.022945294328526378,0.023445294328526378,0.0,0.023445294328526378
2025-06-26,0.009103592368661912,0.016256614568727012,0.0,0.016756614568727013,0.016756614568727013,-0.016756614568727013,0.016256614568727012,0.015756614568727012,0.016756614568727013,0.016756614568727013,0.0,0.016756614568727013
2025-06-27,0.015621652747080422,0.02875414489234185,0.0,-0.0005,0.028754144892341845,-0.02875414489234185,0.02875414489234185,0.028754144892341845,0.02875414489234185,0.02875414489234185,0.0,0.02875414489234185
2025-06-30,-0.006999161289364231,-0.012883073327619732,0.0,0.0,-0.01288307332761973,0.012883073327619732,-0.012883073327619732,-0.012883073327619732,-0.012883073327619732,0.011883073327619731,0.0,-0.012883073327619732
2025-07-01,-0.0012022800848866153,-0.0022129883644013137,0.0,-0.0027129883644013138,0.0012129883644013137,-0.0032129883644013138,-0.0022129883644013137,-0.0022129883644013137,-0.0005,0.0022129883644013137,-0.0027129883644013138,-0.0022129883644013137
2025-07-02,0.00865102123384896,0.015923585170673382,0.0,-0.016923585170673383,-0.015923585170673382,0.015923585170673382,0.015923585170673382,0.01592358517067338,0.0,-0.015923585170673382,0.015923585170673382,0.015923585170673382
2025-07-03,0.0027066802275649096,0.004982076909575639,0.0,-0.0005,0.003982076909575638,0.004982076909575639,0.004982076909575639,0.004982076909575638,0.0044820769095756385,-0.004982076909575639,0.004982076909575639,0.004982076909575639
2025-07-07,-0.008291641149493892,-0.015262088773059568,0.0,-0.015762088773059568,-0.015262088773059566,-0.015262088773059568,-0.015262088773059568,-0.015262088773059568,-0.015262088773059568,0.015262088773059568,-0.015262088773059568,-0.015262088773059568
2025-07-08,-0.007467476663088903,-0.013745082509964868,0.0,-0.013745082509964868,0.012745082509964867,-0.013745082509964868,-0.013745082509964868,-0.013745082509964868,-0.0005,0.013745082509964868,-0.013745082509964868,-0.013745082509964868
2025-07-09,0.007041917945803477,0.012961773777198982,0.0,0.012961773777198982,-0.012961773777198982,0.012961773777198982,0.012961773777198982,0.012961773777198982,0.0,-0.012961773777198982,0.012961773777198982,0.012961773777198982
2025-07-10,0.00307597512261464,0.005661823098547014,0.0,0.005661823098547014,0.004661823098547013,0.005661823098547014,0.005661823098547014,0.005661823098547014,0.005161823098547014,-0.005661823098547014,0.005661823098547014,0.005661823098547014
2025-07-11,0.00786084677609558,0.01446914297967572,0.0,-0.0005,0.014469142979675718,0.01446914297967572,0.01446914297967572,0.01446914297967572,0.01446914297967572,-0.01446914297967572,0.01446914297967572,0.01446914297967572
2025-07-14,0.004130634810851415,0.007603092564630876,0.0,-0.008103092564630876,0.007603092564630875,0.007603092564630876,0.007603092564630876,0.007603092564630876,0.007603092564630876,-0.007603092564630876,0.007603092564630876,0.007603092564630876
2025-07-15,0.001316578442286346,0.0024233727317175546,0.0,-0.0024233727317175546,0.002423372731717554,0.0024233727317175546,0.0024233727317175546,0.0024233727317175546,0.0024233727317175546,-0.0024233727317175546,0.0024233727317175546,0.0024233727317175546
2025-07-16,0.0028955638291890294,0.005329747321715761,0.0,-0.005329747321715761,0.00532974732171576,0.005329747321715761,0.005329747321715761,0.005329747321715761,0.005329747321715761,-0.005329747321715761,0.005329747321715761,0.005329747321715761
2025-07-17,0.001972381100748791,0.003333859663267047,0.0,-0.003333859663267047,0.0033338596632670465,0.003333859663267047,0.003333859663267047,0.003333859663267047,0.003333859663267047,-0.003333859663267047,0.003333859663267047,0.003333859663267047
2025-07-18,0.004838314586343054,0.008061849439958246,0.0,-0.008061849439958246,0.008061849439958245,0.008061849439958246,0.008061849439958246,0.008061849439958246,0.008061849439958246,-0.008061849439958246,0.008061849439958246,0.008061849439958246
2025-07-21,0.012865773533112008,0.027234422990290996,0.026734422990290996,-0.027234422990290996,0.027234422990290996,0.027234422990290996,0.027234422990290996,0.027234422990290996,0.027234422990290996,-0.027234422990290996,0.027234422990290996,0.027234422990290996
2025-07-22,0.003096469104718444,0.00652284472759046,0.00652284472759046,-0.00652284472759046,0.00652284472759046,0.00652284472759046,0.00652284472759046,0.00652284472759046,0.00652284472759046,-0.00652284472759046,0.00652284472759046,0.00652284472759046
2025-07-23,-0.002753853209966352,-0.005801109678057137,-0.005801109678057137,0.005801109678057137,-0.005801109678057137,-0.005801109678057137,-0.005801109678057137,-0.005801109678057137,-0.005801109678057137,0.005801109678057137,-0.005801109678057137,-0.005801109678057137
2025-07-24,0.004841148377798806,0.01019808630529817,0.010198086305298169,-0.01019808630529817,0.01019808630529817,0.01019808630529817,0.01019808630529817,0.01019808630529817,0.01019808630529817,-0.01019808630529817,0.01019808630529817,0.01019808630529817
2025-07-25,0.0027315360623946317,0.005255757839064401,0.0052557578390644,-0.005255757839064401,0.005255757839064401,0.005255757839064401,0.005255757839064401,0.0052557578390644,0.005255757839064401,-0.005255757839064401,0.005255757839064401,0.005255757839064401
2025-07-28,-0.0016288796070204983,-0.003105852792606001,-0.003105852792606001,0.003105852792606001,0.002105852792606001,-0.003105852792606001,-0.003105852792606001,-0.003105852792606001,0.002105852792606001,0.003105852792606001,-0.003105852792606001,-0.003105852792606001
2025-07-29,0.008632883562236278,0.01646067972393528,0.01646067972393528,-0.01646067972393528,-0.01646067972393528,0.01646067972393528,0.01646067972393528,0.01646067972393528,-0.01646067972393528,-0.01646067972393528,0.01646067972393528,0.01646067972393528
2025-07-30,0.0020897954783982977,0.003984700339168201,0.003984700339168201,-0.003984700339168201,0.002984700339168201,0.003984700339168201,0.003984700339168201,0.003984700339168201,0.002984700339168201,-0.003984700339168201,0.003984700339168201,0.003984700339168201
2025-07-31,-0.012355517091499138,-0.023558780585949624,-0.023558780585949624,0.023558780585949624,-0.023558780585949624,-0.023558780585949624,-0.023558780585949624,-0.023558780585949624,-0.023558780585949624,0.023558780585949624,-0.023558780585949624,-0.023558780585949624
2025-08-01,-0.007570283674251643,-0.014434576127760557,-0.014434576127760555,-0.015434576127760558,0.013434576127760556,-0.014434576127760557,-0.014434576127760557,-0.014434576127760557,0.013434576127760556,0.014434576127760557,-0.014434576127760557,-0.014434576127760557
2025-08-04,0.016388348630103012,0.031248348950792426,0.031248348950792426,0.031248348950792426,-0.031248348950792426,0.031248348950792426,0.031248348950792426,0.031248348950792426,-0.031248348950792426,-0.031248348950792426,0.031248348950792426,0.031248348950792426
2025-08-05,-0.000994942454716843,-0.0018970983417964105,-0.0018970983417964105,0.0008970983417964104,-0.0028970983417964105,-0.0018970983417964105,-0.0018970983417964105,-0.0018970983417964105,-0.0028970983417964105,0.0018970983417964105,-0.0018970983417964105,-0.0018970983417964105
2025-08-06,0.0038256063923355725,0.007294443521691951,0.007294443521691951,-0.007294443521691951,0.007294443521691951,0.007294443521691951,0.007294443521691951,0.007294443521691951,0.007294443521691951,-0.007294443521691951,0.007294443521691951,0.007294443521691951
2025-08-07,0.0011500896227074134,0.00219292392822501,0.00219292392822501,-0.00219292392822501,0.00219292392822501,0.00219292392822501,0.00219292392822501,0.00219292392822501,0.00219292392822501,-0.00219292392822501,0.00219292392822501,0.00219292392822501
2025-08-08,0.015116184475156632,0.024933698651640857,0.024933698651640857,-0.024933698651640857,0.024933698651640857,0.024933698651640857,0.024933698651640857,0.024933698651640857,0.024933698651640857,-0.024933698651640857,0.024933698651640857,0.024933698651640857
2025-08-11,-0.0012676130345280262,-0.0020851329247548733,-0.0020851329247548733,0.0020851329247548733,-0.0020851329247548733,-0.0020851329247548733,-0.0020851329247548733,-0.0020851329247548733,-0.0020851329247548733,0.0020851329247548733,-0.0020851329247548733,-0.0020851329247548733
2025-08-12,0.007077383898954108,0.011641791135678758,0.011641791135678758,-0.011641791135678758,0.011641791135678758,0.011641791135678758,0.011641791135678758,0.011641791135678758,0.011641791135678758,-0.011641791135678758,0.011641791135678758,0.011641791135678758
2025-08-13,-0.004125791199572063,-0.00678663191097173,-0.006786631910971729,0.00678663191097173,-0.00678663191097173,-0.00678663191097173,-0.00678663191097173,-0.00678663191097173,-0.00678663191097173,0.00678663191097173,-0.00678663191097173,-0.00678663191097173
2025-08-14,0.0029499164286630533,0.004852401879072543,0.004852401879072543,-0.004852401879072543,-0.005852401879072543,0.004852401879072543,0.004852401879072543,0.004852401879072543,-0.005852401879072543,-0.004852401879072543,0.004852401879072543,0.004852401879072543
2025-08-15,0.002875758775237906,0.004730417834598821,0.004730417834598821,-0.004730417834598821,0.0037304178345988212,0.004730417834598821,0.004730417834598821,0.004730417834598821,0.0037304178345988212,-0.004730417834598821,0.004730417834598821,0.004730417834598821
2025-08-18,-0.0011926103775257697,-0.0019617589097363775,-0.0019617589097363775,0.0019617589097363775,-0.0019617589097363775,-0.0019617589097363775,-0.0019617589097363775,-0.0019617589097363775,-0.0019617589097363775,0.0019617589097363775,-0.0019617589097363775,-0.0019617589097363775
2025-08-19,-0.007472835109550372,-0.009483904252744146,-0.009483904252744146,0.009483904252744146,-0.009483904252744146,-0.009483904252744146,-0.009483904252744146,-0.009483904252744146,-0.0005,-0.0005,-0.009483904252744146,-0.009483904252744146
2025-08-20,-0.008694777418724728,-0.011162409848264332,-0.011162409848264332,-0.012162409848264333,-0.011162409848264332,-0.011162409848264332,-0.011162409848264332,-0.011162409848264332,0.0,0.0,-0.011162409848264332,-0.011162409848264332
2025-08-21,0.0016804617937752884,0.0021573874031637352,0.002157387403163735,0.0021573874031637352,0.0021573874031637352,0.0021573874031637352,0.0021573874031637352,0.0021573874031637352,0.0,0.0,0.0021573874031637352,0.0021573874031637352
2025-08-22,0.024723024130587655,0.03173957362494795,0.03173957362494795,-0.03273957362494795,0.03173957362494795,0.03173957362494795,0.03173957362494795,0.03173957362494795,0.031239573624947947,0.0,0.03173957362494795,0.03173957362494795
2025-08-25,0.007763795634309642,0.011645474165855152,0.01164547416585515,-0.011645474165855152,0.011645474165855152,0.011645474165855152,0.011645474165855152,0.011645474165855152,0.011645474165855152,0.0,0.011645474165855152,0.011645474165855152
2025-08-26,-0.004346761870830662,-0.006475136063216813,-0.006475136063216813,-0.007475136063216813,-0.006475136063216813,-0.006475136063216813,-0.006475136063216813,-0.006475136063216813,-0.006475136063216813,0.0,-0.006475136063216813,-0.006475136063216813
2025-08-27,0.0011018314691461013,0.0016413387467419938,0.0016413387467419938,0.0016413387467419938,0.0016413387467419938,0.0016413387467419938,0.0016413387467419938,0.0016413387467419938,-0.0005,0.0,0.0016413387467419938,0.0016413387467419938
2025-08-28,0.013459647838620617,0.020050109416597905,0.020050109416597905,0.020050109416597905,0.020050109416597905,0.020050109416597905,0.020050109416597905,0.020050109416597905,0.019550109416597905,0.0,0.020050109416597905,0.020050109416597905
2025-08-29,0.004028361086255015,0.00600083163522469,0.00600083163522469,-0.0070008316352246905,0.00600083163522469,0.00600083163522469,0.00600083163522469,0.00600083163522469,0.00600083163522469,0.0,0.00600083163522469,0.00600083163522469
2025-09-02,-0.0049186771030490205,-0.007327087252466669,-0.007327087252466669,0.007327087252466669,-0.007327087252466669,-0.007327087252466669,-0.007327087252466669,-0.007327087252466669,-0.007327087252466669,0.0,-0.007327087252466669,-0.007327087252466669
2025-09-03,0.06835703424538249,0.09136508994737191,0.09136508994737191,-0.09136508994737191,0.09136508994737191,0.09136508994737191,0.09136508994737191,0.09136508994737191,-0.0005,0.0,0.09136508994737191,0.09136508994737191
2025-09-04,0.0028843493051669,0.007110011966006802,0.007110011966006802,-0.007110011966006802,0.007110011966006802,0.007110011966006802,0.007110011966006802,0.007110011966006802,0.006610011966006801,0.0,0.007110011966006802,0.007110011966006802
2025-09-05,0.004976993193974856,0.011622911345493314,0.011622911345493314,-0.011622911345493314,0.011622911345493314,0.011622911345493314,0.011622911345493314,0.011622911345493314,0.011622911345493314,0.0,0.011622911345493314,0.011622911345493314
2025-09-08,-0.0013678626197158972,-0.0031944078165545564,-0.0031944078165545564,0.0031944078165545564,-0.0031944078165545564,-0.0031944078165545564,-0.0031944078165545564,-0.0031944078165545564,-0.0031944078165545564,0.0,-0.0031944078165545564,-0.0031944078165545564
2025-09-09,0.010227607192335928,0.02388481700496592,0.023884817004965916,-0.02388481700496592,0.02388481700496592,0.02388481700496592,0.02388481700496592,0.02388481700496592,0.02388481700496592,0.0,0.02388481700496592,0.02388481700496592
2025-09-10,-0.0008219753857900104,-0.0019195820980387746,-0.0019195820980387746,0.0019195820980387746,-0.0019195820980387746,-0.0019195820980387746,-0.0019195820980387746,-0.0019195820980387746,-0.0019195820980387746,0.0,-0.0019195820980387746,-0.0019195820980387746
2025-09-11,0.002148439792917128,0.005017311511383182,0.005017311511383182,-0.005017311511383182,0.005017311511383182,0.005017311511383182,0.005017311511383182,0.005017311511383182,0.005017311511383182,0.0,0.005017311511383182,0.005017311511383182
2025-09-12,0.0007660353680755864,0.001788943810779875,0.0017889438107798747,-0.001788943810779875,0.001788943810779875,0.001788943810779875,0.001788943810779875,0.001788943810779875,0.001788943810779875,0.0,0.001788943810779875,0.001788943810779875
2025-09-15,0.019222987510140795,0.04489198014101614,0.044891980141016134,0.04389198014101614,0.04489198014101614,0.04489198014101614,0.04489198014101614,0.04489198014101614,0.04489198014101614,0.0,0.04489198014101614,0.04489198014101614
2025-09-16,-0.0007658218433097315,-0.0017884451604247564,-0.0017884451604247564,0.0007884451604247564,-0.0017884451604247564,-0.0017884451604247564,-0.0017884451604247564,-0.0017884451604247564,-0.0017884451604247564,0.0,-0.0017884451604247564,-0.0017884451604247564
2025-09-17,-0.0027790285659806363,-0.006489943102210627,-0.006489943102210627,0.006489943102210627,-0.006489943102210627,-0.006489943102210627,-0.006489943102210627,-0.006489943102210627,-0.006489943102210627,0.0,-0.006489943102210627,-0.006489943102210627
2025-09-18,0.005317673653146829,0.010018893758405811,0.01001889375840581,0.00901889375840581,0.010018893758405811,0.010018893758405811,0.010018893758405811,0.01001889375840581,-0.0005,0.009518893758405811,0.010018893758405811,0.010018893758405811
2025-09-19,0.005722538876108446,0.010673357928135507,0.010673357928135507,0.010673357928135507,0.010673357928135507,0.010673357928135507,0.010673357928135507,0.010673357928135507,0.010173357928135507,0.010673357928135507,0.010673357928135507,0.010673357928135507
2025-09-22,-0.004609672160896802,-0.00859770146953931,-0.00859770146953931,-0.00859770146953931,-0.00859770146953931,-0.00859770146953931,-0.00859770146953931,-0.00859770146953931,-0.00859770146953931,-0.00859770146953931,-0.00859770146953931,-0.00859770146953931
2025-09-23,-0.001847115726028341,-0.003445136451741382,-0.003445136451741382,-0.003445136451741382,-0.003445136451741382,-0.003445136451741382,-0.003445136451741382,-0.003445136451741382,-0.0005,-0.003445136451741382,-0.003445136451741382,-0.003445136451741382
2025-09-24,-0.009629672887155069,-0.017960724720382015,-0.017960724720382015,-0.0005,-0.017960724720382015,-0.017960724720382015,-0.017960724720382015,-0.017960724720382015,0.0,-0.017960724720382015,-0.017960724720382015,-0.017960724720382015
2025-09-25,-0.0029287624534792916,-0.005462563143603605,-0.005462563143603604,-0.005962563143603605,-0.005462563143603605,-0.005462563143603605,-0.005462563143603605,-0.005462563143603605,0.0,-0.005462563143603605,-0.005462563143603605,-0.005462563143603605
2025-09-26,0.0016359715706613306,0.0030513222385999406,0.0030513222385999406,0.0030513222385999406,0.0030513222385999406,0.0030513222385999406,0.0030513222385999406,0.0030513222385999406,0.0,0.0030513222385999406,0.0030513222385999406,0.0030513222385999406
2025-09-29,-0.0054149495482564,-0.010099659599104305,-0.010099659599104303,-0.010099659599104305,-0.010099659599104305,-0.010099659599104305,-0.010099659599104305,-0.010099659599104305,-0.010599659599104305,-0.010099659599104305,-0.010099659599104305,-0.010099659599104305
2025-09-30,-0.0020870272782487604,-0.003892605996882237,-0.003892605996882237,-0.003892605996882237,-0.003892605996882237,-0.003892605996882237,-0.003892605996882237,-0.003892605996882237,-0.0005,-0.003892605996882237,-0.003892605996882237,-0.003892605996882237
2025-10-01,0.003969845266762354,0.007404332302288097,0.007404332302288097,0.007404332302288097,0.007404332302288097,0.007404332302288097,0.007404332302288097,0.007404332302288097,0.0,0.007404332302288097,0.007404332302288097,0.007404332302288097
2025-10-02,0.0017295102391705383,0.0032257853066077757,0.0032257853066077757,0.0032257853066077757,0.0032257853066077757,0.0032257853066077757,0.0032257853066077757,0.0032257853066077757,0.0027257853066077757,0.0032257853066077757,0.0032257853066077757,0.0032257853066077757
2025-10-03,-0.0007419667350222486,-0.0013838746586284367,-0.0013838746586284367,-0.0013838746586284367,-0.0013838746586284367,-0.0013838746586284367,-0.0013838746586284367,-0.0013838746586284367,-0.0013838746586284367,-0.0013838746586284367,-0.0013838746586284367,-0.0013838746586284367
2025-10-06,0.011101057466459742,0.020705068551827965,0.020705068551827965,0.020705068551827965,0.020705068551827965,0.020705068551827965,0.020705068551827965,0.020705068551827965,0.020705068551827965,0.020705068551827965,0.020705068551827965,0.020705068551827965
2025-10-07,-0.009998102215222586,-0.018647898398852725,-0.018647898398852725,-0.018647898398852725,-0.018647898398852725,-0.018647898398852725,-0.018647898398852725,-0.018647898398852725,-0.018647898398852725,-0.018647898398852725,-0.018647898398852725,-0.018647898398852725
2025-10-08,-0.002487026994934882,-0.004638662990075981,-0.004638662990075981,-0.004638662990075981,-0.004638662990075981,-0.004638662990075981,-0.004638662990075981,-0.004638662990075981,-0.0005,-0.004638662990075981,-0.0005,-0.004638662990075981
2025-10-09,-0.006772588059261002,-0.012631850656026788,-0.012631850656026788,-0.012631850656026788,-0.012631850656026788,-0.012631850656026788,-0.012631850656026788,-0.012631850656026787,0.0,-0.012631850656026788,0.0,-0.012631850656026788
2025-10-10,-0.011010285253184331,-0.020535765320658594,-0.02053576532065859,-0.020535765320658594,-0.020535765320658594,-0.020535765320658594,-0.020535765320658594,-0.020535765320658594,0.0,-0.020535765320658594,0.0,-0.020535765320658594
2025-10-13,0.017178981207750067,0.03204127035930604,0.03204127035930604,0.03204127035930604,0.03204127035930604,0.03204127035930604,0.03204127035930604,-0.03304127035930604,0.0,-0.0005,0.0,0.03204127035930604
2025-10-14,0.002854810173614902,0.005324631507020117,0.005324631507020117,0.005324631507020117,0.005324631507020117,0.005324631507020117,0.005324631507020117,0.004324631507020117,0.004824631507020116,0.0,0.0,0.005324631507020117
2025-10-15,0.012188748694171648,0.022733769105900414,0.022733769105900414,0.022733769105900414,0.022733769105900414,0.022733769105900414,0.022733769105900414,-0.023733769105900415,0.022733769105900414,0.0,0.0,0.022733769105900414
2025-10-16,0.0009183824185297195,0.0017129152776573786,0.0017129152776573786,0.0017129152776573786,0.0017129152776573786,0.0017129152776573786,0.0017129152776573786,-0.0017129152776573786,0.0017129152776573786,0.0,0.0,0.0017129152776573786
2025-10-17,0.004944017839539102,0.007317281816854759,0.007317281816854759,0.007317281816854759,0.007317281816854759,0.007317281816854759,0.007317281816854759,0.006317281816854759,0.007317281816854759,0.0,0.0,0.007317281816854759
2025-10-20,0.008850730534828488,0.012830631273142767,0.012830631273142767,0.012830631273142767,0.012830631273142767,0.012830631273142767,0.012830631273142767,0.012830631273142767,0.012830631273142767,0.0,0.0,0.012830631273142767
2025-10-21,-0.016274741264544836,-0.023738071519987414,-0.023738071519987414,-0.023738071519987414,-0.023738071519987414,-0.023738071519987414,-0.023738071519987414,-0.023738071519987414,-0.023738071519987414,0.0,-0.024238071519987414,-0.023738071519987414
2025-10-22,0.003147538741084228,0.00491097199851076,0.004910971998510759,0.00491097199851076,0.00491097199851076,0.00491097199851076,0.00491097199851076,-0.00591097199851076,-0.0005,0.0,0.00491097199851076,0.00491097199851076
2025-10-23,0.003556114371028617,0.005522657644975393,0.005522657644975393,0.005522657644975393,0.005522657644975393,0.005522657644975393,0.005522657644975393,0.004522657644975393,0.005022657644975392,0.0,0.005522657644975393,0.005522657644975393
2025-10-24,0.018085836580922054,0.027027095600908213,0.027027095600908213,0.027027095600908213,0.027027095600908213,0.027027095600908213,0.027027095600908213,0.027027095600908213,0.027027095600908213,0.0,0.027027095600908213,0.027027095600908213
2025-10-27,0.022506940094597368,0.035972428208606466,0.035972428208606466,0.035972428208606466,0.035972428208606466,0.035972428208606466,0.035972428208606466,0.035972428208606466,0.035972428208606466,0.035472428208606466,0.035972428208606466,0.035972428208606466
2025-10-28,-0.0038044973331893593,-0.006684602498601033,-0.006684602498601033,-0.006684602498601033,-0.006684602498601033,-0.006684602498601033,-0.006684602498601033,-0.006684602498601033,-0.006684602498601033,-0.006684602498601033,-0.006684602498601033,-0.006684602498601033
2025-10-29,0.015101550103495315,0.0265450922120114,0.026545092212011397,0.0265450922120114,0.0265450922120114,0.0265450922120114,0.0265450922120114,0.0265450922120114,-0.0005,0.0265450922120114,0.0265450922120114,0.0265450922120114
2025-10-30,0.01385153543280943,0.025166653841215192,0.025166653841215192,0.025166653841215192,0.025166653841215192,0.025166653841215192,0.025166653841215192,0.025166653841215192,0.02466665384121519,0.025166653841215192,0.025166653841215192,0.025166653841215192
2025-10-31,-0.0005591729641152739,-0.0010304680036752334,-0.0010304680036752334,-0.0010304680036752334,-0.0010304680036752334,-0.0010304680036752334,-0.0010304680036752334,-0.0010304680036752334,-0.0010304680036752334,-0.0010304680036752334,-0.0010304680036752334,-0.0010304680036752334
2025-11-03,0.004794318663879471,0.008997568518623211,0.008997568518623211,0.008997568518623211,0.008997568518623211,0.008997568518623211,0.008997568518623211,0.008997568518623211,-0.0005,0.008997568518623211,0.008997568518623211,0.008997568518623211
2025-11-04,-0.011668942551698317,-0.021782061481776416,-0.021782061481776416,-0.021782061481776416,-0.021782061481776416,-0.021782061481776416,-0.021782061481776416,-0.021782061481776416,-0.022282061481776416,-0.021782061481776416,-0.021782061481776416,-0.021782061481776416
2025-11-05,0.01250168649418903,0.024392863859447944,0.02439286385944794,0.024392863859447944,0.024392863859447944,0.024392863859447944,0.024392863859447944,0.024392863859447944,-0.0005,0.024392863859447944,0.024392863859447944,0.024392863859447944
2025-11-06,0.0008052247376346413,0.0015476318382823262,0.0015476318382823262,0.0015476318382823262,0.0015476318382823262,0.0015476318382823262,0.0015476318382823262,0.0015476318382823262,0.0010476318382823262,0.0015476318382823262,0.0015476318382823262,0.0015476318382823262
2025-11-07,-0.01098424038099307,-0.020790301860935445,-0.020790301860935445,-0.020790301860935445,-0.020790301860935445,-0.020790301860935445,-0.020790301860935445,-0.020790301860935445,-0.020790301860935445,-0.020790301860935445,-0.020790301860935445,-0.020790301860935445
2025-11-10,0.020719831505943778,0.04041898667574384,0.04041898667574384,0.04041898667574384,0.04041898667574384,0.04041898667574384,0.04041898667574384,0.04041898667574384,-0.0005,0.04041898667574384,0.04041898667574384,0.04041898667574384
2025-11-11,0.00210801280022395,0.004170991247052891,0.004170991247052891,0.004170991247052891,0.004170991247052891,0.004170991247052891,0.004170991247052891,0.004170991247052891,0.003670991247052891,0.004170991247052891,0.004170991247052891,0.004170991247052891
2025-11-12,-0.008301288757181002,-0.01579079679290607,-0.015790796792906066,-0.01579079679290607,-0.01579079679290607,-0.01579079679290607,-0.01579079679290607,-0.01579079679290607,-0.01579079679290607,-0.01579079679290607,-0.01579079679290607,-0.01579079679290607
2025-11-13,-0.014310431223130896,-0.028390884253361004,-0.028390884253361004,-0.028390884253361004,-0.028390884253361004,-0.028390884253361004,-0.028390884253361004,-0.028390884253361,-0.0005,-0.028390884253361004,-0.028390884253361004,-0.028390884253361004
2025-11-14,-0.0036832952858422163,-0.007754032031895175,-0.007754032031895175,-0.007754032031895175,-0.007754032031895175,-0.007754032031895175,-0.007754032031895175,-0.007754032031895175,0.0,-0.007754032031895175,-0.007754032031895175,-0.007754032031895175
2025-11-17,0.01938787163136869,0.031149322738603935,0.031149322738603935,0.031149322738603935,0.03114932273860393,0.031149322738603935,0.031149322738603935,0.031149322738603935,0.0,-0.0005,0.031149322738603935,0.031149322738603935
2025-11-18,-0.0015717400560116398,-0.0025962055061871103,-0.0025962055061871103,-0.0025962055061871103,-0.0025962055061871103,-0.0025962055061871103,-0.0025962055061871103,-0.0025962055061871103,-0.0030962055061871103,0.0,-0.0025962055061871103,-0.0025962055061871103
2025-11-19,0.01801462599799729,0.030005606051610068,0.030005606051610068,0.030005606051610068,0.030005606051610064,0.030005606051610068,0.030005606051610068,0.030005606051610068,-0.0005,0.0,0.030005606051610068,0.030005606051610068
2025-11-20,-0.007036505809372007,-0.011474968674489383,-0.011474968674489383,-0.011474968674489383,-0.011474968674489383,-0.011474968674489383,-0.011474968674489383,-0.011474968674489381,-0.011974968674489384,0.0,-0.011474968674489383,-0.011474968674489383
2025-11-21,0.02117604080805386,0.03527369446754425,0.03527369446754424,0.03527369446754425,0.03527369446754424,0.03527369446754425,0.03527369446754425,0.03527369446754425,-0.0005,0.0,0.03527369446754425,0.03527369446754425
2025-11-24,0.03636163125353145,0.06313824076796082,0.0631382407679608,0.06313824076796082,0.06313824076796082,0.06313824076796082,0.06313824076796082,0.06313824076796082,0.06263824076796082,0.0,0.06313824076796082,0.06313824076796082
2025-11-25,0.007762274290731336,0.015255244752224506,0.015255244752224506,0.015255244752224506,0.015255244752224506,0.015255244752224506,0.015255244752224506,0.015255244752224506,0.015255244752224506,0.0,0.015255244752224506,0.015255244752224506
2025-11-26,-0.005678255391694824,-0.010790160699995277,-0.010790160699995277,-0.010790160699995277,-0.010790160699995277,-0.010790160699995277,-0.010790160699995277,-0.010790160699995275,-0.010790160699995277,0.0,-0.010790160699995277,-0.010790160699995277
2025-11-28,0.00037375724918458866,0.000718774110255449,0.0007187741102554488,0.000718774110255449,0.0007187741102554488,0.000718774110255449,0.000718774110255449,0.0007187741102554489,-0.0005,0.0,0.000718774110255449,0.000718774110255449
2025-12-01,-0.008737624058537442,-0.016521840443809,-0.016521840443809,-0.016521840443809,-0.016521840443808996,-0.016521840443809,-0.016521840443809,-0.016521840443809,0.0,0.0,-0.016521840443809,-0.016521840443809
2025-12-02,0.0015294213543593253,0.0029214907856902617,0.0029214907856902617,0.0029214907856902617,0.0029214907856902612,0.0029214907856902617,0.0029214907856902617,0.0029214907856902617,0.0,0.0,0.0029214907856902617,0.0029214907856902617
2025-12-03,0.0063513787897439,0.01209594691377136,0.01209594691377136,0.01209594691377136,0.012095946913771359,0.01209594691377136,0.01209594691377136,0.01209594691377136,0.0,0.0,0.01209594691377136,0.01209594691377136
2025-12-04,-0.003298413023090243,-0.006288515182409027,-0.006288515182409027,-0.006288515182409027,-0.006288515182409027,-0.006288515182409027,-0.006288515182409027,-0.006288515182409026,-0.006788515182409027,0.0,-0.006288515182409027,-0.006288515182409027
2025-12-05,0.006191310711220263,0.01149165800878138,0.01149165800878138,0.01149165800878138,0.011491658008781378,0.01149165800878138,0.01149165800878138,0.01149165800878138,-0.0005,0.0,0.01149165800878138,0.01149165800878138
2025-12-08,-0.012507703499472599,-0.02286172872336123,-0.02286172872336123,-0.02286172872336123,-0.02286172872336123,-0.02286172872336123,-0.02286172872336123,-0.02286172872336123,-0.02336172872336123,0.0,-0.02286172872336123,-0.02286172872336123
2025-12-09,0.00564184584479096,0.01071015338749004,0.01071015338749004,0.01071015338749004,0.010710153387490038,0.01071015338749004,0.01071015338749004,0.01071015338749004,-0.0005,0.0,0.01071015338749004,0.01071015338749004
2025-12-10,0.005362076614785437,0.00987137368128388,0.00987137368128388,0.00987137368128388,0.00987137368128388,0.00987137368128388,0.00987137368128388,0.00987137368128388,0.009371373681283879,0.0,0.00987137368128388,0.00987137368128388
2025-12-11,-0.014033477990795075,-0.0242964954388305,-0.0242964954388305,-0.0242964954388305,-0.0242964954388305,-0.0242964954388305,-0.0242964954388305,-0.0242964954388305,-0.0242964954388305,0.0,-0.0242964954388305,-0.0242964954388305
2025-12-12,-0.005576293512254449,-0.010050273864534609,-0.010050273864534609,-0.010050273864534609,-0.010050273864534607,-0.010050273864534609,-0.010050273864534609,-0.010050273864534609,-0.0005,0.0,-0.010050273864534609,-0.010050273864534609
2025-12-15,-0.001936025101607778,-0.0034595184179638805,-0.0034595184179638805,-0.0034595184179638805,-0.00345951841796388,-0.0034595184179638805,-0.0034595184179638805,-0.0034595184179638805,0.0,0.0,-0.0034595184179638805,-0.0034595184179638805
2025-12-16,-0.003168976816229263,-0.005353327337273561,-0.00535332733727356,-0.005353327337273561,-0.00535332733727356,-0.005353327337273561,-0.005353327337273561,-0.005353327337273561,0.0,0.0,-0.005353327337273561,-0.005353327337273561
2025-12-17,-0.018542281910278464,-0.0321297701987725,-0.0321297701987725,-0.0321297701987725,-0.0321297701987725,-0.0321297701987725,-0.0321297701987725,-0.0321297701987725,0.0,-0.0326297701987725,-0.0321297701987725,-0.0321297701987725
2025-12-18,0.011160353259289104,0.019344857270350957,0.019344857270350957,0.019344857270350957,0.019344857270350957,0.019344857270350957,0.019344857270350957,0.019344857270350957,0.0,0.019344857270350957,0.019344857270350957,0.019344857270350957
2025-12-19,0.008964871107926483,0.015539306686872534,0.015539306686872534,0.015539306686872534,0.015539306686872534,0.015539306686872534,0.015539306686872534,0.015539306686872534,0.015039306686872533,0.015539306686872534,-0.0005,0.015539306686872534
2025-12-22,0.0049209764265026835,0.008529800481200889,0.008529800481200887,0.008529800481200889,0.008529800481200889,0.008529800481200889,0.008529800481200889,0.008529800481200889,0.008529800481200889,0.008529800481200889,0.0,0.008529800481200889
2025-12-23,0.00851083239502501,0.014752296285657662,0.014752296285657662,0.014752296285657662,0.014752296285657662,0.014752296285657662,0.014752296285657662,0.014752296285657662,0.014752296285657662,0.014752296285657662,0.0,0.014752296285657662
2025-12-24,-0.00047719126536881624,-0.0008271420003246321,-0.0008271420003246321,-0.0008271420003246321,-0.0008271420003246321,-0.0008271420003246321,-0.0008271420003246321,-0.0008271420003246321,-0.0008271420003246321,-0.0008271420003246321,0.0,-0.0008271420003246321
2025-12-26,-0.001716329407856679,-0.0018464359524886786,-0.0018464359524886786,-0.0018464359524886786,-0.0018464359524886786,-0.0018464359524886786,-0.0018464359524886786,0.0008464359524886786,-0.0018464359524886786,-0.0018464359524886786,0.0,-0.0018464359524886786
2025-12-29,0.00013624057136450802,0.0001594582008006551,0.000159458200800655,0.0001594582008006551,0.0001594582008006551,0.0001594582008006551,0.0001594582008006551,-0.0001594582008006551,-0.0005,0.0001594582008006551,0.0,0.0001594582008006551
2025-12-30,0.0007901692469077239,0.0009248270553916527,0.0009248270553916526,0.0009248270553916527,0.0009248270553916527,0.0009248270553916527,0.0009248270553916527,-0.0009248270553916527,0.0,0.0009248270553916527,0.0,0.0009248270553916527
2025-12-31,-0.002313996722585265,-0.0027083397430479605,-0.0027083397430479605,-0.0027083397430479605,-0.0027083397430479605,-0.0027083397430479605,-0.0027083397430479605,0.0027083397430479605,-0.0032083397430479606,-0.0027083397430479605,0.0,-0.0027083397430479605
2026-01-02,0.005868808247287004,0.006868949495614229,0.006868949495614229,0.006868949495614229,0.0068689494956142285,0.006868949495614229,0.006868949495614229,-0.0068689494956142285,-0.0005,0.006868949495614229,0.0,0.006868949495614229
2026-01-05,0.003768458208371719,0.004410665337652553,0.004410665337652553,0.004410665337652553,0.004410665337652553,0.004410665337652553,0.004410665337652553,-0.004410665337652553,0.003910665337652552,0.004410665337652553,0.0,0.004410665337652553
2026-01-06,-0.005938193788266711,-0.006950159471580952,-0.006950159471580952,-0.006950159471580952,-0.006950159471580952,-0.006950159471580952,-0.006950159471580952,0.006950159471580952,-0.006950159471580952,-0.006950159471580952,-0.007450159471580953,-0.006950159471580952
2026-01-07,0.020766098706051745,0.02430498275331261,0.02430498275331261,0.02430498275331261,0.02430498275331261,0.02430498275331261,0.02430498275331261,-0.024304982753312606,-0.0005,0.02430498275331261,0.02430498275331261,0.02430498275331261
2026-01-08,0.009181282247032654,0.01074592343155878,0.01074592343155878,0.01074592343155878,0.01074592343155878,0.01074592343155878,0.01074592343155878,0.009745923431558778,0.010245923431558779,0.01074592343155878,0.01074592343155878,0.01074592343155878
2026-01-09,0.00821741235909796,0.009617794295012638,0.009617794295012638,0.009617794295012638,0.009617794295012638,0.009617794295012638,0.009617794295012638,0.009617794295012638,0.009617794295012638,0.009617794295012638,0.009617794295012638,0.009617794295012638
2026-01-12,0.008555103154048798,0.010013033143840833,0.010013033143840833,0.010013033143840833,0.010013033143840833,0.010013033143840833,0.010013033143840833,0.010013033143840833,0.010013033143840833,0.010013033143840833,0.010013033143840833,0.010013033143840833
2026-01-13,0.01058145056550271,0.012384703412038789,0.012384703412038787,0.012384703412038789,0.012384703412038789,0.012384703412038789,0.012384703412038789,0.012384703412038789,0.012384703412038789,0.012384703412038789,0.012384703412038789,0.012384703412038789
2026-01-14,-0.00045971344576614827,-0.00038691182966998916,-0.0003869118296699892,-0.00038691182966998916,-0.00038691182966998916,-0.00038691182966998916,-0.00038691182966998916,-0.00038691182966998916,-0.00038691182966998916,-0.00038691182966998916,-0.00038691182966998916,-0.00038691182966998916
2026-01-15,-0.009111415232374798,-0.009111415232374798,-0.009111415232374798,-0.009111415232374798,-0.009111415232374798,-0.009111415232374798,-0.009111415232374798,-0.009111415232374798,-0.0005,-0.009111415232374798,-0.009111415232374798,-0.009111415232374798
2026-01-16,-0.008353901983038203,-0.008353901983038203,-0.008353901983038202,-0.008353901983038203,-0.008353901983038203,-0.008353901983038203,-0.008353901983038203,-0.008353901983038203,0.0,-0.008353901983038203,-0.008353901983038203,-0.008353901983038203
2026-01-20,-0.02424240347805051,-0.02424240347805051,-0.02424240347805051,-0.02424240347805051,-0.02424240347805051,-0.02424240347805051,-0.02424240347805051,-0.02424240347805051,0.0,-0.02424240347805051,-0.02424240347805051,-0.02424240347805051
2026-01-21,0.019813657405210794,0.019813657405210794,0.019813657405210794,0.019813657405210794,0.019813657405210794,0.019813657405210794,0.019813657405210794,0.019813657405210794,0.0,0.019813657405210794,0.019813657405210794,0.019813657405210794
2026-01-22,0.006577664193148758,0.006577664193148758,0.006577664193148758,0.006577664193148758,0.006577664193148758,0.006577664193148758,0.006577664193148758,0.006577664193148758,0.006077664193148757,0.006577664193148758,0.006577664193148758,0.006577664193148758
2026-01-23,-0.007896142517177074,-0.007896142517177074,-0.007896142517177074,-0.007896142517177074,-0.007896142517177074,-0.007896142517177074,-0.007896142517177074,-0.007896142517177074,-0.007896142517177074,-0.007896142517177074,-0.007896142517177074,-0.007896142517177074
2026-01-26,0.016253525439399175,0.016253525439399175,0.016253525439399175,0.016253525439399175,0.016253525439399175,0.016253525439399175,0.016253525439399175,0.016253525439399175,-0.0005,0.016253525439399175,0.016253525439399175,0.016253525439399175
2026-01-27,0.0038707809267282123,0.0038707809267282123,0.0038707809267282123,0.0038707809267282123,0.0038707809267282123,0.0038707809267282123,0.0038707809267282123,0.0038707809267282123,0.0033707809267282123,0.0038707809267282123,0.0038707809267282123,0.0038707809267282123
2026-01-28,0.00436406329650052,0.00436406329650052,0.00436406329650052,0.00436406329650052,0.00436406329650052,0.00436406329650052,0.00436406329650052,0.00436406329650052,0.00436406329650052,0.00436406329650052,0.00436406329650052,0.00436406329650052
2026-01-29,0.006666568449686716,0.006666568449686716,0.006666568449686716,0.006666568449686716,0.006666568449686716,0.006666568449686716,0.006666568449686716,0.006666568449686716,0.006666568449686716,0.006666568449686716,0.006666568449686716,0.006666568449686716
2026-01-30,-0.0007391569238641704,-0.0007391569238641704,-0.0007391569238641704,-0.0007391569238641704,-0.0007391569238641704,-0.0007391569238641704,-0.0007391569238641704,-0.0007391569238641704,-0.0007391569238641704,-0.0007391569238641704,-0.0007391569238641704,-0.0007391569238641704
2026-02-02,0.01683427075541455,0.01683427075541455,0.01683427075541455,0.01683427075541455,0.01683427075541455,0.01683427075541455,0.01683427075541455,0.01683427075541455,0.01683427075541455,0.01683427075541455,0.01683427075541455,0.01683427075541455
2026-02-03,-0.011580194628212914,-0.011580194628212914,-0.011580194628212914,-0.011580194628212914,-0.011580194628212914,-0.011580194628212914,-0.011580194628212914,-0.011580194628212914,-0.011580194628212914,-0.011580194628212914,-0.011580194628212914,-0.011580194628212914
2026-02-04,-0.019634265844849064,-0.019634265844849064,-0.019634265844849064,-0.019634265844849064,-0.019634265844849064,-0.019634265844849064,-0.019634265844849064,-0.019634265844849064,-0.0005,-0.019634265844849064,-0.019634265844849064,-0.019634265844849064
2026-02-05,-0.005242488776193109,-0.005374777878328518,-0.005374777878328518,-0.005374777878328518,-0.005374777878328518,-0.005374777878328518,-0.005374777878328518,-0.005374777878328518,0.0,-0.005374777878328518,-0.005374777878328518,-0.005374777878328518
2026-02-06,-0.024744372223929195,-0.025328381436290015,-0.025328381436290015,-0.025328381436290015,-0.025328381436290015,-0.025328381436290015,-0.025328381436290015,-0.025328381436290015,0.0,-0.025328381436290015,-0.025328381436290015,-0.025328381436290015
2026-02-09,0.004283618117543941,0.004522170418437055,0.004522170418437055,0.004522170418437055,0.004522170418437055,0.004522170418437055,0.004522170418437055,0.004522170418437054,0.0,0.004522170418437055,0.004522170418437055,0.004522170418437055
2026-02-10,-0.01705364198009588,-0.017698680633528863,-0.017698680633528863,-0.017698680633528863,-0.017698680633528863,-0.017698680633528863,-0.017698680633528863,0.016698680633528862,0.0,-0.017698680633528863,-0.017698680633528863,-0.017698680633528863
2026-02-11,-0.02246516921449273,-0.023918682158958204,-0.023918682158958204,-0.023918682158958204,-0.023918682158958204,-0.023918682158958204,-0.023918682158958204,0.0239186821589582,0.0,-0.023918682158958204,-0.023918682158958204,-0.023918682158958204
2026-02-12,-0.00568763075644862,-0.006302886415383235,-0.006302886415383235,-0.006302886415383235,-0.006302886415383235,-0.006302886415383235,-0.006302886415383235,0.006302886415383235,0.0,-0.006302886415383235,-0.0005,-0.006302886415383235
2026-02-13,-0.009869148934307582,-0.010614953298754504,-0.010614953298754504,-0.010614953298754504,-0.010614953298754504,-0.010614953298754504,-0.010614953298754504,0.010614953298754504,0.0,-0.010614953298754504,0.0,-0.010614953298754504
2026-02-17,-0.011195046141333266,-0.01210267861158787,-0.01210267861158787,-0.01210267861158787,-0.01210267861158787,-0.01210267861158787,-0.01210267861158787,0.01210267861158787,0.0,-0.01210267861158787,0.0,-0.01210267861158787
2026-02-18,0.0039895670802238764,0.004337534684544453,0.004337534684544453,0.004337534684544453,0.004337534684544453,-0.005337534684544453,0.004337534684544453,-0.004337534684544453,0.0,0.004337534684544453,0.0,0.004337534684544453
2026-02-19,-0.0010414813539351981,-0.0015824155632001569,-0.0015824155632001569,-0.0015824155632001569,-0.0015824155632001569,0.0015824155632001569,-0.0005,0.0015824155632001569,-0.002082415563200157,-0.0015824155632001569,0.0,-0.0015824155632001569
2026-02-20,0.021511108743169395,0.04005291957693391,0.04005291957693391,-0.0005,0.04005291957693391,-0.04005291957693391,0.0,-0.04005291957693391,-0.0005,0.04005291957693391,0.0,0.04005291957693391
2026-02-23,-0.005950810909220364,-0.011080198311034462,-0.011080198311034462,0.0,-0.011080198311034462,0.011080198311034462,0.0,0.011080198311034462,-0.011580198311034462,-0.011080198311034462,0.0,-0.011080198311034462
2026-02-24,-0.0010172186986017937,-0.0018940250460213193,-0.0018940250460213193,-0.0023940250460213193,-0.0018940250460213193,0.0018940250460213193,0.0,0.0018940250460213193,-0.0005,-0.0018940250460213193,0.0,-0.0018940250460213193
2026-02-25,0.0034549293363165257,0.00643295557210255,0.00643295557210255,-0.0005,0.00643295557210255,-0.00643295557210255,0.0,-0.00643295557210255,0.0,0.00643295557210255,0.0,0.00643295557210255
2026-02-26,-0.01056209841906156,-0.017641494020525283,-0.017641494020525283,-0.018141494020525284,-0.017641494020525283,0.017641494020525283,0.0,0.017641494020525283,-0.018141494020525284,-0.017641494020525283,0.0,-0.017641494020525283
2026-02-27,0.009682234966736938,0.014249536789151085,0.014249536789151085,0.014249536789151085,0.014249536789151085,-0.014249536789151085,0.0,-0.014249536789151085,-0.0005,0.014249536789151085,-0.014749536789151085,0.014249536789151085
2026-03-02,-0.011470981782375388,-0.016807887343381123,-0.016807887343381123,-0.016807887343381123,-0.016807887343381123,0.016807887343381123,0.0,0.016807887343381123,-0.017307887343381123,-0.016807887343381123,0.016807887343381123,-0.016807887343381123
2026-03-03,-0.0065460213975834765,-0.009591575706884403,-0.009591575706884403,-0.009591575706884403,-0.009591575706884403,0.009591575706884403,0.0,0.009591575706884403,-0.0005,-0.009591575706884403,0.009591575706884403,-0.009591575706884403
2026-03-04,-0.001011543681811417,-0.0014821671387289514,-0.0014821671387289514,-0.0014821671387289514,-0.0014821671387289514,0.0014821671387289514,0.0,0.0014821671387289514,0.0,-0.0014821671387289514,0.0014821671387289514,-0.0014821671387289514
2026-03-05,-0.005065707503915685,-0.007422541736676336,-0.007422541736676336,-0.0005,-0.007422541736676336,0.007422541736676336,0.0,0.007422541736676336,-0.007922541736676336,-0.007422541736676336,0.007422541736676336,-0.007422541736676336
2026-03-06,-0.005353182006550411,-0.0005,-0.0005,-0.008343764535739873,-0.007843764535739872,0.007843764535739872,0.0,0.007843764535739872,-0.0005,-0.007843764535739872,0.007843764535739872,-0.007843764535739872
2026-03-09,0.01841679203512407,0.0,0.0,-0.0005,0.026985254760708344,-0.026985254760708344,0.0,-0.026985254760708344,0.0,0.026985254760708344,-0.026985254760708344,0.026985254760708344
2026-03-10,0.0015149037741464275,0.0017197168869222406,0.0017197168869222406,-0.0027197168869222406,0.0022197168869222406,-0.0022197168869222406,0.0,-0.0022197168869222406,0.0017197168869222406,0.0022197168869222406,-0.0022197168869222406,0.0022197168869222406
2026-03-11,0.0036898210417410093,0.005406520345286214,0.005406520345286214,-0.0005,0.005406520345286214,-0.005406520345286214,0.0,-0.005406520345286214,0.005406520345286214,0.005406520345286214,-0.005406520345286214,0.005406520345286214
2026-03-12,-0.011385758991777151,-0.016683014417014475,-0.016683014417014475,0.0,-0.016683014417014475,0.016683014417014475,0.0,0.016683014417014475,-0.016683014417014475,-0.016683014417014475,0.016683014417014475,-0.016683014417014475
2026-03-13,-0.0028553251449354544,-0.0005,-0.0005,0.0,-0.004183772956429577,0.004183772956429577,0.0,0.004183772956429577,-0.0005,-0.004183772956429577,0.004183772956429577,-0.004183772956429577
2026-03-16,0.007405465847208639,0.0,0.0,0.010350879030806392,0.010850879030806393,-0.010850879030806393,0.0,-0.010850879030806393,0.0,0.010850879030806393,-0.010850879030806393,0.010850879030806393
2026-03-17,0.01197172297394971,0.0,0.0,0.01754159974009184,0.01754159974009184,-0.01754159974009184,0.0,-0.01754159974009184,0.01704159974009184,0.01754159974009184,-0.01754159974009184,0.01754159974009184
2026-03-18,-0.007089955926883826,-0.010888577259506704,-0.010888577259506703,-0.0005,-0.010388577259506704,0.010388577259506704,0.0,-0.011388577259506705,-0.010388577259506704,-0.010388577259506704,0.010388577259506704,-0.010388577259506704
2026-03-19,-0.0012421073598701674,-0.0005,-0.0004999999999999999,0.0,-0.0018200011968599883,0.0018200011968599883,0.0,-0.0018200011968599883,-0.0005,-0.0018200011968599883,0.0018200011968599883,-0.0018200011968599883
2026-03-20,-0.017104857376484796,0.0,-0.02045898201913937,0.01945898201913937,-0.01995898201913937,0.01995898201913937,0.0,-0.01995898201913937,0.0,-0.01995898201913937,0.01995898201913937,-0.01995898201913937
2026-03-23,0.0028537073487149133,0.0,0.003521661147902977,0.002521661147902977,0.003521661147902977,-0.003521661147902977,0.0,-0.004521661147902977,0.0,0.003521661147902977,-0.003521661147902977,0.003521661147902977
2026-03-24,-0.038561389324067226,0.0,-0.03846919033715545,-0.0005,-0.03846919033715546,0.03846919033715546,0.0,0.03846919033715546,-0.03896919033715546,-0.03846919033715546,0.03846919033715546,-0.03846919033715546
2026-03-25,0.0013738367411507994,0.0,0.0016870180877650576,0.0011870180877650576,0.0016870180877650576,-0.0016870180877650576,0.0,-0.0016870180877650576,-0.0005,0.0016870180877650576,-0.0016870180877650576,0.0016870180877650576
2026-03-26,-0.029407829919617327,0.0,-0.03440681152238945,-0.0005,-0.03440681152238945,0.03440681152238945,0.0,0.03440681152238945,0.0,-0.03440681152238945,0.03440681152238945,-0.03440681152238945
2026-03-27,-0.018403321234276203,0.0,-0.02342306677223538,-0.02392306677223538,-0.02342306677223538,0.02342306677223538,0.0,0.023423066772235376,0.0,-0.02342306677223538,0.02342306677223538,-0.02342306677223538
2026-03-30,-0.0023672812420523722,0.0,-0.003061928559749294,-0.003061928559749294,-0.003061928559749294,0.003061928559749294,0.0,0.003061928559749294,0.0,-0.003061928559749294,0.003061928559749294,-0.003061928559749294
2026-03-31,0.041147988918963575,0.0,0.05140767278298308,0.05140767278298308,0.05140767278298308,-0.05140767278298308,0.0,-0.05140767278298308,0.0,0.05140767278298308,-0.05140767278298308,0.05140767278298308
2026-04-01,0.02156240784411502,0.0,0.03418426038221156,-0.03518426038221156,0.03418426038221156,-0.03418426038221156,0.0,-0.03418426038221156,0.03368426038221156,0.03418426038221156,-0.03418426038221156,0.03418426038221156
2026-04-02,-0.0032309213035573094,0.0,-0.005447446206045203,-0.006447446206045203,-0.005447446206045203,0.005447446206045203,0.0,0.005447446206045203,-0.005447446206045203,-0.005447446206045203,0.005447446206045203,-0.005447446206045203
2026-04-06,0.008394564033077388,0.0,0.014267800370968198,-0.0005,0.014267800370968198,-0.014267800370968198,0.0,-0.014267800370968198,-0.0005,0.014267800370968198,-0.014267800370968198,0.014267800370968198
2026-04-07,0.010630098910464555,0.0,0.018233945467744705,-0.018733945467744706,0.018233945467744705,-0.018233945467744705,0.0,-0.018233945467744705,0.017733945467744705,0.018233945467744705,-0.018233945467744705,0.018233945467744705
2026-04-08,0.022360465960870768,0.0,0.03882673963431005,-0.0005,0.03882673963431005,-0.03882673963431005,0.0,0.03782673963431005,0.03882673963431005,0.03882673963431005,-0.03882673963431005,0.03882673963431005
2026-04-09,0.002035498871758192,0.003187064768298942,0.003687064768298942,0.003187064768298942,0.003687064768298942,-0.003687064768298942,0.003187064768298942,0.003687064768298942,0.003687064768298942,-0.0005,-0.003687064768298942,0.003687064768298942
2026-04-10,-0.0021776440644486286,-0.003924717522926557,-0.003924717522926557,-0.0005,-0.003924717522926557,0.003924717522926557,-0.003924717522926557,-0.003924717522926557,-0.003924717522926557,0.0,0.003924717522926557,-0.003924717522926557
2026-04-13,0.007111447924784236,0.012829389221314713,0.012829389221314713,-0.013329389221314714,0.012829389221314713,-0.012829389221314713,0.012829389221314713,0.012829389221314713,0.012829389221314713,0.0,-0.012829389221314713,0.012829389221314713
2026-04-14,0.020252139033388013,0.03610221659486279,0.03610221659486279,-0.03610221659486279,0.03610221659486279,0.03510221659486279,0.03610221659486279,0.03610221659486279,0.03610221659486279,0.0,-0.0005,0.03610221659486279
2026-04-15,0.006763903772020793,0.012646066883422513,0.012646066883422513,-0.0005,0.012646066883422513,0.012646066883422513,0.012646066883422513,0.012646066883422513,0.012646066883422513,0.0,0.0,0.012646066883422513
2026-04-16,-0.0017468647024419665,-0.0032629979618038485,-0.0032629979618038485,0.0,-0.0032629979618038485,-0.0032629979618038485,-0.0032629979618038485,-0.0032629979618038485,-0.0032629979618038485,0.0,0.0,-0.0032629979618038485
2026-04-17,0.009060534369544227,0.01684431209009718,0.01684431209009718,-0.01734431209009718,0.01684431209009718,0.01684431209009718,0.01684431209009718,0.01684431209009718,0.01684431209009718,0.0,0.0,0.01684431209009718
2026-04-20,-0.006731498850603489,-0.012467774438631563,-0.012467774438631563,-0.0005,-0.012467774438631563,-0.012467774438631563,-0.012467774438631563,-0.01246777443863156,-0.012467774438631563,0.0,0.0,-0.012467774438631563
2026-04-21,-0.008040005764515464,-0.015203648803314485,-0.015203648803314485,-0.015703648803314485,-0.015203648803314485,-0.015203648803314485,-0.015203648803314485,-0.015203648803314485,-0.0005,0.0,0.0,-0.015203648803314485
2026-04-22,0.011179945989589192,0.02115626211004451,0.02115626211004451,0.02115626211004451,0.02115626211004451,0.02115626211004451,0.02115626211004451,0.02115626211004451,0.0,0.0,0.02065626211004451,0.02115626211004451
2026-04-23,-0.0006696764367052312,-0.0012672556948888358,-0.0012672556948888358,-0.0005,-0.0012672556948888358,-0.0012672556948888358,-0.0012672556948888358,-0.0012672556948888358,-0.0017672556948888358,0.0,-0.0012672556948888358,-0.0012672556948888358
2026-04-24,0.008591943811683172,0.016258881347370746,0.016258881347370746,0.0,0.016258881347370746,0.016258881347370746,0.016258881347370746,0.016258881347370746,0.016258881347370746,0.0,0.016258881347370746,0.016258881347370746
2026-04-27,0.009114328801773628,0.017247411505119103,0.017247411505119103,0.0,0.017247411505119103,0.017247411505119103,0.017247411505119103,0.017247411505119103,0.017247411505119103,0.0,0.017247411505119103,0.017247411505119103
2026-04-28,-0.0008446875485395994,-0.0015984362710370625,-0.0015984362710370625,0.0,-0.0015984362710370625,-0.0015984362710370625,-0.0015984362710370625,-0.0015984362710370625,-0.0015984362710370625,0.0,-0.0015984362710370625,-0.0015984362710370625
2026-04-29,0.000241738863644735,0.00045745218860759884,0.00045745218860759884,-4.254781139240117e-05,0.00045745218860759884,0.00045745218860759884,0.00045745218860759884,0.00045745218860759884,0.00045745218860759884,0.0,0.00045745218860759884,0.00045745218860759884
2026-04-30,0.05264223627499151,0.09961702406520634,0.09961702406520634,0.09961702406520634,0.09961702406520634,0.09961702406520634,0.09961702406520634,0.09961702406520634,0.09961702406520634,0.0,0.09961702406520634,0.09961702406520634
2026-05-01,0.0009535028565045856,0.002312960442559797,0.002312960442559797,-0.0005,0.002312960442559797,0.002312960442559797,0.002312960442559797,0.002312960442559797,0.002312960442559797,0.0,0.002312960442559797,0.002312960442559797
2026-05-04,-0.0027386829619101332,-0.006326388005902461,-0.006326388005902461,-0.006826388005902462,-0.006326388005902461,-0.006326388005902461,-0.006326388005902461,-0.006326388005902461,-0.006326388005902461,0.0,-0.006326388005902461,-0.006326388005902461
2026-05-05,0.00585104934225075,0.013515988851422689,0.013515988851422689,0.013515988851422689,0.013515988851422689,0.013515988851422689,0.013515988851422689,0.013515988851422689,-0.0005,0.0,0.013515988851422689,0.013515988851422689
2026-05-06,0.010710191981023829,0.024740662220501752,0.024740662220501752,0.024740662220501752,0.024740662220501752,0.024740662220501752,0.024740662220501752,0.02474066222050175,0.024240662220501752,0.0,0.024740662220501752,0.024740662220501752
2026-05-07,-5.4397945880595557e-05,-0.00012565985809642743,-0.00012565985809642743,-0.00012565985809642743,-0.00012565985809642743,-0.00012565985809642743,-0.00012565985809642743,-0.0001256598580964275,-0.00012565985809642743,0.0,-0.00012565985809642743,-0.00012565985809642743
2026-05-08,0.0030564659882506844,0.007060470320022549,0.007060470320022549,0.007060470320022549,0.007060470320022549,0.007060470320022549,0.007060470320022549,0.007060470320022549,0.007060470320022549,0.0,0.007060470320022549,0.007060470320022549
2026-05-11,-0.013133809081037184,-0.03033924459227455,-0.03033924459227455,-0.03033924459227455,-0.03033924459227455,-0.03033924459227455,-0.03033924459227455,-0.03033924459227455,-0.03033924459227455,0.0,-0.03033924459227455,-0.03033924459227455
2026-05-12,-0.0014369227030559641,-0.0033193073752800784,-0.0033193073752800784,-0.0005,-0.0033193073752800784,-0.0033193073752800784,-0.0033193073752800784,-0.0033193073752800784,-0.0005,0.0,-0.0033193073752800784,-0.0033193073752800784
2026-05-13,0.017065605398908508,0.039421737678543955,0.039421737678543955,0.0,0.039421737678543955,0.039421737678543955,0.039421737678543955,0.039421737678543955,0.0,0.0,0.039421737678543955,0.039421737678543955
2026-05-14,-0.001666562421447283,-0.0038497776707889786,-0.0038497776707889786,0.0,-0.0038497776707889786,-0.0038497776707889786,-0.0038497776707889786,-0.0038497776707889786,-0.004349777670788979,0.0,-0.0038497776707889786,-0.0038497776707889786
2026-05-15,-0.004630454691359045,-0.010696401675080014,-0.010696401675080014,0.0,-0.010696401675080014,-0.010696401675080014,-0.010696401675080014,-0.010696401675080014,-0.010696401675080014,0.0,-0.010696401675080014,-0.010696401675080014
2026-05-18,0.00017457290283786928,0.00040326534105239453,0.00040326534105239453,-0.0009032653410523945,0.00040326534105239453,0.00040326534105239453,0.00040326534105239453,0.00040326534105239453,-0.0005,0.0,0.00040326534105239453,0.00040326534105239453
2026-05-19,-0.010120680628719188,-0.023378884460741545,-0.023378884460741545,0.023378884460741545,-0.023378884460741545,-0.023378884460741545,-0.023378884460741545,-0.023378884460741545,-0.023878884460741545,0.0,-0.023378884460741545,-0.023378884460741545
2026-05-20,0.0013958853199666208,0.00322451056536055,0.00322451056536055,0.00222451056536055,0.00322451056536055,0.00322451056536055,0.00322451056536055,0.00322451056536055,-0.0005,0.00272451056536055,0.00322451056536055,0.00322451056536055
2026-05-21,-0.001391398740028806,-0.0032141465159613025,-0.0032141465159613025,-0.0032141465159613025,-0.0032141465159613025,-0.0032141465159613025,-0.0032141465159613025,-0.0032141465159613025,0.0,-0.0032141465159613025,-0.0032141465159613025,-0.0032141465159613025
2026-05-22,-0.005237297886791038,-0.012098216184623256,-0.012098216184623256,0.011098216184623255,-0.012098216184623256,-0.012098216184623256,-0.012098216184623256,-0.012098216184623256,0.0,-0.012098216184623256,-0.012098216184623256,-0.012098216184623256
2026-05-26,0.006680485641409148,0.015431995898472772,0.015431995898472772,0.014431995898472771,0.015431995898472772,0.015431995898472772,0.015431995898472772,0.015431995898472772,0.0,0.015431995898472772,0.015431995898472772,0.015431995898472772
2026-05-27,-5.567928119972133e-05,-0.00012861975688982508,-0.00012861975688982508,-0.0008713802431101749,-0.00012861975688982508,-0.00012861975688982508,-0.00012861975688982508,-0.00012861975688982508,-0.0006286197568898251,-0.00012861975688982508,-0.0005,-0.00012861975688982508
2026-05-28,0.001447371580481155,0.0033434443979794004,0.0033434443979794004,-0.0033434443979794004,0.0033434443979794004,0.0033434443979794004,0.0033434443979794004,0.0033434443979794004,0.0033434443979794004,0.0033434443979794004,0.0,0.0033434443979794004
2026-05-29,-0.010863263715359171,-0.02509425962392897,-0.02509425962392897,0.02509425962392897,-0.02509425962392897,-0.02509425962392897,-0.02509425962392897,-0.02509425962392897,-0.02509425962392897,-0.02509425962392897,0.0,-0.02509425962392897
2026-06-01,-0.004518595222299447,-0.010438005061361832,-0.010438005061361832,-0.011438005061361833,-0.010438005061361832,-0.010438005061361832,-0.0005,-0.010438005061361832,-0.0005,-0.010438005061361832,0.0,-0.010438005061361832
2026-06-02,-0.016700798924743975,-0.03857903067859958,-0.03857903067859958,-0.03857903067859958,-0.03857903067859958,-0.03857903067859958,0.0,0.03757903067859958,0.0,-0.0005,0.0,-0.03857903067859958
2026-06-03,-0.003421570814115352,-0.007903866515702074,-0.007903866515702074,0.006903866515702074,-0.007903866515702074,-0.007903866515702074,0.0,0.007903866515702074,0.0,0.0,0.0,-0.007903866515702074
2026-06-04,0.015917619836140633,0.03676987830078726,0.03676987830078726,-0.03676987830078726,0.03676987830078726,0.03676987830078726,0.0,-0.036769878300787255,0.0,0.0,0.0,0.03676987830078726
2026-06-05,-0.004257012130674103,-0.009833745219524848,-0.009833745219524848,-0.010833745219524848,-0.009833745219524848,-0.009833745219524848,0.0,0.009833745219524848,-0.010333745219524848,0.0,0.0,-0.009833745219524848
2026-06-08,-0.005876820586429956,-0.013575520711203493,-0.013575520711203493,-0.013575520711203493,-0.013575520711203493,-0.013575520711203493,0.0,0.013575520711203493,-0.013575520711203493,0.0,0.0,-0.013575520711203493
2026-06-09,0.0011319774423413276,0.002614880442088685,0.002614880442088685,-0.003614880442088685,0.002614880442088685,0.002614880442088685,0.0,-0.002614880442088685,-0.0005,0.0,0.0,0.002614880442088685
2026-06-10,-0.009364852196321848,-0.021632912402002935,-0.02163291240200293,0.021632912402002935,-0.021632912402002935,-0.021632912402002935,0.0,0.021632912402002935,0.0,0.0,0.0,-0.021632912402002935
2026-06-11,0.0016884276213998007,0.003900286525099661,0.0039002865250996606,0.002900286525099661,0.003900286525099661,0.003900286525099661,0.0,-0.003900286525099661,0.0,0.0,0.0,0.003900286525099661
2026-06-12,0.0023110866452818618,0.005338635773713296,0.005338635773713296,0.005338635773713296,0.005338635773713296,0.005338635773713296,0.0,-0.005338635773713296,0.0,0.0,0.0,0.005338635773713296
2026-06-15,0.011638492528253358,0.02688504677670811,0.02688504677670811,-0.02788504677670811,0.02688504677670811,-0.02788504677670811,0.0,-0.026885046776708107,0.02638504677670811,0.0,0.0,0.02688504677670811
2026-06-16,0.00457100559105012,0.010559073594251789,0.010559073594251789,0.009559073594251788,0.010559073594251789,-0.010559073594251789,0.0,-0.010559073594251789,0.010559073594251789,0.0,0.0,0.010559073594251789
2026-06-17,-0.01097177425534425,-0.0253449201743553,-0.0253449201743553,-0.0253449201743553,-0.0253449201743553,0.0253449201743553,-0.0258449201743553,0.0253449201743553,-0.0253449201743553,0.0,0.0,-0.0253449201743553
2026-06-18,0.005045451373805232,0.011655048612615904,0.011655048612615902,0.011655048612615904,0.011655048612615904,-0.011655048612615904,-0.0005,-0.011655048612615904,-0.0005,0.0,0.0,0.011655048612615904
2026-06-22,-0.02158434770503464,-0.04986008250517615,-0.04986008250517615,-0.04986008250517615,-0.04986008250517615,0.04986008250517615,0.0,-0.05086008250517615,-0.05036008250517615,0.0,0.0,-0.04986008250517615
2026-06-23,-0.00439482929716186,-0.01015210440209613,-0.01015210440209613,0.009152104402096128,-0.01015210440209613,0.01015210440209613,0.0,-0.01015210440209613,-0.0005,0.0,0.0,-0.01015210440209613
2026-06-24,-0.0010505677863528915,-0.0024268232341632112,-0.002426823234163211,-0.0034268232341632112,-0.0024268232341632112,0.0024268232341632112,0.0,-0.0024268232341632112,0.0,0.0,0.0019268232341632112,-0.0024268232341632112
2026-06-25,-0.001980905274998129,-0.0045759131476235115,-0.0045759131476235115,0.0035759131476235115,-0.0045759131476235115,0.0045759131476235115,0.0,-0.0045759131476235115,0.0,0.0,0.0045759131476235115,-0.0045759131476235115
2026-06-26,-0.007959930267702446,-0.018387527170465212,-0.018387527170465212,-0.019387527170465213,-0.018387527170465212,0.018387527170465212,0.0,-0.018387527170465212,0.0,0.0,0.018387527170465212,-0.018387527170465212
2026-06-29,0.020862852977083266,0.04819342168436691,0.04819342168436691,-0.04919342168436691,0.04819342168436691,-0.04819342168436691,0.0,0.04819342168436691,0.0,0.0,-0.04819342168436691,0.04819342168436691
2026-06-30,0.0045536050825917785,0.010518878226792872,0.010518878226792872,0.00951887822679287,0.010518878226792872,-0.010518878226792872,0.0,0.010518878226792872,0.010018878226792871,0.0,-0.010518878226792872,0.010518878226792872
2026-07-01,0.004651560347082632,0.010745155973800768,0.010745155973800767,0.010745155973800768,0.010745155973800768,-0.010745155973800768,0.0,0.010745155973800767,0.010745155973800768,0.0,-0.010745155973800768,0.010745155973800768
2026-07-02,-0.0015579928313935176,-0.0035989807140492935,-0.0035989807140492935,-0.0035989807140492935,-0.0035989807140492935,0.0035989807140492935,-0.004098980714049294,-0.0035989807140492935,-0.0035989807140492935,0.0,0.0035989807140492935,-0.0035989807140492935
2026-07-06,0.007878299889127437,0.018198960090917593,0.018198960090917593,0.018198960090917593,0.018198960090917593,-0.018198960090917593,0.018198960090917593,0.018198960090917593,0.018198960090917593,0.0,-0.0005,0.018198960090917593
2026-07-07,0.0006733483568240681,0.0015554421697043797,0.0015554421697043794,0.0015554421697043797,0.0015554421697043797,-0.0015554421697043797,0.0015554421697043797,0.0015554421697043797,0.0015554421697043797,0.0,0.0,0.0015554421697043797
2026-07-08,-0.006027039372752999,-0.013922527773091553,-0.013922527773091553,0.012922527773091552,-0.013922527773091553,0.013922527773091553,-0.013922527773091553,-0.013922527773091553,-0.013922527773091553,0.0,0.0,-0.013922527773091553
2026-07-09,-0.0036242303245293205,-0.008372012231652626,-0.008372012231652626,0.008372012231652626,-0.008372012231652624,0.008372012231652626,-0.008372012231652626,-0.008372012231652626,-0.0005,0.0,0.0,-0.008372012231652626
2026-07-10,-0.0020626533730376735,-0.004764752160439367,-0.004764752160439367,0.004764752160439367,-0.004764752160439367,0.004764752160439367,-0.0005,-0.004764752160439367,0.0,0.0,0.0,-0.004764752160439367
2026-07-13,-0.005659969656544213,-0.013074592658932294,-0.013074592658932294,-0.014074592658932294,-0.013074592658932294,0.013074592658932294,0.0,-0.013074592658932294,0.0,0.0,0.0,-0.013074592658932294
2026-07-14,0.008596318975995049,0.01985759214228877,0.01985759214228877,-0.020857592142288772,0.01985759214228877,-0.01985759214228877,0.0,0.01985759214228877,0.0,0.0,-0.020357592142288772,0.01985759214228877
2026-07-15,0.013739177446015563,0.03173765222711844,0.03173765222711844,-0.03173765222711844,0.03173765222711844,0.03073765222711844,0.03123765222711844,0.03173765222711844,0.03123765222711844,0.0,-0.03173765222711844,0.03173765222711844
2026-07-16,-0.019210385474067452,-0.044376203431425565,-0.044376203431425565,-0.045376203431425566,-0.04437620343142556,-0.044376203431425565,-0.044376203431425565,-0.04437620343142556,-0.044376203431425565,0.0,-0.0005,-0.044376203431425565
2026-07-17,-0.009391721176930205,-0.021694980045105727,-0.021694980045105727,0.020694980045105726,-0.021694980045105727,-0.021694980045105727,-0.0005,-0.021694980045105727,-0.0005,0.0,0.0,-0.021694980045105727
2026-07-20,0.006516509542377311,0.01505320929169951,0.01505320929169951,-0.01505320929169951,0.01505320929169951,0.01505320929169951,0.0,0.01505320929169951,0.0,0.0,0.0,0.01505320929169951
2026-07-21,-0.005952517150550722,-0.013750380613573365,-0.013750380613573365,-0.014750380613573366,-0.013750380613573365,0.012750380613573364,0.0,-0.013750380613573365,0.0,0.0,0.013250380613573365,-0.013750380613573365
2026-07-22,-0.0063098506662304975,-0.014575824996564957,-0.014575824996564957,-0.0005,-0.014575824996564957,0.014575824996564957,0.0,-0.014575824996564957,0.0,0.0,0.014575824996564957,-0.014575824996564957
2026-07-23,-0.03087701288249828,-0.0713262420932762,-0.0713262420932762,0.0,-0.0713262420932762,0.0713262420932762,0.0,-0.07132624209327619,0.0,0.0,0.0713262420932762,-0.0713262420932762
2026-07-24,0.002478714285103409,-0.0005,-0.0005,0.005952792902561732,-0.007452792902561733,-0.0064527929025617325,0.0,0.0064527929025617325,0.0,0.0,-0.0064527929025617325,0.0064527929025617325
2026-07-27,0.008268251923164618,0.0,0.0,0.021329854045531116,-0.021329854045531116,-0.021329854045531116,0.0,0.021329854045531112,0.0,0.0,-0.021329854045531116,0.021329854045531116
2026-07-28,0.008487279487609647,0.021394885931953433,0.021394885931953433,0.021894885931953434,0.020894885931953433,-0.021894885931953434,0.0,0.021894885931953434,0.0,0.0,-0.021894885931953434,0.021894885931953434
2026-07-29,0.003484800029262853,0.008989841709321045,0.008989841709321045,-0.0005,0.008989841709321045,-0.008989841709321045,0.0,0.008989841709321045,0.008489841709321044,0.0,-0.008989841709321045,0.008989841709321045
2026-07-30,-0.003511299820482809,-0.009058204004545156,-0.009058204004545156,-0.009558204004545157,-0.009058204004545156,0.009058204004545156,0.0,-0.009058204004545156,-0.009058204004545156,0.0,0.009058204004545156,-0.009058204004545156
2026-07-31,0.026105064022119772,0.0673440057965653,0.0673440057965653,0.0673440057965653,0.0673440057965653,-0.0673440057965653,0.0,0.0673440057965653,-0.0005,0.0,-0.0673440057965653,0.0673440057965653
2026-08-03,0.018917648218722317,0.04880241665829743,0.04880241665829743,0.04880241665829743,0.04880241665829743,-0.04880241665829743,0.04830241665829743,0.04880241665829743,0.04830241665829743,0.0,-0.04880241665829743,0.04880241665829743
2026-08-04,0.00429657352678688,0.011083997811617285,0.011083997811617285,0.011083997811617285,0.011083997811617285,-0.011083997811617285,0.011083997811617285,0.011083997811617285,0.011083997811617285,0.0,-0.011083997811617285,0.011083997811617285
2026-08-05,-0.01562251758224499,-0.040301870691609176,-0.040301870691609176,-0.040301870691609176,-0.040301870691609176,0.040301870691609176,-0.040301870691609176,-0.040301870691609176,-0.040301870691609176,-0.04080187069160918,-0.0005,-0.040301870691609176
2026-08-06,-0.005005493018735964,-0.012912818393503778,-0.012912818393503776,-0.0005,-0.012912818393503776,-0.013912818393503779,-0.012912818393503778,-0.012912818393503778,-0.0005,-0.012912818393503778,0.0,-0.012912818393503778
2026-08-07,-0.0037382367801245993,-0.009643639991701591,-0.00964363999170159,0.0,-0.00964363999170159,-0.009643639991701591,-0.009643639991701591,-0.009643639991701591,0.0,-0.009643639991701591,0.0,-0.009643639991701591
2026-08-10,0.003522984365328624,0.009088346970490768,0.009088346970490768,0.0,0.009088346970490766,0.009088346970490768,0.009088346970490768,0.009088346970490768,0.0,0.009088346970490768,0.0,0.009088346970490768
2026-08-11,-0.014875776289490734,-0.038375480091487835,-0.038375480091487835,0.0,-0.038375480091487835,-0.038375480091487835,-0.038375480091487835,-0.03837548009148783,0.0,-0.038375480091487835,0.0,-0.038375480091487835
2026-08-12,-0.00029312890333918506,-0.0007561933021458245,-0.0007561933021458245,0.00025619330214582446,-0.0007561933021458245,-0.0007561933021458245,-0.0005,-0.0007561933021458246,0.0,-0.0007561933021458245,0.0,-0.0007561933021458245
2026-08-13,0.003181954983124467,0.008208583386210888,0.008208583386210888,-0.008208583386210888,0.008208583386210888,-0.009208583386210889,0.0,0.008208583386210888,0.0,0.008208583386210888,0.0,0.008208583386210888
2026-08-14,-0.0005148110598806635,-0.0013280733183171911,-0.0013280733183171911,0.0013280733183171911,-0.0013280733183171911,0.0013280733183171911,0.0,-0.0013280733183171911,0.0,-0.0013280733183171911,0.0,-0.0013280733183171911
2026-08-17,-0.0021292539831451857,-0.005492899479648372,-0.005492899479648372,0.005492899479648372,-0.005492899479648372,0.005492899479648372,0.0,-0.005492899479648372,0.0,-0.005492899479648372,0.0,-0.005492899479648372
2026-08-18,0.00022538441212006913,0.0005814308343932151,0.0005814308343932151,-0.0005814308343932151,0.0005814308343932151,-0.0005814308343932151,0.0,0.0005814308343932151,0.0,0.0005814308343932151,-0.001081430834393215,0.0005814308343932151
