date,3.15.channel,6.5.volatility_targeting,4.6.multi_asset_trend,4.1.2.dual_momentum,3.11.single_moving_average,3.20.alpha_combo,3.17.single_stock_knn,3.13.three_moving_averages,10.4.trend_following,3.12.two_moving_averages,3.14.support_resistance,__benchmark__
2016-03-11,0.011946291733968939,0.011946291733968939,0.011946291733968939,0.011946291733968939,0.011946291733968939,0.011946291733968939,0.011946291733968939,0.011946291733968939,0.011946291733968939,0.011946291733968939,0.0,0.011946291733968939
2016-03-14,-0.0004324227990146756,-0.0004324227990146756,-0.0004324227990146756,-0.0004324227990146756,-0.0004324227990146756,-0.0005675772009853244,-0.0005675772009853244,-0.0004324227990146756,-0.0004324227990146756,-0.0004324227990146756,-0.0009324227990146756,-0.0004324227990146756
2016-03-15,0.0037078824458345316,0.0037078824458345316,0.0037078824458345316,0.0037078824458345316,0.0037078824458345316,-0.003707882445834531,-0.0037078824458345316,0.0037078824458345316,0.0037078824458345316,0.0037078824458345316,0.0037078824458345316,0.0037078824458345316
2016-03-16,0.002955520184867444,0.002955520184867444,0.002955520184867444,0.002955520184867444,0.002955520184867444,-0.0029555201848674435,0.001955520184867444,0.002955520184867444,0.002955520184867444,0.002955520184867444,0.002955520184867444,0.002955520184867444
2016-03-17,0.005279504245445876,0.005279504245445876,0.005279504245445876,0.005279504245445876,0.005279504245445876,-0.005279504245445875,-0.006279504245445876,0.005279504245445876,0.005279504245445876,0.005279504245445876,0.005279504245445876,0.005279504245445876
2016-03-18,0.009649129280527635,0.009649129280527635,0.009649129280527635,0.009649129280527635,0.009649129280527635,-0.009649129280527633,-0.009649129280527635,0.009649129280527635,0.009649129280527635,0.009649129280527635,0.009649129280527635,0.009649129280527635
2016-03-21,-0.00296417963639517,-0.00296417963639517,-0.00296417963639517,-0.00296417963639517,-0.00296417963639517,0.0029641796363951696,0.00296417963639517,-0.00296417963639517,-0.00296417963639517,-0.00296417963639517,-0.00296417963639517,-0.00296417963639517
2016-03-22,0.0004249667133844337,0.0004249667133844337,0.0004249667133844337,0.0004249667133844337,0.0004249667133844337,-0.0005750332866155663,-0.0004249667133844337,0.0004249667133844337,0.0004249667133844337,0.0004249667133844337,-0.0005,0.0004249667133844337
2016-03-23,-0.003880773229661072,-0.003880773229661072,-0.0038807732296610715,-0.003880773229661072,-0.003880773229661072,0.0028807732296610715,0.003880773229661072,-0.003880773229661072,-0.003880773229661072,-0.003880773229661072,-0.004380773229661072,-0.003880773229661072
2016-03-24,0.001156354669534121,0.001156354669534121,0.001156354669534121,0.001156354669534121,0.001156354669534121,0.0001563546695341209,-0.001156354669534121,0.001156354669534121,0.001156354669534121,0.001156354669534121,-0.0005,0.001156354669534121
2016-03-28,0.011066928067752002,0.011066928067752002,0.011066928067752002,0.011066928067752002,0.011066928067752002,-0.012066928067752,-0.011066928067752002,0.011066928067752002,0.011066928067752,0.011066928067752002,0.010566928067752002,0.011066928067752002
2016-03-29,-0.011366771999697378,-0.011366771999697378,-0.011366771999697378,-0.011366771999697378,-0.011366771999697378,0.011366771999697376,-0.012366771999697379,-0.011366771999697378,-0.011366771999697378,-0.011366771999697378,-0.011366771999697378,-0.011366771999697378
2016-03-30,0.014356330989450994,0.014356330989450994,0.014356330989450994,0.014356330989450994,0.014356330989450994,0.013356330989450993,0.014356330989450994,0.014356330989450994,0.014356330989450994,0.014356330989450994,-0.0005,0.014356330989450994
2016-03-31,-0.0007198207557828074,-0.0007198207557828074,-0.0007198207557828074,-0.0007198207557828074,-0.0007198207557828074,-0.0002801792442171928,-0.00028017924421719267,-0.0007198207557828074,-0.0007198207557828074,-0.0007198207557828074,-0.0012198207557828074,-0.0007198207557828074
2016-04-01,0.005401246761011613,0.005401246761011613,0.005401246761011612,0.005401246761011613,0.005401246761011613,-0.005401246761011612,-0.005401246761011613,0.005401246761011613,0.005401246761011613,0.005401246761011613,0.005401246761011613,0.005401246761011613
2016-04-04,-0.006744805065035053,-0.006744805065035053,-0.006744805065035053,-0.006744805065035053,-0.006744805065035053,0.006744805065035052,0.006744805065035053,-0.006744805065035053,-0.006744805065035053,-0.006744805065035053,-0.006744805065035053,-0.006744805065035053
2016-04-05,-0.0035457468849058316,-0.0035457468849058316,-0.0035457468849058316,-0.0035457468849058316,-0.0035457468849058316,-0.004545746884905832,0.0035457468849058316,-0.0035457468849058316,-0.0035457468849058316,-0.0035457468849058316,-0.0005,-0.0035457468849058316
2016-04-06,0.006030875671455771,0.006030875671455771,0.006030875671455771,0.006030875671455771,0.006030875671455771,0.006030875671455771,-0.006030875671455771,0.006030875671455771,0.006030875671455771,0.006030875671455771,0.0,0.006030875671455771
2016-04-07,0.002098137534997324,0.002098137534997324,0.002098137534997324,0.002098137534997324,0.002098137534997324,-0.0030981375349973237,-0.002098137534997324,0.002098137534997324,0.002098137534997324,0.002098137534997324,0.0015981375349973241,0.002098137534997324
2016-04-08,-0.0031706753395409626,-0.0031706753395409626,-0.0031706753395409626,-0.0031706753395409626,-0.0031706753395409626,0.003170675339540962,-0.004170675339540963,-0.0031706753395409626,-0.0031706753395409626,-0.0031706753395409626,-0.0031706753395409626,-0.0031706753395409626
2016-04-11,-0.00024016398329596012,-0.00024016398329596012,-0.00024016398329596014,-0.00024016398329596012,-0.00024016398329596012,0.0002401639832959601,-0.0007598360167040399,-0.00024016398329596012,-0.00024016398329596012,-0.00024016398329596012,-0.00024016398329596012,-0.00024016398329596012
2016-04-12,0.008644009725847113,0.008644009725847113,0.008644009725847113,0.008644009725847113,0.008644009725847113,0.007644009725847111,-0.008644009725847113,0.008644009725847113,0.008644009725847113,0.008644009725847113,0.008644009725847113,0.008644009725847113
2016-04-13,0.0033326921252760933,0.0033326921252760933,0.0033326921252760933,0.0033326921252760933,0.0033326921252760933,0.0033326921252760933,0.0023326921252760932,0.0033326921252760933,0.0033326921252760933,0.0033326921252760933,0.0033326921252760933,0.0033326921252760933
2016-04-14,-0.0025502766672924615,-0.0025502766672924615,-0.0025502766672924615,-0.0025502766672924615,-0.0025502766672924615,-0.0025502766672924615,-0.0025502766672924615,-0.0025502766672924615,-0.002550276667292461,-0.0025502766672924615,-0.0025502766672924615,-0.0025502766672924615
2016-04-15,0.0036873100556866767,0.0036873100556866767,0.0036873100556866767,0.0036873100556866767,0.0036873100556866767,0.0036873100556866763,-0.004687310055686677,0.0036873100556866767,0.0036873100556866767,0.0036873100556866767,0.0036873100556866767,0.0036873100556866767
2016-04-18,0.004561586848882859,0.004561586848882859,0.004561586848882859,0.004561586848882859,0.004561586848882859,0.004561586848882859,0.0035615868488828592,0.004561586848882859,0.004561586848882859,0.004561586848882859,0.004561586848882859,0.004561586848882859
2016-04-19,0.0005899196439864696,0.0005899196439864696,0.0005899196439864696,0.0005899196439864696,0.0005899196439864696,0.0005899196439864696,-0.0015899196439864696,0.0005899196439864696,0.0005899196439864696,0.0005899196439864696,0.0005899196439864696,0.0005899196439864696
2016-04-20,-0.004185337753884855,-0.004185337753884855,-0.004185337753884854,-0.004185337753884855,-0.004185337753884855,-0.004185337753884855,-0.005185337753884855,-0.004185337753884855,-0.004185337753884855,-0.004185337753884855,-0.004185337753884855,-0.004185337753884855
2016-04-21,-0.001657106878725445,-0.001657106878725445,-0.001657106878725445,-0.001657106878725445,-0.001657106878725445,-0.0016571068787254448,-0.001657106878725445,-0.001657106878725445,-0.001657106878725445,-0.001657106878725445,-0.0005,-0.001657106878725445
2016-04-22,0.0,0.0,0.0,0.0,0.0,0.0,0.0,0.0,0.0,0.0,0.0,0.0
2016-04-25,-0.0016603099637453322,-0.0016603099637453322,-0.0016603099637453322,-0.0016603099637453322,-0.0016603099637453322,-0.001660309963745332,-0.0016603099637453322,-0.0016603099637453322,-0.0016603099637453322,-0.0016603099637453322,0.0,-0.0016603099637453322
2016-04-26,-0.01306554165474294,-0.01306554165474294,-0.013065541654742939,-0.01306554165474294,-0.01306554165474294,-0.013065541654742939,0.01206554165474294,-0.01306554165474294,-0.01306554165474294,-0.01306554165474294,0.0,-0.01306554165474294
2016-04-27,0.009507954985943146,0.009507954985943146,0.009507954985943146,0.009507954985943146,0.009507954985943146,0.009507954985943144,-0.009507954985943146,0.009507954985943146,-0.010507954985943146,0.009507954985943146,0.0,0.009507954985943146
2016-04-28,-0.004530255030625763,-0.004530255030625763,-0.004530255030625763,-0.004530255030625763,-0.004530255030625763,-0.004530255030625763,0.004530255030625763,-0.0005,-0.005530255030625763,-0.004530255030625763,-0.005030255030625763,-0.004530255030625763
2016-04-29,0.0022751311386228767,0.0022751311386228767,0.0022751311386228767,0.0022751311386228767,0.0022751311386228767,0.0022751311386228763,-0.0022751311386228767,0.0,0.0022751311386228767,0.0022751311386228767,-0.0005,0.0022751311386228767
2016-05-02,0.005735372607325928,0.005735372607325928,0.005735372607325928,0.005735372607325928,0.005735372607325928,0.005735372607325928,-0.005735372607325928,0.0,0.005735372607325928,0.005735372607325928,0.005235372607325928,0.005735372607325928
2016-05-03,-0.002198081867724855,-0.002198081867724855,-0.002198081867724855,-0.002198081867724855,-0.002198081867724855,-0.002198081867724855,0.002198081867724855,0.0,-0.002198081867724855,-0.002198081867724855,-0.002198081867724855,-0.002198081867724855
2016-05-04,-0.004821987164894459,-0.004821987164894459,-0.004821987164894459,-0.004821987164894459,-0.004821987164894459,-0.004821987164894459,0.004821987164894459,0.0,-0.004821987164894459,-0.004821987164894459,-0.004821987164894459,-0.004821987164894459
2016-05-05,0.0036493281472429473,0.0036493281472429473,0.003649328147242947,0.0036493281472429473,0.0036493281472429473,0.003649328147242947,-0.0036493281472429473,0.0,0.0036493281472429473,0.0036493281472429473,-0.0005,0.0036493281472429473
2016-05-06,0.006675712079872609,0.006675712079872609,0.006675712079872609,0.006675712079872609,0.006675712079872609,0.006675712079872609,-0.006675712079872609,0.0,0.006675712079872609,0.006675712079872609,0.006175712079872608,0.006675712079872609
2016-05-09,-0.0021909232705364934,-0.0021909232705364934,-0.0021909232705364934,-0.0021909232705364934,-0.0021909232705364934,-0.0021909232705364934,0.0021909232705364934,0.0,-0.0021909232705364934,-0.0021909232705364934,-0.0021909232705364934,-0.0021909232705364934
2016-05-10,0.010325286259124322,0.010325286259124322,0.010325286259124322,0.010325286259124322,0.010325286259124322,0.010325286259124322,-0.010325286259124322,0.009825286259124322,0.010325286259124322,0.010325286259124322,0.010325286259124322,0.010325286259124322
2016-05-11,-0.0028779765869383356,-0.0028779765869383356,-0.0028779765869383356,-0.0028779765869383356,-0.0028779765869383356,-0.0028779765869383356,0.0028779765869383356,-0.0028779765869383356,-0.0028779765869383356,-0.0028779765869383356,-0.0028779765869383356,-0.0028779765869383356
2016-05-12,0.0022380852120786887,0.0022380852120786887,0.0022380852120786883,0.0022380852120786887,0.0022380852120786887,0.0022380852120786887,-0.0022380852120786887,0.0022380852120786887,0.0022380852120786887,0.0022380852120786887,0.0022380852120786887,0.0022380852120786887
2016-05-13,-0.010755302367655761,-0.010755302367655761,-0.010755302367655761,-0.010755302367655761,-0.010755302367655761,-0.010755302367655761,0.010755302367655761,-0.010755302367655761,-0.010755302367655761,-0.010755302367655761,-0.010755302367655761,-0.010755302367655761
2016-05-16,0.007307759625810872,0.007307759625810872,0.007307759625810872,0.007307759625810872,0.007307759625810872,0.007307759625810872,-0.007307759625810872,0.007307759625810872,0.007307759625810872,0.007307759625810872,-0.0005,0.007307759625810872
2016-05-17,-0.010261960934010217,-0.010261960934010217,-0.010261960934010217,-0.010261960934010217,-0.010261960934010217,-0.010261960934010217,0.010261960934010217,-0.010261960934010217,-0.010261960934010217,-0.010261960934010217,-0.010761960934010217,-0.010261960934010217
2016-05-18,0.0007195944437576873,0.0007195944437576873,0.0007195944437576873,0.0007195944437576873,0.0007195944437576873,0.0007195944437576873,-0.0007195944437576873,0.0007195944437576873,-0.0017195944437576874,0.0007195944437576873,-0.0005,0.0007195944437576873
2016-05-19,-0.010250767214936674,-0.010250767214936674,-0.010250767214936674,-0.010250767214936674,-0.010250767214936674,-0.010250767214936674,-0.011250767214936674,-0.010250767214936674,0.010250767214936674,-0.010250767214936674,0.0,-0.010250767214936674
2016-05-20,-0.0006052967174611235,-0.0006052967174611235,-0.0006052967174611235,-0.0006052967174611235,-0.0005,-0.0006052967174611235,-0.00039470328253887656,-0.00039470328253887656,0.0006052967174611235,-0.00039470328253887656,0.0,-0.0006052967174611235
2016-05-23,0.0066658957713841005,0.0066658957713841005,0.0066658957713841005,0.0066658957713841005,0.0,0.0066658957713841005,-0.0066658957713841005,-0.0066658957713841005,-0.0066658957713841,-0.0066658957713841005,0.0,0.0066658957713841005
2016-05-24,0.015170869690636746,0.015170869690636746,0.015170869690636746,0.015170869690636746,0.014670869690636745,0.015170869690636746,-0.015170869690636746,-0.015170869690636746,-0.015170869690636746,-0.015170869690636746,0.014670869690636745,0.015170869690636746
2016-05-25,0.00806473851702294,0.00806473851702294,0.00806473851702294,0.00806473851702294,0.00806473851702294,0.00806473851702294,-0.00806473851702294,-0.00806473851702294,0.00706473851702294,-0.00806473851702294,0.00806473851702294,0.00806473851702294
2016-05-26,-0.006353165250165049,-0.006353165250165049,-0.006353165250165049,-0.006353165250165049,-0.006353165250165049,-0.006353165250165049,-0.007353165250165049,-0.007353165250165049,-0.006353165250165049,0.006353165250165049,-0.006353165250165049,-0.006353165250165049
2016-05-27,-0.00011850042204542,-0.00011850042204542,-0.00011850042204542,-0.00011850042204542,-0.00011850042204542,-0.00011850042204542004,-0.00011850042204542,-0.00011850042204542,-0.00011850042204542,-0.00111850042204542,-0.00011850042204542,-0.00011850042204542
2016-05-31,-0.003374819132634377,-0.003374819132634377,-0.0033748191326343764,-0.003374819132634377,-0.003374819132634377,-0.003374819132634377,-0.003374819132634377,-0.003374819132634377,-0.0033748191326343764,-0.003374819132634377,-0.003374819132634377,-0.003374819132634377
2016-06-01,0.0021979901280380076,0.0021979901280380076,0.0021979901280380076,0.0021979901280380076,0.0021979901280380076,0.0021979901280380076,-0.0031979901280380077,0.0021979901280380076,0.0021979901280380076,0.0021979901280380076,-0.0005,0.0021979901280380076
2016-06-02,-0.0038530658792090833,-0.0038530658792090833,-0.0038530658792090833,-0.0038530658792090833,-0.0038530658792090833,-0.0038530658792090833,-0.004853065879209083,-0.0038530658792090833,-0.0038530658792090833,-0.0038530658792090833,0.0,-0.0038530658792090833
2016-06-03,0.0020229817707551057,0.0020229817707551057,0.0020229817707551057,0.0020229817707551057,0.0020229817707551057,0.0020229817707551057,-0.0030229817707551057,0.0020229817707551057,0.0020229817707551057,0.0020229817707551057,0.0,0.0020229817707551057
2016-06-06,0.010096589187288174,0.010096589187288174,0.010096589187288174,0.010096589187288174,0.010096589187288174,0.010096589187288174,-0.010096589187288174,0.010096589187288174,0.010096589187288174,0.010096589187288174,0.009596589187288174,0.010096589187288174
2016-06-07,0.0048800739871639465,0.0048800739871639465,0.0048800739871639465,0.0048800739871639465,0.0048800739871639465,0.0048800739871639465,0.0038800739871639464,0.0048800739871639465,0.0048800739871639465,0.0048800739871639465,0.0048800739871639465,0.0048800739871639465
2016-06-08,0.0029839598572041215,0.0029839598572041215,0.0029839598572041215,0.0029839598572041215,0.0029839598572041215,0.0029839598572041215,0.0029839598572041215,0.0029839598572041215,0.0029839598572041215,0.0029839598572041215,0.0029839598572041215,0.0029839598572041215
2016-06-09,-0.0075255378003674656,-0.0075255378003674656,-0.0075255378003674656,-0.0075255378003674656,-0.0075255378003674656,-0.0075255378003674656,-0.0075255378003674656,-0.0075255378003674656,-0.007525537800367465,-0.0075255378003674656,-0.0075255378003674656,-0.0075255378003674656
2016-06-10,-0.00922792783438231,-0.00922792783438231,-0.00922792783438231,-0.00922792783438231,-0.00922792783438231,-0.00922792783438231,-0.0005,-0.00922792783438231,-0.00922792783438231,-0.00922792783438231,-0.0005,-0.00922792783438231
2016-06-13,-0.008483774878001893,-0.008483774878001893,-0.008483774878001893,-0.008483774878001893,-0.008483774878001893,-0.008483774878001893,0.0,-0.008483774878001893,0.007483774878001893,-0.008483774878001893,0.0,-0.008483774878001893
2016-06-14,0.0028720317291988096,0.0028720317291988096,0.0028720317291988096,0.0028720317291988096,-0.0005,0.0028720317291988096,0.0,0.0028720317291988096,-0.0028720317291988096,0.0028720317291988096,0.0,0.0028720317291988096
2016-06-15,0.0011336561530492784,0.0011336561530492784,0.0011336561530492784,0.0011336561530492784,0.0006336561530492783,0.0011336561530492784,0.0,0.0011336561530492784,0.00013365615304927834,0.0011336561530492784,0.0,0.0011336561530492784
2016-06-16,0.012693385143683455,0.012693385143683455,0.012693385143683455,0.012693385143683455,0.012693385143683455,0.012693385143683455,0.012193385143683455,0.012693385143683455,-0.013693385143683456,0.012693385143683455,0.0,0.012693385143683455
2016-06-17,-0.005825878187278533,-0.005825878187278533,-0.005825878187278532,-0.005825878187278533,-0.005825878187278533,-0.005825878187278533,0.0048258781872785326,-0.005825878187278533,-0.006825878187278533,-0.005825878187278533,-0.006325878187278533,-0.005825878187278533
2016-06-20,0.013555194981260676,0.013555194981260676,0.013555194981260675,0.013555194981260676,0.013555194981260676,0.013555194981260676,-0.0005,0.013555194981260676,0.013555194981260676,0.013555194981260676,-0.0005,0.013555194981260676
2016-06-21,0.0008176736770622028,0.0008176736770622028,0.0008176736770622027,0.0008176736770622028,0.0008176736770622028,0.0008176736770622028,0.0,0.0008176736770622028,0.0008176736770622028,0.0008176736770622028,0.00031767367706220283,0.0008176736770622028
2016-06-22,-0.0008170056330620845,-0.0008170056330620845,-0.0008170056330620845,-0.0008170056330620845,-0.0008170056330620845,-0.0008170056330620845,0.0,-0.0008170056330620845,-0.0008170056330620845,-0.0008170056330620845,-0.0008170056330620845,-0.0008170056330620845
2016-06-23,0.016819577056076618,0.016819577056076618,0.016819577056076618,0.016819577056076618,0.016819577056076618,0.016819577056076618,0.0,0.016819577056076618,0.016819577056076618,0.016819577056076618,0.016819577056076618,0.016819577056076618
2016-06-24,-0.02866011919683309,-0.02866011919683309,-0.02866011919683309,-0.02866011919683309,-0.02866011919683309,-0.02866011919683309,0.0,-0.02866011919683309,-0.02866011919683309,-0.02866011919683309,-0.02866011919683309,-0.02866011919683309
2016-06-27,-0.01141175219721291,-0.01141175219721291,-0.01141175219721291,-0.01141175219721291,-0.01141175219721291,-0.01141175219721291,0.0,-0.01141175219721291,0.010411752197212909,-0.01141175219721291,-0.0005,-0.01141175219721291
2016-06-28,0.014354548675648449,0.014354548675648449,0.014354548675648449,0.014354548675648449,-0.0005,0.014354548675648449,0.0,0.014354548675648449,-0.014354548675648449,0.014354548675648449,0.0,0.014354548675648449
2016-06-29,0.011380574049993486,0.011380574049993486,0.011380574049993486,0.011380574049993486,0.010880574049993486,0.011380574049993486,0.0,0.011380574049993486,0.010380574049993485,0.011380574049993486,0.010880574049993486,0.011380574049993486
2016-06-30,0.020988848269974714,0.020988848269974714,0.020988848269974714,0.020988848269974714,0.020988848269974714,0.020988848269974714,0.0,0.020988848269974714,0.020988848269974714,0.020988848269974714,0.020988848269974714,0.020988848269974714
2016-07-01,0.0023982422895780786,0.0023982422895780786,0.002398242289578078,0.0023982422895780786,0.0023982422895780786,0.0023982422895780786,0.0018982422895780786,0.0023982422895780786,0.0023982422895780786,0.0023982422895780786,0.0023982422895780786,0.0023982422895780786
2016-07-05,0.0005128235029805417,0.0005128235029805417,0.0005128235029805416,0.0005128235029805417,0.0005128235029805417,0.0005128235029805417,-0.0005,0.0005128235029805417,0.0005128235029805417,0.0005128235029805417,0.0005128235029805417,0.0005128235029805417
2016-07-06,-0.002676409827782056,-0.002676409827782056,-0.002676409827782056,-0.002676409827782056,-0.002676409827782056,-0.002676409827782056,-0.003176409827782056,-0.002676409827782056,-0.002676409827782056,-0.002676409827782056,-0.002676409827782056,-0.002676409827782056
2016-07-07,-0.0016557920546798055,-0.0016557920546798055,-0.0016557920546798055,-0.0016557920546798055,-0.0016557920546798055,-0.0016557920546798055,-0.0005,-0.0016557920546798055,-0.0016557920546798055,-0.0016557920546798055,-0.0016557920546798055,-0.0016557920546798055
2016-07-08,0.012867112007406423,0.012867112007406423,0.012867112007406423,0.012867112007406423,0.012867112007406423,0.012867112007406423,0.012367112007406422,0.012867112007406423,0.012867112007406423,0.012867112007406423,-0.0005,0.012867112007406423
2016-07-11,0.005024985809840787,0.005024985809840787,0.0050249858098407865,0.005024985809840787,0.005024985809840787,0.005024985809840787,-0.0005,0.005024985809840787,0.0050249858098407865,0.005024985809840787,0.004524985809840787,0.005024985809840787
2016-07-12,0.006460195397378854,0.006460195397378854,0.006460195397378853,0.006460195397378854,0.006460195397378854,0.006460195397378854,0.0,0.006460195397378854,0.006460195397378854,0.006460195397378854,0.006460195397378854,0.006460195397378854
2016-07-13,0.00027894945167927787,0.00027894945167927787,0.0002789494516792778,0.00027894945167927787,0.00027894945167927787,0.00027894945167927787,0.0,0.00027894945167927787,0.00027894945167927787,0.00027894945167927787,0.00027894945167927787,0.00027894945167927787
2016-07-14,0.009430374842293032,0.009430374842293032,0.009430374842293032,0.009430374842293032,0.009430374842293032,0.009430374842293032,0.0,0.009430374842293032,0.009430374842293032,0.009430374842293032,0.009430374842293032,0.009430374842293032
2016-07-15,0.0027636415860579078,0.0027636415860579078,0.0027636415860579078,0.0027636415860579078,0.0027636415860579078,0.0027636415860579078,0.0,0.0027636415860579078,0.0027636415860579078,0.0027636415860579078,0.0027636415860579078,0.0027636415860579078
2016-07-18,-0.0015983467751428115,-0.0015983467751428115,-0.0015983467751428115,-0.0015983467751428115,-0.0015983467751428115,-0.0015983467751428115,0.0,-0.0015983467751428115,-0.0015983467751428115,-0.0015983467751428115,-0.0015983467751428115,-0.0015983467751428115
2016-07-19,0.0007178085238785936,0.0007178085238785936,0.0007178085238785936,0.0007178085238785936,0.0007178085238785936,0.0007178085238785936,0.0,0.0007178085238785936,0.0007178085238785936,0.0007178085238785936,0.0007178085238785936,0.0007178085238785936
2016-07-20,0.0009933206212648926,0.0009933206212648926,0.0009933206212648926,0.0009933206212648926,0.0009933206212648926,0.0009933206212648926,0.0,0.0009933206212648926,0.0009933206212648926,0.0009933206212648926,0.0009933206212648926,0.0009933206212648926
2016-07-21,-0.006394281052762407,-0.006394281052762407,-0.006394281052762407,-0.006394281052762407,-0.006394281052762407,-0.006394281052762407,0.0,-0.006394281052762407,-0.006394281052762407,-0.006394281052762407,-0.006394281052762407,-0.006394281052762407
2016-07-22,0.0009989313187399596,0.0009989313187399596,0.0009989313187399596,0.0009989313187399596,0.0009989313187399596,0.0009989313187399596,0.0,0.0009989313187399596,0.0009989313187399596,0.0009989313187399596,-0.0005,0.0009989313187399596
2016-07-25,-0.004489374449166528,-0.004489374449166528,-0.004489374449166528,-0.004489374449166528,-0.004489374449166528,-0.004489374449166528,-0.004989374449166528,-0.004489374449166528,-0.004489374449166528,-0.004489374449166528,0.0,-0.004489374449166528
2016-07-26,-0.010967058305614952,-0.010967058305614952,-0.010967058305614952,-0.010967058305614952,-0.010967058305614952,-0.010967058305614952,-0.0005,-0.010967058305614952,-0.010967058305614952,-0.010967058305614952,0.0,-0.010967058305614952
2016-07-27,0.003433624325437812,0.003433624325437812,0.003433624325437812,0.003433624325437812,0.003433624325437812,0.003433624325437812,0.0,0.003433624325437812,0.003433624325437812,0.003433624325437812,0.0,0.003433624325437812
2016-07-28,-0.0016269056972392226,-0.0016269056972392226,-0.0016269056972392224,-0.0016269056972392226,-0.0016269056972392226,-0.0016269056972392226,0.0011269056972392226,-0.0016269056972392226,-0.0016269056972392226,-0.0016269056972392226,-0.0021269056972392226,-0.0016269056972392226
2016-07-29,0.0021353499170133627,0.0021353499170133627,0.0021353499170133627,0.0021353499170133627,0.0021353499170133627,0.0021353499170133627,-0.0005,0.0021353499170133627,0.0021353499170133627,0.0021353499170133627,-0.0005,0.0021353499170133627
2016-08-01,-0.0003926350951304336,-0.0003926350951304336,-0.0003926350951304336,-0.0003926350951304336,-0.0003926350951304336,-0.0003926350951304336,0.0,-0.0003926350951304336,-0.0003926350951304336,-0.0003926350951304336,-0.0008926350951304336,-0.0003926350951304336
2016-08-02,0.000392789318001574,0.000392789318001574,0.00039278931800157396,0.000392789318001574,0.000392789318001574,0.000392789318001574,0.0,0.000392789318001574,0.000392789318001574,0.000392789318001574,0.000392789318001574,0.000392789318001574
2016-08-03,0.00011172600956710355,0.00011172600956710355,0.00011172600956710355,0.00011172600956710355,0.00011172600956710355,0.00011172600956710355,-0.0006117260095671036,0.00011172600956710355,0.00011172600956710355,0.00011172600956710355,0.00011172600956710355,0.00011172600956710355
2016-08-04,-0.0031950635796612614,-0.0031950635796612614,-0.003195063579661261,-0.0031950635796612614,-0.0031950635796612614,-0.0031950635796612614,-0.0005,-0.0005,-0.0031950635796612614,-0.0031950635796612614,-0.0031950635796612614,-0.0031950635796612614
2016-08-05,0.004274000219310681,0.004274000219310681,0.004274000219310681,0.004274000219310681,0.004274000219310681,0.004274000219310681,0.0,0.0,0.004274000219310681,0.004274000219310681,-0.0005,0.004274000219310681
2016-08-08,5.604499790612394e-05,5.604499790612394e-05,5.604499790612394e-05,5.604499790612394e-05,5.604499790612394e-05,5.604499790612394e-05,-0.000556044997906124,0.0,5.604499790612394e-05,5.604499790612394e-05,-0.00044395500209387607,5.604499790612394e-05
2016-08-09,-0.00106366312503825,-0.00106366312503825,-0.0010636631250382498,-0.00106366312503825,-0.00106366312503825,-0.00106366312503825,-0.0005,0.0,-0.00106366312503825,-0.00106366312503825,-0.00106366312503825,-0.00106366312503825
2016-08-10,0.0024101699040508517,0.0024101699040508517,0.0024101699040508517,0.0024101699040508517,0.0024101699040508517,0.0024101699040508517,0.0,0.0,0.0024101699040508517,0.0024101699040508517,-0.0005,0.0024101699040508517
2016-08-11,0.012191258646651715,0.012191258646651715,0.012191258646651715,0.012191258646651715,0.012191258646651715,0.012191258646651715,0.0,0.0,-0.013191258646651716,0.012191258646651715,0.011691258646651714,0.012191258646651715
2016-08-12,-0.004033075280464815,-0.004033075280464815,-0.004033075280464815,-0.004033075280464815,-0.004033075280464815,-0.004033075280464815,0.003533075280464815,0.003533075280464815,-0.005033075280464815,-0.004033075280464815,-0.004033075280464815,-0.004033075280464815
2016-08-15,0.001608575329944406,0.001608575329944406,0.0016085753299444059,0.001608575329944406,0.001608575329944406,0.001608575329944406,-0.0005,-0.001608575329944406,-0.002608575329944406,0.001608575329944406,0.001608575329944406,0.001608575329944406
2016-08-16,-0.007255027437912509,-0.007255027437912509,-0.007255027437912509,-0.007255027437912509,-0.007255027437912509,-0.007255027437912509,0.0,0.007255027437912509,0.007255027437912509,-0.007255027437912509,-0.007255027437912509,-0.007255027437912509
2016-08-17,0.009711376993160936,0.009711376993160936,0.009711376993160934,0.009711376993160936,0.009711376993160936,0.009711376993160936,0.0,-0.0005,-0.009711376993160936,0.009711376993160936,-0.0005,0.009711376993160936
2016-08-18,-0.0038360464369395775,-0.0038360464369395775,-0.0038360464369395775,-0.0038360464369395775,-0.0038360464369395775,-0.0038360464369395775,0.0,0.0,0.0038360464369395775,-0.0038360464369395775,-0.004336046436939578,-0.0038360464369395775
2016-08-19,0.002399612675404894,0.002399612675404894,0.002399612675404894,0.002399612675404894,0.002399612675404894,0.002399612675404894,0.001899612675404894,0.0,-0.002399612675404894,0.002399612675404894,-0.0005,0.002399612675404894
2016-08-22,-0.0030067036423464533,-0.0030067036423464533,-0.0030067036423464533,-0.0030067036423464533,-0.0030067036423464533,-0.0030067036423464533,-0.0005,0.0,-0.004006703642346453,-0.0030067036423464533,-0.0035067036423464533,-0.0030067036423464533
2016-08-23,0.003909218716590113,0.003909218716590113,0.003909218716590112,0.003909218716590113,0.003909218716590113,0.003909218716590113,0.0,0.0,-0.004909218716590113,0.003909218716590113,-0.0005,0.003909218716590113
2016-08-24,-0.002002638609793994,-0.002002638609793994,-0.002002638609793994,-0.002002638609793994,-0.002002638609793994,-0.002002638609793994,0.0,-0.002502638609793994,-0.003002638609793994,-0.002002638609793994,-0.002502638609793994,-0.002002638609793994
2016-08-25,0.0009480314418295333,0.0009480314418295333,0.0009480314418295333,0.0009480314418295333,0.0009480314418295333,0.0009480314418295333,0.0,0.0009480314418295333,0.0009480314418295333,0.0009480314418295333,-0.0005,0.0009480314418295333
2016-08-26,-0.0009471335294639616,-0.0009471335294639616,-0.0009471335294639616,-0.0009471335294639616,-0.0009471335294639616,-0.0009471335294639616,0.0,-0.0009471335294639616,-0.0009471335294639616,-0.0009471335294639616,-0.0014471335294639616,-0.0009471335294639616
2016-08-29,0.006075688803219403,0.006075688803219403,0.006075688803219403,0.006075688803219403,0.006075688803219403,0.006075688803219403,0.0,0.006075688803219403,0.006075688803219403,0.006075688803219403,-0.0005,0.006075688803219403
2016-08-30,-0.0019390887764670905,-0.0019390887764670905,-0.0019390887764670905,-0.0019390887764670905,-0.0019390887764670905,-0.0019390887764670905,0.0,-0.0019390887764670905,-0.0019390887764670905,-0.0019390887764670905,-0.0024390887764670906,-0.0019390887764670905
2016-08-31,-0.005051314448036415,-0.005051314448036415,-0.005051314448036415,-0.005051314448036415,-0.005051314448036415,-0.005051314448036415,0.0,-0.005051314448036415,-0.005051314448036415,-0.005051314448036415,-0.0005,-0.005051314448036415
2016-09-01,0.004128519814316833,0.004128519814316833,0.004128519814316833,0.004128519814316833,0.004128519814316833,0.004128519814316833,0.0,0.004128519814316833,0.004128519814316833,0.004128519814316833,0.0,0.004128519814316833
2016-09-02,0.00461148109544629,0.00461148109544629,0.0046114810954462895,0.00461148109544629,0.00461148109544629,0.00461148109544629,0.0,0.00461148109544629,0.00461148109544629,0.00461148109544629,0.00411148109544629,0.00461148109544629
2016-09-06,-0.0019356950572544385,-0.0019356950572544385,-0.0019356950572544383,-0.0019356950572544385,-0.0019356950572544385,-0.0019356950572544385,0.0,-0.0019356950572544385,-0.0019356950572544385,-0.0019356950572544385,-0.0019356950572544385,-0.0019356950572544385
2016-09-07,-0.0039342914319280275,-0.0039342914319280275,-0.0039342914319280275,-0.0039342914319280275,-0.0039342914319280275,-0.003934291431928027,0.0,-0.0039342914319280275,-0.0039342914319280275,-0.0039342914319280275,-0.0039342914319280275,-0.0039342914319280275
2016-09-08,0.0019468302807073012,0.0019468302807073012,0.0019468302807073012,0.0019468302807073012,0.0019468302807073012,0.001946830280707301,0.0014468302807073012,0.0019468302807073012,0.0019468302807073012,0.0019468302807073012,-0.0005,0.0019468302807073012
2016-09-09,-0.02476364039773271,-0.02476364039773271,-0.024763640397732708,-0.02476364039773271,-0.02476364039773271,-0.02476364039773271,-0.02476364039773271,-0.02476364039773271,-0.02476364039773271,-0.02476364039773271,0.0,-0.02476364039773271
2016-09-12,-0.0005,0.014005761661243676,0.014005761661243676,0.014005761661243676,-0.0005,0.014005761661243676,0.014005761661243676,0.014005761661243676,-0.015005761661243677,0.014005761661243676,0.0,0.014005761661243676
2016-09-13,0.0,-0.011398145215402056,-0.011398145215402056,-0.011398145215402056,0.0,-0.011398145215402056,-0.011398145215402056,-0.011398145215402056,0.011398145215402056,-0.011398145215402056,-0.011898145215402056,-0.011398145215402056
2016-09-14,0.0,-0.0025558322459955374,-0.0025558322459955374,-0.0025558322459955374,0.0,-0.0025558322459955374,-0.0025558322459955374,0.0015558322459955374,0.0025558322459955374,-0.0025558322459955374,-0.0005,-0.0025558322459955374
2016-09-15,0.0,0.005523127932858918,0.005523127932858918,0.005523127932858918,0.0,0.005523127932858917,0.005523127932858918,-0.005523127932858918,-0.005523127932858918,-0.006523127932858918,0.0,0.005523127932858918
2016-09-16,0.0,-0.008663844333267612,-0.008663844333267612,-0.008663844333267612,0.0,-0.008663844333267612,-0.008663844333267612,0.008663844333267612,0.008663844333267612,0.008663844333267612,-0.009163844333267612,-0.008663844333267612
2016-09-19,0.0,0.009482457639879094,0.009482457639879094,0.009482457639879094,0.0,0.009482457639879094,0.009482457639879094,-0.009482457639879094,-0.009482457639879094,-0.009482457639879094,-0.0005,0.009482457639879094
2016-09-20,0.0,0.004979447839267737,0.004979447839267737,0.004979447839267737,0.0,0.004979447839267737,0.004979447839267737,-0.004979447839267737,-0.004979447839267737,-0.004979447839267737,0.004479447839267736,0.004979447839267737
2016-09-21,0.0,0.011205025485572895,0.011205025485572895,0.011205025485572895,0.0,0.011205025485572895,0.011205025485572895,-0.011205025485572895,-0.011205025485572895,-0.011205025485572895,0.011205025485572895,0.011205025485572895
2016-09-22,0.0,0.001448102830754694,0.0014481028307546937,0.001448102830754694,0.0009481028307546939,0.001448102830754694,-0.002448102830754694,-0.001448102830754694,0.0004481028307546939,-0.001448102830754694,0.001448102830754694,0.001448102830754694
2016-09-23,0.0,-0.013678326324867318,-0.013678326324867318,-0.013678326324867318,-0.013678326324867318,-0.013678326324867318,0.013678326324867318,0.013678326324867318,-0.013678326324867318,0.013678326324867318,-0.013678326324867318,-0.013678326324867318
2016-09-26,0.0,-0.0081178881314381,-0.0081178881314381,-0.0081178881314381,-0.0005,-0.008117888131438098,-0.009117888131438101,0.0081178881314381,0.0071178881314381,0.0081178881314381,-0.0005,-0.0081178881314381
2016-09-27,0.0,0.0019893761475420213,0.0019893761475420213,0.0019893761475420213,0.0,0.001989376147542021,0.0019893761475420213,-0.0019893761475420213,-0.0019893761475420213,-0.0019893761475420213,0.0,0.0019893761475420213
2016-09-28,0.0,0.00731700819400638,0.00731700819400638,0.00731700819400638,0.0,0.00731700819400638,0.00731700819400638,-0.00731700819400638,-0.00731700819400638,-0.00731700819400638,0.0,0.00731700819400638
2016-09-29,0.0,-0.012500848565076494,-0.012500848565076494,-0.012500848565076494,0.0,-0.012500848565076494,-0.012500848565076494,0.012500848565076494,0.012500848565076494,0.012500848565076494,-0.013000848565076495,-0.012500848565076494
2016-09-30,0.0,0.004904567138705573,0.004904567138705573,0.004904567138705573,0.0,0.0049045671387055725,0.004904567138705573,-0.004904567138705573,-0.004904567138705573,-0.004904567138705573,-0.0005,0.004904567138705573
2016-10-03,0.0,-0.006752900080736923,-0.006752900080736923,-0.006752900080736923,0.0,-0.006752900080736923,-0.006752900080736923,0.006752900080736923,0.006752900080736923,0.006752900080736923,-0.007252900080736924,-0.006752900080736923
2016-10-04,0.0,-0.019195585740610643,-0.019195585740610643,-0.019195585740610643,0.0,-0.019195585740610643,-0.019195585740610643,0.019195585740610643,0.01919558574061064,0.019195585740610643,-0.0005,-0.019195585740610643
2016-10-05,0.0,0.004135570219622631,0.00413557021962263,0.004135570219622631,0.0,0.004135570219622631,0.004135570219622631,-0.004135570219622631,-0.004135570219622631,-0.004135570219622631,0.0,0.004135570219622631
2016-10-06,0.0,-0.00435070036703844,-0.00435070036703844,-0.00435070036703844,0.0,-0.00435070036703844,-0.00435070036703844,0.00435070036703844,0.00435070036703844,0.00435070036703844,0.0,-0.00435070036703844
2016-10-07,0.0,-0.0018062265098914843,-0.0018062265098914843,-0.0018062265098914843,0.0,-0.0018062265098914843,-0.0018062265098914843,0.0018062265098914843,0.0018062265098914843,0.0018062265098914843,0.0,-0.0018062265098914843
2016-10-10,0.0,-0.0011089175618855807,-0.0011089175618855807,-0.0005,0.0,-0.0011089175618855807,0.00010891756188558064,0.0011089175618855807,0.0011089175618855804,0.0011089175618855807,0.0,-0.0011089175618855807
2016-10-11,0.0,-0.008530878370519912,-0.008530878370519912,0.0,0.0,0.00753087837051991,-0.009530878370519913,0.008530878370519912,0.008530878370519912,0.008530878370519912,0.0,-0.008530878370519912
2016-10-12,0.0,0.0002357965686938801,0.0002357965686938801,0.0,0.0,-0.0007642034313061199,-0.0012357965686938801,-0.0002357965686938801,-0.0002357965686938801,-0.0002357965686938801,0.0,0.0002357965686938801
2016-10-13,0.0,0.001767613406691515,0.001767613406691515,0.0,0.0,-0.002767613406691515,-0.001767613406691515,-0.001767613406691515,-0.001767613406691515,-0.001767613406691515,0.0,0.001767613406691515
2016-10-14,0.0,0.0018231410616156296,0.0018231410616156296,0.0,0.0,-0.0018231410616156294,-0.0018231410616156296,-0.0018231410616156296,-0.0018231410616156296,-0.0018231410616156296,0.0,0.0018231410616156296
2016-10-17,0.0,-0.0007041004821429775,-0.0007041004821429775,0.0,0.0,0.0007041004821429774,0.0007041004821429775,0.0007041004821429775,0.0007041004821429775,0.0007041004821429775,0.0,-0.0007041004821429775
2016-10-18,0.0,-0.0015276834524200478,-0.0015276834524200478,0.0,0.0,-0.002527683452420048,0.0015276834524200478,0.0015276834524200478,0.0015276834524200478,0.0015276834524200478,0.0,-0.0015276834524200478
2016-10-19,0.0,-0.00023549581845294654,-0.00023549581845294654,0.0,0.0,-0.00023549581845294654,0.00023549581845294654,0.00023549581845294654,0.00023549581845294654,0.00023549581845294654,0.0,-0.00023549581845294654
2016-10-20,0.0,-0.00029453149979286053,-0.00029453149979286053,0.0,0.0,-0.00029453149979286053,0.00029453149979286053,0.00029453149979286053,0.00029453149979286053,0.00029453149979286053,0.0,-0.00029453149979286053
2016-10-21,0.0,-0.0021193293467821617,-0.0021193293467821617,0.0,0.0,-0.0021193293467821617,0.0021193293467821617,0.0021193293467821617,0.0021193293467821617,0.0021193293467821617,0.0,-0.0021193293467821617
2016-10-24,0.0,0.01044245035177771,0.01044245035177771,0.0,0.0,0.01044245035177771,-0.01044245035177771,-0.01044245035177771,-0.01044245035177771,-0.01044245035177771,0.0,0.01044245035177771
2016-10-25,0.0,-0.029426856337056773,-0.029426856337056773,0.0,0.0,0.028426856337056768,0.029426856337056773,0.029426856337056773,0.02942685633705677,0.029426856337056773,-0.029926856337056773,-0.029426856337056773
2016-10-26,0.0,0.0016842280212361338,0.0016842280212361338,0.0,0.0,0.0006842280212361338,-0.0016842280212361338,-0.0016842280212361338,-0.0016842280212361338,-0.0016842280212361338,-0.0005,0.0016842280212361338
2016-10-27,0.0,-0.004503960602807777,-0.004503960602807777,0.0,0.0,-0.004503960602807777,0.004503960602807777,0.004503960602807777,0.004503960602807777,0.004503960602807777,0.0,-0.004503960602807777
2016-10-28,0.0,5.992651236796931e-05,5.992651236796931e-05,0.0,0.0,5.992651236796931e-05,-0.0009400734876320307,-5.992651236796931e-05,-5.992651236796931e-05,-5.992651236796931e-05,0.0,5.992651236796931e-05
2016-10-31,0.0,-0.0028347102347970887,-0.0028347102347970887,0.0,0.0,-0.0028347102347970887,-0.0028347102347970887,0.0028347102347970887,0.0028347102347970887,0.0028347102347970887,0.0,-0.0028347102347970887
2016-11-01,0.0,-0.006352792916317962,-0.006352792916317962,0.0,0.0,-0.006352792916317962,-0.006352792916317962,0.006352792916317962,0.006352792916317962,0.006352792916317962,0.0,-0.006352792916317962
2016-11-02,0.0,0.009011066459386763,0.009011066459386763,0.0,0.0,0.009011066459386763,0.009011066459386763,-0.009011066459386763,-0.009011066459386763,-0.009011066459386763,0.0,0.009011066459386763
2016-11-03,0.0,0.006637059677236934,0.006637059677236934,0.0,0.0,-0.007637059677236934,-0.007637059677236934,-0.006637059677236934,-0.006637059677236934,-0.006637059677236934,0.0061370596772369335,0.006637059677236934
2016-11-04,0.0,-0.0020979022558209603,-0.00209790225582096,0.0,0.0,0.0020979022558209603,0.0020979022558209603,0.0020979022558209603,0.0020979022558209603,0.0020979022558209603,-0.0020979022558209603,-0.0020979022558209603
2016-11-07,0.0,0.019582209290019525,0.019582209290019525,0.0,0.0,0.018582209290019525,0.018582209290019525,-0.019582209290019525,-0.019582209290019525,-0.019582209290019525,0.019582209290019525,0.019582209290019525
2016-11-08,0.0,0.007599863484632374,-0.0005,0.0,0.0,-0.008599863484632375,-0.0005,-0.007599863484632374,-0.007599863484632374,-0.007599863484632374,0.007599863484632374,0.007599863484632374
2016-11-09,0.0,-0.0037422306091056123,0.0,0.0,0.0,0.0037422306091056123,0.0,0.0037422306091056123,0.0037422306091056123,0.0037422306091056123,-0.0037422306091056123,-0.0037422306091056123
2016-11-10,0.0,0.02282995277776312,0.0,0.0,0.0,-0.02282995277776312,0.0,-0.02282995277776312,-0.02282995277776312,-0.02282995277776312,0.02282995277776312,0.02282995277776312
2016-11-11,0.004090304976709536,0.004590304976709536,0.0,0.0,0.004090304976709536,-0.004590304976709536,0.004090304976709536,-0.004590304976709536,-0.004590304976709536,-0.004590304976709536,0.004590304976709536,0.004590304976709536
2016-11-14,-0.012394157965101571,-0.012394157965101571,-0.012894157965101571,-0.012894157965101571,-0.012394157965101571,0.012394157965101571,-0.012394157965101571,-0.0005,0.012394157965101571,0.012394157965101571,-0.012394157965101571,-0.012394157965101571
2016-11-15,0.007691780303575202,0.007691780303575202,-0.0005,-0.0005,0.007691780303575202,-0.007691780303575202,-0.0005,0.0,-0.007691780303575202,0.006691780303575202,0.007691780303575202,0.007691780303575202
2016-11-16,-0.006469372697663123,-0.006469372697663123,0.0,0.0,-0.006469372697663123,0.006469372697663123,-0.006969372697663123,0.0,0.006469372697663123,-0.006469372697663123,-0.006469372697663123,-0.006469372697663123
2016-11-17,0.004418570910409869,0.004418570910409869,0.0,0.0,0.004418570910409869,-0.004418570910409869,0.004418570910409869,0.0,-0.004418570910409869,0.004418570910409869,0.004418570910409869,0.004418570910409869
2016-11-18,0.0010996026985585772,0.0010996026985585772,0.0,0.0,0.0010996026985585772,-0.0010996026985585772,0.0010996026985585772,0.0,-0.0010996026985585772,0.0010996026985585772,0.0010996026985585772,0.0010996026985585772
2016-11-21,-0.008325364409191516,-0.008325364409191516,0.0,0.0,-0.008325364409191516,0.008325364409191516,-0.008325364409191516,-0.008825364409191516,0.008325364409191516,-0.008325364409191516,-0.008325364409191516,-0.008325364409191516
2016-11-22,0.002273577784412728,0.002273577784412728,0.0,0.0,0.002273577784412728,-0.002273577784412728,0.002273577784412728,0.002273577784412728,-0.002273577784412728,0.002273577784412728,-0.0005,0.002273577784412728
2016-11-23,0.001978008545844512,0.001978008545844512,0.0,0.0,0.001978008545844512,-0.001978008545844512,0.001978008545844512,0.001978008545844512,-0.001978008545844512,0.001978008545844512,0.0014780085458445118,0.001978008545844512
2016-11-25,0.007198948091234891,0.007198948091234891,0.0,0.0,0.007198948091234891,-0.007198948091234891,-0.0005,0.007198948091234891,-0.007198948091234891,0.007198948091234891,0.007198948091234891,0.007198948091234891
2016-11-28,-0.005706501510578388,-0.005706501510578388,0.0,0.0,-0.005706501510578388,0.005706501510578388,0.0,-0.005706501510578388,0.005706501510578388,-0.005706501510578388,-0.005706501510578388,-0.005706501510578388
2016-11-29,0.0015650731459748712,0.0015650731459748712,0.0,0.0,0.0015650731459748712,-0.0015650731459748712,0.0,0.0015650731459748712,-0.0015650731459748712,0.0015650731459748712,-0.0005,0.0015650731459748712
2016-11-30,-0.0059615438783005015,-0.0059615438783005015,0.0,0.0,-0.0059615438783005015,0.0059615438783005015,0.0,-0.0059615438783005015,0.0059615438783005015,-0.0059615438783005015,-0.006461543878300502,-0.0059615438783005015
2016-12-01,0.005182162184587558,0.005182162184587558,0.0,0.0,0.005182162184587558,-0.005182162184587558,0.0,0.005182162184587558,-0.005182162184587558,0.005182162184587558,-0.0005,0.005182162184587558
2016-12-02,-0.0011586814624193753,-0.0011586814624193753,0.0,0.0,-0.0011586814624193753,0.0011586814624193753,0.0,-0.0011586814624193753,0.001158681462419375,-0.0011586814624193753,-0.0016586814624193753,-0.0011586814624193753
2016-12-05,-0.004697343686193567,-0.004697343686193567,0.0,0.0,-0.004697343686193567,0.004697343686193567,0.0,-0.004697343686193567,0.004697343686193567,-0.004697343686193567,-0.0005,-0.004697343686193567
2016-12-06,0.0010485140416249816,0.0010485140416249816,0.0,0.0,0.0010485140416249816,-0.0010485140416249816,0.0,0.0010485140416249816,-0.0010485140416249816,0.0010485140416249816,0.0,0.0010485140416249816
2016-12-07,0.024738289493934973,0.024738289493934973,0.0,0.0,0.024738289493934973,-0.024738289493934973,0.024238289493934972,0.024738289493934973,-0.024738289493934973,0.024738289493934973,0.0,0.024738289493934973
2016-12-08,-0.0009657112610509389,-0.0009657112610509389,-0.0014657112610509389,-0.0014657112610509389,-0.0009657112610509389,0.0009657112610509386,-0.0009657112610509389,-0.0009657112610509389,-0.001965711261050939,-0.0009657112610509389,-0.0014657112610509389,-0.0009657112610509389
2016-12-09,0.014839646581905175,0.014839646581905175,0.014839646581905173,0.014839646581905175,0.014839646581905175,-0.014839646581905173,-0.015839646581905176,0.014839646581905175,0.014839646581905175,0.014839646581905175,0.014839646581905175,0.014839646581905175
2016-12-12,0.006443370860007791,0.006443370860007791,0.006443370860007791,0.006443370860007791,0.006443370860007791,-0.00644337086000779,0.005443370860007791,0.006443370860007791,0.006443370860007791,0.006443370860007791,0.006443370860007791,0.006443370860007791
2016-12-13,-0.004509296090530968,-0.004509296090530968,-0.004509296090530968,-0.004509296090530968,-0.004509296090530968,0.004509296090530967,-0.004509296090530968,-0.004509296090530968,-0.004509296090530968,-0.004509296090530968,-0.004509296090530968,-0.004509296090530968
2016-12-14,-0.012470167247622066,-0.012470167247622066,-0.012470167247622066,-0.012470167247622066,-0.012470167247622066,-0.013470167247622067,-0.012470167247622066,-0.012470167247622066,-0.012470167247622066,-0.012470167247622066,-0.012470167247622066,-0.012470167247622066
2016-12-15,-0.0032840742219568675,-0.0032840742219568675,-0.0032840742219568675,-0.0032840742219568675,-0.0032840742219568675,-0.0032840742219568675,-0.0032840742219568675,-0.0032840742219568675,-0.0032840742219568675,-0.0032840742219568675,-0.0005,-0.0032840742219568675
2016-12-16,0.008123848746892204,0.008123848746892204,0.008123848746892204,0.008123848746892204,0.008123848746892204,0.008123848746892204,0.008123848746892204,0.008123848746892204,0.008123848746892204,0.008123848746892204,0.0,0.008123848746892204
2016-12-19,0.004001134662722672,0.004001134662722672,0.004001134662722672,0.004001134662722672,0.004001134662722672,-0.005001134662722671,0.004001134662722672,0.004001134662722672,0.004001134662722672,0.004001134662722672,0.003501134662722672,0.004001134662722672
2016-12-20,0.0027504810592844375,0.0027504810592844375,0.0027504810592844375,0.0027504810592844375,0.0027504810592844375,-0.002750481059284437,-0.0037504810592844376,0.0027504810592844375,0.0027504810592844375,0.0027504810592844375,0.0027504810592844375,0.0027504810592844375
2016-12-21,-0.0012316009827942898,-0.0012316009827942898,-0.0012316009827942895,-0.0012316009827942898,-0.0012316009827942898,0.0012316009827942895,-0.0022316009827942898,-0.0012316009827942898,-0.0012316009827942898,-0.0012316009827942898,-0.0012316009827942898,-0.0012316009827942898
2016-12-22,0.004315254571067628,0.004315254571067628,0.004315254571067628,0.004315254571067628,0.004315254571067628,0.003315254571067628,0.004315254571067628,0.004315254571067628,0.004315254571067628,0.004315254571067628,0.004315254571067628,0.004315254571067628
2016-12-23,-0.0025110001176781305,-0.0025110001176781305,-0.0025110001176781305,-0.0025110001176781305,-0.0025110001176781305,0.00151100011767813,0.0015110001176781305,-0.0025110001176781305,-0.0025110001176781305,-0.0025110001176781305,-0.0025110001176781305,-0.0025110001176781305
2016-12-27,0.0009511244874311764,0.0009511244874311764,0.0009511244874311762,0.0009511244874311764,0.0009511244874311764,-4.887551256882363e-05,-0.0009511244874311764,0.0009511244874311764,0.0009511244874311764,0.0009511244874311764,0.0009511244874311764,0.0009511244874311764
2016-12-28,-0.004694613360947009,-0.004694613360947009,-0.004694613360947009,-0.004694613360947009,-0.004694613360947009,0.0036946133609470078,0.004694613360947009,-0.004694613360947009,-0.004694613360947009,-0.004694613360947009,-0.004694613360947009,-0.004694613360947009
2016-12-29,0.0018529289822435402,0.0018529289822435402,0.0018529289822435402,0.0018529289822435402,0.0018529289822435402,0.0008529289822435402,0.0008529289822435402,0.0018529289822435402,0.0018529289822435402,0.0018529289822435402,-0.0005,0.0018529289822435402
2016-12-30,0.0008967049223931323,0.0008967049223931323,0.0008967049223931323,0.0008967049223931323,0.0008967049223931323,0.0008967049223931323,0.0008967049223931323,0.0008967049223931323,0.0008967049223931323,0.0008967049223931323,0.0,0.0008967049223931323
2017-01-03,-0.002912081876500494,-0.002912081876500494,-0.002912081876500494,-0.002912081876500494,-0.002912081876500494,0.0019120818765004936,0.001912081876500494,-0.002912081876500494,-0.002912081876500494,-0.002912081876500494,0.0,-0.002912081876500494
2017-01-04,0.0015165690778293772,0.0015165690778293772,0.0015165690778293772,0.0015165690778293772,0.0015165690778293772,0.0005165690778293772,0.0005165690778293772,0.0015165690778293772,0.0015165690778293772,0.0015165690778293772,0.0,0.0015165690778293772
2017-01-05,-0.003420758549797065,-0.003420758549797065,-0.003420758549797065,-0.003420758549797065,-0.003420758549797065,-0.003420758549797065,-0.003420758549797065,-0.003420758549797065,-0.003420758549797065,-0.003420758549797065,0.0,-0.003420758549797065
2017-01-06,0.0029261740348220933,0.0029261740348220933,0.0029261740348220933,0.0029261740348220933,0.0029261740348220933,0.0029261740348220933,0.0029261740348220933,0.0029261740348220933,0.0029261740348220933,0.0029261740348220933,0.0,0.0029261740348220933
2017-01-09,-0.005386502826097206,-0.005386502826097206,-0.005386502826097205,-0.005386502826097206,-0.005386502826097206,0.004386502826097205,-0.005386502826097206,-0.005386502826097206,-0.005386502826097206,-0.005386502826097206,-0.005886502826097206,-0.005386502826097206
2017-01-10,-0.0038925027563008197,-0.0038925027563008197,-0.0038925027563008197,-0.0038925027563008197,-0.0005,-0.00489250275630082,-0.0038925027563008197,-0.0038925027563008197,-0.0038925027563008197,-0.0038925027563008197,-0.0005,-0.0038925027563008197
2017-01-11,0.007418854118953044,0.007418854118953044,-0.0005,0.007418854118953044,0.0,0.007418854118953044,0.007418854118953044,-0.0005,-0.008418854118953045,0.007418854118953044,0.0,0.007418854118953044
2017-01-12,-0.0025292103914162922,-0.0025292103914162922,-0.0030292103914162922,-0.0025292103914162922,-0.0030292103914162922,-0.0025292103914162922,-0.0025292103914162922,0.0,-0.0035292103914162922,-0.0025292103914162922,-0.0030292103914162922,-0.0025292103914162922
2017-01-13,-0.0002819937959958052,-0.0002819937959958052,-0.0005,-0.0002819937959958052,-0.0002819937959958052,-0.0002819937959958052,-0.0002819937959958052,0.0,-0.0007180062040041948,-0.0002819937959958052,-0.0005,-0.0002819937959958052
2017-01-17,-0.0007327575989045654,-0.0007327575989045654,0.0,-0.0007327575989045654,-0.0005,-0.0007327575989045654,-0.0007327575989045654,0.0,0.0007327575989045654,-0.0007327575989045654,-0.0012327575989045654,-0.0007327575989045654
2017-01-18,0.006938742525558705,0.006938742525558705,0.0,0.006938742525558705,0.0,0.006938742525558705,0.006938742525558705,0.0,-0.006938742525558705,0.006938742525558705,0.006938742525558705,0.006938742525558705
2017-01-19,0.0010645040370338421,0.0010645040370338421,0.0,0.0010645040370338421,0.0005645040370338421,0.0010645040370338421,-0.002064504037033842,0.0,-0.0010645040370338421,0.0010645040370338421,0.0010645040370338421,0.0010645040370338421
2017-01-20,-0.0010633720731690888,-0.0010633720731690888,0.0,-0.0010633720731690888,-0.0010633720731690888,6.337207316908853e-05,0.0010633720731690888,0.0,0.0010633720731690888,6.337207316908875e-05,-0.0010633720731690888,-0.0010633720731690888
2017-01-23,0.00011213400376974825,0.00011213400376974825,-0.00038786599623025165,0.00011213400376974825,0.00011213400376974825,-0.0008878659962302518,-0.0008878659962302518,0.0,-0.0008878659962302518,-0.00011213400376974825,0.00011213400376974825,0.00011213400376974825
2017-01-24,-0.014228866683004937,-0.014228866683004937,-0.014228866683004937,-0.014228866683004937,-0.014228866683004937,-0.014228866683004937,0.013228866683004936,0.0,-0.014228866683004937,0.014228866683004937,-0.014228866683004937,-0.014228866683004937
2017-01-25,0.0043191349306686,0.0043191349306686,-0.0005,0.0043191349306686,-0.0005,0.0043191349306686,0.0033191349306686,0.0,-0.0053191349306686,-0.0043191349306686,-0.0005,0.0043191349306686
2017-01-26,0.0005089925907653114,0.0005089925907653114,8.992590765311437e-06,0.0005089925907653114,0.0,-0.0015089925907653115,0.0005089925907653114,0.0,-0.0004910074092346886,-0.0005089925907653114,8.992590765311437e-06,0.0005089925907653114
2017-01-27,0.003732265950059599,0.003732265950059599,0.003732265950059599,0.003732265950059599,0.0,0.002732265950059599,0.003732265950059599,0.0,0.003732265950059599,-0.003732265950059599,-0.0005,0.003732265950059599
2017-01-30,-0.011606744619136578,-0.011606744619136578,-0.011606744619136578,-0.011606744619136578,-0.012106744619136578,0.010606744619136577,-0.011606744619136578,0.0,-0.011606744619136578,0.011606744619136578,-0.012106744619136578,-0.011606744619136578
2017-01-31,-0.003420119429964452,-0.003420119429964452,-0.0005,-0.003420119429964452,-0.0005,-0.004420119429964452,-0.003420119429964452,0.0,0.002420119429964452,0.003420119429964452,-0.0005,-0.003420119429964452
2017-02-01,0.0020017558635851973,0.0020017558635851973,0.0,0.0020017558635851973,0.0,0.0020017558635851973,0.0020017558635851973,0.0,-0.0020017558635851973,-0.0020017558635851973,0.0,0.0020017558635851973
2017-02-02,-0.005651347444071586,-0.005651347444071586,0.0,-0.005651347444071586,0.0,0.004651347444071585,-0.005651347444071586,0.0,0.005651347444071586,0.005651347444071586,0.0,-0.005651347444071586
2017-02-03,0.004937061704674672,0.004937061704674672,0.0,0.004937061704674672,0.0,0.003937061704674672,-0.005937061704674672,0.0,-0.004937061704674672,-0.004937061704674672,0.0,0.004937061704674672
2017-02-06,0.0003428186234986086,0.0003428186234986086,0.0,0.0003428186234986086,0.0,-0.0013428186234986086,-0.0006571813765013914,0.0,-0.0003428186234986086,-0.0003428186234986086,0.0,0.0003428186234986086
2017-02-07,0.003769498743464883,0.003769498743464883,0.0,0.003769498743464883,0.0,-0.0037694987434648826,0.003769498743464883,0.0,-0.003769498743464883,-0.003769498743464883,0.0,0.003769498743464883
2017-02-08,0.00745346412570469,0.00745346412570469,0.0,0.00745346412570469,0.0,-0.007453464125704689,0.00745346412570469,0.0,-0.00745346412570469,-0.00745346412570469,0.006953464125704689,0.00745346412570469
2017-02-09,0.006268270564067535,0.006268270564067535,0.005768270564067535,0.006268270564067535,0.005768270564067535,-0.006268270564067535,-0.007268270564067535,0.0,0.005268270564067535,-0.006268270564067535,0.006268270564067535,0.006268270564067535
2017-02-10,0.0046021325585892114,0.0046021325585892114,0.0046021325585892114,0.0046021325585892114,0.0046021325585892114,-0.0046021325585892114,-0.0046021325585892114,-0.005102132558589212,0.0046021325585892114,-0.0046021325585892114,0.0046021325585892114,0.0046021325585892114
2017-02-13,0.01128497280236851,0.01128497280236851,0.01128497280236851,0.01128497280236851,0.01128497280236851,-0.01128497280236851,-0.0005,-0.01128497280236851,0.01128497280236851,-0.01128497280236851,0.01128497280236851,0.01128497280236851
2017-02-14,0.00320409334263827,0.00320409334263827,0.00320409334263827,0.00320409334263827,0.00320409334263827,-0.00320409334263827,0.0,-0.00320409334263827,0.00320409334263827,-0.00320409334263827,0.00320409334263827,0.00320409334263827
2017-02-15,0.0070669355586781,0.0070669355586781,0.0070669355586781,0.0070669355586781,0.0070669355586781,-0.0070669355586781,0.0,-0.0005,0.0070669355586781,-0.0070669355586781,0.0070669355586781,0.0070669355586781
2017-02-16,0.009410974687575013,0.009410974687575013,0.009410974687575013,0.009410974687575013,0.009410974687575013,-0.009410974687575013,0.0,0.0,0.009410974687575013,0.008410974687575012,0.009410974687575013,0.009410974687575013
2017-02-17,-0.0025081230444365943,-0.0025081230444365943,-0.0025081230444365943,-0.0025081230444365943,-0.0025081230444365943,0.0025081230444365943,0.0,0.0,-0.002508123044436594,-0.0025081230444365943,-0.0025081230444365943,-0.0025081230444365943
2017-02-21,0.002295689216345931,0.002295689216345931,0.002295689216345931,0.002295689216345931,0.002295689216345931,-0.002295689216345931,0.0,0.0017956892163459308,0.002295689216345931,0.002295689216345931,0.002295689216345931,0.002295689216345931
2017-02-22,0.014560984029452273,0.014560984029452273,0.014560984029452273,0.014560984029452273,0.014560984029452273,-0.014560984029452273,0.0,0.014560984029452273,0.014560984029452271,0.014560984029452273,0.014560984029452273,0.014560984029452273
2017-02-23,0.0061813983630398806,0.0061813983630398806,0.0061813983630398806,0.0061813983630398806,0.0061813983630398806,-0.0061813983630398806,0.0,0.0061813983630398806,0.0061813983630398806,0.0061813983630398806,0.0061813983630398806,0.0061813983630398806
2017-02-24,0.0011752250246304108,0.0011752250246304108,0.0011752250246304108,0.0011752250246304108,0.0011752250246304108,-0.0011752250246304108,0.0,0.0011752250246304108,0.0011752250246304108,0.0011752250246304108,0.0011752250246304108,0.0011752250246304108
2017-02-27,-0.0026679930337942803,-0.0026679930337942803,-0.0026679930337942803,-0.0026679930337942803,-0.0026679930337942803,0.0026679930337942803,0.0,-0.0026679930337942803,-0.0026679930337942803,-0.0026679930337942803,-0.0026679930337942803,-0.0026679930337942803
2017-02-28,-0.002995758540243254,-0.002995758540243254,-0.002995758540243254,-0.002995758540243254,-0.002995758540243254,-0.003995758540243254,0.0,-0.002995758540243254,-0.002995758540243254,-0.002995758540243254,-0.002995758540243254,-0.002995758540243254
2017-03-01,0.018835200758301696,0.018835200758301696,0.018835200758301696,0.018835200758301696,0.018835200758301696,0.018835200758301696,0.0,0.018835200758301696,0.018835200758301696,0.018835200758301696,-0.0005,0.018835200758301696
2017-03-02,0.00015788850955611444,0.00015788850955611444,0.00015788850955611444,0.00015788850955611444,0.00015788850955611444,-0.0011578885095561145,0.0,0.00015788850955611444,0.00015788850955611444,0.00015788850955611444,-0.00034211149044388557,0.00015788850955611444
2017-03-03,-0.003054379630714199,-0.003054379630714199,-0.003054379630714199,-0.003054379630714199,-0.003054379630714199,0.003054379630714199,0.0,-0.003054379630714199,-0.003054379630714199,-0.003054379630714199,-0.003054379630714199,-0.003054379630714199
2017-03-06,-0.002165323159992627,-0.002165323159992627,-0.002165323159992627,-0.002165323159992627,-0.002165323159992627,-0.003165323159992627,0.0,-0.002165323159992627,-0.002165323159992627,-0.002165323159992627,-0.002165323159992627,-0.002165323159992627
2017-03-07,0.0010055014798349138,0.0010055014798349138,0.0010055014798349138,0.0010055014798349138,0.0010055014798349138,0.0010055014798349138,0.0,0.0010055014798349138,0.0010055014798349138,0.0010055014798349138,-0.0005,0.0010055014798349138
2017-03-08,0.002221472763732857,0.002221472763732857,0.002221472763732857,0.002221472763732857,0.002221472763732857,-0.003221472763732857,0.0,0.002221472763732857,0.002221472763732857,0.002221472763732857,0.0,0.002221472763732857
2017-03-09,0.0020577145258158236,0.0020577145258158236,0.0020577145258158236,0.0020577145258158236,0.0020577145258158236,-0.0020577145258158236,0.0,0.0020577145258158236,0.0020577145258158236,0.0020577145258158236,0.0015577145258158236,0.0020577145258158236
2017-03-10,0.006898169401518661,0.006898169401518661,0.006898169401518661,0.006898169401518661,0.006898169401518661,-0.006898169401518661,0.0,0.006898169401518661,0.00689816940151866,0.006898169401518661,0.006898169401518661,0.006898169401518661
2017-03-13,0.0016211628270812461,0.0016211628270812461,0.001621162827081246,0.0016211628270812461,0.0016211628270812461,0.0006211628270812461,0.0011211628270812461,0.0016211628270812461,0.0016211628270812461,0.0016211628270812461,0.0016211628270812461,0.0016211628270812461
2017-03-14,-0.0062132889139210334,-0.0062132889139210334,-0.0062132889139210334,-0.0062132889139210334,-0.0062132889139210334,-0.0062132889139210334,-0.0062132889139210334,-0.0062132889139210334,-0.0062132889139210334,-0.0062132889139210334,-0.0062132889139210334,-0.0062132889139210334
2017-03-15,0.004570912322834353,0.004570912322834353,0.004570912322834353,0.004570912322834353,0.004570912322834353,0.004570912322834352,-0.005570912322834353,0.004570912322834353,0.004570912322834353,0.004570912322834353,-0.0005,0.004570912322834353
2017-03-16,-0.0046547651544575075,-0.0046547651544575075,-0.0046547651544575075,-0.0046547651544575075,-0.0046547651544575075,-0.0046547651544575075,-0.0056547651544575075,-0.0046547651544575075,-0.004654765154457507,-0.0046547651544575075,-0.005154765154457508,-0.0046547651544575075
2017-03-17,0.010772201579568597,0.010772201579568597,0.010772201579568597,0.010772201579568597,0.010772201579568597,0.010772201579568595,0.010772201579568597,0.010772201579568597,0.010772201579568597,0.010772201579568597,-0.0005,0.010772201579568597
2017-03-20,0.0033788417108655544,0.0033788417108655544,0.0033788417108655544,0.0033788417108655544,0.0033788417108655544,0.0033788417108655544,0.0033788417108655544,0.0033788417108655544,0.0033788417108655544,0.0033788417108655544,0.0028788417108655544,0.0033788417108655544
2017-03-21,-0.00455940708181557,-0.00455940708181557,-0.004559407081815569,-0.00455940708181557,-0.00455940708181557,-0.00455940708181557,-0.00455940708181557,-0.00455940708181557,-0.00455940708181557,-0.00455940708181557,-0.00455940708181557,-0.00455940708181557
2017-03-22,0.0004683918724233127,0.0004683918724233127,0.00046839187242331265,0.0004683918724233127,0.0004683918724233127,0.0004683918724233126,0.0004683918724233127,0.0004683918724233127,0.0004683918724233126,0.0004683918724233127,0.0004683918724233127,0.0004683918724233127
2017-03-23,-0.00041599575258655097,-0.00041599575258655097,-0.000415995752586551,-0.00041599575258655097,-0.00041599575258655097,-0.0004159957525865509,-0.00041599575258655097,-0.00041599575258655097,-0.000415995752586551,-0.00041599575258655097,-0.00041599575258655097,-0.00041599575258655097
2017-03-24,-0.0032787655282610073,-0.0032787655282610073,-0.003278765528261007,-0.0032787655282610073,-0.0032787655282610073,-0.0032787655282610073,-0.0032787655282610073,-0.0032787655282610073,-0.0032787655282610073,-0.0032787655282610073,-0.0032787655282610073,-0.0032787655282610073
2017-03-27,-0.005639674514652637,-0.005639674514652637,-0.005639674514652637,-0.005639674514652637,-0.005639674514652637,-0.005639674514652636,-0.005639674514652637,-0.005639674514652637,-0.005639674514652637,-0.005639674514652637,-0.0005,-0.005639674514652637
2017-03-28,0.0029405790666758858,0.0029405790666758858,0.0029405790666758853,0.0029405790666758858,0.0029405790666758858,0.0029405790666758853,-0.003940579066675886,0.0029405790666758858,0.0029405790666758858,0.0029405790666758858,0.0,0.0029405790666758858
2017-03-29,-0.001622900645726344,-0.001622900645726344,-0.0016229006457263437,-0.001622900645726344,-0.001622900645726344,-0.001622900645726344,0.001622900645726344,-0.001622900645726344,-0.001622900645726344,-0.001622900645726344,0.0,-0.001622900645726344
2017-03-30,0.0031465311795322304,0.0031465311795322304,0.0031465311795322304,0.0031465311795322304,0.0031465311795322304,0.00314653117953223,0.0021465311795322304,0.0031465311795322304,0.0031465311795322304,0.0031465311795322304,0.0,0.0031465311795322304
2017-03-31,0.00026151808950114486,0.00026151808950114486,0.00026151808950114486,0.00026151808950114486,0.00026151808950114486,0.0002615180895011448,-0.0012615180895011449,0.00026151808950114486,0.00026151808950114486,0.00026151808950114486,-0.00023848191049885515,0.00026151808950114486
2017-04-03,-0.003188131439940678,-0.003188131439940678,-0.003188131439940678,-0.003188131439940678,-0.003188131439940678,-0.003188131439940678,-0.004188131439940678,-0.003188131439940678,-0.0031881314399406775,-0.003188131439940678,-0.003188131439940678,-0.003188131439940678
2017-04-04,-0.0027790606784008354,-0.0027790606784008354,-0.0027790606784008354,-0.0027790606784008354,-0.0027790606784008354,-0.002779060678400835,0.0017790606784008354,-0.0027790606784008354,-0.0027790606784008354,-0.0027790606784008354,-0.0005,-0.0027790606784008354
2017-04-05,0.00026282130589083685,0.00026282130589083685,0.00026282130589083685,0.00026282130589083685,0.00026282130589083685,0.0002628213058908368,-0.0007371786941091632,0.00026282130589083685,0.00026282130589083685,0.00026282130589083685,0.0,0.00026282130589083685
2017-04-06,-0.001839787076837962,-0.001839787076837962,-0.001839787076837962,-0.001839787076837962,-0.001839787076837962,-0.0018397870768379618,-0.001839787076837962,-0.0005,-0.001839787076837962,-0.001839787076837962,0.0,-0.001839787076837962
2017-04-07,0.0005268648174561186,0.0005268648174561186,0.0005268648174561186,0.0005268648174561186,0.0005268648174561186,0.0005268648174561185,-0.0015268648174561186,0.0,0.0005268648174561184,0.0005268648174561186,0.0,0.0005268648174561186
2017-04-10,-0.0014739878886209645,-0.0014739878886209645,-0.0014739878886209645,-0.0014739878886209645,-0.0014739878886209645,-0.0014739878886209643,-0.0024739878886209645,0.0,-0.0014739878886209645,-0.0014739878886209645,0.0,-0.0014739878886209645
2017-04-11,0.0018977287571844137,0.0018268149374852034,0.0018977287571844137,0.0018977287571844137,0.0018977287571844137,0.0018977287571844135,-0.0005,0.0,0.0018977287571844137,0.0018977287571844137,0.0,0.0018977287571844137
2017-04-12,-0.0019465098848824303,-0.0018889410499565926,-0.0019465098848824303,-0.0019465098848824303,-0.0019465098848824303,-0.0019465098848824303,0.0,0.0,-0.00194650988488243,-0.0019465098848824303,0.0,-0.0019465098848824303
2017-04-13,-0.005535332675454363,-0.005371622922152969,-0.005535332675454363,-0.005535332675454363,-0.005535332675454363,-0.005535332675454362,0.0,0.0,-0.005535332675454362,-0.005535332675454363,0.0,-0.005535332675454363
2017-04-17,-0.0005,0.008796573317604011,0.009064664519945032,0.009064664519945032,0.009064664519945032,0.00906466451994503,0.0,0.0,0.009064664519945032,0.009064664519945032,0.0,0.009064664519945032
2017-04-18,0.0,-0.0007138385330639415,-0.0007355940307670616,-0.0007355940307670616,-0.0007355940307670616,-0.0007355940307670618,0.0,0.0,-0.0007355940307670616,-0.0007355940307670616,-0.0012355940307670617,-0.0007355940307670616
2017-04-19,0.0,-0.0019895939072943755,-0.0020502303168959957,-0.0020502303168959957,-0.0020502303168959957,-0.0020502303168959957,0.0,0.0,-0.0020502303168959957,-0.0020502303168959957,-0.0020502303168959957,-0.0020502303168959957
2017-04-20,0.0,0.006799101322054888,0.00700631601605628,0.00700631601605628,0.00700631601605628,0.007006316016056279,0.0,0.0,0.00700631601605628,0.00700631601605628,-0.0005,0.00700631601605628
2017-04-21,0.0,0.0017258673830074943,0.0017784662581701305,0.0017784662581701305,0.0017784662581701305,0.0017784662581701305,0.0,0.0,0.0017784662581701305,0.0017784662581701305,0.0012784662581701305,0.0017784662581701305
2017-04-24,0.0,0.013834445176622275,0.014256074475578862,0.014256074475578862,0.014256074475578862,0.014256074475578862,0.0,0.0,0.014256074475578862,0.014256074475578862,0.014256074475578862,0.014256074475578862
2017-04-25,0.004133786429282693,0.004496740279093184,0.004633786429282694,0.004633786429282694,0.004633786429282694,0.004633786429282694,0.0,0.0,0.004633786429282694,0.004633786429282694,0.004633786429282694,0.004633786429282694
2017-04-26,-0.0006663405697910907,-0.0006466332718397069,-0.0006663405697910907,-0.0006663405697910907,-0.0006663405697910907,-0.0006663405697910907,0.0,-0.0011663405697910907,-0.0006663405697910907,-0.0006663405697910907,-0.0006663405697910907,-0.0006663405697910907
2017-04-27,0.005692148194845981,0.005523800557699362,0.005692148194845981,0.005692148194845981,0.005692148194845981,0.005692148194845981,0.0,0.005692148194845981,0.005692148194845981,0.005692148194845981,0.005692148194845981,0.005692148194845981
2017-04-28,-0.001428115911098926,-0.0013858787923565355,-0.0014281159110989259,-0.001428115911098926,-0.001428115911098926,-0.001428115911098926,0.0,-0.001428115911098926,-0.001428115911098926,-0.001428115911098926,-0.001428115911098926,-0.001428115911098926
2017-05-01,-0.005208356743569231,-0.005054317438691249,-0.005208356743569231,-0.005208356743569231,-0.005208356743569231,-0.005208356743569231,0.0,-0.005208356743569231,-0.005208356743569231,-0.005208356743569231,-0.005208356743569231,-0.005208356743569231
2017-05-02,0.00882913648130601,0.008568011118122613,0.00882913648130601,0.00882913648130601,0.00882913648130601,0.00882913648130601,0.0,0.00882913648130601,0.008829136481306009,0.00882913648130601,-0.0005,0.00882913648130601
2017-05-03,0.005597686338429497,0.005432132449756012,0.005597686338429496,0.005597686338429497,0.005597686338429497,0.005597686338429497,0.005097686338429497,0.005597686338429497,0.005597686338429497,0.005597686338429497,0.005097686338429497,0.005597686338429497
2017-05-04,0.009511924297043839,0.009230605201807568,0.009511924297043839,0.009511924297043839,0.009511924297043839,0.009511924297043839,0.009511924297043839,0.009511924297043839,0.009511924297043839,0.009511924297043839,0.009511924297043839,0.009511924297043839
2017-05-05,-0.0005508608964697181,-0.0005345689576194412,-0.0005508608964697181,-0.0005508608964697181,-0.0005508608964697181,-0.0005508608964697181,-0.0005508608964697181,-0.0005508608964697181,-0.0005508608964697181,-0.0005508608964697181,-0.0005508608964697181,-0.0005508608964697181
2017-05-08,-0.003761410240045837,-0.0036501649764695706,-0.003761410240045837,-0.003761410240045837,-0.003761410240045837,-0.003761410240045837,-0.003761410240045837,-0.003761410240045837,-0.0037614102400458367,-0.003761410240045837,-0.003761410240045837,-0.003761410240045837
2017-05-09,-0.0034732458841406633,-0.003370523200575655,-0.0034732458841406633,-0.0034732458841406633,-0.0034732458841406633,-0.0034732458841406633,-0.0034732458841406633,-0.0034732458841406633,-0.0034732458841406633,-0.0034732458841406633,-0.0034732458841406633,-0.0034732458841406633
2017-05-10,-0.006668034404364587,-0.006470824528942938,-0.006668034404364587,-0.006668034404364587,-0.006668034404364587,-0.006668034404364587,-0.006668034404364587,-0.006668034404364587,-0.006668034404364586,-0.006668034404364587,-0.006668034404364587,-0.006668034404364587
2017-05-11,0.0005592157462543934,0.0005819834032553159,0.0005592157462543932,0.0005592157462543934,0.0005592157462543934,0.0005592157462543934,0.0005592157462543934,0.0005592157462543934,0.0005592157462543933,0.0005592157462543934,-0.0005,0.0005592157462543934
2017-05-12,-0.0009145345013716888,-0.0014945436725959562,-0.0009145345013716889,-0.0009145345013716888,-0.0009145345013716888,-0.0009145345013716888,-0.0009145345013716888,-0.0009145345013716888,-0.0009145345013716888,-0.0009145345013716888,0.0,-0.0009145345013716888
2017-05-15,0.005392582109258637,0.008812624847130942,0.005392582109258637,0.005392582109258637,0.005392582109258637,0.005392582109258637,0.005392582109258637,0.005392582109258637,0.005392582109258637,0.005392582109258637,0.0,0.005392582109258637
2017-05-16,0.0014164413460608927,0.0023147660893968105,0.0014164413460608927,0.0014164413460608927,0.0014164413460608927,0.0014164413460608927,-0.0024164413460608927,0.0014164413460608927,0.0014164413460608925,0.0014164413460608927,0.0009164413460608927,0.0014164413460608927
2017-05-17,-0.009632271834664419,-0.015741178601386772,-0.009632271834664419,-0.009632271834664419,-0.009632271834664419,-0.009632271834664419,-0.01063227183466442,-0.009632271834664419,-0.009632271834664419,-0.009632271834664419,-0.009632271834664419,-0.009632271834664419
2017-05-18,0.0020528558516448303,0.0033548026009140373,0.0020528558516448303,0.0020528558516448303,0.0020528558516448303,0.0020528558516448303,0.0020528558516448303,0.0020528558516448303,0.0020528558516448303,0.0020528558516448303,-0.0005,0.0020528558516448303
2017-05-19,0.0028680220059478234,0.004686957283105486,0.0028680220059478234,0.0028680220059478234,0.0028680220059478234,0.0028680220059478234,0.0028680220059478234,0.0028680220059478234,0.0028680220059478234,0.0028680220059478234,0.0023680220059478234,0.0028680220059478234
2017-05-22,0.013840768380638968,0.022618756073307517,0.013840768380638968,0.013840768380638968,0.013840768380638968,0.013840768380638968,-0.014840768380638969,0.013840768380638968,0.013840768380638968,0.013840768380638968,0.013840768380638968,0.013840768380638968
2017-05-23,-0.003929484330920441,-0.006421612235004415,-0.003929484330920441,-0.003929484330920441,-0.003929484330920441,-0.003929484330920441,-0.004929484330920441,-0.003929484330920441,-0.00392948433092044,-0.003929484330920441,-0.003929484330920441,-0.003929484330920441
2017-05-24,-0.0012134247697210832,-0.0019829938717870125,-0.001213424769721083,-0.0012134247697210832,-0.0012134247697210832,-0.0012134247697210832,-0.0012134247697210832,-0.0012134247697210832,-0.0012134247697210832,-0.0012134247697210832,-0.0012134247697210832,-0.0012134247697210832
2017-05-25,0.010380088212310179,0.016963269439728867,0.010380088212310179,0.010380088212310179,0.010380088212310179,0.010380088212310179,0.010380088212310179,0.010380088212310179,0.010380088212310179,0.010380088212310179,0.010380088212310179,0.010380088212310179
2017-05-26,0.005663450008226434,0.009255280541262213,0.005663450008226434,0.005663450008226434,0.005663450008226434,0.005663450008226434,0.005663450008226434,0.005663450008226434,0.005663450008226434,0.005663450008226434,0.005663450008226434,0.005663450008226434
2017-05-30,0.008820109801216613,0.014413933290912957,0.008820109801216612,0.008820109801216613,0.008820109801216613,0.008820109801216613,0.008820109801216613,0.008820109801216613,0.008820109801216613,0.008820109801216613,0.008820109801216613,0.008820109801216613
2017-05-31,0.010027659570323255,0.016387326163523185,0.010027659570323255,0.010027659570323255,0.010027659570323255,0.010027659570323255,0.010027659570323255,0.010027659570323255,0.010027659570323255,0.010027659570323255,0.010027659570323255,0.010027659570323255
2017-06-01,-0.0005866828772920218,-0.001151668478863121,-0.0005866828772920218,-0.0005866828772920218,-0.0005866828772920218,-0.0005866828772920218,-0.0005866828772920218,-0.0005866828772920218,-0.0005866828772920218,-0.0005866828772920218,-0.0005866828772920218,-0.0005866828772920218
2017-06-02,0.01149980041434473,0.02083452003950527,0.01149980041434473,0.01149980041434473,0.01149980041434473,0.01149980041434473,0.01149980041434473,0.01149980041434473,0.01149980041434473,0.01149980041434473,0.01149980041434473,0.01149980041434473
2017-06-05,-0.002322248012391337,-0.0042072836925514156,-0.002322248012391337,-0.002322248012391337,-0.002322248012391337,-0.002322248012391337,-0.002322248012391337,-0.002322248012391337,-0.002322248012391337,-0.002322248012391337,-0.002322248012391337,-0.002322248012391337
2017-06-06,-0.003927847883935853,-0.007116195281781587,-0.003927847883935853,-0.003927847883935853,-0.003927847883935853,-0.003927847883935853,0.0029278478839358532,-0.003927847883935853,-0.003927847883935853,-0.003927847883935853,-0.003927847883935853,-0.003927847883935853
2017-06-07,-0.0019475200901568623,-0.003528378309513844,-0.0019475200901568623,-0.0019475200901568623,-0.0019475200901568623,-0.0019475200901568623,-0.0029475200901568624,-0.0019475200901568623,-0.0019475200901568623,-0.0019475200901568623,-0.0019475200901568623,-0.0019475200901568623
2017-06-08,0.004536229149362914,0.008218417164727364,0.004536229149362914,0.004536229149362914,0.004536229149362914,0.004536229149362914,0.004536229149362914,0.004536229149362914,0.004536229149362913,0.004536229149362914,-0.0005,0.004536229149362914
2017-06-09,0.00480771043270356,0.00871026763467603,0.00480771043270356,0.00480771043270356,0.00480771043270356,0.00480771043270356,0.00480771043270356,0.00480771043270356,0.00480771043270356,0.00480771043270356,0.00430771043270356,0.00480771043270356
2017-06-12,0.0022227111024664126,0.00402694980241586,0.0022227111024664126,0.0022227111024664126,0.0022227111024664126,0.0022227111024664126,-0.0005,0.0022227111024664126,0.0022227111024664126,0.0022227111024664126,0.0022227111024664126,0.0022227111024664126
2017-06-13,0.008293535833912458,0.015025638037549369,0.008293535833912458,0.008293535833912458,0.008293535833912458,0.008293535833912458,0.0,0.008293535833912458,0.008293535833912458,0.008293535833912458,0.008293535833912458,0.008293535833912458
2017-06-14,0.004303959619275988,0.0077976077589287955,0.004303959619275988,0.004303959619275988,0.004303959619275988,0.004303959619275988,0.0,0.004303959619275988,0.004303959619275988,0.004303959619275988,0.004303959619275988,0.004303959619275988
2017-06-15,0.006095019777448973,0.011042523097708685,0.006095019777448973,0.006095019777448973,0.006095019777448973,0.006095019777448973,0.0,0.006095019777448973,0.0060950197774489725,0.006095019777448973,0.006095019777448973,0.006095019777448973
2017-06-16,0.009229283979835134,0.016720959938426618,0.009229283979835133,0.009229283979835134,0.009229283979835134,0.009229283979835134,0.0,0.009229283979835134,0.009229283979835133,0.009229283979835134,0.009229283979835134,0.009229283979835134
2017-06-19,0.000562669578185071,0.0010194047009453968,0.0005626695781850709,0.000562669578185071,0.000562669578185071,0.000562669578185071,0.0,0.000562669578185071,0.0005626695781850709,0.000562669578185071,0.000562669578185071,0.000562669578185071
2017-06-20,0.0,0.0,0.0,0.0,0.0,0.0,0.0,0.0,0.0,0.0,0.0,0.0
2017-06-21,-0.0023436772582672294,-0.004246107675276877,-0.0023436772582672294,-0.0023436772582672294,-0.0023436772582672294,-0.0023436772582672294,0.0,-0.0023436772582672294,-0.0023436772582672294,-0.0023436772582672294,-0.0023436772582672294,-0.0023436772582672294
2017-06-22,-0.0030067643223392615,-0.005447441631222117,-0.0030067643223392615,-0.0030067643223392615,-0.0030067643223392615,-0.0030067643223392615,0.0,-0.0030067643223392615,-0.0030067643223392615,-0.0030067643223392615,-0.0030067643223392615,-0.0030067643223392615
2017-06-23,0.0032049096963413515,0.005806427319376518,0.0032049096963413515,0.0032049096963413515,0.0032049096963413515,0.0032049096963413515,0.0,0.0032049096963413515,0.0032049096963413515,0.0032049096963413515,-0.0005,0.0032049096963413515
2017-06-26,-0.0013622647005229194,-0.0024680542426416237,-0.0013622647005229194,-0.0013622647005229194,-0.0013622647005229194,-0.0013622647005229194,0.0,-0.0013622647005229194,-0.0013622647005229194,-0.0013622647005229194,-0.0018622647005229194,-0.0013622647005229194
2017-06-27,-0.013311183385684378,-0.024116254804964234,-0.013311183385684378,-0.013311183385684378,-0.013311183385684378,-0.013311183385684378,0.0,-0.013311183385684378,-0.013311183385684378,-0.013311183385684378,-0.0005,-0.013311183385684378
2017-06-28,0.004004473147953158,0.007255019482305061,0.004004473147953158,0.004004473147953158,0.004004473147953158,0.004004473147953158,0.0,0.004004473147953158,0.004004473147953158,0.004004473147953158,0.0,0.004004473147953158
2017-06-29,-0.013152002003437024,-0.023827861304307328,-0.013152002003437024,-0.013152002003437024,-0.013152002003437024,-0.013152002003437024,0.0,-0.013152002003437024,-0.013152002003437024,-0.013152002003437024,0.0,-0.013152002003437024
2017-06-30,0.0016363239003491792,0.002560775884506526,0.0016363239003491792,0.0016363239003491792,0.0016363239003491792,0.0016363239003491792,0.0,0.0016363239003491792,0.0016363239003491792,0.0016363239003491792,0.0,0.0016363239003491792
2017-07-03,0.007876898102294305,0.012781943984589521,0.007876898102294305,0.007876898102294305,0.007876898102294305,0.007876898102294305,0.0,0.007876898102294305,0.007876898102294303,0.007876898102294305,0.0,0.007876898102294305
2017-07-05,-0.00033336230774105857,-0.0005409513096124218,-0.00033336230774105857,-0.00033336230774105857,-0.00033336230774105857,-0.00033336230774105857,0.0,-0.0005,-0.0003333623077410586,-0.00033336230774105857,-0.0008333623077410586,-0.00033336230774105857
2017-07-06,-0.00829500581757281,-0.013460412758313778,-0.00829500581757281,-0.00829500581757281,-0.00829500581757281,-0.00829500581757281,-0.00879500581757281,0.0,-0.008295005817572807,-0.00829500581757281,-0.0005,-0.00829500581757281
2017-07-07,0.0075468362625399354,0.012246348386880558,0.0075468362625399354,0.0075468362625399354,0.0075468362625399354,0.0075468362625399354,-0.0005,0.0,0.007546836262539935,0.0075468362625399354,0.0,0.0075468362625399354
2017-07-10,0.004294220677032445,0.006968287191033667,0.004294220677032445,0.004294220677032445,0.004294220677032445,0.004294220677032445,0.0,0.0,0.004294220677032445,0.004294220677032445,0.0037942206770324454,0.004294220677032445
2017-07-11,-0.003942956694103716,-0.006398286602567115,-0.003942956694103716,-0.003942956694103716,-0.003942956694103716,-0.003942956694103716,0.0,0.0,-0.003942956694103716,-0.003942956694103716,-0.003942956694103716,-0.003942956694103716
2017-07-12,0.007822377713629702,0.007511021274927866,0.007822377713629702,0.007822377713629702,0.007822377713629702,0.0078223777136297,0.007322377713629702,0.0,0.007822377713629702,0.007822377713629702,-0.0005,0.007822377713629702
2017-07-13,-0.000994062106135507,-0.000994062106135507,-0.000994062106135507,-0.000994062106135507,-0.000994062106135507,-0.000994062106135507,-0.000994062106135507,0.0,-0.000994062106135507,-0.000994062106135507,-0.001494062106135507,-0.000994062106135507
2017-07-14,0.0032213645746577146,0.0032213645746577146,0.0032213645746577146,0.0032213645746577146,0.0032213645746577146,0.003221364574657714,0.0032213645746577146,0.0,0.003221364574657714,0.0032213645746577146,0.0032213645746577146,0.0032213645746577146
2017-07-17,-0.00042493155238398916,-0.00042493155238398916,-0.00042493155238398916,-0.00042493155238398916,-0.00042493155238398916,-0.0004249315523839892,-0.00042493155238398916,0.0,-0.0004249315523839892,-0.00042493155238398916,-0.00042493155238398916,-0.00042493155238398916
2017-07-18,-0.0017480715962991944,-0.0017480715962991944,-0.0017480715962991944,-0.0017480715962991944,-0.0017480715962991944,-0.0017480715962991944,-0.0017480715962991944,-0.0022480715962991944,-0.0017480715962991944,-0.0017480715962991944,-0.0017480715962991944,-0.0017480715962991944
2017-07-19,0.003738813536152019,0.003738813536152019,0.0037388135361520187,0.003738813536152019,0.003738813536152019,0.0037388135361520187,0.003738813536152019,0.003738813536152019,0.003738813536152019,0.003738813536152019,0.003738813536152019,0.003738813536152019
2017-07-20,0.001649785331517828,0.001649785331517828,0.001649785331517828,0.001649785331517828,0.001649785331517828,0.001649785331517828,0.001649785331517828,0.001649785331517828,0.001649785331517828,0.001649785331517828,0.001649785331517828,0.001649785331517828
2017-07-21,-0.006071888364590383,-0.006071888364590383,-0.006071888364590383,-0.006071888364590383,-0.006071888364590383,-0.006071888364590383,0.005071888364590383,-0.006071888364590383,-0.006071888364590383,-0.006071888364590383,-0.006071888364590383,-0.006071888364590383
2017-07-24,-0.005493496024732369,-0.005493496024732369,-0.005493496024732369,-0.005493496024732369,-0.005493496024732369,-0.0054934960247323686,-0.0064934960247323694,-0.005493496024732369,-0.005493496024732369,-0.005493496024732369,-0.0005,-0.005493496024732369
2017-07-25,-0.05052376962962424,-0.05052376962962424,-0.05052376962962423,-0.05052376962962424,-0.05052376962962424,-0.05052376962962423,0.04952376962962424,-0.05052376962962424,-0.05052376962962424,-0.05052376962962424,0.0,-0.05052376962962424
2017-07-26,-0.0005,-0.0011592460988205913,-0.001805137713910443,-0.001805137713910443,-0.0005,-0.001805137713910443,0.001805137713910443,-0.0005,-0.001805137713910443,-0.001805137713910443,0.0,-0.001805137713910443
2017-07-27,0.0,0.0025885757428590686,0.005124714174817635,0.005124714174817635,0.0,0.005124714174817635,-0.005124714174817635,0.0,0.005124714174817635,0.005124714174817635,0.0,0.005124714174817635
2017-07-28,0.0,-0.0008333998682195662,-0.0016499173840046621,-0.0016499173840046621,0.0,-0.0016499173840046621,0.0016499173840046621,0.0,-0.0016499173840046621,-0.0016499173840046621,0.0,-0.0016499173840046621
2017-07-31,0.0,0.003667153748866541,0.007260021210464984,0.007260021210464984,0.0,0.007260021210464984,0.006260021210464984,0.0,0.007260021210464984,0.007260021210464984,0.0,0.007260021210464984
2017-08-01,0.0,0.005047043241420077,0.009991847490487427,0.009991847490487427,0.0,0.009991847490487427,0.009991847490487427,0.0,0.009991847490487427,0.009991847490487427,0.0,0.009991847490487427
2017-08-02,0.0,0.005543867862212456,0.010975432453607326,0.010975432453607326,0.0,0.010975432453607326,0.010975432453607326,0.0,0.010975432453607326,0.010975432453607326,0.010475432453607325,0.010975432453607326
2017-08-03,0.0,0.00543461862471629,0.010759147062874952,0.010759147062874952,0.0,0.010759147062874952,0.010759147062874952,0.0,0.010759147062874952,-0.011759147062874953,0.010759147062874952,0.010759147062874952
2017-08-04,0.0,7.297669222784974e-05,0.00014447508060100311,0.00014447508060100311,0.0,0.00014447508060100311,0.00014447508060100311,-0.0006444750806010031,0.00014447508060100311,-0.00014447508060100311,0.00014447508060100311,0.00014447508060100311
2017-08-07,0.0,-0.0005109429203181106,-0.0010115355648758761,-0.0010115355648758761,0.0,-0.0010115355648758761,-0.0010115355648758761,0.0010115355648758761,-0.0010115355648758761,0.0010115355648758761,-0.0010115355648758761,-0.0010115355648758761
2017-08-08,0.0,-0.002459384546799766,-0.0048689488353126364,-0.0048689488353126364,0.0,-0.0048689488353126364,-0.0048689488353126364,0.0048689488353126364,-0.0048689488353126364,0.0048689488353126364,-0.0048689488353126364,-0.0048689488353126364
2017-08-09,0.0,0.00012248982898682183,0.00024249835633027842,0.0002424983563302785,0.0,0.0002424983563302785,0.0002424983563302785,-0.0002424983563302785,0.0002424983563302785,-0.0002424983563302785,0.0002424983563302785,0.0002424983563302785
2017-08-10,0.0,-0.0014583267003024083,-0.001210884760572295,-0.001210884760572295,-0.001710884760572295,-0.001210884760572295,-0.001210884760572295,-0.0005,-0.001210884760572295,0.001210884760572295,-0.001210884760572295,-0.001210884760572295
2017-08-11,0.0,-0.0012121137515331837,-0.0012121137515331837,-0.0012121137515331837,-0.0005,-0.0012121137515331837,-0.0012121137515331837,0.0,-0.0012121137515331837,0.0012121137515331837,-0.0005,-0.0012121137515331837
2017-08-14,0.0,0.006747887818675746,0.006747887818675746,0.006747887818675746,0.0,0.006747887818675746,0.006747887818675746,0.0,0.006747887818675746,-0.006747887818675746,0.0,0.006747887818675746
2017-08-15,0.0,-0.0009160330385197257,-0.0009160330385197257,-0.0009160330385197257,-0.0014160330385197257,-0.0009160330385197257,-0.0009160330385197257,0.0,-0.0009160330385197257,0.0009160330385197257,-0.0014160330385197257,-0.0009160330385197257
2017-08-16,0.0,0.0035719617951770477,0.0035719617951770477,0.0035719617951770477,0.0035719617951770477,0.0035719617951770477,0.0035719617951770477,0.0,0.0035719617951770477,-0.0035719617951770477,0.0035719617951770477,0.0035719617951770477
2017-08-17,0.0,-0.012360401006665689,-0.012360401006665689,-0.012360401006665689,-0.012360401006665689,-0.012360401006665689,-0.012360401006665689,0.0,-0.012360401006665689,0.012360401006665689,-0.012360401006665689,-0.012360401006665689
2017-08-18,0.0,-0.00886316936547027,-0.00886316936547027,-0.00886316936547027,-0.0005,-0.00886316936547027,-0.00886316936547027,0.0,-0.008863169365470267,0.00886316936547027,-0.0005,-0.00886316936547027
2017-08-21,0.0,0.005011530510409923,0.005011530510409923,0.005011530510409923,0.0,0.005011530510409923,-0.0005,0.0,0.005011530510409923,-0.005011530510409923,0.0,0.005011530510409923
2017-08-22,0.0,0.004448887796125289,0.004448887796125289,0.004448887796125289,0.0,0.004448887796125289,0.003948887796125289,0.0,0.004448887796125289,-0.004448887796125289,0.0,0.004448887796125289
2017-08-23,0.0,-0.007905926154653797,-0.007905926154653797,-0.007905926154653797,0.0,-0.007905926154653797,-0.007905926154653797,0.0,-0.007905926154653797,0.007905926154653797,-0.008405926154653798,-0.007905926154653797
2017-08-24,0.0,-0.0027132214360998663,-0.0027132214360998663,-0.0027132214360998663,0.0,-0.0027132214360998663,-0.0005,0.0022132214360998663,-0.0027132214360998663,0.0027132214360998663,-0.0005,-0.0027132214360998663
2017-08-25,0.0,4.9226322260231825e-05,4.9226322260231825e-05,4.9226322260231825e-05,0.0,4.9226322260231825e-05,0.0,-4.9226322260231825e-05,4.9226322260231825e-05,-4.9226322260231825e-05,0.0,4.9226322260231825e-05
2017-08-28,0.0,0.0016327543099403652,0.0016327543099403652,0.0016327543099403652,0.0,0.0016327543099403652,0.0,-0.0016327543099403652,0.0016327543099403652,-0.0016327543099403652,0.0,0.0016327543099403652
2017-08-29,0.0,0.0022717443445148255,0.002271744344514825,0.0022717443445148255,0.0,0.0022717443445148255,0.0,-0.0022717443445148255,0.0022717443445148255,-0.0022717443445148255,0.0,0.0022717443445148255
2017-08-30,0.0,0.0037945663790066586,0.0037945663790066586,0.0037945663790066586,0.0,0.0037945663790066586,0.0,-0.0037945663790066586,0.0037945663790066586,-0.0037945663790066586,0.0,0.0037945663790066586
2017-08-31,0.0,0.0030928761582647013,0.003092876158264701,0.0030928761582647013,0.0,0.0030928761582647013,0.0,-0.0030928761582647013,0.0030928761582647013,-0.0030928761582647013,0.0025928761582647013,0.0030928761582647013
2017-09-01,0.0,-0.0037195702059207303,-0.0037195702059207303,-0.0037195702059207303,-0.004219570205920731,-0.0037195702059207303,-0.004219570205920731,0.0037195702059207303,-0.0037195702059207303,0.0037195702059207303,-0.0037195702059207303,-0.0037195702059207303
2017-09-05,0.0,-0.01267411849198008,-0.01267411849198008,-0.01267411849198008,-0.0005,-0.01267411849198008,-0.01267411849198008,0.01267411849198008,-0.01267411849198008,0.01267411849198008,-0.01267411849198008,-0.01267411849198008
2017-09-06,0.0,0.005323736735088236,0.005323736735088236,0.005323736735088236,0.0,0.005323736735088236,-0.0005,-0.005323736735088236,0.005323736735088235,-0.005323736735088236,-0.0005,0.005323736735088236
2017-09-07,0.0,0.01192812017231315,0.01192812017231315,0.01192812017231315,0.0,0.01192812017231315,0.0,-0.01192812017231315,0.01192812017231315,-0.01192812017231315,0.0,0.01192812017231315
2017-09-08,0.0,0.00601520620828766,0.00601520620828766,0.00601520620828766,0.00551520620828766,0.00601520620828766,0.0,-0.00601520620828766,0.00601520620828766,-0.00601520620828766,0.00551520620828766,0.00601520620828766
2017-09-11,0.018315146525957393,0.01847246564403447,0.018815146525957394,0.018815146525957394,0.018815146525957394,0.018815146525957394,0.018315146525957393,-0.018815146525957394,0.01881514652595739,-0.018815146525957394,0.018815146525957394,0.018815146525957394
2017-09-12,0.0003818172207634696,0.00024142540844809674,0.00038181722076346947,0.0003818172207634696,0.0003818172207634696,0.0003818172207634696,0.0003818172207634696,-0.0005,0.0003818172207634695,-0.0003818172207634696,0.0003818172207634696,0.0003818172207634696
2017-09-13,-0.0007157655576138788,-0.0005946100380260944,-0.0007157655576138789,-0.0007157655576138788,-0.0007157655576138788,-0.0007157655576138788,-0.0005,0.0,-0.0007157655576138788,0.0007157655576138788,-0.0007157655576138788,-0.0007157655576138788
2017-09-14,0.009260262268034225,0.007692805054330084,0.009260262268034225,0.009260262268034225,0.009260262268034225,0.009260262268034225,0.0,0.0,0.009260262268034225,-0.009260262268034225,0.009260262268034225,0.009260262268034225
2017-09-15,0.009081410937148204,0.0075442273594020426,0.009081410937148204,0.009081410937148204,0.009081410937148204,0.009081410937148204,0.008581410937148204,0.0,0.009081410937148204,-0.009081410937148204,0.009081410937148204,0.009081410937148204
2017-09-18,0.001921808105433298,0.0015965093297587755,0.001921808105433298,0.001921808105433298,0.001921808105433298,0.001921808105433298,-0.0005,0.0,0.001921808105433298,-0.001921808105433298,0.001921808105433298,0.001921808105433298
2017-09-19,-0.0009360746429244449,-0.0007776280558680159,-0.0009360746429244449,-0.0009360746429244449,-0.0009360746429244449,-0.0009360746429244449,0.0,0.0,-0.0009360746429244449,0.0009360746429244449,-0.0009360746429244449,-0.0009360746429244449
2017-09-20,-0.01428125534314928,-0.013354154164695651,-0.01428125534314928,-0.01428125534314928,-0.01428125534314928,-0.01428125534314928,0.0,-0.01478125534314928,-0.01428125534314928,-0.01528125534314928,-0.01428125534314928,-0.01428125534314928
2017-09-21,-0.0003327133471952015,-0.0003283241349333616,-0.0003327133471952015,-0.0003327133471952015,-0.0003327133471952015,-0.0003327133471952015,-0.0001672866528047985,-0.0003327133471952015,-0.0003327133471952015,-0.0003327133471952015,-0.0005,-0.0003327133471952015
2017-09-22,0.0015207661615030954,0.0012495485639511595,0.0015207661615030954,0.0015207661615030954,0.0015207661615030954,0.0015207661615030954,-0.0005,0.0015207661615030954,0.0015207661615030952,0.0015207661615030954,0.0,0.0015207661615030954
2017-09-25,-0.00014255518897399178,-0.00011713150658887476,-0.00014255518897399178,-0.00014255518897399178,-0.00014255518897399178,-0.00014255518897399178,0.0,-0.00014255518897399178,-0.00014255518897399183,-0.00014255518897399178,0.0,-0.00014255518897399178
2017-09-26,0.0014238944466720138,0.0011699532157517856,0.0014238944466720138,0.0014238944466720138,0.0014238944466720138,0.0014238944466720138,0.0,0.0014238944466720138,0.0014238944466720138,0.0014238944466720138,0.0,0.0014238944466720138
2017-09-27,-0.007345437265624866,-0.006035431889004588,-0.007345437265624866,-0.007345437265624866,-0.007345437265624866,-0.007345437265624866,-0.007845437265624866,-0.007345437265624866,-0.007345437265624866,-0.007345437265624866,0.0,-0.007345437265624866
2017-09-28,0.0003347004068698922,0.0002750090206799301,0.0003347004068698922,0.0003347004068698922,0.0003347004068698922,0.0003347004068698922,0.0003347004068698922,0.0003347004068698922,0.0003347004068698922,0.0003347004068698922,0.0,0.0003347004068698922
2017-09-29,0.0016697845021356184,0.0013719905660507538,0.0016697845021356184,0.0016697845021356184,0.0016697845021356184,0.0016697845021356184,-0.0005,0.0016697845021356184,0.0016697845021356184,0.0016697845021356184,0.0,0.0016697845021356184
2017-10-02,0.013626022494588996,0.011195920366646862,0.013626022494588996,0.013626022494588996,0.013626022494588996,0.013626022494588996,0.013126022494588996,0.013626022494588996,0.013626022494588996,0.013626022494588996,0.0,0.013626022494588996
2017-10-03,0.00850688625271978,0.006989744886403581,0.00850688625271978,0.00850688625271978,0.00850688625271978,0.00850688625271978,0.00850688625271978,0.00850688625271978,0.00850688625271978,0.00850688625271978,0.00800688625271978,0.00850688625271978
2017-10-04,0.009088193959439828,0.00746738058644299,0.009088193959439828,0.009088193959439828,0.009088193959439828,0.009088193959439828,0.009088193959439828,0.009088193959439828,0.009088193959439828,0.009088193959439828,0.009088193959439828,0.009088193959439828
2017-10-05,-0.0006930219492037315,-0.0005694265189056112,-0.0006930219492037315,-0.0006930219492037315,-0.0006930219492037315,-0.0006930219492037315,-0.0006930219492037315,-0.0006930219492037315,-0.0006930219492037315,-0.0006930219492037315,-0.0006930219492037315,-0.0006930219492037315
2017-10-06,0.000693502561700754,0.000569821417655119,0.000693502561700754,0.000693502561700754,0.000693502561700754,0.000693502561700754,0.000693502561700754,0.000693502561700754,0.0006935025617007538,0.000693502561700754,0.000693502561700754,0.000693502561700754
2017-10-09,0.0007390875924058182,0.0006072766892787878,0.0007390875924058182,0.0007390875924058182,0.0007390875924058182,0.0007390875924058182,0.0007390875924058182,0.0007390875924058182,0.0007390875924058181,0.0007390875924058182,0.0007390875924058182,0.0007390875924058182
2017-10-10,0.00032244755222610166,0.0002332761843927098,0.00032244755222610166,0.00032244755222610166,0.00032244755222610166,0.00032244755222610166,0.00032244755222610166,0.00032244755222610166,0.00032244755222610166,0.00032244755222610166,0.00032244755222610166,0.00032244755222610166
2017-10-11,-0.0011068902049714557,-0.0011068902049714557,-0.0011068902049714557,-0.0011068902049714557,-0.0011068902049714557,-0.0011068902049714557,-0.0011068902049714557,-0.0011068902049714557,-0.0011068902049714557,-0.0011068902049714557,-0.0011068902049714557,-0.0011068902049714557
2017-10-12,0.0049884496654086785,0.0049884496654086785,0.004988449665408678,0.0049884496654086785,0.0049884496654086785,0.0049884496654086785,0.0049884496654086785,0.0049884496654086785,0.0049884496654086785,0.0049884496654086785,0.0049884496654086785,0.0049884496654086785
2017-10-13,0.0005973725743142477,0.0005973725743142477,0.0005973725743142476,0.0005973725743142477,0.0005973725743142477,0.0005973725743142477,0.0005973725743142477,0.0005973725743142477,0.0005973725743142477,0.0005973725743142477,0.0005973725743142477,0.0005973725743142477
2017-10-16,0.004593105614077109,0.004593105614077109,0.004593105614077109,0.004593105614077109,0.004593105614077109,0.004593105614077109,0.004593105614077109,0.004593105614077109,0.004593105614077109,0.004593105614077109,0.004593105614077109,0.004593105614077109
2017-10-17,-0.004435074500355185,-0.004435074500355185,-0.004435074500355185,-0.004435074500355185,-0.004435074500355185,-0.004435074500355185,-0.004435074500355185,-0.004435074500355185,-0.004435074500355184,-0.004435074500355185,-0.004435074500355185,-0.004435074500355185
2017-10-18,0.0023879601251850513,0.0023879601251850513,0.0023879601251850513,0.0023879601251850513,0.0023879601251850513,0.0023879601251850513,0.0023879601251850513,0.0023879601251850513,0.0023879601251850513,0.0023879601251850513,0.0023879601251850513,0.0023879601251850513
2017-10-19,0.004444107117554941,0.004444107117554941,0.004444107117554941,0.004444107117554941,0.004444107117554941,0.004444107117554941,0.004444107117554941,0.004444107117554941,0.004444107117554941,0.004444107117554941,0.004444107117554941,0.004444107117554941
2017-10-20,0.009487371632763253,0.009487371632763253,0.009487371632763251,0.009487371632763253,0.009487371632763253,0.009487371632763253,0.009487371632763253,0.009487371632763253,0.009487371632763253,0.009487371632763253,0.009487371632763253,0.009487371632763253
2017-10-23,0.0010394101084654217,0.0010394101084654217,0.0010394101084654217,0.0010394101084654217,0.0010394101084654217,0.0010394101084654217,0.0010394101084654217,0.0010394101084654217,0.0010394101084654217,0.0010394101084654217,0.0010394101084654217,0.0010394101084654217
2017-10-24,0.05912866707940334,0.05912866707940334,0.05912866707940334,0.05912866707940334,0.05912866707940334,0.05912866707940334,0.05912866707940334,0.05912866707940334,0.05912866707940334,0.05912866707940334,0.05912866707940334,0.05912866707940334
2017-10-25,0.012912868503069719,0.01225552312053398,0.012912868503069719,0.012912868503069719,0.012912868503069719,0.012912868503069719,0.012912868503069719,0.012912868503069719,0.012912868503069719,0.012912868503069719,0.012912868503069719,0.012912868503069719
2017-10-26,-0.019942748809810174,-0.018864485847024895,-0.019942748809810174,-0.019942748809810174,-0.019942748809810174,-0.019942748809810174,-0.019942748809810174,-0.019942748809810174,-0.019942748809810174,-0.019942748809810174,-0.019942748809810174,-0.019942748809810174
2017-10-27,0.0077273126573802475,0.006829052562400113,0.0077273126573802475,0.0077273126573802475,0.0077273126573802475,0.0077273126573802475,0.0077273126573802475,0.0077273126573802475,0.0077273126573802475,0.0077273126573802475,0.0077273126573802475,0.0077273126573802475
2017-10-30,-0.01584735707734719,-0.014099824926730817,-0.01584735707734719,-0.01584735707734719,-0.01584735707734719,-0.01584735707734719,0.01484735707734719,-0.01584735707734719,-0.015847357077347187,-0.01584735707734719,-0.01584735707734719,-0.01584735707734719
2017-10-31,-0.0035926982555661846,-0.0030605983921651848,-0.003592698255566184,-0.0035926982555661846,-0.0035926982555661846,-0.0035926982555661846,0.0035926982555661846,-0.0035926982555661846,-0.003592698255566184,-0.0035926982555661846,-0.0005,-0.0035926982555661846
2017-11-01,-4.375584875171423e-05,-3.834823797143843e-05,-4.3755848751714226e-05,-4.375584875171423e-05,-4.375584875171423e-05,-4.375584875171423e-05,4.375584875171423e-05,-4.375584875171423e-05,-4.375584875171429e-05,-4.375584875171423e-05,0.0,-4.375584875171423e-05
2017-11-02,0.008906142152683927,0.007562635991675432,0.008906142152683927,0.008906142152683927,0.008906142152683927,0.008906142152683927,-0.008906142152683927,0.008906142152683927,0.008906142152683925,0.008906142152683927,0.0,0.008906142152683927
2017-11-03,-4.273833029888596e-05,-3.639927409660586e-05,-4.273833029888601e-05,-4.273833029888596e-05,-4.273833029888596e-05,-4.273833029888596e-05,4.273833029888596e-05,-4.273833029888596e-05,-4.273833029888602e-05,-4.273833029888596e-05,0.0,-4.273833029888596e-05
2017-11-06,-0.008224789164388735,-0.006990302267984341,-0.008224789164388735,-0.008224789164388735,-0.008224789164388735,-0.008224789164388735,0.008224789164388735,-0.0005,-0.008224789164388735,-0.008224789164388735,-0.008724789164388735,-0.008224789164388735
2017-11-07,-0.0011291849512802266,-0.0009522030823904023,-0.0011291849512802266,-0.0011291849512802266,-0.0011291849512802266,-0.0011291849512802266,0.0011291849512802266,0.0,-0.0011291849512802266,-0.0011291849512802266,-0.0005,-0.0011291849512802266
2017-11-08,-0.000956290279746641,-0.0007054098563994048,-0.000956290279746641,-0.000956290279746641,-0.000956290279746641,-0.000956290279746641,-0.0005,0.0,-0.000956290279746641,-0.000956290279746641,0.0,-0.000956290279746641
2017-11-09,-0.006265394515447276,-0.003929347849022269,-0.006265394515447276,-0.006265394515447276,-0.006265394515447276,-0.006265394515447276,0.0,0.0,-0.006265394515447276,-0.006265394515447276,0.0,-0.006265394515447276
2017-11-10,-0.0005,-0.002564737025196192,-0.004116064874590375,-0.004116064874590375,-0.004116064874590375,-0.004116064874590375,0.0,0.0,-0.004116064874590375,-0.004116064874590375,0.0,-0.004116064874590375
2017-11-13,0.0,0.002098166550512171,0.0033855459319414027,0.0033855459319414027,0.0033855459319414027,0.0033855459319414027,0.0,0.0,0.0033855459319414023,0.0033855459319414027,0.0,0.0033855459319414027
2017-11-14,0.0,0.003016418967671889,0.004863603168294928,0.004863603168294928,0.004863603168294928,0.004863603168294928,0.0,0.0,0.004863603168294927,0.004863603168294928,0.0,0.004863603168294928
2017-11-15,0.0,-0.005218817498204949,-0.00841563780731136,-0.00841563780731136,-0.00841563780731136,-0.00841563780731136,0.0,0.0,-0.00841563780731136,-0.00841563780731136,-0.00891563780731136,-0.00841563780731136
2017-11-16,0.0,0.005465502472609788,0.008882678572025071,0.008882678572025071,0.008882678572025071,0.008882678572025071,0.0,0.0,0.008882678572025071,0.008882678572025071,-0.0005,0.008882678572025071
2017-11-17,0.0,-0.00016156253957230984,-0.0002613867469548614,-0.0002613867469548614,-0.0002613867469548614,-0.0002613867469548614,0.0,0.0,-0.0002613867469548614,-0.0002613867469548614,-0.0007613867469548614,-0.0002613867469548614
2017-11-20,0.0,0.005689042163183529,0.009286837707657591,0.009286837707657591,0.009286837707657591,0.009286837707657591,0.0,0.0,0.009286837707657591,0.009286837707657591,0.009286837707657591,0.009286837707657591
2017-11-21,0.0,0.006882431554563569,0.011231540881997848,0.011231540881997848,0.011231540881997848,0.011231540881997848,0.0,0.010731540881997848,0.011231540881997848,0.011231540881997848,0.011231540881997848,0.011231540881997848
2017-11-22,-0.006231785999224637,-0.003487628024111159,-0.005731785999224637,-0.005731785999224637,-0.005731785999224637,-0.005731785999224637,-0.006231785999224637,-0.005731785999224637,-0.005731785999224637,-0.005731785999224637,-0.005731785999224637,-0.005731785999224637
2017-11-24,-0.0008637082491876891,-0.0010596786737369812,-0.0008637082491876891,-0.0008637082491876891,-0.0008637082491876891,-0.0008637082491876891,-0.0005,-0.0008637082491876891,-0.0008637082491876891,-0.0008637082491876891,-0.0008637082491876891,-0.0008637082491876891
2017-11-27,0.011323589712407323,0.011323589712407323,0.011323589712407323,0.011323589712407323,0.011323589712407323,0.011323589712407323,-0.011823589712407323,0.011323589712407323,0.011323589712407323,0.011323589712407323,0.011323589712407323,0.011323589712407323
2017-11-28,0.0069657503035689405,0.0069657503035689405,0.0069657503035689405,0.0069657503035689405,0.0069657503035689405,0.0069657503035689405,0.0059657503035689405,0.0069657503035689405,0.0069657503035689405,0.0069657503035689405,0.0069657503035689405,0.0069657503035689405
2017-11-29,0.010100566905403063,0.010100566905403063,0.010100566905403063,0.010100566905403063,0.010100566905403063,0.010100566905403063,0.010100566905403063,0.010100566905403063,0.010100566905403063,0.010100566905403063,0.010100566905403063,0.010100566905403063
2017-11-30,0.021553460441645855,0.021553460441645855,0.021553460441645855,0.021553460441645855,0.021553460441645855,0.021553460441645855,0.021553460441645855,0.021553460441645855,0.021553460441645855,0.021553460441645855,0.021553460441645855,0.021553460441645855
2017-12-01,-0.008184517690901338,-0.008184517690901338,-0.008184517690901338,-0.008184517690901338,-0.008184517690901338,-0.008184517690901338,0.007184517690901338,-0.008184517690901338,-0.008184517690901338,-0.008184517690901338,-0.008184517690901338,-0.008184517690901338
2017-12-04,-0.007837290131809227,-0.007837290131809227,-0.007837290131809227,-0.007837290131809227,-0.007837290131809227,-0.007837290131809227,-0.0005,-0.007837290131809227,-0.007837290131809227,-0.007837290131809227,-0.007837290131809227,-0.007837290131809227
2017-12-05,-0.004179410761172564,-0.004179410761172564,-0.004179410761172564,-0.004179410761172564,-0.004179410761172564,-0.004179410761172564,-0.004679410761172564,-0.004179410761172564,-0.004179410761172563,-0.004179410761172564,-0.004179410761172564,-0.004179410761172564
2017-12-06,0.0017202282011810066,0.0017202282011810066,0.0017202282011810066,0.0017202282011810066,0.0017202282011810066,0.0017202282011810066,-0.0005,0.0017202282011810066,0.0017202282011810066,0.0017202282011810066,-0.0005,0.0017202282011810066
2017-12-07,0.006829967592568487,0.006829967592568487,0.006829967592568487,0.006829967592568487,0.006829967592568487,0.006829967592568487,0.0,0.006829967592568487,0.006829967592568487,0.006829967592568487,0.0,0.006829967592568487
2017-12-08,-0.00903060768906061,-0.00903060768906061,-0.00903060768906061,-0.00903060768906061,-0.00903060768906061,-0.00903060768906061,0.0,-0.00903060768906061,-0.00903060768906061,-0.00903060768906061,-0.00953060768906061,-0.00903060768906061
2017-12-11,0.004913556084076287,0.004913556084076287,0.004913556084076286,0.004913556084076287,0.004913556084076287,0.004913556084076287,0.004413556084076287,0.004913556084076287,0.004913556084076287,0.004913556084076287,-0.0005,0.004913556084076287
2017-12-12,-0.011366279842865756,-0.011366279842865756,-0.011366279842865755,-0.011366279842865756,-0.011366279842865756,-0.011366279842865756,-0.0005,-0.011366279842865756,-0.011366279842865756,-0.011366279842865756,0.0,-0.011366279842865756
2017-12-13,0.010693863836874762,0.010693863836874762,0.010693863836874762,0.010693863836874762,0.010693863836874762,0.010693863836874762,0.0,-0.0005,0.010693863836874762,0.010693863836874762,0.0,0.010693863836874762
2017-12-14,-0.004307972568886487,-0.004307972568886487,-0.004307972568886487,-0.004307972568886487,-0.004307972568886487,-0.004307972568886487,-0.004807972568886487,0.0,-0.004307972568886487,-0.004307972568886487,-0.004807972568886487,-0.004307972568886487
2017-12-15,-0.0003359281736404762,-0.0003359281736404762,-0.0003359281736404762,-0.0003359281736404762,-0.0003359281736404762,-0.0003359281736404762,-0.0005,0.0,-0.0003359281736404762,-0.0003359281736404762,-0.0005,-0.0003359281736404762
2017-12-18,0.0017647278190362492,0.0017647278190362492,0.0017647278190362492,0.0017647278190362492,0.0017647278190362492,0.0017647278190362492,0.0,0.0,0.0017647278190362492,0.0017647278190362492,0.0,0.0017647278190362492
2017-12-19,-0.00012558886399038904,-0.00012558886399038904,-0.00012558886399038904,-0.00012558886399038904,-0.00012558886399038904,-0.00012558886399038904,0.0,0.0,-0.00012558886399038904,-0.00012558886399038904,0.0,-0.00012558886399038904
2017-12-20,-0.006166389937554695,-0.006166389937554695,-0.006166389937554695,-0.006166389937554695,-0.006166389937554695,-0.006166389937554695,0.0,0.0,-0.006166389937554695,-0.006166389937554695,0.0,-0.006166389937554695
2017-12-21,-0.009032954723456887,-0.009032954723456887,-0.009032954723456887,-0.009032954723456887,-0.009032954723456887,-0.009032954723456887,0.0,0.0,-0.009032954723456886,-0.009032954723456887,0.0,-0.009032954723456887
2017-12-22,-0.0005,-0.0002128023293805903,-0.0002128023293805903,-0.0002128023293805903,-0.0002128023293805903,-0.0002128023293805903,0.0,0.0,-0.00021280232938059035,-0.0002128023293805903,0.0,-0.0002128023293805903
2017-12-26,0.0,0.0030673326681629476,0.0030673326681629476,0.0030673326681629476,0.0030673326681629476,0.0030673326681629476,0.0025673326681629476,0.0,0.0030673326681629476,0.0030673326681629476,0.0,0.0030673326681629476
2017-12-27,0.0,0.003185229532360445,0.0031852295323604447,0.003185229532360445,0.003185229532360445,0.003185229532360445,-0.0005,0.0,0.003185229532360445,0.003185229532360445,0.0,0.003185229532360445
2017-12-28,0.0,-0.0020317150292817887,-0.0020317150292817887,-0.0020317150292817887,-0.0020317150292817887,-0.0020317150292817887,0.0,0.0,-0.0020317150292817883,-0.0020317150292817887,0.0,-0.0020317150292817887
2017-12-29,0.0,-0.0014849166910532174,-0.0014849166910532172,-0.0014849166910532174,-0.0014849166910532174,-0.0014849166910532174,-0.0019849166910532175,0.0,-0.0014849166910532174,-0.0014849166910532174,0.0,-0.0014849166910532174
2018-01-02,0.0,0.0011469146845066724,0.0011469146845066724,0.0011469146845066724,0.0011469146845066724,0.0011469146845066724,-0.0005,0.0,0.0011469146845066724,0.0011469146845066724,0.0,0.0011469146845066724
2018-01-03,0.0,-4.221887069699726e-05,-4.221887069699726e-05,-4.221887069699726e-05,-4.221887069699726e-05,-4.2218870696997305e-05,0.0,0.0,-4.221887069699726e-05,-4.221887069699726e-05,0.0,-4.221887069699726e-05
2018-01-04,0.0,0.013071224482763322,0.01307122448276332,0.013071224482763322,0.013071224482763322,0.013071224482763322,0.012571224482763321,0.0,0.013071224482763322,0.013071224482763322,0.012571224482763321,0.013071224482763322
2018-01-05,0.0,0.007791962905181915,0.007791962905181915,0.007791962905181915,0.007791962905181915,0.007791962905181915,0.007791962905181915,0.007291962905181915,0.007791962905181915,0.007791962905181915,0.007791962905181915,0.007791962905181915
2018-01-08,-0.003742208963144866,-0.003242208963144866,-0.0032422089631448654,-0.003242208963144866,-0.003242208963144866,-0.003242208963144866,-0.003242208963144866,-0.003242208963144866,-0.003242208963144866,-0.003242208963144866,-0.003242208963144866,-0.003242208963144866
2018-01-09,0.0062136692384935355,0.0062136692384935355,0.006213669238493535,0.0062136692384935355,0.0062136692384935355,0.0062136692384935355,0.0062136692384935355,0.0062136692384935355,0.0062136692384935355,0.0062136692384935355,0.0062136692384935355,0.0062136692384935355
2018-01-10,-0.0005804816481798092,-0.0005802792434428136,-0.0005804816481798093,-0.0005804816481798092,-0.0005804816481798092,-0.0005804816481798092,-0.0005804816481798092,-0.0005804816481798092,-0.0005804816481798092,-0.0005804816481798092,-0.0005804816481798092,-0.0005804816481798092
2018-01-11,0.004852223376197395,0.00485096591725133,0.004852223376197395,0.004852223376197395,0.004852223376197395,0.004852223376197395,0.004852223376197395,0.004852223376197395,0.004852223376197395,0.004852223376197395,0.004852223376197395,0.004852223376197395
2018-01-12,0.00891453994390723,0.00891453994390723,0.00891453994390723,0.00891453994390723,0.00891453994390723,0.00891453994390723,0.00891453994390723,0.00891453994390723,0.00891453994390723,0.00891453994390723,0.00891453994390723,0.00891453994390723
2018-01-16,0.0011038233260300956,0.0011038233260300956,0.0011038233260300956,0.0011038233260300956,0.0011038233260300956,0.0011038233260300956,0.0011038233260300956,0.0011038233260300956,0.0011038233260300956,0.0011038233260300956,0.0011038233260300956,0.0011038233260300956
2018-01-17,0.013769974837423593,0.013769974837423593,0.013769974837423593,0.013769974837423593,0.013769974837423593,0.013769974837423593,0.013769974837423593,0.013769974837423593,0.013769974837423593,0.013769974837423593,0.013769974837423593,0.013769974837423593
2018-01-18,-0.008867124721839703,-0.008867124721839703,-0.008867124721839701,-0.008867124721839703,-0.008867124721839703,-0.008867124721839703,-0.008867124721839703,-0.008867124721839703,-0.008867124721839701,-0.008867124721839703,-0.008867124721839703,-0.008867124721839703
2018-01-19,0.009230932761982835,0.009230932761982835,0.009230932761982835,0.009230932761982835,0.009230932761982835,0.009230932761982835,0.009230932761982835,0.009230932761982835,0.009230932761982835,0.009230932761982835,0.009230932761982835,0.009230932761982835
2018-01-22,-0.003545614316390444,-0.003519852369700778,-0.003545614316390444,-0.003545614316390444,-0.003545614316390444,-0.003545614316390444,-0.003545614316390444,-0.003545614316390444,-0.003545614316390444,-0.003545614316390444,-0.003545614316390444,-0.003545614316390444
2018-01-23,-0.004003403627643953,-0.003916535933294962,-0.004003403627643953,-0.004003403627643953,-0.004003403627643953,-0.004003403627643953,-0.004003403627643953,-0.004003403627643953,-0.004003403627643953,-0.004003403627643953,-0.004003403627643953,-0.004003403627643953
2018-01-24,0.005602524848495438,0.005562239309613095,0.005602524848495438,0.005602524848495438,0.005602524848495438,0.005602524848495438,0.005602524848495438,0.005602524848495438,0.005602524848495438,0.005602524848495438,-0.0005,0.005602524848495438
2018-01-25,0.018854391333191778,0.01885159942806314,0.018854391333191778,0.018854391333191778,0.018854391333191778,0.018854391333191778,0.018854391333191778,0.018854391333191778,0.018854391333191778,0.018854391333191778,0.018354391333191777,0.018854391333191778
2018-01-26,0.02484551147499303,0.022944476104594012,0.02484551147499303,0.02484551147499303,0.02484551147499303,0.02484551147499303,0.02484551147499303,0.02484551147499303,0.02484551147499303,0.02484551147499303,0.02484551147499303,0.02484551147499303
2018-01-29,-0.010130126226833402,-0.00781515649630546,-0.010130126226833402,-0.010130126226833402,-0.010130126226833402,-0.010130126226833402,0.009130126226833402,-0.010130126226833402,-0.010130126226833402,-0.010130126226833402,-0.010130126226833402,-0.010130126226833402
2018-01-30,-0.01746063796451769,-0.012457222701268547,-0.01746063796451769,-0.01746063796451769,-0.01746063796451769,-0.01746063796451769,-0.01846063796451769,-0.01746063796451769,-0.01746063796451769,-0.01746063796451769,-0.01746063796451769,-0.01746063796451769
2018-01-31,-0.004134255460325975,-0.0026599036226534565,-0.004134255460325975,-0.004134255460325975,-0.004134255460325975,-0.004134255460325975,0.003134255460325975,-0.004134255460325975,-0.004134255460325975,-0.004134255460325975,-0.0005,-0.004134255460325975
2018-02-01,-0.010219542669406168,-0.006430499885865278,-0.010219542669406166,-0.010219542669406168,-0.010219542669406168,-0.010219542669406168,-0.011219542669406168,-0.010219542669406168,-0.010219542669406168,-0.010219542669406168,0.0,-0.010219542669406168
2018-02-02,-0.011172000381182157,-0.006766108677343086,-0.011172000381182157,-0.011172000381182157,-0.011172000381182157,-0.011172000381182157,-0.011172000381182157,-0.0005,-0.011172000381182157,-0.011172000381182157,0.0,-0.011172000381182157
2018-02-05,-0.05600189999449012,-0.03258631301209152,-0.05600189999449012,-0.05600189999449012,-0.05600189999449012,-0.05600189999449012,0.05500189999449012,0.0,-0.05600189999449012,-0.05600189999449012,0.0,-0.05600189999449012
2018-02-06,0.00946239232675361,0.0035452196213208017,0.00946239232675361,0.00946239232675361,0.00946239232675361,0.00946239232675361,0.00846239232675361,0.0,0.00946239232675361,0.00946239232675361,0.0,0.00946239232675361
2018-02-07,-0.0018834223556367657,-0.0007235759841278641,-0.0018834223556367657,-0.0018834223556367657,-0.0018834223556367657,-0.0018834223556367657,-0.0018834223556367657,0.0,-0.0018834223556367657,-0.0018834223556367657,0.0,-0.0018834223556367657
2018-02-08,-0.04416994791000062,-0.016961119248177524,-0.04416994791000062,-0.04416994791000062,-0.04416994791000062,-0.04416994791000062,-0.04416994791000062,0.0,-0.04416994791000062,-0.04416994791000062,0.0,-0.04416994791000062
2018-02-09,-0.011408782116590577,0.003467291254245147,0.010408782116590576,0.010408782116590576,-0.0005,0.010408782116590576,0.010408782116590576,0.0,0.010408782116590574,0.010408782116590576,0.0,0.010408782116590576
2018-02-12,-0.017672461487857838,0.0058512572306031125,0.017672461487857838,0.017672461487857838,0.0,0.017672461487857838,0.017672461487857838,0.0,0.017672461487857838,0.017672461487857838,0.0,0.017672461487857838
2018-02-13,-0.00946815351271213,0.0030568391016684033,0.00946815351271213,0.00946815351271213,0.0,0.00946815351271213,0.00946815351271213,0.0,0.00946815351271213,0.00946815351271213,0.0,0.00946815351271213
2018-02-14,-0.002765903921198909,0.00089325039014375,0.002765903921198909,0.002765903921198909,0.0,0.002765903921198909,0.002765903921198909,0.0,0.002765903921198909,0.002765903921198909,0.002265903921198909,0.002765903921198909
2018-02-15,-0.01834036232363112,0.005918188272334724,0.01834036232363112,0.01834036232363112,0.0,0.01834036232363112,0.01834036232363112,0.0,0.01834036232363112,0.01834036232363112,0.01834036232363112,0.01834036232363112
2018-02-16,-0.007663730907113031,0.0024445987346505354,0.007663730907113031,0.007663730907113031,0.0,0.007663730907113031,0.007663730907113031,0.0,0.007663730907113031,-0.008663730907113032,0.007663730907113031,0.007663730907113031
2018-02-20,0.006760554724788537,-0.00215320115891023,-0.006760554724788537,-0.006760554724788537,-0.007260554724788537,-0.006760554724788537,-0.006760554724788537,0.0,-0.006760554724788537,0.006760554724788537,-0.006760554724788537,-0.006760554724788537
2018-02-21,0.01229392143910002,-0.003939784815193693,-0.01229392143910002,-0.01229392143910002,-0.0005,-0.01229392143910002,-0.01229392143910002,0.0,-0.01229392143910002,0.01229392143910002,-0.01229392143910002,-0.01229392143910002
2018-02-22,-0.016452925531220686,0.005237224809034479,0.016452925531220686,0.016452925531220686,0.0,0.016452925531220686,-0.0005,0.0,0.016452925531220686,-0.016452925531220686,-0.0005,0.016452925531220686
2018-02-23,-0.004321900161096792,0.0013438662873597818,0.004321900161096792,0.004321900161096792,0.003821900161096792,0.004321900161096792,0.0,0.0,0.004321900161096792,-0.004321900161096792,0.003821900161096792,0.004321900161096792
2018-02-26,-0.030039658039029193,0.009373257234688345,0.030039658039029193,0.030039658039029193,0.030039658039029193,0.030039658039029193,0.0,0.029539658039029193,0.030039658039029193,0.029039658039029193,0.030039658039029193,0.030039658039029193
2018-02-27,0.013762609263069714,-0.0041552568372904015,-0.013762609263069714,-0.013762609263069714,-0.013762609263069714,-0.013762609263069714,0.0,-0.013762609263069714,-0.013762609263069714,-0.013762609263069714,-0.013762609263069714,-0.013762609263069714
2018-02-28,0.021887448777820673,-0.006837260175915822,-0.021887448777820673,-0.021887448777820673,-0.021887448777820673,-0.021887448777820673,0.0,-0.021887448777820673,-0.021887448777820673,-0.021887448777820673,-0.021887448777820673,-0.021887448777820673
2018-03-01,0.017705952912991152,-0.005430150327682955,-0.01770595291299115,-0.017705952912991152,-0.0005,-0.017705952912991152,0.0,-0.017705952912991152,-0.017705952912991152,-0.017705952912991152,-0.0005,-0.017705952912991152
2018-03-02,0.004193210410872394,-0.0012848668920753842,-0.004193210410872394,-0.004193210410872394,0.0,-0.004193210410872394,-0.004693210410872395,-0.0005,-0.004193210410872394,-0.004193210410872394,0.0,-0.004193210410872394
2018-03-05,-0.010591881626831334,0.0032453481474075054,0.010591881626831334,0.010591881626831334,0.0,0.010591881626831334,0.010591881626831334,0.0,0.010591881626831334,0.010591881626831334,0.0,0.010591881626831334
2018-03-06,-0.0036512283993455075,0.0011088673109394425,0.0036512283993455075,0.0036512283993455075,0.0,0.0036512283993455075,-0.0005,0.0,0.0036512283993455075,0.0036512283993455075,0.0,0.0036512283993455075
2018-03-07,-0.008174095197625686,0.0024916070855681683,0.008174095197625686,0.008174095197625686,0.0,0.008174095197625686,0.0,0.0,0.008174095197625686,0.008174095197625686,0.0,0.008174095197625686
2018-03-08,-0.0032689773147298595,0.0012038483807266535,0.0032689773147298595,0.0032689773147298595,0.0027689773147298595,0.0032689773147298595,0.0027689773147298595,0.0,0.0032689773147298595,0.0032689773147298595,0.0027689773147298595,0.0032689773147298595
2018-03-09,-0.021197990685339674,0.008096043228693733,0.021197990685339674,0.021197990685339674,0.021197990685339674,0.021197990685339674,-0.0005,0.0,0.021197990685339674,0.021197990685339674,0.021197990685339674,0.021197990685339674
2018-03-12,0.006422257370786499,-0.0023787891364577306,-0.006422257370786499,-0.006422257370786499,-0.006422257370786499,-0.006422257370786499,0.0,-0.0069222573707865,-0.006422257370786499,-0.006422257370786499,-0.006422257370786499,-0.006422257370786499
2018-03-13,-0.010299647966520165,-0.004364706442724286,-0.009299647966520164,-0.009299647966520164,-0.009299647966520164,-0.009299647966520164,-0.009799647966520164,-0.009299647966520164,-0.009299647966520164,-0.009299647966520164,-0.009299647966520164,-0.009299647966520164
2018-03-14,-0.01380619493153834,-0.006317845428704864,-0.01380619493153834,-0.01380619493153834,-0.01380619493153834,-0.013806194931538339,0.01280619493153834,-0.01380619493153834,-0.01380619493153834,-0.01380619493153834,-0.0005,-0.01380619493153834
2018-03-15,0.006743664396671845,0.003077825587532268,0.006743664396671845,0.006743664396671845,-0.0005,0.006743664396671845,0.0057436643966718446,0.006743664396671845,0.006743664396671845,0.006743664396671845,0.0,0.006743664396671845
2018-03-16,0.005723403531550986,0.002624152766319441,0.005723403531550986,0.005723403531550986,0.0,0.005723403531550986,-0.006723403531550986,0.005723403531550986,0.005723403531550986,0.005723403531550986,0.0,0.005723403531550986
2018-03-19,-0.023859580281808124,-0.01091997871064857,-0.023859580281808124,-0.023859580281808124,-0.024359580281808124,-0.023859580281808124,-0.024859580281808125,-0.0005,-0.023859580281808124,-0.023859580281808124,0.0,-0.023859580281808124
2018-03-20,0.003843561720068278,0.0016920538656765547,0.003843561720068278,0.003843561720068278,-0.0005,0.003843561720068278,0.003843561720068278,0.0,0.003843561720068278,0.003843561720068278,0.0,0.003843561720068278
2018-03-21,0.00727028023068188,0.003233454645917722,0.00727028023068188,0.00727028023068188,0.0,0.00727028023068188,0.00727028023068188,0.0,0.00727028023068188,0.00727028023068188,0.0,0.00727028023068188
2018-03-22,-0.04685211176980386,-0.020797116637135887,-0.04685211176980386,-0.04685211176980386,0.0,-0.04685211176980386,0.04585211176980386,0.0,-0.04685211176980386,-0.04685211176980386,-0.04735211176980386,-0.04685211176980386
2018-03-23,-0.03499565795197623,-0.012758677736576704,-0.03499565795197623,-0.03499565795197623,0.0,-0.03499565795197623,-0.035995657951976234,0.03449565795197623,-0.03499565795197623,0.03399565795197623,-0.0005,-0.03499565795197623
2018-03-26,0.02265930296349805,0.007814275207133198,-0.0005,-0.0005,0.0,0.02265930296349805,0.02265930296349805,-0.02265930296349805,0.02265930296349805,-0.02265930296349805,0.0,0.02265930296349805
2018-03-27,-0.019841595666113765,-0.006554324436040058,0.0,0.0,0.0,-0.019841595666113765,-0.019841595666113765,0.019841595666113765,-0.019841595666113765,0.019841595666113765,0.0,-0.019841595666113765
2018-03-28,0.003103644477463252,0.001086726505576047,0.0,0.0,0.0,0.003103644477463252,0.003103644477463252,-0.003103644477463252,0.003103644477463252,-0.003103644477463252,0.0,0.003103644477463252
2018-03-29,0.013761595239929036,0.004872444412894294,0.0,0.0,0.0,0.013761595239929036,0.013761595239929036,-0.013761595239929036,0.013761595239929036,-0.013761595239929036,0.0,0.013761595239929036
2018-04-02,-0.03143207726933617,-0.011130464366576005,0.0,0.0,0.0,-0.03143207726933617,-0.03143207726933617,0.03143207726933617,-0.03143207726933617,0.03143207726933617,0.0,-0.03143207726933617
2018-04-03,0.017448800412072973,0.005907098826303333,0.0,0.0,0.0,0.017448800412072973,0.017448800412072973,-0.017448800412072973,0.017448800412072973,-0.017448800412072973,0.0,0.017448800412072973
2018-04-04,0.005685817727084874,0.001864837173891231,0.0,0.0,0.0,0.005685817727084874,0.005685817727084874,-0.005685817727084874,0.005685817727084874,-0.005685817727084874,0.005185817727084874,0.005685817727084874
2018-04-05,0.0051020317208190225,0.0016892256951269757,0.0,0.0,0.0,0.0051020317208190225,0.0051020317208190225,-0.0051020317208190225,0.0051020317208190225,-0.0051020317208190225,0.0051020317208190225,0.0051020317208190225
2018-04-06,-0.02935911865443175,-0.0097134107446663,0.0,0.0,0.0,-0.02935911865443175,-0.02935911865443175,0.02935911865443175,-0.029359118654431745,0.02935911865443175,-0.02935911865443175,-0.02935911865443175
2018-04-09,0.0026383054634884218,0.0008385146257669511,0.0,0.0,0.0,0.0026383054634884218,0.0026383054634884218,-0.0026383054634884218,-0.003638305463488422,-0.0026383054634884218,-0.0005,0.0026383054634884218
2018-04-10,0.01959471927646339,0.006272137137268067,0.0,0.0,0.0,0.01959471927646339,0.01959471927646339,-0.01959471927646339,-0.01959471927646339,-0.01959471927646339,0.0,0.01959471927646339
2018-04-11,-0.012213214787327287,-0.0039308495858724705,0.0,0.0,0.0,-0.012213214787327287,-0.012213214787327287,0.012213214787327287,-0.013213214787327288,0.012213214787327287,-0.012713214787327287,-0.012213214787327287
2018-04-12,-0.0005,0.003127188328177943,0.009251518977692663,0.0,0.0,0.009751518977692664,-0.010751518977692665,-0.009751518977692664,0.009751518977692664,-0.009751518977692664,-0.0005,0.009751518977692664
2018-04-13,0.0,-0.0013198294966550678,-0.004158591437320447,0.0,0.0,0.003158591437320446,-0.0005,-0.0005,-0.004158591437320447,0.004158591437320447,-0.004658591437320447,-0.004158591437320447
2018-04-16,0.0,0.0032243475279600258,0.01011529210501294,0.0,0.0,0.00911529210501294,0.0,0.0,0.01011529210501294,-0.01011529210501294,0.01011529210501294,0.01011529210501294
2018-04-17,0.0,0.0034814957453111884,0.010978385180254513,0.0,0.0,-0.01197838518025451,0.010478385180254512,0.0,0.010978385180254513,-0.010978385180254513,0.010978385180254513,0.010978385180254513
2018-04-18,0.0,-0.0008163831038156478,-0.002590032143008236,0.0,-0.0030900321430082363,0.002590032143008236,-0.0005,0.0,-0.0025900321430082363,0.0025900321430082363,-0.0025900321430082363,-0.0025900321430082363
2018-04-19,0.0,-0.000992594538749915,-0.003051930297878424,0.0,-0.0030519302978784246,-0.004051930297878425,0.0,0.0,-0.0030519302978784246,0.0030519302978784246,-0.0030519302978784246,-0.0030519302978784246
2018-04-20,0.0,-0.0016320346586126105,-0.005026212109296657,0.0,-0.0005,-0.005026212109296657,0.0,0.0,-0.005026212109296657,0.005026212109296657,-0.005026212109296657,-0.005026212109296657
2018-04-23,0.0,-0.002807734715972069,-0.008587880161533779,0.0,0.0,-0.008587880161533779,-0.009087880161533779,0.0,-0.008587880161533779,0.008587880161533779,-0.0005,-0.008587880161533779
2018-04-24,0.0,-0.026005074638187017,-0.06832486165114937,0.0,0.0,-0.06832486165114937,-0.0005,0.0,-0.06832486165114937,0.06832486165114937,0.0,-0.06832486165114937
2018-04-25,0.0,-0.0034622946941521952,-0.011386042435193144,0.0,0.0,-0.011386042435193144,0.0,0.010886042435193144,-0.011386042435193144,0.011386042435193144,0.0,-0.011386042435193144
2018-04-26,0.0,-0.0027542313108727505,-0.008800967865693508,0.0,0.0,-0.00880096786569351,0.0,0.00880096786569351,-0.00880096786569351,0.00880096786569351,0.0,-0.00880096786569351
2018-04-27,0.0,-0.0015601780887616315,-0.004921531914286458,0.0,0.0,-0.004921531914286459,0.0,0.004921531914286459,-0.004921531914286459,0.004921531914286459,0.0,-0.004921531914286459
2018-04-30,0.0,-0.0028028407524739647,-0.0088212426211286,0.0,0.0,-0.0088212426211286,-0.0093212426211286,0.0088212426211286,-0.0088212426211286,0.0088212426211286,0.0,-0.0088212426211286
2018-05-01,0.0,0.0010490118309782743,0.0032409658078107473,0.0,0.0,0.0032409658078107473,0.0032409658078107473,-0.0032409658078107473,0.0032409658078107473,-0.0032409658078107473,0.0,0.0032409658078107473
2018-05-02,0.0,-0.0009133287028230014,-0.0026666195992904873,0.0,0.0,-0.0026666195992904873,-0.0026666195992904873,0.0026666195992904873,-0.002666619599290487,0.0026666195992904873,0.0,-0.0026666195992904873
2018-05-03,0.0,0.002129877438669325,0.006066987871383267,0.0,0.0,-0.007066987871383266,-0.0005,-0.006066987871383267,0.006066987871383267,-0.006066987871383267,0.0,0.006066987871383267
2018-05-04,0.0,0.00661714451600342,0.018806788190571133,0.0,0.0,-0.01880678819057113,0.0,-0.018806788190571133,0.018806788190571133,-0.018806788190571133,0.018306788190571133,0.018806788190571133
2018-05-07,0.0,0.0015291240927481815,0.004513969211165092,0.0,0.0,-0.004513969211165091,0.0,-0.004513969211165092,0.004513969211165092,-0.004513969211165092,0.004513969211165092,0.004513969211165092
2018-05-08,0.0,0.002624823153163486,0.0073904193752816205,0.0,0.0,-0.00739041937528162,0.0,-0.0005,0.0073904193752816205,-0.0073904193752816205,0.0073904193752816205,0.0073904193752816205
2018-05-09,0.0,0.0029489024610459937,0.008327318961603103,0.0,0.0,-0.008327318961603101,0.0,0.0,0.008327318961603103,-0.008327318961603103,0.008327318961603103,0.008327318961603103
2018-05-10,0.0,0.0028851207708648547,0.007914696969516521,0.0,0.0,-0.00791469696951652,0.0,0.0,0.007914696969516521,-0.007914696969516521,0.007914696969516521,0.007914696969516521
2018-05-11,-0.0011341813834422894,0.00023120558929131394,-0.0005,0.0,0.00013418138344228935,-0.0006341813834422895,-0.0011341813834422894,0.0,-0.0016341813834422894,-0.0006341813834422894,0.0006341813834422894,0.0006341813834422894
2018-05-14,-0.002924908714018404,0.0010773261257041704,0.0,0.0,0.002924908714018404,-0.002924908714018404,-0.002924908714018404,0.0,-0.002924908714018404,-0.002924908714018404,0.002924908714018404,0.002924908714018404
2018-05-15,0.016281297466255507,-0.005997129045723987,0.0,0.0,-0.016281297466255507,0.016281297466255507,0.016281297466255507,0.0,0.016281297466255507,0.016281297466255507,-0.016281297466255507,-0.016281297466255507
2018-05-16,0.01086913434347292,-0.00399656945857551,0.0,0.0,-0.0005,0.01086913434347292,0.01086913434347292,0.0,0.01086913434347292,0.01086913434347292,0.009869134343472918,-0.01086913434347292
2018-05-17,-0.007593673998635975,0.002830571667606737,0.0,0.0,0.0,-0.007593673998635975,-0.0005,0.0,-0.007593673998635975,-0.007593673998635975,-0.007593673998635975,0.007593673998635975
2018-05-18,0.006987419832486852,-0.002578979880596534,0.0,0.0,0.0,0.006987419832486852,0.0064874198324868515,0.0064874198324868515,0.006987419832486852,0.006987419832486852,0.006987419832486852,-0.006987419832486852
2018-05-21,-0.014073114341717208,0.005186054213087918,0.0,0.0,0.0,-0.014073114341717208,-0.014073114341717208,-0.014073114341717208,-0.014073114341717208,-0.014073114341717208,-0.014073114341717208,0.014073114341717208
2018-05-22,0.013827871047823348,-0.0049703086146223804,0.0,0.0,0.0,0.013827871047823348,0.013827871047823348,0.013827871047823348,0.013827871047823348,0.013827871047823348,-0.014827871047823349,-0.013827871047823348
2018-05-23,0.001508053347311522,-0.0005391229051380015,0.0,0.0,0.0,0.001508053347311522,0.001508053347311522,0.001508053347311522,0.001508053347311522,0.001508053347311522,0.000508053347311522,-0.001508053347311522
2018-05-24,-0.0037248085531536024,0.0023117275143477497,0.0,0.0,0.0,-0.0037248085531536024,-0.0037248085531536024,-0.0037248085531536024,-0.0037248085531536024,-0.0037248085531536024,-0.0037248085531536024,0.0037248085531536024
2018-05-25,0.0019055679577714146,-0.001316073825958003,0.0,0.0,0.0,0.0019055679577714146,0.0019055679577714146,0.0019055679577714146,-0.0029055679577714147,0.0019055679577714146,-0.0029055679577714147,-0.0019055679577714146
2018-05-29,0.01653054566423451,-0.011613492123505051,0.0,0.0,0.0,0.01653054566423451,0.01653054566423451,0.01653054566423451,-0.01653054566423451,0.01653054566423451,0.015530545664234507,-0.01653054566423451
2018-05-30,-0.015020050411232555,0.00975369718437783,0.0,0.0,0.0,-0.015020050411232555,-0.015020050411232555,-0.015020050411232555,0.015020050411232555,-0.015020050411232555,-0.015020050411232555,0.015020050411232555
2018-05-31,0.007298375381979305,-0.004629916367432221,0.0,0.0,0.0,0.007298375381979305,0.007298375381979305,0.007298375381979305,-0.007298375381979305,0.007298375381979305,-0.008298375381979306,-0.007298375381979305
2018-06-01,-0.011965913899496972,0.007445486135271296,0.0,0.0,0.0,-0.011965913899496972,-0.0005,-0.011965913899496972,0.011965913899496972,-0.011965913899496972,-0.012965913899496972,0.011965913899496972
2018-06-04,-0.007365280126059748,0.004471524708370704,0.0,0.0,0.0,-0.007365280126059748,-0.007865280126059748,-0.007365280126059748,0.007365280126059748,-0.007365280126059748,0.006365280126059748,0.007365280126059748
2018-06-05,-0.0006963152053089949,0.00042120301310014893,0.0,0.0,0.00019631520530899492,-0.0006963152053089949,-0.0005,-0.0005,0.0006963152053089949,-0.0006963152053089949,0.0006963152053089949,0.0006963152053089949
2018-06-06,-0.013220663407251143,0.008632505761731404,0.0,0.0,0.013220663407251143,0.012220663407251142,-0.013720663407251144,0.0,0.013220663407251143,-0.013220663407251143,0.013220663407251143,0.013220663407251143
2018-06-07,-0.005935114454232782,0.0037387385906126123,0.0,0.0,0.005935114454232782,0.005935114454232782,-0.0005,0.0,0.005935114454232782,-0.005935114454232782,0.005935114454232782,0.005935114454232782
2018-06-08,-0.007412132233077795,0.0047010961551600915,0.0,0.0,0.007412132233077795,0.007412132233077795,0.0,0.0,0.007412132233077795,-0.007412132233077795,0.007412132233077795,0.007412132233077795
2018-06-11,0.007115194857909901,-0.004529172202173151,0.0,0.0,-0.007115194857909901,-0.007115194857909901,0.0,0.0,-0.007115194857909901,0.007115194857909901,-0.007115194857909901,-0.007115194857909901
2018-06-12,0.0009750300977600102,-0.0006197083760796815,0.0,0.0,-0.0009750300977600102,-0.0009750300977600102,0.0,0.0,-0.0009750300977600102,0.0009750300977600102,-0.0009750300977600102,-0.0009750300977600102
2018-06-13,0.00014650887101230747,-9.308593651014753e-05,0.0,0.0,-0.00014650887101230747,-0.00014650887101230747,-0.00035349112898769254,0.0,-0.00014650887101230747,0.00014650887101230747,-0.00014650887101230747,-0.00014650887101230747
2018-06-14,0.006149691493120613,-0.003909120127619797,0.0,0.0,-0.006149691493120613,-0.006149691493120613,0.006149691493120613,0.0,-0.006149691493120613,0.006149691493120613,-0.006149691493120613,-0.006149691493120613
2018-06-15,-0.006580515516476426,0.004437231008313859,0.0,0.0,0.006580515516476426,0.006580515516476426,-0.0005,0.0,0.006580515516476426,-0.006580515516476426,-0.007580515516476426,0.006580515516476426
2018-06-18,0.0039028578711118866,-0.0027457715864396084,0.0,0.0,-0.0039028578711118866,-0.0039028578711118866,0.0034028578711118866,0.0,-0.003902857871111886,0.0039028578711118866,-0.004902857871111887,-0.0039028578711118866
2018-06-19,0.023411555611738244,-0.016477727327026775,0.0,0.0,-0.023411555611738244,-0.023411555611738244,-0.024411555611738245,0.022911555611738244,-0.023411555611738244,0.023411555611738244,-0.023411555611738244,-0.023411555611738244
2018-06-20,0.006570598708013242,-0.004066547048211994,0.0,0.0,-0.0005,-0.006570598708013242,-0.0005,0.006570598708013242,-0.006570598708013242,0.006570598708013242,0.005570598708013242,-0.006570598708013242
2018-06-21,0.012923823179233573,-0.008256322607328477,0.0,0.0,0.0,-0.012923823179233573,0.012423823179233573,0.012923823179233573,0.011923823179233572,0.012923823179233573,0.012923823179233573,-0.012923823179233573
2018-06-22,-0.005012192468486276,0.0032138975875691408,0.0,0.0,0.0,0.005012192468486276,-0.005012192468486276,-0.005012192468486276,-0.005012192468486276,-0.005012192468486276,-0.005012192468486276,0.005012192468486276
2018-06-25,0.0035621863628672035,-0.0022698159935315232,0.0,0.0,0.0,-0.0035621863628672035,-0.0005,0.0035621863628672035,0.0035621863628672035,0.0035621863628672035,0.0035621863628672035,-0.0035621863628672035
2018-06-26,-0.003983460449897613,0.0025414456797546816,0.0,0.0,0.0,0.003983460449897613,0.0,-0.003983460449897613,-0.003983460449897613,-0.003983460449897613,-0.003983460449897613,0.003983460449897613
2018-06-27,0.008444250037982104,-0.005363088239128981,0.0,0.0,0.0,0.007444250037982104,0.0,0.008444250037982104,0.008444250037982104,0.008444250037982104,0.008444250037982104,-0.008444250037982104
2018-06-28,-0.005386745381342761,0.0035874593224173358,0.0,0.0,0.0,-0.005386745381342761,0.0,-0.005386745381342761,-0.005386745381342761,-0.005386745381342761,-0.005386745381342761,0.005386745381342761
2018-06-29,-0.00382692824509534,0.0027011974138987857,0.0,0.0,0.0,-0.00382692824509534,0.0,-0.00382692824509534,-0.00382692824509534,0.00282692824509534,-0.00382692824509534,0.00382692824509534
2018-07-02,0.006099803110758084,-0.0043859021967056055,0.0,0.0,0.0,0.006099803110758084,-0.006599803110758085,0.006099803110758084,0.006099803110758083,-0.006099803110758084,-0.007099803110758084,-0.006099803110758084
2018-07-03,-0.0015853964728713699,0.0011726833851204584,0.0,0.0,0.0,-0.0015853964728713699,-0.00258539647287137,-0.0015853964728713699,-0.0015853964728713699,0.0015853964728713699,-0.00258539647287137,0.0015853964728713699
2018-07-05,-0.007711087659112437,0.005906427842254441,0.0,0.0,0.0,-0.007711087659112437,-0.007711087659112437,-0.007711087659112437,-0.007711087659112437,0.007711087659112437,-0.007711087659112437,0.007711087659112437
2018-07-06,-0.0006076305118480896,0.00044379178128431336,0.0,0.0,0.0,-0.0006076305118480896,-0.0005,-0.0005,-0.0006076305118480896,0.0006076305118480896,-0.00039236948815191044,0.0006076305118480896
2018-07-09,-0.015547321498734279,0.01251954754893424,0.0,0.0,0.0,-0.015547321498734279,0.0,0.0,-0.015547321498734279,0.015547321498734279,0.015547321498734279,0.015547321498734279
2018-07-10,-0.004737854789829354,0.0034731305447294283,0.0,0.0,0.004237854789829354,-0.004737854789829354,0.0,0.0,-0.004737854789829354,-0.005737854789829354,0.004737854789829354,0.004737854789829354
2018-07-11,0.01886050005329487,-0.01415282507262439,0.0,0.0,-0.01886050005329487,0.01886050005329487,0.01836050005329487,0.0,0.01886050005329487,0.01886050005329487,-0.01886050005329487,-0.01886050005329487
2018-07-12,-0.008296234443951667,0.005667610602200377,0.0,0.0,-0.009296234443951668,0.007296234443951665,-0.008296234443951667,0.0,-0.008296234443951667,-0.008296234443951667,-0.009296234443951668,0.008296234443951667
2018-07-13,-0.009331812667754624,0.006226387464892692,0.0,0.0,0.008331812667754623,-0.010331812667754625,-0.009331812667754624,0.0,-0.009331812667754624,-0.009331812667754624,0.008331812667754623,0.009331812667754624
2018-07-16,0.000348129432584221,-0.00023555159439946972,0.0,0.0,-0.000348129432584221,0.000348129432584221,0.000348129432584221,0.0,0.000348129432584221,0.000348129432584221,-0.000348129432584221,-0.000348129432584221
2018-07-17,-0.004773572119882052,0.003120101788733606,0.0,0.0,0.004773572119882052,-0.004773572119882052,-0.004773572119882052,0.0,-0.004773572119882052,-0.004773572119882052,0.004773572119882052,0.004773572119882052
2018-07-18,-0.00064291265645533,0.0004211456638762211,0.0,0.0,0.00064291265645533,-0.00064291265645533,-0.00064291265645533,0.0,-0.00064291265645533,-0.00064291265645533,0.00064291265645533,0.00064291265645533
2018-07-19,0.002967155006835198,-0.001959241722297125,0.0,0.0,-0.002967155006835198,0.002967155006835198,0.002967155006835198,0.0,0.002967155006835198,0.002967155006835198,-0.002967155006835198,-0.002967155006835198
2018-07-20,-0.0017361854400823606,0.0013034695962514174,0.0,0.0,0.0017361854400823606,-0.0017361854400823604,0.0007361854400823606,0.0,0.0007361854400823606,-0.0017361854400823606,0.0017361854400823606,0.0017361854400823606
2018-07-23,0.015399911839050096,-0.012392966244992589,0.0,0.0,-0.015399911839050096,0.015399911839050096,-0.015399911839050096,0.0,-0.015399911839050096,0.015399911839050096,-0.015399911839050096,-0.015399911839050096
2018-07-24,-0.009253965301883271,0.0072141041683015175,0.0,0.0,-0.010253965301883272,-0.00925396530188327,0.009253965301883271,0.0,0.009253965301883271,-0.009253965301883271,-0.010253965301883272,0.009253965301883271
2018-07-25,-0.01843726566210213,0.014106465295245613,0.0,0.0,0.01743726566210213,-0.01843726566210213,-0.019437265662102132,-0.018937265662102132,0.01843726566210213,-0.01843726566210213,0.01743726566210213,0.01843726566210213
2018-07-26,-0.01751619743197086,0.012254923168995199,0.0,0.0,0.01751619743197086,-0.01751619743197086,0.016516197431970858,-0.01751619743197086,0.01751619743197086,-0.01751619743197086,0.01751619743197086,0.01751619743197086
2018-07-27,-0.0035965260408014057,-0.0017280897236997995,0.0,0.0,-0.0025965260408014057,0.0025965260408014057,0.0015965260408014057,-0.0005,-0.0025965260408014057,0.0025965260408014057,-0.0025965260408014057,-0.0025965260408014057
2018-07-30,-0.011088454948639415,-0.0074963636166027635,0.0,0.0,-0.011088454948639415,0.011088454948639415,-0.012088454948639415,0.0,-0.011088454948639415,-0.012088454948639415,-0.011088454948639415,-0.011088454948639415
2018-07-31,0.03510120089387736,0.022546911936589895,0.0,0.0,0.03510120089387736,-0.03510120089387735,-0.03610120089387736,0.0,0.03510120089387736,0.03510120089387736,0.03510120089387736,0.03510120089387736
2018-08-01,-0.02482120563025081,-0.0129306502041382,0.0,0.0,-0.02482120563025081,0.02482120563025081,0.02482120563025081,0.0,-0.02482120563025081,-0.02482120563025081,-0.02482120563025081,-0.02482120563025081
2018-08-02,-0.007340901873592154,-0.0034474826880996454,0.0,0.0,-0.007340901873592154,0.007340901873592153,-0.008340901873592155,0.0,-0.007340901873592154,-0.007340901873592154,0.006340901873592154,-0.007340901873592154
2018-08-03,0.008563078805252422,0.003935416002184981,0.0,0.0,0.008563078805252422,-0.00856307880525242,0.008563078805252422,0.0,0.008563078805252422,0.008563078805252422,-0.008563078805252422,0.008563078805252422
2018-08-06,-0.002846269286157388,-0.0013077047614312818,0.0,0.0,-0.002846269286157388,0.002846269286157388,-0.002846269286157388,-0.003346269286157388,-0.002846269286157388,-0.002846269286157388,0.002846269286157388,-0.002846269286157388
2018-08-07,0.009046911364589016,0.004141699787314891,0.0,0.0,0.009046911364589016,-0.009046911364589016,0.009046911364589016,0.009046911364589016,0.009046911364589016,0.009046911364589016,-0.009046911364589016,0.009046911364589016
2018-08-08,-0.006856029159305832,-0.0031997424272183174,0.0,0.0,-0.006856029159305832,0.006856029159305832,-0.006856029159305832,-0.006856029159305832,-0.006856029159305832,-0.006856029159305832,-0.007856029159305833,-0.006856029159305832
2018-08-09,-0.011393203665705176,-0.005266793450990186,0.0,0.0,-0.011393203665705176,0.011393203665705174,-0.011393203665705176,-0.0005,-0.011393203665705176,-0.011393203665705176,0.010393203665705175,-0.011393203665705176
2018-08-10,-0.013771197026905213,-0.006420160706019938,0.0,0.0,-0.0005,-0.014771197026905214,0.012771197026905212,0.0,-0.013771197026905213,-0.013771197026905213,0.013771197026905213,-0.013771197026905213
2018-08-13,-0.01049689261436737,-0.004892164284518708,0.0,0.0,0.0,-0.01049689261436737,-0.011496892614367371,0.0,-0.01049689261436737,-0.01049689261436737,0.01049689261436737,-0.01049689261436737
2018-08-14,0.003402775723834628,0.001585891984984772,0.0,0.0,0.0,0.003402775723834628,-0.004402775723834628,0.0,-0.004402775723834628,0.003402775723834628,-0.003402775723834628,0.003402775723834628
2018-08-15,0.004338685846030144,0.002022080697352617,0.0,0.0,0.0,0.004338685846030144,-0.004338685846030144,0.0,-0.004338685846030144,0.004338685846030144,-0.004338685846030144,0.004338685846030144
2018-08-16,0.008739170927921203,0.0040729634436159285,0.0,0.0,0.0,0.008739170927921203,0.007739170927921203,0.0,-0.008739170927921203,0.008739170927921203,-0.008739170927921203,0.008739170927921203
2018-08-17,0.007974485628018613,0.0037165754866733593,0.0,0.0,0.0,0.007974485628018613,0.007974485628018613,0.0,0.006974485628018613,0.007974485628018613,0.006974485628018613,0.007974485628018613
2018-08-20,-0.0008306683947078009,-0.0003871399281827281,0.0,0.0,-0.0013306683947078009,-0.0008306683947078009,-0.00016933160529219917,0.0,-0.0008306683947078009,-0.0008306683947078009,-0.0008306683947078009,-0.0008306683947078009
2018-08-21,0.005327757834837632,0.002483045940708448,0.0,0.0,0.005327757834837632,0.005327757834837632,0.004327757834837632,0.0,0.005327757834837632,0.005327757834837632,0.005327757834837632,0.005327757834837632
2018-08-22,-0.006952142060371647,-0.003240103746712499,0.0,0.0,-0.006952142060371647,-0.006952142060371647,-0.006952142060371647,-0.007452142060371647,-0.006952142060371647,-0.006952142060371647,-0.006952142060371647,-0.006952142060371647
2018-08-23,-0.0007391547516123476,-0.0003444892321391208,0.0,0.0,-0.0007391547516123476,-0.0007391547516123476,-0.0007391547516123476,-0.0007391547516123476,-0.0007391547516123476,-0.0007391547516123476,-0.0007391547516123476,-0.0007391547516123476
2018-08-24,0.012527389362075647,0.005838494216042782,0.0,0.0,0.012527389362075647,0.012527389362075647,0.012527389362075647,0.012527389362075647,-0.013527389362075648,0.012527389362075647,0.012527389362075647,0.012527389362075647
2018-08-27,0.014808570601779092,0.006901657744277456,0.0,0.0,0.014808570601779092,0.014808570601779092,0.014808570601779092,0.014808570601779092,-0.014808570601779092,0.014808570601779092,0.014808570601779092,0.014808570601779092
2018-08-28,0.005280181617308699,0.002460872648026672,0.0,0.0,0.005280181617308699,0.005280181617308699,0.005280181617308699,0.005280181617308699,0.004280181617308699,0.005280181617308699,0.005280181617308699,0.005280181617308699
2018-08-29,0.004917974754084176,0.0022920631207719857,0.0,0.0,0.004917974754084176,0.004917974754084176,0.004917974754084176,0.004917974754084176,0.004917974754084176,0.004917974754084176,0.004917974754084176,0.004917974754084176
2018-08-30,-0.0011402108174121128,-0.0008037233012074058,0.0,0.0,-0.0011402108174121128,-0.0011402108174121128,-0.0011402108174121128,-0.0011402108174121128,0.0001402108174121128,-0.0011402108174121128,-0.0011402108174121128,-0.0011402108174121128
2018-08-31,0.003329543839866167,0.0024875886568377662,0.0,0.0,0.003329543839866167,0.003329543839866167,0.003329543839866167,0.003329543839866167,0.002329543839866167,0.003329543839866167,0.003329543839866167,0.003329543839866167
2018-09-04,-0.010999437600914375,-0.008441568120543322,0.0,0.0,-0.010999437600914375,-0.010999437600914375,-0.010999437600914375,-0.010999437600914375,-0.010999437600914375,-0.010999437600914375,-0.010999437600914375,-0.010999437600914375
2018-09-05,0.015484699539757063,0.011883802675523957,0.0,0.0,0.015484699539757063,0.015484699539757063,0.015484699539757063,0.015484699539757063,0.015484699539757063,0.015484699539757063,-0.016484699539757064,0.015484699539757063
2018-09-06,0.004295271250133403,0.0032964253418918646,0.0,0.0,0.004295271250133403,0.004295271250133403,0.004295271250133403,0.004295271250133403,0.004295271250133403,0.004295271250133403,0.0032952712501334034,0.004295271250133403
2018-09-07,-0.0007986096278326249,-0.0006128965697764798,0.0,0.0,-0.0007986096278326249,-0.0007986096278326249,-0.0007986096278326249,-0.0007986096278326249,-0.0007986096278326249,-0.0007986096278326249,-0.0007986096278326249,-0.0007986096278326249
2018-09-10,0.0016933390156739225,0.0012995606839750523,0.0,0.0,0.0016933390156739225,0.0016933390156739225,0.0016933390156739225,0.0016933390156739225,0.0016933390156739225,0.0016933390156739225,0.0016933390156739225,0.0016933390156739225
2018-09-11,-0.005400966169467503,-0.004282816365249216,0.0,0.0,-0.005400966169467503,-0.005400966169467502,-0.005400966169467503,-0.005400966169467503,-0.005400966169467503,-0.005400966169467503,-0.005400966169467503,-0.005400966169467503
2018-09-12,-0.023939959256130794,-0.02067018633563118,0.0,0.0,-0.023939959256130794,-0.023939959256130794,-0.023939959256130794,-0.023939959256130794,-0.023939959256130794,-0.023939959256130794,0.022939959256130793,-0.023939959256130794
2018-09-13,0.011320413303955723,0.007913105256407536,0.0,0.0,-0.0005,0.011320413303955723,-0.012320413303955724,-0.0005,0.011320413303955723,0.011320413303955723,-0.011320413303955723,0.011320413303955723
2018-09-14,-0.005596504815716941,-0.0038609593615159367,0.0,0.0,-0.006096504815716941,-0.005596504815716941,-0.0005,0.0,-0.005596504815716941,-0.005596504815716941,0.005596504815716941,-0.005596504815716941
2018-09-17,0.007937070378785771,0.0053711813293361175,0.0,0.0,-0.0005,0.007937070378785771,0.0,0.0,0.00793707037878577,0.007937070378785771,-0.007937070378785771,0.007937070378785771
2018-09-18,0.009545108963444848,0.006484447268425848,0.0,0.0,0.009045108963444848,0.009545108963444847,0.0,0.0,0.009545108963444848,0.009545108963444848,-0.009545108963444848,0.009545108963444848
2018-09-19,0.007516788266370922,0.0050733548882598055,0.0,0.0,0.007516788266370922,0.007516788266370921,0.007016788266370921,0.0,0.007516788266370922,0.007516788266370922,0.006516788266370922,0.007516788266370922
2018-09-20,0.010088254836274624,0.006769765663864569,0.0,0.0,0.010088254836274624,0.010088254836274622,0.010088254836274624,0.009588254836274623,0.010088254836274624,0.010088254836274624,0.010088254836274624,0.010088254836274624
2018-09-21,0.004924203330358479,0.003254418839984606,0.0,0.004424203330358478,0.004924203330358479,0.004924203330358479,0.004924203330358479,0.004924203330358479,0.004924203330358479,0.004924203330358479,0.004924203330358479,0.004924203330358479
2018-09-24,-0.013035984326925765,-0.008861651990795302,-0.013535984326925765,-0.013035984326925765,-0.013035984326925765,-0.013035984326925765,-0.0005,-0.013035984326925765,-0.013035984326925765,-0.013035984326925765,-0.013035984326925765,-0.013035984326925765
2018-09-25,-0.01344204566953111,-0.008576752656347329,-0.0005,-0.0005,-0.01344204566953111,-0.01344204566953111,-0.013942045669531111,-0.01344204566953111,-0.013442045669531109,-0.01344204566953111,0.01244204566953111,-0.01344204566953111
2018-09-26,0.002041406490469244,0.0012511174307779267,0.0,0.0,-0.0005,0.002041406490469244,-0.0005,0.002041406490469244,0.002041406490469244,0.002041406490469244,-0.002041406490469244,0.002041406490469244
2018-09-27,-0.004548115698896571,-0.0029616268763757326,0.0,0.0,-0.005048115698896571,-0.004548115698896571,0.0,-0.0005,-0.004548115698896571,-0.004548115698896571,0.004548115698896571,-0.004548115698896571
2018-09-28,0.002855275167825022,0.0018490049053524645,0.0,0.0,-0.0005,0.002855275167825022,0.0,0.0,0.002855275167825022,0.002855275167825022,-0.002855275167825022,0.002855275167825022
2018-10-01,0.00702428376435682,0.00456634361473382,0.00652428376435682,0.0,0.0,0.00702428376435682,0.00652428376435682,0.0,0.00702428376435682,0.00702428376435682,-0.00702428376435682,0.00702428376435682
2018-10-02,0.01658884914295533,0.010661458621437558,-0.0005,0.0,0.01608884914295533,0.016588849142955327,0.01658884914295533,0.0,0.01658884914295533,0.01658884914295533,0.01558884914295533,0.01658884914295533
2018-10-03,0.00023193804637644533,0.0001219241190757548,-0.0002680619536235547,-0.0002680619536235547,0.00023193804637644533,0.00023193804637644527,0.00023193804637644533,-0.0002680619536235547,0.00023193804637644533,0.00023193804637644533,0.00023193804637644533,0.00023193804637644533
2018-10-04,-0.008898835723743836,-0.005602023927275789,-0.008898835723743836,-0.008898835723743836,-0.008898835723743836,-0.008898835723743836,-0.008898835723743836,-0.008898835723743836,-0.008898835723743836,-0.008898835723743836,-0.008898835723743836,-0.008898835723743836
2018-10-05,-0.0030395486911029,-0.0019719364851094445,-0.0030395486911029,-0.0005,-0.0030395486911029,-0.0030395486911029,-0.0030395486911029,-0.0030395486911029,-0.0030395486911029,-0.0030395486911029,0.0020395486911029,-0.0030395486911029
2018-10-08,0.005534714465474044,0.003578529174456155,0.005534714465474044,0.0,0.005534714465474044,0.005534714465474044,0.005534714465474044,0.005534714465474044,0.005534714465474044,0.005534714465474044,-0.005534714465474044,0.005534714465474044
2018-10-09,-0.018426262874403743,-0.011835684376846265,-0.018426262874403743,-0.018926262874403743,-0.018426262874403743,-0.018426262874403743,-0.018426262874403743,-0.018426262874403743,-0.01842626287440374,-0.018426262874403743,-0.019426262874403744,-0.018426262874403743
2018-10-10,-0.03930202275331807,-0.02331652163497433,-0.0005,-0.0005,-0.0005,-0.03930202275331807,-0.0005,-0.0005,-0.03930202275331807,-0.03930202275331807,0.038302022753318066,-0.03930202275331807
2018-10-11,0.025811750058206684,-0.012505729924043836,0.0,0.0,0.0,-0.026811750058206685,0.0,0.0,-0.026811750058206685,-0.026811750058206685,0.026811750058206685,-0.026811750058206685
2018-10-12,-0.007624581275611275,0.003471721059764625,0.0,0.0,0.0,-0.008624581275611276,0.0,0.0,-0.008624581275611274,0.007624581275611275,-0.007624581275611275,0.007624581275611275
2018-10-15,-0.003581784481137662,0.0016491745614680851,0.0,0.0,0.0,-0.003581784481137662,0.003081784481137662,0.0,-0.003581784481137662,0.003581784481137662,-0.003581784481137662,0.003581784481137662
2018-10-16,-0.017040106346939865,0.007834464004994829,0.0,0.0,0.0,-0.017040106346939865,0.017040106346939865,0.0,-0.017040106346939865,0.017040106346939865,-0.017040106346939865,0.017040106346939865
2018-10-17,-0.002965184787417696,0.001310973122112612,0.0,0.0,0.0,-0.002965184787417696,-0.0005,0.0,0.001965184787417696,0.002965184787417696,-0.002965184787417696,0.002965184787417696
2018-10-18,0.012565544490232283,-0.005665084938994702,0.0,0.0,0.0,0.012565544490232283,-0.013065544490232284,0.0,-0.012565544490232283,-0.012565544490232283,-0.013565544490232284,-0.012565544490232283
2018-10-19,0.00264487873635888,-0.0011909773698346913,0.0,0.0,0.0,0.00264487873635888,-0.00264487873635888,0.00214487873635888,0.00164487873635888,-0.00264487873635888,0.00164487873635888,-0.00264487873635888
2018-10-22,-0.0075552704010879435,0.003474901507841632,0.0,0.0,0.0,-0.0075552704010879435,-0.0005,-0.0075552704010879435,0.0065552704010879434,-0.008555270401087944,-0.0075552704010879435,0.0075552704010879435
2018-10-23,0.04375221209508262,-0.020019635388379177,0.0,0.0,0.0,0.04375221209508262,-0.04425221209508262,0.04375221209508262,-0.04375221209508262,0.04375221209508262,-0.04475221209508262,-0.04375221209508262
2018-10-24,0.041599787759480034,-0.016152912726143113,0.0,0.0,0.0,0.041599787759480034,0.04059978775948003,0.041599787759480034,0.04059978775948003,0.041599787759480034,0.04059978775948003,-0.041599787759480034
2018-10-25,-0.0024385350879363443,0.0008307415469654998,0.0,0.0,0.0,-0.0024385350879363443,-0.0005,-0.0024385350879363443,-0.0024385350879363443,-0.0024385350879363443,-0.0024385350879363443,0.0024385350879363443
2018-10-26,0.00021615669136498816,-7.540933515336326e-05,0.0,0.0,0.0,0.00021615669136498816,-0.0007161566913649882,0.00021615669136498816,0.00021615669136498816,0.00021615669136498816,0.00021615669136498816,-0.00021615669136498816
2018-10-29,-0.004541952936315985,0.0015784693040923343,0.0,0.0,0.0,-0.004541952936315985,0.004541952936315985,-0.004541952936315985,-0.004541952936315985,-0.004541952936315985,-0.004541952936315985,0.004541952936315985
2018-10-30,-0.021637087589660098,0.007502727467317888,0.0,0.0,0.0,-0.021637087589660098,0.021637087589660098,-0.021637087589660098,-0.021637087589660094,-0.021637087589660098,-0.021637087589660098,0.021637087589660098
2018-10-31,-0.00237082999020255,0.0007811746080561469,0.0,0.0,0.0,-0.00237082999020255,-0.0005,-0.00237082999020255,-0.00237082999020255,-0.00237082999020255,0.0013708299902025498,0.00237082999020255
2018-11-01,-0.010301755825553593,0.0035262993335824764,0.0,0.0,0.0,-0.010301755825553593,0.0,-0.010301755825553593,-0.010301755825553592,-0.010301755825553593,0.010301755825553593,0.010301755825553593
2018-11-02,-0.0030693837493611653,0.0010329052127134722,0.0,0.0,0.0,-0.0030693837493611653,0.0025693837493611653,-0.0005,-0.0030693837493611653,-0.0030693837493611653,0.0030693837493611653,0.0030693837493611653
2018-11-05,-0.0022820937535739105,0.0007665815415833384,0.0,0.0,0.0,-0.0022820937535739105,-0.0005,0.0,-0.0022820937535739105,-0.0022820937535739105,0.0022820937535739105,0.0022820937535739105
2018-11-06,-0.010607990520403288,0.0035542346308729844,0.0,0.0,0.0,-0.010607990520403288,0.0,0.0,-0.010607990520403288,-0.010607990520403288,0.010607990520403288,0.010607990520403288
2018-11-07,-0.030670882973484526,0.010185835849911291,0.0,0.0,0.030170882973484525,-0.030670882973484526,-0.031170882973484526,0.0,-0.030670882973484526,-0.030670882973484526,0.030670882973484526,0.030670882973484526
2018-11-08,-0.01381100137155955,0.006416828254755711,0.0,0.0,0.01381100137155955,0.01281100137155955,-0.0005,0.0,-0.01381100137155955,-0.01381100137155955,0.01381100137155955,0.01381100137155955
2018-11-09,0.01455395380184954,-0.007472259607202391,0.0,0.0,-0.01455395380184954,-0.01455395380184954,0.014053953801849539,0.0,-0.01555395380184954,0.01455395380184954,-0.01455395380184954,-0.01455395380184954
2018-11-12,0.02018902688401658,-0.010773085482320088,0.0,0.0,-0.02018902688401658,-0.02018902688401658,0.02018902688401658,0.0,-0.02018902688401658,0.02018902688401658,-0.02018902688401658,-0.02018902688401658
2018-11-13,-0.006749920029605727,0.0034866856743740347,0.0,0.0,0.006749920029605727,0.006749920029605727,-0.006749920029605727,0.0,-0.007749920029605727,-0.006749920029605727,-0.007749920029605727,0.006749920029605727
2018-11-14,0.0015624625132572012,-0.0008075159781432863,0.0,0.0,-0.0015624625132572012,-0.0015624625132572012,0.0015624625132572012,0.0,0.0015624625132572012,0.0015624625132572012,-0.0025624625132572012,-0.0015624625132572012
2018-11-15,-0.03458530370618673,0.018273286455673356,0.0,0.0,0.03458530370618673,0.03458530370618673,-0.03458530370618673,0.0,-0.03458530370618673,-0.03458530370618673,-0.03558530370618673,0.03458530370618673
2018-11-16,-0.01995982288643572,0.009661872114974619,0.0,0.0,0.01995982288643572,0.01995982288643572,-0.0005,0.0,0.018959822886435718,-0.01995982288643572,0.018959822886435718,0.01995982288643572
2018-11-19,0.016363738101005887,-0.007864828906437811,0.0,-0.016863738101005887,-0.016363738101005887,-0.016363738101005887,0.015863738101005886,0.0,-0.016363738101005887,0.016363738101005887,-0.016363738101005887,-0.016363738101005887
2018-11-20,0.024661836943023374,-0.011622301367255405,0.0,-0.0005,-0.024661836943023374,0.023661836943023373,-0.0005,0.0,-0.024661836943023374,0.024661836943023374,-0.024661836943023374,-0.024661836943023374
2018-11-21,0.002309675003101197,-0.0010578791168536572,0.0,0.0,-0.002309675003101197,0.002309675003101197,0.001809675003101197,0.0,0.001309675003101197,0.002309675003101197,0.001309675003101197,-0.002309675003101197
2018-11-23,0.00951239764221501,-0.004958594688909577,0.0,0.0,-0.00951239764221501,0.00951239764221501,0.00951239764221501,0.0,-0.01051239764221501,0.00951239764221501,0.00951239764221501,-0.00951239764221501
2018-11-26,-0.015549030089629046,0.00939941990753326,0.0,0.0,-0.016549030089629047,-0.015549030089629046,-0.0005,-0.016049030089629046,0.015549030089629046,-0.015549030089629046,-0.015549030089629046,0.015549030089629046
2018-11-27,-0.004152734980252593,0.0024834904550552297,0.0,0.0,0.0031527349802525926,0.0031527349802525926,-0.004652734980252593,-0.004152734980252593,0.004152734980252593,-0.004152734980252593,-0.004152734980252593,0.004152734980252593
2018-11-28,-0.01818742621832814,0.010916172484549439,0.0,0.0,0.01818742621832814,0.01818742621832814,-0.01818742621832814,-0.01818742621832814,0.01818742621832814,-0.01818742621832814,-0.01818742621832814,0.01818742621832814
2018-11-29,-0.0010765377541477328,0.0006291915515472638,0.0,0.0,0.0010765377541477328,0.0010765377541477328,-0.0010765377541477328,-0.0005,0.0010765377541477328,-0.0010765377541477328,7.653775414773276e-05,0.0010765377541477328
2018-11-30,-0.016425527695071773,0.009950855338178168,0.0,0.0,0.016425527695071773,0.016425527695071773,-0.016425527695071773,0.0,0.016425527695071773,-0.016425527695071773,0.016425527695071773,0.016425527695071773
2018-12-03,-0.004039736816761508,0.002410029640467359,0.0,0.0035397368167615077,0.004039736816761508,0.004039736816761508,-0.0005,0.0,0.004039736816761508,-0.004039736816761508,0.004039736816761508,0.004039736816761508
2018-12-04,0.031423583178948666,-0.018843855404830773,0.0,-0.031423583178948666,-0.031423583178948666,-0.031423583178948666,0.0,0.0,-0.031423583178948666,-0.03242358317894867,-0.031423583178948666,-0.031423583178948666
2018-12-06,-0.0023738079711876914,0.0012437341456169927,0.0,-0.0005,0.0023738079711876914,-0.0033738079711876914,-0.0028738079711876914,0.0,0.0023738079711876914,0.0023738079711876914,-0.0033738079711876914,0.0023738079711876914
2018-12-07,0.02190651482709438,-0.0117663088877962,0.0,0.0,-0.02190651482709438,0.02190651482709438,-0.0005,-0.02240651482709438,-0.02190651482709438,-0.02190651482709438,0.02190651482709438,-0.02190651482709438
2018-12-10,-0.0004040370877769206,0.00019867558029428305,0.0,0.0,-0.0014040370877769206,-0.0004040370877769206,0.0,-0.0005,0.0004040370877769206,0.0004040370877769206,-0.0004040370877769206,0.0004040370877769206
2018-12-11,0.004336973368695762,-0.002339578085857182,0.0,0.0,0.004336973368695762,0.004336973368695762,0.0038369733686957623,0.0,0.0033369733686957623,-0.004336973368695762,0.004336973368695762,-0.004336973368695762
2018-12-12,-0.011901158081376817,0.006392245686610722,0.0,0.0,-0.011901158081376817,0.010901158081376816,-0.011901158081376817,-0.012401158081376817,-0.011901158081376817,0.011901158081376817,0.010901158081376816,0.011901158081376817
2018-12-13,-0.011611576221393971,0.006236708016852964,0.0,0.0,-0.011611576221393971,0.011611576221393971,-0.0005,-0.011611576221393971,0.01061157622139397,0.011611576221393971,0.011611576221393971,0.011611576221393971
2018-12-14,0.029832814680090136,-0.01602353986513905,0.0,0.0,-0.030832814680090137,-0.029832814680090136,0.0,0.029832814680090136,-0.029832814680090136,-0.029832814680090136,-0.029832814680090136,-0.029832814680090136
2018-12-17,0.016725887542454854,-0.008983662074474704,0.0,0.0,0.015725887542454853,0.015725887542454853,0.0,0.016725887542454854,0.015725887542454853,-0.016725887542454854,0.015725887542454853,-0.016725887542454854
2018-12-18,0.008023735117507758,0.004846749491737998,0.0,0.0,-0.009023735117507758,-0.009023735117507758,0.0,-0.009023735117507758,-0.009023735117507758,0.009023735117507758,-0.009023735117507758,0.009023735117507758
2018-12-19,-0.02364262140050799,-0.012698717522629842,0.0,0.0,0.02364262140050799,-0.02464262140050799,0.02314262140050799,0.02364262140050799,0.02364262140050799,-0.02364262140050799,-0.02464262140050799,-0.02364262140050799
2018-12-20,-0.013582270772608762,-0.008084392096571318,0.0,0.0,0.013582270772608762,-0.013582270772608762,0.013582270772608762,0.013582270772608762,0.013582270772608762,-0.013582270772608762,0.012582270772608761,-0.013582270772608762
2018-12-21,-0.019372078843187035,-0.011490615702520813,0.0,0.0,0.019372078843187035,-0.019372078843187035,-0.0005,0.019372078843187035,0.019372078843187035,-0.019372078843187035,0.019372078843187035,-0.019372078843187035
2018-12-24,-0.027918746619591706,-0.01656010131378356,0.0,0.0,0.027918746619591706,-0.027918746619591706,0.027418746619591705,0.027918746619591706,0.027918746619591706,-0.027918746619591706,0.027918746619591706,-0.027918746619591706
2018-12-26,0.0427724642723899,0.025370635417204232,0.0,0.0,-0.0427724642723899,0.0427724642723899,0.0417724642723899,-0.0427724642723899,-0.0427724642723899,0.0427724642723899,-0.0427724642723899,0.0427724642723899
2018-12-27,0.023837777320661058,0.011579525468566637,0.0,0.0,-0.023837777320661058,0.023837777320661058,-0.0005,-0.023837777320661058,-0.023837777320661058,0.023837777320661058,0.022837777320661057,0.023837777320661058
2018-12-28,-0.0069743549757042,-0.003403275138436869,0.0,0.0,0.0069743549757042,-0.0069743549757042,0.0,0.0069743549757042,0.0069743549757042,-0.0069743549757042,-0.0069743549757042,-0.0069743549757042
2018-12-31,0.006178229664696833,0.00301478996848635,0.0,0.0,-0.006178229664696833,0.006178229664696833,0.0,-0.006178229664696833,-0.006178229664696833,-0.007178229664696833,0.006178229664696833,0.006178229664696833
2019-01-02,0.0021519388237025705,0.0010500813227397523,0.0,0.0,-0.0021519388237025705,0.0021519388237025705,-0.0026519388237025705,-0.0005,-0.0021519388237025705,-0.0021519388237025705,0.0021519388237025705,0.0021519388237025705
2019-01-03,-0.037653634085556,-0.018373839186789163,0.0,0.0,0.037653634085556,-0.037653634085556,-0.038653634085556,0.0,0.037653634085556,0.037653634085556,-0.037653634085556,-0.037653634085556
2019-01-04,0.04114062599168844,0.020075386197718714,0.0,0.0,-0.04114062599168844,0.04114062599168844,-0.0005,0.0,-0.04114062599168844,-0.04114062599168844,-0.04214062599168844,0.04114062599168844
2019-01-07,-0.0022997863043060507,-0.0009971398333830336,0.0,0.0,0.0022997863043060507,-0.0022997863043060507,-0.0027997863043060507,0.0,0.0022997863043060507,0.0022997863043060507,-0.0032997863043060507,-0.0022997863043060507
2019-01-08,0.004191305775113285,0.0017539318158437556,0.0,0.0,-0.004191305775113285,0.004191305775113285,-0.0005,0.0,-0.004191305775113285,-0.004191305775113285,0.004191305775113285,0.004191305775113285
2019-01-09,0.0032340506529349167,0.0013533501582998933,0.0,0.0,0.0022340506529349166,0.0032340506529349167,0.0,0.0,-0.0032340506529349162,-0.0032340506529349167,0.0032340506529349167,0.0032340506529349167
2019-01-10,0.006760441562859709,0.0028290356710926534,0.0,0.0,0.006760441562859709,0.006760441562859709,0.0,0.0,-0.006760441562859709,-0.006760441562859709,0.006760441562859709,0.006760441562859709
2019-01-11,-0.007179805677725359,-0.0030045265808357246,0.0,0.0,-0.007179805677725359,-0.007179805677725359,0.0,0.0,0.007179805677725359,0.007179805677725359,-0.007179805677725359,-0.007179805677725359
2019-01-14,-0.00020847980161931012,-8.724234800335446e-05,0.0,0.0,-0.00020847980161931012,-0.00020847980161931012,0.0,0.0,0.00020847980161931012,0.00020847980161931012,-0.0007915201983806899,-0.00020847980161931012
2019-01-15,-0.016807754643134665,-0.00703352539834503,0.0,0.0,-0.016807754643134665,-0.016807754643134665,0.0,0.0,0.016807754643134665,0.016807754643134665,-0.017807754643134666,-0.016807754643134665
2019-01-16,0.002858410643724829,0.0011961564342415224,0.0,0.0,-0.003858410643724829,0.002858410643724829,-0.003358410643724829,0.0,-0.002858410643724829,-0.002858410643724829,-0.003858410643724829,0.002858410643724829
2019-01-17,0.011769112679456795,0.005456335465811554,0.0,0.0,-0.011769112679456795,0.011769112679456795,-0.0005,-0.012269112679456795,-0.011769112679456795,-0.011769112679456795,0.010769112679456794,0.011769112679456795
2019-01-18,0.021647124768797932,0.010079289451675088,0.0,0.0,0.02064712476879793,0.021647124768797932,-0.022147124768797932,-0.021647124768797932,-0.021647124768797932,-0.021647124768797932,0.021647124768797932,0.021647124768797932
2019-01-22,0.01738064658923122,-0.008558358639335068,0.0,0.0,-0.01838064658923122,-0.01838064658923122,0.01838064658923122,-0.0005,-0.01938064658923122,0.01838064658923122,-0.01838064658923122,-0.01838064658923122
2019-01-23,-0.00015579410764710033,7.25405300986654e-05,0.0,0.0,0.00015579410764710033,-0.0011557941076471004,-0.0005,0.0,0.00015579410764710033,-0.00015579410764710033,-0.0011557941076471004,0.00015579410764710033
2019-01-24,-0.0011963766032958567,0.000557054398984758,0.0,0.0,0.0011963766032958567,-0.0011963766032958567,0.0,0.0,0.0011963766032958565,0.0001963766032958567,-0.0011963766032958567,0.0011963766032958567
2019-01-25,-0.017556775713445827,0.008174749586560752,0.0,0.0,0.017556775713445827,0.016556775713445826,-0.018056775713445827,0.0,0.017556775713445827,0.017556775713445827,0.016556775713445826,0.017556775713445827
2019-01-28,0.013782821662324363,-0.006417528908764135,0.0,0.0,-0.013782821662324363,-0.013782821662324363,-0.0005,0.0,-0.013782821662324363,-0.013782821662324363,-0.013782821662324363,-0.013782821662324363
2019-01-29,-0.01940994433145926,0.010947482456361849,0.0,0.0,0.01940994433145926,-0.020409944331459262,0.0,0.0,0.01940994433145926,0.01940994433145926,-0.020409944331459262,0.01940994433145926
2019-01-30,-0.011779347451553068,0.006674364538850051,0.0,0.0,0.011779347451553068,0.010779347451553067,-0.012279347451553069,0.0,0.011779347451553068,0.011779347451553068,0.010779347451553067,0.011779347451553068
2019-01-31,-0.005169308995010002,0.0029290122214795863,0.0,0.0,0.005169308995010002,0.005169308995010002,-0.005169308995010002,0.0,0.005169308995010002,0.005169308995010002,0.005169308995010002,0.005169308995010002
2019-02-01,0.005691198156654753,-0.00322472287336571,0.0,-0.006191198156654754,-0.005691198156654753,0.004691198156654753,0.005691198156654753,0.0,-0.005691198156654753,-0.005691198156654753,-0.005691198156654753,-0.005691198156654753
2019-02-04,-0.005271987466402228,0.002987191467077206,0.0,-0.0005,0.005271987466402228,-0.005271987466402228,-0.0005,0.0,0.005271987466402228,0.005271987466402228,-0.006271987466402228,0.005271987466402228
2019-02-05,-0.004545062487045781,0.003058486465553768,0.0,0.004045062487045781,0.004545062487045781,-0.004545062487045781,0.0,0.0,0.004545062487045781,0.004545062487045781,0.003545062487045781,0.004545062487045781
2019-02-06,-0.007209623791900155,0.0061743358619953705,0.0,0.007209623791900155,0.007209623791900155,-0.007209623791900155,-0.007709623791900155,0.0,0.007209623791900155,0.007209623791900155,0.007209623791900155,0.007209623791900155
2019-02-07,0.01347668754675746,-0.011712526847054736,0.0,-0.01347668754675746,-0.01347668754675746,0.01347668754675746,0.01347668754675746,0.0,-0.01347668754675746,-0.01347668754675746,-0.01347668754675746,-0.01347668754675746
2019-02-08,0.0001000816580749575,-8.698050637693458e-05,0.0,-0.0001000816580749575,-0.0001000816580749575,0.0001000816580749575,-0.0005,-0.0006000816580749575,-0.0001000816580749575,-0.0001000816580749575,-0.0008999183419250425,-0.0001000816580749575
2019-02-11,-0.005454877436435801,0.004740808763279497,0.0,0.005454877436435801,0.005454877436435801,-0.005454877436435801,-0.0059548774364358015,0.005454877436435801,0.005454877436435801,0.005454877436435801,-0.005454877436435801,0.005454877436435801
2019-02-12,-0.028171913187902353,0.01566003237294594,0.0,0.028171913187902353,0.028171913187902353,-0.028171913187902353,-0.0005,0.028171913187902353,0.028171913187902353,0.028171913187902353,0.027171913187902352,0.028171913187902353
2019-02-13,-0.015248505167448023,0.008413918521011214,0.0,0.015248505167448023,0.015248505167448023,-0.015248505167448023,-0.015748505167448024,0.015248505167448023,0.015248505167448023,0.015248505167448023,0.015248505167448023,0.015248505167448023
2019-02-14,0.01608391917288654,-0.008884795510872569,0.0,-0.01608391917288654,-0.01608391917288654,0.01608391917288654,0.01608391917288654,-0.01608391917288654,-0.01608391917288654,-0.01608391917288654,-0.01608391917288654,-0.01608391917288654
2019-02-15,-0.01917748706956246,0.010638361354085893,0.0,0.01917748706956246,0.01917748706956246,-0.019177487069562456,-0.01917748706956246,0.01917748706956246,0.01917748706956246,0.01917748706956246,-0.02017748706956246,0.01917748706956246
2019-02-19,0.0021544769579395773,-0.001187847225418411,0.0,-0.0021544769579395773,-0.0021544769579395773,0.0021544769579395773,0.0021544769579395773,-0.0021544769579395773,-0.0021544769579395773,-0.0021544769579395773,-0.0031544769579395773,-0.0021544769579395773
2019-02-20,-0.0005755790143777695,0.0003166799688339977,0.0,0.0005755790143777695,0.0005755790143777695,-0.0005755790143777695,-0.0005755790143777695,0.0005755790143777695,0.0005755790143777695,0.0005755790143777695,0.0005755790143777695,0.0005755790143777695
2019-02-21,0.0036445943042876516,-0.002079628885821919,0.0,-0.0036445943042876516,-0.0036445943042876516,0.0036445943042876516,0.0036445943042876516,-0.0036445943042876516,-0.0036445943042876516,-0.0036445943042876516,-0.0036445943042876516,-0.0036445943042876516
2019-02-22,-0.0076048118354348215,0.004364220490404147,0.0,0.0076048118354348215,0.0076048118354348215,-0.007604811835434821,-0.0076048118354348215,0.0076048118354348215,0.0076048118354348215,0.0076048118354348215,-0.008604811835434822,0.0076048118354348215
2019-02-25,-0.0058753075831696755,0.003395564881302151,0.0,0.0058753075831696755,0.0058753075831696755,-0.0058753075831696755,-0.0058753075831696755,0.0058753075831696755,0.0058753075831696755,0.0058753075831696755,0.0048753075831696755,0.0058753075831696755
2019-02-26,0.005698830088021523,-0.0033654368655455054,0.0,-0.005698830088021523,-0.005698830088021523,0.005698830088021523,0.005698830088021523,-0.005698830088021523,-0.005698830088021523,-0.005698830088021523,-0.005698830088021523,-0.005698830088021523
2019-02-27,0.0016711925079019307,-0.000984518543653318,0.0,-0.0016711925079019307,-0.0016711925079019307,0.0016711925079019305,0.0016711925079019307,-0.0016711925079019307,-0.0016711925079019307,-0.0016711925079019307,0.0006711925079019307,-0.0016711925079019307
2019-02-28,0.007845735151139288,-0.004636824996522459,0.0,-0.007845735151139288,-0.007845735151139288,0.007845735151139286,0.007845735151139288,-0.007845735151139288,-0.007845735151139288,-0.007845735151139288,0.007845735151139288,-0.007845735151139288
2019-03-01,-0.00048195128276740107,0.00028472785474765793,0.0,0.00048195128276740107,0.00048195128276740107,-0.000481951282767401,-0.00048195128276740107,0.00048195128276740107,0.00048195128276740107,0.00048195128276740107,-0.00048195128276740107,0.00048195128276740107
2019-03-04,0.003036183392980729,-0.0018023295633750622,0.0,-0.003036183392980729,-0.003036183392980729,0.0030361833929807287,0.003036183392980729,-0.0005,-0.003036183392980729,-0.003036183392980729,0.003036183392980729,-0.003036183392980729
2019-03-05,0.014599588978155387,-0.008751790099600821,0.0,-0.014599588978155387,-0.014599588978155387,0.014599588978155385,-0.0005,0.0,-0.014599588978155387,-0.014599588978155387,0.014599588978155387,-0.014599588978155387
2019-03-06,-0.0061015784896286665,-0.003037575945050947,0.0,-0.0051015784896286664,0.004101578489628666,0.005101578489628666,0.0,0.0,-0.0051015784896286664,-0.0051015784896286664,0.0051015784896286664,-0.0051015784896286664
2019-03-07,-0.014496951356049559,-0.008696005500290505,0.0,-0.014496951356049559,0.014496951356049559,0.014496951356049557,0.0,0.0,-0.014496951356049559,-0.014496951356049559,0.014496951356049559,-0.014496951356049559
2019-03-08,0.005153357838734163,0.0030705132932700814,0.0,0.005153357838734163,-0.005153357838734163,-0.005153357838734162,-0.005653357838734163,0.0,0.005153357838734163,0.005153357838734163,-0.005153357838734163,0.005153357838734163
2019-03-11,0.030912752122347564,0.01900792027379492,0.0,0.030912752122347564,-0.030912752122347564,-0.030912752122347564,-0.0005,0.0,-0.031912752122347565,-0.031912752122347565,0.029912752122347563,0.030912752122347564
2019-03-12,-0.006277556360577807,-0.0037540475970358747,0.0,-0.006277556360577807,-0.007277556360577807,0.006277556360577807,0.0,0.0,-0.007277556360577807,0.006277556360577807,-0.006277556360577807,-0.006277556360577807
2019-03-13,0.004179074092881319,0.0025262740413593793,0.0,0.004179074092881319,0.004179074092881319,-0.004179074092881319,-0.004679074092881319,0.0,0.004179074092881319,-0.004179074092881319,0.004179074092881319,0.004179074092881319
2019-03-14,0.0034832884343181103,0.002518367946053505,0.0,0.0034832884343181103,0.0034832884343181103,0.0024832884343181103,-0.0005,0.0029832884343181103,0.0034832884343181103,-0.0034832884343181103,0.0034832884343181103,0.0034832884343181103
2019-03-15,0.003375985321209418,0.002768923590327293,0.0,0.003375985321209418,0.003375985321209418,0.003375985321209418,-0.003875985321209418,0.003375985321209418,0.003375985321209418,0.002375985321209418,0.003375985321209418,0.003375985321209418
2019-03-18,0.001970162323553515,0.001642444867494871,0.0,0.001970162323553515,0.001970162323553515,-0.002970162323553515,-0.0005,0.001970162323553515,-0.002970162323553515,0.001970162323553515,0.001970162323553515,0.001970162323553515
2019-03-19,0.0025420993121612057,0.002306893233074448,0.0,0.0025420993121612057,0.0025420993121612057,-0.0025420993121612057,0.0,0.0025420993121612057,0.0015420993121612056,0.0025420993121612057,0.0025420993121612057,0.0025420993121612057
2019-03-20,-0.0034447506996831967,-0.003188286279009466,0.0,-0.0034447506996831967,-0.0034447506996831967,0.0034447506996831967,0.0,-0.0034447506996831967,-0.0034447506996831967,-0.0034447506996831967,-0.0034447506996831967,-0.0034447506996831967
2019-03-21,0.006289301053373553,0.005821057603638722,0.0,0.006289301053373553,0.006289301053373553,0.005289301053373552,0.0,0.006289301053373553,-0.007289301053373553,0.006289301053373553,-0.007289301053373553,0.006289301053373553
2019-03-22,-0.02361512360094309,-0.02185695892620729,0.0,-0.02361512360094309,-0.02361512360094309,-0.02361512360094309,0.02311512360094309,-0.02361512360094309,-0.02461512360094309,-0.02361512360094309,-0.02461512360094309,-0.02361512360094309
2019-03-25,-0.007085603920596317,-0.006558075091068429,0.0,-0.007085603920596317,0.006085603920596317,-0.007085603920596316,-0.0005,-0.007085603920596317,0.006085603920596317,-0.007085603920596317,0.006085603920596317,-0.007085603920596317
2019-03-26,0.01983214356569496,0.018355624753822162,0.0,0.01983214356569496,-0.01983214356569496,0.019832143565694956,0.0,-0.0005,-0.01983214356569496,0.01983214356569496,-0.01983214356569496,0.01983214356569496
2019-03-27,-0.0003857719035117446,-0.00036937398978870037,0.0,-0.0003857719035117446,-0.0013857719035117446,-0.00038577190351174467,0.0,0.0,0.0003857719035117446,-0.0006142280964882554,-0.0013857719035117446,-0.0003857719035117446
2019-03-28,0.006612921684500339,0.005407171819599558,0.0,0.006612921684500339,0.006612921684500339,0.006612921684500339,0.0,0.0,-0.006612921684500339,-0.006612921684500339,0.006612921684500339,0.006612921684500339
2019-03-29,-0.0035964024436666575,-0.0029406617639087724,0.0,-0.0035964024436666575,-0.0035964024436666575,-0.0035964024436666575,0.0,-0.004096402443666658,0.0035964024436666575,0.0035964024436666575,-0.0035964024436666575,-0.0035964024436666575
2019-04-01,0.020021058425436555,0.0163705708431895,0.0,0.020021058425436555,0.020021058425436555,0.020021058425436552,0.0,0.020021058425436555,0.019021058425436554,-0.020021058425436555,0.020021058425436555,0.020021058425436555
2019-04-02,0.0008965720893490126,0.0007330979508089816,0.0,0.0008965720893490126,0.0008965720893490126,0.0008965720893490124,-0.0013965720893490126,0.0008965720893490126,0.0008965720893490123,-0.00010342791065098746,0.0008965720893490126,0.0008965720893490126
2019-04-03,0.0047141579538168,0.0038546142321274615,0.0042141579538167995,0.0047141579538168,0.0047141579538168,0.0047141579538168,-0.0005,0.0047141579538168,0.0047141579538168,0.0047141579538168,0.0047141579538168,0.0047141579538168
2019-04-04,0.008914553002241865,0.007289141181125442,0.008914553002241865,0.008914553002241865,0.008914553002241865,0.008914553002241865,0.0,0.008914553002241865,0.008914553002241865,0.008914553002241865,0.008914553002241865,0.008914553002241865
2019-04-05,0.0017670474772646383,0.0014448574743225289,0.0017670474772646383,0.0017670474772646383,0.0017670474772646383,0.0017670474772646383,-0.0022670474772646383,0.0017670474772646383,0.0017670474772646383,0.0017670474772646383,0.0017670474772646383,0.0017670474772646383
2019-04-08,-0.0018103641623460343,-0.0014802761243633375,-0.0018103641623460343,-0.0018103641623460343,-0.0018103641623460343,-0.0018103641623460343,-0.0005,-0.0018103641623460343,-0.0018103641623460343,-0.0018103641623460343,-0.0018103641623460343,-0.0018103641623460343
2019-04-09,-0.014231499363506428,-0.011636635965214122,-0.014231499363506428,-0.014231499363506428,-0.014231499363506428,-0.014231499363506428,0.013731499363506428,-0.014231499363506428,-0.014231499363506428,-0.014231499363506428,-0.014231499363506428,-0.014231499363506428
2019-04-10,0.0007080639603680439,0.000611361589228058,0.0007080639603680436,0.0007080639603680439,0.0007080639603680439,0.0007080639603680439,-0.0005,0.0007080639603680439,0.0007080639603680439,0.0007080639603680439,-0.0017080639603680439,0.0007080639603680439
2019-04-11,0.006694711161499889,0.006516578075959469,0.006694711161499889,0.006694711161499889,0.006694711161499889,0.006694711161499889,0.0,0.006694711161499889,0.006694711161499888,0.006694711161499889,-0.006694711161499889,0.006694711161499889
2019-04-12,-0.019217399955212433,0.017732670803160582,0.018217399955212432,0.018217399955212432,0.018217399955212432,0.018217399955212432,-0.018717399955212433,-0.0005,0.018217399955212432,0.018217399955212432,0.01721739995521243,0.018217399955212432
2019-04-15,0.007312957019125932,-0.007118373628324421,-0.007312957019125932,-0.007312957019125932,-0.007312957019125932,-0.007312957019125932,-0.008312957019125933,-0.007812957019125932,-0.007312957019125932,-0.007312957019125932,-0.007312957019125932,-0.007312957019125932
2019-04-16,-0.004957745653733969,0.004825829801157235,0.004957745653733969,0.004957745653733969,0.004957745653733969,0.004957745653733969,-0.005957745653733969,0.004957745653733969,0.004957745653733969,0.004957745653733969,-0.0005,0.004957745653733969
2019-04-17,-0.0034117220587968067,0.0033209428507504912,0.0034117220587968067,0.0034117220587968067,0.0034117220587968067,0.0034117220587968067,-0.0034117220587968067,0.0034117220587968067,0.0034117220587968067,0.0034117220587968067,0.0029117220587968067,0.0034117220587968067
2019-04-18,-0.005697472080067323,0.0055458735634293915,0.005697472080067323,0.005697472080067323,0.005697472080067323,0.005697472080067323,-0.005697472080067323,0.005697472080067323,0.005697472080067323,0.005697472080067323,0.005697472080067323,0.005697472080067323
2019-04-22,0.001553606706321431,-0.00151226829012435,-0.001553606706321431,-0.001553606706321431,-0.001553606706321431,-0.001553606706321431,0.001553606706321431,-0.001553606706321431,-0.001553606706321431,-0.001553606706321431,-0.001553606706321431,-0.001553606706321431
2019-04-23,-0.0043929211965247905,0.004276034210903509,0.00439292119652479,0.0043929211965247905,0.0043929211965247905,0.0043929211965247905,-0.0043929211965247905,0.0043929211965247905,0.0043929211965247905,0.0043929211965247905,-0.0005,0.0043929211965247905
2019-04-24,0.0019133359721457133,-0.0021512608769575624,-0.0019133359721457133,-0.0019133359721457133,-0.0019133359721457133,-0.0019133359721457133,0.0019133359721457133,-0.0019133359721457133,-0.0019133359721457133,-0.0019133359721457133,-0.0024133359721457133,-0.0019133359721457133
2019-04-25,0.12945041439069793,-0.14149899258485468,-0.1294504143906979,-0.12945041439069793,-0.12945041439069793,-0.12945041439069793,0.12945041439069793,-0.12945041439069793,-0.12945041439069793,-0.12945041439069793,-0.12945041439069793,-0.12945041439069793
2019-04-26,0.003980520913802966,0.0011895430765803316,-0.0004999999999999999,-0.0005,-0.0005,0.004980520913802966,0.003980520913802966,-0.0005,-0.005980520913802966,0.004980520913802966,-0.0005,0.004980520913802966
2019-04-29,-0.007616650538387115,-0.0024127484784049425,0.0,0.0,0.0,-0.007616650538387115,-0.007616650538387115,0.0,0.007616650538387115,0.006616650538387115,0.0,-0.007616650538387115
2019-04-30,-0.0036803565388030535,-0.0011658372133829197,0.0,0.0,0.0,0.0026803565388030534,-0.0036803565388030535,0.0,0.0036803565388030535,0.0036803565388030535,0.0,-0.0036803565388030535
2019-05-01,-0.018152146615335152,-0.005750108122356836,0.0,0.0,0.0,0.018152146615335152,-0.018152146615335152,0.0,0.018152146615335152,0.018152146615335152,0.0,-0.018152146615335152
2019-05-02,-0.007093938456907867,-0.0022471674565533086,0.0,0.0,0.0,0.007093938456907867,-0.007093938456907867,0.0,0.007093938456907867,0.007093938456907867,0.0,-0.007093938456907867
2019-05-03,0.0025438526487160384,0.0008058235803970212,0.0,0.0,0.0,-0.0025438526487160384,0.0025438526487160384,-0.0030438526487160385,-0.0025438526487160384,-0.0025438526487160384,0.0,0.0025438526487160384
2019-05-06,-0.011769845371246923,-0.0037283680493697562,0.0,0.0,0.0,0.011769845371246923,-0.011769845371246923,0.011769845371246923,0.011769845371246923,0.011769845371246923,-0.012269845371246924,-0.011769845371246923
2019-05-07,-0.02141617314092703,-0.0067840632701484565,0.0,0.0,0.0,0.02141617314092703,-0.02141617314092703,0.02141617314092703,0.02141617314092703,0.02141617314092703,-0.0005,-0.02141617314092703
2019-05-08,-0.002958593908967022,-0.0009372023721059301,0.0,0.0,0.0,0.002958593908967022,-0.002958593908967022,0.002958593908967022,0.002958593908967022,0.002958593908967022,0.0,-0.002958593908967022
2019-05-09,-0.01853417749592645,-0.005871125152244825,0.0,0.0,0.0,0.01853417749592645,-0.01853417749592645,0.01853417749592645,0.01853417749592645,0.01853417749592645,0.0,-0.01853417749592645
2019-05-10,0.0033086648217155457,0.0010480953503003436,0.0,0.0,0.0,-0.0033086648217155457,0.0033086648217155457,-0.0033086648217155457,-0.0033086648217155457,-0.0033086648217155457,0.0,0.0033086648217155457
2019-05-13,-0.01017797795680253,-0.0032241075922743423,0.0,0.0,0.0,0.01017797795680253,-0.01017797795680253,0.01017797795680253,0.01017797795680253,0.01017797795680253,-0.010677977956802531,-0.01017797795680253
2019-05-14,0.0065491495544658385,0.002713328644827207,0.0,0.0,-0.007049149554465839,-0.0065491495544658385,-0.0005,-0.0065491495544658385,-0.0065491495544658385,-0.0065491495544658385,-0.0075491495544658385,0.0065491495544658385
2019-05-15,-0.006221437421593201,-0.0026277103645997502,0.0,0.0,0.006221437421593201,0.0062214374215932,0.0,0.006221437421593201,0.006221437421593201,0.006221437421593201,-0.007221437421593201,-0.006221437421593201
2019-05-16,-0.013266672216942665,-0.00560336297319543,0.0,0.0,0.013266672216942665,0.013266672216942665,-0.013766672216942666,0.013266672216942665,0.013266672216942665,0.013266672216942665,0.012266672216942665,-0.013266672216942665
2019-05-17,-0.01583159792137767,-0.00668669491101732,0.0,0.0,0.01583159792137767,0.01583159792137767,-0.0005,0.01583159792137767,0.01583159792137767,0.01583159792137767,0.01583159792137767,-0.01583159792137767
2019-05-20,-0.016795623197666254,-0.007093864354118612,0.0,0.0,0.016795623197666254,0.016795623197666254,0.016295623197666254,0.016795623197666254,0.01679562319766625,0.016795623197666254,0.016795623197666254,-0.016795623197666254
2019-05-21,0.006315589325286863,0.002667476726682563,0.0,0.0,-0.006315589325286863,-0.006315589325286863,-0.0005,-0.006315589325286863,-0.006315589325286863,-0.006315589325286863,-0.006315589325286863,0.006315589325286863
2019-05-22,0.014584573889886654,0.006159997019452772,0.0,0.0,-0.014584573889886654,-0.014584573889886652,0.0,-0.014584573889886654,-0.014584573889886654,-0.014584573889886654,0.013584573889886653,0.014584573889886654
2019-05-23,-0.014438157122033113,-0.0060981558672610625,0.0,0.0,0.014438157122033113,0.014438157122033111,-0.014938157122033113,0.014438157122033113,0.014438157122033113,0.014438157122033113,-0.014438157122033113,-0.014438157122033113
2019-05-24,0.0013260323408901264,0.000560068146608337,0.0,0.0,-0.0013260323408901264,-0.0013260323408901264,0.0013260323408901264,-0.0013260323408901264,-0.0013260323408901264,-0.0013260323408901264,-0.0023260323408901265,0.0013260323408901264
2019-05-28,-0.01649687618801643,-0.01678569425476419,0.0,0.0,0.01649687618801643,0.01649687618801643,-0.01649687618801643,0.01649687618801643,0.01649687618801643,0.01649687618801643,0.01649687618801643,-0.01649687618801643
2019-05-29,-0.011937624911087852,-0.011937624911087852,0.0,0.0,0.011937624911087852,0.011937624911087852,-0.0005,0.011937624911087852,0.011937624911087852,0.011937624911087852,0.011937624911087852,-0.011937624911087852
2019-05-30,-0.00508039557712181,-0.00508039557712181,0.0,0.0,0.00508039557712181,0.00508039557712181,-0.0055803955771218106,0.00508039557712181,0.00508039557712181,0.00508039557712181,0.00508039557712181,-0.00508039557712181
2019-05-31,-0.005168826030997775,-0.005168826030997775,0.0,0.0,0.005168826030997775,0.005168826030997775,-0.005168826030997775,0.005168826030997775,0.005168826030997775,0.005168826030997775,0.005168826030997775,-0.005168826030997775
2019-06-03,0.0018153515769443462,0.0018153515769443462,0.0,0.0,-0.0018153515769443462,-0.0018153515769443462,0.0018153515769443462,-0.0018153515769443462,-0.0018153515769443462,-0.0018153515769443462,-0.0018153515769443462,0.0018153515769443462
2019-06-04,0.02655576674478466,0.02655576674478466,0.0,0.0,-0.02655576674478466,-0.026555766744784656,0.02655576674478466,-0.02655576674478466,-0.02655576674478466,-0.02655576674478466,0.025555766744784658,0.02655576674478466
2019-06-05,-0.002678424608533292,-0.002678424608533292,0.0,0.0,0.002678424608533292,0.0026784246085332915,-0.002678424608533292,0.002678424608533292,0.002678424608533292,0.002678424608533292,-0.002678424608533292,-0.002678424608533292
2019-06-06,0.005309780371192785,0.005309780371192785,0.0,0.0,-0.005309780371192785,-0.005309780371192784,0.005309780371192785,-0.005309780371192785,-0.005309780371192785,-0.005309780371192785,0.005309780371192785,0.005309780371192785
2019-06-07,0.011474325636378735,0.011474325636378735,0.0,0.0,-0.011474325636378735,-0.011474325636378733,0.011474325636378735,-0.0005,-0.011474325636378735,-0.011474325636378735,0.011474325636378735,0.011474325636378735
2019-06-10,0.010083260179250875,0.010083260179250875,0.0,0.0,-0.010083260179250875,-0.010083260179250873,0.010083260179250875,0.0,-0.010083260179250875,-0.010083260179250875,0.010083260179250875,0.010083260179250875
2019-06-11,0.0036841286702820053,0.0036841286702820053,0.0,0.0,0.0026841286702820053,-0.003684128670282005,0.0036841286702820053,0.0,-0.0036841286702820053,-0.0036841286702820053,0.0036841286702820053,0.0036841286702820053
2019-06-12,0.0005920577437359409,0.0005920577437359409,0.0,0.0,0.0005920577437359409,-0.0005920577437359408,0.0005920577437359409,0.0,-0.0005920577437359409,-0.0005920577437359409,0.0005920577437359409,0.0005920577437359409
2019-06-13,-0.0009467595490235681,-0.0009467595490235681,0.0,0.0,-0.0009467595490235681,0.000946759549023568,-0.0009467595490235681,0.0,0.0009467595490235681,0.0009467595490235681,-5.324045097643195e-05,-0.0009467595490235681
2019-06-14,-0.012792327207965082,-0.012792327207965082,0.0,0.0,-0.012792327207965082,0.012792327207965082,-0.012792327207965082,0.0,0.012792327207965082,0.012792327207965082,0.012792327207965082,-0.012792327207965082
2019-06-17,0.000539815232205143,0.000539815232205143,0.0,0.0,0.000539815232205143,-0.000539815232205143,0.000539815232205143,3.981523220514304e-05,-0.000539815232205143,-0.000539815232205143,-0.000539815232205143,0.000539815232205143
2019-06-18,0.030459474027922484,0.030459474027922484,0.0,0.0,0.030459474027922484,-0.030459474027922484,0.030459474027922484,0.030459474027922484,-0.03045947402792248,-0.030459474027922484,-0.030459474027922484,0.030459474027922484
2019-06-19,-0.00645861853341112,-0.00645861853341112,0.0,0.0,-0.00645861853341112,0.00645861853341112,-0.00645861853341112,-0.00645861853341112,0.00645861853341112,-0.00745861853341112,-0.00745861853341112,-0.00645861853341112
2019-06-20,0.01868216309343529,0.01868216309343529,0.0,0.0,0.01868216309343529,-0.01868216309343529,0.01868216309343529,0.01868216309343529,-0.01868216309343529,0.01868216309343529,0.01868216309343529,0.01868216309343529
2019-06-21,-0.0033922667372017212,-0.0033922667372017212,0.0,0.0,-0.0033922667372017212,0.0033922667372017212,-0.0005,-0.0033922667372017212,0.0033922667372017212,-0.0033922667372017212,-0.0033922667372017212,-0.0033922667372017212
2019-06-24,0.00017331767334938242,0.00017331767334938242,0.0,0.0,0.00017331767334938242,-0.00017331767334938242,0.0,0.00017331767334938242,-0.00017331767334938242,0.00017331767334938242,0.00017331767334938242,0.00017331767334938242
2019-06-25,-0.00778634180416915,-0.00778634180416915,0.0,0.0,-0.00778634180416915,0.00778634180416915,-0.00828634180416915,-0.00778634180416915,0.00778634180416915,-0.00778634180416915,0.00678634180416915,-0.00778634180416915
2019-06-26,-0.0008718098872514402,-0.0008718098872514402,0.0,0.0,-0.0008718098872514402,0.0008718098872514402,-0.0008718098872514402,-0.0008718098872514402,0.0008718098872514402,-0.0008718098872514402,0.0008718098872514402,-0.0008718098872514402
2019-06-27,-0.0022108206511550765,-0.0022108206511550765,0.0,0.0,-0.0022108206511550765,0.0022108206511550765,-0.0022108206511550765,-0.0022108206511550765,0.002210820651155076,-0.0022108206511550765,0.0022108206511550765,-0.0022108206511550765
2019-06-28,0.010728426214034137,0.010728426214034137,0.0,0.0,0.010728426214034137,-0.010728426214034137,0.010728426214034137,0.010728426214034137,-0.010728426214034137,0.010728426214034137,-0.010728426214034137,0.010728426214034137
2019-07-01,0.006750131125857983,0.006750131125857983,0.0,0.0,0.006750131125857983,-0.006750131125857983,0.006750131125857983,0.006750131125857983,-0.006750131125857983,0.006750131125857983,0.005750131125857983,0.006750131125857983
2019-07-02,-0.002808194730809954,-0.002808194730809954,0.0,0.0,-0.002808194730809954,0.002808194730809954,-0.0005,-0.002808194730809954,0.002808194730809954,-0.002808194730809954,-0.002808194730809954,-0.002808194730809954
2019-07-03,0.0055168143245099,0.0055168143245099,0.0,0.0,0.0055168143245099,-0.0055168143245099,0.0050168143245098995,0.0055168143245099,-0.0055168143245099,0.0055168143245099,-0.0065168143245099,0.0055168143245099
2019-07-05,-0.01703082341567952,-0.01703082341567952,0.0,0.0,-0.01703082341567952,0.01703082341567952,-0.01703082341567952,-0.01703082341567952,0.01703082341567952,-0.01703082341567952,-0.01803082341567952,-0.01703082341567952
2019-07-08,-0.016336916850608896,-0.016336916850608896,0.0,0.0,-0.016336916850608896,0.016336916850608896,-0.016336916850608896,-0.016336916850608896,0.016336916850608896,-0.016336916850608896,0.015336916850608895,-0.016336916850608896
2019-07-09,-0.020627656817603812,-0.020627656817603812,0.0,0.0,0.01962765681760381,0.020627656817603812,0.01962765681760381,-0.0005,0.020627656817603812,-0.020627656817603812,0.020627656817603812,-0.020627656817603812
2019-07-10,0.0,0.0,0.0,0.0,0.0,0.0,-0.0005,0.0,0.0,0.0,0.0,0.0
2019-07-11,0.02015686343705614,0.02015686343705614,0.0,0.0,-0.02015686343705614,-0.02015686343705614,-0.02065686343705614,0.0,-0.02015686343705614,0.02015686343705614,-0.02015686343705614,0.02015686343705614
2019-07-12,0.02543751835568986,0.02543751835568986,0.0,0.0,-0.02543751835568986,-0.02543751835568986,-0.0005,0.0,-0.02543751835568986,-0.02643751835568986,0.024437518355689858,0.02543751835568986
2019-07-15,-0.0028844315317915203,-0.0028844315317915203,0.0,0.0,-0.0038844315317915204,0.0028844315317915203,0.0,0.0,0.0028844315317915203,0.0028844315317915203,-0.0028844315317915203,-0.0028844315317915203
2019-07-16,0.021117829855376025,0.021117829855376025,0.0,0.0,0.021117829855376025,-0.021117829855376025,0.0,0.0,-0.021117829855376025,-0.021117829855376025,0.021117829855376025,0.021117829855376025
2019-07-17,-0.01031238254576372,-0.01031238254576372,0.0,0.0,-0.01031238254576372,0.010312382545763719,0.0,0.0,0.01031238254576372,-0.011312382545763722,-0.01031238254576372,-0.01031238254576372
2019-07-18,-0.00921711964090588,-0.008188701076794534,0.0,0.0,-0.00921711964090588,0.00921711964090588,-0.00971711964090588,0.0,0.00921711964090588,-0.00921711964090588,0.008217119640905879,-0.00921711964090588
2019-07-19,-0.0026002691364380714,-0.002579086781143899,0.0,0.0,-0.0026002691364380714,0.0026002691364380714,-0.0026002691364380714,0.0,0.002600269136438071,-0.0026002691364380714,0.0026002691364380714,-0.0026002691364380714
2019-07-22,0.011760580046873859,0.011456459660953445,0.0,0.0,0.011760580046873859,-0.011760580046873859,-0.0005,0.0,-0.011760580046873859,0.011760580046873859,-0.011760580046873859,0.011760580046873859
2019-07-23,0.01649101528059238,0.01606456914346615,0.0,0.0,0.01649101528059238,-0.016491015280592377,0.01599101528059238,0.0,-0.01649101528059238,0.01649101528059238,0.01549101528059238,0.01649101528059238
2019-07-24,-0.01170323547809804,0.01042645728423153,0.0,0.0,0.010703235478098039,-0.010703235478098037,-0.0005,0.010203235478098038,-0.010703235478098039,0.010703235478098039,0.010703235478098039,0.010703235478098039
2019-07-25,0.007189965531446685,-0.007004038044582695,0.0,0.0,-0.007189965531446685,0.007189965531446684,0.0,-0.007189965531446685,0.007189965531446685,-0.007189965531446685,-0.007189965531446685,-0.007189965531446685
2019-07-26,0.023297353494123763,-0.022694900204633116,0.0,0.0,-0.023297353494123763,0.023297353494123763,0.0,-0.023297353494123763,0.023297353494123763,-0.023297353494123763,0.02229735349412376,-0.023297353494123763
2019-07-29,-0.015978765784766757,0.015565566061825634,0.0,0.0,0.015978765784766757,-0.015978765784766757,0.0,0.015978765784766757,-0.015978765784766757,0.015978765784766757,-0.015978765784766757,0.015978765784766757
2019-07-30,-0.0049216379382555075,0.004219812022729543,0.0,0.0,0.0049216379382555075,-0.004921637938255507,0.0,0.0049216379382555075,-0.0049216379382555075,0.0049216379382555075,0.0039216379382555075,0.0049216379382555075
2019-07-31,0.01638224020078405,-0.014222505909154654,0.0,0.0,-0.01638224020078405,0.016382240200784045,0.0,-0.01638224020078405,0.01638224020078405,-0.01638224020078405,-0.01638224020078405,-0.01638224020078405
2019-08-01,0.00778385608915988,-0.00675768013820158,0.0,0.0,-0.00778385608915988,0.00778385608915988,-0.00828385608915988,-0.00778385608915988,0.007783856089159879,-0.00778385608915988,0.00678385608915988,-0.00778385608915988
2019-08-02,0.016209087945094236,-0.014072180987193495,0.0,0.0,0.015209087945094235,0.016209087945094236,-0.016209087945094236,-0.0005,0.016209087945094233,-0.016209087945094236,0.016209087945094236,-0.016209087945094236
2019-08-05,0.03424187952639357,-0.029727639683941785,0.0,0.0,0.03424187952639357,0.03424187952639357,-0.0005,0.0,0.03424187952639357,-0.03424187952639357,0.03424187952639357,-0.03424187952639357
2019-08-06,0.006071617695487697,-0.0046736147633474725,0.0,0.0,0.006071617695487697,0.006071617695487697,0.005571617695487696,0.0,0.006071617695487697,0.0050716176954876966,0.006071617695487697,-0.006071617695487697
2019-08-07,0.00042762595088019495,-0.00032538732466091025,0.0,0.0,0.00042762595088019495,0.00042762595088019495,-0.0005,0.0,0.00042762595088019495,0.00042762595088019495,0.00042762595088019495,-0.00042762595088019495
2019-08-08,-0.0035446818373254807,0.002697204267999621,0.0,0.0,-0.0035446818373254807,-0.0035446818373254807,0.0,-0.004044681837325481,-0.0035446818373254807,-0.0035446818373254807,-0.0035446818373254807,0.0035446818373254807
2019-08-09,0.004567283160517466,-0.0034753177292225785,0.0,0.0,0.004567283160517466,-0.005567283160517466,0.004067283160517465,0.004567283160517466,0.004567283160517466,0.004567283160517466,-0.005567283160517466,-0.004567283160517466
2019-08-12,0.008380710008389025,-0.007089869539522918,0.0,0.0,0.008380710008389025,0.007380710008389025,-0.0005,0.008380710008389025,0.008380710008389025,0.008380710008389025,0.007380710008389025,-0.008380710008389025
2019-08-13,-0.017149751117397694,0.01442612762653585,0.0,0.0,-0.017149751117397694,-0.017149751117397694,0.0,-0.017149751117397694,-0.017149751117397694,-0.017149751117397694,-0.017149751117397694,0.017149751117397694
2019-08-14,0.0368142697933701,-0.030967642088876444,0.0,0.0,0.0368142697933701,-0.0378142697933701,0.0363142697933701,0.0368142697933701,0.0368142697933701,0.0368142697933701,-0.0378142697933701,-0.0368142697933701
2019-08-15,0.0033680827033091276,-0.0028331834440077966,0.0,0.0,0.0033680827033091276,0.0023680827033091276,-0.0005,0.0033680827033091276,0.003368082703309127,0.0033680827033091276,0.0023680827033091276,-0.0033680827033091276
2019-08-16,-0.029711745732054817,0.024993099491862732,0.0,0.0,-0.029711745732054817,-0.029711745732054817,0.0,-0.029711745732054817,-0.029711745732054817,-0.029711745732054817,-0.029711745732054817,0.029711745732054817
2019-08-19,-0.008978582705439386,0.006653835299437516,0.0,0.0,-0.008978582705439386,0.007978582705439385,0.0,-0.008978582705439386,-0.008978582705439386,-0.008978582705439386,0.007978582705439385,0.008978582705439386
2019-08-20,0.011905854952470762,-0.008886045394099195,0.0,0.0,0.011905854952470762,-0.011905854952470762,0.011405854952470762,0.011905854952470762,0.011905854952470762,0.011905854952470762,-0.011905854952470762,-0.011905854952470762
2019-08-21,-0.0008696982809872633,0.0006491073874891336,0.0,0.0,-0.0008696982809872633,-0.0018696982809872633,-0.0008696982809872633,-0.0005,-0.0008696982809872633,-0.0008696982809872633,-0.0018696982809872633,0.0008696982809872633
2019-08-22,0.0016754633647184658,-0.001250497639562523,0.0,0.0,0.0016754633647184658,0.0016754633647184658,-0.002675463364718466,0.0,0.0016754633647184658,0.0016754633647184658,0.0016754633647184658,-0.0016754633647184658
2019-08-23,0.03126556634874422,-0.0233353457568795,0.0,0.0,0.03126556634874422,0.03126556634874422,-0.03126556634874422,0.0,0.03126556634874422,0.03126556634874422,0.03126556634874422,-0.03126556634874422
2019-08-26,-0.001732292282383474,0.001292912429939588,0.0,0.0,-0.001732292282383474,-0.001732292282383474,0.001732292282383474,-0.002232292282383474,-0.001732292282383474,-0.001732292282383474,-0.001732292282383474,0.001732292282383474
2019-08-27,0.0023697658731592908,-0.0017686967635961786,0.0,0.0,0.0023697658731592908,0.0023697658731592908,0.0013697658731592907,0.0023697658731592908,0.0023697658731592908,0.0023697658731592908,0.0023697658731592908,-0.0023697658731592908
2019-08-28,-0.011556947014717656,0.008625634715016275,0.0,0.0,-0.011556947014717656,-0.011556947014717656,-0.011556947014717656,-0.011556947014717656,-0.011556947014717654,-0.011556947014717656,-0.011556947014717656,0.011556947014717656
2019-08-29,-0.017835390791516303,0.013311609525532042,0.0,0.0,-0.017835390791516303,0.016835390791516303,0.016835390791516303,-0.017835390791516303,-0.017835390791516303,-0.017835390791516303,0.016835390791516303,0.017835390791516303
2019-08-30,-0.008481173552290278,0.006330002631624955,0.0,0.0,-0.008481173552290278,0.008481173552290278,0.008481173552290278,-0.008481173552290278,-0.008481173552290278,-0.008481173552290278,0.008481173552290278,0.008481173552290278
2019-09-03,0.019045271979288292,-0.014214615584225663,0.0,0.0,-0.020045271979288293,-0.019045271979288292,-0.0005,-0.0005,0.019045271979288292,0.019045271979288292,-0.019045271979288292,-0.019045271979288292
2019-09-04,-0.009014069361551469,0.006727734367004233,0.0,0.0,-0.01001406936155147,-0.01001406936155147,0.0,0.0,-0.009014069361551469,-0.009014069361551469,-0.01001406936155147,0.009014069361551469
2019-09-05,-0.025988662933497553,0.019396879894885442,0.0,0.0,0.024988662933497552,0.024988662933497552,0.025488662933497552,0.0,-0.025988662933497553,-0.025988662933497553,0.024988662933497552,0.025988662933497553
2019-09-06,0.0017658379234015698,-0.0013179495305972854,0.0,0.0,-0.0017658379234015698,-0.0017658379234015698,-0.0005,0.0,0.0017658379234015698,0.0017658379234015698,-0.0017658379234015698,-0.0017658379234015698
2019-09-09,-0.012199642701421487,0.009105316608457857,0.0,0.0,0.012199642701421487,-0.013199642701421488,-0.012699642701421487,0.0,-0.012199642701421487,-0.012199642701421487,-0.013199642701421488,0.012199642701421487
2019-09-10,-0.017596602491980695,0.013133387660934841,0.0,0.0,0.017596602491980695,0.016596602491980694,-0.017596602491980695,0.0,-0.017596602491980695,-0.017596602491980695,0.016596602491980694,0.017596602491980695
2019-09-11,0.00461927303241827,-0.0034476373194256573,0.0,0.0,-0.00461927303241827,0.0036192730324182696,0.00461927303241827,0.0,0.00461927303241827,0.00461927303241827,-0.00461927303241827,-0.00461927303241827
2019-09-12,-0.014873975971816167,0.01110133007700303,0.0,0.0,0.014873975971816167,-0.014873975971816165,-0.014873975971816167,0.014373975971816166,-0.014873975971816167,0.013873975971816166,0.014873975971816167,0.014873975971816167
2019-09-13,-0.005041541919523995,0.003762801624241796,0.0,0.0,0.005041541919523995,-0.005041541919523994,-0.005041541919523995,0.005041541919523995,-0.005041541919523995,0.005041541919523995,0.005041541919523995,0.005041541919523995
2019-09-16,0.010324257950297122,-0.009138599129969538,0.0,0.0,-0.010324257950297122,0.01032425795029712,-0.011324257950297123,-0.010324257950297122,0.010324257950297122,-0.010324257950297122,-0.010324257950297122,-0.010324257950297122
2019-09-17,0.00943001936056509,-0.008286596493859764,0.0,0.0,-0.00943001936056509,0.00943001936056509,-0.00943001936056509,-0.00943001936056509,0.00943001936056509,-0.00943001936056509,0.008430019360565089,-0.00943001936056509
2019-09-18,0.003748519912809778,-0.0032939987479295705,0.0,0.0,-0.003748519912809778,0.003748519912809778,-0.003748519912809778,-0.003748519912809778,0.003748519912809778,-0.003748519912809778,0.003748519912809778,-0.003748519912809778
2019-09-19,0.0022097621974175308,-0.001941820793492693,0.0,0.0,-0.0022097621974175308,0.0022097621974175308,-0.0022097621974175308,-0.0022097621974175308,0.0022097621974175308,-0.0022097621974175308,0.0022097621974175308,-0.0022097621974175308
2019-09-20,0.0018552695523670337,-0.001630311622911468,0.0,0.0,-0.0018552695523670337,0.0018552695523670335,-0.0018552695523670337,-0.0005,0.0018552695523670337,-0.0018552695523670337,-0.0028552695523670337,-0.0018552695523670337
2019-09-23,0.0,0.0,0.0,0.0,0.0,-5.551115123125783e-20,0.0,0.0,0.0,0.0,-0.001,0.0
2019-09-24,0.012113356639235517,-0.010644569731779087,0.0,0.0,-0.012113356639235517,0.012113356639235517,-0.012113356639235517,0.0,0.012113356639235517,-0.012113356639235517,0.012113356639235517,-0.012113356639235517
2019-09-25,0.004492098343018336,-0.004552725093769609,0.0,0.0,0.003492098343018336,0.004492098343018336,-0.004492098343018336,0.0,0.004492098343018336,-0.004492098343018336,0.004492098343018336,-0.004492098343018336
2019-09-26,0.0010364399041868921,-0.0010364399041868921,0.0,0.0,0.0010364399041868921,0.0010364399041868921,-0.0010364399041868921,0.0,0.0010364399041868921,-0.0010364399041868921,0.0010364399041868921,-0.0010364399041868921
2019-09-27,-0.004272932927579909,0.004272932927579909,0.0,0.0,-0.004272932927579909,-0.004272932927579909,0.004272932927579909,0.0,-0.004272932927579909,0.004272932927579909,-0.004272932927579909,0.004272932927579909
2019-09-30,0.0007903746302494463,-0.0007903746302494463,0.0,0.0,0.0007903746302494463,0.0007903746302494461,-0.0007903746302494463,0.0,0.0007903746302494463,-0.0007903746302494463,-0.0017903746302494463,-0.0007903746302494463
2019-10-01,0.03661812437807721,-0.03661812437807721,0.0,0.0,0.03661812437807721,0.03661812437807721,0.03561812437807721,0.0,0.03661812437807721,-0.03661812437807721,0.03561812437807721,-0.03661812437807721
2019-10-02,0.017237038177981945,-0.017237038177981945,0.0,0.0,0.017237038177981945,0.017237038177981945,-0.018237038177981946,0.016737038177981944,0.017237038177981945,0.016237038177981944,0.017237038177981945,-0.017237038177981945
2019-10-03,-0.0036980488230909927,-0.0026980488230909927,0.0,0.0,0.0026980488230909927,-0.0036980488230909927,0.0016980488230909927,0.0026980488230909927,0.0026980488230909927,0.0026980488230909927,0.0026980488230909927,-0.0026980488230909927
2019-10-04,0.0038005670950489456,0.0038005670950489456,0.0,0.0,-0.0038005670950489456,0.0038005670950489456,0.0028005670950489456,-0.0038005670950489456,-0.0038005670950489456,-0.0038005670950489456,-0.0038005670950489456,0.0038005670950489456
2019-10-07,-0.014760566128991792,-0.014760566128991792,0.0,0.0,0.014760566128991792,-0.014760566128991792,-0.014760566128991792,0.014760566128991792,0.014760566128991792,0.014760566128991792,-0.015760566128991793,-0.014760566128991792
2019-10-08,-0.018108369094824606,-0.018108369094824606,0.0,0.0,0.018108369094824606,-0.018108369094824606,-0.018108369094824606,0.018108369094824606,0.018108369094824606,0.018108369094824606,0.017108369094824605,-0.018108369094824606
2019-10-09,0.0016586272372516309,0.0016586272372516309,0.0,0.0,-0.0016586272372516309,0.0016586272372516309,0.0016586272372516309,-0.0016586272372516309,-0.0016586272372516309,-0.0016586272372516309,-0.0016586272372516309,0.0016586272372516309
2019-10-10,0.008741997292749382,0.008741997292749382,0.0,0.0,-0.008741997292749382,0.008741997292749382,0.008741997292749382,-0.008741997292749382,-0.008741997292749382,-0.008741997292749382,-0.008741997292749382,0.008741997292749382
2019-10-11,0.0380147387737888,0.0380147387737888,0.0,0.0,-0.0380147387737888,0.0380147387737888,-0.0005,-0.0380147387737888,-0.0380147387737888,-0.0380147387737888,0.0370147387737888,0.0380147387737888
2019-10-14,0.01524362666327339,0.01524362666327339,0.0,0.0,-0.01524362666327339,0.01524362666327339,0.0,-0.01524362666327339,-0.01524362666327339,-0.01524362666327339,0.01524362666327339,0.01524362666327339
2019-10-15,0.015388388731036873,0.013356706630191948,0.0,0.0,0.014388388731036872,0.015388388731036873,0.0,-0.0005,-0.015388388731036873,-0.015388388731036873,0.015388388731036873,0.015388388731036873
2019-10-16,-0.004908586631245937,-0.004280915206032875,0.0,0.0,-0.004908586631245937,-0.004908586631245937,-0.005408586631245937,0.0,0.004908586631245937,0.004908586631245937,-0.004908586631245937,-0.004908586631245937
2019-10-17,0.00838592385291026,0.007313597912286422,0.0,0.0,0.00838592385291026,0.00838592385291026,-0.0005,0.0,-0.00838592385291026,-0.00838592385291026,0.00838592385291026,0.00838592385291026
2019-10-18,-0.0026908993349390453,-0.0023468083067977423,0.0,0.0,-0.0026908993349390453,-0.0026908993349390453,-0.0031908993349390453,0.0,0.0026908993349390453,0.0026908993349390453,-0.0026908993349390453,-0.0026908993349390453
2019-10-21,0.017412946989078693,0.015186316377280715,0.0,0.0,0.017412946989078693,-0.018412946989078693,0.017412946989078693,0.0,-0.01741294698907869,-0.017412946989078693,-0.018412946989078693,0.017412946989078693
2019-10-22,0.009642126082410885,0.008409166887658996,0.0,0.0,0.009642126082410885,0.008642126082410884,0.009642126082410885,0.0,-0.009642126082410885,-0.009642126082410885,0.008642126082410884,0.009642126082410885
2019-10-23,0.007281628781708349,0.006350511403399552,0.0,0.0,0.007281628781708349,0.007281628781708349,-0.0005,0.0,-0.007281628781708349,-0.007281628781708349,0.007281628781708349,0.007281628781708349
2019-10-24,-0.04070852053781959,-0.03550303532917763,0.0,0.0,-0.04070852053781959,-0.04070852053781959,0.0,0.0,0.04070852053781959,0.04070852053781959,-0.04070852053781959,-0.04070852053781959
2019-10-25,0.025943317549631528,0.018155203944731545,0.0,0.0,0.025943317549631528,-0.02694331754963153,0.0,0.0,-0.025943317549631528,-0.025943317549631528,-0.02694331754963153,0.025943317549631528
2019-10-28,0.01788200412917651,0.012572141463444314,0.0,0.0,0.01788200412917651,0.01688200412917651,0.0,0.0,-0.01788200412917651,-0.01788200412917651,0.01688200412917651,0.01788200412917651
2019-10-29,-0.001478754725646847,-0.0010396549215775789,0.0,0.0,-0.001478754725646847,0.00047875472564684694,0.000978754725646847,0.0,0.001478754725646847,0.001478754725646847,-0.001478754725646847,-0.001478754725646847
2019-10-30,-0.002606619160919754,-0.001832612530210662,0.0,0.0,-0.002606619160919754,0.002606619160919754,-0.0005,-0.0031066191609197542,0.002606619160919754,-0.0036066191609197542,-0.002606619160919754,-0.002606619160919754
2019-10-31,-0.02007473770871948,-0.01411376714222825,0.0,0.0,-0.02007473770871948,0.02007473770871948,0.0,-0.02007473770871948,0.02007473770871948,-0.02007473770871948,0.01907473770871948,-0.02007473770871948
2019-11-01,0.030910976553294667,0.02173230512608808,0.0,0.0,0.030910976553294667,-0.030910976553294667,0.030410976553294666,0.030910976553294667,-0.030910976553294667,0.030910976553294667,-0.030910976553294667,0.030910976553294667
2019-11-04,0.02827900063140354,0.019881865243658734,0.0,0.0,0.02827900063140354,-0.02827900063140354,-0.02927900063140354,0.02827900063140354,-0.02827900063140354,0.02827900063140354,0.027279000631403538,0.02827900063140354
2019-11-05,-0.0031157744966446846,0.001487518741434807,0.0,0.0,0.0021157744966446845,-0.0021157744966446845,-0.0021157744966446845,0.0021157744966446845,-0.0021157744966446845,0.0021157744966446845,0.0021157744966446845,0.0021157744966446845
2019-11-06,0.007246325064778625,-0.005094609258917251,0.0,0.0,-0.007246325064778625,0.007246325064778625,0.007246325064778625,-0.007246325064778625,0.007246325064778625,-0.007246325064778625,-0.007246325064778625,-0.007246325064778625
2019-11-07,-0.0029886350345924573,0.0021011930299354247,0.0,0.0,0.0029886350345924573,-0.0029886350345924573,-0.0029886350345924573,0.0029886350345924573,-0.0029886350345924573,0.0029886350345924573,-0.003988635034592457,0.0029886350345924573
2019-11-08,0.007850344682319377,-0.0055192719546398004,0.0,0.0,-0.007850344682319377,0.007850344682319377,0.007850344682319377,-0.007850344682319377,0.007850344682319377,-0.007850344682319377,-0.008850344682319378,-0.007850344682319377
2019-11-11,0.01755648016363176,-0.012343278226694888,0.0,0.0,-0.01755648016363176,0.01755648016363176,-0.0005,-0.01755648016363176,-0.01855648016363176,-0.01755648016363176,0.01655648016363176,-0.01755648016363176
2019-11-12,-0.004290885288716462,0.0030167545239035646,0.0,0.0,0.004290885288716462,-0.004290885288716462,0.0,0.004290885288716462,0.004290885288716462,0.004290885288716462,-0.004290885288716462,0.004290885288716462
2019-11-13,0.0016973124924531957,-0.001193314385157539,0.0,0.0,-0.0016973124924531957,0.0016973124924531957,0.0,-0.0005,-0.0016973124924531957,-0.0016973124924531957,-0.0026973124924531957,-0.0016973124924531957
2019-11-14,-0.0022279725252960514,0.001566400810689173,0.0,0.0,0.0022279725252960514,-0.0022279725252960514,0.0,0.0,0.0022279725252960514,0.0022279725252960514,-0.0032279725252960514,0.0022279725252960514
2019-11-15,-0.005558159444372546,0.003907725683667465,0.0,0.0,0.005558159444372546,-0.005558159444372546,0.0,0.0,0.005558159444372546,0.005558159444372546,0.004558159444372546,0.005558159444372546
2019-11-18,0.007796154696227964,-0.005481173083499751,0.0,0.0,-0.007796154696227964,0.007796154696227964,0.007296154696227963,0.0,-0.007796154696227964,-0.007796154696227964,-0.007796154696227964,-0.007796154696227964
2019-11-19,-0.000820350621062893,0.0005767566086621884,0.0,0.0,0.000820350621062893,-0.000820350621062893,-0.000820350621062893,0.0,0.000820350621062893,0.000820350621062893,-0.001820350621062893,0.000820350621062893
2019-11-20,0.017048994172965126,-0.01198648456870847,0.0,0.0,-0.017048994172965126,0.017048994172965126,-0.018048994172965127,0.0,-0.017048994172965126,-0.017048994172965126,-0.018048994172965127,-0.017048994172965126
2019-11-21,0.007154492638415055,-0.005030045452375545,0.0,0.0,0.006154492638415055,0.007154492638415055,-0.0005,0.0,-0.007154492638415055,-0.007154492638415055,0.006154492638415055,-0.007154492638415055
2019-11-22,-0.0148962660365064,0.01047298516067862,0.0,0.0,-0.0148962660365064,-0.0148962660365064,0.0,0.0,0.0148962660365064,0.0148962660365064,-0.0148962660365064,0.0148962660365064
2019-11-25,-0.015751924465129186,0.01364332141797027,0.0,0.0,-0.015751924465129186,-0.015751924465129186,0.0,-0.016251924465129186,0.015751924465129186,0.015751924465129186,0.014751924465129185,0.015751924465129186
2019-11-26,0.005932734046543708,-0.005170276079401276,0.0,0.0,-0.006932734046543708,0.005932734046543708,0.005432734046543708,0.005932734046543708,-0.005932734046543708,-0.005932734046543708,-0.005932734046543708,-0.005932734046543708
2019-11-27,-0.008154502387494267,0.0071065091242450635,0.0,0.0,-0.009154502387494268,-0.008154502387494267,-0.0005,-0.0005,0.008154502387494267,0.008154502387494267,-0.009154502387494268,0.008154502387494267
2019-11-29,0.00492337978425561,-0.00429064113251028,0.0,0.0,-0.00592337978425561,0.00492337978425561,0.0,0.0,-0.00492337978425561,-0.00492337978425561,-0.00592337978425561,-0.00492337978425561
2019-12-02,0.008835722640455623,-0.0077001809037413466,0.0,0.0,0.007835722640455622,0.008835722640455623,0.0,0.0,-0.008835722640455623,-0.008835722640455623,0.007835722640455622,-0.008835722640455623
2019-12-03,0.018422538988810522,-0.018172561598908555,0.0,0.0,0.018422538988810522,0.018422538988810522,0.0,0.0,-0.018422538988810522,-0.018422538988810522,0.018422538988810522,-0.018422538988810522
2019-12-04,-0.011926951335926583,0.011728887167115384,0.0,0.0,-0.011926951335926583,0.010926951335926582,-0.012426951335926584,-0.012426951335926584,0.011926951335926583,0.011926951335926583,-0.011926951335926583,0.011926951335926583
2019-12-05,0.016572747829727286,-0.016297533533017192,0.0,0.0,0.016572747829727286,-0.016572747829727286,0.016572747829727286,0.016572747829727286,-0.016572747829727286,-0.016572747829727286,-0.017572747829727287,-0.016572747829727286
2019-12-06,-0.04319508482041412,0.04247776835531596,0.0,0.0,-0.04319508482041412,0.04319508482041412,-0.04319508482041412,-0.04319508482041412,0.04319508482041412,0.04319508482041412,-0.04419508482041412,0.04319508482041412
2019-12-09,0.009564392924149012,-0.008434340034887083,0.0,0.0,-0.010564392924149013,-0.009564392924149012,0.009564392924149012,0.009564392924149012,-0.009564392924149012,-0.009564392924149012,-0.010564392924149013,-0.009564392924149012
2019-12-10,0.012777461949964874,-0.01119620726981588,0.0,0.0,-0.012777461949964874,-0.012777461949964874,-0.0005,0.012777461949964874,-0.012777461949964874,-0.012777461949964874,0.011777461949964874,-0.012777461949964874
2019-12-11,0.005441643502772765,0.005644468056154526,0.0,0.0,-0.007441643502772765,0.006441643502772765,-0.006941643502772765,0.005441643502772765,0.006441643502772765,0.006441643502772765,-0.006441643502772765,0.006441643502772765
2019-12-12,-0.001066905944843044,-0.0009348726799295464,0.0,0.0,-0.002066905944843044,-0.001066905944843044,-0.002066905944843044,-0.001066905944843044,6.6905944843044e-05,-0.001066905944843044,-0.002066905944843044,-0.001066905944843044
2019-12-13,0.001364826984680434,0.0011959249706833968,0.0,0.0,0.001364826984680434,0.001364826984680434,0.001364826984680434,0.001364826984680434,-0.001364826984680434,0.001364826984680434,0.001364826984680434,0.001364826984680434
2019-12-16,0.011612003120059278,0.010174977961901876,0.0,0.0,0.011612003120059278,0.011612003120059278,-0.012612003120059279,0.011612003120059278,0.010612003120059277,0.011612003120059278,0.011612003120059278,0.011612003120059278
2019-12-17,-0.004802529193875804,-0.004208199757082673,0.0,0.0,-0.004802529193875804,-0.004802529193875804,0.004802529193875804,-0.004802529193875804,-0.004802529193875804,-0.004802529193875804,-0.004802529193875804,-0.004802529193875804
2019-12-18,-0.005296091322467222,-0.004640681881770684,0.0,0.0,-0.005296091322467222,-0.005296091322467222,-0.006296091322467222,-0.005296091322467222,-0.005296091322467222,-0.005296091322467222,-0.005296091322467222,-0.005296091322467222
2019-12-19,0.01845817952933171,0.016173916591818802,0.0,0.0,0.01845817952933171,0.01845817952933171,-0.01945817952933171,0.01845817952933171,0.01845817952933171,0.01845817952933171,-0.01945817952933171,0.01845817952933171
2019-12-20,-0.01970463456201077,0.016389871970075406,0.0,0.0,0.01870463456201077,-0.01970463456201077,-0.01870463456201077,0.01870463456201077,0.01870463456201077,0.01870463456201077,0.017704634562010768,0.01870463456201077
2019-12-23,-0.017676814663011742,0.01548924830394381,0.0,0.01717681466301174,0.017676814663011742,-0.017676814663011742,-0.017676814663011742,0.017676814663011742,0.017676814663011742,0.017676814663011742,0.017676814663011742,0.017676814663011742
2019-12-24,0.010029389215353457,-0.008788217948484053,-0.010529389215353457,-0.010029389215353457,-0.010029389215353457,0.010029389215353457,0.010029389215353457,-0.010029389215353457,-0.010029389215353457,-0.010029389215353457,-0.010029389215353457,-0.010029389215353457
2019-12-26,0.0005098371252469924,-0.0004467430347642787,-0.0005098371252469924,-0.0005098371252469924,-0.0005098371252469924,0.0005098371252469924,0.0005098371252469924,-0.0005098371252469924,-0.0005098371252469924,-0.0005098371252469924,-0.0004901628747530076,-0.0005098371252469924
2019-12-27,-0.003794368370851009,0.003324802288939572,-0.0005,0.003794368370851009,0.003794368370851009,-0.003794368370851009,-0.003794368370851009,0.003794368370851009,0.003794368370851009,0.003794368370851009,-0.003794368370851009,0.003794368370851009
2019-12-30,0.008067053419582026,-0.007068727928598185,0.0,-0.008067053419582026,-0.008067053419582026,0.008067053419582026,0.008067053419582026,-0.008067053419582026,-0.008067053419582026,-0.008067053419582026,-0.009067053419582027,-0.008067053419582026
2019-12-31,-0.003355184572397807,0.002939968989784992,0.0,0.003355184572397807,0.003355184572397807,-0.003355184572397807,0.002355184572397807,0.003355184572397807,0.003355184572397807,0.003355184572397807,-0.004355184572397807,0.003355184572397807
2020-01-02,-0.020292773099480188,0.01778147292403002,0.0,0.020292773099480188,0.020292773099480188,-0.020292773099480188,0.020292773099480188,0.020292773099480188,0.020292773099480188,0.020292773099480188,-0.020292773099480188,0.020292773099480188
2020-01-03,0.008611349448227279,-0.007545665459440657,0.0,-0.008611349448227279,-0.008611349448227279,0.008611349448227279,0.007611349448227279,-0.008611349448227279,-0.008611349448227279,-0.008611349448227279,-0.00961134944822728,-0.008611349448227279
2020-01-06,-0.0009528372291447429,0.0008349203584934891,0.0004528372291447429,0.0009528372291447429,0.0009528372291447429,-0.0009528372291447429,-0.0009528372291447429,0.0009528372291447429,0.0009528372291447429,0.0009528372291447429,-0.001952837229144743,0.0009528372291447429
2020-01-07,0.004031246518465981,-0.0035323659544603727,-0.0005,-0.004031246518465981,-0.004031246518465981,0.004031246518465981,0.004031246518465981,-0.004031246518465981,-0.004031246518465981,-0.004031246518465981,-0.005031246518465981,-0.004031246518465981
2020-01-08,-0.015346006884558117,0.013446885971279018,0.0,0.015346006884558117,0.015346006884558117,-0.015346006884558117,-0.015346006884558117,0.015346006884558117,0.015346006884558117,0.015346006884558117,0.015346006884558117,0.015346006884558117
2020-01-09,-0.0031554744791586486,0.0030935977666182,0.0,0.0031554744791586486,0.0031554744791586486,-0.0031554744791586486,-0.0031554744791586486,0.0031554744791586486,0.0031554744791586486,0.0031554744791586486,0.0031554744791586486,0.0031554744791586486
2020-01-10,0.004028633320307229,-0.004028633320307229,0.0,-0.004028633320307229,-0.004028633320307229,0.004028633320307229,0.004028633320307229,-0.004028633320307229,-0.004028633320307229,-0.004028633320307229,-0.004028633320307229,-0.004028633320307229
2020-01-13,-0.0024934867955213047,0.0024934867955213047,0.0019934867955213047,0.0024934867955213047,0.0024934867955213047,-0.0024934867955213047,-0.0024934867955213047,0.0024934867955213047,0.0024934867955213047,0.0024934867955213047,-0.0034934867955213047,0.0024934867955213047
2020-01-14,-0.00248734828998054,0.00248734828998054,0.00248734828998054,0.00248734828998054,0.00248734828998054,-0.00248734828998054,-0.00248734828998054,0.00248734828998054,0.0024873482899805395,0.00248734828998054,-0.00248734828998054,0.00248734828998054
2020-01-15,0.008767010301441447,-0.008767010301441447,-0.008767010301441447,-0.008767010301441447,-0.008767010301441447,0.008767010301441447,0.008767010301441447,-0.008767010301441447,-0.008767010301441447,-0.008767010301441447,-0.009767010301441448,-0.008767010301441447
2020-01-16,-0.006841708153157988,0.006841708153157988,0.006841708153157988,0.006841708153157988,0.006841708153157988,-0.006841708153157988,-0.006841708153157988,0.006841708153157988,0.006841708153157988,0.006841708153157988,-0.007841708153157989,0.006841708153157988
2020-01-17,-0.0018787867400906766,0.0018787867400906766,0.0018787867400906766,0.0018787867400906766,0.0018787867400906766,-0.0018787867400906766,-0.0018787867400906766,0.0018787867400906766,0.0018787867400906766,0.0018787867400906766,0.0008787867400906766,0.0018787867400906766
2020-01-21,0.010808155010971654,-0.010808155010971654,-0.010808155010971652,-0.010808155010971654,-0.010808155010971654,0.010808155010971654,0.010808155010971654,-0.010808155010971654,-0.010808155010971654,-0.010808155010971654,-0.010808155010971654,-0.010808155010971654
2020-01-22,0.007581026969280091,-0.007581026969280091,-0.007581026969280091,-0.007581026969280091,-0.007581026969280091,0.007581026969280091,-0.0005,-0.007581026969280091,-0.007581026969280091,-0.007581026969280091,0.006581026969280091,-0.007581026969280091
2020-01-23,0.0016290463573466196,-0.0016290463573466196,-0.0016290463573466196,-0.0016290463573466196,0.0006290463573466196,0.0016290463573466196,-0.0021290463573466196,-0.0005,-0.0016290463573466196,-0.0016290463573466196,0.0016290463573466196,-0.0016290463573466196
2020-01-24,-0.0023065715569512424,0.0023065715569512424,0.0023065715569512424,0.0023065715569512424,-0.0023065715569512424,-0.0023065715569512424,0.0023065715569512424,0.0,0.0023065715569512424,0.0023065715569512424,-0.0023065715569512424,0.0023065715569512424
2020-01-27,0.01414514109443843,-0.01414514109443843,-0.01414514109443843,-0.01414514109443843,0.01414514109443843,0.01414514109443843,-0.0005,0.0,-0.01414514109443843,-0.01414514109443843,-0.01514514109443843,-0.01414514109443843
2020-01-28,0.05722255996620196,-0.05722255996620196,-0.05722255996620196,-0.05722255996620196,0.05722255996620196,0.05722255996620196,-0.05772255996620196,0.0,-0.05722255996620196,-0.05722255996620196,0.05622255996620196,-0.05722255996620196
2020-01-29,0.021620997489411264,-0.018301526037325103,-0.0005,-0.0005,0.021620997489411264,-0.022620997489411265,-0.0005,0.0,-0.021620997489411264,-0.021620997489411264,0.021620997489411264,-0.021620997489411264
2020-01-30,0.0021482067122641233,0.0026534203125277494,0.0,0.0,-0.0031482067122641233,0.003148206712264123,-0.0036482067122641233,0.0,-0.004148206712264123,0.0031482067122641233,-0.0031482067122641233,0.0031482067122641233
2020-01-31,-0.023690834423417906,-0.01996747578071831,0.0,0.0,0.023690834423417906,-0.023690834423417902,0.023690834423417906,0.0,0.023690834423417906,-0.023690834423417906,0.023690834423417906,-0.023690834423417906
2020-02-03,-0.013046782641125465,-0.010996291297593922,0.0,0.0,0.013046782641125465,-0.013046782641125463,0.013046782641125465,0.0,0.013046782641125465,-0.013046782641125465,0.013046782641125465,-0.013046782641125465
2020-02-04,0.0041508819009823394,0.003498510535557965,0.0,0.0,-0.0041508819009823394,0.004150881900982339,-0.0041508819009823394,0.0,-0.0041508819009823394,0.0041508819009823394,-0.0041508819009823394,0.0041508819009823394
2020-02-05,0.03237101679202703,0.02728344144573922,0.0,0.0,-0.03237101679202703,0.03237101679202702,-0.0005,-0.03287101679202703,-0.03237101679202703,-0.03337101679202703,-0.03237101679202703,0.03237101679202703
2020-02-06,0.00344969485782487,0.002465601976080261,0.0,0.0,-0.00344969485782487,0.00344969485782487,-0.00394969485782487,-0.00344969485782487,-0.00344969485782487,-0.00344969485782487,0.00244969485782487,0.00344969485782487
2020-02-07,-0.01725068393096396,-0.012609344875803095,0.0,0.0,0.01725068393096396,-0.01725068393096396,0.01725068393096396,0.01725068393096396,0.01725068393096396,0.01725068393096396,-0.01725068393096396,-0.01725068393096396
2020-02-10,0.00043703043810428,0.0003194463209304334,0.0,0.0,-0.00043703043810428,0.0004370304381042799,-0.00056296956189572,-0.00043703043810428,-0.00043703043810428,-0.00043703043810428,-0.00143703043810428,0.00043703043810428
2020-02-11,0.014361538837358356,0.010497531394824676,0.0,0.0,-0.014361538837358356,0.014361538837358355,0.014361538837358356,-0.0005,-0.014361538837358356,-0.014361538837358356,-0.014361538837358356,0.014361538837358356
2020-02-12,0.008310241666648288,0.005994234237333647,0.0,0.0,-0.008310241666648288,0.008310241666648288,0.008310241666648288,0.0,-0.008310241666648286,-0.008310241666648288,0.007310241666648288,0.008310241666648288
2020-02-13,-0.015831936128220536,-0.011323012028761664,0.0,0.0,0.015831936128220536,-0.015831936128220536,-0.0005,0.0,0.015831936128220536,0.015831936128220536,-0.015831936128220536,-0.015831936128220536
2020-02-14,0.007824325605296334,0.005565267539872963,0.0,0.0,-0.007824325605296334,0.007824325605296334,0.0,0.0,-0.007824325605296334,-0.007824325605296334,-0.008824325605296335,0.007824325605296334
2020-02-18,-0.013228871290436373,-0.009304596961501101,0.0,0.0,0.013228871290436373,-0.013228871290436373,-0.013728871290436373,0.0,0.013228871290436373,0.013228871290436373,-0.014228871290436373,-0.013228871290436373
2020-02-19,0.0028951267098999978,0.0020456722677886802,0.0,0.0,-0.0028951267098999978,0.0028951267098999978,0.0028951267098999978,0.0,-0.0028951267098999978,-0.0028951267098999978,-0.003895126709899998,0.0028951267098999978
2020-02-20,-0.00489550941860506,-0.0034587972490543683,0.0,0.0,0.00489550941860506,-0.00489550941860506,-0.00489550941860506,0.004395509418605059,0.00489550941860506,0.00489550941860506,-0.00589550941860506,-0.00489550941860506
2020-02-21,-0.010279535046115229,-0.007279058885738973,0.0,0.0,0.010279535046115229,-0.010279535046115229,-0.010279535046115229,0.010279535046115229,0.010279535046115229,0.010279535046115229,0.009279535046115228,-0.010279535046115229
2020-02-24,-0.027910944790204617,-0.019732305858595842,0.0,0.0,0.027910944790204617,-0.027910944790204617,-0.027910944790204617,0.027910944790204617,0.027910944790204617,0.027910944790204617,0.027910944790204617,-0.027910944790204617
2020-02-25,-0.03736468202543186,-0.025521345878133293,0.0,0.0,0.03736468202543186,-0.03736468202543186,-0.03736468202543186,0.03736468202543186,0.03736468202543186,0.03736468202543186,0.03736468202543186,-0.03736468202543186
2020-02-26,0.01436846491457966,0.009269162937315747,0.0,0.0,-0.01436846491457966,0.01436846491457966,-0.0005,-0.01436846491457966,-0.01436846491457966,-0.01436846491457966,-0.01436846491457966,0.01436846491457966
2020-02-27,0.008055811267082547,0.005048466840624997,0.0,0.0,-0.008055811267082547,0.008055811267082547,0.007555811267082546,-0.008055811267082547,-0.008055811267082547,-0.008055811267082547,0.0070558112670825466,0.008055811267082547
2020-02-28,-0.006126730514927625,-0.0046843439398595085,0.0,0.0,0.006126730514927625,-0.006126730514927625,-0.006126730514927625,0.006126730514927625,0.006126730514927625,0.006126730514927625,-0.006126730514927625,-0.006126730514927625
2020-03-02,0.02532818019071592,0.01965570625174074,0.0,0.0,-0.02532818019071592,0.02532818019071592,-0.0005,-0.02532818019071592,-0.02532818019071592,-0.02532818019071592,-0.026328180190715922,0.02532818019071592
2020-03-03,-0.050842873126431876,-0.03694047125978819,0.0,0.0,0.050842873126431876,-0.050842873126431876,-0.051342873126431876,0.050842873126431876,0.050842873126431876,0.050842873126431876,-0.051842873126431877,-0.050842873126431876
2020-03-04,0.06017617928664509,0.03813397066030244,0.0,0.0,-0.06017617928664509,0.06017617928664509,-0.061176179286645094,-0.06017617928664509,-0.06017617928664509,-0.06017617928664509,-0.061176179286645094,0.06017617928664509
2020-03-05,-0.016690320006318093,-0.008784616608258553,0.0,0.0,0.016690320006318093,-0.016690320006318093,-0.0005,0.016690320006318093,0.016690320006318093,0.016690320006318093,-0.017690320006318094,-0.016690320006318093
2020-03-06,0.014794016545937483,0.0076568033985224,0.0,0.0,-0.014794016545937483,0.014794016545937483,0.0,-0.014794016545937483,-0.014794016545937483,-0.014794016545937483,0.014794016545937483,0.014794016545937483
2020-03-09,-0.062414421090659866,-0.03359945749736114,0.0,0.0,0.062414421090659866,-0.062414421090659866,0.0,-0.0005,0.062414421090659866,0.062414421090659866,-0.062414421090659866,-0.062414421090659866
2020-03-10,0.06414002580008349,0.030097442880989752,0.0,0.0,-0.06414002580008349,0.06414002580008349,-0.06464002580008349,0.0,-0.06414002580008349,-0.06414002580008349,-0.06514002580008349,0.06414002580008349
2020-03-11,-0.039530460010443136,-0.016312332324283786,0.0,0.0,0.039530460010443136,-0.039530460010443136,-0.0005,0.0,0.03953046001044313,0.039530460010443136,-0.04053046001044314,-0.039530460010443136
2020-03-12,-0.09277361935217643,-0.03687602182290383,0.0,0.0,0.09277361935217643,-0.09277361935217643,-0.09327361935217643,0.09227361935217643,0.09277361935217641,0.09277361935217643,0.09177361935217643,-0.09277361935217643
2020-03-13,0.06063766419037142,0.020652165273833553,0.0,0.0,-0.06063766419037142,0.06063766419037142,-0.06163766419037142,-0.06063766419037142,-0.06063766419037142,-0.06063766419037142,-0.06063766419037142,0.06063766419037142
2020-03-16,-0.07601635474116708,-0.02409536663492451,0.0,0.0,0.07601635474116708,-0.07601635474116708,0.07601635474116708,0.07601635474116708,0.07601635474116708,0.07601635474116708,-0.07701635474116708,-0.07601635474116708
2020-03-17,0.026965177824883835,0.007964070152178098,0.0,0.0,-0.026965177824883835,0.026965177824883835,-0.026965177824883835,-0.026965177824883835,-0.026965177824883835,-0.026965177824883835,-0.027965177824883836,0.026965177824883835
2020-03-18,0.019190682298481088,0.005598630418368007,0.0,0.0,-0.019190682298481088,0.019190682298481088,-0.019190682298481088,-0.019190682298481088,-0.019190682298481088,-0.019190682298481088,0.018190682298481087,0.019190682298481088
2020-03-19,0.0035760652844443186,0.0010335593475275693,0.0,0.0,-0.0035760652844443186,0.0035760652844443186,-0.0035760652844443186,-0.0035760652844443186,-0.0035760652844443186,-0.0035760652844443186,0.0035760652844443186,0.0035760652844443186
2020-03-20,-0.09177503695147249,-0.02655223877080319,0.0,0.0,0.09177503695147249,-0.09177503695147249,0.09177503695147249,0.09177503695147249,0.09177503695147249,0.09177503695147249,-0.09177503695147249,-0.09177503695147249
2020-03-23,-0.05620954540419376,-0.014956392924979333,0.0,0.0,0.05620954540419376,-0.05620954540419376,0.05620954540419376,0.05620954540419376,0.05620954540419376,0.05620954540419376,0.05520954540419376,-0.05620954540419376
2020-03-24,0.12598631483189715,0.032766498262581455,0.0,0.0,-0.12598631483189715,0.12598631483189715,-0.12598631483189715,-0.12598631483189715,-0.12598631483189715,-0.12598631483189715,-0.12598631483189715,0.12598631483189715
2020-03-25,-0.00889097651633608,-0.001988630121190862,0.0,0.0,0.00889097651633608,-0.00889097651633608,-0.00989097651633608,0.00889097651633608,0.00889097651633608,0.00889097651633608,-0.00989097651633608,-0.00889097651633608
2020-03-26,0.035274665518039594,0.00787753379485399,0.0,0.0,-0.035274665518039594,0.035274665518039594,-0.036274665518039595,-0.035274665518039594,-0.035274665518039594,-0.035274665518039594,0.035274665518039594,0.035274665518039594
2020-03-27,-0.021589239394115944,-0.004779074529388969,0.0,0.0,0.021589239394115944,-0.021589239394115944,0.021589239394115944,-0.0005,0.021589239394115944,0.021589239394115944,-0.021589239394115944,-0.021589239394115944
2020-03-30,0.03377346241036405,0.007463071858812022,0.0,0.0,-0.03377346241036405,0.03377346241036405,-0.03377346241036405,0.0,-0.033773462410364045,-0.03377346241036405,-0.03477346241036405,0.03377346241036405
2020-03-31,-0.008929846849361045,-0.001954168416466775,0.0,0.0,0.008929846849361045,-0.008929846849361045,-0.009929846849361046,0.0,0.008929846849361045,0.008929846849361045,-0.009929846849361046,-0.008929846849361045
2020-04-01,-0.024686822937193598,-0.00543148002884195,0.0,0.0,0.024686822937193598,-0.024686822937193598,-0.024686822937193598,0.0,0.024686822937193598,0.024686822937193598,-0.024686822937193598,-0.024686822937193598
2020-04-02,0.03582699492057495,0.007990801732602965,0.0,0.0,-0.03582699492057495,0.03582699492057495,0.03582699492057495,0.0,-0.03582699492057495,-0.03582699492057495,-0.03682699492057495,0.03582699492057495
2020-04-03,-0.029874636913371666,-0.006800922927511136,0.0,0.0,-0.030874636913371667,-0.029874636913371666,-0.029874636913371666,0.0,0.029874636913371666,0.029874636913371666,-0.030874636913371667,-0.029874636913371666
2020-04-06,0.05164833126013191,0.011705110623516661,0.0,0.0,-0.05264833126013191,0.05164833126013191,0.05164833126013191,0.0,-0.05164833126013191,-0.05164833126013191,-0.05264833126013191,0.05164833126013191
2020-04-07,0.027718563910795968,0.006146428733191335,0.0,0.0,0.026718563910795967,0.027718563910795968,-0.02871856391079597,0.0,-0.027718563910795968,-0.027718563910795968,0.026718563910795967,0.027718563910795968
2020-04-08,0.030359573526838712,0.006896287262272147,0.0,0.0,0.030359573526838712,0.030359573526838712,0.02935957352683871,0.0,-0.030359573526838712,-0.030359573526838712,0.030359573526838712,0.030359573526838712
2020-04-09,-0.008121365840297323,-0.001897482628826141,0.0,0.0,-0.008121365840297323,-0.008121365840297323,0.007121365840297323,0.0,0.008121365840297323,0.008121365840297323,-0.008121365840297323,-0.008121365840297323
2020-04-13,-0.009338371678118462,-0.002209380029290707,0.0,0.0,-0.009338371678118462,-0.009338371678118462,0.009338371678118462,0.0,0.009338371678118462,0.009338371678118462,-0.009338371678118462,-0.009338371678118462
2020-04-14,0.025546685092369348,0.006580501375853542,0.0,0.0,0.025546685092369348,0.025546685092369348,-0.025546685092369348,0.025046685092369347,-0.025546685092369348,-0.025546685092369348,-0.02654668509236935,0.025546685092369348
2020-04-15,-0.03316900080737961,-0.008814487867415718,0.0,0.0,-0.03316900080737961,0.03216900080737961,0.03316900080737961,-0.03316900080737961,0.03316900080737961,0.03316900080737961,-0.03416900080737961,-0.03316900080737961
2020-04-16,-0.0017911905585157317,-0.0005134788278657163,0.0,0.0,-0.0017911905585157317,-0.0027911905585157317,-0.0027911905585157317,-0.0017911905585157317,0.0017911905585157317,0.0017911905585157317,0.0007911905585157317,-0.0017911905585157317
2020-04-17,0.01076603516876018,0.0030524304113298956,0.0,0.0,0.01076603516876018,0.01076603516876018,0.01076603516876018,0.01076603516876018,-0.01076603516876018,-0.01076603516876018,-0.01076603516876018,0.01076603516876018
2020-04-20,-0.01904953822199018,-0.005415023355673386,0.0,0.0,-0.01904953822199018,0.01804953822199018,0.01804953822199018,-0.01904953822199018,0.01904953822199018,0.01904953822199018,-0.020049538221990182,-0.01904953822199018
2020-04-21,-0.01419924128478478,-0.004010947733746349,0.0,0.0,-0.01419924128478478,-0.015199241284784781,-0.015199241284784781,-0.0005,0.01419924128478478,0.01419924128478478,0.01319924128478478,-0.01419924128478478
2020-04-22,0.013980078763611514,0.004467043949683606,0.0,0.0,0.013980078763611514,0.013980078763611514,0.013980078763611514,0.0,-0.013980078763611514,-0.013980078763611514,-0.013980078763611514,0.013980078763611514
2020-04-23,0.005013646913158976,0.0017172558971585157,0.0,0.0,0.005013646913158976,-0.006013646913158976,0.005013646913158976,0.0,-0.005013646913158976,-0.005013646913158976,0.004013646913158976,0.005013646913158976
2020-04-24,0.018499228045040894,0.00921609501520869,0.0,0.0,0.018499228045040894,-0.018499228045040894,0.018499228045040894,0.0,-0.018499228045040894,-0.018499228045040894,0.018499228045040894,0.018499228045040894
2020-04-27,0.04523791800512145,0.02273678605882646,0.0,0.0,0.04523791800512145,-0.04523791800512145,0.04523791800512145,0.0,-0.04523791800512145,-0.04523791800512145,0.04523791800512145,0.04523791800512145
2020-04-28,-0.026772919696534614,0.012607437033973556,0.0,0.0,0.025772919696534613,-0.025772919696534613,-0.026772919696534614,0.025272919696534613,-0.025772919696534613,-0.025772919696534613,0.025772919696534613,0.025772919696534613
2020-04-29,0.0085654376549823,-0.004275543004371883,0.0,0.0,-0.0085654376549823,0.0085654376549823,0.0085654376549823,-0.0085654376549823,0.0085654376549823,0.0085654376549823,-0.0085654376549823,-0.0085654376549823
2020-04-30,0.02777427604026017,-0.014102445271765273,0.0,0.0,-0.02777427604026017,-0.02877427604026017,-0.02877427604026017,-0.02777427604026017,0.02777427604026017,0.02777427604026017,-0.02777427604026017,-0.02777427604026017
2020-05-01,0.02185345883996559,-0.010712137103693637,0.0,0.0,-0.02185345883996559,-0.02185345883996559,0.02085345883996559,-0.02185345883996559,0.02185345883996559,0.02185345883996559,0.02085345883996559,-0.02185345883996559
2020-05-04,0.0013459133771223097,-0.0006648096419516319,0.0,0.0,-0.0013459133771223097,-0.0013459133771223097,0.0013459133771223097,-0.0013459133771223097,0.0013459133771223097,0.0013459133771223097,0.0013459133771223097,-0.0013459133771223097
2020-05-05,0.006536228045434078,-0.0033522020523032003,0.0,0.0,-0.006536228045434078,-0.006536228045434078,0.006536228045434078,-0.006536228045434078,0.006536228045434078,0.006536228045434078,0.006536228045434078,-0.006536228045434078
2020-05-06,0.008343074321519373,-0.004476805163109195,0.0,0.0,0.0073430743215193725,-0.008343074321519373,-0.009343074321519373,-0.0005,0.008343074321519373,0.008343074321519373,0.008343074321519373,-0.008343074321519373
2020-05-07,0.003146534536255907,-0.0019099877276443967,0.0,0.0,0.003146534536255907,-0.003146534536255907,-0.003146534536255907,0.0,0.003146534536255907,0.003146534536255907,0.003146534536255907,-0.003146534536255907
2020-05-08,-0.019006536145842023,0.0117964503587555,0.0,0.0,-0.019006536145842023,0.019006536145842023,0.019006536145842023,0.0,-0.019006536145842023,-0.019006536145842023,-0.019006536145842023,0.019006536145842023
2020-05-11,0.018719189689996973,-0.012053423062126409,0.0,0.0,-0.019719189689996974,0.017719189689996973,-0.018719189689996973,0.0,0.018719189689996973,0.018719189689996973,-0.019719189689996974,-0.018719189689996973
2020-05-12,0.02888918076193403,-0.01826082403514289,0.0,0.0,0.02788918076193403,-0.02988918076193403,0.02788918076193403,0.0,0.028889180761934027,0.02888918076193403,0.02788918076193403,-0.02888918076193403
2020-05-13,0.03815711270487965,-0.023114560119729916,0.0,0.0,0.03815711270487965,0.03715711270487965,-0.03915711270487965,0.03765711270487965,0.03815711270487965,0.03815711270487965,-0.0005,-0.03815711270487965
2020-05-14,-0.0019550318601874164,-0.0005715962312902321,0.0,0.0,0.0009550318601874164,-0.0019550318601874164,-4.496813981258365e-05,0.0009550318601874164,0.0009550318601874164,0.0009550318601874164,0.0,-0.0009550318601874164
2020-05-15,0.01985429649344006,0.012316553681035698,0.0,0.0,-0.01985429649344006,0.019854296493440057,0.01885429649344006,-0.01985429649344006,-0.01985429649344006,-0.01985429649344006,0.0,0.01985429649344006
2020-05-18,0.07628543216695904,0.0460099609192971,0.0,0.0,-0.07628543216695904,0.07628543216695904,0.07628543216695904,-0.07628543216695904,-0.07628543216695904,-0.07628543216695904,0.07578543216695904,0.07628543216695904
2020-05-19,-0.005962412331431799,-0.002860293210052996,0.0,0.0,-0.006962412331431799,-0.005962412331431799,-0.005962412331431799,0.005962412331431799,0.005962412331431799,0.005962412331431799,-0.005962412331431799,-0.005962412331431799
2020-05-20,0.008761370224524834,0.004154124722343938,0.0,0.0,0.008761370224524834,0.008761370224524834,0.008761370224524834,-0.008761370224524834,-0.008761370224524834,-0.008761370224524834,0.008761370224524834,0.008761370224524834
2020-05-21,-0.01619341480983516,-0.007750612835077885,0.0,0.0,-0.01619341480983516,-0.01619341480983516,0.01519341480983516,-0.0005,0.01619341480983516,0.01619341480983516,-0.01619341480983516,-0.01619341480983516
2020-05-22,0.00432086455643832,0.002050920579763598,0.0,0.0,0.00432086455643832,0.004320864556438319,-0.00432086455643832,0.0,-0.00432086455643832,-0.00432086455643832,-0.0005,0.00432086455643832
2020-05-26,0.03851398435705744,0.018299044254234866,0.0,0.0,0.03851398435705744,0.03851398435705743,-0.03851398435705744,0.0,-0.03851398435705743,-0.03851398435705744,0.0,0.03851398435705744
2020-05-27,0.0399132163441811,0.018277271051904857,0.0,0.0,0.0399132163441811,0.0399132163441811,-0.0399132163441811,0.0,-0.0399132163441811,-0.0399132163441811,0.0394132163441811,0.0399132163441811
2020-05-28,-0.008409654088698204,-0.003911894804823765,0.0,-0.008909654088698205,-0.008409654088698204,0.007409654088698204,0.008409654088698204,0.0,-0.009409654088698205,0.008409654088698204,-0.008409654088698204,-0.008409654088698204
2020-05-29,-0.00242344416940532,-0.0011500444918413502,0.0,-0.00242344416940532,-0.00242344416940532,0.00242344416940532,0.00242344416940532,0.0,-0.0024234441694053195,0.00242344416940532,-0.00242344416940532,-0.00242344416940532
2020-06-01,-0.005496985965543932,-0.002607041544054707,0.0,-0.005496985965543932,-0.005496985965543932,0.005496985965543932,0.005496985965543932,0.0,-0.005496985965543932,0.005496985965543932,-0.0005,-0.005496985965543932
2020-06-02,0.013240599112307683,0.0064574853764606255,0.0,-0.0005,0.013240599112307683,0.012240599112307682,-0.013240599112307683,0.0,0.013240599112307683,-0.013240599112307683,0.012740599112307682,0.013240599112307683
2020-06-03,0.022646704036044518,0.011263797101676232,0.0,0.022146704036044518,0.022646704036044518,-0.02364670403604452,0.021646704036044517,0.0,0.022646704036044518,-0.022646704036044518,0.022646704036044518,0.022646704036044518
2020-06-04,-0.009312130061745694,0.004083604198927155,0.0,0.008312130061745693,0.008312130061745693,-0.008312130061745693,-0.009312130061745694,0.0,0.008312130061745691,-0.008312130061745693,0.008312130061745693,0.008312130061745693
2020-06-05,-0.02989834749127307,0.014768245123372391,0.02939834749127307,0.02989834749127307,0.02989834749127307,-0.02989834749127307,-0.02989834749127307,0.0,0.02989834749127307,-0.02989834749127307,0.02989834749127307,0.02989834749127307
2020-06-08,0.003225665891297247,-0.001576237578885614,-0.003225665891297247,-0.003225665891297247,-0.003225665891297247,0.003225665891297247,0.003225665891297247,-0.003725665891297247,-0.003225665891297247,-0.004225665891297247,-0.003225665891297247,-0.003225665891297247
2020-06-09,0.00101868104418823,-0.0004967713268117363,-0.00101868104418823,-0.00101868104418823,-0.00101868104418823,0.00101868104418823,0.00101868104418823,-0.00101868104418823,-0.00101868104418823,-0.00101868104418823,-0.0005,-0.00101868104418823
2020-06-10,0.01679666623245557,-0.0082190299911664,-0.0005,-0.01679666623245557,-0.01679666623245557,0.01679666623245557,0.01679666623245557,-0.01679666623245557,-0.01679666623245557,-0.01679666623245557,0.0,-0.01679666623245557
2020-06-11,0.07028670391209024,-0.034511300000993526,0.0,-0.07028670391209024,-0.07028670391209024,0.07028670391209024,-0.07128670391209024,-0.07028670391209024,-0.07028670391209024,-0.07028670391209024,0.0,-0.07028670391209024
2020-06-12,-0.01634078472702538,0.006882292336057452,0.0,0.01634078472702538,-0.0005,-0.01634078472702538,0.01634078472702538,-0.0005,0.01634078472702538,0.01634078472702538,0.0,0.01634078472702538
2020-06-15,-0.018467149697787066,0.00823755416271734,0.0,0.018467149697787066,0.0,-0.018467149697787066,-0.0005,0.0,0.018467149697787066,0.018467149697787066,0.0,0.018467149697787066
2020-06-16,-0.012299280270693602,0.00548518992211513,0.0,0.012299280270693602,0.011799280270693602,-0.012299280270693602,0.0,0.0,0.012299280270693602,0.012299280270693602,0.011799280270693602,0.012299280270693602
2020-06-17,0.0028180524827586817,-0.0012627258059822479,0.0,-0.0028180524827586817,-0.0028180524827586817,0.0028180524827586817,0.0,0.0,-0.0028180524827586817,-0.0028180524827586817,-0.0028180524827586817,-0.0028180524827586817
2020-06-18,6.302223927368011e-05,-7.963903639046891e-05,0.0,-6.302223927368011e-05,-6.302223927368011e-05,6.302223927368011e-05,0.0,0.0,-6.302223927368011e-05,-6.302223927368011e-05,-0.0005,-6.302223927368011e-05
2020-06-19,0.006657834027058329,-0.0036038315023033366,0.0,-0.006657834027058329,-0.006657834027058329,0.006657834027058329,0.0,0.0,-0.006657834027058329,-0.006657834027058329,0.0,-0.006657834027058329
2020-06-22,0.009231706099046999,-0.0049777548036391535,0.0,-0.009231706099046999,-0.0005,0.009231706099046999,0.008731706099046999,0.0,-0.009231706099046999,-0.009231706099046999,0.0,-0.009231706099046999
2020-06-23,-0.007339397258476099,0.003995363939345542,0.0,0.007339397258476099,0.0,-0.007339397258476099,-0.0005,0.0,0.007339397258476099,0.007339397258476099,0.0,0.007339397258476099
2020-06-24,0.035605734135670586,-0.019385376587882065,0.0,-0.035605734135670586,0.0,0.035605734135670586,0.0,0.0,-0.035605734135670586,-0.035605734135670586,-0.036105734135670586,-0.035605734135670586
2020-06-25,-0.016095093648807124,0.008724522990923007,0.0,0.016095093648807124,0.0,-0.016095093648807124,-0.016595093648807124,0.0,0.016095093648807124,0.016095093648807124,-0.0005,0.016095093648807124
2020-06-26,0.01390078387221283,-0.008073474471058292,0.0,-0.01390078387221283,0.0,0.01390078387221283,0.01390078387221283,0.0,0.012900783872212829,-0.01390078387221283,-0.01440078387221283,-0.01390078387221283
2020-06-29,-0.019997652231289464,0.011517933952201973,0.0,0.019997652231289464,0.0,-0.019997652231289464,-0.0005,0.0,-0.019997652231289464,0.019997652231289464,-0.0005,0.019997652231289464
2020-06-30,-0.0026996880259040346,0.0015160732278996956,0.0,0.0026996880259040346,0.0,-0.0026996880259040346,0.0,0.0,-0.0026996880259040346,0.0026996880259040346,0.0021996880259040346,0.0026996880259040346
2020-07-01,0.003590037000437696,-0.002027171372413797,0.0,-0.003590037000437696,0.0,0.003590037000437696,0.0,0.0,-0.004590037000437696,-0.003590037000437696,-0.003590037000437696,-0.003590037000437696
2020-07-02,-0.010358598335886926,0.005894354538399946,0.0,0.010358598335886926,0.0,-0.010358598335886926,-0.010858598335886926,0.0,-0.011358598335886927,0.010358598335886926,-0.0005,0.010358598335886926
2020-07-06,-0.006749759703816194,0.003921813882663753,0.0,0.006749759703816194,0.0,-0.006749759703816194,-0.0005,0.006249759703816193,-0.006749759703816194,0.006749759703816194,0.006249759703816193,0.006749759703816194
2020-07-07,0.020746350602977692,-0.012091531830119557,0.0,-0.020746350602977692,-0.021246350602977693,0.020746350602977692,0.020246350602977692,-0.020746350602977692,0.020746350602977692,-0.020746350602977692,-0.020746350602977692,-0.020746350602977692
2020-07-08,0.0015502041256242327,-0.0009506326835149684,0.0,-0.0015502041256242327,-0.0005,0.0015502041256242327,0.0015502041256242327,-0.0015502041256242327,0.0015502041256242327,-0.0015502041256242327,-0.0005,-0.0015502041256242327
2020-07-09,0.02024856509117534,-0.012264308085247396,0.0,-0.02024856509117534,0.0,0.02024856509117534,0.02024856509117534,-0.02024856509117534,0.020248565091175338,-0.02024856509117534,0.0,-0.02024856509117534
2020-07-10,-0.00924413876563368,0.005512435915353671,0.0,0.00924413876563368,0.0,-0.00924413876563368,-0.0005,-0.0005,-0.00924413876563368,0.00924413876563368,0.0,0.00924413876563368
2020-07-13,-0.012757458115214337,0.007614814644187489,0.0,0.012757458115214337,0.0,-0.012757458115214337,-0.013257458115214338,0.0,-0.012757458115214337,0.012757458115214337,0.012257458115214337,0.012757458115214337
2020-07-14,-0.024160296414469817,0.02058244637834399,0.0,0.024160296414469817,-0.024660296414469818,-0.024160296414469814,-0.0005,0.0,0.023160296414469816,0.024160296414469817,0.024160296414469817,0.024160296414469817
2020-07-15,-0.004983044705029638,0.0041165589455037215,0.0,0.004983044705029638,0.003983044705029638,-0.004983044705029638,0.004483044705029637,0.0,0.004983044705029637,0.004983044705029638,0.004983044705029638,0.004983044705029638
2020-07-16,-0.007343179056187976,0.0062752834241151375,0.0,0.007343179056187976,0.007343179056187976,-0.007343179056187976,0.007343179056187976,0.006843179056187976,0.007343179056187976,0.007343179056187976,0.007343179056187976,0.007343179056187976
2020-07-17,0.004174345226161669,-0.003618682792778375,0.0,-0.004174345226161669,-0.004174345226161669,0.004174345226161669,-0.004174345226161669,-0.004174345226161669,-0.004174345226161669,-0.004174345226161669,-0.004174345226161669,-0.004174345226161669
2020-07-20,0.02164812301717356,-0.018719971218544674,0.0,-0.02164812301717356,-0.02164812301717356,0.02164812301717356,-0.02164812301717356,-0.02164812301717356,-0.02164812301717356,-0.02164812301717356,-0.02164812301717356,-0.02164812301717356
2020-07-21,-0.009145073521098723,0.0074908388713886736,0.0,0.009145073521098723,0.009145073521098723,-0.009145073521098723,-0.0005,0.009145073521098723,-0.010145073521098724,0.009145073521098723,-0.0005,0.009145073521098723
2020-07-22,-0.005766698049328278,0.004709561665730709,0.0,0.005766698049328278,0.005766698049328278,-0.005766698049328278,0.005266698049328278,0.005766698049328278,-0.005766698049328278,0.005766698049328278,0.005266698049328278,0.005766698049328278
2020-07-23,-0.003654462581664797,0.003003160347752972,0.0,0.003654462581664797,0.003654462581664797,-0.003654462581664797,-0.004654462581664797,0.003654462581664797,0.002654462581664797,0.003654462581664797,0.003654462581664797,0.003654462581664797
2020-07-24,-0.003452880249118717,0.002849411269484473,0.0,0.003452880249118717,0.003452880249118717,-0.003452880249118717,0.002452880249118717,0.003452880249118717,0.003452880249118717,0.003452880249118717,0.003452880249118717,0.003452880249118717
2020-07-27,-0.02127109086923107,0.02083107079582291,0.0,0.02127109086923107,0.02127109086923107,-0.02127109086923107,-0.0005,0.02127109086923107,0.02127109086923107,0.02127109086923107,0.02127109086923107,0.02127109086923107
2020-07-28,0.04845610208979523,-0.04647716454670779,0.0,-0.04845610208979523,-0.04845610208979523,0.04845610208979523,-0.04895610208979523,-0.04845610208979523,-0.04845610208979523,-0.04845610208979523,-0.04845610208979523,-0.04845610208979523
2020-07-29,-0.00592307135079162,0.004299872244879355,0.0,0.00592307135079162,-0.00692307135079162,-0.00592307135079162,-0.00692307135079162,0.00592307135079162,0.00592307135079162,0.00592307135079162,-0.0005,0.00592307135079162
2020-07-30,0.026432080756348952,-0.020301012952195045,0.0,-0.026432080756348952,0.026432080756348952,0.026432080756348952,0.026432080756348952,-0.026432080756348952,-0.02643208075634895,-0.026432080756348952,-0.026932080756348953,-0.026432080756348952
2020-07-31,0.010846807411505788,-0.007873542811277572,0.0,-0.010846807411505788,0.010846807411505788,0.010846807411505788,0.010846807411505788,-0.0005,0.009846807411505787,-0.010846807411505788,-0.0005,-0.010846807411505788
2020-08-03,-0.0013987736474009296,-0.00028918093290382135,0.0,-0.0003987736474009296,0.0003987736474009296,-0.0013987736474009296,0.0003987736474009296,0.0,0.0003987736474009296,-0.0006012263525990704,0.0,-0.0003987736474009296
2020-08-04,0.005318803246781689,0.0038636770857544242,0.0,0.005318803246781689,-0.005318803246781689,0.005318803246781689,0.004318803246781689,0.0,-0.005318803246781689,-0.005318803246781689,0.004818803246781689,0.005318803246781689
2020-08-05,0.027379159949509235,0.019947849448062948,0.0,0.027379159949509235,-0.027379159949509235,0.027379159949509235,0.027379159949509235,0.0,-0.027379159949509235,-0.027379159949509235,0.027379159949509235,0.027379159949509235
2020-08-06,0.0041840521359415295,0.0029400466681703337,0.0,0.0041840521359415295,-0.0041840521359415295,0.0041840521359415295,-0.0051840521359415295,0.0,0.0031840521359415295,-0.0041840521359415295,0.0041840521359415295,0.0041840521359415295
2020-08-07,0.014936039355326391,0.010528129522307333,0.0,0.014936039355326391,-0.014936039355326391,0.014936039355326391,0.01393603935532639,0.0,0.014936039355326391,-0.014936039355326391,0.014936039355326391,0.014936039355326391
2020-08-10,0.019642371391989988,0.01415996397935475,0.019142371391989987,0.019642371391989988,0.018642371391989987,0.019642371391989984,0.019642371391989988,0.019142371391989987,0.019642371391989988,-0.019642371391989988,0.019642371391989988,0.019642371391989988
2020-08-11,0.012016706033054714,0.008489577614745955,0.012016706033054714,0.012016706033054714,0.012016706033054714,0.012016706033054712,0.012016706033054714,0.012016706033054714,0.012016706033054714,-0.012016706033054714,0.012016706033054714,0.012016706033054714
2020-08-12,-0.006386252744382425,0.003812370227014602,0.005386252744382425,0.005386252744382425,0.005386252744382425,-0.006386252744382425,-0.006386252744382425,0.005386252744382425,0.005386252744382425,0.004386252744382425,0.005386252744382425,0.005386252744382425
2020-08-13,-0.009740876820996336,0.007151830772573478,0.009740876820996336,0.009740876820996336,0.009740876820996336,-0.009740876820996336,-0.0005,0.009740876820996336,0.009740876820996336,0.009740876820996336,-0.0005,0.009740876820996336
2020-08-14,-0.0014467472217258859,0.0010580236464988178,0.0014467472217258859,0.0014467472217258859,0.0014467472217258859,-0.0014467472217258859,0.0,0.0014467472217258859,0.0014467472217258859,0.0014467472217258859,0.0009467472217258859,0.0014467472217258859
2020-08-17,0.008368327505402284,-0.006145242820936549,-0.008368327505402284,-0.008368327505402284,-0.008368327505402284,0.008368327505402284,0.0,-0.008368327505402284,-0.008368327505402284,-0.008368327505402284,-0.008368327505402284,-0.008368327505402284
2020-08-18,0.0020033635589079557,-0.0014647476863702815,-0.0020033635589079553,-0.0020033635589079557,-0.0020033635589079557,0.0020033635589079553,0.0,-0.0020033635589079557,-0.0020033635589079553,-0.0020033635589079557,-0.0005,-0.0020033635589079557
2020-08-19,0.002494296164849863,-0.001928584866274885,-0.002494296164849863,-0.002494296164849863,-0.002494296164849863,0.0024942961648498625,0.0,-0.002494296164849863,-0.002494296164849863,-0.002494296164849863,0.0,-0.002494296164849863
2020-08-20,0.006098547935963317,-0.004683408168022947,-0.006098547935963316,-0.006098547935963317,-0.006098547935963317,0.006098547935963316,0.0,-0.006098547935963317,-0.006098547935963317,-0.006098547935963317,0.0,-0.006098547935963317
2020-08-21,-0.0013001392981681903,0.0009926815962765492,0.0013001392981681903,0.0013001392981681903,0.0013001392981681903,-0.00130013929816819,0.0,0.0013001392981681903,0.0013001392981681903,0.0013001392981681903,0.0,0.0013001392981681903
2020-08-24,-0.01125471710236936,0.008610667874538886,0.01125471710236936,0.01125471710236936,0.01125471710236936,-0.01125471710236936,0.0,0.01125471710236936,0.01125471710236936,0.01125471710236936,0.01075471710236936,0.01125471710236936
2020-08-25,0.002629422807361337,-0.0019981169035588756,-0.002629422807361337,-0.002629422807361337,-0.002629422807361337,0.002629422807361337,0.0,-0.002629422807361337,-0.002629422807361337,-0.002629422807361337,-0.002629422807361337,-0.002629422807361337
2020-08-26,-0.0049048463238348106,0.003847351246420716,0.0049048463238348106,0.0049048463238348106,0.0049048463238348106,-0.0049048463238348106,0.0,0.0049048463238348106,0.0049048463238348106,0.0049048463238348106,0.0049048463238348106,0.0049048463238348106
2020-08-27,-0.0010985447469007426,0.0009922027561057472,0.0010985447469007426,0.0010985447469007426,0.0010985447469007426,-0.0010985447469007426,0.0,0.0010985447469007426,0.0010985447469007426,0.0010985447469007426,0.0010985447469007426,0.0010985447469007426
2020-08-28,-0.009629211682090633,0.009629211682090633,0.009629211682090633,0.009629211682090633,0.009629211682090633,-0.009629211682090633,0.0,0.009629211682090633,0.009629211682090633,0.009629211682090633,0.009629211682090633,0.009629211682090633
2020-08-31,0.015936135675269747,-0.015936135675269747,-0.015936135675269747,-0.015936135675269747,-0.015936135675269747,0.015936135675269747,0.015436135675269747,-0.015936135675269747,-0.015936135675269747,-0.015936135675269747,-0.015936135675269747,-0.015936135675269747
2020-09-01,-0.010918911894797212,0.010918911894797212,0.010918911894797212,0.010918911894797212,0.010918911894797212,-0.01091891189479721,-0.010918911894797212,0.010918911894797212,0.010918911894797212,0.010918911894797212,-0.0005,0.010918911894797212
2020-09-02,-0.02858007363002013,0.02858007363002013,0.02858007363002013,0.02858007363002013,0.02858007363002013,-0.02858007363002013,0.02758007363002013,0.02858007363002013,0.02858007363002013,0.02858007363002013,0.02808007363002013,0.02858007363002013
2020-09-03,0.01887794081501526,-0.01887794081501526,-0.01887794081501526,-0.01887794081501526,-0.01887794081501526,0.01887794081501526,-0.0005,-0.01887794081501526,-0.01887794081501526,-0.01887794081501526,-0.01887794081501526,-0.01887794081501526
2020-09-04,0.00324700321327831,-0.00324700321327831,-0.00324700321327831,-0.00324700321327831,-0.00324700321327831,0.0032470032132783096,0.00274700321327831,-0.00324700321327831,-0.00324700321327831,-0.00324700321327831,-0.0005,-0.00324700321327831
2020-09-08,0.015684402637823336,-0.015684402637823336,-0.015684402637823336,-0.015684402637823336,-0.015684402637823336,0.015684402637823332,0.015684402637823336,-0.015684402637823336,-0.015684402637823332,-0.015684402637823336,0.0,-0.015684402637823336
2020-09-09,-0.015505333033143165,0.015505333033143165,0.015505333033143163,0.015505333033143165,-0.0005,-0.015505333033143163,-0.015505333033143165,0.015505333033143165,0.015505333033143165,0.015505333033143165,0.0,0.015505333033143165
2020-09-10,0.01538935301833455,-0.01538935301833455,-0.01538935301833455,-0.01538935301833455,-0.01588935301833455,0.01538935301833455,0.01538935301833455,-0.01538935301833455,-0.01538935301833455,-0.01538935301833455,-0.01588935301833455,-0.01538935301833455
2020-09-11,-0.01851060118621195,0.01851060118621195,0.01851060118621195,0.01851060118621195,-0.0005,-0.01851060118621195,-0.01851060118621195,0.01851060118621195,0.01851060118621195,0.01851060118621195,-0.0005,0.01851060118621195
2020-09-14,-0.013781201887124173,0.013781201887124173,0.013781201887124173,0.013781201887124173,0.013281201887124172,-0.013781201887124173,0.012781201887124172,0.013781201887124173,0.013781201887124173,0.013781201887124173,0.013281201887124172,0.013781201887124173
2020-09-15,0.01121940316523784,-0.01121940316523784,-0.01121940316523784,-0.01121940316523784,-0.01121940316523784,0.011219403165237838,-0.01121940316523784,-0.01121940316523784,-0.01121940316523784,-0.01121940316523784,-0.01121940316523784,-0.01121940316523784
2020-09-16,-0.01765034280386879,0.01765034280386879,0.01765034280386879,0.01765034280386879,0.01765034280386879,-0.01765034280386879,0.01765034280386879,0.01765034280386879,0.01765034280386879,0.01765034280386879,-0.0005,0.01765034280386879
2020-09-17,-0.016931134836417394,0.016931134836417394,0.016931134836417394,0.016931134836417394,0.016931134836417394,-0.016931134836417394,0.016931134836417394,0.016931134836417394,0.016931134836417394,0.016931134836417394,0.016431134836417394,0.016931134836417394
2020-09-18,0.016417074810408105,-0.016417074810408105,-0.016417074810408105,-0.016417074810408105,-0.016417074810408105,0.016417074810408102,0.015417074810408105,-0.016417074810408105,-0.016417074810408105,-0.016417074810408105,-0.016417074810408105,-0.016417074810408105
2020-09-21,0.048304528359254695,-0.04307593516559443,-0.048304528359254695,-0.048304528359254695,-0.048304528359254695,0.048304528359254695,0.048304528359254695,-0.048304528359254695,-0.04830452835925469,-0.048304528359254695,-0.0005,-0.048304528359254695
2020-09-22,-0.006073366337367325,0.004186938440689257,0.006073366337367325,0.006073366337367325,-0.0005,-0.006073366337367325,-0.006073366337367325,0.006073366337367325,-0.007073366337367325,0.006073366337367325,0.0,0.006073366337367325
2020-09-23,0.017432535994166498,-0.012284708025310556,-0.017432535994166498,-0.017432535994166498,0.0,0.017432535994166498,-0.0184325359941665,-0.017432535994166498,-0.0184325359941665,-0.017432535994166498,0.0,-0.017432535994166498
2020-09-24,0.0047049020578860965,0.004020244450811754,0.0057049020578860965,0.0057049020578860965,0.0,-0.0057049020578860965,0.0057049020578860965,-0.0005,-0.0067049020578860965,0.0057049020578860965,0.0,0.0057049020578860965
2020-09-25,-0.0009348834164233377,-0.000658812338738822,-0.0009348834164233377,-0.0009348834164233377,0.0,0.0009348834164233377,-0.0009348834164233377,0.0,0.0009348834164233377,-0.0009348834164233377,0.0,-0.0009348834164233377
2020-09-28,0.0086727911438218,0.0061117158743858434,0.008672791143821799,0.0086727911438218,0.0,-0.0086727911438218,-0.009672791143821802,0.0,-0.0086727911438218,0.0086727911438218,0.0081727911438218,0.0086727911438218
2020-09-29,-0.011443905573075064,-0.008064520198409217,-0.011443905573075064,-0.011443905573075064,0.0,-0.012443905573075065,-0.012443905573075065,0.0,0.011443905573075064,-0.011443905573075064,-0.011443905573075064,-0.011443905573075064
2020-09-30,0.0023153328561023034,0.001631615051771194,0.0023153328561023034,0.0023153328561023034,0.0,0.0023153328561023034,0.0023153328561023034,0.0,-0.0023153328561023034,0.0023153328561023034,-0.0005,0.0023153328561023034
2020-10-01,-0.008677734949910976,-0.006115199774511424,-0.008677734949910976,-0.008677734949910976,0.0,-0.008677734949910976,-0.008677734949910976,0.0,0.008677734949910976,-0.008677734949910976,-0.009177734949910976,-0.008677734949910976
2020-10-02,0.00988724218008774,0.006967539513387957,0.00988724218008774,0.00988724218008774,0.0,0.00988724218008774,-0.010887242180087742,0.0,-0.00988724218008774,0.00988724218008774,-0.0005,0.00988724218008774
2020-10-05,0.01490395099971642,0.010502814192743945,0.01490395099971642,0.01490395099971642,0.0,0.01490395099971642,0.013903950999716419,0.0,-0.01490395099971642,0.01490395099971642,0.01440395099971642,0.01490395099971642
2020-10-06,-0.0031950066179338155,-0.0022515211472034897,-0.0031950066179338155,-0.0031950066179338155,0.0,-0.0031950066179338155,0.0021950066179338154,0.0,0.0031950066179338155,-0.0031950066179338155,-0.0031950066179338155,-0.0031950066179338155
2020-10-07,0.026258648451715327,0.01850446942869022,0.026258648451715327,0.026258648451715327,0.0,0.026258648451715327,0.025258648451715326,0.0,-0.026258648451715327,0.026258648451715327,-0.0005,0.026258648451715327
2020-10-08,0.007327859327434627,0.0051639424303042795,0.007327859327434626,0.007327859327434627,0.006827859327434627,0.007327859327434627,0.007327859327434627,0.0,0.006327859327434627,0.007327859327434627,0.006827859327434627,0.007327859327434627
2020-10-09,0.0094808881943782,0.006681181861751192,0.0094808881943782,0.0094808881943782,0.0094808881943782,0.0094808881943782,0.0094808881943782,0.0089808881943782,0.0094808881943782,0.0094808881943782,0.0094808881943782,0.0094808881943782
2020-10-12,-0.003839442687517458,-0.0029125818576917935,-0.003839442687517458,-0.003839442687517458,-0.003839442687517458,-0.003839442687517458,-0.0005,-0.003839442687517458,-0.003839442687517458,-0.003839442687517458,-0.003839442687517458,-0.003839442687517458
2020-10-13,-0.011977243165112283,-0.009243118340719956,-0.011977243165112283,-0.011977243165112283,-0.011977243165112283,-0.011977243165112283,0.0,-0.011977243165112283,-0.011977243165112283,-0.011977243165112283,-0.011977243165112283,-0.011977243165112283
2020-10-14,0.010622143282397634,0.00821487407861844,0.010622143282397634,0.010622143282397634,0.010622143282397634,0.010622143282397634,0.0,0.010622143282397634,-0.011622143282397635,0.010622143282397634,-0.0005,0.010622143282397634
2020-10-15,0.00403810546950556,0.0031282608175003156,0.00403810546950556,0.00403810546950556,0.00403810546950556,0.00403810546950556,0.0,0.00403810546950556,0.0030381054695055596,0.00403810546950556,0.0035381054695055596,0.00403810546950556
2020-10-16,0.011178131544046455,0.008895046244467197,0.011178131544046455,0.011178131544046455,0.011178131544046455,0.011178131544046455,0.010678131544046454,0.011178131544046455,-0.012178131544046455,0.011178131544046455,0.011178131544046455,0.011178131544046455
2020-10-19,-0.008305347685876985,-0.006734560461295859,-0.008305347685876983,-0.008305347685876985,-0.008305347685876985,-0.008305347685876985,0.007305347685876985,-0.008305347685876985,0.008305347685876985,-0.008305347685876985,-0.008305347685876985,-0.008305347685876985
2020-10-20,0.008256881882615863,0.0068221539030200755,0.008256881882615863,0.008256881882615863,0.008256881882615863,0.008256881882615863,-0.0005,0.008256881882615863,-0.0005,0.008256881882615863,-0.0005,0.008256881882615863
2020-10-21,-0.010412343522044343,-0.010498703080175373,-0.010412343522044343,-0.010412343522044343,-0.010412343522044343,-0.010412343522044343,0.0,-0.010412343522044343,-0.010912343522044343,-0.010412343522044343,-0.010912343522044343,-0.010412343522044343
2020-10-22,0.00910350876439825,0.00910350876439825,0.00910350876439825,0.00910350876439825,0.00910350876439825,0.00910350876439825,0.0,0.00910350876439825,0.00910350876439825,0.00910350876439825,-0.0005,0.00910350876439825
2020-10-23,-0.0053310698228579145,-0.0053310698228579145,-0.0053310698228579145,-0.0053310698228579145,-0.0053310698228579145,-0.0053310698228579145,0.0,-0.0053310698228579145,-0.0053310698228579145,-0.0053310698228579145,-0.005831069822857915,-0.0053310698228579145
2020-10-26,-0.021436727391909827,-0.021436727391909827,-0.021436727391909823,-0.021436727391909827,-0.021436727391909827,-0.021436727391909827,0.020936727391909826,-0.021436727391909827,-0.021436727391909827,-0.021436727391909827,-0.0005,-0.021436727391909827
2020-10-27,-0.030874040164244998,-0.030874040164244998,-0.030874040164244998,-0.030874040164244998,-0.0005,-0.030874040164244998,0.030874040164244998,-0.0005,-0.030874040164244998,-0.030874040164244998,0.0,-0.030874040164244998
2020-10-28,-0.015525095652839993,-0.014695504333156518,-0.015525095652839993,-0.015525095652839993,0.0,-0.015525095652839993,-0.0005,0.0,0.014525095652839992,-0.015525095652839993,0.0,-0.015525095652839993
2020-10-29,-0.00031531956940622496,-0.00030051053877680516,-0.00031531956940622496,-0.0005,0.0,-0.00031531956940622496,-0.000815319569406225,0.0,0.00031531956940622486,-0.00031531956940622496,0.0,-0.00031531956940622496
2020-10-30,0.009338772020287989,0.008699651834131537,0.009338772020287989,0.0,0.0,0.009338772020287989,0.009338772020287989,0.0,-0.009338772020287989,0.009338772020287989,0.0,0.009338772020287989
2020-11-02,0.01862969091491995,0.01732742268642686,0.01862969091491995,0.0,0.0,0.01862969091491995,-0.0005,0.0,0.01762969091491995,0.01862969091491995,0.01812969091491995,0.01862969091491995
2020-11-03,0.015772565230798286,0.014202403440550413,0.015772565230798286,0.015272565230798285,0.0,0.015772565230798282,0.015272565230798285,0.0,0.015772565230798286,0.015772565230798286,0.015772565230798286,0.015772565230798286
2020-11-04,-0.032324420700946876,-0.029044214715444293,-0.032324420700946876,-0.032324420700946876,0.0,-0.032324420700946876,-0.032324420700946876,0.0,-0.032324420700946876,-0.032324420700946876,-0.032324420700946876,-0.032324420700946876
2020-11-05,0.018981186030956554,0.015106517380906707,0.018981186030956554,-0.0005,0.0,0.018981186030956554,-0.0005,0.0,-0.019981186030956555,0.018981186030956554,-0.0005,0.018981186030956554
2020-11-06,-0.0011028457583021067,-0.0009265422976285414,-0.0011028457583021067,-0.0016028457583021067,0.0,-0.0011028457583021067,-0.0016028457583021067,-0.0016028457583021067,0.0011028457583021067,-0.0011028457583021067,-0.0016028457583021067,-0.0011028457583021067
2020-11-09,0.0025149671214055314,0.00209297083350173,0.0025149671214055314,0.0025149671214055314,0.0,0.0025149671214055314,0.0025149671214055314,0.0025149671214055314,-0.0025149671214055314,0.0025149671214055314,-0.0005,0.0025149671214055314
2020-11-10,0.03493847105383385,0.029449361917478642,0.03493847105383385,0.03493847105383385,0.0,-0.035938471053833854,-0.035938471053833854,0.03493847105383385,0.033938471053833845,0.03493847105383385,0.03443847105383385,0.03493847105383385
2020-11-11,0.00041391428420434195,0.0002591502380440428,0.00041391428420434195,0.00041391428420434195,-8.608571579565806e-05,-0.00041391428420434195,-0.0005,0.00041391428420434195,0.0004139142842043419,0.00041391428420434195,0.00041391428420434195,0.00041391428420434195
2020-11-12,-0.012765088381612388,-0.00964590550436519,-0.012765088381612388,-0.012765088381612388,-0.012765088381612388,0.012765088381612388,0.0,-0.012765088381612388,-0.012765088381612388,-0.012765088381612388,-0.012765088381612388,-0.012765088381612388
2020-11-13,0.01640207170686936,0.012314108477568031,0.01640207170686936,0.01640207170686936,0.01640207170686936,-0.01640207170686936,-0.01690207170686936,0.01640207170686936,0.01640207170686936,0.01640207170686936,-0.0005,0.01640207170686936
2020-11-16,0.02397092608229645,0.017602420245882076,0.02397092608229645,0.02397092608229645,0.02397092608229645,-0.02397092608229645,0.02297092608229645,0.02397092608229645,0.02397092608229645,0.02397092608229645,0.02347092608229645,0.02397092608229645
2020-11-17,-0.0012654834066926357,-0.000910073112351695,-0.0012654834066926355,-0.0012654834066926357,-0.0012654834066926357,0.0012654834066926357,0.0002654834066926357,-0.0012654834066926357,-0.0012654834066926357,-0.0012654834066926357,-0.0012654834066926357,-0.0012654834066926357
2020-11-18,-0.012900517078519247,-0.009209843286911731,-0.012900517078519247,-0.012900517078519247,-0.012900517078519247,0.012900517078519247,0.012900517078519247,-0.012900517078519247,-0.012900517078519247,-0.012900517078519247,-0.012900517078519247,-0.012900517078519247
2020-11-19,0.009886594921434622,0.006979492220837794,0.009886594921434622,0.009886594921434622,0.009886594921434622,-0.009886594921434622,-0.0005,0.009886594921434622,0.009886594921434622,0.009886594921434622,-0.0005,0.009886594921434622
2020-11-20,0.007458848367496218,0.00528452327685233,0.007458848367496217,0.007458848367496218,0.007458848367496218,-0.007458848367496218,0.0,0.007458848367496218,0.007458848367496218,0.007458848367496218,0.006958848367496218,0.007458848367496218
2020-11-23,0.00722986760608868,0.00513222014990152,0.00722986760608868,0.00722986760608868,0.00722986760608868,-0.00722986760608868,0.0,0.00722986760608868,0.00722986760608868,0.00722986760608868,0.00722986760608868,0.00722986760608868
2020-11-24,-0.01788317900637726,0.011998242165683865,0.016883179006377258,0.016883179006377258,0.016883179006377258,-0.016883179006377258,0.0,0.016883179006377258,0.016883179006377258,0.016883179006377258,0.016883179006377258,0.016883179006377258
2020-11-25,-0.00022582044759733577,0.00015432316507581935,0.00022582044759733577,0.00022582044759733577,0.00022582044759733577,-0.00022582044759733577,-0.0007258204475973358,0.00022582044759733577,0.00022582044759733577,0.00022582044759733577,0.00022582044759733577,0.00022582044759733577
2020-11-27,0.0012983933094188327,-0.001114037577070662,-0.0012983933094188327,-0.0012983933094188327,-0.0012983933094188327,0.0012983933094188327,-0.0005,-0.0012983933094188327,-0.0012983933094188327,-0.0012983933094188327,-0.0012983933094188327,-0.0012983933094188327
2020-11-30,0.023517563810034225,-0.020248325563346412,-0.023517563810034225,-0.023517563810034225,-0.023517563810034225,0.023517563810034225,0.0,-0.023517563810034225,-0.023517563810034225,-0.023517563810034225,-0.023517563810034225,-0.023517563810034225
2020-12-01,0.012794411294127284,-0.010144967764621579,-0.012794411294127284,-0.012794411294127284,-0.012794411294127284,0.012794411294127282,0.012294411294127283,-0.012794411294127284,-0.012794411294127284,-0.012794411294127284,-0.0005,-0.012794411294127284
2020-12-02,-0.007799497724429116,0.006002360127109464,0.007799497724429116,0.007799497724429116,0.007799497724429116,-0.0077994977244291155,-0.007799497724429116,-0.0005,0.007799497724429116,0.007799497724429116,0.0,0.007799497724429116
2020-12-03,0.00011628203033309248,-9.944734735338298e-05,-0.00011628203033309248,-0.00011628203033309248,-0.00011628203033309248,0.00011628203033309247,0.00011628203033309248,0.0,-0.00011628203033309248,-0.00011628203033309248,0.0,-0.00011628203033309248
2020-12-04,-0.0036664687364480475,0.002925189756738153,0.0036664687364480475,0.0036664687364480475,0.0036664687364480475,-0.0036664687364480475,-0.0036664687364480475,0.0,0.0036664687364480475,0.0036664687364480475,0.0,0.0036664687364480475
2020-12-07,0.013394629199574903,-0.012460358910475264,-0.013394629199574903,-0.013394629199574903,-0.013394629199574903,0.013394629199574903,0.013394629199574903,0.0,-0.013394629199574903,-0.013394629199574903,0.0,-0.013394629199574903
2020-12-08,-0.013576481130148199,0.012513079371540232,0.013576481130148199,0.013576481130148199,-0.0005,-0.013576481130148197,-0.013576481130148199,0.0,0.013576481130148199,0.013576481130148199,0.0,0.013576481130148199
2020-12-09,-0.016409387429286104,0.014922206240487948,0.016409387429286104,0.016409387429286104,0.015909387429286104,-0.016409387429286104,0.015409387429286103,0.0,0.016409387429286104,0.016409387429286104,0.015909387429286104,0.016409387429286104
2020-12-10,0.010268787969077153,-0.009156497845191555,-0.010268787969077153,-0.010268787969077153,-0.010268787969077153,0.010268787969077153,-0.0005,0.0,-0.010268787969077153,-0.010268787969077153,-0.010268787969077153,-0.010268787969077153
2020-12-11,-0.0030552821417570986,0.003000661286603832,0.0030552821417570986,0.0030552821417570986,0.0030552821417570986,-0.0030552821417570986,0.0,0.0025552821417570985,0.0030552821417570986,0.0030552821417570986,0.0030552821417570986,0.0030552821417570986
2020-12-14,0.005401941246250486,-0.005401941246250486,-0.005401941246250486,-0.005401941246250486,-0.005401941246250486,0.005401941246250486,0.0,-0.005401941246250486,-0.005401941246250486,-0.005401941246250486,-0.005401941246250486,-0.005401941246250486
2020-12-15,-0.009244325967977973,0.009244325967977973,0.009244325967977972,0.009244325967977973,0.009244325967977973,-0.009244325967977973,-0.009744325967977974,0.009244325967977973,0.009244325967977973,0.009244325967977973,-0.0005,0.009244325967977973
2020-12-16,-0.004179210141712186,0.004179210141712186,0.004179210141712185,0.004179210141712186,0.004179210141712186,-0.004179210141712186,-0.0005,0.004179210141712186,0.004179210141712186,0.004179210141712186,0.0036792101417121863,0.004179210141712186
2020-12-17,-0.007069228666346072,0.007069228666346072,0.007069228666346072,0.007069228666346072,0.007069228666346072,-0.007069228666346072,0.0,0.007069228666346072,0.007069228666346072,0.007069228666346072,0.007069228666346072,0.007069228666346072
2020-12-18,0.0013020984383911305,-0.0013020984383911305,-0.0013020984383911305,-0.0013020984383911305,-0.0013020984383911305,0.0013020984383911305,0.0008020984383911305,-0.0013020984383911305,-0.0013020984383911305,-0.0013020984383911305,-0.0013020984383911305,-0.0013020984383911305
2020-12-21,0.004308021124448169,-0.004308021124448169,-0.004308021124448169,-0.004308021124448169,-0.004308021124448169,0.004308021124448169,0.004308021124448169,-0.004308021124448169,-0.004308021124448169,-0.004308021124448169,-0.004308021124448169,-0.004308021124448169
2020-12-22,0.0050094091559580445,-0.0050094091559580445,-0.005009409155958044,-0.0050094091559580445,-0.0050094091559580445,0.0050094091559580445,-0.0060094091559580445,-0.0050094091559580445,-0.0050094091559580445,-0.0050094091559580445,-0.0005,-0.0050094091559580445
2020-12-23,0.004520069342376143,-0.004520069342376143,-0.004520069342376143,-0.004520069342376143,-0.004520069342376143,0.004520069342376143,-0.004520069342376143,-0.004520069342376143,-0.004520069342376143,-0.004520069342376143,0.0,-0.004520069342376143
2020-12-24,-0.0030459281759911416,0.0030459281759911416,0.0030459281759911416,0.0030459281759911416,0.0030459281759911416,-0.0030459281759911416,0.0030459281759911416,-0.0005,0.0030459281759911416,0.0030459281759911416,0.0,0.0030459281759911416
2020-12-28,-0.0010889212481945965,0.0010889212481945965,0.0010889212481945965,0.0010889212481945965,0.0010889212481945965,-0.0010889212481945965,-0.0005,0.0,0.0010889212481945965,0.0010889212481945965,0.0005889212481945964,0.0010889212481945965
2020-12-29,0.004922522529833828,-0.004922522529833828,-0.004922522529833827,-0.004922522529833828,-0.004922522529833828,0.004922522529833828,0.0,0.0,-0.004922522529833828,-0.004922522529833828,-0.004922522529833828,-0.004922522529833828
2020-12-30,-0.001495486429405224,0.001495486429405224,0.0014954864294052237,0.001495486429405224,0.001495486429405224,-0.001495486429405224,0.0,0.0,0.001495486429405224,0.001495486429405224,-0.0005,0.001495486429405224
2020-12-31,-0.0039057057404778828,0.0039057057404778828,0.0039057057404778828,0.0039057057404778828,0.0039057057404778828,-0.0039057057404778828,0.0034057057404778828,0.0,0.0039057057404778828,0.0039057057404778828,0.0,0.0039057057404778828
2021-01-04,0.0167058738534116,-0.0167058738534116,-0.0167058738534116,-0.0167058738534116,-0.0167058738534116,0.0167058738534116,-0.0005,0.0,-0.0167058738534116,-0.0167058738534116,-0.017205873853411602,-0.0167058738534116
2021-01-05,0.0016872466415065457,-0.0016872466415065457,-0.0016872466415065455,-0.0016872466415065457,-0.0016872466415065457,0.0016872466415065457,0.0011872466415065457,0.0,-0.0016872466415065457,-0.0016872466415065457,-0.0005,-0.0016872466415065457
2021-01-06,-0.015211336202177073,0.015211336202177073,0.015211336202177073,0.015211336202177073,0.015211336202177073,-0.015211336202177073,-0.015211336202177073,0.0,0.015211336202177073,0.015211336202177073,0.0,0.015211336202177073
2021-01-07,0.025661658797157427,-0.025661658797157427,-0.025661658797157427,-0.025661658797157427,-0.025661658797157427,-0.026661658797157428,0.025661658797157427,0.0,-0.025661658797157427,-0.025661658797157427,-0.026161658797157428,-0.025661658797157427
2021-01-08,0.018265319402254843,-0.018265319402254843,-0.01826531940225484,-0.018265319402254843,-0.018265319402254843,-0.018265319402254843,-0.019265319402254844,0.0,-0.018265319402254843,-0.018265319402254843,-0.0005,-0.018265319402254843
2021-01-11,0.008522284946447467,-0.008522284946447467,-0.008522284946447467,-0.0005,-0.0005,-0.008522284946447467,-0.0005,0.0,-0.008522284946447467,-0.008522284946447467,0.0,-0.008522284946447467
2021-01-12,-0.007929639303331681,0.007302034535727716,0.007929639303331681,0.0,0.0,-0.008929639303331682,0.007429639303331681,0.0,-0.008929639303331682,0.007929639303331681,0.0,0.007929639303331681
2021-01-13,0.0013812600340594727,-0.001278422255183938,-0.0013812600340594727,0.0,0.0,0.0013812600340594727,-0.0013812600340594727,0.0,0.0013812600340594727,-0.0013812600340594727,0.0,-0.0013812600340594727
2021-01-14,-0.0007817515017489729,0.0007235484218870266,0.0007817515017489729,0.0,0.0,-0.0007817515017489729,0.0007817515017489729,0.0,-0.0007817515017489729,0.0007817515017489729,0.0,0.0007817515017489729
2021-01-15,0.005167710972429518,-0.0047829637813350855,-0.005167710972429518,0.0,0.0,0.005167710972429518,0.004167710972429518,0.0,0.005167710972429518,-0.005167710972429518,-0.005667710972429518,-0.005167710972429518
2021-01-19,-0.021564354998054647,0.01995884241085125,0.021564354998054647,0.0,0.0,-0.021564354998054647,0.020564354998054646,0.0,-0.021564354998054647,0.021564354998054647,-0.0005,0.021564354998054647
2021-01-20,-0.006504186984814142,0.006019936281531542,0.006504186984814142,0.006004186984814142,0.006004186984814142,-0.006504186984814142,0.006504186984814142,0.0,-0.006504186984814142,0.006504186984814142,0.006004186984814142,0.006504186984814142
2021-01-21,-0.002643742345944222,0.0024469100449494093,0.002643742345944222,0.002643742345944222,0.002643742345944222,-0.002643742345944222,0.002643742345944222,0.002143742345944222,-0.002643742345944222,0.002643742345944222,0.002643742345944222,0.002643742345944222
2021-01-22,0.009550426776502419,-0.008839376972127456,-0.009550426776502417,-0.009550426776502419,-0.009550426776502419,0.009550426776502419,-0.009550426776502419,-0.009550426776502419,0.009550426776502419,-0.009550426776502419,-0.009550426776502419,-0.009550426776502419
2021-01-25,-0.007985999779428044,0.007391424928085078,0.007985999779428042,0.007985999779428044,0.007985999779428044,-0.007985999779428044,0.007985999779428044,0.007985999779428044,-0.007985999779428044,-0.008985999779428044,-0.0005,0.007985999779428044
2021-01-26,-0.03263109308161383,0.03020163805356115,0.03263109308161383,0.03263109308161383,0.03263109308161383,-0.03263109308161383,0.03263109308161383,0.03263109308161383,-0.03263109308161383,0.031631093081613826,0.032131093081613826,0.03263109308161383
2021-01-27,-0.06081261696416895,0.05628498690031775,0.06081261696416895,0.06081261696416895,0.06081261696416895,-0.06081261696416895,-0.061812616964168954,0.06081261696416895,0.05981261696416895,0.06081261696416895,0.06081261696416895,0.06081261696416895
2021-01-28,0.017304947972397122,-0.011855414469691784,-0.017304947972397122,-0.017304947972397122,-0.017304947972397122,0.017304947972397122,-0.018304947972397123,-0.017304947972397122,-0.017304947972397122,-0.017304947972397122,-0.017304947972397122,-0.017304947972397122
2021-01-29,0.042307324381478106,-0.028681560923121758,-0.042307324381478106,-0.042307324381478106,-0.042307324381478106,0.042307324381478106,0.041307324381478105,-0.042307324381478106,-0.042307324381478106,-0.042307324381478106,-0.042307324381478106,-0.042307324381478106
2021-02-01,0.0054652686052011346,-0.0032558800762313204,-0.0054652686052011346,-0.0054652686052011346,-0.0054652686052011346,0.0054652686052011346,-0.006465268605201135,-0.0054652686052011346,-0.0054652686052011346,-0.0054652686052011346,-0.0005,-0.0054652686052011346
2021-02-02,-0.0018318729793187494,0.001076158199627773,0.0018318729793187494,0.0018318729793187494,0.0018318729793187494,-0.0018318729793187494,0.0018318729793187494,0.0018318729793187494,0.0018318729793187494,0.0018318729793187494,0.0,0.0018318729793187494
2021-02-03,-0.0026283243210947216,0.0015440441566418352,0.0026283243210947216,0.0026283243210947216,0.0026283243210947216,-0.0026283243210947216,0.0026283243210947216,-0.0005,0.0026283243210947216,0.0026283243210947216,0.0,0.0026283243210947216
2021-02-04,-0.009231705998386852,0.005423288742656998,0.00923170599838685,0.009231705998386852,0.009231705998386852,-0.009231705998386852,0.009231705998386852,0.0,0.009231705998386852,0.009231705998386852,0.0,0.009231705998386852
2021-02-05,-0.010784806437095895,0.006335678297408656,0.010784806437095895,0.010784806437095895,0.010784806437095895,-0.010784806437095895,0.010784806437095895,0.0,0.010784806437095895,0.010784806437095895,0.010284806437095895,0.010784806437095895
2021-02-08,-0.009776254051420352,0.005743190754957694,0.009776254051420352,0.009776254051420352,0.009776254051420352,-0.009776254051420352,0.009776254051420352,0.0,0.009776254051420352,0.009776254051420352,0.009776254051420352,0.009776254051420352
2021-02-09,-0.0009956876820418348,0.0005849300008214409,0.0009956876820418346,0.0009956876820418348,0.0009956876820418348,-0.0009956876820418348,-0.001995687682041835,0.0004956876820418348,0.0009956876820418348,0.0009956876820418348,0.0009956876820418348,0.0009956876820418348
2021-02-10,-0.0007736330289449533,0.000454481034985077,0.0007736330289449532,0.0007736330289449533,0.0007736330289449533,-0.0007736330289449533,-0.00022636697105504668,0.0007736330289449533,0.0007736330289449533,0.0007736330289449533,0.0007736330289449533,0.0007736330289449533
2021-02-11,0.013307249443408109,-0.008679420445456932,-0.013307249443408109,-0.013307249443408109,-0.013307249443408109,-0.01430724944340811,-0.013307249443408109,-0.013307249443408109,-0.013307249443408109,-0.013307249443408109,-0.013307249443408109,-0.013307249443408109
2021-02-12,-0.008408144519327587,0.005357146680378387,0.008408144519327587,0.008408144519327587,0.008408144519327587,0.008408144519327587,0.008408144519327587,0.008408144519327587,0.008408144519327587,0.008408144519327587,-0.0005,0.008408144519327587
2021-02-16,0.011583773323138202,-0.007391317220644183,-0.011583773323138202,-0.011583773323138202,-0.011583773323138202,-0.011583773323138202,0.010583773323138201,-0.011583773323138202,-0.011583773323138202,-0.011583773323138202,-0.012083773323138203,-0.011583773323138202
2021-02-17,-0.00011326792903498806,6.673382214152071e-05,0.00011326792903498806,0.00011326792903498806,0.00011326792903498806,0.00011326792903498806,-0.000886732070965012,0.00011326792903498806,0.00011326792903498806,0.00011326792903498806,-0.0005,0.00011326792903498806
2021-02-18,-0.015397656011233662,0.009723364850002521,0.015397656011233662,0.015397656011233662,0.015397656011233662,0.015397656011233662,-0.016397656011233663,-0.0005,0.015397656011233662,0.015397656011233662,0.0,0.015397656011233662
2021-02-19,0.01577716130902973,-0.01008552923259527,-0.01577716130902973,-0.01577716130902973,-0.01577716130902973,-0.01577716130902973,0.01577716130902973,0.0,-0.01577716130902973,-0.01577716130902973,-0.01627716130902973,-0.01577716130902973
2021-02-22,0.0023795272534781198,-0.0014955778061055303,-0.0023795272534781198,-0.0023795272534781198,-0.0023795272534781198,-0.0023795272534781198,0.0023795272534781198,0.0,-0.0023795272534781198,-0.0023795272534781198,-0.0005,-0.0023795272534781198
2021-02-23,-0.0002842081926068829,0.00017720927014627317,0.0002842081926068829,0.0002842081926068829,0.0002842081926068829,0.0002842081926068829,-0.0007157918073931171,0.0,0.0002842081926068829,0.0002842081926068829,0.0,0.0002842081926068829
2021-02-24,-0.008287466125785237,0.0052204933118000065,0.008287466125785237,0.008287466125785237,0.008287466125785237,0.008287466125785237,0.008287466125785237,0.0,0.008287466125785237,0.008287466125785237,0.007787466125785236,0.008287466125785237
2021-02-25,-0.006361413334579957,0.004008353832137526,0.006361413334579957,0.006361413334579957,0.006361413334579957,0.006361413334579957,-0.007361413334579957,0.0,0.006361413334579957,0.006361413334579957,0.006361413334579957,0.006361413334579957
2021-02-26,0.02069806160103127,-0.013886518639854638,-0.02069806160103127,-0.02069806160103127,-0.02069806160103127,-0.02069806160103127,0.02069806160103127,-0.02119806160103127,-0.02069806160103127,-0.02069806160103127,-0.02069806160103127,-0.02069806160103127
2021-03-01,-0.007711548086563269,0.007014101323325114,0.007711548086563268,0.007711548086563269,0.007711548086563269,0.007711548086563269,-0.007711548086563269,-0.0005,-0.00871154808656327,0.007711548086563269,-0.0005,0.007711548086563269
2021-03-02,-0.003967951225457567,0.003738112531965818,0.003967951225457567,0.003967951225457567,0.003967951225457567,0.003967951225457567,0.0029679512254575666,0.0,0.0029679512254575666,0.003967951225457567,0.0034679512254575666,0.003967951225457567
2021-03-03,-0.0053640636764829,0.005336248366874701,0.0053640636764829,0.0053640636764829,0.0053640636764829,0.0053640636764829,0.0053640636764829,0.0,0.0053640636764829,0.0053640636764829,0.0053640636764829,0.0053640636764829
2021-03-04,0.002414869644055573,-0.002414869644055573,-0.002414869644055573,-0.002414869644055573,-0.002414869644055573,-0.002414869644055573,-0.002414869644055573,-0.002914869644055573,-0.002414869644055573,-0.002414869644055573,-0.002414869644055573,-0.002414869644055573
2021-03-05,-0.017845987629351523,0.017845987629351523,0.017845987629351523,0.017845987629351523,0.017845987629351523,0.017845987629351523,0.017845987629351523,0.017845987629351523,0.017845987629351523,0.017845987629351523,-0.0005,0.017845987629351523
2021-03-08,-0.01642690196038865,0.01642690196038865,0.01642690196038865,0.01642690196038865,0.01642690196038865,0.01642690196038865,-0.017426901960388652,0.01642690196038865,0.01642690196038865,0.01642690196038865,0.01592690196038865,0.01642690196038865
2021-03-09,0.0140934822599168,-0.0140934822599168,-0.0140934822599168,-0.0140934822599168,-0.0140934822599168,-0.0140934822599168,0.0140934822599168,-0.0140934822599168,-0.0140934822599168,-0.0140934822599168,-0.0140934822599168,-0.0140934822599168
2021-03-10,-0.018379218669303032,0.018379218669303032,0.018379218669303032,0.018379218669303032,0.018379218669303032,0.018379218669303032,0.01737921866930303,0.018379218669303032,0.018379218669303032,0.018379218669303032,-0.0005,0.018379218669303032
2021-03-11,-0.0003251129380419382,0.0003251129380419382,0.0003251129380419382,0.0003251129380419382,0.0003251129380419382,0.0003251129380419382,-0.0013251129380419382,0.0003251129380419382,0.0003251129380419382,0.0003251129380419382,-0.00017488706195806182,0.0003251129380419382
2021-03-12,-0.001896351965972487,0.001896351965972487,0.001896351965972487,0.001896351965972487,0.001896351965972487,0.001896351965972487,-0.001896351965972487,0.001896351965972487,0.001896351965972487,0.001896351965972487,0.001896351965972487,0.001896351965972487
2021-03-15,-0.0005,0.016499471620920393,0.02465950413635598,0.02465950413635598,0.02465950413635598,0.02465950413635598,0.02365950413635598,0.02465950413635598,0.02465950413635598,0.02465950413635598,0.02465950413635598,0.02465950413635598
2021-03-16,0.0,-0.0093782737778392,-0.013880003047568201,-0.013880003047568201,-0.013880003047568201,-0.013880003047568201,0.0128800030475682,-0.013880003047568201,-0.013880003047568201,-0.013880003047568201,-0.013880003047568201,-0.013880003047568201
2021-03-17,0.0,0.005243122805400601,0.007759910004941473,0.007759910004941473,0.007759910004941473,0.007759910004941473,-0.007759910004941473,0.007759910004941473,0.007759910004941473,0.007759910004941473,-0.0005,0.007759910004941473
2021-03-18,0.0,0.009688482760336504,0.014339117563143544,0.014339117563143544,0.014339117563143544,0.014339117563143544,-0.014339117563143544,0.014339117563143544,0.014339117563143544,0.014339117563143544,0.013839117563143544,0.014339117563143544
2021-03-19,0.0,-0.008101149183820457,-0.011989837151687444,-0.011989837151687444,-0.011989837151687444,-0.011989837151687444,0.011989837151687444,-0.011989837151687444,-0.011989837151687444,-0.011989837151687444,-0.011989837151687444,-0.011989837151687444
2021-03-22,0.0,0.0027214045052492354,0.004027724474815697,0.004027724474815697,0.004027724474815697,0.004027724474815697,-0.0005,0.004027724474815697,0.004027724474815697,0.004027724474815697,-0.0005,0.004027724474815697
2021-03-23,0.0,-0.004065378501402866,-0.006016828611074221,-0.006016828611074221,-0.006016828611074221,-0.006016828611074221,0.00551682861107422,-0.006016828611074221,-0.006016828611074221,-0.006016828611074221,-0.006516828611074221,-0.006016828611074221
2021-03-24,0.0,0.008466845939099627,0.012531074504957605,0.012531074504957607,0.012531074504957607,0.012531074504957607,-0.0005,0.012531074504957607,0.012531074504957607,0.012531074504957607,-0.0005,0.012531074504957607
2021-03-25,0.0,0.008539340408281597,0.012638367539583584,0.012638367539583584,0.012638367539583584,0.012638367539583584,-0.013138367539583584,0.012638367539583584,0.012638367539583584,0.012638367539583584,0.012138367539583583,0.012638367539583584
2021-03-26,0.0,0.006228235925837516,0.009217894004744709,0.009217894004744709,0.009217894004744709,0.009217894004744709,-0.009217894004744709,0.009217894004744709,0.009217894004744709,0.009217894004744709,0.009217894004744709,0.009217894004744709
2021-03-29,0.0,0.0029817229597829454,0.004413000169240844,0.004413000169240844,0.004413000169240844,0.004413000169240844,-0.004413000169240844,0.004413000169240844,0.004413000169240844,0.004413000169240844,0.004413000169240844,0.004413000169240844
2021-03-30,0.0,-0.003797036393196396,-0.005619677774158172,-0.005619677774158172,-0.005619677774158172,-0.005619677774158172,0.005619677774158172,-0.005619677774158172,-0.005619677774158172,-0.005619677774158172,-0.005619677774158172,-0.005619677774158172
2021-03-31,0.0,-0.006803894516491904,-0.010069878408476063,-0.010069878408476063,-0.010069878408476063,-0.010069878408476063,0.010069878408476063,-0.010069878408476063,-0.010069878408476063,-0.010069878408476063,-0.0005,-0.010069878408476063
2021-04-01,0.0,7.019506093619294e-05,0.0001038898717182768,0.0001038898717182768,0.0001038898717182768,0.0001038898717182768,-0.0001038898717182768,0.0001038898717182768,0.0001038898717182768,0.0001038898717182768,0.0,0.0001038898717182768
2021-04-05,0.0,0.007959339247082371,0.011779956058351138,0.011779956058351138,0.011779956058351138,0.011779956058351138,-0.011779956058351138,0.011779956058351138,0.011779956058351136,0.011779956058351138,0.0,0.011779956058351138
2021-04-06,0.0,-0.00045041385310978663,-0.0006666200840290681,-0.0006666200840290681,-0.0006666200840290681,-0.0006666200840290681,0.0006666200840290681,-0.0006666200840290681,-0.0006666200840290682,-0.0006666200840290681,-0.0011666200840290681,-0.0006666200840290681
2021-04-07,0.0,0.00038137364550144343,0.0005644394146746556,0.0005644394146746556,0.0005644394146746556,0.0005644394146746555,-0.0005,0.0005644394146746556,0.0005644394146746556,0.0005644394146746556,-0.0005,0.0005644394146746556
2021-04-08,0.0,0.002668642621144983,0.00394963599824627,0.00394963599824627,0.00394963599824627,0.00394963599824627,0.0,0.00394963599824627,0.00394963599824627,0.00394963599824627,0.0034496359982462703,0.00394963599824627
2021-04-09,0.0,0.007871191823599393,0.011649496387887037,0.011649496387887037,0.011649496387887037,0.011649496387887037,-0.012149496387887038,0.011649496387887037,0.011649496387887037,0.011649496387887037,0.011649496387887037,0.011649496387887037
2021-04-12,0.0,-0.0005801390951079495,-0.0008586156257390787,-0.0008586156257390787,-0.0008586156257390787,-0.0008586156257390787,0.0008586156257390787,-0.0008586156257390787,-0.0008586156257390787,-0.0008586156257390787,-0.0008586156257390787,-0.0008586156257390787
2021-04-13,0.0,-0.0046450260703948705,-0.006874716769888267,-0.006874716769888267,-0.006874716769888267,-0.006874716769888267,0.006874716769888267,-0.006874716769888267,-0.006874716769888267,-0.006874716769888267,-0.006874716769888267,-0.006874716769888267
2021-04-14,0.0,0.000962791097424979,0.0014249470300182754,0.0014249470300182754,0.0014249470300182754,0.0014249470300182754,-0.0005,0.0014249470300182754,0.0014249470300182754,0.0014249470300182754,-0.0005,0.0014249470300182754
2021-04-15,0.0,0.002507044611795352,0.0037104682243693787,0.0037104682243693787,0.0037104682243693787,0.0037104682243693787,0.0032104682243693787,0.0037104682243693787,0.0037104682243693783,0.0037104682243693787,0.0032104682243693787,0.0037104682243693787
2021-04-16,0.0,0.0037636556914419474,0.005570273773693123,0.005570273773693124,0.005570273773693124,0.005570273773693124,-0.0005,0.005570273773693124,0.005570273773693124,0.005570273773693124,0.005570273773693124,0.005570273773693124
2021-04-19,0.0,3.379307395195557e-05,5.00143182584622e-05,5.0014318258462254e-05,5.0014318258462254e-05,5.0014318258462254e-05,-0.0005500143182584623,5.0014318258462254e-05,5.0014318258462254e-05,5.0014318258462254e-05,5.0014318258462254e-05,5.0014318258462254e-05
2021-04-20,0.0,-0.0009865289865695092,-0.0014600795055115245,-0.0014600795055115245,-0.0014600795055115245,-0.0014600795055115245,-0.0005,-0.0014600795055115245,-0.0014600795055115245,-0.0014600795055115245,-0.0005,-0.0014600795055115245
2021-04-21,0.0,0.00879104470832719,0.013010894140371708,0.01301089414037171,0.01301089414037171,0.01301089414037171,0.0,0.01301089414037171,0.01301089414037171,0.01301089414037171,0.012510894140371709,0.01301089414037171
2021-04-22,0.0,6.710793017653972e-05,9.932086623098963e-05,9.932086623098968e-05,9.932086623098968e-05,9.932086623098968e-05,-0.0005993208662309897,9.932086623098968e-05,9.932086623098968e-05,9.932086623098968e-05,9.932086623098968e-05,9.932086623098968e-05
2021-04-23,0.0,0.004371928275468488,0.006470527436578388,0.006470527436578388,0.006470527436578388,0.006470527436578388,-0.0005,0.006470527436578388,0.006470527436578388,0.006470527436578388,0.006470527436578388,0.006470527436578388
2021-04-26,0.0,-0.008587564679561194,-0.01270974027279481,-0.012709740272794812,-0.012709740272794812,-0.012709740272794812,-0.013209740272794812,-0.012709740272794812,-0.012709740272794812,-0.012709740272794812,-0.012709740272794812,-0.012709740272794812
2021-04-27,0.0,-0.01753225403163586,-0.025948031072080102,-0.025948031072080102,-0.025948031072080102,-0.025948031072080102,-0.0005,-0.025948031072080102,-0.025948031072080102,-0.025948031072080102,-0.0005,-0.025948031072080102
2021-04-28,0.0,0.005142646360860368,0.007611203175788894,0.007611203175788894,0.007611203175788894,0.007611203175788894,-0.008111203175788895,-0.0005,0.007611203175788894,0.007611203175788894,0.0,0.007611203175788894
2021-04-29,0.0,0.012913459692983005,0.0159240804727252,0.0159240804727252,0.0159240804727252,0.0159240804727252,0.014924080472725199,0.0,0.0159240804727252,0.0159240804727252,0.015424080472725199,0.0159240804727252
2021-04-30,0.0,-0.007823377012143272,-0.009595418908592945,-0.009595418908592945,-0.009595418908592945,-0.009595418908592945,-0.0005,0.0,-0.009595418908592945,-0.009595418908592945,-0.009595418908592945,-0.009595418908592945
2021-05-03,0.0,0.006883734568372368,0.007456297616140306,0.007456297616140306,0.007456297616140306,0.007456297616140306,0.006956297616140306,0.0,0.007456297616140306,0.007456297616140306,-0.0005,0.007456297616140306
2021-05-04,0.0,0.003609524440620267,0.0038771842559213177,0.0038771842559213177,0.0038771842559213177,0.0038771842559213177,-0.0005,0.0,0.0038771842559213177,0.0038771842559213177,0.0033771842559213176,0.0038771842559213177
2021-05-05,0.0,0.00961855831934293,0.010331810601068801,0.010331810601068803,0.010331810601068803,0.010331810601068803,0.0,0.0,0.010331810601068803,0.010331810601068803,0.010331810601068803,0.010331810601068803
2021-05-06,0.0,0.004483121489224144,0.004815561811908786,0.004815561811908786,0.004815561811908786,0.004815561811908786,-0.005315561811908787,0.004315561811908786,0.004815561811908786,0.004815561811908786,0.004815561811908786,0.004815561811908786
2021-05-07,0.0,0.0030355336723301074,0.0032606299129684935,0.0032606299129684935,0.0032606299129684935,0.0032606299129684935,-0.0032606299129684935,0.0032606299129684935,0.0032606299129684935,0.0032606299129684935,0.0032606299129684935,0.0032606299129684935
2021-05-10,0.0,0.019529440415122026,0.02097762188623742,0.02097762188623742,0.02097762188623742,0.02097762188623742,-0.0005,0.02097762188623742,0.02097762188623742,0.02097762188623742,0.02097762188623742,0.02097762188623742
2021-05-11,0.0,-0.016209667092406597,-0.017411674883576866,-0.017411674883576866,-0.017411674883576866,-0.017411674883576866,0.016911674883576866,-0.017411674883576866,-0.017411674883576866,-0.017411674883576866,-0.017411674883576866,-0.017411674883576866
2021-05-12,0.0,-0.022163732086928963,-0.023807256194982918,-0.023807256194982918,-0.023807256194982918,-0.023807256194982918,-0.0005,-0.023807256194982918,-0.023807256194982918,-0.023807256194982918,-0.0005,-0.023807256194982918
2021-05-13,0.0,0.02125307831909763,0.022829074024640184,0.022829074024640184,0.022829074024640184,0.022829074024640184,0.022329074024640183,0.022829074024640184,0.02282907402464018,0.022829074024640184,0.0,0.022829074024640184
2021-05-14,0.0,0.004439501917706531,0.004768707685078422,0.004768707685078422,0.004768707685078422,0.004768707685078422,0.004768707685078422,0.004768707685078422,0.004768707685078422,0.004768707685078422,0.004268707685078421,0.004768707685078422
2021-05-17,0.0,0.003325158867788866,0.003571731906160114,0.003571731906160114,0.003571731906160114,0.003571731906160114,0.003571731906160114,-0.0005,0.003571731906160114,0.003571731906160114,0.003571731906160114,0.003571731906160114
2021-05-18,0.0,-0.009440711062537674,-0.010140775301159421,-0.010140775301159421,-0.010140775301159421,-0.010140775301159421,-0.010140775301159421,-0.010640775301159422,-0.010140775301159421,-0.010140775301159421,-0.010140775301159421,-0.010140775301159421
2021-05-19,0.0,-0.001971565504395683,-0.0021177645030288073,-0.0021177645030288073,-0.0021177645030288073,-0.0021177645030288073,-0.0005,-0.0021177645030288073,-0.002117764503028807,-0.0021177645030288073,-0.0005,-0.0021177645030288073
2021-05-20,0.0,0.0024532292467461503,0.002635145423759866,0.002635145423759866,0.002635145423759866,0.002635145423759866,-0.003135145423759866,0.002635145423759866,0.002635145423759866,0.002635145423759866,0.0,0.002635145423759866
2021-05-21,0.0,0.0009694681100042722,0.0010413578172310256,0.0010413578172310256,0.0010413578172310256,0.0010413578172310256,-0.0005,-0.0005,0.0010413578172310256,0.0010413578172310256,0.0005413578172310256,0.0010413578172310256
2021-05-24,0.0,0.0034589711004833507,0.003715466819273372,0.003715466819273372,0.003715466819273372,0.003715466819273372,0.0,0.0,0.003715466819273372,0.003715466819273372,0.003715466819273372,0.003715466819273372
2021-05-25,0.0,-0.004135620874649049,-0.00444229271956209,-0.004442292719562091,-0.004442292719562091,-0.004442292719562091,0.0,-0.004942292719562091,-0.004442292719562091,-0.004442292719562091,-0.004442292719562091,-0.004442292719562091
2021-05-26,0.0,-0.0005997097092797816,-0.0006441804401643437,-0.0006441804401643436,-0.0006441804401643436,-0.0006441804401643436,0.0,-0.0006441804401643436,-0.0006441804401643436,-0.0006441804401643436,-0.0005,-0.0006441804401643436
2021-05-27,0.0,0.007666262711297754,0.008234744929692894,0.008234744929692894,0.008234744929692894,0.008234744929692894,-0.008734744929692895,-0.0005,0.008234744929692894,0.008234744929692894,0.0,0.008234744929692894
2021-05-28,0.0,-0.0009160227908450799,-0.0009839493266097232,-0.0009839493266097232,-0.0009839493266097232,-0.0009839493266097232,-0.0005,0.0,-0.0009839493266097232,-0.0009839493266097232,-0.0014839493266097232,-0.0009839493266097232
2021-06-01,0.0,0.000733700020678819,0.0007881066371879795,0.0007881066371879797,0.0007881066371879797,0.0007881066371879797,0.0,0.0002881066371879797,0.0007881066371879797,0.0007881066371879797,-0.0005,0.0007881066371879797
2021-06-02,0.0,0.00041233129378532543,0.00044290721029538455,0.0004429072102953846,0.0004429072102953846,0.0004429072102953846,0.0,0.0004429072102953846,0.0004429072102953846,0.0004429072102953846,0.0,0.0004429072102953846
2021-06-03,0.0,0.0017400948199957752,0.0018691293966521803,0.0018691293966521805,0.0018691293966521805,0.0018691293966521805,0.0,0.0018691293966521805,0.0018691293966521803,0.0018691293966521805,0.0,0.0018691293966521805
2021-06-04,0.0,0.010878832867953388,0.011685539248261767,0.011685539248261767,0.011685539248261767,0.011685539248261767,0.0,0.011685539248261767,0.011685539248261767,0.011685539248261767,0.011185539248261767,0.011685539248261767
2021-06-07,0.0,-0.01048215646798701,-0.01125944780105137,-0.01125944780105137,-0.01125944780105137,-0.01125944780105137,0.0,-0.01125944780105137,-0.011259447801051368,-0.01125944780105137,-0.01125944780105137,-0.01125944780105137
2021-06-08,0.0,-0.0006397136127481953,-0.0006871507835585211,-0.0006871507835585211,-0.0006871507835585211,-0.0006871507835585211,0.0,-0.0006871507835585211,-0.0006871507835585212,-0.0006871507835585211,-0.0005,-0.0006871507835585211
2021-06-09,0.0,-0.003886902701135541,-0.004175131157873824,-0.004175131157873824,-0.004175131157873824,-0.004175131157873824,-0.004675131157873824,-0.004175131157873824,-0.004175131157873823,-0.004175131157873824,0.0,-0.004175131157873824
2021-06-10,0.0,0.001790790016627423,0.0019235838328153232,0.0019235838328153232,0.0019235838328153232,0.0019235838328153232,0.0019235838328153232,-0.0005,0.0019235838328153232,0.0019235838328153232,0.0,0.0019235838328153232
2021-06-11,0.0,-0.0014662503635601897,-0.0015749783436450615,-0.0015749783436450615,-0.0015749783436450615,-0.0015749783436450615,-0.0005,0.0,-0.0015749783436450613,-0.0015749783436450615,-0.0020749783436450615,-0.0015749783436450615
2021-06-14,0.0,-0.006656145343702996,-0.007149723559509824,-0.007149723559509824,-0.007149723559509824,-0.007149723559509824,-0.0076497235595098245,0.0,-0.007149723559509824,-0.007149723559509824,-0.0005,-0.007149723559509824
2021-06-15,0.0,-0.003467661143607963,-0.0037248012617852044,-0.0037248012617852044,-0.0037248012617852044,-0.0037248012617852044,-0.0005,0.0,-0.0037248012617852044,-0.0037248012617852044,0.0,-0.0037248012617852044
2021-06-16,0.0,-0.017170311136458515,-0.018443554297171483,-0.018443554297171483,-0.018443554297171483,-0.018443554297171483,0.0,0.0,-0.018443554297171483,-0.018443554297171483,0.0,-0.018443554297171483
2021-06-17,-0.009488900957146329,-0.008368355888576328,-0.008988900957146327,-0.008988900957146329,-0.008988900957146329,-0.008988900957146329,-0.009488900957146329,0.0,-0.008988900957146329,-0.008988900957146329,0.0,-0.008988900957146329
2021-06-18,-0.01814098016265886,-0.01688862508247362,-0.01814098016265886,-0.01814098016265886,-0.01814098016265886,-0.01814098016265886,-0.01814098016265886,0.0,-0.01814098016265886,-0.01814098016265886,0.0,-0.01814098016265886
2021-06-21,0.018841596390493764,0.0175408745581087,0.018841596390493764,0.018841596390493764,0.018841596390493764,0.018841596390493764,-0.0005,0.0,0.01884159639049376,0.018841596390493764,0.0,0.018841596390493764
2021-06-22,-0.00035868250218251685,-0.00033392100364417154,-0.00035868250218251685,-0.00035868250218251685,-0.00035868250218251685,-0.00035868250218251685,-0.0008586825021825169,0.0,-0.0003586825021825169,-0.00035868250218251685,-0.0008586825021825169,-0.00035868250218251685
2021-06-23,-0.014245922490744412,-0.013262461109758367,-0.014245922490744412,-0.014245922490744412,-0.014245922490744412,-0.014245922490744412,-0.014245922490744412,0.0,-0.014245922490744412,-0.014245922490744412,-0.014245922490744412,-0.014245922490744412
2021-06-24,0.004678434455992697,0.004355460663742137,0.004678434455992697,0.004678434455992697,0.004678434455992697,0.004678434455992697,0.004678434455992697,0.0,0.004678434455992697,0.004678434455992697,-0.0005,0.004678434455992697
2021-06-25,0.007709576276351493,0.00717734885924432,0.007709576276351493,0.007709576276351493,0.007709576276351493,0.007709576276351493,0.007709576276351493,0.0,0.007709576276351493,0.007709576276351493,0.0,0.007709576276351493
2021-06-28,0.008986230007032692,0.008365869326401697,0.008986230007032692,0.008986230007032692,0.008986230007032692,0.008986230007032692,0.008986230007032692,0.0,0.008986230007032692,0.008986230007032692,0.008486230007032691,0.008986230007032692
2021-06-29,-0.0023921694912583114,-0.0022270270574879414,-0.0023921694912583114,-0.0023921694912583114,-0.0023921694912583114,-0.0023921694912583114,-0.0023921694912583114,0.0,-0.0023921694912583114,-0.0023921694912583114,-0.0023921694912583114,-0.0023921694912583114
2021-06-30,0.013263589699309408,0.012347943257249236,0.013263589699309408,0.013263589699309408,0.013263589699309408,0.013263589699309408,0.013263589699309408,0.012763589699309408,0.013263589699309408,0.013263589699309408,0.013263589699309408,0.013263589699309408
2021-07-01,0.002315343300378858,0.0021555045309957746,0.002315343300378858,0.002315343300378858,0.002315343300378858,0.002315343300378858,0.002315343300378858,0.002315343300378858,0.002315343300378858,0.002315343300378858,0.002315343300378858,0.002315343300378858
2021-07-02,-0.0005,0.003741081764779843,0.004018497050549463,0.004018497050549463,0.004018497050549463,0.004018497050549463,0.004018497050549463,0.004018497050549463,0.004018497050549463,0.004018497050549463,0.004018497050549463,0.004018497050549463
2021-07-06,0.0,-0.013971839841980038,-0.015007904324446207,-0.015007904324446208,-0.015007904324446208,-0.015007904324446208,-0.015007904324446208,-0.015007904324446208,-0.015007904324446208,-0.015007904324446208,-0.015007904324446208,-0.015007904324446208
2021-07-07,0.0,0.014043011718309802,0.01508435386313467,0.01508435386313467,0.01508435386313467,0.01508435386313467,0.01508435386313467,0.01508435386313467,0.015084353863134668,0.01508435386313467,-0.0005,0.01508435386313467
2021-07-08,0.0,-0.007406291231859376,-0.007955495587113615,-0.007955495587113615,-0.007955495587113615,-0.007955495587113615,-0.007955495587113615,-0.007955495587113615,-0.007955495587113615,-0.007955495587113615,-0.008455495587113615,-0.007955495587113615
2021-07-09,0.0,0.01281865384315937,0.013769205245847349,0.013769205245847349,0.013769205245847349,0.013769205245847349,-0.0005,0.013769205245847349,0.013769205245847349,0.013769205245847349,-0.0005,0.013769205245847349
2021-07-12,0.0,-0.004724505538530551,-0.005074845396491057,-0.005074845396491057,-0.005074845396491057,-0.005074845396491057,0.0,-0.005074845396491057,-0.005074845396491057,-0.005074845396491057,-0.005574845396491057,-0.005074845396491057
2021-07-13,0.0,-0.001768998155698743,-0.0019001760234238496,-0.0019001760234238496,-0.0019001760234238496,-0.0019001760234238496,-0.0024001760234238496,-0.0019001760234238496,-0.0019001760234238496,-0.0019001760234238496,-0.0019001760234238496,-0.0019001760234238496
2021-07-14,0.0,0.01614789194226095,0.0161824092359506,0.0161824092359506,0.0161824092359506,0.016182409235950598,0.0161824092359506,0.0161824092359506,0.0161824092359506,0.0161824092359506,-0.0005,0.0161824092359506
2021-07-15,0.0,-0.0011830613489522968,-0.0011830613489522965,-0.0011830613489522968,-0.0011830613489522968,-0.0011830613489522965,-0.0011830613489522968,-0.0011830613489522968,-0.0011830613489522968,-0.0011830613489522968,-0.0016830613489522968,-0.0011830613489522968
2021-07-16,0.0,-0.015894259065376004,-0.015894259065376004,-0.015894259065376004,-0.015894259065376004,-0.015894259065376,-0.015894259065376004,-0.015894259065376004,-0.015894259065376004,-0.015894259065376004,-0.015894259065376004,-0.015894259065376004
2021-07-19,0.0,-0.009078532109047854,-0.009078532109047854,-0.009078532109047854,-0.009078532109047854,-0.009078532109047854,-0.0005,-0.009078532109047854,-0.009078532109047854,-0.009078532109047854,-0.0005,-0.009078532109047854
2021-07-20,0.0,0.016501208160840886,0.016501208160840886,0.016501208160840886,0.016501208160840886,0.016501208160840886,0.0,0.016501208160840886,0.016501208160840886,0.016501208160840886,0.0,0.016501208160840886
2021-07-21,0.0,-0.00024906021315773685,-0.00024906021315773685,-0.00024906021315773685,-0.00024906021315773685,-0.00024906021315773685,-0.0007490602131577369,-0.0005,-0.00024906021315773685,-0.00024906021315773685,-0.0007490602131577369,-0.00024906021315773685
2021-07-22,0.0,-0.008467223419969527,-0.008467223419969527,-0.008467223419969527,-0.008467223419969527,-0.008467223419969526,-0.008467223419969527,0.0,-0.008467223419969526,-0.008467223419969527,-0.008467223419969527,-0.008467223419969527
2021-07-23,0.0,0.007132947879340046,0.007132947879340045,0.007132947879340046,0.007132947879340046,0.007132947879340046,0.007132947879340046,0.0,0.007132947879340046,0.007132947879340046,-0.0005,0.007132947879340046
2021-07-26,0.0,0.0058857774684575315,0.0058857774684575315,0.0058857774684575315,0.0058857774684575315,0.005885777468457531,0.0058857774684575315,0.0,0.005885777468457531,0.0058857774684575315,0.005385777468457531,0.0058857774684575315
2021-07-27,0.0,-0.005950412186236487,-0.005950412186236487,-0.005950412186236487,-0.005950412186236487,-0.005950412186236486,-0.005950412186236487,0.0,-0.005950412186236487,-0.005950412186236487,-0.005950412186236487,-0.005950412186236487
2021-07-28,0.0,-0.010924357952826202,-0.010924357952826202,-0.010924357952826202,-0.010924357952826202,-0.010924357952826202,-0.010924357952826202,-0.011424357952826203,-0.010924357952826202,-0.010924357952826202,-0.0005,-0.010924357952826202
2021-07-29,0.0,-0.0005546655824175684,-0.0005546655824175684,-0.0005546655824175684,-0.0005546655824175684,-0.0005546655824175684,-0.0005,-0.0005546655824175684,-0.0005546655824175684,-0.0005546655824175684,0.0,-0.0005546655824175684
2021-07-30,0.0,-0.0011606891268359787,-0.0011606891268359787,-0.0011606891268359787,-0.0011606891268359787,-0.0011606891268359787,0.0,-0.0005,-0.0011606891268359787,-0.0011606891268359787,0.0,-0.0011606891268359787
2021-08-02,0.0,-0.002121862456368473,-0.0021218624563684725,-0.002121862456368473,-0.002121862456368473,-0.002121862456368473,-0.002621862456368473,0.0,-0.002121862456368473,-0.002121862456368473,0.0,-0.002121862456368473
2021-08-03,0.0,0.01777021684490454,0.01777021684490454,0.01777021684490454,0.01777021684490454,0.01777021684490454,0.01777021684490454,0.0,0.017770216844904537,0.01777021684490454,0.0,0.01777021684490454
2021-08-04,0.0,-0.01741014633415927,-0.01741014633415927,-0.01741014633415927,-0.01741014633415927,-0.017410146334159268,-0.01741014633415927,0.0,-0.01741014633415927,-0.01741014633415927,-0.01791014633415927,-0.01741014633415927
2021-08-05,0.0,0.0013668619784117375,0.0013668619784117373,0.0013668619784117375,0.0013668619784117375,0.0013668619784117375,0.0013668619784117375,0.0,0.0013668619784117375,0.0013668619784117375,-0.0005,0.0013668619784117375
2021-08-06,0.0,0.001668365468308508,0.001668365468308508,0.001668365468308508,0.001668365468308508,0.001668365468308508,0.001668365468308508,0.0,0.001668365468308508,0.001668365468308508,0.0,0.001668365468308508
2021-08-09,0.0,-0.0035330826311095187,-0.0035330826311095187,-0.0035330826311095187,-0.0035330826311095187,-0.0035330826311095187,-0.0035330826311095187,0.0,-0.0035330826311095187,-0.0035330826311095187,-0.004033082631109519,-0.0035330826311095187
2021-08-10,0.0,0.009218452283753953,0.009218452283753953,0.009218452283753953,0.009218452283753953,0.009218452283753953,0.009218452283753953,0.0,0.009218452283753951,0.009218452283753953,-0.0005,0.009218452283753953
2021-08-11,0.0,0.011643599873536248,0.011643599873536248,0.011643599873536248,0.011643599873536248,0.011643599873536248,0.011643599873536248,0.0,0.011643599873536248,0.011643599873536248,0.011143599873536247,0.011643599873536248
2021-08-12,0.0,-0.0006945141820272616,-0.0006945141820272616,-0.0006945141820272616,-0.0006945141820272616,-0.00030548581797273846,-0.0005,-0.0011945141820272616,-0.0006945141820272616,-0.0006945141820272616,-0.0006945141820272616,-0.0006945141820272616
2021-08-13,0.0,-0.004219794004574506,-0.004219794004574506,-0.004219794004574506,-0.004219794004574506,0.004219794004574506,0.0,-0.004219794004574506,-0.004219794004574506,-0.004219794004574506,-0.004219794004574506,-0.004219794004574506
2021-08-16,0.0,0.008674904079187362,0.008674904079187362,0.008674904079187362,0.008674904079187362,-0.008674904079187362,0.0,0.008674904079187362,0.008674904079187362,0.008674904079187362,0.008674904079187362,0.008674904079187362
2021-08-17,0.0,-0.013691411141563248,-0.013691411141563248,-0.013691411141563248,-0.013691411141563248,0.013691411141563248,0.0,-0.013691411141563248,-0.013691411141563248,-0.013691411141563248,-0.013691411141563248,-0.013691411141563248
2021-08-18,0.0,-0.015234165946685252,-0.015234165946685252,-0.015234165946685252,-0.015234165946685252,0.015234165946685252,-0.015734165946685252,-0.015234165946685252,-0.015234165946685252,-0.015234165946685252,-0.0005,-0.015234165946685252
2021-08-19,-0.006351915458913615,-0.005851915458913615,-0.005851915458913615,-0.005851915458913615,-0.005851915458913615,0.005851915458913615,-0.0005,-0.005851915458913615,-0.005851915458913615,-0.005851915458913615,0.0,-0.005851915458913615
2021-08-20,0.0014443470827671945,0.0014443470827671945,0.0014443470827671945,0.0014443470827671945,0.0014443470827671945,-0.0014443470827671945,0.0,-0.0005,0.0014443470827671945,0.0014443470827671945,0.0,0.0014443470827671945
2021-08-23,0.002677821244895906,0.002677821244895906,0.002677821244895906,0.002677821244895906,0.002677821244895906,-0.002677821244895906,0.0,0.0,0.002677821244895906,-0.003677821244895906,0.0,0.002677821244895906
2021-08-24,0.0003594918411029546,0.0003594918411029546,0.0003594918411029546,0.0003594918411029546,0.0003594918411029546,-0.0003594918411029546,-0.0001405081588970454,-0.0008594918411029546,0.0003594918411029546,-0.0003594918411029546,0.0,0.0003594918411029546
2021-08-25,-0.0021050448269618327,-0.0021050448269618327,-0.0021050448269618327,-0.0021050448269618327,-0.0021050448269618327,0.0021050448269618327,-0.0021050448269618327,0.0021050448269618327,-0.0021050448269618327,0.0021050448269618327,0.0,-0.0021050448269618327
2021-08-26,0.005042469851167519,0.005042469851167519,0.005042469851167519,0.005042469851167519,0.005042469851167519,-0.005042469851167519,0.005042469851167519,-0.005042469851167519,0.005042469851167519,-0.005042469851167519,0.0,0.005042469851167519
2021-08-27,-0.001382052206772788,-0.001382052206772788,-0.001382052206772788,-0.001382052206772788,-0.001382052206772788,0.001382052206772788,-0.001382052206772788,0.001382052206772788,-0.001382052206772788,0.001382052206772788,-0.001882052206772788,-0.001382052206772788
2021-08-30,0.005741845150418312,0.005741845150418312,0.005741845150418312,0.005741845150418312,0.005741845150418312,-0.005741845150418312,0.005741845150418312,-0.005741845150418312,0.005741845150418312,-0.005741845150418312,0.005741845150418312,0.005741845150418312
2021-08-31,-0.007289606801087589,-0.007289606801087589,-0.007289606801087589,-0.007289606801087589,-0.007289606801087589,0.007289606801087589,-0.007289606801087589,-0.0005,-0.007289606801087589,0.007289606801087589,-0.007289606801087589,-0.007289606801087589
2021-09-01,-0.006675395711059351,-0.006675395711059351,-0.006675395711059351,-0.006675395711059351,-0.006675395711059351,0.006675395711059351,-0.006675395711059351,0.0,-0.00667539571105935,0.006675395711059351,-0.0005,-0.006675395711059351
2021-09-02,0.0074958854490208005,0.0074958854490208005,0.0074958854490208005,0.0074958854490208005,0.0074958854490208005,-0.0074958854490208005,-0.0005,0.0,0.0074958854490208005,-0.0074958854490208005,0.0,0.0074958854490208005
2021-09-03,-0.002565602926684507,-0.002565602926684507,-0.002565602926684507,-0.002565602926684507,-0.002565602926684507,0.002565602926684507,-0.003065602926684507,0.002065602926684507,-0.0025656029266845066,0.002565602926684507,-0.003065602926684507,-0.002565602926684507
2021-09-07,-0.0453214495469525,-0.0453214495469525,-0.0453214495469525,-0.0453214495469525,-0.0453214495469525,0.0453214495469525,-0.0453214495469525,0.0453214495469525,-0.0453214495469525,0.0453214495469525,-0.0005,-0.0453214495469525
2021-09-08,0.012447867541270252,0.012447867541270252,-0.0005,-0.0005,-0.013447867541270253,0.011447867541270251,-0.0005,-0.012447867541270252,0.01244786754127025,-0.012447867541270252,0.0,0.012447867541270252
2021-09-09,-0.011389941550220994,-0.011389941550220994,-0.011889941550220995,-0.011889941550220995,-0.012389941550220995,-0.011389941550220994,-0.011889941550220995,0.011389941550220994,-0.011389941550220994,0.011389941550220994,0.0,-0.011389941550220994
2021-09-10,-0.00646052409539144,-0.00646052409539144,-0.0005,-0.0005,0.00546052409539144,-0.00646052409539144,-0.00646052409539144,0.00646052409539144,-0.00646052409539144,0.00646052409539144,0.0,-0.00646052409539144
2021-09-13,0.0036851523678016473,0.0036851523678016473,0.0031851523678016473,0.0,-0.0005,0.0036851523678016473,0.0036851523678016473,-0.0036851523678016473,0.0036851523678016473,-0.0036851523678016473,0.0,0.0036851523678016473
2021-09-14,-0.01517055213634122,-0.01517055213634122,-0.0005,0.0,0.0,-0.01517055213634122,-0.01517055213634122,0.01517055213634122,0.014170552136341219,0.01517055213634122,0.0,-0.01517055213634122
2021-09-15,0.00970297614816551,0.00970297614816551,0.0,0.0,0.0,0.00970297614816551,0.00970297614816551,-0.00970297614816551,-0.00970297614816551,-0.00970297614816551,0.0,0.00970297614816551
2021-09-16,-0.008306826041453053,-0.008306826041453053,0.0,0.0,0.0,-0.00830682604145305,-0.008306826041453053,0.008306826041453053,0.008306826041453053,0.008306826041453053,0.0,-0.008306826041453053
2021-09-17,-0.006405083678153067,-0.006405083678153067,0.0,0.0,0.0,-0.006405083678153067,-0.006405083678153067,0.006405083678153067,0.006405083678153067,0.006405083678153067,0.0,-0.006405083678153067
2021-09-20,-0.005289756998470563,-0.005289756998470563,0.0,0.0,0.0,-0.005289756998470563,-0.005289756998470563,0.005289756998470563,0.005289756998470563,0.005289756998470563,0.0,-0.005289756998470563
2021-09-21,-0.011687684886187433,-0.011687684886187433,0.0,0.0,0.0,-0.011687684886187433,-0.011687684886187433,0.011687684886187433,0.011687684886187433,0.011687684886187433,0.0,-0.011687684886187433
2021-09-22,0.007958693149256124,0.007958693149256124,0.0,0.0,0.0,0.007958693149256124,0.007958693149256124,-0.007958693149256124,-0.007958693149256124,-0.007958693149256124,0.0,0.007958693149256124
2021-09-23,0.009397288015141392,0.009397288015141392,0.0,0.0,0.0,0.00939728801514139,0.009397288015141392,-0.009397288015141392,-0.009397288015141392,-0.009397288015141392,0.0,0.009397288015141392
2021-09-24,-0.0026993891806921244,-0.0026993891806921244,0.0,0.0,0.0,-0.002699389180692124,-0.0026993891806921244,0.0026993891806921244,0.0026993891806921244,0.0026993891806921244,-0.0031993891806921244,-0.0026993891806921244
2021-09-27,0.004142996606721017,0.004142996606721017,0.0,0.0,0.0,0.004142996606721017,0.004142996606721017,-0.004142996606721017,-0.004142996606721017,-0.004142996606721017,0.004142996606721017,0.004142996606721017
2021-09-28,-0.00957173535252931,-0.00957173535252931,0.0,0.0,0.0,-0.009571735352529307,-0.00957173535252931,0.00957173535252931,0.00957173535252931,0.00957173535252931,-0.00957173535252931,-0.00957173535252931
2021-09-29,0.0046099050107686335,0.0046099050107686335,0.0,0.0,0.0,0.0046099050107686335,0.0046099050107686335,-0.0046099050107686335,-0.0046099050107686335,-0.0046099050107686335,-0.0005,0.0046099050107686335
2021-09-30,-0.030185767684300147,-0.030185767684300147,0.0,0.0,0.0,-0.030185767684300147,-0.030185767684300147,-0.0005,0.030185767684300147,0.030185767684300147,-0.030685767684300147,-0.030185767684300147
2021-10-01,0.007182853801810385,0.007182853801810385,0.0,0.0,0.0,0.007182853801810385,0.007182853801810385,-0.007682853801810385,-0.007182853801810385,-0.007182853801810385,-0.0005,0.007182853801810385
2021-10-04,-0.003622511644421955,-0.003622511644421955,0.0,0.0,0.0,-0.003622511644421955,-0.003622511644421955,0.003622511644421955,0.003622511644421955,0.003622511644421955,0.0,-0.003622511644421955
2021-10-05,0.010452185943624404,0.010452185943624404,0.0,0.0,0.0,0.010452185943624404,0.010452185943624404,-0.010452185943624404,-0.010452185943624404,-0.010452185943624404,0.0,0.010452185943624404
2021-10-06,0.002923207110084647,0.002923207110084647,0.0,0.0,0.0,0.0029232071100846464,0.002923207110084647,-0.002923207110084647,-0.002923207110084647,-0.002923207110084647,0.002423207110084647,0.002923207110084647
2021-10-07,-0.003362983567672395,-0.003362983567672395,0.0,0.0,0.0,-0.0033629835676723947,-0.003362983567672395,0.003362983567672395,0.003362983567672395,0.003362983567672395,-0.003362983567672395,-0.003362983567672395
2021-10-08,-0.004780434697647662,-0.004780434697647662,0.0,0.0,0.0,-0.004780434697647661,-0.004780434697647662,0.004780434697647662,0.004780434697647661,0.004780434697647662,-0.0005,-0.004780434697647662
2021-10-11,-0.003786540970600827,-0.003786540970600827,0.0,0.0,0.0,-0.003786540970600827,-0.003786540970600827,0.003786540970600827,0.003786540970600827,0.003786540970600827,0.0,-0.003786540970600827
2021-10-12,0.0032548054753972497,-0.003977592547174118,0.0,0.0,0.0037548054753972497,0.0032548054753972497,0.0032548054753972497,0.00425480547539725,0.00425480547539725,0.00425480547539725,0.0,-0.00425480547539725
2021-10-13,-0.00934321089359913,0.008653412482525158,0.0,0.0,-0.00934321089359913,-0.00934321089359913,-0.00934321089359913,-0.00934321089359913,-0.00934321089359913,-0.00934321089359913,0.0,0.00934321089359913
2021-10-14,-0.017779548360165043,0.016466904950086743,0.0,0.0,-0.017779548360165043,-0.017779548360165043,-0.017779548360165043,-0.017779548360165043,-0.017779548360165043,-0.017779548360165043,0.017279548360165042,0.017779548360165043
2021-10-15,-0.008983912152501494,0.008320640350270294,0.0,0.0,-0.008983912152501494,-0.008983912152501494,-0.0005,-0.008983912152501494,-0.008983912152501494,-0.008983912152501494,0.008983912152501494,0.008983912152501494
2021-10-18,0.0012090817962515654,-0.0011198166912024898,0.0,0.0,0.0012090817962515654,0.0012090817962515654,0.0,-0.0005,0.0012090817962515654,0.0012090817962515654,-0.0012090817962515654,-0.0012090817962515654
2021-10-19,-0.0032468634757998327,0.0030071513155921245,0.0,0.0,-0.0032468634757998327,-0.0032468634757998327,0.0,0.0,-0.0032468634757998327,-0.0032468634757998327,0.0032468634757998327,0.0032468634757998327
2021-10-20,-0.0006031951054754625,0.0005586619112595831,0.0,0.0,-0.0006031951054754625,-0.0006031951054754625,-0.0011031951054754625,0.0,-0.0006031951054754625,-0.0006031951054754625,0.0006031951054754625,0.0006031951054754625
2021-10-21,0.0016447331337423599,-0.001523304396318329,0.0,0.0,0.0016447331337423599,0.0016447331337423599,-0.0005,0.0,0.0016447331337423596,0.0016447331337423599,-0.0016447331337423599,-0.0016447331337423599
2021-10-22,0.007247916002766752,-0.0067128107804570155,0.0,0.0,0.007247916002766752,0.007247916002766752,0.0,0.0,0.007247916002766752,0.007247916002766752,-0.007247916002766752,-0.007247916002766752
2021-10-25,-0.008849790626554332,0.008196420860843849,0.0,0.0,-0.008849790626554332,-0.00884979062655433,0.0,0.0,-0.008849790626554332,-0.008849790626554332,-0.0005,0.008849790626554332
2021-10-26,0.0013159306411506533,-0.001218777009954001,0.0,0.0,0.0013159306411506533,0.0013159306411506533,0.0,0.0,0.001315930641150653,0.0013159306411506533,-0.0018159306411506533,-0.0013159306411506533
2021-10-27,0.02151941891561715,-0.01993066520511306,0.0,0.0,0.02151941891561715,0.02151941891561715,0.0,0.0,0.02151941891561715,0.02151941891561715,-0.02151941891561715,-0.02151941891561715
2021-10-28,-0.009145104186041753,0.008469931763148118,0.0,0.0,-0.009145104186041753,-0.00914510418604175,0.0,-0.009645104186041753,-0.009145104186041753,-0.009145104186041753,-0.0005,0.009145104186041753
2021-10-29,0.006616056714181084,-0.006127600929441822,0.0,0.0,0.006616056714181084,0.006616056714181084,0.006116056714181084,0.006616056714181084,0.006616056714181084,0.006616056714181084,0.0,-0.006616056714181084
2021-11-01,-0.005036811874782776,0.004664949902740177,0.0,0.0,-0.005036811874782776,-0.005036811874782775,-0.0005,-0.005036811874782776,-0.005036811874782776,-0.005036811874782776,0.0,0.005036811874782776
2021-11-02,-0.013308996240162685,0.012326408501964129,0.0,0.0,-0.013308996240162685,-0.013308996240162685,0.0,-0.013308996240162685,-0.013308996240162685,-0.013308996240162685,0.0,0.013308996240162685
2021-11-03,-0.0014286033781134577,0.0013231312495807833,0.0,0.0,-0.0014286033781134577,-0.0014286033781134577,0.0009286033781134577,-0.0014286033781134577,-0.0014286033781134577,-0.0014286033781134577,0.0009286033781134577,0.0014286033781134577
2021-11-04,0.008889632258790248,-0.008233321031635309,0.0,0.0,0.008889632258790248,0.008889632258790248,-0.0005,0.008889632258790248,0.008889632258790246,0.008889632258790248,-0.008889632258790248,-0.008889632258790248
2021-11-05,-0.006588530395754022,0.006102106847141069,0.0,0.0,-0.006588530395754022,-0.006588530395754021,0.0,-0.006588530395754022,-0.006588530395754022,-0.006588530395754022,-0.0005,0.006588530395754022
2021-11-08,0.0014297609611136908,-0.0013242033695722777,0.0,0.0,0.0014297609611136908,0.0014297609611136908,0.0,-0.0005,0.0014297609611136908,0.0014297609611136908,-0.0019297609611136908,-0.0014297609611136908
2021-11-09,0.0011571322794533545,-0.0010717025469064684,0.0,0.0,0.0011571322794533545,0.0011571322794533543,0.0,0.0,0.0011571322794533545,0.0011571322794533545,-0.0011571322794533545,-0.0011571322794533545
2021-11-10,-0.006011248909231215,0.005567445382437384,0.0,0.0,-0.006011248909231215,0.005011248909231215,0.0,0.0,-0.006011248909231215,-0.006011248909231215,-0.0005,0.006011248909231215
2021-11-11,0.01211483607433772,-0.011220411794540624,0.0,0.0,0.01211483607433772,-0.01211483607433772,0.0,0.0,0.01211483607433772,0.01211483607433772,-0.01261483607433772,-0.01211483607433772
2021-11-12,-0.019144164096987826,0.017730772691631824,0.0,0.0,-0.019144164096987826,0.019144164096987826,0.0,0.0,-0.019144164096987826,-0.019144164096987826,-0.0005,0.019144164096987826
2021-11-15,0.0019056644248471866,-0.0017649714331905023,0.0,0.0,0.0019056644248471866,-0.0019056644248471866,0.0,0.0,0.0019056644248471866,0.0019056644248471866,-0.0024056644248471866,-0.0019056644248471866
2021-11-16,-0.00032746765120306165,0.00030329109476540827,0.0,0.0,-0.00032746765120306165,0.00032746765120306165,0.0,0.0,-0.00032746765120306165,-0.00032746765120306165,0.00032746765120306165,0.00032746765120306165
2021-11-17,0.0001637392520291714,-0.00015165057318349307,0.0,0.0,0.0001637392520291714,-0.0001637392520291714,0.0,0.0,0.0001637392520291714,0.0001637392520291714,-0.0001637392520291714,-0.0001637392520291714
2021-11-18,0.01699087703754154,-0.015736460315418876,0.0,0.0,0.01699087703754154,-0.01699087703754154,0.0,0.0,0.016990877037541537,0.01699087703754154,-0.01699087703754154,-0.01699087703754154
2021-11-19,-0.0025728198399723734,0.002382871538708151,0.0,0.0,-0.0025728198399723734,0.0025728198399723734,0.0,0.0,-0.0025728198399723734,-0.0025728198399723734,-0.0005,0.0025728198399723734
2021-11-22,-0.002399569038407101,0.0022224116426461343,0.0,0.0,-0.002399569038407101,0.002399569038407101,0.0,0.0,-0.002399569038407101,-0.002399569038407101,0.0,0.002399569038407101
2021-11-23,0.0011135486795686989,-0.0010313366735926553,0.0,0.0,0.0011135486795686989,-0.0011135486795686989,0.0,0.0,0.0011135486795686989,0.0011135486795686989,0.0,-0.0011135486795686989
2021-11-24,0.010197212067659112,-0.00944436374155802,0.0,0.0,0.010197212067659112,-0.010197212067659112,0.0,0.009697212067659111,0.010197212067659112,0.010197212067659112,0.0,-0.010197212067659112
2021-11-26,0.011878531546395732,-0.011001553355503214,0.0,0.0,0.011878531546395732,-0.011878531546395732,0.0,0.011878531546395732,0.011878531546395732,0.011878531546395732,0.0,-0.011878531546395732
2021-11-29,-0.0040451966867702804,0.0037465445126095252,0.0,0.0,-0.0040451966867702804,0.0040451966867702804,0.0,-0.0040451966867702804,-0.0040451966867702804,-0.0040451966867702804,0.0,0.0040451966867702804
2021-11-30,0.035124808019295295,-0.032531584229646374,0.0,0.0,0.035124808019295295,-0.035124808019295295,0.0,0.035124808019295295,0.035124808019295295,0.035124808019295295,0.0,-0.035124808019295295
2021-12-01,-0.004058377342338604,0.0037587520556824246,0.0,0.0,-0.004058377342338604,0.004058377342338604,0.0,-0.004058377342338604,-0.004058377342338604,-0.004058377342338604,0.0,0.004058377342338604
2021-12-02,0.002753215559195721,-0.002549948851454121,0.0,0.0,0.002753215559195721,-0.002753215559195721,0.0,0.002753215559195721,0.002753215559195721,0.002753215559195721,0.0,-0.002753215559195721
2021-12-03,-0.013685029420776429,0.012674679589497414,0.0,0.0,-0.013685029420776429,0.013685029420776429,0.0,-0.013685029420776429,-0.013685029420776429,-0.013685029420776429,0.0,0.013685029420776429
2021-12-06,-0.02671060883004084,0.02473859559608899,0.0,0.0,-0.02671060883004084,0.02671060883004084,0.0,-0.02671060883004084,-0.02671060883004084,-0.02671060883004084,0.026210608830040838,0.02671060883004084
2021-12-07,0.0036682153919754823,-0.003397395309064236,0.0,0.0,0.0036682153919754823,-0.0036682153919754823,0.0,0.0036682153919754823,0.0036682153919754823,0.0036682153919754823,-0.0036682153919754823,-0.0036682153919754823
2021-12-08,0.0028886757912950367,-0.002675408211911994,0.0,0.0,0.0028886757912950367,-0.0028886757912950367,0.0,0.0028886757912950367,0.0028886757912950367,0.0028886757912950367,-0.0028886757912950367,-0.0028886757912950367
2021-12-09,0.000567857785625403,-0.0005259335047008722,0.0,0.0,0.000567857785625403,-0.000567857785625403,0.0,0.000567857785625403,0.000567857785625403,0.000567857785625403,-0.000567857785625403,-0.000567857785625403
2021-12-10,-0.006593175244395066,0.006459628648930801,0.0,0.0,-0.006593175244395066,-0.007593175244395066,-0.007093175244395067,-0.006593175244395066,-0.006593175244395066,-0.006593175244395066,0.006593175244395066,0.006593175244395066
2021-12-13,0.014229079603490513,-0.013986036905480798,0.0,0.0,0.014229079603490513,0.014229079603490511,-0.0005,0.014229079603490513,0.014229079603490513,0.014229079603490513,-0.014229079603490513,-0.014229079603490513
2021-12-14,-0.0008016245273121392,0.0007779898445156711,0.0,0.0,-0.0008016245273121392,-0.0008016245273121391,0.0,-0.0008016245273121392,-0.0008016245273121392,-0.0008016245273121392,-0.0005,0.0008016245273121392
2021-12-15,-0.006066819817049041,0.006054451703478079,0.0,0.0,-0.006066819817049041,-0.00606681981704904,0.0,-0.006066819817049041,-0.006066819817049041,-0.006066819817049041,0.0,0.006066819817049041
2021-12-16,-0.014392919344302646,0.014392919344302646,0.0,0.0,-0.014392919344302646,-0.014392919344302644,0.0,-0.014392919344302646,-0.014392919344302646,-0.014392919344302646,0.013892919344302646,0.014392919344302646
2021-12-17,0.019965206224440646,-0.01983013265154174,0.0,0.0,0.019965206224440646,0.019965206224440642,0.019465206224440645,0.019965206224440646,0.019965206224440642,0.019965206224440646,-0.019965206224440646,-0.019965206224440646
2021-12-20,0.012074481594941622,-0.011419473216538623,0.0,0.0,0.012074481594941622,0.01207448159494162,-0.0005,0.012074481594941622,0.012074481594941622,0.012074481594941622,-0.0005,-0.012074481594941622
2021-12-21,-0.0016221987686961814,0.0015501481186033844,0.0,0.0,-0.0016221987686961814,-0.0016221987686961812,0.0,-0.0016221987686961814,-0.0016221987686961814,-0.0016221987686961814,0.0,0.0016221987686961814
2021-12-22,0.0016195715018000323,-0.0015582924577586883,0.0,0.0,0.0016195715018000323,0.001619571501800032,0.0,0.0016195715018000323,0.001619571501800032,0.0016195715018000323,0.0,-0.0016195715018000323
2021-12-23,-0.013496432561960203,0.013012666296291438,0.0,0.0,-0.013496432561960203,-0.013496432561960202,0.0,-0.013496432561960203,-0.013496432561960203,-0.013496432561960203,0.0,0.013496432561960203
2021-12-27,-0.009887494976084543,0.009221049594339536,0.0,0.0,-0.009887494976084543,-0.009887494976084541,0.0,-0.009887494976084543,-0.009887494976084543,-0.009887494976084543,0.009387494976084543,0.009887494976084543
2021-12-28,-0.005319662487733412,0.004954687061474837,0.0,0.0,-0.005319662487733412,-0.005319662487733411,0.0,-0.005319662487733412,-0.005319662487733412,-0.005319662487733412,0.005319662487733412,0.005319662487733412
2021-12-29,-0.004334590313554543,0.0040989672083500675,0.0,0.0,-0.004334590313554543,-0.004334590313554542,0.0,-0.0005,-0.004334590313554543,-0.004334590313554543,0.004334590313554543,0.004334590313554543
2021-12-30,0.004315882730078213,-0.004088120970721491,0.0,0.0,0.004315882730078213,0.004315882730078212,0.0,0.0,0.004315882730078213,0.004315882730078213,-0.004315882730078213,-0.004315882730078213
2021-12-31,5.6389140430601614e-05,-8.279143440687253e-05,0.0,0.0,5.6389140430601614e-05,5.638914043060161e-05,0.0,0.0,5.638914043060155e-05,5.6389140430601614e-05,-5.6389140430601614e-05,-5.6389140430601614e-05
2022-01-03,-0.0006195297787112697,0.0006195297787112697,0.0,0.0,-0.0006195297787112697,-0.0006195297787112696,0.0,0.0,-0.0006195297787112698,-0.0006195297787112697,0.0006195297787112697,0.0006195297787112697
2022-01-04,-0.014009254936981241,0.014009254936981241,0.0,0.0,-0.014009254936981241,-0.014009254936981241,0.0,0.0,-0.014009254936981241,-0.014009254936981241,0.014009254936981241,0.014009254936981241
2022-01-05,0.004106039323332755,-0.004106039323332755,0.0,0.0,0.004106039323332755,0.004106039323332755,0.0,0.0,0.004106039323332755,0.004106039323332755,-0.004106039323332755,-0.004106039323332755
2022-01-06,0.00830114656899017,-0.00830114656899017,0.0,0.0,0.00830114656899017,0.00830114656899017,0.0,0.0,0.00830114656899017,0.00830114656899017,-0.00830114656899017,-0.00830114656899017
2022-01-07,-0.010954581663502383,0.010954581663502383,0.0,0.0,-0.010954581663502383,-0.010954581663502383,0.0,0.0,-0.010954581663502383,-0.010954581663502383,-0.0005,0.010954581663502383
2022-01-10,0.014114940899326744,-0.014114940899326744,0.0,0.0,0.014114940899326744,0.014114940899326744,0.0,0.0,0.014114940899326744,0.014114940899326744,-0.014614940899326745,-0.014114940899326744
2022-01-11,-0.0005,0.00815946662996591,0.0,0.0,-0.0005,0.007849747641550775,-0.009349747641550776,0.0,0.007849747641550775,-0.008849747641550776,-0.0005,0.008849747641550776
2022-01-12,0.0,0.002277017094109485,0.0,0.0,0.0,-0.0034585273106485506,-0.0005,0.0,0.0024585273106485506,-0.0024585273106485506,0.0019585273106485506,0.0024585273106485506
2022-01-13,0.0,0.008259070120342998,0.0,0.0,0.0,-0.008917433911213468,0.0,0.0,0.008917433911213468,-0.008917433911213468,0.008917433911213468,0.008917433911213468
2022-01-14,0.0,-0.011665525234473803,0.0,-0.013095431301858584,-0.013095431301858584,0.012595431301858584,0.012095431301858584,0.0,-0.012595431301858584,0.012595431301858584,-0.012595431301858584,-0.012595431301858584
2022-01-18,0.0,-0.0023833834261105195,0.0,-0.0005,-0.0005,-0.003573372531984197,0.002573372531984197,0.0,0.0015733725319841971,0.002573372531984197,-0.0005,-0.002573372531984197
2022-01-19,0.0,0.001038929635292223,0.0,0.0,0.0,0.0011217469068702801,-0.0011217469068702801,0.0,-0.0011217469068702801,-0.0011217469068702801,0.0,0.0011217469068702801
2022-01-20,0.0,-0.025478934811395085,0.0,0.0,0.0,0.026509963470233378,0.02750996347023338,0.0,0.02750996347023338,0.02750996347023338,0.0,-0.02750996347023338
2022-01-21,0.0,-0.00490909353414551,0.0,0.0,0.0,-0.006300417179759931,-0.0005,0.0,0.005300417179759931,0.005300417179759931,0.0,-0.005300417179759931
2022-01-24,0.0,0.0008044190769356193,0.0,0.0,0.0,0.0008685425660479584,0.0,-0.0013685425660479584,-0.0008685425660479584,-0.0008685425660479584,0.0,0.0008685425660479584
2022-01-25,0.0,0.005091921035489793,0.0,0.0,0.0,0.005497818598640514,-0.005997818598640514,-0.005497818598640514,-0.005497818598640514,-0.005497818598640514,0.0,0.005497818598640514
2022-01-26,0.0,-0.023720486250676662,0.0,0.0,0.0,0.02461134188233194,-0.0005,0.02561134188233194,0.02561134188233194,0.02561134188233194,0.0,-0.02561134188233194
2022-01-27,0.0,0.004704585350994383,0.0,0.0,0.0,0.004079606824480276,0.0,-0.005079606824480276,-0.005079606824480276,-0.005079606824480276,0.0,0.005079606824480276
2022-01-28,0.0,-0.03842721868122371,0.0,0.0,0.0,-0.04149040727206332,0.0,0.04149040727206332,0.04149040727206332,0.04149040727206332,0.0,-0.04149040727206332
2022-01-31,0.0,0.0165816324262349,0.0,0.0,0.0,0.017903421226171057,0.0,-0.017903421226171057,-0.017903421226171053,-0.017903421226171057,0.0,0.017903421226171057
2022-02-01,0.0,0.007865616111420894,0.0,0.0,0.0,0.008492616096309247,0.0,-0.008492616096309247,-0.008492616096309247,-0.008492616096309247,0.0,0.008492616096309247
2022-02-02,0.0,-0.004259443825945851,0.0,0.0,0.0,-0.004598981273066238,0.0,0.004598981273066238,0.004598981273066238,0.004598981273066238,-0.005098981273066239,-0.004598981273066238
2022-02-03,0.0,-0.01261482247285854,0.0,0.0,0.0,-0.013620400851946601,0.0,0.013620400851946601,0.013620400851946601,0.013620400851946601,-0.0005,-0.013620400851946601
2022-02-04,0.0,-0.02062029647740424,0.0,0.0,0.0,-0.022264023478135053,0.0,0.022264023478135053,0.022264023478135053,0.022264023478135053,0.0,-0.022264023478135053
2022-02-07,0.0,0.0025352501107415723,0.0,0.0,0.0,0.0027373451225760626,0.0,-0.0027373451225760626,-0.0027373451225760626,-0.0027373451225760626,0.0,0.0027373451225760626
2022-02-08,0.0,0.007125902742846254,0.0,0.0,0.0,0.007693937191615374,0.0,-0.007693937191615374,-0.007693937191615373,-0.007693937191615374,0.0,0.007693937191615374
2022-02-09,0.0,0.0070142491714785165,0.0,0.0,0.0,0.0075733832637379095,-0.00807338326373791,-0.0075733832637379095,-0.0075733832637379095,-0.0075733832637379095,0.0,0.0075733832637379095
2022-02-10,0.023332888513545702,-0.02207333402899376,0.0,0.0,0.023332888513545702,0.0228328885135457,0.023832888513545702,0.023832888513545702,0.023832888513545702,0.023832888513545702,0.023332888513545702,-0.023832888513545702
2022-02-11,0.0012520080992046712,-0.001083046987558553,0.0,0.0,0.0012520080992046712,0.001252008099204671,-0.002252008099204671,0.0012520080992046712,0.0012520080992046712,0.0012520080992046712,0.0012520080992046712,-0.0012520080992046712
2022-02-14,0.00958992238828471,-0.007906007638510817,0.0,0.0,0.00958992238828471,0.009589922388284709,-0.00958992238828471,0.00958992238828471,0.00958992238828471,0.00958992238828471,0.00958992238828471,-0.00958992238828471
2022-02-15,0.004240365038170935,-0.003495790374988625,0.0,0.0,0.004240365038170935,0.004240365038170934,0.0032403650381709346,0.004240365038170935,0.004240365038170934,0.004240365038170935,0.004240365038170935,-0.004240365038170935
2022-02-16,0.010868335480729407,-0.008959941472885445,0.0,0.0,0.010868335480729407,0.010868335480729406,0.010868335480729407,0.010868335480729407,0.010868335480729407,0.010868335480729407,0.010868335480729407,-0.010868335480729407
2022-02-17,0.03568179574567132,-0.029416353782558375,0.0,0.0,0.03568179574567132,0.03568179574567131,0.03568179574567132,0.03568179574567132,0.03568179574567132,0.03568179574567132,0.03568179574567132,-0.03568179574567132
2022-02-18,0.006862062184143314,-0.005657138175596527,0.0,0.0,0.006862062184143314,0.006862062184143313,0.006862062184143314,0.006862062184143314,0.006862062184143314,0.006862062184143314,0.006862062184143314,-0.006862062184143314
2022-02-22,0.005893666356204474,-0.004858785018730585,0.0,0.0,0.005893666356204474,0.0058936663562044736,0.005893666356204474,0.005893666356204474,0.005893666356204474,0.005893666356204474,0.005893666356204474,-0.005893666356204474
2022-02-23,0.016149892567129287,-0.013314098782783865,0.0,0.0,0.016149892567129287,0.016149892567129284,0.016149892567129287,0.016149892567129287,0.016149892567129287,0.016149892567129287,0.016149892567129287,-0.016149892567129287
2022-02-24,0.00470958874064642,-0.0038826220953864206,0.0,0.0,0.00470958874064642,0.004709588740646419,0.00470958874064642,0.00470958874064642,0.00470958874064642,0.00470958874064642,0.00470958874064642,-0.00470958874064642
2022-02-25,-0.047390295240783864,0.03906893309403879,0.0,0.0,-0.047390295240783864,-0.04739029524078386,-0.047390295240783864,-0.047390295240783864,-0.04739029524078386,-0.047390295240783864,-0.047390295240783864,0.047390295240783864
2022-02-28,0.01235807151912438,-0.008324188984261674,0.0,0.0,0.01235807151912438,0.01235807151912438,0.01235807151912438,0.01235807151912438,0.01235807151912438,0.01235807151912438,-0.013358071519124382,-0.01235807151912438
2022-03-01,0.026235976500265545,-0.01750526241003,0.0,0.0,0.026235976500265545,0.026235976500265542,0.026235976500265545,0.026235976500265545,0.026235976500265545,0.026235976500265545,-0.026235976500265545,-0.026235976500265545
2022-03-02,-0.017063786870265885,0.011385361123105347,0.0,0.0,-0.017063786870265885,-0.01706378687026588,-0.017063786870265885,-0.017063786870265885,-0.017063786870265885,-0.017063786870265885,-0.018063786870265885,0.017063786870265885
2022-03-03,-0.0073358357207327085,0.004894642640307208,0.0,0.0,-0.0073358357207327085,-0.0073358357207327085,-0.0073358357207327085,-0.0073358357207327085,-0.0073358357207327085,-0.0073358357207327085,0.0063358357207327085,0.0073358357207327085
2022-03-04,0.01058654530363079,-0.007063592756071114,0.0,0.0,0.01058654530363079,0.01058654530363079,-0.01158654530363079,0.01058654530363079,0.01058654530363079,0.01058654530363079,-0.01058654530363079,-0.01058654530363079
2022-03-07,0.02351257146348118,-0.015688142326193012,0.0,0.0,0.02351257146348118,0.023512571463481177,-0.02351257146348118,0.02351257146348118,0.02351257146348118,0.02351257146348118,0.02251257146348118,-0.02351257146348118
2022-03-08,-0.01479614839564114,0.009872339240768148,0.0,0.0,-0.01479614839564114,-0.014796148395641138,0.01479614839564114,-0.01479614839564114,-0.01479614839564114,-0.01479614839564114,-0.01479614839564114,0.01479614839564114
2022-03-09,-0.008252964036064903,0.005506572286737418,0.0,0.0,-0.008252964036064903,-0.008252964036064903,0.008252964036064903,-0.008252964036064903,-0.008252964036064903,-0.008252964036064903,0.0072529640360649026,0.008252964036064903
2022-03-10,0.018212825886115724,-0.012152027059538491,0.0,0.0,0.018212825886115724,0.018212825886115724,-0.018212825886115724,0.018212825886115724,0.018212825886115724,0.018212825886115724,-0.018212825886115724,-0.018212825886115724
2022-03-11,0.02063498161502597,-0.013768146498893158,0.0,0.0,0.02063498161502597,0.020634981615025968,-0.02063498161502597,0.02063498161502597,0.02063498161502597,0.02063498161502597,0.01963498161502597,-0.02063498161502597
2022-03-14,-0.017877439282207863,0.012296167801108685,0.0,0.0,-0.017877439282207863,-0.017877439282207863,-0.018877439282207864,-0.017877439282207863,-0.017877439282207863,-0.017877439282207863,-0.017877439282207863,0.017877439282207863
2022-03-15,-0.00578484320092687,0.00391657825511146,0.0,0.0,-0.00578484320092687,-0.00578484320092687,0.00478484320092687,-0.00578484320092687,-0.00578484320092687,-0.00578484320092687,-0.00578484320092687,0.00578484320092687
2022-03-16,-0.008315300110940393,0.00559765880423323,0.0,0.0,-0.008315300110940393,-0.008315300110940393,0.008315300110940393,-0.008315300110940393,-0.008315300110940393,-0.008315300110940393,-0.008315300110940393,0.008315300110940393
2022-03-17,-0.014981916599977385,0.010008306825892934,0.0,0.0,-0.014981916599977385,-0.014981916599977385,0.014981916599977385,-0.014981916599977385,-0.014981916599977385,-0.014981916599977385,0.013981916599977384,0.014981916599977385
2022-03-18,-0.0042656437838246575,0.0027819357449314574,0.0,0.0,-0.0042656437838246575,-0.0042656437838246575,0.0042656437838246575,-0.0042656437838246575,-0.0042656437838246575,-0.0042656437838246575,0.0042656437838246575,0.0042656437838246575
2022-03-21,-0.0017531097031715515,0.001148432642819513,0.0,0.0,-0.0017531097031715515,-0.0017531097031715515,-0.0027531097031715515,-0.0017531097031715515,-0.0017531097031715515,-0.0017531097031715515,0.0017531097031715515,0.0017531097031715515
2022-03-22,-0.009153205403923836,0.006532858169844405,0.0,0.0,-0.009153205403923836,-0.009153205403923836,-0.009153205403923836,-0.0005,-0.009153205403923836,-0.009153205403923836,0.009153205403923836,0.009153205403923836
2022-03-23,0.015072720472294132,-0.010791160700635273,0.0,0.0,0.015072720472294132,0.015072720472294132,-0.016072720472294133,0.0,0.015072720472294132,0.015072720472294132,-0.015072720472294132,-0.015072720472294132
2022-03-24,-0.008803031644917914,0.006194668314741298,0.0,0.0,-0.008803031644917914,-0.008803031644917914,-0.009803031644917914,0.0,-0.008803031644917914,-0.008803031644917914,-0.009803031644917914,0.008803031644917914
2022-03-25,-0.009934100514274125,0.007122897556096159,0.0,0.0,-0.009934100514274125,-0.009934100514274125,0.008934100514274124,0.0,-0.009934100514274125,-0.009934100514274125,0.008934100514274124,0.009934100514274125
2022-03-28,0.006580040480270499,-0.0047159566324244066,0.0,0.0,0.006580040480270499,0.006580040480270499,0.005580040480270499,0.0,0.006580040480270499,0.006580040480270499,-0.006580040480270499,-0.006580040480270499
2022-03-29,-0.017461809849732113,0.015296893646876543,0.0,0.0,-0.017461809849732113,-0.017461809849732113,-0.017461809849732113,0.0,-0.017461809849732113,-0.017461809849732113,-0.018461809849732114,0.017461809849732113
2022-03-30,0.004274030768938175,-0.0037150993338417567,0.0,0.0,0.004274030768938175,0.004274030768938175,0.004274030768938175,0.0,0.004274030768938175,0.004274030768938175,-0.005274030768938175,-0.004274030768938175
2022-03-31,0.016839398886118184,-0.016148111337862887,0.0,0.0,0.016839398886118184,0.016839398886118184,0.016839398886118184,0.0,0.016839398886118184,0.016839398886118184,-0.016839398886118184,-0.016839398886118184
2022-04-01,-0.005440674259350464,0.005131464179686976,0.0,0.0,-0.005440674259350464,-0.005440674259350464,0.004440674259350464,0.0,-0.005440674259350464,-0.005440674259350464,-0.006440674259350464,0.005440674259350464
2022-04-04,0.001068891768723601,-0.0010139327825902417,0.0,0.0,0.001068891768723601,0.001068891768723601,6.889176872360101e-05,0.0,0.001068891768723601,0.001068891768723601,0.001068891768723601,-0.001068891768723601
2022-04-05,0.00421329597536646,-0.004072096652803148,0.0,0.0,0.00421329597536646,0.00421329597536646,0.00421329597536646,0.0,0.00421329597536646,0.00421329597536646,0.00421329597536646,-0.00421329597536646
2022-04-06,-0.009402265330429316,0.009384486431655414,0.0,0.0,-0.009402265330429316,-0.009402265330429316,0.008402265330429315,0.0,-0.009402265330429314,-0.009402265330429316,-0.009402265330429316,0.009402265330429316
2022-04-07,0.0023287599805894565,-0.0023287599805894565,0.0,0.0,0.0023287599805894565,0.0023287599805894565,0.0013287599805894565,0.0,0.0023287599805894565,0.0023287599805894565,-0.0033287599805894566,-0.0023287599805894565
2022-04-08,0.0009335081119968835,-0.0009335081119968835,0.0,0.0,0.0009335081119968835,0.0009335081119968835,0.0009335081119968835,0.0,0.0009335081119968835,0.0009335081119968835,-0.0009335081119968835,-0.0009335081119968835
2022-04-11,-0.0020692791508183372,0.0020692791508183372,0.0,0.0,-0.0020692791508183372,-0.0020692791508183372,-0.0020692791508183372,0.0,-0.0020692791508183372,-0.0020692791508183372,0.0020692791508183372,0.0020692791508183372
2022-04-12,0.010258376155664606,-0.010258376155664606,0.0,0.0,0.010258376155664606,0.010258376155664606,0.010258376155664606,0.0,0.010258376155664606,0.010258376155664606,-0.010258376155664606,-0.010258376155664606
2022-04-13,-0.0005382596628737968,0.0005382596628737968,0.0,0.0,-0.0005382596628737968,-0.0005382596628737968,-0.00046174033712620324,0.0,-0.0005382596628737968,-0.0005382596628737968,-0.0015382596628737968,0.0005382596628737968
2022-04-14,0.00861023962880425,-0.00861023962880425,0.0,0.0,0.00861023962880425,0.00861023962880425,0.00761023962880425,0.0,0.00861023962880425,0.00861023962880425,0.00861023962880425,-0.00861023962880425
2022-04-18,0.008141944451920069,-0.008141944451920069,0.0,0.0,0.008141944451920069,0.008141944451920069,-0.00914194445192007,0.0076419444519200685,0.008141944451920069,0.008141944451920069,0.008141944451920069,-0.008141944451920069
2022-04-19,-0.026815963500692153,0.026815963500692153,0.0,0.0,-0.026815963500692153,-0.026815963500692153,0.026815963500692153,-0.026815963500692153,-0.026815963500692153,-0.026815963500692153,-0.026815963500692153,0.026815963500692153
2022-04-20,-0.0032645798821062666,0.0032645798821062666,0.0,0.0,-0.0032645798821062666,-0.0032645798821062666,0.0032645798821062666,-0.0032645798821062666,-0.0032645798821062666,-0.0032645798821062666,0.0022645798821062666,0.0032645798821062666
2022-04-21,-0.007835708284675613,0.007835708284675613,0.0,0.0,-0.007835708284675613,-0.007835708284675613,-0.008835708284675614,-0.007835708284675613,-0.007835708284675613,-0.007835708284675613,0.007835708284675613,0.007835708284675613
2022-04-22,0.017131044065489043,-0.017131044065489043,0.0,0.0,0.017131044065489043,0.017131044065489043,0.017131044065489043,0.017131044065489043,0.017131044065489043,0.017131044065489043,-0.017131044065489043,-0.017131044065489043
2022-04-25,0.0038211346297704063,-0.0038211346297704063,0.0,0.0,0.0038211346297704063,0.0038211346297704063,0.0038211346297704063,0.0038211346297704063,0.0038211346297704063,0.0038211346297704063,0.0028211346297704063,-0.0038211346297704063
2022-04-26,0.02947514399246065,-0.02947514399246065,0.0,0.0,0.02947514399246065,0.02947514399246065,0.02947514399246065,-0.0005,0.02947514399246065,0.02947514399246065,0.02947514399246065,-0.02947514399246065
2022-04-27,6.938103563403075e-05,-6.938103563403075e-05,0.0,0.0,6.938103563403075e-05,6.938103563403075e-05,6.938103563403075e-05,-0.00043061896436596926,6.938103563403075e-05,6.938103563403075e-05,6.938103563403075e-05,-6.938103563403075e-05
2022-04-28,-0.0203175925278003,0.0203175925278003,0.0,0.0,-0.0203175925278003,-0.0203175925278003,-0.0203175925278003,-0.0203175925278003,-0.0203175925278003,-0.0203175925278003,-0.0203175925278003,0.0203175925278003
2022-04-29,0.01984500397365485,-0.01984500397365485,0.0,0.0,0.01984500397365485,0.01984500397365485,0.01984500397365485,0.01984500397365485,0.01984500397365485,0.01984500397365485,-0.020845003973654852,-0.01984500397365485
2022-05-02,-0.011718316829347097,0.011718316829347097,0.0,0.0,-0.011718316829347097,-0.011718316829347097,0.010718316829347097,-0.011718316829347097,-0.011718316829347097,-0.011718316829347097,-0.012718316829347098,0.011718316829347097
2022-05-03,-0.014872118409088309,0.014872118409088309,0.0,0.0,-0.014872118409088309,-0.014872118409088309,-0.01587211840908831,-0.014872118409088309,-0.014872118409088309,-0.014872118409088309,0.013872118409088308,0.014872118409088309
2022-05-04,-0.04153150974293163,0.04153150974293163,0.0,0.0,-0.04153150974293163,-0.04153150974293163,0.040531509742931626,-0.04153150974293163,-0.04153150974293163,-0.04153150974293163,0.04153150974293163,0.04153150974293163
2022-05-05,-0.03192784429170503,-0.024350156197374254,0.0,0.0,0.03092784429170503,0.03092784429170503,0.02992784429170503,0.03092784429170503,0.03092784429170503,0.03092784429170503,-0.03092784429170503,-0.03092784429170503
2022-05-06,0.00046849770891466136,0.0003672210041765179,0.0,0.0,-0.00046849770891466136,-0.00046849770891466136,-0.00046849770891466136,-0.00046849770891466136,-0.00046849770891466136,-0.00046849770891466136,-0.0014684977089146614,0.00046849770891466136
2022-05-09,0.01905967437411782,0.014939481303239214,0.0,0.0,-0.01905967437411782,-0.01905967437411782,-0.01905967437411782,-0.0005,-0.01905967437411782,-0.01905967437411782,0.018059674374117818,0.01905967437411782
2022-05-10,-0.021393884371225136,-0.01509424359972092,0.0,0.0,0.021393884371225136,0.021393884371225136,0.021393884371225136,0.0,0.021393884371225136,0.021393884371225136,-0.021393884371225136,-0.021393884371225136
2022-05-11,-0.018173232649666415,-0.012787898293442759,0.0,0.0,0.018173232649666415,0.018173232649666415,0.018173232649666415,0.0,0.018173232649666415,0.018173232649666415,0.017173232649666414,-0.018173232649666415
2022-05-12,-0.02271963763127738,0.015283385314736804,0.0,0.0,-0.021719637631277378,-0.021719637631277378,0.020719637631277377,0.0,-0.021719637631277378,-0.021719637631277378,-0.021719637631277378,0.021719637631277378
2022-05-13,0.0019385418747365213,-0.0013640873261018603,0.0,0.0,0.0019385418747365213,0.0019385418747365213,0.0009385418747365213,0.0,0.0019385418747365213,0.0019385418747365213,-0.0029385418747365213,-0.0019385418747365213
2022-05-16,-0.008037452176803406,0.0056556872933258085,0.0,0.0,-0.008037452176803406,-0.008037452176803406,-0.008037452176803406,0.0,-0.008037452176803406,-0.008037452176803406,-0.009037452176803407,0.008037452176803406
2022-05-17,-0.012225993683906644,0.008603024391972528,0.0,0.0,-0.012225993683906644,-0.012225993683906644,-0.012225993683906644,0.0,-0.012225993683906644,-0.012225993683906644,0.011225993683906643,0.012225993683906644
2022-05-18,0.022383977895924834,-0.01575085942351659,0.0,0.0,0.022383977895924834,0.022383977895924834,0.022383977895924834,0.0,0.022383977895924834,0.022383977895924834,-0.022383977895924834,-0.022383977895924834
2022-05-19,0.003255811230349681,-0.002291005880955621,0.0,0.0,0.003255811230349681,0.003255811230349681,0.003255811230349681,0.0,0.003255811230349681,0.003255811230349681,0.002255811230349681,-0.003255811230349681
2022-05-20,0.02129830346803463,-0.01498690650268572,0.0,0.0,0.02129830346803463,0.02129830346803463,0.02129830346803463,0.0,0.02129830346803463,0.02129830346803463,0.02129830346803463,-0.02129830346803463
2022-05-23,-0.003824033420970263,0.002690844903644115,0.0,0.0,-0.003824033420970263,-0.003824033420970263,-0.003824033420970263,0.0,-0.003824033420970263,-0.003824033420970263,-0.003824033420970263,0.003824033420970263
2022-05-24,-0.009488848961935581,0.0066769868512798385,0.0,0.0,-0.009488848961935581,-0.009488848961935581,-0.009488848961935581,-0.009988848961935581,-0.009488848961935581,-0.009488848961935581,-0.009488848961935581,0.009488848961935581
2022-05-25,-0.0002744636294520486,0.0001931309110680638,0.0,0.0,-0.0002744636294520486,-0.0002744636294520486,-0.0002744636294520486,-0.0002744636294520486,-0.0007255363705479514,-0.0002744636294520486,-0.0007255363705479514,0.0002744636294520486
2022-05-26,-0.008573912920411653,0.0060331768440256865,0.0,0.0,-0.008573912920411653,-0.008573912920411653,0.007573912920411653,-0.008573912920411653,0.008573912920411653,-0.008573912920411653,0.008573912920411653,0.008573912920411653
2022-05-27,-0.016798081520213115,0.011820250262926596,0.0,0.0,-0.016798081520213115,-0.016798081520213115,-0.017798081520213116,-0.016798081520213115,-0.017798081520213116,-0.016798081520213115,0.016798081520213115,0.016798081520213115
2022-05-31,0.001471375490701976,-0.0010353579073840054,0.0,0.0,0.001471375490701976,0.001471375490701976,0.001471375490701976,0.001471375490701976,-0.002471375490701976,0.001471375490701976,-0.001471375490701976,-0.001471375490701976
2022-06-01,0.019224325281035903,-0.013527517156308462,0.0,0.0,0.019224325281035903,0.019224325281035903,0.019224325281035903,0.019224325281035903,-0.019224325281035903,0.019224325281035903,-0.019224325281035903,-0.019224325281035903
2022-06-02,-0.012020205005007334,0.008458217755396805,0.0,0.0,-0.012020205005007334,-0.012020205005007334,0.011020205005007333,-0.012020205005007334,0.012020205005007334,-0.012020205005007334,-0.013020205005007335,0.012020205005007334
2022-06-03,0.01491437422145947,-0.01049474820088594,0.0,0.0,0.01491437422145947,0.01491437422145947,0.013914374221459469,-0.0005,-0.01491437422145947,0.01491437422145947,-0.01591437422145947,-0.01491437422145947
2022-06-06,-0.0016442278616102257,0.0012751022731673778,0.0,0.0,-0.0016442278616102257,-0.0016442278616102257,-0.0016442278616102257,0.0,0.0016442278616102257,-0.0016442278616102257,-0.0026442278616102257,0.0016442278616102257
2022-06-07,-0.004514042238964899,0.003977921170761111,0.0,0.0,-0.004514042238964899,-0.004514042238964899,-0.004514042238964899,-0.0050140422389649,0.004514042238964899,-0.004514042238964899,-0.004514042238964899,0.004514042238964899
2022-06-08,0.009872647371691357,-0.008791519396613604,0.0,0.0,0.009872647371691357,0.009872647371691357,0.009872647371691357,0.009872647371691357,-0.009872647371691357,0.009872647371691357,-0.010872647371691357,-0.009872647371691357
2022-06-09,0.008527101591896513,-0.007593320840872889,0.0,0.0,0.008527101591896513,0.008527101591896513,-0.009527101591896514,0.008527101591896513,-0.008527101591896513,0.008527101591896513,0.007527101591896513,-0.008527101591896513
2022-06-10,0.0452903706661032,-0.04033073979048159,0.0,0.0,0.0452903706661032,0.0452903706661032,0.044290370666103196,0.0452903706661032,-0.0452903706661032,0.0452903706661032,0.0452903706661032,-0.0452903706661032
2022-06-13,-0.01029912455479598,-0.007467936648546915,0.0,0.0,0.009299124554795979,-0.010299124554795976,0.009299124554795979,0.009299124554795979,0.008299124554795978,0.009299124554795979,0.009299124554795979,-0.009299124554795979
2022-06-14,-0.00821296396507254,-0.006554868319444262,0.0,0.0,0.00821296396507254,-0.008212963965072538,0.00821296396507254,0.00821296396507254,0.00821296396507254,0.00821296396507254,0.00821296396507254,-0.00821296396507254
2022-06-15,-0.006802118532394985,-0.005428855095762834,0.0,0.0,0.006802118532394985,-0.006802118532394984,0.006802118532394985,0.006802118532394985,0.006802118532394985,0.006802118532394985,0.006802118532394985,-0.006802118532394985
2022-06-16,-0.025236415558482994,-0.020141495998779704,0.0,0.0,0.025236415558482994,-0.02523641555848299,0.025236415558482994,0.025236415558482994,0.025236415558482994,0.025236415558482994,0.025236415558482994,-0.025236415558482994
2022-06-17,-0.00840071636545825,-0.006704715836908322,0.0,0.0,0.00840071636545825,-0.008400716365458248,0.00840071636545825,0.00840071636545825,0.00840071636545825,0.00840071636545825,0.00840071636545825,-0.00840071636545825
2022-06-21,0.001309242132203181,0.0011132923502069406,0.0,0.0,-0.001309242132203181,0.0013092421322031809,0.00030924213220318107,-0.001309242132203181,-0.001309242132203181,-0.001309242132203181,-0.001309242132203181,0.001309242132203181
2022-06-22,0.0029998378137783277,0.002647653325732661,0.0,0.0,-0.0029998378137783277,0.0029998378137783273,-0.003999837813778328,-0.0029998378137783277,-0.0029998378137783277,-0.0029998378137783277,-0.0029998378137783277,0.0029998378137783277
2022-06-23,-0.0019172443735387956,-0.0016921576288315063,0.0,0.0,0.0019172443735387956,-0.0019172443735387956,0.0019172443735387956,0.0019172443735387956,0.0019172443735387956,0.0019172443735387956,0.0019172443735387956,-0.0019172443735387956
2022-06-24,0.032116829649041945,0.0283462760692298,0.0,0.0,-0.032116829649041945,0.032116829649041945,-0.032116829649041945,-0.032116829649041945,-0.032116829649041945,-0.032116829649041945,-0.032116829649041945,0.032116829649041945
2022-06-27,-0.011389795123495583,-0.010052619778185487,0.0,0.0,0.011389795123495583,-0.011389795123495583,0.011389795123495583,0.011389795123495583,0.011389795123495583,0.011389795123495583,-0.012389795123495584,-0.011389795123495583
2022-06-28,-0.01859955646565148,-0.014818355370392207,0.0,0.0,0.01859955646565148,-0.018599556465651475,0.01859955646565148,0.01859955646565148,0.01859955646565148,0.01859955646565148,-0.01859955646565148,-0.01859955646565148
2022-06-29,-0.004296711624295124,-0.003413015317664883,0.0,0.0,0.004296711624295124,-0.004296711624295123,0.004296711624295124,0.004296711624295124,0.004296711624295124,0.004296711624295124,0.003296711624295124,-0.004296711624295124
2022-06-30,-0.0027741086116614966,-0.0022035630994947184,0.0,0.0,0.0027741086116614966,-0.002774108611661496,0.0027741086116614966,0.0027741086116614966,0.0027741086116614966,0.0027741086116614966,0.0027741086116614966,-0.0027741086116614966
2022-07-01,-0.007109327043361091,-0.0056471656045246335,0.0,0.0,0.007109327043361091,-0.00710932704336109,0.007109327043361091,0.007109327043361091,0.007109327043361091,0.007109327043361091,0.007109327043361091,-0.007109327043361091
2022-07-05,0.005603734216992562,0.004451225120758716,0.0,0.0,-0.005603734216992562,0.005603734216992561,-0.005603734216992562,-0.005603734216992562,-0.005603734216992562,-0.005603734216992562,-0.005603734216992562,0.005603734216992562
2022-07-06,0.004875750447612459,0.004227364392537369,0.0,0.0,-0.004875750447612459,0.004875750447612459,-0.004875750447612459,-0.004875750447612459,-0.004875750447612459,-0.004875750447612459,-0.004875750447612459,0.004875750447612459
2022-07-07,0.0016171751033517978,0.0014155518229208052,0.0,0.0,-0.0016171751033517978,0.0016171751033517978,-0.0016171751033517978,-0.0016171751033517978,-0.0016171751033517978,-0.0016171751033517978,0.0006171751033517978,0.0016171751033517978
2022-07-08,-0.010226651736846337,-0.008951631445763043,0.0,0.0,0.010226651736846337,-0.010226651736846337,-0.011226651736846338,0.010226651736846337,0.010226651736846337,0.010226651736846337,-0.010226651736846337,-0.010226651736846337
2022-07-11,0.0022528798088172763,0.0019719992680959707,0.0,0.0,-0.0022528798088172763,0.002252879808817276,-0.0032528798088172764,-0.0022528798088172763,-0.0022528798088172763,-0.0022528798088172763,-0.0032528798088172764,0.0022528798088172763
2022-07-12,0.009224065786003655,0.008074044122406003,0.0,0.0,-0.009224065786003655,0.009224065786003655,0.008224065786003654,-0.009224065786003655,-0.009224065786003655,-0.009224065786003655,0.008224065786003654,0.009224065786003655
2022-07-13,-0.01405532917924246,-0.012302963853568856,0.0,0.0,0.01405532917924246,-0.01405532917924246,-0.01405532917924246,0.01405532917924246,0.01405532917924246,0.01405532917924246,-0.01405532917924246,-0.01405532917924246
2022-07-14,-0.00046727086588294053,-0.0005296089763365034,0.0,0.0,0.00046727086588294053,-0.0005327291341170595,-0.00046727086588294053,0.00046727086588294053,0.00046727086588294053,0.00046727086588294053,-0.0005327291341170595,-0.00046727086588294053
2022-07-15,0.014184419856267949,0.014184419856267949,0.0,0.0,-0.014184419856267949,-0.014184419856267947,0.014184419856267949,-0.014184419856267949,-0.014184419856267949,-0.014184419856267949,-0.014184419856267949,0.014184419856267949
2022-07-18,-0.009375231820406116,-0.009375231820406116,0.0,0.0,0.009375231820406116,-0.010375231820406117,-0.009375231820406116,0.009375231820406116,0.009375231820406116,0.009375231820406116,-0.010375231820406117,-0.009375231820406116
2022-07-19,0.024978543155817823,0.024978543155817823,0.0,0.0,-0.024978543155817823,-0.02597854315581782,0.024978543155817823,-0.024978543155817823,-0.024978543155817823,-0.024978543155817823,-0.025978543155817824,0.024978543155817823
2022-07-20,0.006660141490361315,0.006660141490361315,0.0,0.0,-0.006660141490361315,0.005660141490361315,-0.0076601414903613154,-0.006660141490361315,-0.006660141490361315,-0.006660141490361315,0.005660141490361315,0.006660141490361315
2022-07-21,0.007067047756866174,0.007067047756866174,0.0,0.0,-0.007067047756866174,0.007067047756866174,-0.007067047756866174,-0.007067047756866174,-0.007067047756866174,-0.007067047756866174,0.007067047756866174,0.007067047756866174
2022-07-22,0.0012692279188333266,0.0012692279188333266,0.0,0.0,-0.0012692279188333266,0.0012692279188333266,-0.0012692279188333266,-0.0012692279188333266,-0.0012692279188333266,-0.0012692279188333266,0.0012692279188333266,0.0012692279188333266
2022-07-25,0.0,0.0,0.0,0.0,0.0,0.0,0.0,-0.0005,0.0,0.0,0.0,0.0
2022-07-26,0.049433295807100874,0.049433295807100874,0.0,0.0,-0.049433295807100874,-0.05043329580710087,-0.049433295807100874,0.0,-0.049433295807100874,-0.049433295807100874,-0.050433295807100875,0.049433295807100874
2022-07-27,0.012427974494365168,-0.011554887866019858,0.0,0.0,0.013427974494365169,0.013427974494365169,0.013427974494365169,0.0,0.013427974494365169,0.013427974494365169,-0.01442797449436517,-0.013427974494365169
2022-07-28,-0.010874111409056919,0.009298601441558188,0.0,0.0,-0.010874111409056919,-0.010874111409056919,-0.010874111409056919,0.0,-0.010874111409056919,-0.010874111409056919,-0.01187411140905692,0.010874111409056919
2022-07-29,-0.020446037549973317,0.01748368644429984,0.0,0.0,-0.020446037549973317,-0.020446037549973317,-0.020446037549973317,0.0,-0.020446037549973317,-0.020446037549973317,0.019446037549973316,0.020446037549973317
2022-08-01,-0.0008377457253949672,0.0007163678315203544,0.0,0.00033774572539496716,-0.00016225427460503285,-0.0008377457253949672,-0.0008377457253949672,0.0,-0.0008377457253949672,-0.0008377457253949672,0.0008377457253949672,0.0008377457253949672
2022-08-02,0.011230451001688735,-0.009603312302527546,0.0,-0.011230451001688735,-0.011230451001688735,0.011230451001688735,0.011230451001688735,0.0,0.011230451001688735,0.011230451001688735,-0.011230451001688735,-0.011230451001688735
2022-08-03,-0.012275184614579215,0.010496678308578998,0.0,-0.0005,-0.013275184614579216,-0.012275184614579215,-0.012275184614579215,0.0,-0.012275184614579215,-0.012275184614579215,-0.013275184614579216,0.012275184614579215
2022-08-04,-0.032267041062240986,0.027591988278350067,0.0,0.031767041062240986,0.031267041062240986,-0.032267041062240986,-0.032267041062240986,0.0,-0.032267041062240986,-0.032267041062240986,0.031267041062240986,0.032267041062240986
2022-08-05,0.0047934236601174796,-0.004098922153661577,0.0,-0.0047934236601174796,-0.0047934236601174796,0.0047934236601174796,0.0047934236601174796,0.0,0.0047934236601174796,0.0047934236601174796,-0.0047934236601174796,-0.0047934236601174796
2022-08-08,-0.007258795587248734,0.006207095418881778,0.0,0.007258795587248734,0.007258795587248734,-0.007258795587248734,-0.007258795587248734,0.0,-0.007258795587248734,0.006258795587248734,0.007258795587248734,0.007258795587248734
2022-08-09,0.004310462789299141,-0.003685935705328225,0.0,-0.004310462789299141,-0.004310462789299141,0.004310462789299141,0.004310462789299141,0.0,0.004310462789299141,-0.004310462789299141,-0.004310462789299141,-0.004310462789299141
2022-08-10,-0.01041668372648541,0.008907448771830579,0.0,0.01041668372648541,0.01041668372648541,-0.01041668372648541,-0.01041668372648541,0.0,-0.01041668372648541,0.01041668372648541,-0.01141668372648541,0.01041668372648541
2022-08-11,-0.001874346811594929,0.0016027796027324453,0.0,0.001874346811594929,0.001874346811594929,-0.001874346811594929,-0.001874346811594929,0.0,-0.001874346811594929,0.001874346811594929,0.0008743468115949291,0.001874346811594929
2022-08-12,-0.017238993804921332,0.014741299460289086,0.0,0.017238993804921332,0.017238993804921332,0.01623899380492133,0.01623899380492133,0.0,0.01623899380492133,0.017238993804921332,0.017238993804921332,0.017238993804921332
2022-08-15,0.005320471947705685,-0.004549608355262991,0.0,-0.005320471947705685,-0.005320471947705685,-0.005320471947705685,-0.005320471947705685,0.0,-0.005320471947705685,-0.005320471947705685,-0.005320471947705685,-0.005320471947705685
2022-08-16,0.007726241078742868,-0.006606814454079175,0.0,-0.007726241078742868,-0.007726241078742868,-0.007726241078742868,-0.007726241078742868,0.0,-0.007726241078742868,-0.007726241078742868,0.006726241078742868,-0.007726241078742868
2022-08-17,0.018833995955050975,-0.016105207621109573,0.0,-0.018833995955050975,-0.018833995955050975,-0.018833995955050975,0.017833995955050974,-0.019333995955050975,-0.018833995955050975,-0.018833995955050975,0.018833995955050975,-0.018833995955050975
2022-08-18,0.005087264879300113,-0.004350189800414317,0.0,-0.005087264879300113,-0.005087264879300113,-0.005087264879300113,0.005087264879300113,-0.005087264879300113,-0.005087264879300113,-0.005087264879300113,0.005087264879300113,-0.005087264879300113
2022-08-19,-6.889855398450884e-05,5.891609615734028e-05,0.0,6.889855398450884e-05,6.889855398450884e-05,6.889855398450884e-05,-6.889855398450884e-05,6.889855398450884e-05,6.889855398450884e-05,6.889855398450884e-05,-6.889855398450884e-05,6.889855398450884e-05
2022-08-22,0.024862268002795118,-0.02126006552578135,0.0,-0.024862268002795118,-0.024862268002795118,-0.024862268002795118,0.024862268002795118,-0.024862268002795118,-0.024862268002795118,-0.024862268002795118,-0.02586226800279512,-0.024862268002795118
2022-08-23,-0.0011299637931752038,0.0007728850684644068,0.0,0.0011299637931752038,0.0011299637931752038,0.0011299637931752038,-0.0011299637931752038,0.0011299637931752038,0.0011299637931752038,0.0011299637931752038,-0.002129963793175204,0.0011299637931752038
2022-08-24,0.005008674302012683,-0.0036888074245981944,0.0,-0.005008674302012683,-0.005008674302012683,-0.005008674302012683,0.005008674302012683,-0.005008674302012683,-0.005008674302012683,-0.005008674302012683,0.005008674302012683,-0.005008674302012683
2022-08-25,-0.012195032753330004,0.011286522256925445,0.0,0.012195032753330004,0.012195032753330004,0.012195032753330004,-0.012195032753330004,0.012195032753330004,0.012195032753330004,0.012195032753330004,-0.012195032753330004,0.012195032753330004
2022-08-26,0.09540486913889945,-0.08906833620735582,-0.09590486913889944,-0.09540486913889945,-0.09540486913889945,-0.09540486913889945,0.09540486913889945,-0.09540486913889945,-0.09540486913889945,-0.09540486913889945,-0.09640486913889945,-0.09540486913889945
2022-08-29,-0.02190751013656622,-0.01079549281811252,-0.0004999999999999999,-0.0005,0.01990751013656622,-0.020907510136566217,-0.02190751013656622,-0.0005,0.01990751013656622,-0.02090751013656622,0.01990751013656622,-0.02090751013656622
2022-08-30,-0.012495984469601429,-0.006324499765777881,0.0,0.0,0.012495984469601429,-0.012495984469601429,-0.012495984469601429,0.0,0.012495984469601429,-0.012495984469601429,0.012495984469601429,-0.012495984469601429
2022-08-31,-0.004084620000317174,-0.0020673183692042144,0.0,0.0,0.004084620000317174,-0.004084620000317174,0.003084620000317174,0.0,0.004084620000317173,0.003084620000317174,0.004084620000317174,-0.004084620000317174
2022-09-01,0.010293486456604883,0.005209765812546008,0.0,0.0,-0.010293486456604883,0.010293486456604883,0.009293486456604882,0.0,-0.010293486456604883,-0.010293486456604883,-0.010293486456604883,0.010293486456604883
2022-09-02,-0.031680175946326994,-0.01603405204606003,0.0,0.0,0.031680175946326994,-0.03168017594632699,0.030680175946326993,0.0,0.031680175946326994,0.031680175946326994,-0.032680175946326995,-0.031680175946326994
2022-09-06,-0.04151260165892112,-0.02101046461024061,0.0,0.0,0.04151260165892112,-0.04151260165892112,-0.04251260165892112,0.0,0.04151260165892112,0.04151260165892112,0.04051260165892112,-0.04151260165892112
2022-09-07,0.033876422297485,0.01714562189213974,0.0,0.0,-0.033876422297485,0.033876422297485,0.033876422297485,-0.034376422297485,-0.033876422297485,-0.033876422297485,-0.033876422297485,0.033876422297485
2022-09-08,-0.010617873505398778,-0.0053739454191315626,0.0,0.0,0.010617873505398778,-0.010617873505398777,-0.010617873505398778,0.010617873505398778,0.010617873505398778,0.010617873505398778,-0.01161787350539878,-0.010617873505398778
2022-09-09,0.03211194567349507,0.016252580449723414,0.0,0.0,-0.03211194567349507,0.03211194567349507,0.03211194567349507,-0.03211194567349507,-0.03211194567349507,-0.03211194567349507,-0.03311194567349507,0.03211194567349507
2022-09-12,0.009341854693490248,0.004728123499564062,0.0,0.0,-0.009341854693490248,0.009341854693490246,-0.010341854693490249,-0.009341854693490248,-0.009341854693490248,-0.009341854693490248,0.008341854693490247,0.009341854693490248
2022-09-13,-0.03042242313967969,-0.015397474964006319,0.0,0.0,0.03042242313967969,0.029422423139679688,0.03042242313967969,0.03042242313967969,0.03042242313967969,0.03042242313967969,-0.03042242313967969,-0.03042242313967969
2022-09-14,-0.024404534749470908,-0.01235168583014972,0.0,0.0,0.024404534749470908,-0.025404534749470905,-0.0005,0.024404534749470908,0.024404534749470908,0.024404534749470908,0.023404534749470907,-0.024404534749470908
2022-09-15,-0.009444310371089282,-0.004779978630350598,0.0,0.0,0.009444310371089282,-0.00944431037108928,0.0,0.009444310371089282,0.009444310371089282,0.009444310371089282,0.009444310371089282,-0.009444310371089282
2022-09-16,0.001632126186491334,0.0008260558989406003,0.0,0.0,-0.001632126186491334,0.0016321261864913337,0.0,-0.001632126186491334,-0.0016321261864913337,-0.001632126186491334,-0.001632126186491334,0.001632126186491334
2022-09-19,0.00025699732404671494,0.00013007214595160536,0.0,0.0,-0.00025699732404671494,0.0002569973240467149,0.0,-0.00025699732404671494,-0.0002569973240467149,-0.00025699732404671494,-0.00025699732404671494,0.00025699732404671494
2022-09-20,-0.0010287078732288402,-0.0005206522718651537,0.0,0.0,0.0010287078732288402,2.8707873228840143e-05,0.0,0.0010287078732288402,0.0010287078732288402,0.0010287078732288402,0.0010287078732288402,-0.0010287078732288402
2022-09-21,-0.014675546422737162,-0.007427625261463217,0.0,0.0,0.014675546422737162,0.014675546422737162,0.0,0.014675546422737162,0.014675546422737162,0.014675546422737162,0.014675546422737162,-0.014675546422737162
2022-09-22,-0.005835795584239856,-0.0029536278550472456,0.0,0.0,0.005835795584239856,-0.006835795584239855,0.0,0.005835795584239856,0.005835795584239856,0.005835795584239856,0.005835795584239856,-0.005835795584239856
2022-09-23,-0.010075283903135834,-0.005099328575554855,0.0,0.0,0.010075283903135834,-0.010075283903135833,0.0,0.010075283903135834,0.010075283903135834,0.010075283903135834,0.010075283903135834,-0.010075283903135834
2022-09-26,8.834888476583203e-05,4.471536455311103e-05,0.0,0.0,-8.834888476583203e-05,8.834888476583201e-05,0.0,-8.834888476583203e-05,-8.834888476583203e-05,-8.834888476583203e-05,-8.834888476583203e-05,8.834888476583203e-05
2022-09-27,-0.005220976266680166,-0.0026424539223842197,0.0,0.0,0.005220976266680166,0.004220976266680166,0.0,0.005220976266680166,0.005220976266680166,0.005220976266680166,0.005220976266680166,-0.005220976266680166
2022-09-28,0.016635498493934753,0.011159400847362552,0.0,0.0,-0.016635498493934753,0.01563549849393475,0.0,-0.016635498493934753,-0.016635498493934753,-0.016635498493934753,-0.016635498493934753,0.016635498493934753
2022-09-29,-0.017325795809002065,-0.011710887789315302,0.0,0.0,0.017325795809002065,0.016325795809002064,-0.017825795809002065,0.017325795809002065,0.017325795809002065,0.017325795809002065,-0.018325795809002066,-0.017325795809002065
2022-09-30,-0.01602871554819929,-0.010834162612853,0.0,0.0,0.01602871554819929,-0.017028715548199288,-0.0005,0.01602871554819929,0.01602871554819929,0.01602871554819929,0.01502871554819929,-0.01602871554819929
2022-10-03,0.024615598749728074,0.016638226492032022,0.0,0.0,-0.024615598749728074,0.02461559874972807,0.0,-0.024615598749728074,-0.024615598749728074,-0.024615598749728074,-0.024615598749728074,0.024615598749728074
2022-10-04,0.021197653331919586,0.014327961745799558,0.0,0.0,-0.021197653331919586,-0.022197653331919587,0.020697653331919585,-0.021197653331919586,-0.021197653331919586,-0.021197653331919586,0.020197653331919585,0.021197653331919586
2022-10-05,-0.0038920237171462535,-0.002630704732256618,0.0,0.0,0.0038920237171462535,0.0038920237171462535,-0.0038920237171462535,0.0038920237171462535,0.0038920237171462535,0.0038920237171462535,-0.0038920237171462535,-0.0038920237171462535
2022-10-06,-0.03516561962653986,-0.023769218454841774,0.0,0.0,0.03516561962653986,-0.03616561962653985,-0.03516561962653986,0.03516561962653986,0.03516561962653986,0.03516561962653986,-0.03516561962653986,-0.03516561962653986
2022-10-07,-0.032397391801921915,-0.021898112169927732,0.0,0.0,0.032397391801921915,-0.03239739180192191,-0.032397391801921915,-0.0005,0.032397391801921915,0.032397391801921915,0.031397391801921914,-0.032397391801921915
2022-10-10,0.008742802079114487,0.005909452889864083,0.0,0.0,-0.008742802079114487,0.008742802079114485,0.008742802079114487,0.0,-0.008742802079114487,-0.008742802079114487,-0.008742802079114487,0.008742802079114487
2022-10-11,0.0035035306715773817,0.0025951053519620956,0.0,0.0,-0.0035035306715773817,-0.004503530671577382,-0.0005,-0.004003530671577382,-0.0035035306715773817,-0.0035035306715773817,-0.0035035306715773817,0.0035035306715773817
2022-10-12,-0.002010712189723151,0.0007595471876060337,0.0,0.0,-0.0010107121897231508,-0.0010107121897231508,0.0,-0.0010107121897231508,-0.0010107121897231508,-0.0010107121897231508,-0.0010107121897231508,0.0010107121897231508
2022-10-13,-0.04873778019135466,0.036626296042441574,0.0,0.0,-0.04873778019135466,-0.04873778019135466,-0.04923778019135466,-0.04873778019135466,-0.04873778019135466,-0.04873778019135466,-0.04873778019135466,0.04873778019135466
2022-10-14,0.005513689469818894,-0.0037288040931836622,0.0,0.0,0.005513689469818894,0.005513689469818894,-0.006513689469818894,0.005513689469818894,0.005513689469818894,0.005513689469818894,-0.006513689469818894,-0.005513689469818894
2022-10-17,-0.002023972208920144,0.001353592273164041,0.0,0.0,-0.002023972208920144,-0.002023972208920144,0.002023972208920144,-0.002023972208920144,-0.002023972208920144,-0.002023972208920144,0.002023972208920144,0.002023972208920144
2022-10-18,-0.018355859617557257,0.01227603305821363,0.0,0.0,-0.018355859617557257,-0.018355859617557257,0.018355859617557257,-0.0005,-0.018355859617557257,-0.018355859617557257,0.018355859617557257,0.018355859617557257
2022-10-19,0.01509260398418788,-0.01009363273116344,0.0,0.0,0.01509260398418788,0.01509260398418788,-0.01509260398418788,0.0,0.01509260398418788,0.01509260398418788,-0.01509260398418788,-0.01509260398418788
2022-10-20,0.009544691612159095,-0.0063832995132108205,0.0,0.0,0.009544691612159095,0.009544691612159095,-0.0005,0.0,0.009544691612159095,0.009544691612159095,-0.009544691612159095,-0.009544691612159095
2022-10-21,-0.0327113402346777,0.021876692373223552,0.0,0.0,-0.0327113402346777,-0.0327113402346777,0.0322113402346777,0.0,-0.0327113402346777,-0.0327113402346777,0.0327113402346777,0.0327113402346777
2022-10-24,0.01244089474653276,0.00898900251353981,0.0,0.0,-0.013440894746532761,-0.013440894746532761,0.013440894746532761,0.01294089474653276,-0.013440894746532761,-0.013440894746532761,0.013440894746532761,0.013440894746532761
2022-10-25,0.0010135872626895193,0.0006778669592928962,0.0,0.0,-0.0010135872626895193,-0.0010135872626895193,0.0010135872626895193,0.0010135872626895193,-0.0010135872626895193,-0.0010135872626895193,0.0010135872626895193,0.0010135872626895193
2022-10-26,0.035443062462655606,0.023703613752837832,0.0,0.0,-0.035443062462655606,-0.035443062462655606,0.035443062462655606,0.035443062462655606,-0.0354430624626556,-0.035443062462655606,0.035443062462655606,0.035443062462655606
2022-10-27,0.0008149317647510035,0.0004278809998349322,0.0,0.0,-0.0008149317647510035,-0.0008149317647510035,-0.0005,0.0008149317647510035,-0.0008149317647510036,-0.0008149317647510035,0.0008149317647510035,0.0008149317647510035
2022-10-28,0.030944652079816226,0.0179387346001499,0.0,0.0,-0.030944652079816226,-0.030944652079816226,0.0,0.030944652079816226,-0.030944652079816226,-0.030944652079816226,0.030944652079816226,0.030944652079816226
2022-10-31,-0.006398045284527143,-0.003708971618838591,0.0,0.0,0.006398045284527143,0.006398045284527143,-0.006898045284527143,-0.006398045284527143,0.006398045284527143,0.006398045284527143,-0.006398045284527143,-0.006398045284527143
2022-11-01,-0.0038953726627577456,-0.0022581626119321813,0.0,0.0,0.0038953726627577456,0.0038953726627577456,-0.0038953726627577456,-0.0038953726627577456,0.0038953726627577456,0.0038953726627577456,-0.0038953726627577456,-0.0038953726627577456
2022-11-02,-0.01947327737368021,-0.011288734276298507,0.0,0.0,0.01947327737368021,-0.02047327737368021,-0.01947327737368021,-0.01947327737368021,0.01947327737368021,0.01947327737368021,-0.01947327737368021,-0.01947327737368021
2022-11-03,-8.14209723801751e-05,-4.720005287656058e-05,0.0,0.0,8.14209723801751e-05,-8.14209723801751e-05,-0.0009185790276198249,-8.14209723801751e-05,8.14209723801751e-05,8.14209723801751e-05,-0.0009185790276198249,-8.14209723801751e-05
2022-11-04,0.01619874917024422,0.009390477600778867,0.0,0.0,-0.01619874917024422,0.01619874917024422,-0.01619874917024422,0.01619874917024422,-0.01619874917024422,-0.01619874917024422,-0.01619874917024422,0.01619874917024422
2022-11-07,-0.0012817397739394165,-0.0008559111901591878,0.0,0.0,0.0012817397739394165,0.0002817397739394165,0.0012817397739394165,-0.0012817397739394165,0.0012817397739394165,0.0012817397739394165,-0.0022817397739394165,-0.0012817397739394165
2022-11-08,0.005373734824263732,0.0038018051663661428,0.0,0.0,-0.005373734824263732,-0.005373734824263732,-0.0005,0.005373734824263732,-0.005373734824263732,-0.005373734824263732,0.005373734824263732,0.005373734824263732
2022-11-09,-0.012125907132055747,-0.008658965522601519,0.0,0.0,0.012125907132055747,0.012125907132055747,0.0,-0.0005,0.012125907132055747,0.012125907132055747,-0.012125907132055747,-0.012125907132055747
2022-11-10,0.042962086440680336,0.03067871304122462,0.0,0.0,-0.042962086440680336,-0.042962086440680336,0.0,0.0,-0.042962086440680336,0.041962086440680335,-0.04396208644068034,0.042962086440680336
2022-11-11,-0.03065537701431731,0.01887985597162651,0.0,0.029155377014317307,-0.029655377014317308,-0.029655377014317308,-0.03015537701431731,0.029155377014317307,-0.029655377014317304,0.029655377014317308,0.028655377014317307,0.029655377014317308
2022-11-14,0.014663879591586326,-0.009354470521763756,0.0,-0.014663879591586326,0.014663879591586326,0.014663879591586326,0.014663879591586326,-0.014663879591586326,0.014663879591586326,-0.014663879591586326,-0.014663879591586326,-0.014663879591586326
2022-11-15,-0.0014500626618885182,0.0009250327200674336,0.0,0.0014500626618885182,-0.0014500626618885182,-0.0014500626618885182,-0.0014500626618885182,0.0014500626618885182,-0.0014500626618885182,0.0014500626618885182,0.0014500626618885182,0.0014500626618885182
2022-11-16,0.018899514748949464,-0.012056492450751334,0.0,-0.018899514748949464,0.018899514748949464,0.018899514748949464,0.018899514748949464,-0.018899514748949464,0.018899514748949464,-0.018899514748949464,-0.018899514748949464,-0.018899514748949464
2022-11-17,0.0007858443443813368,-0.0005013105643903298,0.0,-0.0007858443443813368,0.0007858443443813368,0.0007858443443813368,0.0007858443443813368,-0.0007858443443813368,0.0007858443443813368,-0.0007858443443813368,-0.00021415565561866325,-0.0007858443443813368
2022-11-18,0.0030672761905379264,-0.0019566953293150237,0.0,-0.0030672761905379264,0.0030672761905379264,0.0030672761905379264,0.0030672761905379264,-0.0030672761905379264,0.0030672761905379264,-0.0030672761905379264,0.0030672761905379264,-0.0030672761905379264
2022-11-21,-0.006863168647457618,0.004378193942302432,0.0,0.006863168647457618,-0.006863168647457618,-0.006863168647457618,-0.006863168647457618,0.006863168647457618,-0.006863168647457618,0.006863168647457618,-0.006863168647457618,0.006863168647457618
2022-11-22,-0.007600375604555065,0.005433652259829201,0.0,0.007600375604555065,-0.007600375604555065,-0.007600375604555065,-0.007600375604555065,0.007600375604555065,-0.007600375604555065,0.007600375604555065,-0.007600375604555065,0.007600375604555065
2022-11-23,0.004665728758223797,-0.003360914129524985,0.0,-0.004665728758223797,0.004665728758223797,0.004665728758223797,-0.0005,-0.0005,0.004665728758223797,-0.004665728758223797,-0.005665728758223797,-0.004665728758223797
2022-11-25,-0.00812492627345951,0.005852714748084596,0.0,0.00812492627345951,-0.00812492627345951,-0.00812492627345951,-0.00862492627345951,0.0,-0.00812492627345951,0.00812492627345951,0.00812492627345951,0.00812492627345951
2022-11-28,0.03409783140346423,-0.024562054351760232,0.0,-0.03409783140346423,0.03409783140346423,0.03409783140346423,-0.0005,0.0,0.03409783140346423,-0.03409783140346423,-0.03409783140346423,-0.03409783140346423
2022-11-29,-0.011954511919888056,0.008611320997241613,0.0,-0.0005,-0.011954511919888056,-0.011954511919888056,-0.012454511919888056,0.0,-0.011954511919888056,0.011954511919888056,-0.012954511919888057,0.011954511919888056
2022-11-30,0.0012687280701002557,-0.0009139164144098715,0.0,-0.0017687280701002557,0.0012687280701002557,0.0012687280701002557,0.0012687280701002557,0.0,0.0012687280701002557,-0.0012687280701002557,0.0012687280701002557,-0.0012687280701002557
2022-12-01,-0.00015886401518283577,0.00011443620942601181,0.0,0.00015886401518283577,-0.00015886401518283577,-0.00015886401518283577,-0.00015886401518283577,0.0,-0.00015886401518283577,0.00015886401518283577,-0.00015886401518283577,0.00015886401518283577
2022-12-02,-0.007937115865410904,0.005717427274939091,0.0,0.007937115865410904,-0.007937115865410904,-0.007937115865410904,-0.007937115865410904,0.0,-0.007937115865410904,0.007937115865410904,0.006937115865410904,0.007937115865410904
2022-12-05,0.01858410883709316,-0.013386889211063862,0.0,-0.01858410883709316,0.01858410883709316,0.01858410883709316,0.01858410883709316,0.0,0.01858410883709316,-0.01858410883709316,-0.01858410883709316,-0.01858410883709316
2022-12-06,0.00040122358731897734,-0.00028901766339121834,0.0,-0.0005,0.00040122358731897734,0.00040122358731897734,0.00040122358731897734,0.0,0.00040122358731897734,-0.00040122358731897734,-0.0005987764126810227,-0.00040122358731897734
2022-12-07,-0.014207858540646434,0.010234498187530597,0.0,0.0,-0.014207858540646434,-0.014207858540646434,-0.014207858540646434,-0.014707858540646435,-0.014207858540646434,0.014207858540646434,-0.014207858540646434,0.014207858540646434
2022-12-08,0.0027703319417683447,-0.0019955827372417118,0.0,-0.0032703319417683448,0.0027703319417683447,0.0027703319417683447,0.0027703319417683447,0.0027703319417683447,0.0027703319417683447,-0.0027703319417683447,-0.0037703319417683448,-0.0027703319417683447
2022-12-09,0.0019046065156507197,-0.0013719655130729764,0.0,-0.0019046065156507197,0.0019046065156507197,0.0019046065156507197,-0.0005,0.0019046065156507197,0.0019046065156507197,0.0009046065156507197,0.0009046065156507197,-0.0019046065156507197
2022-12-12,-0.00866718131843558,0.006243323104657831,0.0,0.00866718131843558,0.0076671813184355795,0.0076671813184355795,-0.00916718131843558,-0.00866718131843558,-0.00866718131843558,-0.00866718131843558,-0.00866718131843558,0.00866718131843558
2022-12-13,-0.0034686513328243684,0.003125155468609591,0.0,0.0034686513328243684,0.0034686513328243684,-0.0044686513328243685,-0.0034686513328243684,-0.0034686513328243684,-0.0034686513328243684,-0.0034686513328243684,0.0024686513328243684,0.0034686513328243684
2022-12-14,0.009427250952483313,-0.008780488465228942,0.0,-0.009427250952483313,-0.009427250952483313,0.009427250952483313,0.009427250952483313,-0.0005,0.009427250952483313,-0.010427250952483313,-0.009427250952483313,-0.009427250952483313
2022-12-15,0.029423380710567826,-0.027404771151140928,0.0,-0.029423380710567826,-0.029423380710567826,-0.030423380710567827,0.029423380710567826,0.0,0.029423380710567826,-0.029423380710567826,0.028423380710567825,-0.029423380710567826
2022-12-16,0.005638094301907537,-0.005251289292424273,0.0,-0.0005,0.004638094301907537,-0.005638094301907537,-0.006638094301907537,0.0051380943019075365,0.005638094301907537,0.004638094301907537,0.005638094301907537,-0.005638094301907537
2022-12-19,-0.0036157313768885313,0.0033676718492121104,0.0,0.0,-0.0036157313768885313,0.0036157313768885313,-0.004615731376888531,-0.0036157313768885313,-0.0036157313768885313,-0.0036157313768885313,-0.0036157313768885313,0.0036157313768885313
2022-12-20,0.01080828355649388,-0.010066774457904848,0.0,0.0,0.01080828355649388,0.00980828355649388,0.01080828355649388,0.01080828355649388,0.01080828355649388,0.01080828355649388,0.01080828355649388,-0.01080828355649388
2022-12-21,-0.02193528421058022,0.020430400226248677,0.0,0.0,-0.02193528421058022,0.02093528421058022,-0.0005,-0.02193528421058022,-0.02193528421058022,-0.02193528421058022,-0.02193528421058022,0.02193528421058022
2022-12-22,0.015146467969540334,-0.014107334997852751,0.0,0.0,0.015146467969540334,0.014146467969540333,0.014646467969540333,0.015146467969540334,0.015146467969540334,0.015146467969540334,-0.016146467969540335,-0.015146467969540334
2022-12-23,0.011925547515494683,-0.011107387819537955,0.0,0.0,0.011925547515494683,-0.012925547515494684,0.011925547515494683,0.011925547515494683,0.011925547515494683,0.011925547515494683,0.010925547515494682,-0.011925547515494683
2022-12-27,-0.0006660355232090964,0.0006203417367848568,0.0,0.0,-0.0006660355232090964,0.0006660355232090964,-0.0005,-0.0006660355232090964,-0.0006660355232090964,-0.0006660355232090964,-0.0006660355232090964,0.0006660355232090964
2022-12-28,0.016053803222532137,-0.014952421944529556,0.0,0.0,0.016053803222532137,0.015053803222532136,0.015553803222532137,0.016053803222532137,0.016053803222532137,0.016053803222532137,0.016053803222532137,-0.016053803222532137
2022-12-29,-0.01927456743956668,0.017952223604571764,0.0,0.0,-0.01927456743956668,0.01827456743956668,-0.0005,-0.01927456743956668,-0.01927456743956668,-0.01927456743956668,-0.01927456743956668,0.01927456743956668
2022-12-30,0.00539120237369739,-0.005021335540399004,0.0,0.0,0.00539120237369739,0.00439120237369739,0.00489120237369739,0.00539120237369739,0.00539120237369739,0.00539120237369739,-0.00639120237369739,-0.00539120237369739
2023-01-03,-0.021264288296422018,0.01980543840925898,0.0,0.0,-0.021264288296422018,0.020264288296422017,-0.021264288296422018,-0.021264288296422018,-0.021264288296422018,-0.021264288296422018,-0.02226428829642202,0.021264288296422018
2023-01-04,-0.021882860878528643,0.02038157342989969,0.0,0.0,0.020882860878528642,-0.022882860878528644,-0.021882860878528643,-0.021882860878528643,-0.021882860878528643,-0.021882860878528643,0.020882860878528642,0.021882860878528643
2023-01-05,0.01749901304183843,-0.016298482234238063,0.0,-0.01799901304183843,-0.01749901304183843,0.01749901304183843,0.01749901304183843,-0.0005,0.01749901304183843,0.01749901304183843,-0.01749901304183843,-0.01749901304183843
2023-01-06,-0.03057920694341032,0.028481301197538937,0.0,0.03057920694341032,0.03057920694341032,0.02957920694341032,-0.03057920694341032,0.0,-0.03057920694341032,-0.03057920694341032,0.03057920694341032,0.03057920694341032
2023-01-09,-0.0005522860905347038,0.0003659736793074151,0.0,0.0005522860905347038,0.0005522860905347038,-0.0015522860905347038,-0.0005522860905347038,0.0,-0.0005522860905347038,-0.0005522860905347038,0.0005522860905347038,0.0005522860905347038
2023-01-10,-0.010568714515709399,0.008352948895674233,0.0,0.010568714515709399,0.010568714515709399,-0.010568714515709399,-0.0005,0.0,-0.010568714515709399,0.009568714515709398,0.010568714515709399,0.010568714515709399
2023-01-11,-0.0077265796720080715,0.006106676932441176,0.0,0.0077265796720080715,0.0077265796720080715,-0.0077265796720080715,0.0,0.0,-0.0077265796720080715,0.0077265796720080715,0.0077265796720080715,0.0077265796720080715
2023-01-12,0.0007812095553557672,0.0014077731370506865,0.0012812095553557672,0.0017812095553557672,0.0017812095553557672,-0.0017812095553557672,-0.002281209555355767,0.0,0.0007812095553557672,0.0017812095553557672,0.0017812095553557672,0.0017812095553557672
2023-01-13,0.0012369060468175874,0.000977584642149287,0.0012369060468175874,0.0012369060468175874,0.0012369060468175874,-0.0012369060468175874,0.0002369060468175874,0.0,0.0012369060468175874,0.0012369060468175874,0.0012369060468175874,0.0012369060468175874
2023-01-17,-0.022469182949429567,-0.017758445137785253,-0.022469182949429567,-0.022469182949429567,-0.022469182949429567,0.022469182949429567,-0.022469182949429567,0.0,-0.022469182949429567,-0.022469182949429567,-0.022469182949429567,-0.022469182949429567
2023-01-18,-0.03041087297948908,-0.02403513383703715,-0.03041087297948908,-0.03041087297948908,-0.03041087297948908,-0.03141087297948908,0.029410872979489078,-0.03091087297948908,-0.03041087297948908,-0.03041087297948908,0.029410872979489078,-0.03041087297948908
2023-01-19,-0.03519346276944224,-0.02781503801034717,-0.0005,-0.03519346276944224,0.03419346276944224,-0.03519346276944224,0.03519346276944224,-0.03519346276944224,-0.03519346276944224,-0.03519346276944224,0.03519346276944224,-0.03519346276944224
2023-01-20,-0.01974511132652046,0.012920457992552163,0.0,-0.0005,-0.01874511132652046,0.01874511132652046,-0.01874511132652046,0.01874511132652046,-0.01974511132652046,0.01874511132652046,-0.01874511132652046,0.01874511132652046
2023-01-23,-0.0163284135755164,0.011297577451662882,0.0,0.0,-0.0163284135755164,-0.0173284135755164,0.015328413575516397,-0.0005,-0.0163284135755164,-0.0173284135755164,-0.0163284135755164,0.0163284135755164
2023-01-24,0.0621431693079344,-0.04299666131686557,0.0,-0.0626431693079344,0.0621431693079344,0.0621431693079344,-0.0621431693079344,0.0,-0.0631431693079344,0.0621431693079344,-0.0631431693079344,-0.0621431693079344
2023-01-25,0.018000006448437245,-0.010051041410193615,0.0,-0.0005,0.018000006448437245,-0.019000006448437242,0.017000006448437244,0.0,0.017000006448437244,0.018000006448437245,0.017000006448437244,-0.018000006448437245
2023-01-26,-0.005490164318227686,0.0030447163232683178,0.0,0.0,-0.005490164318227686,0.005490164318227686,-0.005490164318227686,0.0,-0.005490164318227686,-0.005490164318227686,-0.005490164318227686,0.005490164318227686
2023-01-27,-0.014971182018871376,0.008302666300922983,0.0,0.0,-0.014971182018871376,0.014971182018871376,-0.014971182018871376,0.0,-0.014971182018871376,-0.014971182018871376,-0.014971182018871376,0.014971182018871376
2023-01-30,0.023166970322080926,-0.012847858208200754,0.0,0.0,0.023166970322080926,0.022166970322080926,0.023166970322080926,0.0,0.023166970322080926,0.023166970322080926,0.023166970322080926,-0.023166970322080926
2023-01-31,-0.022206417362591768,0.012315158072904177,0.0,0.0,-0.022206417362591768,0.021206417362591767,0.021206417362591767,0.0,-0.022206417362591768,-0.022206417362591768,-0.022206417362591768,0.022206417362591768
2023-02-01,-0.006777877400530041,0.0037588517870020904,0.0,0.0,-0.006777877400530041,-0.007777877400530041,-0.007777877400530041,0.0,-0.006777877400530041,-0.006777877400530041,0.005777877400530041,0.006777877400530041
2023-02-02,-0.038235778082535976,0.021204665454957382,0.0,0.0,-0.038235778082535976,-0.038235778082535976,-0.038235778082535976,-0.03873577808253598,-0.038235778082535976,-0.038235778082535976,0.038235778082535976,0.038235778082535976
2023-02-03,0.023276865260332014,-0.0129088033626521,0.0,-0.023776865260332014,-0.024276865260332015,0.023276865260332014,-0.024276865260332015,0.023276865260332014,0.02327686526033201,0.023276865260332014,-0.023276865260332014,-0.023276865260332014
2023-02-06,0.008426217212310738,-0.004672982374051959,0.0,-0.0005,0.007426217212310738,-0.009426217212310739,-0.008426217212310738,0.008426217212310738,0.008426217212310738,0.008426217212310738,0.007426217212310738,-0.008426217212310738
2023-02-07,-0.0034332543492101575,0.0019040023126933661,0.0,0.0,-0.0034332543492101575,0.0034332543492101575,0.0034332543492101575,-0.0034332543492101575,-0.0034332543492101575,-0.0034332543492101575,-0.0034332543492101575,0.0034332543492101575
2023-02-08,0.014114665345312027,-0.007827662248953279,0.0,0.0,0.014114665345312027,0.013114665345312027,-0.014114665345312027,0.014114665345312027,0.014114665345312027,0.014114665345312027,-0.015114665345312028,-0.014114665345312027
2023-02-09,0.020129999132242893,-0.011163625238288398,0.0,0.0,0.020129999132242893,-0.021129999132242894,-0.020129999132242893,0.020129999132242893,0.020129999132242893,0.020129999132242893,0.019129999132242892,-0.020129999132242893
2023-02-10,-0.00841222645739892,0.004665223429622293,0.0,0.0,-0.00841222645739892,0.00841222645739892,0.00841222645739892,-0.00841222645739892,-0.00841222645739892,-0.00841222645739892,-0.00841222645739892,0.00841222645739892
2023-02-13,0.011293572986572076,0.005043973296988823,0.0,0.0,-0.012293572986572077,0.012293572986572077,0.012293572986572077,-0.012293572986572077,-0.012293572986572077,-0.012293572986572077,-0.012293572986572077,0.012293572986572077
2023-02-14,-0.009281780592315658,-0.0038605933138365703,0.0,0.0,0.009281780592315658,-0.009281780592315658,-0.009281780592315658,0.009281780592315658,0.009281780592315658,0.009281780592315658,-0.010281780592315659,-0.009281780592315658
2023-02-15,0.0050786415688923725,0.0021123715960782944,0.0,0.0,-0.0050786415688923725,0.0050786415688923725,0.0050786415688923725,-0.0050786415688923725,-0.0050786415688923725,-0.0050786415688923725,-0.0060786415688923725,0.0050786415688923725
2023-02-16,-0.011386699886622886,-0.004736097455843089,0.0,0.0,0.011386699886622886,-0.011386699886622886,-0.011386699886622886,0.011386699886622886,0.011386699886622886,0.011386699886622886,-0.012386699886622887,-0.011386699886622886
2023-02-17,0.008839010212374099,0.0036764307653507303,0.0,0.0,-0.008839010212374099,0.008839010212374099,0.008839010212374099,-0.008839010212374099,-0.008839010212374099,-0.008839010212374099,-0.0098390102123741,0.008839010212374099
2023-02-21,-0.03310017136289278,-0.013767433843051867,0.0,0.0,0.03310017136289278,-0.03310017136289278,-0.03310017136289278,0.03310017136289278,0.03310017136289278,0.03310017136289278,-0.034100171362892784,-0.03310017136289278
2023-02-22,-0.002837453794610645,-0.001180188977626021,0.0,0.0,0.002837453794610645,-0.002837453794610645,-0.0005,0.002837453794610645,0.0028374537946106444,0.002837453794610645,0.0018374537946106448,-0.002837453794610645
2023-02-23,-0.00027544590137995595,-0.00011456687589356684,0.0,0.0,0.00027544590137995595,-0.00027544590137995595,-0.000775445901379956,0.00027544590137995595,0.0002754459013799559,0.00027544590137995595,0.00027544590137995595,-0.00027544590137995595
2023-02-24,-0.010191879648496882,-0.0056638429401545355,0.0,0.0,0.010191879648496882,-0.010191879648496882,-0.010191879648496882,0.010191879648496882,0.010191879648496882,0.010191879648496882,0.010191879648496882,-0.010191879648496882
2023-02-27,0.004360011458726332,0.00239444849592331,0.0,0.0,-0.004360011458726332,0.004360011458726332,-0.0005,-0.004360011458726332,-0.004360011458726332,-0.004360011458726332,-0.004360011458726332,0.004360011458726332
2023-02-28,-0.004895291221992948,-0.00268841557288745,0.0,0.0,0.004895291221992948,-0.004895291221992948,0.0,0.004895291221992948,0.004895291221992948,0.004895291221992948,0.004895291221992948,-0.004895291221992948
2023-03-01,0.0229254989685459,0.01259031703085524,0.0,0.0,-0.0229254989685459,0.0229254989685459,0.0,-0.0229254989685459,-0.0229254989685459,-0.0229254989685459,-0.0229254989685459,0.0229254989685459
2023-03-02,-0.0028127379323480417,-0.0015447106447524473,0.0,0.0,0.0028127379323480417,-0.0028127379323480417,0.0,0.0028127379323480417,0.0028127379323480417,0.0028127379323480417,-0.0038127379323480417,-0.0028127379323480417
2023-03-03,0.012374846334157974,0.006796067504089218,0.0,0.0,-0.012374846334157974,0.012374846334157974,0.011874846334157974,-0.012374846334157974,-0.012374846334157974,-0.012374846334157974,0.012374846334157974,0.012374846334157974
2023-03-06,-0.011953879076700757,-0.006564879025344749,0.0,0.0,0.011953879076700757,-0.011953879076700757,-0.011953879076700757,0.011953879076700757,0.011953879076700757,0.011953879076700757,-0.011953879076700757,-0.011953879076700757
2023-03-07,-0.025834705634375732,-0.018316317272030733,0.0,0.0,0.025834705634375732,-0.025834705634375732,-0.0005,0.025834705634375732,0.025834705634375732,0.025834705634375732,0.02483470563437573,-0.025834705634375732
2023-03-08,0.000653620207362593,0.00046142129474980215,0.0,0.0,-0.000653620207362593,0.000653620207362593,0.0,-0.000653620207362593,-0.000653620207362593,-0.000653620207362593,-0.000653620207362593,0.000653620207362593
2023-03-09,-0.015304035569532193,-0.010803839642419705,0.0,0.0,0.015304035569532193,-0.015304035569532193,0.0,0.015304035569532193,0.015304035569532193,0.015304035569532193,0.015304035569532193,-0.015304035569532193
2023-03-10,-0.013836419824443724,-0.009767780552345937,0.0,0.0,0.013836419824443724,-0.013836419824443724,0.0,0.013836419824443724,0.013836419824443724,0.013836419824443724,0.013836419824443724,-0.013836419824443724
2023-03-13,-0.005381413151865022,-0.0037989930484809567,0.0,0.0,0.005381413151865022,-0.005381413151865022,0.0,0.005381413151865022,0.005381413151865022,0.005381413151865022,0.005381413151865022,-0.005381413151865022
2023-03-14,-0.0069564932147895275,-0.004910916262883735,0.0,0.0,0.0069564932147895275,-0.0069564932147895275,0.0,0.0069564932147895275,0.0069564932147895275,0.0069564932147895275,0.0069564932147895275,-0.0069564932147895275
2023-03-15,0.0,0.0,0.0,0.0,0.0,0.0,0.0,0.0,0.0,0.0,0.0,0.0
2023-03-16,0.01391313188675447,0.009821935210839712,0.0,0.0,-0.01391313188675447,0.01391313188675447,0.0,-0.01391313188675447,-0.01391313188675447,-0.01391313188675447,-0.01391313188675447,0.01391313188675447
2023-03-17,-0.011419505464626112,-0.008061566851110456,0.0,0.0,0.011419505464626112,0.010419505464626111,0.0,0.011419505464626112,0.011419505464626112,0.011419505464626112,-0.012419505464626113,-0.011419505464626112
2023-03-20,0.012522134188685419,0.008839964409436749,0.0,0.0,-0.012522134188685419,0.011522134188685418,0.0,-0.012522134188685419,-0.012522134188685419,-0.012522134188685419,-0.01352213418868542,0.012522134188685419
2023-03-21,-0.00019178140661724186,-0.00013538752926158453,0.0,0.0,0.00019178140661724186,-0.0008082185933827582,-0.00030821859338275815,0.00019178140661724186,0.00019178140661724186,0.00019178140661724186,-0.0011917814066172419,-0.00019178140661724186
2023-03-22,-0.026368763654740945,-0.0186149524287465,0.0,0.0,0.026368763654740945,0.026368763654740945,0.026368763654740945,0.026368763654740945,0.026368763654740945,0.026368763654740945,-0.026368763654740945,-0.026368763654740945
2023-03-23,-0.005318054666955119,-0.0037542653093272384,0.0,0.0,0.005318054666955119,-0.006318054666955119,-0.0005,0.005318054666955119,0.005318054666955119,0.005318054666955119,0.004318054666955119,-0.005318054666955119
2023-03-24,0.0013859623979575186,0.0009784161458541503,0.0,0.0,-0.0013859623979575186,0.0013859623979575186,0.0,-0.0013859623979575186,-0.0013859623979575186,-0.0013859623979575186,-0.0013859623979575186,0.0013859623979575186
2023-03-27,0.00346066318540017,0.0024430451655459455,0.0,0.0,-0.00346066318540017,0.00346066318540017,0.0,-0.00346066318540017,-0.00346066318540017,-0.00346066318540017,-0.00346066318540017,0.00346066318540017
2023-03-28,0.0024633773559583627,0.001739014118963886,0.0,0.0,-0.0024633773559583627,-0.0034633773559583627,0.0019633773559583627,-0.0024633773559583627,-0.0024633773559583627,-0.0024633773559583627,-0.0024633773559583627,0.0024633773559583627
2023-03-29,0.014251979871823472,0.01006114396575993,0.0,0.0,-0.014251979871823472,-0.014251979871823472,-0.0005,-0.014251979871823472,-0.014251979871823472,-0.014251979871823472,-0.014251979871823472,0.014251979871823472
2023-03-30,-0.003973205538767122,-0.0028048729573441466,0.0,0.0,0.003973205538767122,0.003973205538767122,0.0,0.003973205538767122,0.003973205538767122,0.003973205538767122,-0.004973205538767122,-0.003973205538767122
2023-03-31,0.022669786781288392,0.018396599800172254,0.0,0.0,-0.022669786781288392,-0.022669786781288392,-0.023169786781288393,-0.022669786781288392,-0.022669786781288392,-0.022669786781288392,0.022669786781288392,0.022669786781288392
2023-04-03,-0.005137526310674101,-0.0037995491113120977,0.0,0.0,-0.006137526310674101,0.005137526310674101,-0.006137526310674101,0.005137526310674101,0.005137526310674101,0.005137526310674101,-0.005137526310674101,-0.005137526310674101
2023-04-04,-0.02218617764242592,-0.016230417522709935,0.0,0.0,-0.02218617764242592,0.02218617764242592,-0.02218617764242592,0.02218617764242592,0.02218617764242592,0.02218617764242592,-0.02218617764242592,-0.02218617764242592
2023-04-05,0.00039109154305805305,0.0002861051207529691,0.0,0.0,-0.001391091543058053,-0.000608908456941947,0.00039109154305805305,-0.0005,-0.00039109154305805305,-0.00039109154305805305,-0.001391091543058053,0.00039109154305805305
2023-04-06,-0.007136468792482531,-0.005220722109350063,0.0,0.0,0.007136468792482531,-0.007136468792482531,-0.007136468792482531,0.0,0.007136468792482531,0.007136468792482531,0.007136468792482531,-0.007136468792482531
2023-04-10,0.011815761675387337,0.00864388397276899,0.0,0.0,-0.011815761675387337,0.011815761675387337,0.011815761675387337,0.0,-0.011815761675387337,-0.011815761675387337,-0.011815761675387337,0.011815761675387337
2023-04-11,0.01751652133863435,0.01281430535054559,0.0,0.0,-0.01751652133863435,-0.01851652133863435,-0.0005,-0.01801652133863435,-0.01751652133863435,-0.01751652133863435,-0.01751652133863435,0.01751652133863435
2023-04-12,-0.001817081146074484,-0.0013292954806706572,0.0,0.0,-0.002817081146074484,0.001817081146074484,-0.002317081146074484,0.001817081146074484,0.001817081146074484,0.001817081146074484,-0.002817081146074484,-0.001817081146074484
2023-04-13,0.01705473905940491,0.012476486041727377,0.0,0.0,0.01705473905940491,-0.01705473905940491,0.01705473905940491,0.01605473905940491,-0.017054739059404907,-0.01705473905940491,0.01705473905940491,0.01705473905940491
2023-04-14,-0.003579822338999228,-0.0026188382764940504,0.0,0.0,0.002579822338999228,0.003579822338999228,-0.003579822338999228,-0.003579822338999228,0.003579822338999228,0.003579822338999228,-0.003579822338999228,-0.003579822338999228
2023-04-17,0.009549063103718058,0.006985668447352331,0.0,0.0,-0.009549063103718058,-0.009549063103718058,0.009549063103718058,0.009549063103718058,-0.009549063103718058,0.008549063103718058,0.009549063103718058,0.009549063103718058
2023-04-18,-0.004776444773398558,-0.003494233851178499,0.0,0.0,0.004776444773398558,0.004776444773398558,-0.004776444773398558,-0.004776444773398558,0.004776444773398558,-0.004776444773398558,-0.004776444773398558,-0.004776444773398558
2023-04-19,-0.0017878425558371935,-0.0013079058328018338,0.0,0.0,0.0017878425558371935,0.0017878425558371935,-0.0017878425558371935,-0.0017878425558371935,0.0017878425558371935,-0.0017878425558371935,-0.0017878425558371935,-0.0017878425558371935
2023-04-20,-0.012726181554300164,-0.009309906529420372,0.0,0.0,0.012726181554300164,0.012726181554300164,0.011726181554300164,-0.012726181554300164,0.012726181554300164,-0.012726181554300164,-0.012726181554300164,-0.012726181554300164
2023-04-21,-0.002387071494994508,-0.001746274984575664,0.0,0.0,0.002387071494994508,0.002387071494994508,0.002387071494994508,-0.002387071494994508,0.002387071494994508,-0.002387071494994508,0.0013870714949945082,-0.002387071494994508
2023-04-24,0.005551249332703012,0.0047718651038725565,0.0,0.0,-0.005551249332703012,-0.005551249332703012,-0.005551249332703012,0.005551249332703012,-0.005551249332703012,0.005551249332703012,-0.005551249332703012,0.005551249332703012
2023-04-25,-0.006567580655538974,-0.005728747993573928,0.0,0.0,0.006567580655538974,0.006567580655538974,0.006567580655538974,-0.006567580655538974,0.006567580655538974,-0.006567580655538974,0.006567580655538974,-0.006567580655538974
2023-04-26,-0.013893041655555605,-0.012118577400610786,0.0,0.0,0.013893041655555605,0.013893041655555605,0.013893041655555605,-0.013893041655555605,0.013893041655555605,-0.013893041655555605,0.013893041655555605,-0.013893041655555605
2023-04-27,0.023416340919816037,0.020425530053917604,0.0,0.0,-0.023416340919816037,-0.023416340919816037,-0.023416340919816037,0.023416340919816037,-0.023416340919816037,0.023416340919816037,-0.023416340919816037,0.023416340919816037
2023-04-28,0.008449698114085136,0.00636353096865409,0.0,0.0,-0.008449698114085136,-0.008449698114085136,-0.008449698114085136,0.008449698114085136,-0.008449698114085136,0.008449698114085136,0.007449698114085136,0.008449698114085136
2023-05-01,-0.0034833925908813734,-0.0026465605356147726,0.0,0.0,0.0034833925908813734,0.0034833925908813734,-0.0044833925908813735,-0.0034833925908813734,0.0034833925908813734,-0.0034833925908813734,-0.0034833925908813734,-0.0034833925908813734
2023-05-02,-0.027113899755723092,-0.020600197993174033,0.0,0.0,0.027113899755723092,0.027113899755723092,-0.027113899755723092,-0.027113899755723092,0.027113899755723092,-0.027113899755723092,-0.027113899755723092,-0.027113899755723092
2023-05-03,-0.0014563450359156294,-0.0011064803055453366,0.0,0.0,0.0014563450359156294,0.0014563450359156294,0.00045634503591562934,-0.0014563450359156294,0.0014563450359156294,-0.0014563450359156294,0.00045634503591562934,-0.0014563450359156294
2023-05-04,-0.00962773451829746,-0.007314817827368426,0.0,0.0,0.00962773451829746,0.00962773451829746,0.00962773451829746,-0.00962773451829746,0.00962773451829746,-0.00962773451829746,0.00962773451829746,-0.00962773451829746
2023-05-05,0.014827284839178612,0.01126525531701853,0.0,0.0,-0.014827284839178612,-0.014827284839178612,-0.014827284839178612,-0.0005,-0.01482728483917861,0.014827284839178612,-0.014827284839178612,0.014827284839178612
2023-05-08,-0.00977266007831823,-0.007424927227255446,0.0,0.0,0.00977266007831823,0.00977266007831823,0.00977266007831823,0.0,0.00977266007831823,0.008772660078318228,-0.01077266007831823,-0.00977266007831823
2023-05-09,-0.015047853664539756,-0.011432835838983186,0.0,0.0,0.015047853664539756,0.015047853664539756,0.015047853664539756,0.0,0.015047853664539756,0.015047853664539756,0.014047853664539756,-0.015047853664539756
2023-05-10,0.000992095805919524,0.0007537598875213778,0.0,0.0,-0.000992095805919524,-0.000992095805919524,-0.000992095805919524,-0.001492095805919524,-0.000992095805919524,-0.000992095805919524,-0.000992095805919524,0.000992095805919524
2023-05-11,-0.0011892745868290477,-0.00090356946723451,0.0,0.0,0.0011892745868290477,0.0011892745868290477,0.0011892745868290477,0.0011892745868290477,0.0011892745868290477,0.0011892745868290477,0.0011892745868290477,-0.0011892745868290477
2023-05-12,-0.005060611751738442,-0.003844876797200321,0.0,0.0,0.005060611751738442,0.005060611751738442,0.005060611751738442,0.005060611751738442,0.005060611751738442,0.005060611751738442,0.005060611751738442,-0.005060611751738442
2023-05-15,-0.0031940867016529975,0.0018265933005989477,0.0,0.0,-0.0021940867016529975,-0.0021940867016529975,-0.0005,-0.0021940867016529975,-0.002194086701652997,-0.0021940867016529975,-0.0021940867016529975,0.0021940867016529975
2023-05-16,0.024679128340975853,-0.021075402327237737,0.0,0.0,0.024679128340975853,0.02467912834097585,0.024179128340975853,0.024679128340975853,0.024679128340975853,0.024679128340975853,0.024679128340975853,-0.024679128340975853
2023-05-17,-0.022140843685622746,0.018907766193841567,0.0,0.0,-0.022140843685622746,-0.022140843685622746,-0.0005,-0.022140843685622746,-0.022140843685622743,-0.022140843685622746,-0.022140843685622746,0.022140843685622746
2023-05-18,-0.009728281653824222,0.0069664511364691565,0.0,0.0,-0.009728281653824222,-0.009728281653824222,0.0,-0.009728281653824222,-0.009728281653824222,-0.009728281653824222,0.008728281653824221,0.009728281653824222
2023-05-19,0.006122136230921393,-0.004425341958694883,0.0,0.0,0.006122136230921393,0.006122136230921393,-0.006622136230921394,0.006122136230921393,0.006122136230921393,0.006122136230921393,-0.006122136230921393,-0.006122136230921393
2023-05-22,-0.027062562649501798,0.019561977957590303,0.0,0.0,-0.027062562649501798,-0.027062562649501798,0.027062562649501798,-0.027062562649501798,-0.027062562649501798,-0.027062562649501798,0.027062562649501798,0.027062562649501798
2023-05-23,0.00993010435125019,-0.006464896744777119,0.0,0.0,0.00993010435125019,0.00993010435125019,-0.0005,0.00993010435125019,0.009930104351250189,0.00993010435125019,-0.00993010435125019,-0.00993010435125019
2023-05-24,0.03684222039488405,-0.023845503279904277,0.0,0.0,0.03684222039488405,0.03684222039488405,0.0,0.03684222039488405,0.03684222039488405,0.03684222039488405,-0.03684222039488405,-0.03684222039488405
2023-05-25,-0.0006184830739941471,0.00031352398283516705,0.0,0.0,-0.0006184830739941471,-0.0006184830739941471,-0.0011184830739941472,-0.0006184830739941471,-0.0006184830739941471,-0.0006184830739941471,-0.0016184830739941472,0.0006184830739941471
2023-05-26,0.001133339537382927,-0.000645603455691059,0.0,0.0,0.001133339537382927,0.001133339537382927,0.001133339537382927,0.001133339537382927,0.001133339537382927,0.001133339537382927,0.001133339537382927,-0.001133339537382927
2023-05-30,0.009077829935086212,-0.005171158494832626,0.0,0.0,0.009077829935086212,0.009077829935086212,0.009077829935086212,0.009077829935086212,0.00907782993508621,0.009077829935086212,0.009077829935086212,-0.009077829935086212
2023-05-31,0.02862799533152982,-0.01630785135955108,0.0,0.0,0.02862799533152982,0.02862799533152982,0.02862799533152982,0.02862799533152982,0.02862799533152982,0.02862799533152982,0.02862799533152982,-0.02862799533152982
2023-06-01,-0.010395670298501747,0.005921862290656141,0.0,0.0,-0.010395670298501747,-0.010395670298501747,-0.0005,-0.010395670298501747,-0.010395670298501747,-0.010395670298501747,-0.010395670298501747,0.010395670298501747
2023-06-02,-0.0875052437619146,0.04984709868521313,0.0,0.0,-0.0875052437619146,-0.0875052437619146,0.0,-0.0875052437619146,-0.0875052437619146,-0.0875052437619146,-0.0875052437619146,0.0875052437619146
2023-06-05,0.044377212852280246,-0.01671198179412414,0.0,0.0,0.044377212852280246,0.044377212852280246,0.043877212852280245,0.044377212852280246,0.044377212852280246,0.044377212852280246,-0.045377212852280246,-0.044377212852280246
2023-06-06,-0.0031638723385687406,0.001184519899189175,0.0,0.0,-0.0031638723385687406,-0.0031638723385687406,-0.0031638723385687406,-0.0031638723385687406,-0.0031638723385687406,-0.0031638723385687406,-0.004163872338568741,0.0031638723385687406
2023-06-07,-0.027571307186100125,0.010322401953603202,0.0,0.0,-0.027571307186100125,-0.027571307186100125,-0.027571307186100125,-0.027571307186100125,-0.027571307186100125,-0.027571307186100125,-0.027571307186100125,0.027571307186100125
2023-06-08,0.0023762058607790237,-0.0008896260106170976,0.0,0.0,0.0023762058607790237,0.0023762058607790237,-0.0005,-0.0005,0.0023762058607790237,0.0023762058607790237,-0.0033762058607790238,-0.0023762058607790237
2023-06-09,0.008535126282902317,-0.0031954598170556596,0.0,0.0,0.008535126282902317,0.008535126282902317,0.008035126282902316,0.0,0.008535126282902317,-0.009535126282902318,-0.008535126282902317,-0.008535126282902317
2023-06-12,-0.013613598163017215,0.0050967852675604195,0.0,0.0,-0.013613598163017215,-0.013613598163017215,-0.0005,0.0,-0.013613598163017215,0.013613598163017215,-0.014613598163017216,0.013613598163017215
2023-06-13,-0.014615957827188941,0.005472057984440362,0.0,0.0,-0.014615957827188941,-0.014615957827188941,0.01411595782718894,0.0,-0.014615957827188941,0.014615957827188941,0.01361595782718894,0.014615957827188941
2023-06-14,-0.008689213037337606,-0.002878758962806787,0.0,0.0,0.0076892130373376055,-0.008689213037337606,0.0066892130373376055,0.0,0.0076892130373376055,-0.0076892130373376055,-0.0076892130373376055,-0.0076892130373376055
2023-06-15,0.018244013683010207,0.0068303632182520994,0.0,0.0,-0.018244013683010207,0.018244013683010207,-0.0005,0.017744013683010207,-0.018244013683010207,0.018244013683010207,0.018244013683010207,0.018244013683010207
2023-06-16,0.007032108282140737,0.002632745984061054,0.0,0.0,-0.007032108282140737,-0.008032108282140737,-0.007532108282140737,0.007032108282140737,-0.007032108282140737,0.007032108282140737,0.007032108282140737,0.007032108282140737
2023-06-20,-0.02142704511228577,-0.008022056075691186,0.0,-0.02192704511228577,0.02142704511228577,0.02142704511228577,0.02142704511228577,-0.02142704511228577,0.02142704511228577,-0.02142704511228577,-0.02142704511228577,-0.02142704511228577
2023-06-21,-0.008113400069003185,-0.003037570041831918,0.0,-0.0005,0.008113400069003185,-0.009113400069003186,0.008113400069003185,-0.008113400069003185,0.008113400069003185,-0.008113400069003185,-0.0005,-0.008113400069003185
2023-06-22,-0.010249327242042194,-0.0038372382866094933,0.0,0.0,0.010249327242042194,-0.010249327242042194,0.010249327242042194,-0.010249327242042194,0.010249327242042194,-0.010249327242042194,0.0,-0.010249327242042194
2023-06-23,0.0028875898739042505,0.0010810827050891868,0.0,0.0,-0.0028875898739042505,0.0028875898739042505,-0.0005,0.0028875898739042505,-0.0028875898739042505,0.0028875898739042505,0.0,0.0028875898739042505
2023-06-26,-0.003077901293024765,-0.0011523332610117935,0.0,0.0,0.003077901293024765,0.002077901293024765,0.002577901293024765,-0.003077901293024765,0.003077901293024765,-0.003077901293024765,0.0,-0.003077901293024765
2023-06-27,-0.02141229014358159,-0.008016531973524055,0.0,0.0,0.02141229014358159,-0.022412290143581592,0.02141229014358159,-0.02141229014358159,0.02141229014358159,-0.02141229014358159,0.0,-0.02141229014358159
2023-06-28,0.003154958913490047,0.0011811828083568626,0.0,0.0,-0.003154958913490047,0.003154958913490047,-0.003154958913490047,0.003154958913490047,-0.003154958913490047,0.003154958913490047,0.0,0.003154958913490047
2023-06-29,0.006797163179354415,0.002544785055272967,0.0,0.0,-0.006797163179354415,0.006797163179354415,-0.006797163179354415,-0.0005,-0.006797163179354415,0.006797163179354415,0.0,0.006797163179354415
2023-06-30,0.008565160122546711,0.0032067041647729053,0.0,0.0,-0.008565160122546711,-0.009565160122546712,-0.008565160122546711,0.0,-0.008565160122546711,-0.009565160122546712,0.0,0.008565160122546711
2023-07-03,0.010490579076643858,0.003927560388205679,0.0,0.0,-0.010490579076643858,-0.010490579076643858,-0.0005,0.0,-0.010490579076643858,-0.010490579076643858,0.0,0.010490579076643858
2023-07-05,-0.02481716546351065,-0.009291280806322591,0.0,0.0,0.02481716546351065,0.02481716546351065,0.024317165463510648,0.024317165463510648,0.02481716546351065,0.02481716546351065,-0.02531716546351065,-0.02481716546351065
2023-07-06,-0.023522411745399374,-0.013428449837721908,0.0,0.0,0.023522411745399374,-0.024522411745399375,-0.0005,0.023522411745399374,0.023522411745399374,0.023522411745399374,-0.0005,-0.023522411745399374
2023-07-07,0.010175608149469051,0.006597435058119359,0.0,0.0,-0.010175608149469051,0.010175608149469051,-0.010675608149469051,-0.010175608149469051,-0.010175608149469051,-0.010175608149469051,0.0,0.010175608149469051
2023-07-10,-0.0010277295554271815,-0.0006706685380934999,0.0,0.0,0.0010277295554271815,-0.0010277295554271815,-0.0005,0.0010277295554271815,0.0010277295554271815,0.0010277295554271815,0.0,-0.0010277295554271815
2023-07-11,0.048667511866695046,0.03175910322314077,0.0,0.0,-0.048667511866695046,0.048667511866695046,0.0,-0.048667511866695046,-0.048667511866695046,-0.048667511866695046,0.0,0.048667511866695046
2023-07-12,-0.0034342364401594994,-0.0019417070046416694,0.0,-0.0039342364401595,0.0034342364401594994,-0.0034342364401594994,0.0029342364401594993,0.0034342364401594994,0.0034342364401594994,0.0034342364401594994,-0.0039342364401595,-0.0034342364401594994
2023-07-13,0.0127005911662601,0.00699220936680423,0.0,-0.0005,-0.0127005911662601,0.0127005911662601,-0.0005,-0.0127005911662601,-0.0127005911662601,-0.0127005911662601,0.0127005911662601,0.0127005911662601
2023-07-14,-0.005444058324217904,-0.002997182974375998,0.0,-0.005944058324217905,0.005444058324217904,-0.005444058324217904,0.004944058324217904,0.005444058324217904,0.005444058324217904,-0.006444058324217904,-0.005444058324217904,-0.005444058324217904
2023-07-17,-0.005865169804026182,-0.003229022547435123,0.0,-0.005865169804026182,0.005865169804026182,-0.005865169804026182,0.005865169804026182,-0.0005,0.005865169804026182,-0.005865169804026182,-0.005865169804026182,-0.005865169804026182
2023-07-18,0.012880869067552592,0.007091459930305076,0.0,0.012880869067552592,-0.012880869067552592,0.012880869067552592,-0.012880869067552592,0.0,-0.012880869067552592,0.012880869067552592,-0.0005,0.012880869067552592
2023-07-19,0.0045627689099121405,0.002511996102607042,0.0,0.0045627689099121405,-0.0045627689099121405,0.0045627689099121405,-0.0045627689099121405,0.0,-0.0045627689099121405,0.0045627689099121405,0.00406276890991214,0.0045627689099121405
2023-07-20,0.007827554606182341,0.004309397879204113,0.0,0.007827554606182341,-0.007827554606182341,0.007827554606182341,-0.007827554606182341,0.0,-0.007827554606182341,0.007827554606182341,0.007827554606182341,0.007827554606182341
2023-07-21,0.0003836527447251825,0.0002112169646397258,0.0,0.0003836527447251825,-0.0003836527447251825,-0.0013836527447251825,-0.0005,0.0,-0.0003836527447251825,0.0003836527447251825,0.0003836527447251825,0.0003836527447251825
2023-07-24,-0.0005750664728664256,-0.0003165982689682734,0.0,-0.0005750664728664256,0.0005750664728664256,0.0005750664728664256,7.506647286642564e-05,-0.0010750664728664257,0.0005750664728664256,-0.0005750664728664256,-0.0005750664728664256,-0.0005750664728664256
2023-07-25,0.05332326067853299,0.03260232939137391,0.0,0.05332326067853299,-0.05332326067853299,-0.05332326067853299,-0.0005,0.05332326067853299,-0.05332326067853299,0.05332326067853299,0.05332326067853299,0.05332326067853299
2023-07-26,-0.026584913944471045,0.012604087581109216,0.0,0.025584913944471044,0.024584913944471043,-0.02558491394447104,-0.026084913944471044,0.025584913944471044,-0.02558491394447104,0.025584913944471044,0.025584913944471044,0.025584913944471044
2023-07-27,0.012872897570438968,-0.006371120898246238,-0.013372897570438969,-0.012872897570438968,-0.012872897570438968,0.012872897570438966,0.012872897570438968,-0.012872897570438968,0.012872897570438968,-0.012872897570438968,-0.012872897570438968,-0.012872897570438968
2023-07-28,-0.006205520879325022,0.003071268418196761,0.006205520879325022,0.006205520879325022,0.006205520879325022,-0.006205520879325022,-0.006205520879325022,0.006205520879325022,-0.006205520879325021,0.006205520879325022,0.006205520879325022,0.006205520879325022
2023-07-31,0.0033964577534746354,-0.0016809923993231011,-0.0033964577534746354,-0.0033964577534746354,-0.0033964577534746354,0.003396457753474635,0.0033964577534746354,-0.0033964577534746354,0.0033964577534746354,-0.0033964577534746354,-0.0033964577534746354,-0.0033964577534746354
2023-08-01,0.008430595912318095,-0.00417251403638781,-0.0005,-0.008430595912318095,-0.008430595912318095,0.008430595912318095,0.008430595912318095,-0.008430595912318095,0.008430595912318095,-0.008430595912318095,-0.0005,-0.008430595912318095
2023-08-02,0.014923742975373355,-0.007386135889778108,-0.015423742975373356,-0.014923742975373355,-0.014923742975373355,0.014923742975373355,0.014923742975373355,-0.014923742975373355,0.014923742975373355,-0.014923742975373355,0.0,-0.014923742975373355
2023-08-03,0.015793114366518535,-0.007816409665216344,-0.0005,-0.015793114366518535,0.014793114366518534,0.015793114366518535,0.015793114366518535,-0.015793114366518535,0.01579311436651853,-0.015793114366518535,0.0,-0.015793114366518535
2023-08-04,0.015673172696997972,-0.007757047515158706,0.0,-0.015673172696997972,0.015673172696997972,0.015673172696997972,-0.0005,-0.015673172696997972,0.015673172696997972,-0.015673172696997972,0.0,-0.015673172696997972
2023-08-07,0.0026536622066326565,-0.0013133641939626667,0.0,-0.0026536622066326565,0.0026536622066326565,0.0026536622066326565,0.0021536622066326565,-0.0026536622066326565,0.0026536622066326565,-0.0026536622066326565,0.0,-0.0026536622066326565
2023-08-08,0.010548405973614505,-0.005220671521228388,0.0,-0.010548405973614505,0.010548405973614505,0.010548405973614505,-0.0005,-0.010548405973614505,0.010548405973614505,-0.010548405973614505,0.0,-0.010548405973614505
2023-08-09,0.00393761099353751,-0.0019488227536044547,0.0,-0.00393761099353751,0.00393761099353751,0.00393761099353751,-0.004437610993537511,-0.0005,0.00393761099353751,-0.00393761099353751,0.0,-0.00393761099353751
2023-08-10,-0.0018319624590101835,0.001035379096786736,0.0,0.0018319624590101835,-0.0018319624590101835,-0.0018319624590101835,0.0018319624590101835,0.0,-0.0018319624590101835,0.0018319624590101835,0.0,0.0018319624590101835
2023-08-11,-0.006256023097857444,0.0037007228640593666,0.0,0.006256023097857444,-0.006256023097857444,-0.006256023097857444,0.006256023097857444,0.0,-0.006256023097857444,0.006256023097857444,0.0,0.006256023097857444
2023-08-14,0.01080836271170893,-0.006393639279235823,0.0,-0.01080836271170893,0.01080836271170893,0.01080836271170893,-0.01080836271170893,0.0,0.01080836271170893,0.009808362711708929,-0.01130836271170893,-0.01080836271170893
2023-08-15,0.022045875698775697,-0.017544639011991353,0.0,-0.0005,0.022045875698775697,0.022045875698775697,-0.022045875698775697,0.0,0.022045875698775697,0.022045875698775697,0.021045875698775696,-0.022045875698775697
2023-08-16,0.0034607214500875783,-0.0026389401109182743,0.0,0.0,0.0034607214500875783,-0.004460721450087578,-0.0034607214500875783,0.0,0.0034607214500875783,0.0034607214500875783,0.0034607214500875783,-0.0034607214500875783
2023-08-17,-0.010021144202987609,0.007707075253457587,0.0,0.0,-0.010021144202987609,0.010021144202987609,0.010021144202987609,0.0,-0.010021144202987609,-0.010021144202987609,-0.010021144202987609,0.010021144202987609
2023-08-18,0.002891514597732514,-0.002210587552503734,0.0,0.0,0.002891514597732514,-0.002891514597732514,-0.002891514597732514,0.0,0.002891514597732514,0.002891514597732514,0.002891514597732514,-0.002891514597732514
2023-08-21,0.008199087120491777,-0.006303958804535451,0.0,0.0,0.008199087120491777,-0.008199087120491777,-0.008199087120491777,0.0,0.008199087120491777,0.008199087120491777,0.008199087120491777,-0.008199087120491777
2023-08-22,0.006855555731265062,-0.005249126504377016,0.0,0.0,0.006855555731265062,-0.006855555731265062,-0.006855555731265062,0.0,0.006855555731265062,0.006855555731265062,0.006855555731265062,-0.006855555731265062
2023-08-23,-0.011572629393050704,0.008836959398133969,0.0,0.0,-0.011572629393050704,0.011572629393050704,0.011572629393050704,0.0,-0.011572629393050704,-0.011572629393050704,-0.011572629393050704,0.011572629393050704
2023-08-24,0.011540521861820419,-0.011658679453325101,0.0,0.0,0.011540521861820419,-0.011540521861820419,-0.011540521861820419,0.0,0.011540521861820419,0.011540521861820419,-0.01254052186182042,-0.011540521861820419
2023-08-25,-0.004568567116472577,0.004568567116472577,0.0,0.0,-0.004568567116472577,0.004568567116472577,0.004568567116472577,0.0,-0.004568567116472577,-0.004568567116472577,-0.005568567116472577,0.004568567116472577
2023-08-28,-0.05224839199748432,0.05224839199748432,0.0,0.0,-0.05224839199748432,0.05224839199748432,0.05224839199748432,0.0,-0.05224839199748432,-0.05224839199748432,-0.05224839199748432,0.05224839199748432
2023-08-29,-0.013926202873641325,0.011368718947704212,0.0,0.0,-0.013926202873641325,0.013926202873641325,-0.014926202873641325,0.0,-0.013926202873641325,-0.013926202873641325,0.012926202873641324,0.013926202873641325
2023-08-30,0.010608918545002233,-0.008508202156700199,0.0,0.0,0.010608918545002233,-0.010608918545002233,0.010608918545002233,0.0,0.010608918545002233,0.010608918545002233,-0.010608918545002233,-0.010608918545002233
2023-08-31,-0.02125418305485338,0.016965070953889723,0.0,0.0,-0.02125418305485338,0.02125418305485338,0.02025418305485338,0.02075418305485338,-0.02125418305485338,-0.02125418305485338,0.02125418305485338,0.02125418305485338
2023-09-01,-0.002624878973213729,0.00202281477841908,0.002124878973213729,0.002124878973213729,0.001624878973213729,0.002624878973213729,-0.003624878973213729,0.002624878973213729,-0.002624878973213729,0.001624878973213729,0.002624878973213729,0.002624878973213729
2023-09-05,0.0009351474591393627,-0.00075239046062264,-0.0005,-0.0009351474591393627,-0.0009351474591393627,-0.0009351474591393627,0.0009351474591393627,-0.0009351474591393627,0.0009351474591393627,-0.0009351474591393627,-0.0009351474591393627,-0.0009351474591393627
2023-09-06,0.0044922261083140125,-0.0036816666030352182,-0.004992226108314011,-0.0044922261083140125,-0.0044922261083140125,-0.0044922261083140125,-0.0054922261083140125,-0.0044922261083140125,0.0044922261083140125,-0.0044922261083140125,-0.0044922261083140125,-0.0044922261083140125
2023-09-07,0.003948330770176756,-0.003220538042263468,-0.003948330770176756,-0.003948330770176756,-0.003948330770176756,-0.003948330770176756,0.0029483307701767556,-0.003948330770176756,0.003948330770176756,-0.003948330770176756,-0.003948330770176756,-0.003948330770176756
2023-09-08,-0.002737132655214136,0.0022545051690695973,0.002737132655214136,0.002737132655214136,0.002737132655214136,0.002737132655214136,-0.002737132655214136,0.002737132655214136,-0.002737132655214136,0.002737132655214136,-0.003737132655214136,0.002737132655214136
2023-09-11,-0.015530635702029727,0.012863640689323587,0.015530635702029727,0.015530635702029727,0.015530635702029727,-0.016530635702029724,-0.015530635702029727,0.015530635702029727,-0.015530635702029727,0.015530635702029727,-0.015530635702029727,0.015530635702029727
2023-09-12,0.006766058118277685,-0.005509265054347537,-0.006766058118277685,-0.006766058118277685,-0.006766058118277685,0.006766058118277684,0.006766058118277685,-0.006766058118277685,0.006766058118277685,-0.006766058118277685,-0.007766058118277685,-0.006766058118277685
2023-09-13,0.05701745947035253,-0.0460462536108347,-0.05701745947035253,-0.05701745947035253,-0.05701745947035253,-0.05801745947035253,-0.05801745947035253,-0.05701745947035253,0.05701745947035253,-0.05701745947035253,-0.05701745947035253,-0.05701745947035253
2023-09-14,-0.012568176961212485,0.0057377368429009715,-0.0005,-0.0005,-0.013568176961212486,-0.013568176961212486,-0.013568176961212486,0.012568176961212485,-0.012568176961212485,0.012568176961212485,-0.0005,0.012568176961212485
2023-09-15,0.012314412930740981,-0.005930383913572008,0.0,0.0,0.012314412930740981,0.012314412930740981,-0.013314412930740982,-0.012314412930740981,0.012314412930740981,-0.012314412930740981,0.0,-0.012314412930740981
2023-09-18,0.00019796902136237637,-9.674607072914002e-05,0.0,0.0,0.00019796902136237637,0.00019796902136237637,-0.0008020309786376236,-0.00019796902136237637,0.00019796902136237637,-0.00019796902136237637,0.0,-0.00019796902136237637
2023-09-19,0.00801669674054839,-0.003839214934698511,0.0,0.0,0.00801669674054839,0.00801669674054839,-0.009016696740548391,0.00701669674054839,0.008016696740548388,-0.00801669674054839,0.0,-0.00801669674054839
2023-09-20,0.012371391349435656,-0.005900889404350242,0.0,0.0,0.012371391349435656,0.012371391349435656,-0.0005,0.012371391349435656,0.012371391349435656,-0.012371391349435656,0.0,-0.012371391349435656
2023-09-21,0.015153275796775056,-0.0071880739177782186,0.0,0.0,0.015153275796775056,0.015153275796775056,-0.015653275796775057,0.015153275796775056,0.015153275796775056,-0.015153275796775056,0.0,-0.015153275796775056
2023-09-22,-0.005615696444164152,-0.002167224328340127,0.0,0.0,0.004615696444164152,-0.005615696444164152,-0.004615696444164152,0.004615696444164152,0.004615696444164152,-0.004615696444164152,0.0,-0.004615696444164152
2023-09-25,-0.023186414404420375,-0.010966866721883003,0.0,0.0,0.023186414404420375,-0.023186414404420375,-0.023186414404420375,0.023186414404420375,0.023186414404420375,-0.023186414404420375,0.0,-0.023186414404420375
2023-09-26,-0.009600079596505662,-0.004442772679950062,0.0,0.0,0.009600079596505662,-0.009600079596505662,-0.0005,0.009600079596505662,0.009600079596505662,0.008600079596505661,0.0,-0.009600079596505662
2023-09-27,-0.004473625031787831,-0.0020661251022496482,0.0,0.0,0.004473625031787831,-0.004473625031787831,-0.004973625031787832,0.004473625031787831,0.004473625031787831,0.004473625031787831,0.0,-0.004473625031787831
2023-09-28,-0.0021401470690065594,-0.0013089640496418788,0.0,0.0,0.0021401470690065594,-0.0021401470690065594,-0.0021401470690065594,0.0021401470690065594,0.0021401470690065594,0.0021401470690065594,0.0,-0.0021401470690065594
2023-09-29,0.0038603152546714536,0.0023228953308475683,0.0,0.0,-0.0038603152546714536,0.0038603152546714536,-0.0005,-0.0038603152546714536,-0.0038603152546714536,-0.0038603152546714536,0.0,0.0038603152546714536
2023-10-02,-0.03631705653167283,-0.021823068769572265,0.0,0.0,0.03631705653167283,-0.03631705653167283,-0.03681705653167283,0.03631705653167283,0.03631705653167283,0.03631705653167283,-0.03681705653167283,-0.03631705653167283
2023-10-03,-0.015850353332045986,-0.00940974671848942,0.0,0.0,0.015850353332045986,-0.015850353332045986,-0.015850353332045986,0.015850353332045986,0.015850353332045986,0.015850353332045986,-0.0005,-0.015850353332045986
2023-10-04,-0.008671853846113686,-0.005179081124466416,0.0,0.0,0.008671853846113686,-0.008671853846113686,-0.008671853846113686,0.008671853846113686,0.008671853846113686,0.008671853846113686,0.0,-0.008671853846113686
2023-10-05,-0.0021587681448715923,-0.001298929763485132,0.0,0.0,0.0021587681448715923,-0.0021587681448715923,-0.0021587681448715923,0.0021587681448715923,0.0021587681448715923,0.0021587681448715923,0.0,-0.0021587681448715923
2023-10-06,0.006489529265389038,0.0038878165938497837,0.0,0.0,-0.006489529265389038,0.006489529265389038,0.006489529265389038,-0.006489529265389038,-0.006489529265389038,-0.006489529265389038,0.0,0.006489529265389038
2023-10-09,0.007353193092574095,0.004310572267387053,0.0,0.0,-0.007353193092574095,0.007353193092574095,0.007353193092574095,-0.007353193092574095,-0.007353193092574095,-0.007353193092574095,0.006853193092574095,0.007353193092574095
2023-10-10,0.017855293169992903,0.010355534964911059,0.0,0.0,-0.017855293169992903,0.017855293169992903,-0.0005,-0.017855293169992903,-0.0178552931699929,-0.017855293169992903,0.017855293169992903,0.017855293169992903
2023-10-11,-0.0027584417416320894,-0.0015862914782407281,0.0,0.0,0.0027584417416320894,-0.0027584417416320894,0.0,0.0027584417416320894,0.0027584417416320894,0.0027584417416320894,-0.0027584417416320894,-0.0027584417416320894
2023-10-12,-0.015156314052177322,-0.008678540685869115,0.0,0.0,0.015156314052177322,-0.015156314052177322,0.014656314052177322,0.015156314052177322,0.015156314052177322,0.015156314052177322,-0.015156314052177322,-0.015156314052177322
2023-10-13,-0.003819547069052298,-0.003042353462354756,0.0,0.0,0.003819547069052298,0.002819547069052298,-0.004819547069052298,0.003819547069052298,0.003819547069052298,0.003819547069052298,-0.0005,-0.003819547069052298
2023-10-16,0.014208403339282416,0.01094895889267112,0.0,0.0,-0.014208403339282416,-0.014208403339282416,0.014208403339282416,-0.014208403339282416,-0.014208403339282416,-0.014208403339282416,0.0,0.014208403339282416
2023-10-17,0.0067821760132185105,0.005226327307748,0.0,0.0,-0.0067821760132185105,-0.00678217601321851,-0.0005,-0.0067821760132185105,-0.0067821760132185105,-0.0067821760132185105,0.00628217601321851,0.0067821760132185105
2023-10-18,-0.023743853957054806,-0.018296952495051366,0.0,0.0,0.023743853957054806,0.023743853957054802,0.023243853957054805,0.023743853957054806,0.023743853957054806,0.023743853957054806,-0.023743853957054806,-0.023743853957054806
2023-10-19,-0.015158134942755197,-0.011680819611795332,0.0,0.0,0.015158134942755197,0.015158134942755197,-0.016158134942755198,0.015158134942755197,0.015158134942755197,0.015158134942755197,-0.0005,-0.015158134942755197
2023-10-20,-0.005857966742984777,-0.0045141340326571916,0.0,0.0,0.005857966742984777,0.005857966742984777,-0.005857966742984777,0.005857966742984777,0.005857966742984777,0.005857966742984777,0.0,-0.005857966742984777
2023-10-23,-0.010976371359670112,-0.008458363402132293,0.0,0.0,0.010976371359670112,0.010976371359670112,-0.010976371359670112,0.010976371359670112,0.010976371359670112,0.010976371359670112,0.0,-0.010976371359670112
2023-10-24,0.05280381462942274,0.040690483085833784,0.0,0.0,-0.05280381462942274,-0.05280381462942274,-0.0005,-0.05280381462942274,-0.05280381462942274,-0.05280381462942274,0.0,0.05280381462942274
2023-10-25,-0.008100307769440596,-0.004423238402661882,0.0,0.0,0.008100307769440596,0.008100307769440594,0.007600307769440595,0.008100307769440596,0.008100307769440596,0.008100307769440596,-0.008600307769440596,-0.008100307769440596
2023-10-26,-0.00827836568853546,-0.004398182604767292,0.0,0.0,0.00827836568853546,0.00827836568853546,-0.0005,0.00827836568853546,0.00827836568853546,0.00827836568853546,-0.0005,-0.00827836568853546
2023-10-27,-0.012746719174563048,-0.006772157772524663,0.0,0.0,0.012746719174563048,0.012746719174563048,0.0,0.012746719174563048,0.012746719174563048,0.012746719174563048,0.0,-0.012746719174563048
2023-10-30,0.022851966751184172,0.012140937768546396,0.0,0.0,-0.022851966751184172,-0.022851966751184172,0.02235196675118417,-0.022851966751184172,-0.022851966751184172,-0.022851966751184172,0.0,0.022851966751184172
2023-10-31,0.01597396417517416,0.008486748955983375,0.0,0.0,-0.01597396417517416,-0.015973964175174157,-0.01697396417517416,-0.0005,-0.01597396417517416,-0.01597396417517416,0.01547396417517416,0.01597396417517416
2023-11-01,-0.004288107733215529,-0.0022782130615122873,0.0,0.0,0.004288107733215529,0.004288107733215528,0.004288107733215529,0.0,0.004288107733215529,0.004288107733215529,-0.004288107733215529,-0.004288107733215529
2023-11-02,0.019324301433001345,0.01026673737421501,0.0,0.0,-0.019324301433001345,-0.019324301433001345,-0.0005,0.0,-0.019324301433001345,-0.019324301433001345,-0.0005,0.019324301433001345
2023-11-03,0.01679114287412009,0.00892090483576865,0.0,0.0,-0.01679114287412009,0.01579114287412009,0.0,0.0,-0.01679114287412009,0.01579114287412009,0.01629114287412009,0.01679114287412009
2023-11-06,-0.0036223780222219837,-0.0019245199601766582,0.0,0.0,0.0036223780222219837,-0.0036223780222219837,0.0,0.0,0.0036223780222219837,-0.0036223780222219837,-0.0036223780222219837,-0.0036223780222219837
2023-11-07,-0.0039563371438505746,-0.002101947879492226,0.0,0.0,0.0039563371438505746,0.0029563371438505745,0.0034563371438505745,0.0,0.0039563371438505746,-0.0039563371438505746,-0.0005,-0.0039563371438505746
2023-11-08,-0.008910295806400681,-0.004733918443988845,0.0,0.0,0.008910295806400681,0.008910295806400681,0.008910295806400681,0.0,0.008910295806400681,-0.008910295806400681,0.0,-0.008910295806400681
2023-11-09,-0.006715793500596812,-0.0035680093466322373,0.0,0.0,0.006715793500596812,0.006715793500596812,-0.0005,0.0,0.006715793500596812,-0.006715793500596812,0.0,-0.006715793500596812
2023-11-10,0.012104578653834075,0.006430997285739496,0.0,0.0,-0.012104578653834075,-0.012104578653834075,-0.012604578653834075,0.0,-0.012104578653834075,0.012104578653834075,0.0,0.012104578653834075
2023-11-13,-0.0012929754358051992,-0.0006869401865183715,0.0,0.0,0.0012929754358051992,0.0012929754358051992,0.0012929754358051992,0.0,0.0012929754358051992,0.0002929754358051992,-0.0017929754358051993,-0.0012929754358051992
2023-11-14,0.02459833832751812,0.013068761130967929,0.0,0.0,-0.02459833832751812,-0.02459833832751812,-0.02459833832751812,0.0,-0.02459833832751812,-0.02459833832751812,0.02459833832751812,0.02459833832751812
2023-11-15,0.019479656081880625,0.010349275176962337,0.0,0.0,-0.019479656081880625,-0.019479656081880625,0.018479656081880624,0.0,-0.019479656081880625,-0.019479656081880625,0.019479656081880625,0.019479656081880625
2023-11-16,0.004091607751393722,0.0021738153054331336,0.0,0.0,-0.004091607751393722,-0.004091607751393722,0.004091607751393722,0.0,-0.004091607751393722,-0.004091607751393722,0.004091607751393722,0.004091607751393722
2023-11-17,-0.003866093805289461,-0.0020540028264722458,0.0,0.0,0.003866093805289461,0.003866093805289461,0.002866093805289461,0.0,0.003866093805289461,0.003866093805289461,-0.003866093805289461,-0.003866093805289461
2023-11-20,-0.0037758652884546384,-0.002006065648032974,0.0,0.0,0.0037758652884546384,0.0037758652884546384,0.0037758652884546384,0.0,0.0037758652884546384,0.0037758652884546384,0.0027758652884546384,-0.0037758652884546384
2023-11-21,-0.010423010896156604,-0.005537603306925906,0.0,0.0,0.010423010896156604,0.010423010896156604,0.010423010896156604,0.0,0.010423010896156604,0.010423010896156604,0.010423010896156604,-0.010423010896156604
2023-11-22,0.014682195930910025,0.007800450133840084,0.0,0.0,-0.014682195930910025,-0.014682195930910025,-0.014682195930910025,0.014182195930910024,-0.014682195930910025,0.013682195930910024,-0.014682195930910025,0.014682195930910025
2023-11-24,0.006081644844691425,0.004472399844520113,0.0,0.0,-0.006081644844691425,-0.006081644844691425,-0.006081644844691425,0.006081644844691425,-0.006081644844691425,0.006081644844691425,0.005081644844691425,0.006081644844691425
2023-11-27,0.011672722042218142,0.008797460735931635,0.0,0.0,-0.011672722042218142,-0.011672722042218142,-0.011672722042218142,0.011672722042218142,-0.011672722042218142,0.011672722042218142,0.011672722042218142,0.011672722042218142
2023-11-28,0.01483448209135152,0.011180406186708639,0.0,0.0,-0.01483448209135152,-0.01483448209135152,-0.01483448209135152,0.01483448209135152,-0.01483448209135152,0.01483448209135152,0.01483448209135152,0.01483448209135152
2023-11-29,-0.00040590853757671574,-0.00030592388037640664,-0.0009059085375767158,-0.0009059085375767158,-0.0014059085375767158,0.00040590853757671574,0.00040590853757671574,-0.00040590853757671574,0.00040590853757671574,-0.00040590853757671574,-0.00040590853757671574,-0.00040590853757671574
2023-11-30,0.0060932704263187976,0.005224605126106547,0.0060932704263187976,0.0060932704263187976,0.0060932704263187976,-0.0060932704263187976,-0.0060932704263187976,0.0060932704263187976,-0.0060932704263187976,0.0060932704263187976,0.0060932704263187976,0.0060932704263187976
2023-12-01,0.007873365777353092,0.0068239576154491815,0.007873365777353092,0.007873365777353092,0.007873365777353092,-0.007873365777353092,-0.007873365777353092,0.007873365777353092,-0.007873365777353092,0.007873365777353092,0.007873365777353092,0.007873365777353092
2023-12-04,0.035953855057802686,0.03116171532791798,0.035953855057802686,0.035953855057802686,0.035953855057802686,-0.035953855057802686,-0.035953855057802686,0.035953855057802686,-0.035953855057802686,0.035953855057802686,0.035953855057802686,0.035953855057802686
2023-12-05,0.015918148341465987,-0.014663198748637066,-0.01691814834146599,-0.01691814834146599,-0.01691814834146599,0.01691814834146599,0.01691814834146599,-0.01691814834146599,0.01691814834146599,-0.01691814834146599,-0.01691814834146599,-0.01691814834146599
2023-12-06,-0.010817283814780643,0.007924482417402005,0.010817283814780643,0.010817283814780643,0.010817283814780643,-0.010817283814780643,-0.010817283814780643,0.010817283814780643,-0.010817283814780643,0.010817283814780643,-0.011817283814780644,0.010817283814780643
2023-12-07,-0.004767014313231899,0.0035204507695219805,0.004767014313231899,0.004767014313231899,0.004767014313231899,-0.004767014313231899,-0.004767014313231899,0.004767014313231899,-0.004767014313231899,0.004767014313231899,0.0037670143132318987,0.004767014313231899
2023-12-08,-0.0008712779668236248,0.0006434407340162235,0.0008712779668236248,0.0008712779668236248,0.0008712779668236248,-0.0008712779668236248,-0.0008712779668236248,0.0008712779668236248,-0.0008712779668236248,0.0008712779668236248,0.0008712779668236248,0.0008712779668236248
2023-12-11,0.0020314627264501617,-0.00150023978294667,-0.0020314627264501617,-0.0020314627264501617,-0.0020314627264501617,0.0020314627264501617,0.0020314627264501617,-0.0020314627264501617,0.0020314627264501617,-0.0020314627264501617,-0.0020314627264501617,-0.0020314627264501617
2023-12-12,0.005816155592330174,-0.004295243958853679,-0.005816155592330174,-0.005816155592330174,-0.005816155592330174,0.005816155592330174,0.005816155592330174,-0.005816155592330174,0.005816155592330174,-0.005816155592330174,0.004816155592330174,-0.005816155592330174
2023-12-13,-0.015893200480734615,0.012343076150529299,0.01589320048073461,0.015893200480734615,0.015893200480734615,0.014893200480734614,-0.015893200480734615,0.015893200480734615,-0.015893200480734615,0.015893200480734615,-0.015893200480734615,0.015893200480734615
2023-12-14,-0.027353717082265305,0.02111458526879054,0.027353717082265305,0.027353717082265305,0.027353717082265305,0.027353717082265305,0.026353717082265304,0.027353717082265305,-0.027353717082265305,0.027353717082265305,0.026353717082265304,0.027353717082265305
2023-12-15,0.000560387923458805,-0.00043181399358338047,-0.000560387923458805,-0.000560387923458805,-0.000560387923458805,-0.000560387923458805,-0.000560387923458805,-0.000560387923458805,0.000560387923458805,-0.000560387923458805,-0.000560387923458805,-0.000560387923458805
2023-12-18,0.01037598546169094,-0.008057901900357144,-0.01037598546169094,-0.01037598546169094,-0.01037598546169094,-0.01037598546169094,0.009375985461690939,-0.01037598546169094,0.01037598546169094,-0.01037598546169094,-0.01037598546169094,-0.01037598546169094
2023-12-19,-0.0035892941149704427,0.0026622827245198293,0.0035892941149704427,0.0035892941149704427,0.0035892941149704427,0.0035892941149704427,-0.0035892941149704427,0.0035892941149704427,-0.0035892941149704427,0.0035892941149704427,-0.004589294114970443,0.0035892941149704427
2023-12-20,0.024282247325929873,-0.01833960877890138,-0.024282247325929873,-0.024282247325929873,-0.024282247325929873,-0.024282247325929873,0.024282247325929873,-0.024282247325929873,0.024282247325929873,-0.024282247325929873,0.024282247325929873,-0.024282247325929873
2023-12-21,-0.0182310986954326,0.012292982714945666,0.018231098695432598,0.0182310986954326,0.0182310986954326,0.0182310986954326,-0.0182310986954326,0.0182310986954326,-0.0182310986954326,0.0182310986954326,-0.0182310986954326,0.0182310986954326
2023-12-22,-0.007294160577158593,0.004969869165180979,0.007294160577158592,0.007294160577158593,0.007294160577158593,0.007294160577158593,-0.007294160577158593,0.007294160577158593,-0.007294160577158593,0.007294160577158593,0.006294160577158593,0.007294160577158593
2023-12-26,-0.016740389012109613,0.011531710806620873,0.016740389012109613,0.016740389012109613,0.016740389012109613,0.016740389012109613,-0.016740389012109613,0.016740389012109613,-0.016740389012109613,0.016740389012109613,0.016740389012109613,0.016740389012109613
2023-12-27,-0.005827543626621079,0.003944787415807304,0.005827543626621079,0.005827543626621079,0.005827543626621079,0.005827543626621079,0.004827543626621079,0.005827543626621079,-0.005827543626621079,0.005827543626621079,0.005827543626621079,0.005827543626621079
2023-12-28,-0.008736445571675189,0.005948485553611252,0.008736445571675189,0.008736445571675189,0.008736445571675189,0.008736445571675189,-0.00973644557167519,0.008736445571675189,-0.008736445571675189,0.008736445571675189,0.008736445571675189,0.008736445571675189
2023-12-29,0.003373359772653739,-0.0023247106340466266,-0.003373359772653739,-0.003373359772653739,-0.003373359772653739,-0.003373359772653739,-0.004373359772653739,-0.003373359772653739,0.0033733597726537386,-0.003373359772653739,-0.003373359772653739,-0.003373359772653739
2024-01-02,-0.006220411068644571,0.004254833206826479,0.00622041106864457,0.006220411068644571,0.006220411068644571,0.006220411068644571,-0.007220411068644571,0.006220411068644571,-0.006220411068644571,0.006220411068644571,-0.007220411068644571,0.006220411068644571
2024-01-03,0.02009085176353753,-0.013748000320464679,-0.02009085176353753,-0.02009085176353753,-0.02009085176353753,-0.02009085176353753,0.02009085176353753,-0.02009085176353753,0.02009085176353753,-0.02009085176353753,-0.021090851763537533,-0.02009085176353753
2024-01-04,-0.003525359476287848,0.002221535567031653,0.003525359476287848,0.003525359476287848,0.003525359476287848,0.003525359476287848,-0.003525359476287848,0.003525359476287848,-0.003525359476287848,0.003525359476287848,-0.004525359476287848,0.003525359476287848
2024-01-05,-0.0038826342221316423,0.0028008790002368184,0.0038826342221316423,0.0038826342221316423,0.0038826342221316423,0.0038826342221316423,-0.0038826342221316423,0.0038826342221316423,-0.0038826342221316423,0.0038826342221316423,0.0028826342221316423,0.0038826342221316423
2024-01-08,-0.002486555641478816,0.0019172929797011693,0.0024865556414788155,0.002486555641478816,0.002486555641478816,0.002486555641478816,-0.002486555641478816,0.002486555641478816,-0.002486555641478816,0.002486555641478816,0.002486555641478816,0.002486555641478816
2024-01-09,-0.0022046109111555356,0.0017345425789134208,0.0022046109111555356,0.0022046109111555356,0.0022046109111555356,0.0022046109111555356,-0.0022046109111555356,0.0022046109111555356,-0.0022046109111555356,0.0022046109111555356,0.0022046109111555356,0.0022046109111555356
2024-01-10,0.00733265634218061,-0.005786952290634234,-0.007332656342180609,-0.00733265634218061,-0.00733265634218061,-0.00733265634218061,-0.008332656342180611,-0.00733265634218061,0.00733265634218061,-0.00733265634218061,-0.00733265634218061,-0.00733265634218061
2024-01-11,-0.00572476862150606,0.004439356366118086,0.00572476862150606,0.00572476862150606,0.00572476862150606,0.00572476862150606,-0.00672476862150606,0.00572476862150606,-0.00572476862150606,0.00572476862150606,-0.00672476862150606,0.00572476862150606
2024-01-12,0.00734513091261102,-0.005714045747604498,-0.00734513091261102,-0.00734513091261102,-0.00734513091261102,-0.00734513091261102,-0.00834513091261102,-0.00734513091261102,0.00734513091261102,-0.00734513091261102,-0.00834513091261102,-0.00734513091261102
2024-01-16,0.004439221525580184,-0.0034385362414637434,-0.004439221525580184,-0.004439221525580184,-0.004439221525580184,-0.004439221525580184,-0.004439221525580184,-0.004439221525580184,0.004439221525580184,-0.004439221525580184,0.0034392215255801837,-0.004439221525580184
2024-01-17,0.014492839930724588,-0.011517934313907038,-0.014492839930724588,-0.014492839930724588,-0.014492839930724588,-0.014492839930724588,-0.014492839930724588,-0.014492839930724588,0.014492839930724588,-0.014492839930724588,0.014492839930724588,-0.014492839930724588
2024-01-18,-0.003393763137361727,0.0029216021797854575,0.003393763137361727,0.003393763137361727,0.003393763137361727,0.003393763137361727,-0.004393763137361727,0.003393763137361727,-0.003393763137361727,0.003393763137361727,-0.003393763137361727,0.003393763137361727
2024-01-19,-0.012401314297691313,0.010787139904943465,0.012401314297691313,0.012401314297691313,0.012401314297691313,0.012401314297691313,-0.012401314297691313,-0.0005,-0.012401314297691313,0.012401314297691313,0.011401314297691312,0.012401314297691313
2024-01-22,-0.0024127835527656405,0.0020831049185604813,0.0024127835527656405,0.0024127835527656405,0.0024127835527656405,0.0024127835527656405,0.0014127835527656405,0.0,-0.0024127835527656405,0.0024127835527656405,0.0024127835527656405,0.0024127835527656405
2024-01-23,0.11035000596574007,-0.09549716165528645,-0.11035000596574007,-0.11035000596574007,-0.11035000596574007,-0.11035000596574007,-0.11035000596574007,0.0,0.11035000596574007,-0.11035000596574007,-0.11035000596574007,-0.11035000596574007
2024-01-24,0.029760542779940113,-0.010971930451607378,-0.0005,-0.0005,0.028760542779940113,0.028760542779940113,-0.029760542779940113,0.0,0.029760542779940113,-0.029760542779940113,0.028760542779940113,-0.029760542779940113
2024-01-25,-0.029386639294664008,0.010533681256130448,0.0,0.0,-0.029386639294664008,-0.029386639294664008,-0.03038663929466401,0.0,-0.029386639294664008,0.029386639294664008,-0.029386639294664008,0.029386639294664008
2024-01-26,-0.00010382312991108478,2.960303308116954e-05,0.0,0.0,-0.00010382312991108478,-0.00010382312991108478,-0.00010382312991108478,0.0,-0.00010382312991108478,0.00010382312991108478,-0.0008961768700889152,0.00010382312991108478
2024-01-29,-0.004063150692734885,0.001424006704456747,0.0,0.0,-0.004063150692734885,-0.004063150692734885,-0.004063150692734885,0.0,-0.004063150692734885,0.004063150692734885,0.004063150692734885,0.004063150692734885
2024-01-30,0.006536587253488602,-0.002298183933946051,0.0,0.0,0.006536587253488602,0.006536587253488602,0.006536587253488602,0.0,0.006536587253488602,-0.006536587253488602,-0.006536587253488602,-0.006536587253488602
2024-01-31,0.014621582229118024,-0.00517906354050658,0.0,0.0,0.014621582229118024,0.014621582229118024,-0.015621582229118025,0.0,0.014621582229118024,-0.014621582229118024,0.013621582229118023,-0.014621582229118024
2024-02-01,-0.016534178981594483,0.005842535621793563,0.0,0.0,-0.016534178981594483,-0.016534178981594483,0.016534178981594483,0.0,-0.016534178981594483,0.016534178981594483,-0.016534178981594483,0.016534178981594483
2024-02-02,0.010843463901348271,-0.003785961788806594,0.0,0.0,0.010843463901348271,0.010843463901348271,-0.010843463901348271,0.0,0.010843463901348271,0.00984346390134827,-0.011843463901348272,-0.010843463901348271
2024-02-05,0.022557044491232636,-0.007920000967526979,0.0,0.0,0.022557044491232636,0.022557044491232636,-0.022557044491232636,0.022057044491232636,0.022557044491232636,0.022557044491232636,0.021557044491232635,-0.022557044491232636
2024-02-06,-0.011107541848095925,0.003876176444759238,0.0,0.0,-0.011107541848095925,-0.011107541848095925,-0.012107541848095926,-0.011107541848095925,-0.011107541848095925,-0.011107541848095925,-0.011107541848095925,0.011107541848095925
2024-02-07,-0.0008532553135265353,0.00029454971340076084,0.0,0.0,-0.0008532553135265353,-0.0008532553135265353,-0.0008532553135265353,-0.0008532553135265353,-0.0008532553135265353,-0.0008532553135265353,-0.00014674468647346475,0.0008532553135265353
2024-02-08,0.006820326616402972,-0.0023664477636426637,0.0,0.0,0.006820326616402972,0.006820326616402972,-0.007820326616402973,0.006820326616402972,0.006820326616402972,0.006820326616402972,-0.006820326616402972,-0.006820326616402972
2024-02-09,0.0032188556076272468,-0.0011203797267493804,0.0,0.0,0.0032188556076272468,0.0032188556076272468,0.0022188556076272467,0.0032188556076272468,0.0032188556076272468,0.0032188556076272468,0.0022188556076272467,-0.0032188556076272468
2024-02-12,-0.01862213435156601,0.006475754977293926,0.0,0.0,-0.01862213435156601,-0.01862213435156601,-0.01862213435156601,-0.01862213435156601,-0.01862213435156601,-0.01862213435156601,-0.01862213435156601,0.01862213435156601
2024-02-13,0.020817717727179885,-0.007126284860118832,0.0,0.0,0.020817717727179885,0.020817717727179885,-0.021817717727179886,0.020817717727179885,0.020817717727179885,0.020817717727179885,-0.021817717727179886,-0.020817717727179885
2024-02-14,0.00259015383067307,-0.0008816373076825542,0.0,0.0,0.00259015383067307,-0.00359015383067307,0.0015901538306730698,0.00259015383067307,0.0025901538306730694,0.00259015383067307,-0.0005,-0.00259015383067307
2024-02-15,-0.016169785161264327,0.005494610531992297,0.0,0.0,-0.016169785161264327,0.016169785161264327,-0.016169785161264327,-0.016169785161264327,-0.016169785161264327,-0.016169785161264327,0.0,0.016169785161264327
2024-02-16,0.012232050935336414,-0.004102743478787067,0.0,0.0,0.012232050935336414,0.011232050935336413,0.012232050935336414,0.012232050935336414,0.012232050935336414,0.012232050935336414,-0.012732050935336414,-0.012232050935336414
2024-02-20,-0.006246520738622641,0.0020965068714785093,0.0,0.0,-0.006246520738622641,0.005246520738622641,0.005246520738622641,-0.006246520738622641,-0.006246520738622641,-0.006246520738622641,-0.0005,0.006246520738622641
2024-02-21,0.0011979108301939378,-0.00040557874475285436,0.0,0.0,0.0011979108301939378,0.00019791083019393783,-0.0011979108301939378,0.0011979108301939378,0.0011979108301939378,0.0011979108301939378,-0.0016979108301939379,-0.0011979108301939378
2024-02-22,-0.005670050146957317,0.001917734242591683,0.0,0.0,-0.005670050146957317,-0.005670050146957317,0.005670050146957317,-0.005670050146957317,-0.005670050146957317,-0.005670050146957317,0.005670050146957317,0.005670050146957317
2024-02-23,-0.0037948728041712343,0.002280278212270994,0.0,0.0,-0.0037948728041712343,-0.0037948728041712343,0.0037948728041712343,-0.0037948728041712343,-0.0037948728041712343,-0.0037948728041712343,0.0037948728041712343,0.0037948728041712343
2024-02-26,0.008209216290265164,-0.005903657264873938,0.0,0.0,-0.009209216290265165,0.008209216290265164,-0.008209216290265164,0.008209216290265164,0.008209216290265163,0.008209216290265164,-0.008209216290265164,-0.008209216290265164
2024-02-27,-0.00522771074797479,0.00422167587226185,0.0,0.0,-0.00622771074797479,0.00422771074797479,0.00522771074797479,-0.00522771074797479,-0.005227710747974789,-0.00522771074797479,-0.0005,0.00522771074797479
2024-02-28,0.009100683956410172,-0.007388024817877568,0.0,0.0,-0.010100683956410172,0.00810068395641017,-0.009100683956410172,0.009100683956410172,0.009100683956410172,0.009100683956410172,-0.009600683956410172,-0.009100683956410172
2024-02-29,-0.007216172532979792,0.0058200087646351805,0.0,0.0,-0.008216172532979793,0.006216172532979792,0.007216172532979792,-0.007216172532979792,-0.007216172532979792,-0.007216172532979792,-0.0005,0.007216172532979792
2024-03-01,0.002822459079010242,-0.0022619175138859737,0.0,0.0,-0.003822459079010242,0.0018224590790102422,-0.002822459079010242,0.002822459079010242,0.002822459079010242,0.002822459079010242,-0.003322459079010242,-0.002822459079010242
2024-03-04,0.004572189993932496,-0.003803846699457028,0.0,0.0,0.003572189993932496,-0.005572189993932496,-0.004572189993932496,0.004572189993932496,0.004572189993932496,0.004572189993932496,-0.0005,-0.004572189993932496
2024-03-05,-0.01367018126606645,0.011999577497007924,0.0,0.0,-0.01367018126606645,0.01367018126606645,-0.014670181266066451,-0.01367018126606645,-0.01367018126606645,-0.01367018126606645,0.0,0.01367018126606645
2024-03-06,0.0018342679723680755,-0.0015862946762954043,0.0,0.0,-0.0028342679723680755,0.0008342679723680755,-0.0028342679723680755,-0.0005,0.0018342679723680755,0.0018342679723680755,-0.0023342679723680755,-0.0018342679723680755
2024-03-07,-0.0010812494249634597,0.0009925709371225485,0.0,0.0,0.0010812494249634597,8.124942496345964e-05,0.0010812494249634597,0.0,-0.0010812494249634597,-0.0010812494249634597,-0.0005,0.0010812494249634597
2024-03-08,-0.01381980430831975,0.01378363266108985,0.0,0.0,0.01381980430831975,0.01381980430831975,0.01381980430831975,0.0,-0.01381980430831975,-0.01381980430831975,0.0,0.01381980430831975
2024-03-11,0.000597274733289078,0.0014990017019907115,0.0,0.0,0.001597274733289078,0.001597274733289078,-0.002597274733289078,0.0,-0.001597274733289078,0.000597274733289078,0.001097274733289078,0.001597274733289078
2024-03-12,0.049654749974985535,0.04806402501935385,0.0,0.0,0.049654749974985535,0.049654749974985535,0.048654749974985534,0.0,-0.04965474997498553,0.049654749974985535,0.049654749974985535,0.049654749974985535
2024-03-13,0.05419353977090391,0.035638403561436834,0.0,0.05369353977090391,0.05419353977090391,0.05419353977090391,0.05419353977090391,0.0,0.05319353977090391,0.05419353977090391,0.05419353977090391,0.05419353977090391
2024-03-14,-0.009128513306700614,-0.004904185889838602,-0.009628513306700615,-0.009128513306700614,-0.009128513306700614,-0.009128513306700614,0.008128513306700613,0.0,-0.009128513306700614,-0.009128513306700614,-0.009128513306700614,-0.009128513306700614
2024-03-15,0.018231126483888804,0.010044513994192164,0.018231126483888804,0.018231126483888804,0.018231126483888804,0.018231126483888804,-0.018231126483888804,0.017731126483888804,0.018231126483888804,0.018231126483888804,0.018231126483888804,0.018231126483888804
2024-03-18,-0.0019045601714359206,-0.0010469152392817507,-0.0019045601714359206,-0.0019045601714359206,-0.0019045601714359206,-0.0019045601714359204,-0.0029045601714359206,-0.0019045601714359206,-0.0019045601714359206,-0.0019045601714359206,-0.0019045601714359206,-0.0019045601714359206
2024-03-19,0.004961743126324913,0.0027281884787187832,0.004961743126324913,0.004961743126324913,0.004961743126324913,0.0049617431263249126,-0.0059617431263249135,0.004961743126324913,0.004961743126324913,0.004961743126324913,0.004961743126324913,0.004961743126324913
2024-03-20,0.026490571446195377,0.01501285676985897,0.026490571446195377,0.026490571446195377,0.026490571446195377,0.026490571446195373,0.025490571446195376,0.026490571446195377,0.026490571446195377,0.026490571446195377,0.026490571446195377,0.026490571446195377
2024-03-21,-0.002219867442453727,-0.0012285729308645602,-0.002219867442453727,-0.002219867442453727,-0.002219867442453727,-0.0022198674424537264,0.0012198674424537268,-0.002219867442453727,-0.002219867442453727,-0.002219867442453727,-0.002219867442453727,-0.002219867442453727
2024-03-22,-0.010104889162226738,-0.00554377097646128,-0.010104889162226738,-0.010104889162226738,-0.010104889162226738,-0.010104889162226736,0.010104889162226738,-0.010104889162226738,-0.010104889162226738,-0.010104889162226738,-0.010104889162226738,-0.010104889162226738
2024-03-25,-0.018168026599436837,-0.009724999416323937,-0.018168026599436837,-0.018168026599436837,-0.018168026599436837,-0.018168026599436837,0.018168026599436837,-0.018168026599436837,-0.018168026599436837,-0.018168026599436837,-0.0005,-0.018168026599436837
2024-03-26,-0.021079819984439196,-0.010776846586225628,-0.021079819984439196,-0.021079819984439196,-0.021079819984439196,-0.021079819984439196,0.021079819984439196,-0.021079819984439196,-0.021079819984439196,-0.021079819984439196,0.0,-0.021079819984439196
2024-03-27,0.019097791423401622,0.009388962170212714,0.019097791423401622,0.019097791423401622,0.019097791423401622,0.019097791423401622,-0.019097791423401622,-0.0005,0.01909779142340162,0.019097791423401622,0.0,0.019097791423401622
2024-03-28,0.01415047202342068,0.006879051791173457,0.01415047202342068,0.01415047202342068,0.01415047202342068,0.014150472023420678,-0.01415047202342068,0.0,0.014150472023420678,0.01415047202342068,0.013650472023420679,0.01415047202342068
2024-04-01,0.06012945055525076,0.02962360341364606,0.06012945055525076,0.06012945055525076,0.06012945055525076,0.060129450555250756,0.05912945055525076,0.0,0.06012945055525076,0.06012945055525076,0.06012945055525076,0.06012945055525076
2024-04-02,-0.01255058602989556,-0.005334060297288549,-0.01255058602989556,-0.01255058602989556,-0.01255058602989556,-0.012550586029895559,0.01155058602989556,-0.013050586029895561,-0.01255058602989556,-0.01255058602989556,-0.01255058602989556,-0.01255058602989556
2024-04-03,0.0037699851329255907,0.0015622468650784986,0.0037699851329255907,0.0037699851329255907,0.0037699851329255907,0.0037699851329255902,-0.0037699851329255907,0.0037699851329255907,0.0037699851329255907,0.0037699851329255907,0.0037699851329255907,0.0037699851329255907
2024-04-04,-0.028436562109687813,-0.011906959842086796,-0.028436562109687813,-0.028436562109687813,-0.028436562109687813,-0.02843656210968781,0.028436562109687813,-0.028436562109687813,-0.02843656210968781,-0.028436562109687813,-0.028436562109687813,-0.028436562109687813
2024-04-05,0.005411756319126937,0.0021159059852500846,0.005411756319126937,0.005411756319126937,0.005411756319126937,0.005411756319126937,-0.005411756319126937,0.005411756319126937,0.005411756319126937,0.005411756319126937,-0.0005,0.005411756319126937
2024-04-08,0.009887030562393706,0.0039029955558951683,0.009887030562393704,0.009887030562393706,0.009887030562393706,0.009887030562393706,0.008887030562393705,0.009887030562393706,0.009887030562393704,0.009887030562393706,0.0,0.009887030562393706
2024-04-09,0.0073968534480923775,0.002926364420635461,0.007396853448092377,0.0073968534480923775,0.0073968534480923775,0.007396853448092377,0.0073968534480923775,0.0073968534480923775,0.0073968534480923775,0.0073968534480923775,0.006896853448092377,0.0073968534480923775
2024-04-10,0.00021589622421402943,8.528027601267848e-05,0.00021589622421402938,0.00021589622421402943,0.00021589622421402943,0.0002158962242140294,-0.0012158962242140295,0.00021589622421402943,0.00021589622421402943,0.00021589622421402943,0.00021589622421402943,0.00021589622421402943
2024-04-11,0.005937718716982232,0.002350244245418217,0.005937718716982232,0.005937718716982232,0.005937718716982232,0.005937718716982231,-0.005937718716982232,0.005937718716982232,0.005937718716982232,0.005937718716982232,0.005937718716982232,0.005937718716982232
2024-04-12,-0.020068856200101348,-0.008681256016381186,-0.020068856200101348,-0.020068856200101348,-0.020068856200101348,-0.020068856200101345,0.020068856200101348,-0.020068856200101348,-0.020068856200101348,-0.020068856200101348,-0.020068856200101348,-0.020068856200101348
2024-04-15,-0.00010917881521566031,-7.792327134569506e-05,-0.00010917881521566031,-0.00010917881521566031,-0.00010917881521566031,-0.00010917881521566036,0.00010917881521566031,-0.00010917881521566031,-0.00010917881521566035,-0.00010917881521566031,-0.0005,-0.00010917881521566031
2024-04-16,-0.0027383426858523796,-0.0013205079857947042,-0.0027383426858523796,-0.0027383426858523796,-0.0027383426858523796,-0.0027383426858523796,0.0027383426858523796,-0.0027383426858523796,-0.0027383426858523796,-0.0027383426858523796,0.0,-0.0027383426858523796
2024-04-17,-0.0009884856815212117,-0.00047667636451650735,-0.0009884856815212117,-0.0009884856815212117,-0.0009884856815212117,-0.0009884856815212117,0.0009884856815212117,-0.0009884856815212117,-0.0009884856815212115,-0.0009884856815212117,0.0,-0.0009884856815212117
2024-04-18,0.005716882164325199,0.0027568458070794223,0.005716882164325199,0.005716882164325199,0.005716882164325199,0.005716882164325199,-0.005716882164325199,-0.0005,0.005716882164325199,0.005716882164325199,0.005216882164325198,0.005716882164325199
2024-04-19,0.008635728340560922,0.00416439779278929,0.008635728340560922,0.008635728340560922,0.008635728340560922,0.008635728340560922,-0.008635728340560922,0.0,0.00863572834056092,0.008635728340560922,0.008635728340560922,0.008635728340560922
2024-04-22,0.0037931010302076906,0.0018291429437204462,0.0037931010302076906,0.0037931010302076906,0.0037931010302076906,0.0037931010302076906,-0.0037931010302076906,0.0,0.0037931010302076906,0.0037931010302076906,0.0037931010302076906,0.0037931010302076906
2024-04-23,0.004102879009830751,0.00197852683859563,0.004102879009830751,0.004102879009830751,0.004102879009830751,0.004102879009830751,-0.004102879009830751,0.0,0.004102879009830751,0.004102879009830751,0.004102879009830751,0.004102879009830751
2024-04-24,-0.010537728743415076,-0.005081597358033569,-0.010537728743415076,-0.010537728743415076,-0.010537728743415076,-0.010537728743415076,0.010537728743415076,-0.011037728743415076,-0.010537728743415076,-0.010537728743415076,-0.010537728743415076,-0.010537728743415076
2024-04-25,-0.006628833995548367,-0.003196615337026127,-0.006628833995548367,-0.006628833995548367,-0.006628833995548367,-0.006628833995548367,0.006628833995548367,-0.006628833995548367,-0.006628833995548367,-0.006628833995548367,-0.0005,-0.006628833995548367
2024-04-26,0.004594561836167799,0.002498703265470846,0.004594561836167799,0.004594561836167799,-0.0005,0.004594561836167799,-0.004594561836167799,0.004594561836167799,0.004594561836167799,0.004594561836167799,0.0,0.004594561836167799
2024-04-29,0.003593632784174572,0.001981395202240802,0.003593632784174572,0.003593632784174572,0.0,0.003593632784174572,-0.003593632784174572,0.003593632784174572,0.003593632784174572,0.003593632784174572,0.003093632784174572,0.003593632784174572
2024-04-30,0.04720062060118568,0.02602466329164992,0.04720062060118568,0.04720062060118568,0.04670062060118568,0.04720062060118568,-0.04720062060118568,0.04720062060118568,0.04720062060118568,0.04720062060118568,0.04720062060118568,0.04720062060118568
2024-05-01,0.0199979092455298,0.01310250449589421,0.0199979092455298,0.0199979092455298,0.0199979092455298,0.0199979092455298,-0.0199979092455298,0.0199979092455298,0.0199979092455298,0.0199979092455298,0.0199979092455298,0.0199979092455298
2024-05-02,-0.016558372452087577,-0.010893030224848986,-0.016558372452087577,-0.016558372452087577,-0.016558372452087577,-0.016558372452087577,0.016558372452087577,-0.016558372452087577,-0.016558372452087577,-0.016558372452087577,-0.016558372452087577,-0.016558372452087577
2024-05-03,0.003511996302102194,0.0023103890179456588,0.003511996302102194,0.003511996302102194,0.003511996302102194,0.003511996302102194,0.002511996302102194,0.003511996302102194,0.003511996302102194,0.003511996302102194,-0.0005,0.003511996302102194
2024-05-06,-0.005764404371330412,-0.0037921499366465445,-0.005764404371330412,-0.005764404371330412,-0.005764404371330412,-0.005764404371330412,0.004764404371330412,-0.005764404371330412,-0.005764404371330412,-0.005764404371330412,0.0,-0.005764404371330412
2024-05-07,-0.010870529760932501,-0.007151246874570054,-0.010870529760932501,-0.010870529760932501,-0.010870529760932501,-0.010870529760932501,-0.011870529760932502,-0.010870529760932501,-0.010870529760932501,-0.010870529760932501,0.0,-0.010870529760932501
2024-05-08,0.008478026235227087,0.005577323272236713,0.008478026235227086,0.008478026235227087,0.008478026235227087,0.008478026235227087,0.008478026235227087,0.008478026235227087,0.008478026235227087,0.008478026235227087,0.0,0.008478026235227087
2024-05-09,0.010171425643632714,0.006691336801759555,0.010171425643632714,0.010171425643632714,0.010171425643632714,0.010171425643632714,-0.011171425643632715,0.010171425643632714,0.010171425643632714,0.010171425643632714,0.009671425643632714,0.010171425643632714
2024-05-10,0.016438785412448143,0.010814359133166402,0.016438785412448143,0.016438785412448143,0.016438785412448143,0.016438785412448143,0.015438785412448142,0.016438785412448143,0.016438785412448143,0.016438785412448143,0.016438785412448143,0.016438785412448143
2024-05-13,0.007075658515461658,0.004654766782946519,0.007075658515461658,0.007075658515461658,0.007075658515461658,0.007075658515461658,-0.008075658515461659,0.007075658515461658,0.007075658515461658,0.007075658515461658,0.007075658515461658,0.007075658515461658
2024-05-14,0.004516793677018072,0.0029714013370294506,0.004516793677018071,0.004516793677018072,0.004516793677018072,0.004516793677018072,0.0035167936770180716,0.004516793677018072,0.004516793677018072,0.004516793677018072,0.004516793677018072,0.004516793677018072
2024-05-15,0.011590847813312877,0.008251781767669995,0.011590847813312877,0.011590847813312877,0.011590847813312877,0.011590847813312877,0.011590847813312877,0.011590847813312877,0.011590847813312877,0.011590847813312877,-0.0005,0.011590847813312877
2024-05-16,0.035756487192257325,0.025582146918613314,0.035756487192257325,0.035756487192257325,0.035756487192257325,0.035756487192257325,-0.036756487192257326,0.035756487192257325,0.035756487192257325,0.035756487192257325,0.035256487192257324,0.035756487192257325
2024-05-17,0.003814560294109759,0.0024151112436434537,0.003814560294109759,0.003814560294109759,0.003814560294109759,0.003814560294109759,-0.003814560294109759,0.003814560294109759,0.003814560294109759,0.003814560294109759,0.003814560294109759,0.003814560294109759
2024-05-20,-0.00047498911752041906,-0.0003052768509174188,-0.00047498911752041906,-0.00047498911752041906,-0.00047498911752041906,-0.00047498911752041906,0.00047498911752041906,-0.00047498911752041906,-0.00047498911752041906,-0.00047498911752041906,-0.00047498911752041906,-0.00047498911752041906
2024-05-21,-0.019674987671671307,-0.012568533784651954,-0.019674987671671307,-0.019674987671671307,-0.019674987671671307,-0.019674987671671307,0.019674987671671307,-0.019674987671671307,-0.019674987671671307,-0.019674987671671307,-0.0005,-0.019674987671671307
2024-05-22,-0.015997524115247574,-0.00955998696642303,-0.015997524115247574,-0.015997524115247574,-0.015997524115247574,-0.015997524115247574,-0.016997524115247575,-0.015997524115247574,-0.015997524115247574,-0.015997524115247574,0.0,-0.015997524115247574
2024-05-23,-0.012699847432451228,-0.007279070601710571,-0.012699847432451226,-0.012699847432451228,-0.012699847432451228,-0.012699847432451228,-0.012699847432451228,-0.012699847432451228,-0.012699847432451228,-0.012699847432451228,0.0,-0.012699847432451228
2024-05-24,0.0016080405375134,0.0009126295774947994,0.0016080405375134,0.0016080405375134,0.0016080405375134,0.0016080405375134,0.0016080405375134,0.0016080405375134,0.0016080405375134,0.0016080405375134,0.0,0.0016080405375134
2024-05-28,-0.009932976011080563,-0.0057104073112401324,-0.009932976011080563,-0.009932976011080563,-0.009932976011080563,-0.009932976011080563,-0.009932976011080563,-0.0005,-0.009932976011080563,-0.009932976011080563,-0.010432976011080564,-0.009932976011080563
2024-05-29,-0.0113497552216133,-0.0064089345635844645,-0.0113497552216133,-0.0113497552216133,-0.0005,-0.0113497552216133,0.0103497552216133,0.0,-0.0113497552216133,-0.0113497552216133,-0.0005,-0.0113497552216133
2024-05-30,-0.0005,0.003624873462948137,0.006560075602358717,0.006560075602358717,0.0,0.006560075602358717,-0.006560075602358717,0.0,0.006560075602358717,0.006560075602358717,0.0,0.006560075602358717
2024-05-31,0.0,0.01343127934655724,0.01975562064044656,0.01975562064044656,0.0,0.01975562064044656,-0.01975562064044656,0.0,0.01975562064044656,0.01975562064044656,0.019255620640446558,0.01975562064044656
2024-06-03,0.0,-0.002595759360442802,-0.003794584185662475,-0.003794584185662475,-0.004294584185662476,-0.003794584185662475,-0.004794584185662475,0.0,-0.003794584185662475,-0.003794584185662475,-0.003794584185662475,-0.003794584185662475
2024-06-04,0.0,-0.00822719144138558,-0.01152786633282843,-0.01152786633282843,-0.01152786633282843,-0.01152786633282843,0.010527866332828428,0.0,-0.011527866332828427,-0.01152786633282843,-0.01152786633282843,-0.01152786633282843
2024-06-05,0.0,0.0031693825804622955,0.004563494282197266,0.004563494282197267,-0.0005,0.004563494282197267,-0.004563494282197267,0.0,0.004563494282197267,0.004563494282197267,-0.0005,0.004563494282197267
2024-06-06,0.0,-0.005939132954184262,-0.008479702233815,-0.008479702233815,0.0,-0.008479702233815,-0.009479702233815002,0.007979702233815,-0.008479702233815,-0.008479702233815,-0.008979702233815001,-0.008479702233815
2024-06-07,0.0,0.018958501063044447,0.02687843675577839,0.02687843675577839,0.0,0.02687843675577839,0.02687843675577839,-0.0005,0.02687843675577839,0.02687843675577839,-0.0005,0.02687843675577839
2024-06-10,-0.00248285136385723,-0.001324370226424174,-0.00198285136385723,-0.00198285136385723,-0.00248285136385723,-0.00198285136385723,0.0009828513638572298,0.0,-0.00198285136385723,-0.00198285136385723,-0.00248285136385723,-0.00198285136385723
2024-06-11,0.00655672512555161,0.004317084996527218,0.00655672512555161,0.00655672512555161,0.00655672512555161,0.00655672512555161,0.00555672512555161,0.0,0.00655672512555161,0.00655672512555161,0.00655672512555161,0.00655672512555161
2024-06-12,-0.001085656037765781,-0.0007403172047057963,-0.001085656037765781,-0.001085656037765781,-0.001085656037765781,-0.001085656037765781,-0.001085656037765781,0.0,-0.001085656037765781,-0.001085656037765781,-0.001085656037765781,-0.001085656037765781
2024-06-13,0.003260429522026431,0.0022057757448091637,0.003260429522026431,0.003260429522026431,0.003260429522026431,0.003260429522026431,0.003260429522026431,0.0,0.003260429522026431,0.003260429522026431,0.003260429522026431,0.003260429522026431
2024-06-14,-0.006302788214628263,-0.0042703238537205295,-0.006302788214628262,-0.006302788214628263,-0.006302788214628263,-0.006302788214628263,0.005302788214628263,0.0,-0.006302788214628263,-0.006302788214628263,-0.0005,-0.006302788214628263
2024-06-17,-0.0036670954720073867,-0.0025101677064074367,-0.0036670954720073867,-0.0036670954720073867,-0.0036670954720073867,-0.0036670954720073867,-0.004667095472007387,0.0,-0.0036670954720073867,-0.0036670954720073867,0.0,-0.0036670954720073867
2024-06-18,0.0023873111488763588,0.0019363005248209106,0.0023873111488763588,0.0023873111488763588,0.0023873111488763588,0.0023873111488763588,-0.0033873111488763588,0.0,0.0023873111488763588,0.0023873111488763588,0.0,0.0023873111488763588
2024-06-20,0.008832002156397234,0.00748074828904175,0.008832002156397234,0.008832002156397234,0.008832002156397234,0.008832002156397234,-0.008832002156397234,0.008332002156397234,0.008832002156397234,0.008832002156397234,0.008332002156397234,0.008832002156397234
2024-06-21,0.007180804720520184,0.005949987397978361,0.007180804720520183,0.007180804720520184,0.007180804720520184,0.007180804720520184,-0.007180804720520184,0.007180804720520184,0.007180804720520184,0.007180804720520184,0.007180804720520184,0.007180804720520184
2024-06-24,0.005859975454951094,0.005147844551055088,0.005859975454951094,0.005859975454951094,0.005859975454951094,0.005859975454951094,-0.005859975454951094,0.005859975454951094,0.005859975454951094,0.005859975454951094,0.005859975454951094,0.005859975454951094
2024-06-25,-0.009127122836147139,-0.00855618633370525,-0.009127122836147139,-0.009127122836147139,-0.009127122836147139,-0.009127122836147139,-0.01012712283614714,-0.009127122836147139,-0.009127122836147139,-0.009127122836147139,-0.009127122836147139,-0.009127122836147139
2024-06-26,-0.0058794213722132005,-0.005624979291077869,-0.0058794213722132005,-0.0058794213722132005,-0.0058794213722132005,-0.0058794213722132005,0.0048794213722132005,-0.0058794213722132005,-0.0058794213722132005,-0.0058794213722132005,-0.0005,-0.0058794213722132005
2024-06-27,0.01695413057533135,0.01599044972317265,0.01695413057533135,0.01695413057533135,0.01695413057533135,0.01695413057533135,0.01595413057533135,0.01695413057533135,0.01695413057533135,0.01695413057533135,0.0,0.01695413057533135
2024-06-28,-0.00949881293672905,-0.008745415045144972,-0.00949881293672905,-0.00949881293672905,-0.00949881293672905,-0.00949881293672905,0.00849881293672905,-0.00949881293672905,-0.00949881293672905,-0.00949881293672905,-0.009998812936729051,-0.00949881293672905
2024-07-01,-0.015461426973366055,-0.014380780808248474,-0.015461426973366055,-0.015461426973366055,-0.015461426973366055,-0.015461426973366055,0.015461426973366055,-0.015461426973366055,-0.015461426973366055,-0.015461426973366055,-0.0005,-0.015461426973366055
2024-07-02,0.010038713972898572,0.008745183830489594,0.010038713972898572,0.010038713972898572,-0.0005,0.010038713972898572,-0.010038713972898572,0.010038713972898572,0.010038713972898572,0.010038713972898572,0.0,0.010038713972898572
2024-07-03,0.0,-2.770301858401497e-05,0.0,0.0,-0.0005,0.0,-0.001,-0.0005,0.0,0.0,-0.0005,0.0
2024-07-05,-0.0029521108693434384,-0.0027597232778026858,-0.0029521108693434384,-0.0029521108693434384,-0.0029521108693434384,-0.0029521108693434384,-0.0029521108693434384,0.0,-0.0029521108693434384,-0.0029521108693434384,-0.0029521108693434384,-0.0029521108693434384
2024-07-08,-0.002171390371798476,-0.002120574770395345,-0.002171390371798476,-0.002171390371798476,-0.0005,-0.002171390371798476,0.0011713903717984761,0.0,-0.002171390371798476,-0.002171390371798476,-0.0005,-0.002171390371798476
2024-07-09,-0.013946505205320592,-0.013509985008617534,-0.013946505205320592,-0.013946505205320592,0.0,-0.013946505205320592,-0.014946505205320593,0.0,-0.013946505205320592,-0.013946505205320592,0.0,-0.013946505205320592
2024-07-10,-0.0005,0.01858785867394498,0.019861330056905047,0.019861330056905047,0.0,0.019861330056905047,-0.020861330056905047,0.0,0.019861330056905047,0.019861330056905047,0.0,0.019861330056905047
2024-07-11,0.0,0.015612703837684648,0.015343881821312744,0.015343881821312744,0.014843881821312743,0.015343881821312744,-0.015343881821312744,-0.015843881821312744,0.015343881821312744,0.015343881821312744,0.014843881821312743,0.015343881821312744
2024-07-12,0.0,0.007543189219884775,0.007846601725828073,0.007846601725828073,0.007846601725828073,0.007846601725828073,-0.007846601725828073,-0.007846601725828073,0.007846601725828073,0.007846601725828073,0.007846601725828073,0.007846601725828073
2024-07-15,0.0,-0.012195109818017665,-0.012687503721919402,-0.012687503721919402,-0.012687503721919402,-0.012687503721919402,0.012687503721919402,-0.013687503721919403,-0.0126875037219194,-0.012687503721919402,-0.012687503721919402,-0.012687503721919402
2024-07-16,0.0,0.005253628648596757,0.005743686632513789,0.005743686632513789,0.005743686632513789,0.005743686632513789,-0.005743686632513789,0.005743686632513789,0.005743686632513789,0.005743686632513789,-0.0005,0.005743686632513789
2024-07-17,0.0,0.011770513213488699,0.01287391008880534,0.01287391008880534,0.01287391008880534,0.01287391008880534,0.01187391008880534,0.01287391008880534,0.01287391008880534,0.01287391008880534,0.0,0.01287391008880534
2024-07-18,0.0,-0.005333311394047172,-0.005925095362156352,-0.005925095362156352,-0.005925095362156352,-0.005925095362156352,0.004925095362156352,-0.005925095362156352,-0.005925095362156352,-0.005925095362156352,-0.006425095362156352,-0.005925095362156352
2024-07-19,0.0,-0.000861287311479925,-0.0009613074696754875,-0.0009613074696754875,-0.0009613074696754875,-0.0009613074696754875,-0.0019613074696754875,-0.0009613074696754875,-0.0009613074696754875,-0.0009613074696754875,-0.0005,-0.0009613074696754875
2024-07-22,0.0,0.009008940898353484,0.01010393713770763,0.01010393713770763,0.01010393713770763,0.01010393713770763,0.01010393713770763,0.01010393713770763,0.01010393713770763,0.01010393713770763,0.0,0.01010393713770763
2024-07-23,0.0,-0.002031595067000648,-0.0022863332996778674,-0.0022863332996778674,-0.0022863332996778674,-0.0022863332996778674,-0.0022863332996778674,-0.0022863332996778674,-0.0022863332996778674,-0.0022863332996778674,-0.0027863332996778674,-0.0022863332996778674
2024-07-24,0.0,-0.012604453826045428,-0.014131578973281878,-0.014131578973281878,-0.014131578973281878,-0.014131578973281878,0.013131578973281877,-0.014131578973281878,-0.014131578973281876,-0.014131578973281878,-0.014131578973281878,-0.014131578973281878
2024-07-25,0.0,0.0011427856985527548,0.0013558670388238436,0.0013558670388238436,0.0013558670388238436,0.0013558670388238436,0.0003558670388238436,0.0013558670388238436,0.0013558670388238436,0.0013558670388238436,-0.0005,0.0013558670388238436
2024-07-26,0.0,0.20055558079853283,0.22990638716451817,0.22990638716451817,0.22990638716451817,0.22990638716451817,-0.23090638716451817,0.22990638716451817,0.22990638716451817,0.22990638716451817,0.0,0.22990638716451817
2024-07-29,-0.016228269935848638,-0.0032527037762469847,-0.015728269935848638,-0.015728269935848638,-0.015728269935848638,-0.015728269935848638,-0.01672826993584864,-0.015728269935848638,-0.015728269935848638,-0.015728269935848638,-0.016228269935848638,-0.015728269935848638
2024-07-30,0.012703666822017734,0.002333666572244384,0.012703666822017734,0.012703666822017734,0.012703666822017734,0.012703666822017734,-0.013703666822017735,0.012703666822017734,0.012703666822017734,0.012703666822017734,0.012703666822017734,0.012703666822017734
2024-07-31,0.006311709420779854,0.0011639443040869712,0.006311709420779854,0.006311709420779854,0.006311709420779854,0.006311709420779854,-0.006311709420779854,0.006311709420779854,0.006311709420779854,0.006311709420779854,0.006311709420779854,0.006311709420779854
2024-08-01,-0.008467295761264593,-0.0015733808270987537,-0.008467295761264593,-0.008467295761264593,-0.008467295761264593,-0.008467295761264593,0.008467295761264593,-0.008467295761264593,-0.008467295761264593,-0.008467295761264593,-0.008467295761264593,-0.008467295761264593
2024-08-02,-0.009725692198934821,-0.0017996503464709414,-0.009725692198934821,-0.009725692198934821,-0.009725692198934821,-0.009725692198934821,0.009725692198934821,-0.009725692198934821,-0.009725692198934821,-0.009725692198934821,-0.0005,-0.009725692198934821
2024-08-05,-0.005030258575585589,-0.0009280934073832775,-0.005030258575585589,-0.005030258575585589,-0.005030258575585589,-0.005030258575585589,0.005030258575585589,-0.005030258575585589,-0.005030258575585589,-0.005030258575585589,0.0,-0.005030258575585589
2024-08-06,0.0022470299237717928,0.0004141561927241362,0.0022470299237717928,0.0022470299237717928,0.0022470299237717928,0.0022470299237717928,-0.0022470299237717928,0.0022470299237717928,0.0022470299237717928,0.0022470299237717928,0.0,0.0022470299237717928
2024-08-07,-0.016494483756800293,-0.003043464889501839,-0.01649448375680029,-0.016494483756800293,-0.016494483756800293,-0.016494483756800293,0.016494483756800293,-0.016494483756800293,-0.016494483756800293,-0.016494483756800293,-0.016994483756800294,-0.016494483756800293
2024-08-08,0.0187249406092318,0.0034503831863425018,0.0187249406092318,0.0187249406092318,0.0187249406092318,0.0187249406092318,-0.0187249406092318,0.0187249406092318,0.0187249406092318,0.0187249406092318,-0.0005,0.0187249406092318
2024-08-09,-0.007671969647115917,-0.0014140048583277907,-0.007671969647115917,-0.007671969647115917,-0.007671969647115917,-0.007671969647115917,0.007671969647115917,-0.0005,-0.007671969647115917,-0.007671969647115917,-0.008171969647115918,-0.007671969647115917
2024-08-12,-0.0065233525813102045,-0.00119907332963289,-0.0065233525813102045,-0.0065233525813102045,-0.0065233525813102045,-0.0065233525813102045,0.0065233525813102045,0.0,-0.0065233525813102045,-0.0065233525813102045,-0.0005,-0.0065233525813102045
2024-08-13,0.01613174043545862,0.00295715920369528,0.01613174043545862,0.01613174043545862,0.01613174043545862,0.01613174043545862,0.015131740435458618,0.0,0.01613174043545862,0.01613174043545862,0.0,0.01613174043545862
2024-08-14,0.006541558298875927,0.0012042138358500298,0.006541558298875927,0.006541558298875927,0.006541558298875927,0.006541558298875927,-0.007541558298875927,0.0,0.006541558298875927,0.006541558298875927,0.0060415582988759264,0.006541558298875927
2024-08-15,0.007846713997529786,0.0014450613700420062,0.007846713997529786,0.007846713997529786,0.007846713997529786,0.007846713997529786,-0.007846713997529786,0.007346713997529786,0.007846713997529786,0.007846713997529786,0.007846713997529786,0.007846713997529786
2024-08-16,-0.0008650414335257262,-0.00015930669840335136,-0.0008650414335257262,-0.0008650414335257262,-0.0008650414335257262,-0.0008650414335257262,0.0008650414335257262,-0.0008650414335257262,-0.0008650414335257262,-0.0008650414335257262,-0.0008650414335257262,-0.0008650414335257262
2024-08-19,0.00023608491414273125,4.341189292744522e-05,0.0002360849141427312,0.00023608491414273125,0.00023608491414273125,0.00023608491414273125,-0.00023608491414273125,0.00023608491414273125,0.00023608491414273125,0.00023608491414273125,-0.0005,0.00023608491414273125
2024-08-20,0.004878706527571053,0.0008998669741444273,0.004878706527571052,0.004878706527571053,0.004878706527571053,0.004878706527571053,0.003878706527571053,0.004878706527571053,0.004878706527571053,0.004878706527571053,0.004378706527571052,0.004878706527571053
2024-08-21,0.011981282891267098,0.0022092672215301,0.011981282891267098,0.011981282891267098,0.011981282891267098,0.011981282891267098,0.011981282891267098,0.011981282891267098,0.011981282891267098,0.011981282891267098,0.011981282891267098,0.011981282891267098
2024-08-22,-0.004874886626796138,-0.0009005180201979826,-0.004874886626796138,-0.004874886626796138,-0.004874886626796138,-0.004874886626796138,0.0038748866267961377,-0.004874886626796138,-0.004874886626796138,-0.004874886626796138,-0.004874886626796138,-0.004874886626796138
2024-08-23,0.015163274979686392,0.002810638051922256,0.01516327497968639,0.015163274979686392,0.015163274979686392,0.01516327497968639,0.014163274979686391,0.015163274979686392,0.015163274979686392,0.015163274979686392,-0.0005,0.015163274979686392
2024-08-26,0.01540231132502834,0.0028579870308633897,0.015402311325028338,0.01540231132502834,0.01540231132502834,0.01540231132502834,0.01540231132502834,0.01540231132502834,0.01540231132502834,0.01540231132502834,0.014902311325028339,0.01540231132502834
2024-08-27,-0.0034130873374657034,-0.003350810007171497,-0.0034130873374657034,-0.0034130873374657034,-0.0034130873374657034,-0.0034130873374657034,0.0024130873374657033,-0.0034130873374657034,-0.0034130873374657034,-0.0034130873374657034,-0.0034130873374657034,-0.0034130873374657034
2024-08-28,0.0015983250643816227,0.001474550234985792,0.0015983250643816225,0.0015983250643816227,0.0015983250643816227,0.0015983250643816227,-0.0015983250643816227,0.0015983250643816227,0.0015983250643816227,0.0015983250643816227,0.0015983250643816227,0.0015983250643816227
2024-08-29,0.009877590540583014,0.009547169258638657,0.009877590540583014,0.009877590540583014,0.009877590540583014,0.009877590540583013,0.008877590540583014,0.009877590540583014,0.009877590540583014,0.009877590540583014,-0.0005,0.009877590540583014
2024-08-30,0.013392320191303542,0.012815568309025405,0.013392320191303542,0.013392320191303542,0.013392320191303542,0.013392320191303542,-0.014392320191303543,0.013392320191303542,0.013392320191303542,0.013392320191303542,0.012892320191303541,0.013392320191303542
2024-09-03,-0.028509697940529155,-0.027394265835692155,-0.028509697940529155,-0.028509697940529155,-0.028509697940529155,-0.028509697940529155,0.028509697940529155,-0.028509697940529155,-0.028509697940529155,-0.028509697940529155,-0.028509697940529155,-0.028509697940529155
2024-09-04,0.009935022195448395,0.007913205180790767,0.009935022195448395,0.009935022195448395,0.009935022195448395,0.009935022195448394,-0.009935022195448395,0.009935022195448395,0.009935022195448395,0.009935022195448395,-0.0005,0.009935022195448395
2024-09-05,-0.005675446024927866,-0.004573669783764253,-0.005675446024927866,-0.005675446024927866,-0.005675446024927866,-0.005675446024927866,0.005675446024927866,-0.005675446024927866,-0.005675446024927866,-0.005675446024927866,-0.006175446024927866,-0.005675446024927866
2024-09-06,-0.0213088190769527,-0.016949406752040135,-0.021308819076952697,-0.0213088190769527,-0.0213088190769527,-0.021308819076952697,-0.0223088190769527,-0.0213088190769527,-0.0213088190769527,-0.0213088190769527,-0.0005,-0.0213088190769527
2024-09-09,-0.0010887091158098272,-0.0008494157871277504,-0.0010887091158098272,-0.0010887091158098272,8.870911580982719e-05,-0.0010887091158098272,8.870911580982719e-05,-0.0010887091158098272,-0.0010887091158098272,-0.0010887091158098272,0.0,-0.0010887091158098272
2024-09-10,0.01268877157440973,0.010182332453333777,0.01268877157440973,0.01268877157440973,-0.01268877157440973,0.012688771574409728,0.011688771574409729,-0.0005,0.01268877157440973,0.01268877157440973,0.0,0.01268877157440973
2024-09-11,0.0010761788838211661,0.000860965689182813,0.0010761788838211661,0.0010761788838211661,7.617888382116609e-05,0.0010761788838211661,0.0010761788838211661,0.0,0.0010761788838211661,0.0010761788838211661,0.0005761788838211661,0.0010761788838211661
2024-09-12,0.0138216331160812,0.011237138919976613,0.0138216331160812,0.0138216331160812,0.0138216331160812,0.0138216331160812,-0.014821633116081201,0.0,0.0138216331160812,0.0138216331160812,0.0138216331160812,0.0138216331160812
2024-09-13,0.008710144839191747,0.007155711213562889,0.008710144839191747,0.008710144839191747,0.008710144839191747,0.008710144839191747,0.007710144839191747,0.0,0.008710144839191747,0.008710144839191747,0.008710144839191747,0.008710144839191747
2024-09-16,0.01073735289698563,0.01064836787957213,0.01073735289698563,0.01073735289698563,0.01073735289698563,0.01073735289698563,0.01073735289698563,0.01023735289698563,0.01073735289698563,0.01073735289698563,0.01073735289698563,0.01073735289698563
2024-09-17,-0.007726080136554292,-0.007726080136554292,-0.007726080136554292,-0.007726080136554292,-0.007726080136554292,-0.007726080136554292,-0.007726080136554292,-0.007726080136554292,-0.007726080136554292,-0.007726080136554292,-0.007726080136554292,-0.007726080136554292
2024-09-18,-0.0015724175118799755,-0.0015724175118799755,-0.0015724175118799753,-0.0015724175118799755,-0.0015724175118799755,-0.0015724175118799755,-0.0015724175118799755,-0.0015724175118799755,-0.0015724175118799755,-0.0015724175118799755,-0.0005,-0.0015724175118799755
2024-09-19,0.0035994532068717167,0.0035994532068717167,0.0035994532068717167,0.0035994532068717167,0.0035994532068717167,0.0035994532068717167,0.0035994532068717167,0.0035994532068717167,0.0035994532068717167,0.0035994532068717167,0.0,0.0035994532068717167
2024-09-20,0.006948707167639956,0.006948707167639956,0.006948707167639956,0.006948707167639956,0.006948707167639956,0.006948707167639956,0.006948707167639956,0.006948707167639956,0.006948707167639956,0.006948707167639956,0.0064487071676399554,0.006948707167639956
2024-09-23,0.006455443796245852,0.006455443796245852,0.006455443796245852,0.006455443796245852,0.006455443796245852,0.006455443796245852,0.006455443796245852,0.006455443796245852,0.006455443796245852,0.006455443796245852,0.006455443796245852,0.006455443796245852
2024-09-24,0.01164834967945505,0.01164834967945505,0.01164834967945505,0.01164834967945505,0.01164834967945505,0.01164834967945505,0.01164834967945505,0.01164834967945505,0.01164834967945505,0.01164834967945505,0.01164834967945505,0.01164834967945505
2024-09-25,-0.004518172917896468,-0.004518172917896468,-0.004518172917896468,-0.004518172917896468,-0.004518172917896468,-0.004518172917896468,-0.004518172917896468,-0.004518172917896468,-0.004518172917896468,-0.004518172917896468,-0.004518172917896468,-0.004518172917896468
2024-09-26,0.020790680082189983,0.020790680082189983,0.020790680082189983,0.020790680082189983,0.020790680082189983,0.020790680082189983,-0.021790680082189984,0.020790680082189983,0.020790680082189983,0.020790680082189983,-0.0005,0.020790680082189983
2024-09-27,-0.015347090603255564,-0.015347090603255564,-0.015347090603255564,-0.015347090603255564,-0.015347090603255564,-0.015347090603255564,0.015347090603255564,-0.015347090603255564,-0.015347090603255564,-0.015347090603255564,-0.015847090603255565,-0.015347090603255564
2024-09-30,-0.004370143901429868,-0.004370143901429868,-0.004370143901429868,-0.004370143901429868,-0.004370143901429868,-0.004370143901429868,0.004370143901429868,-0.004370143901429868,-0.004370143901429868,-0.004370143901429868,-0.0005,-0.004370143901429868
2024-10-01,0.0026334570022226167,0.0026334570022226167,0.0026334570022226167,0.0026334570022226167,0.0026334570022226167,0.0026334570022226167,0.0016334570022226167,0.0026334570022226167,0.0026334570022226167,0.0026334570022226167,0.0,0.0026334570022226167
2024-10-02,-0.011892658652257415,-0.011892658652257415,-0.011892658652257415,-0.011892658652257415,-0.011892658652257415,-0.011892658652257415,-0.011892658652257415,-0.011892658652257415,-0.011892658652257415,-0.011892658652257415,-0.012392658652257416,-0.011892658652257415
2024-10-03,-0.004799286871205677,-0.004799286871205677,-0.004799286871205677,-0.004799286871205677,-0.004799286871205677,-0.004799286871205677,-0.004799286871205677,-0.004799286871205677,-0.004799286871205677,-0.004799286871205677,-0.0005,-0.004799286871205677
2024-10-04,0.0036354107672276204,0.0036354107672276204,0.00363541076722762,0.0036354107672276204,0.0036354107672276204,0.0036354107672276204,0.0036354107672276204,0.0036354107672276204,0.0036354107672276204,0.0036354107672276204,0.0,0.0036354107672276204
2024-10-07,-0.0031047292260331094,-0.0031047292260331094,-0.0031047292260331094,-0.0031047292260331094,-0.0031047292260331094,-0.0031047292260331094,-0.0031047292260331094,-0.0031047292260331094,-0.0031047292260331094,-0.0031047292260331094,-0.0036047292260331094,-0.0031047292260331094
2024-10-08,-0.001186755198768319,-0.001186755198768319,-0.0011867551987683187,-0.001186755198768319,-0.001186755198768319,-0.001186755198768319,-0.001186755198768319,-0.001186755198768319,-0.001186755198768319,-0.001186755198768319,-0.0005,-0.001186755198768319
2024-10-09,0.0023759790266160152,0.0023759790266160152,0.0023759790266160152,0.0023759790266160152,-0.0033759790266160153,0.0023759790266160152,0.0023759790266160152,-0.0005,0.0023759790266160152,0.0023759790266160152,0.0018759790266160152,0.0023759790266160152
2024-10-10,-0.011480736999238017,-0.011480736999238017,-0.011480736999238017,-0.011480736999238017,0.011480736999238017,-0.011480736999238017,-0.011480736999238017,0.0,-0.011480736999238017,-0.011480736999238017,-0.011480736999238017,-0.011480736999238017
2024-10-11,0.009665881760885009,0.009665881760885009,0.009665881760885009,0.009665881760885009,-0.009665881760885009,0.009665881760885009,0.009665881760885009,0.0,0.009665881760885009,0.009665881760885009,-0.0005,0.009665881760885009
2024-10-14,0.007495305845275135,0.007495305845275135,0.007495305845275135,0.007495305845275135,-0.007495305845275135,0.007495305845275135,-0.008495305845275136,0.0,0.007495305845275135,0.007495305845275135,0.006995305845275135,0.007495305845275135
2024-10-15,-0.00022085801712279363,-0.00022085801712279363,-0.00022085801712279363,-0.00022085801712279363,-0.0012208580171227936,-0.00022085801712279363,-0.0012208580171227936,0.0,-0.00022085801712279363,-0.00022085801712279363,-0.00022085801712279363,-0.00022085801712279363
2024-10-16,0.004568003951208821,0.004568003951208821,0.004568003951208821,0.004568003951208821,0.004568003951208821,0.004568003951208821,-0.0005,0.0,0.004568003951208821,0.004568003951208821,0.004568003951208821,0.004568003951208821
2024-10-17,-0.00491412178952777,-0.00491412178952777,-0.00491412178952777,-0.00491412178952777,-0.00491412178952777,-0.00491412178952777,-0.0054141217895277705,0.0,-0.00491412178952777,-0.00491412178952777,-0.00491412178952777,-0.00491412178952777
2024-10-18,-0.003979882159757753,-0.003979882159757753,-0.003979882159757753,-0.003979882159757753,-0.0005,-0.003979882159757753,-0.003979882159757753,0.0,-0.003979882159757753,-0.003979882159757753,-0.0005,-0.003979882159757753
2024-10-21,-0.002219880507137062,-0.002219880507137062,-0.002219880507137062,-0.002219880507137062,0.0,-0.002219880507137062,-0.002219880507137062,0.0,-0.002219880507137062,-0.002219880507137062,0.0,-0.002219880507137062
2024-10-22,-0.023064389618882908,-0.023064389618882908,-0.023064389618882908,-0.023064389618882908,0.0,-0.023064389618882908,-0.023064389618882908,0.0,-0.023064389618882908,-0.023064389618882908,0.0,-0.023064389618882908
2024-10-23,-0.0005,-0.028998531286238638,-0.028998531286238638,-0.028998531286238638,0.0,-0.028998531286238634,-0.0005,0.028498531286238638,0.027998531286238637,0.027998531286238637,0.0,-0.028998531286238638
2024-10-24,0.0,-0.011258021141892671,-0.011258021141892671,-0.011258021141892671,0.0,-0.01125802114189267,-0.011758021141892672,0.011258021141892671,0.011258021141892671,0.011258021141892671,0.0,-0.011258021141892671
2024-10-25,0.0,-0.013600048214864602,-0.013600048214864602,-0.013600048214864602,0.0,-0.0136000482148646,-0.0005,0.013600048214864602,0.013600048214864602,0.013600048214864602,0.0,-0.013600048214864602
2024-10-28,0.0,0.04440873768924969,0.04440873768924969,0.04440873768924969,0.0,0.04440873768924968,-0.04490873768924969,-0.04440873768924969,-0.04440873768924969,-0.04440873768924969,0.0,0.04440873768924969
2024-10-29,0.0,-0.0069455901170449716,-0.007828489422573304,-0.007828489422573304,0.0,-0.007828489422573304,-0.008828489422573305,0.007828489422573304,0.007828489422573302,0.007828489422573304,-0.008328489422573304,-0.007828489422573304
2024-10-30,0.0,-0.01163458128496993,-0.013228254408777285,-0.013228254408777285,0.0,-0.013228254408777285,-0.013228254408777285,0.013228254408777285,0.013228254408777285,0.013228254408777285,-0.013228254408777285,-0.013228254408777285
2024-10-31,0.0,0.006274474409830275,0.0071339347537862086,0.0071339347537862086,0.0,0.007133934753786208,0.0071339347537862086,-0.0071339347537862086,-0.0071339347537862086,-0.0071339347537862086,-0.0005,0.0071339347537862086
2024-11-01,0.0,-0.008557715411043524,-0.009729927862676013,-0.009729927862676013,0.0,-0.009729927862676013,-0.009729927862676013,0.009729927862676013,0.009729927862676013,0.009729927862676013,-0.010229927862676014,-0.009729927862676013
2024-11-04,0.0,-0.00947139479246186,-0.010768760546845724,-0.010768760546845724,0.0,-0.010768760546845722,0.009768760546845723,0.010768760546845724,0.010768760546845722,0.010768760546845724,-0.0005,-0.010768760546845724
2024-11-05,0.0,0.004682421864100779,0.005323807204610231,0.005323807204610231,0.0,0.0053238072046102305,-0.0005,-0.005323807204610231,-0.005323807204610231,-0.005323807204610231,0.0,0.005323807204610231
2024-11-06,0.0,0.05144220809726704,0.058488621067867674,0.058488621067867674,0.0,0.05848862106786767,0.0,-0.058488621067867674,-0.05848862106786767,-0.058488621067867674,0.0,0.058488621067867674
2024-11-07,-0.006846999221678918,-0.004133076383971415,-0.006346999221678916,-0.006346999221678917,-0.006846999221678918,-0.006346999221678917,-0.006846999221678918,0.006346999221678917,0.006346999221678917,0.006346999221678917,-0.006846999221678918,-0.006346999221678917
2024-11-08,0.009543836696589869,0.006028457152718564,0.009543836696589869,0.009543836696589869,0.009543836696589869,0.009543836696589869,0.009543836696589869,-0.009543836696589869,-0.009543836696589869,-0.009543836696589869,0.009543836696589869,0.009543836696589869
2024-11-11,-0.009974708763125784,-0.0063006216787883755,-0.009974708763125784,-0.009974708763125784,-0.009974708763125784,-0.009974708763125784,-0.0005,0.009974708763125784,-0.010974708763125784,0.009974708763125784,-0.009974708763125784,-0.009974708763125784
2024-11-12,-0.01992449617147396,-0.012585501541759829,-0.01992449617147396,-0.01992449617147396,-0.01992449617147396,-0.019924496171473956,-0.02042449617147396,-0.0005,0.01892449617147396,0.01992449617147396,-0.0005,-0.01992449617147396
2024-11-13,0.00843850389739953,0.005330262953545565,0.00843850389739953,0.00843850389739953,-0.0005,0.00843850389739953,0.00843850389739953,0.0,-0.00843850389739953,0.00743850389739953,0.0,0.00843850389739953
2024-11-14,0.006618788174407753,0.004180821841450264,0.006618788174407753,0.006618788174407753,0.006118788174407752,0.006618788174407753,0.006618788174407753,0.0,-0.006618788174407753,0.006618788174407753,0.006118788174407752,0.006618788174407753
2024-11-15,-0.013903920169157868,-0.0087825462294988,-0.013903920169157868,-0.013903920169157868,-0.013903920169157868,-0.013903920169157868,-0.013903920169157868,0.0,0.013903920169157868,-0.013903920169157868,-0.013903920169157868,-0.013903920169157868
2024-11-18,0.002927766736542381,0.001849352297772125,0.002927766736542381,0.002927766736542381,0.002927766736542381,0.002927766736542381,0.002927766736542381,0.0,-0.002927766736542381,-0.003927766736542381,-0.0005,0.002927766736542381
2024-11-19,-0.015210754836776363,-0.009608021041137215,-0.015210754836776363,-0.015210754836776363,-0.015210754836776363,-0.015210754836776363,-0.015210754836776363,0.0,0.015210754836776363,0.015210754836776363,0.0,-0.015210754836776363
2024-11-20,-0.002730360631816975,-0.001724658814233434,-0.002730360631816975,-0.002730360631816975,-0.0005,-0.002730360631816975,-0.002730360631816975,0.0,0.002730360631816975,0.002730360631816975,0.0,-0.002730360631816975
2024-11-21,-0.0040675840387739415,-0.002569328968253656,-0.0040675840387739415,-0.0040675840387739415,0.0,-0.0040675840387739415,-0.0040675840387739415,-0.004567584038773942,0.004067584038773941,0.0040675840387739415,0.0,-0.0040675840387739415
2024-11-22,0.008639673269183357,0.00545733354127591,0.008639673269183357,0.008639673269183357,0.0,0.008639673269183357,0.008639673269183357,-0.0005,0.007639673269183357,-0.008639673269183357,0.0,0.008639673269183357
2024-11-25,0.014795245919724032,0.009345560797667468,0.014795245919724032,0.014795245919724032,0.0,0.014795245919724032,0.014795245919724032,0.0,0.014795245919724032,-0.014795245919724032,0.014295245919724031,0.014795245919724032
2024-11-26,0.0201810115427441,0.012747531967664776,0.0201810115427441,0.0201810115427441,0.019681011542744098,0.0201810115427441,0.0201810115427441,-0.0206810115427441,0.0201810115427441,-0.0201810115427441,0.0201810115427441,0.0201810115427441
2024-11-27,-0.0035352506713752785,-0.002667078334422712,-0.0035352506713752785,-0.0035352506713752785,-0.0035352506713752785,-0.0035352506713752785,-0.0035352506713752785,0.0035352506713752785,-0.0035352506713752785,0.0035352506713752785,-0.0035352506713752785,-0.0035352506713752785
2024-11-29,0.007925837357708243,0.005858878939940964,0.007925837357708243,0.007925837357708243,0.007925837357708243,0.007925837357708243,0.007925837357708243,0.006925837357708243,0.007925837357708243,0.006925837357708243,0.007925837357708243,0.007925837357708243
2024-12-02,-0.0047930383621755945,-0.0035430744098185214,-0.0047930383621755945,-0.0047930383621755945,-0.0047930383621755945,-0.0047930383621755945,-0.0047930383621755945,-0.0047930383621755945,-0.0047930383621755945,-0.0047930383621755945,-0.0047930383621755945,-0.0047930383621755945
2024-12-03,-0.01309349268320803,-0.00967887493392878,-0.01309349268320803,-0.01309349268320803,-0.01309349268320803,-0.01309349268320803,-0.01309349268320803,-0.01309349268320803,-0.01309349268320803,-0.01309349268320803,-0.0005,-0.01309349268320803
2024-12-04,-0.0053372960444941775,-0.003945396553072726,-0.005337296044494177,-0.0053372960444941775,-0.0053372960444941775,-0.0053372960444941775,0.0043372960444941775,-0.0053372960444941775,-0.0053372960444941775,-0.0053372960444941775,0.0,-0.0053372960444941775
2024-12-05,0.022077258763484098,0.016319788128784547,0.022077258763484098,0.022077258763484098,-0.0005,0.022077258763484098,0.021077258763484097,0.022077258763484098,0.022077258763484098,0.022077258763484098,0.0,0.022077258763484098
2024-12-06,-0.00164991672712278,-0.0012196392543678304,-0.00164991672712278,-0.00164991672712278,-0.00214991672712278,-0.00164991672712278,-0.00164991672712278,-0.00164991672712278,-0.00164991672712278,-0.00164991672712278,-0.00214991672712278,-0.00164991672712278
2024-12-09,-0.012170231945571985,-0.012300625639290484,-0.012170231945571985,-0.012170231945571985,-0.012170231945571985,-0.012170231945571985,-0.012170231945571985,-0.012170231945571985,0.011170231945571985,-0.012170231945571985,-0.012170231945571985,-0.012170231945571985
2024-12-10,-0.013080985931256284,-0.013080985931256284,-0.013080985931256282,-0.013080985931256284,-0.013080985931256284,-0.013080985931256284,-0.013080985931256284,-0.013080985931256284,0.013080985931256284,-0.013080985931256284,-0.0005,-0.013080985931256284
2024-12-11,0.0,0.0,0.0,0.0,-0.0005,0.0,0.0,0.0,0.0,0.0,0.0,0.0
2024-12-12,-0.00015416765554121525,-0.00015416765554121525,-0.0001541676555412153,-0.00015416765554121525,0.0,-0.00015416765554121525,-0.00015416765554121525,-0.00015416765554121525,0.00015416765554121525,-0.00015416765554121525,0.0,-0.00015416765554121525
2024-12-13,-0.0005,0.001111401929124125,0.0013102339372488279,0.001310233937248828,0.0,-0.002310233937248828,0.001310233937248828,0.001310233937248828,0.00031023393724882806,0.001310233937248828,0.0,0.001310233937248828
2024-12-16,0.0,-0.00308321035412628,-0.0034636498305237184,-0.0034636498305237184,0.0,0.0034636498305237184,-0.0034636498305237184,-0.0034636498305237184,-0.0034636498305237184,0.0024636498305237184,-0.003963649830523719,-0.0034636498305237184
2024-12-17,0.0,-0.009763077760029545,-0.01096775073541778,-0.01096775073541778,0.0,0.01096775073541778,-0.01096775073541778,-0.01096775073541778,-0.01096775073541778,0.01096775073541778,-0.0005,-0.01096775073541778
2024-12-18,0.0,-0.017518265415198943,-0.01967985640526237,-0.019679856405262375,0.0,-0.020679856405262376,-0.019679856405262375,-0.019679856405262375,-0.019679856405262375,0.019679856405262375,0.0,-0.019679856405262375
2024-12-19,0.0,0.011345891521260124,0.012745868990793996,0.012745868990793996,0.0,0.012745868990793996,0.012745868990793996,-0.0005,0.012745868990793996,-0.012745868990793996,0.0,0.012745868990793996
2024-12-20,0.0,0.015054338511801121,0.016911903842455445,0.016911903842455445,0.0,0.016911903842455445,0.016911903842455445,0.0,0.016911903842455445,-0.016911903842455445,0.016411903842455444,0.016911903842455445
2024-12-23,0.0,-0.002065667174933676,-0.002320551288627515,-0.002320551288627515,0.0,-0.002320551288627515,-0.002320551288627515,0.0,-0.002320551288627515,0.002320551288627515,-0.002320551288627515,-0.002320551288627515
2024-12-24,0.0,0.009524126995853617,0.010699315669761678,0.010699315669761678,0.0,0.010699315669761678,-0.011699315669761678,0.0,0.010699315669761678,-0.010699315669761678,0.010699315669761678,0.010699315669761678
2024-12-26,0.0,0.0055995301469977474,0.006290460077984949,0.0062904600779849495,0.0,0.0062904600779849495,0.0052904600779849495,0.0,0.0062904600779849495,-0.0062904600779849495,0.0062904600779849495,0.0062904600779849495
2024-12-27,0.0,-0.006786092623832164,-0.007623433326564343,-0.007623433326564344,-0.008123433326564344,-0.007623433326564344,-0.007623433326564344,0.0071234333265643435,-0.007623433326564344,0.007623433326564344,-0.007623433326564344,-0.007623433326564344
2024-12-30,0.0,-0.007179611260092598,-0.008065508501865715,-0.008065508501865715,-0.0005,-0.008065508501865715,0.007065508501865715,0.008065508501865715,-0.008065508501865715,0.008065508501865715,-0.0005,-0.008065508501865715
2024-12-31,0.0,-0.0002758828755961815,-0.00030992425606779506,-0.00030992425606779506,0.0,-0.00030992425606779506,-0.001309924256067795,0.00030992425606779506,-0.00030992425606779506,0.00030992425606779506,0.0,-0.00030992425606779506
2025-01-02,0.0,0.004206420944722258,0.004725454159428377,0.004725454159428377,0.0,0.004725454159428377,0.004725454159428377,-0.004725454159428377,0.004725454159428377,-0.004725454159428377,0.004225454159428377,0.004725454159428377
2025-01-03,0.0,0.0011667165211288592,0.0013106784865550836,0.0013106784865550836,0.0,0.0013106784865550836,0.0013106784865550836,-0.0013106784865550836,0.0013106784865550836,-0.0013106784865550836,0.0013106784865550836,0.0013106784865550836
2025-01-06,0.0,0.00287889292864124,0.003234121535379275,0.003234121535379275,0.002734121535379275,0.003234121535379275,-0.004234121535379275,-0.003234121535379275,0.003234121535379275,-0.003234121535379275,-0.0005,0.003234121535379275
2025-01-07,0.0,0.016943764277074874,0.0190344671709417,0.019034467170941705,0.019034467170941705,0.019034467170941705,0.018034467170941704,-0.0005,0.019034467170941705,-0.019034467170941705,0.018534467170941704,0.019034467170941705
2025-01-08,0.0,0.011799735382848196,0.013255712963058164,0.013255712963058164,0.013255712963058164,0.013255712963058164,-0.014255712963058165,0.0,0.013255712963058164,-0.013255712963058164,0.013255712963058164,0.013255712963058164
2025-01-10,-0.02517822539175546,-0.021967624838628,-0.02467822539175546,-0.02467822539175546,-0.02467822539175546,0.023678225391755455,0.02467822539175546,0.0,-0.02467822539175546,-0.02567822539175546,-0.02467822539175546,-0.02467822539175546
2025-01-13,0.02583622507756722,0.02299843245373554,0.025836225077567217,0.02583622507756722,0.02583622507756722,-0.025836225077567217,0.02483622507756722,0.02533622507756722,0.02583622507756722,0.02583622507756722,-0.0005,0.02583622507756722
2025-01-14,0.01939084048395112,0.017260994350081063,0.01939084048395112,0.01939084048395112,0.01939084048395112,-0.019390840483951118,-0.020390840483951123,0.01939084048395112,0.01939084048395112,0.01939084048395112,0.01889084048395112,0.01939084048395112
2025-01-15,0.004154245706152526,0.0036979527381546594,0.004154245706152526,0.004154245706152526,0.004154245706152526,-0.004154245706152525,0.003154245706152526,0.004154245706152526,0.004154245706152525,0.004154245706152526,0.004154245706152526,0.004154245706152526
2025-01-16,0.010161270347918805,0.009045179357245381,0.010161270347918805,0.010161270347918805,0.010161270347918805,0.009161270347918804,-0.011161270347918806,0.010161270347918805,0.010161270347918805,0.010161270347918805,0.010161270347918805,0.010161270347918805
2025-01-17,0.013292036023038412,0.011832068799938374,0.01329203602303841,0.013292036023038412,0.013292036023038412,0.013292036023038412,0.01229203602303841,0.013292036023038412,0.013292036023038412,0.013292036023038412,0.013292036023038412,0.013292036023038412
2025-01-21,0.04155130789411299,0.03698740605866823,0.04155130789411299,0.04155130789411299,0.04155130789411299,0.04155130789411299,0.04155130789411299,0.04155130789411299,0.04155130789411299,0.04155130789411299,0.04155130789411299,0.04155130789411299
2025-01-22,0.015181458406157367,0.011854159336877279,0.015181458406157367,0.015181458406157367,0.015181458406157367,0.015181458406157367,0.015181458406157367,0.015181458406157367,0.015181458406157367,0.015181458406157367,0.015181458406157367,0.015181458406157367
2025-01-23,0.003420122044355045,0.0026824611816517125,0.003420122044355045,0.003420122044355045,0.003420122044355045,0.003420122044355045,-0.004420122044355045,0.003420122044355045,0.003420122044355045,0.003420122044355045,0.003420122044355045,0.003420122044355045
2025-01-24,-0.0013367392102789921,-0.0010484278031783953,-0.0013367392102789921,-0.0013367392102789921,-0.0013367392102789921,-0.0013367392102789921,0.0013367392102789921,-0.0013367392102789921,-0.0013367392102789921,-0.0013367392102789921,-0.0013367392102789921,-0.0013367392102789921
2025-01-27,0.013986687618947835,0.010970002272182467,0.013986687618947835,0.013986687618947835,0.013986687618947835,0.013986687618947835,-0.013986687618947835,0.013986687618947835,0.013986687618947835,0.013986687618947835,-0.0005,0.013986687618947835
2025-01-28,-0.0007920183611508369,-0.0006211937706869664,-0.0007920183611508369,-0.0007920183611508369,-0.0007920183611508369,-0.0007920183611508369,0.0007920183611508369,-0.0007920183611508369,-0.0007920183611508369,-0.0007920183611508369,-0.001292018361150837,-0.0007920183611508369
2025-01-29,0.0009246328814507265,0.0007252056445950801,0.0009246328814507265,0.0009246328814507265,0.0009246328814507265,0.0009246328814507265,-0.0009246328814507265,0.0009246328814507265,0.0009246328814507265,0.0009246328814507265,0.0009246328814507265,0.0009246328814507265
2025-01-30,0.018872929875374922,0.0148023670261378,0.018872929875374922,0.018872929875374922,0.018872929875374922,0.018872929875374922,-0.018872929875374922,0.018872929875374922,0.018872929875374922,0.018872929875374922,0.018872929875374922,0.018872929875374922
2025-01-31,-0.014248645006218474,-0.012575296238927962,-0.014248645006218474,-0.014248645006218474,-0.014248645006218474,-0.014248645006218474,0.014248645006218474,-0.014248645006218474,-0.014248645006218474,-0.014248645006218474,-0.014248645006218474,-0.014248645006218474
2025-02-03,-0.01419201757283739,-0.012478051250901361,-0.01419201757283739,-0.01419201757283739,-0.01419201757283739,-0.01419201757283739,0.01419201757283739,-0.01419201757283739,-0.01419201757283739,-0.01419201757283739,-0.0005,-0.01419201757283739
2025-02-04,0.010930431022604603,0.009610365671724155,0.010930431022604603,0.010930431022604603,0.010930431022604603,0.010930431022604603,0.009930431022604602,0.010930431022604603,0.010930431022604603,0.010930431022604603,0.0,0.010930431022604603
2025-02-05,0.005076507762545646,0.004463419222216951,0.005076507762545646,0.005076507762545646,0.005076507762545646,0.005076507762545646,0.005076507762545646,0.005076507762545646,0.005076507762545646,0.005076507762545646,0.004576507762545645,0.005076507762545646
2025-02-06,-0.0008525712746496605,-0.0007496064604997412,-0.0008525712746496605,-0.0008525712746496605,-0.0008525712746496605,-0.0008525712746496605,-0.00014742872535033948,-0.0008525712746496605,-0.0008525712746496605,-0.0008525712746496605,-0.0008525712746496605,-0.0008525712746496605
2025-02-07,-0.016084578809458572,-0.014142048352428833,-0.016084578809458572,-0.016084578809458572,-0.016084578809458572,-0.016084578809458572,-0.017084578809458573,-0.016084578809458572,-0.016084578809458572,-0.016084578809458572,-0.016084578809458572,-0.016084578809458572
2025-02-10,-0.0012010548166780932,-0.0010560037345454677,-0.0012010548166780932,-0.0012010548166780932,-0.0012010548166780932,-0.0012010548166780932,-0.0012010548166780932,-0.0012010548166780932,-0.0012010548166780932,-0.0012010548166780932,-0.0005,-0.0012010548166780932
2025-02-11,0.0025384926594809176,0.0024738338765135184,0.002538492659480917,0.0025384926594809176,0.0025384926594809176,0.0025384926594809176,0.0025384926594809176,0.0025384926594809176,0.0025384926594809176,0.0025384926594809176,0.0,0.0025384926594809176
2025-02-12,-0.007996187519880626,-0.00797942268366594,-0.007996187519880626,-0.007996187519880626,-0.007996187519880626,-0.007996187519880626,-0.007996187519880626,-0.007996187519880626,-0.007996187519880626,-0.007996187519880626,-0.008496187519880627,-0.007996187519880626
2025-02-13,-0.001007619781908775,-0.0010055072025616325,-0.001007619781908775,-0.001007619781908775,-0.0005,-0.001007619781908775,-0.001007619781908775,-0.001007619781908775,-0.001007619781908775,-0.001007619781908775,-0.0005,-0.001007619781908775
2025-02-14,0.004256938331338445,0.004248013218749042,0.004256938331338445,0.004256938331338445,0.0,0.004256938331338445,0.004256938331338445,0.004256938331338445,0.004256938331338445,0.004256938331338445,0.0,0.004256938331338445
2025-02-18,0.0024897758802318037,0.0023184659305971987,0.0024897758802318037,0.0024897758802318037,0.0019897758802318037,0.0024897758802318037,-0.0005,0.0024897758802318037,0.0024897758802318033,0.0024897758802318037,0.0019897758802318037,0.0024897758802318037
2025-02-19,0.008121238808160847,0.007653055714553403,0.008121238808160847,0.008121238808160847,0.008121238808160847,0.008121238808160847,0.007621238808160846,-0.0005,0.008121238808160847,0.008121238808160847,0.008121238808160847,0.008121238808160847
2025-02-20,-0.007456792886438857,-0.007026914582841288,-0.007456792886438857,-0.007456792886438857,-0.007456792886438857,-0.007456792886438857,-0.007456792886438857,0.0,-0.007456792886438857,-0.007456792886438857,-0.007456792886438857,-0.007456792886438857
2025-02-21,-0.02750179170910183,-0.025916334831614596,-0.02750179170910183,-0.02750179170910183,-0.02750179170910183,-0.02750179170910183,-0.0005,0.0,-0.02750179170910183,-0.02750179170910183,-0.0005,-0.02750179170910183
2025-02-24,-0.0005,0.0032498796608522295,0.003448694195885116,0.003448694195885116,0.003448694195885116,0.003448694195885116,0.002948694195885116,0.0,-0.004448694195885116,0.003448694195885116,0.0,0.003448694195885116
2025-02-25,0.0,0.006866159006063656,0.007286202931596097,0.0072862029315960974,0.0072862029315960974,0.0072862029315960974,0.0072862029315960974,0.0,-0.0072862029315960974,0.0072862029315960974,0.0,0.0072862029315960974
2025-02-26,0.0,0.005723001070673791,0.0060731112026164435,0.0060731112026164435,0.0060731112026164435,0.0060731112026164435,0.0060731112026164435,-0.006573111202616444,-0.0060731112026164435,0.0060731112026164435,0.005573111202616443,0.0060731112026164435
2025-02-27,0.0,0.019751039923206714,0.020959328914965436,0.020959328914965436,0.020959328914965436,0.020959328914965436,0.020959328914965436,-0.020959328914965436,-0.020959328914965436,-0.021959328914965437,0.020959328914965436,0.020959328914965436
2025-02-28,0.0,0.028798857567901567,0.03056065556485854,0.03056065556485854,0.03056065556485854,0.03056065556485854,0.03056065556485854,-0.03056065556485854,-0.03056065556485854,-0.03056065556485854,0.03056065556485854,0.03056065556485854
2025-03-03,-0.011459218619957301,-0.010327428200020878,-0.0109592186199573,-0.0109592186199573,-0.0109592186199573,-0.0109592186199573,-0.0109592186199573,0.0109592186199573,-0.011959218619957301,-0.011959218619957301,-0.0109592186199573,-0.0109592186199573
2025-03-04,-0.04927639049571653,-0.04643564495318795,-0.04927639049571653,-0.04927639049571653,-0.04927639049571653,-0.04927639049571653,-0.04927639049571653,0.04927639049571653,0.048276390495716526,-0.04927639049571653,-0.04927639049571653,-0.04927639049571653
2025-03-05,0.01199776821570775,0.0089835991924497,0.01199776821570775,0.01199776821570775,0.01199776821570775,0.01199776821570775,-0.0005,-0.01199776821570775,-0.01199776821570775,0.01199776821570775,-0.0005,0.01199776821570775
2025-03-06,-0.004539012405801457,-0.0034338402169129868,-0.004539012405801457,-0.004539012405801457,-0.004539012405801457,-0.004539012405801457,-0.005039012405801457,0.004539012405801457,0.004539012405801457,-0.004539012405801457,0.0,-0.004539012405801457
2025-03-07,-0.004355392177706752,-0.0032949283859903737,-0.004355392177706751,-0.004355392177706752,-0.004355392177706752,-0.004355392177706752,-0.004355392177706752,0.004355392177706752,0.004355392177706752,-0.004355392177706752,0.0,-0.004355392177706752
2025-03-10,0.0090223253518662,0.006825542843574007,0.009022325351866199,0.0090223253518662,0.0090223253518662,0.0090223253518662,0.0090223253518662,-0.0090223253518662,-0.0090223253518662,-0.010022325351866201,0.0,0.0090223253518662
2025-03-11,-0.000541876549919329,-0.00040993884205665687,-0.0005418765499193291,-0.000541876549919329,-0.000541876549919329,-0.000541876549919329,-0.000541876549919329,-0.0005,0.000541876549919329,0.000541876549919329,-0.001041876549919329,-0.000541876549919329
2025-03-12,0.01830018111517262,0.013844398796917498,0.018300181115172617,0.01830018111517262,0.01830018111517262,0.01830018111517262,0.01830018111517262,0.0,-0.01830018111517262,-0.01830018111517262,0.01830018111517262,0.01830018111517262
2025-03-13,-0.027555817743048827,-0.020846445595756855,-0.027555817743048827,-0.027555817743048827,-0.027555817743048827,-0.027555817743048827,-0.0005,0.0,-0.028555817743048828,0.027555817743048827,-0.027555817743048827,-0.027555817743048827
2025-03-14,0.029500218374810316,0.02231741780076776,0.029500218374810316,0.029500218374810316,0.029500218374810316,0.029500218374810316,0.0,0.029000218374810316,-0.030500218374810317,-0.029500218374810316,-0.0005,0.029500218374810316
2025-03-17,0.018615850734221784,0.012368684175083933,0.018615850734221784,0.018615850734221784,0.018615850734221784,0.018615850734221784,0.0,-0.0005,0.017615850734221783,-0.018615850734221784,0.018115850734221783,0.018615850734221784
2025-03-18,-0.014946841266022082,-0.009966939568546643,-0.014946841266022082,-0.014946841266022082,-0.014946841266022082,-0.014946841266022082,-0.015446841266022082,0.0,-0.014946841266022082,-0.015946841266022083,-0.014946841266022082,-0.014946841266022082
2025-03-19,0.01517363924321824,0.013092208131936138,0.01517363924321824,0.01517363924321824,0.01517363924321824,-0.01617363924321824,0.01517363924321824,-0.01567363924321824,0.01517363924321824,0.01517363924321824,-0.0005,0.01517363924321824
2025-03-20,-0.012662361495703656,-0.011009980191057502,-0.012662361495703656,-0.012662361495703656,-0.012662361495703656,-0.013662361495703657,-0.012662361495703656,-0.0005,-0.012662361495703656,-0.012662361495703656,-0.013162361495703656,-0.012662361495703656
2025-03-21,-0.006015801262329035,-0.0052307662164008326,-0.006015801262329035,-0.006015801262329035,-0.006015801262329035,-0.006015801262329035,-0.006015801262329035,0.0,-0.006015801262329035,-0.006015801262329035,-0.0005,-0.006015801262329035
2025-03-24,0.01855555399726061,0.01613413753929352,0.018555553997260606,0.01855555399726061,0.01855555399726061,0.01855555399726061,0.01855555399726061,0.01805555399726061,0.01855555399726061,0.01855555399726061,0.0,0.01855555399726061
2025-03-25,0.0022852727400497486,0.0019870549113329694,0.0022852727400497486,0.0022852727400497486,0.0022852727400497486,0.0022852727400497486,0.0022852727400497486,0.0022852727400497486,0.0022852727400497486,0.0022852727400497486,0.0017852727400497486,0.0022852727400497486
2025-03-26,-0.005342057663002442,-0.004644943130797529,-0.005342057663002442,-0.005342057663002442,-0.005342057663002442,-0.005342057663002442,-0.005342057663002442,-0.005342057663002442,-0.005342057663002442,-0.005342057663002442,-0.005342057663002442,-0.005342057663002442
2025-03-27,-0.027770420144235586,-0.02414650504087407,-0.027770420144235586,-0.027770420144235586,-0.027770420144235586,-0.027770420144235586,-0.027770420144235586,-0.027770420144235586,-0.027770420144235586,-0.027770420144235586,-0.0005,-0.027770420144235586
2025-03-28,-0.024252158978611882,-0.02108736115577594,-0.02425215897861188,-0.024252158978611882,-0.024252158978611882,-0.024252158978611882,0.02325215897861188,-0.024252158978611882,-0.024252158978611882,-0.024252158978611882,0.0,-0.024252158978611882
2025-03-31,0.013946261216340128,0.01212633676453774,0.013946261216340128,0.013946261216340128,0.013946261216340128,0.013946261216340128,0.012946261216340127,0.013946261216340128,0.013946261216340128,0.013946261216340128,0.0,0.013946261216340128
2025-04-01,0.005515410922843023,0.004795674568811492,0.005515410922843023,0.005515410922843023,0.005515410922843023,0.005515410922843023,0.005515410922843023,0.005515410922843023,0.005515410922843023,0.005515410922843023,0.005015410922843022,0.005515410922843023
2025-04-02,0.0006094972620751538,0.0005299606068132015,0.0006094972620751538,0.0006094972620751538,0.0006094972620751538,0.0006094972620751538,0.0006094972620751538,0.0006094972620751538,0.0006094972620751538,0.0006094972620751538,0.0006094972620751538,0.0006094972620751538
2025-04-03,-0.05427712273064356,-0.04719420198947448,-0.05427712273064356,-0.05427712273064356,-0.05427712273064356,-0.05427712273064356,-0.05427712273064356,-0.05427712273064356,-0.05427712273064356,-0.05427712273064356,-0.05427712273064356,-0.05427712273064356
2025-04-04,-0.0005,-0.0664148545404862,-0.09181331190407183,-0.09181331190407183,-0.09181331190407183,-0.09181331190407183,-0.09181331190407183,-0.0005,-0.09181331190407183,-0.09181331190407183,-0.0005,-0.09181331190407183
2025-04-07,0.0,0.0076835303936194175,-0.0005,-0.0005,-0.013922511578639774,-0.013922511578639774,0.012922511578639773,0.0,-0.013922511578639774,0.012922511578639773,0.0,0.012922511578639773
2025-04-08,0.0,-0.006480746126474847,0.0,0.0,0.010812914279465069,0.010812914279465069,-0.010812914279465069,0.010312914279465069,0.010812914279465069,0.009812914279465068,0.0,-0.010812914279465069
2025-04-09,0.0,0.052601218647429046,0.0,0.0,-0.08776342370618817,-0.08776342370618817,0.08776342370618817,-0.08776342370618817,-0.08776342370618817,-0.08776342370618817,0.0,0.08776342370618817
2025-04-10,0.0,-0.020560537169452844,-0.03917843176757935,-0.03917843176757935,-0.03967843176757935,-0.03967843176757935,-0.03867843176757935,0.03867843176757935,-0.03967843176757935,0.03867843176757935,-0.03917843176757935,-0.03867843176757935
2025-04-11,0.0,0.011893251669607464,0.022410977403650723,0.022410977403650723,0.022410977403650723,0.022410977403650723,0.022410977403650723,-0.022410977403650723,-0.023410977403650723,-0.022410977403650723,-0.0005,0.022410977403650723
2025-04-14,0.0,0.00023420473637715512,0.00044132228936089035,0.00044132228936089035,0.00044132228936089035,0.00044132228936089035,0.00044132228936089035,-0.00044132228936089035,-0.0005586777106391097,-0.00044132228936089035,-5.867771063910966e-05,0.00044132228936089035
2025-04-15,0.0,-0.0029263591995792614,-0.005514267394536754,-0.005514267394536754,-0.005514267394536754,-0.005514267394536754,-0.005514267394536754,0.005514267394536754,-0.005514267394536753,0.005514267394536754,-0.005514267394536754,-0.005514267394536754
2025-04-16,0.0,-0.018832571089236166,-0.035487042304171434,-0.035487042304171434,-0.035487042304171434,-0.035487042304171434,-0.035487042304171434,0.035487042304171434,-0.035487042304171434,0.035487042304171434,-0.0005,-0.035487042304171434
2025-04-17,0.0,-0.0008173617539449703,-0.0005,-0.0005,-0.0005,-0.0019162044878984208,-0.0019162044878984208,0.0019162044878984208,-0.0019162044878984208,0.0019162044878984208,0.0,-0.0019162044878984208
2025-04-21,0.0,-0.012353028069800678,0.0,0.0,0.0,-0.03164142711011131,-0.03164142711011131,0.03164142711011131,-0.0316414271101113,0.03164142711011131,0.0,-0.03164142711011131
2025-04-22,0.0,0.03138880867773225,0.0,0.0,0.0,0.08121188095507237,0.08121188095507237,-0.08121188095507237,0.08121188095507237,-0.08121188095507237,0.0,0.08121188095507237
2025-04-23,0.0,-0.0007307421037070329,0.0,0.0,0.0,0.0009805864488289249,-0.001980586448828925,0.001980586448828925,-0.001980586448828925,0.001980586448828925,-0.002480586448828925,-0.001980586448828925
2025-04-24,0.0,0.007546620470532017,0.0,0.0,0.0,-0.020726296927638055,0.020726296927638055,-0.020726296927638055,0.02072629692763805,-0.020726296927638055,0.020726296927638055,0.020726296927638055
2025-04-25,0.0,-0.004069382053806898,0.0,0.0,0.0,0.011232748923710956,0.010232748923710955,0.011232748923710956,-0.011232748923710956,0.011232748923710956,-0.011232748923710956,-0.011232748923710956
2025-04-28,0.0,0.0016065763393562807,0.0,0.0,0.0,-0.004441993985506042,-0.004441993985506043,-0.004441993985506043,0.004441993985506043,-0.004441993985506043,-0.0005,0.004441993985506043
2025-04-29,0.0,0.0011825672575327616,0.0,0.0,0.0,-0.0032627995887271055,-0.0032627995887271055,-0.0032627995887271055,0.0032627995887271055,-0.0032627995887271055,0.0027627995887271055,0.0032627995887271055
2025-04-30,0.0,0.0013882562638032584,0.0,0.0,0.0,-0.003829908664201742,-0.003829908664201742,-0.003829908664201742,0.0038299086642017417,-0.003829908664201742,0.003829908664201742,0.003829908664201742
2025-05-01,0.0,-0.002635032508199623,0.0,0.0,0.0,0.0072708671548396,-0.0082708671548396,0.0072708671548396,-0.0072708671548396,0.0072708671548396,-0.0072708671548396,-0.0072708671548396
2025-05-02,0.0,0.011032232068092425,0.0,0.0,0.0,-0.030311972006160204,0.030311972006160204,-0.0005,0.030311972006160204,-0.030311972006160204,0.030311972006160204,0.030311972006160204
2025-05-05,0.0,-0.00324964358787671,-0.009509074379036864,-0.009509074379036864,0.0,0.009009074379036863,0.008009074379036862,0.0,-0.009009074379036862,0.009009074379036863,-0.009009074379036863,-0.009009074379036863
2025-05-06,0.0,-0.0071279303294376935,-0.0005,-0.0005,0.0,0.019744429815160666,-0.02074442981516067,0.0,-0.01974442981516067,0.01974442981516067,-0.0005,-0.01974442981516067
2025-05-07,0.0,0.001617057391657577,0.0,0.0,0.0,-0.004492236792814852,0.004492236792814852,0.0,0.004492236792814852,-0.004492236792814852,0.0,0.004492236792814852
2025-05-08,0.0,0.006441448822432308,0.0,0.0,0.0,-0.017888024058759777,0.017888024058759777,0.0,0.017888024058759777,-0.017888024058759777,0.017388024058759777,0.017888024058759777
2025-05-09,0.0,0.0037602157383804275,0.0,0.0,0.0,-0.01048750493947015,0.01048750493947015,0.0,0.01048750493947015,-0.01048750493947015,0.01048750493947015,0.01048750493947015
2025-05-12,0.0,0.019465924794136155,0.05370742726734384,0.053707427267343844,0.053707427267343844,-0.054207427267343844,0.054207427267343844,0.0,0.054207427267343844,-0.054207427267343844,0.054207427267343844,0.054207427267343844
2025-05-13,0.0022273528301792194,0.0009417789409690157,0.0027273528301792194,0.0027273528301792194,0.0027273528301792194,-0.0027273528301792194,0.0027273528301792194,0.0,0.0027273528301792194,-0.0027273528301792194,0.0027273528301792194,0.0027273528301792194
2025-05-14,-0.018973015363775714,-0.006592046470758137,-0.018973015363775714,-0.018973015363775714,-0.018973015363775714,0.018973015363775714,-0.018973015363775714,0.0,-0.018973015363775714,0.018973015363775714,-0.018973015363775714,-0.018973015363775714
2025-05-15,0.005815590730799514,0.0020133174320013905,0.005815590730799514,0.005815590730799514,0.005815590730799514,-0.005815590730799514,0.005815590730799514,0.0,0.005815590730799514,-0.005815590730799514,-0.0005,0.005815590730799514
2025-05-16,0.029379990642913745,0.010170982769143003,0.029379990642913745,0.029379990642913745,0.029379990642913745,-0.029379990642913745,0.029379990642913745,0.0,0.029379990642913745,-0.029379990642913745,0.028879990642913744,0.029379990642913745
2025-05-19,-0.0005,0.0023367214537378554,0.006727228042318511,0.006727228042318512,0.006727228042318512,0.0057272280423185115,0.006727228042318512,0.006227228042318511,0.006727228042318512,-0.006727228042318512,0.006727228042318512,0.006727228042318512
2025-05-20,0.0,2.249903274073176e-05,6.475543877271223e-05,6.475543877271228e-05,6.475543877271228e-05,6.475543877271228e-05,6.475543877271228e-05,6.475543877271228e-05,6.475543877271228e-05,-6.475543877271228e-05,6.475543877271228e-05,6.475543877271228e-05
2025-05-21,0.0,-0.01070620556802475,-0.03081399307860866,-0.03081399307860866,-0.03081399307860866,-0.03081399307860866,-0.03081399307860866,-0.03081399307860866,-0.03081399307860866,-0.03181399307860866,-0.03081399307860866,-0.03081399307860866
2025-05-22,0.0,0.0008837232630563004,0.002543482127089991,0.002543482127089991,0.002543482127089991,0.002543482127089991,0.002543482127089991,0.002543482127089991,0.002543482127089991,0.002543482127089991,-0.0005,0.002543482127089991
2025-05-23,0.0,-0.0033334462677106305,-0.009594135809228632,-0.009594135809228632,-0.009594135809228632,-0.009594135809228632,-0.009594135809228632,-0.009594135809228632,-0.009594135809228632,-0.009594135809228632,0.0,-0.009594135809228632
2025-05-27,0.0,0.004401332298502512,0.012667664759563824,0.012667664759563824,0.012667664759563824,0.012667664759563824,0.012667664759563824,0.012667664759563824,0.012667664759563824,0.012667664759563824,0.0,0.012667664759563824
2025-05-28,0.0,-0.0019290926791317544,-0.0055522050352081465,-0.0055522050352081465,-0.0055522050352081465,-0.0055522050352081465,-0.0055522050352081465,-0.0055522050352081465,-0.0055522050352081465,-0.0055522050352081465,-0.006052205035208147,-0.0055522050352081465
2025-05-29,0.0,0.0022670852330481097,0.006524996016179507,0.006524996016179507,0.006524996016179507,0.006524996016179507,0.006524996016179507,0.006524996016179507,0.006524996016179507,0.006524996016179507,-0.0005,0.006524996016179507
2025-05-30,0.0,-0.0029722156918301013,-0.008554462472653788,-0.00855446247265379,-0.00855446247265379,-0.00855446247265379,-0.00855446247265379,-0.00855446247265379,-0.00855446247265379,-0.00855446247265379,-0.00905446247265379,-0.00855446247265379
2025-06-02,0.0,-0.004567017694239308,-0.013144531059675613,-0.013144531059675613,-0.013144531059675613,-0.013144531059675613,-0.013144531059675613,-0.013144531059675613,-0.013144531059675613,-0.013144531059675613,-0.0005,-0.013144531059675613
2025-06-03,0.011316791004484628,0.0041056994244677925,0.011816791004484628,0.011816791004484628,0.011816791004484628,0.011816791004484628,0.011816791004484628,0.011816791004484628,0.011816791004484628,0.011816791004484628,0.0,0.011816791004484628
2025-06-04,-0.008910879348706269,-0.0030960513898909293,-0.008910879348706269,-0.008910879348706269,-0.008910879348706269,-0.008910879348706269,-0.008910879348706269,-0.008910879348706269,-0.008910879348706269,-0.008910879348706269,-0.00941087934870627,-0.008910879348706269
2025-06-05,-0.0037463458225645008,-0.0013016537130700675,-0.0037463458225645008,-0.0037463458225645008,-0.0037463458225645008,-0.0037463458225645008,-0.0037463458225645008,-0.0037463458225645008,-0.0037463458225645008,-0.0037463458225645008,-0.0005,-0.0037463458225645008
2025-06-06,-0.005196355473055525,-0.001805454092143742,-0.005196355473055525,-0.005196355473055525,-0.005196355473055525,-0.005196355473055525,-0.005196355473055525,-0.0005,-0.005196355473055525,-0.005196355473055525,0.0,-0.005196355473055525
2025-06-09,-0.008728479669603662,-0.0030326773099710533,-0.008728479669603662,-0.008728479669603662,-0.008728479669603662,-0.008728479669603662,-0.0005,0.0,-0.008728479669603662,-0.008728479669603662,0.0,-0.008728479669603662
2025-06-10,0.005754691044243199,0.001999445678557951,0.005754691044243199,-0.0005,0.005754691044243199,0.005754691044243199,-0.006254691044243199,0.0,0.005754691044243199,0.005754691044243199,0.0,0.005754691044243199
2025-06-11,0.014614522989337742,0.005077760840775082,0.014614522989337742,0.014114522989337741,0.014614522989337742,0.014614522989337742,0.01361452298933774,-0.015114522989337742,0.014614522989337742,0.014614522989337742,0.014114522989337741,0.014614522989337742
2025-06-12,-0.016374343861854768,-0.005689203959360954,-0.016374343861854768,-0.016374343861854768,-0.016374343861854768,-0.016374343861854768,0.015374343861854767,0.016374343861854768,-0.016374343861854768,-0.016374343861854768,-0.016374343861854768,-0.016374343861854768
2025-06-13,-0.016923408784582206,-0.00587997449396565,-0.016923408784582206,-0.0005,-0.016923408784582206,-0.016923408784582206,0.016923408784582206,0.016923408784582206,-0.016923408784582206,-0.016923408784582206,-0.0005,-0.016923408784582206
2025-06-16,0.019322799846567484,0.006713633860415262,0.019322799846567484,0.0,0.019322799846567484,0.019322799846567484,0.018322799846567484,-0.019322799846567484,0.01932279984656748,0.019322799846567484,0.0,0.019322799846567484
2025-06-17,-0.019714805911066557,-0.0068498348876476906,-0.019714805911066557,-0.020214805911066558,-0.019714805911066557,-0.019714805911066557,-0.019714805911066557,0.019714805911066557,-0.019714805911066557,-0.019714805911066557,-0.020214805911066558,-0.019714805911066557
2025-06-18,0.002109580347630313,0.0007329657278229989,0.002109580347630313,-0.0005,0.002109580347630313,-0.0031095803476303132,0.002109580347630313,-0.002109580347630313,0.002109580347630313,0.002109580347630313,-0.0005,0.002109580347630313
2025-06-20,0.010666075918743356,0.0037058878120375363,0.010666075918743356,0.0,0.010666075918743356,-0.010666075918743356,0.010666075918743356,-0.010666075918743356,0.010666075918743356,0.010666075918743356,0.0,0.010666075918743356
2025-06-23,0.0247864572462293,0.008611960997856164,0.0247864572462293,0.0,0.0247864572462293,-0.0247864572462293,0.0247864572462293,-0.0247864572462293,0.0247864572462293,0.0247864572462293,0.024286457246229298,0.0247864572462293
2025-06-24,0.01537929626192125,0.005343478427208049,0.01537929626192125,0.014879296261921249,0.01537929626192125,-0.01537929626192125,-0.01637929626192125,-0.01537929626192125,0.01537929626192125,0.01537929626192125,0.01537929626192125,0.01537929626192125
2025-06-25,-0.0005,-0.004914828675740994,-0.014145580881534614,-0.014145580881534614,-0.014145580881534614,0.014145580881534614,0.014145580881534614,0.014145580881534614,-0.014145580881534612,-0.014145580881534614,-0.014145580881534614,-0.014145580881534614
2025-06-26,0.0,0.007078220081498003,0.020372131210664612,0.020372131210664612,0.020372131210664612,-0.020372131210664612,-0.020372131210664612,-0.020372131210664612,0.020372131210664612,0.020372131210664612,-0.0005,0.020372131210664612
2025-06-27,0.0,0.002903868855610074,0.008357750488669602,0.008357750488669602,0.008357750488669602,-0.0083577504886696,-0.008357750488669602,-0.008357750488669602,0.008357750488669602,0.008357750488669602,0.007857750488669601,0.008357750488669602
2025-06-30,0.0,0.000502810415591948,0.001447160393797775,0.001447160393797775,0.001447160393797775,-0.001447160393797775,0.00044716039379777504,-0.0005,0.001447160393797775,0.001447160393797775,0.001447160393797775,0.001447160393797775
2025-07-01,0.0,0.003583125277226975,0.01031274776023472,0.01031274776023472,0.01031274776023472,-0.010312747760234718,-0.01131274776023472,0.0,0.01031274776023472,0.01031274776023472,0.01031274776023472,0.01031274776023472
2025-07-02,0.0,0.0003614213961927041,0.0010402225447645463,0.0010402225447645463,0.0010402225447645463,-0.0010402225447645463,4.022254476454632e-05,0.0005402225447645463,0.0010402225447645463,0.0010402225447645463,0.0010402225447645463,0.0010402225447645463
2025-07-03,0.0,-0.0023242960956824325,-0.00668965707317437,-0.006689657073174371,-0.006689657073174371,0.006689657073174371,0.005689657073174371,-0.006689657073174371,-0.006689657073174371,-0.006689657073174371,-0.006689657073174371,-0.006689657073174371
2025-07-07,0.0,-0.002498999595759606,-0.007192478769244226,-0.007192478769244226,-0.007192478769244226,0.007192478769244225,0.007192478769244226,-0.007192478769244226,-0.007192478769244226,-0.007192478769244226,-0.0005,-0.007192478769244226
2025-07-08,0.0,0.004347692429933282,0.012513281534963115,0.012513281534963117,0.012513281534963117,-0.012513281534963117,0.011513281534963116,0.012513281534963117,0.012513281534963117,0.012513281534963117,0.0,0.012513281534963117
2025-07-09,0.0,0.0061824948872047395,0.014570050798271561,0.014570050798271561,0.014570050798271561,-0.014570050798271561,-0.015570050798271562,0.014570050798271561,0.014570050798271561,0.014570050798271561,0.01407005079827156,0.014570050798271561
2025-07-10,0.0,0.0036688719421505284,0.008590976081854329,0.008590976081854329,0.008590976081854329,-0.008590976081854329,-0.008590976081854329,0.008590976081854329,0.008590976081854329,0.008590976081854329,0.008590976081854329,0.008590976081854329
2025-07-11,0.0,-0.004017683799890244,-0.009407748750445366,-0.009407748750445366,-0.009407748750445366,0.009407748750445366,-0.010407748750445367,-0.009407748750445366,-0.009407748750445366,-0.009407748750445366,-0.009407748750445366,-0.009407748750445366
2025-07-14,0.0,0.006463032433444939,0.013283006130710318,0.013283006130710318,0.013283006130710318,-0.013283006130710316,-0.014283006130710318,0.013283006130710318,0.013283006130710316,0.013283006130710318,-0.0005,0.013283006130710318
2025-07-15,0.0,-0.004086735125638514,-0.008359187861670558,-0.008359187861670558,-0.008359187861670558,0.008359187861670558,0.008359187861670558,-0.008359187861670558,-0.008359187861670558,-0.008359187861670558,-0.008859187861670559,-0.008359187861670558
2025-07-16,0.0,0.0030284174230740756,0.006194458261856938,0.006194458261856939,0.006194458261856939,-0.006194458261856938,-0.006194458261856939,0.006194458261856939,0.006194458261856939,0.006194458261856939,-0.0005,0.006194458261856939
2025-07-17,0.0,0.0045922655543218435,0.009393222046231164,0.009393222046231164,0.009393222046231164,-0.009393222046231164,-0.009393222046231164,0.009393222046231164,0.009393222046231164,0.009393222046231164,0.008893222046231164,0.009393222046231164
2025-07-18,0.0,-0.017860057305738256,-0.036531747140216675,-0.036531747140216675,-0.036531747140216675,0.036531747140216675,-0.037531747140216676,-0.036531747140216675,-0.036531747140216675,-0.036531747140216675,-0.036531747140216675,-0.036531747140216675
2025-07-21,0.0,-0.0028194954076848746,-0.0026756791960464983,-0.0026756791960464987,-0.0026756791960464987,-0.0036756791960464988,-0.0005,-0.0026756791960464987,-0.0026756791960464987,-0.0026756791960464987,-0.0005,-0.0026756791960464987
2025-07-22,0.0,-0.010227733179383422,-0.01060072576304194,-0.01060072576304194,-0.01060072576304194,-0.01060072576304194,-0.011100725763041941,-0.01060072576304194,-0.01060072576304194,-0.01060072576304194,0.0,-0.01060072576304194
2025-07-23,0.0,-0.0024247597141982993,-0.0025131876556284682,-0.0025131876556284682,-0.0025131876556284682,-0.0025131876556284682,-0.0025131876556284682,-0.0025131876556284682,-0.0025131876556284682,-0.0025131876556284682,0.0,-0.0025131876556284682
2025-07-24,0.0,-0.009723674652705088,-0.01007828485496165,-0.01007828485496165,-0.01007828485496165,-0.01007828485496165,-0.01007828485496165,-0.01007828485496165,-0.01007828485496165,-0.01007828485496165,0.0,-0.01007828485496165
2025-07-25,0.012694990825995622,0.012730717546075753,0.013194990825995623,0.013194990825995623,-0.0005,0.013194990825995623,-0.014194990825995624,0.013194990825995623,0.013194990825995623,0.013194990825995623,0.0,0.013194990825995623
2025-07-28,0.005156298665593528,0.004974871355389929,0.005156298665593528,0.005156298665593528,0.004656298665593528,0.005156298665593528,-0.005156298665593528,0.005156298665593528,0.005156298665593528,0.005156298665593528,0.004656298665593528,0.005156298665593528
2025-07-29,-0.0017100173669964969,-0.00164984943037836,-0.0017100173669964969,-0.0017100173669964969,-0.0017100173669964969,-0.0017100173669964969,0.0017100173669964969,-0.0005,-0.0017100173669964969,-0.0017100173669964969,-0.0017100173669964969,-0.0017100173669964969
2025-07-30,-0.03406016050105243,-0.03286173432259181,-0.03406016050105243,-0.03406016050105243,-0.03406016050105243,-0.03406016050105243,0.03406016050105243,0.0,-0.03406016050105242,-0.03406016050105243,-0.0005,-0.03406016050105243
2025-07-31,0.01773283409202664,0.01710889420796394,0.01773283409202664,0.01773283409202664,-0.0005,0.01773283409202664,0.01673283409202664,-0.01823283409202664,0.01773283409202664,0.01773283409202664,0.0,0.01773283409202664
2025-08-01,-0.03223420290821288,-0.031100024089360283,-0.032234202908212876,-0.03223420290821288,0.0,-0.03223420290821288,0.031234202908212882,0.03223420290821288,-0.03223420290821288,-0.03223420290821288,-0.032734202908212884,-0.03223420290821288
2025-08-04,0.02395947330277015,0.018815116725192694,0.02395947330277015,-0.0005,0.0,0.02395947330277015,0.02295947330277015,-0.02395947330277015,0.02395947330277015,-0.024959473302770152,-0.0005,0.02395947330277015
2025-08-05,0.015013254161918343,0.011844843428140026,0.015013254161918343,0.014513254161918343,0.0,0.015013254161918343,-0.0005,-0.015013254161918343,0.015013254161918343,-0.015013254161918343,0.014513254161918343,0.015013254161918343
2025-08-06,0.004863769304699339,0.0038373150326655005,0.004863769304699339,0.004863769304699339,0.004363769304699339,0.004863769304699339,-0.0053637693046993395,-0.004863769304699339,0.004863769304699339,-0.004863769304699339,0.004863769304699339,0.004863769304699339
2025-08-07,0.006099987395187023,0.00481264053951017,0.006099987395187023,0.006099987395187023,0.006099987395187023,0.006099987395187023,-0.006099987395187023,-0.006099987395187023,0.006099987395187023,-0.006099987395187023,0.006099987395187023,0.006099987395187023
2025-08-08,0.010280757837491272,0.00811109740728906,0.01028075783749127,0.010280757837491272,0.010280757837491272,0.010280757837491272,-0.0005,-0.010280757837491272,0.010280757837491272,-0.010280757837491272,0.010280757837491272,0.010280757837491272
2025-08-11,0.013111492094857624,0.010344430947343667,0.013111492094857624,0.013111492094857624,0.013111492094857624,0.013111492094857624,0.0,-0.013111492094857624,0.013111492094857624,0.012111492094857623,0.013111492094857624,0.013111492094857624
2025-08-12,-0.0005,0.012902958780563351,0.016354407788383263,0.016354407788383263,0.016354407788383263,0.016354407788383263,-0.016854407788383263,-0.016354407788383263,0.016354407788383263,0.016354407788383263,0.016354407788383263,0.016354407788383263
2025-08-13,0.0,0.011745777036691277,0.014887688220692752,0.014887688220692752,0.014887688220692752,0.014887688220692752,-0.0005,-0.014887688220692752,0.014887688220692752,0.014887688220692752,0.014887688220692752,0.014887688220692752
2025-08-14,0.0,-0.017483270678752227,-0.022159920295623414,-0.022159920295623414,-0.022159920295623414,-0.022159920295623414,0.021659920295623414,-0.0005,-0.02215992029562341,-0.022159920295623414,-0.022159920295623414,-0.022159920295623414
2025-08-15,0.0,-0.01907126232873497,-0.027194394118817966,-0.027194394118817966,-0.027194394118817966,-0.027194394118817966,0.027194394118817966,0.0,-0.027194394118817966,-0.027194394118817966,-0.0005,-0.027194394118817966
2025-08-18,0.0,0.002157908983093726,0.0030842610070029863,0.0030842610070029863,0.0030842610070029863,0.003084261007002986,-0.0030842610070029863,0.0,0.0030842610070029863,0.0030842610070029863,0.0,0.0030842610070029863
2025-08-19,0.009181934357154142,0.00600863530188189,0.009681934357154143,0.009681934357154143,0.009681934357154143,-0.010681934357154144,-0.009681934357154143,0.009181934357154142,0.009681934357154143,0.009681934357154143,0.0,0.009681934357154143
2025-08-20,0.0026565367048128063,0.0016589662700868505,0.0026565367048128063,0.0026565367048128063,0.0026565367048128063,-0.0026565367048128063,-0.0026565367048128063,0.0026565367048128063,0.0026565367048128063,0.0026565367048128063,0.0021565367048128063,0.0026565367048128063
2025-08-21,-0.002390846439193739,-0.0014930467899780643,-0.002390846439193739,-0.002390846439193739,-0.002390846439193739,0.002390846439193739,0.002390846439193739,-0.002390846439193739,-0.002390846439193739,-0.002390846439193739,-0.002390846439193739,-0.002390846439193739
2025-08-22,0.02811239763552309,0.017555759483431816,0.02811239763552309,0.02811239763552309,0.02811239763552309,-0.02811239763552309,-0.02811239763552309,0.02811239763552309,0.02811239763552309,0.02811239763552309,-0.0005,0.02811239763552309
2025-08-25,-0.013545269546545002,-0.008458812278498595,-0.013545269546545002,-0.013545269546545002,-0.013545269546545002,0.013545269546545002,0.013545269546545002,-0.013545269546545002,-0.013545269546545002,-0.013545269546545002,-0.014045269546545003,-0.013545269546545002
2025-08-26,0.004619976526329728,0.002885104208004574,0.004619976526329728,0.004619976526329728,0.004619976526329728,-0.004619976526329728,-0.004619976526329728,0.004619976526329728,0.004619976526329728,0.004619976526329728,-0.0005,0.004619976526329728
2025-08-27,-0.00025565522299075827,-0.00015965275049459036,-0.00025565522299075827,-0.00025565522299075827,-0.00025565522299075827,0.00025565522299075827,0.00025565522299075827,-0.00025565522299075827,-0.00025565522299075827,-0.00025565522299075827,-0.0007556552229907583,-0.00025565522299075827
2025-08-28,0.0065803325455122685,0.0041093163588450535,0.0065803325455122685,0.0065803325455122685,0.0065803325455122685,-0.0065803325455122685,-0.0065803325455122685,0.0065803325455122685,0.0065803325455122685,0.0065803325455122685,0.0065803325455122685,0.0065803325455122685
2025-08-29,-0.012884117575429066,-0.008045933052137572,-0.012884117575429066,-0.012884117575429066,-0.012884117575429066,0.012884117575429066,0.012884117575429066,-0.012884117575429066,-0.012884117575429066,-0.012884117575429066,-0.012884117575429066,-0.012884117575429066
2025-09-02,-0.008101270608085298,-0.005059118761397476,-0.008101270608085298,-0.008101270608085298,-0.008101270608085298,0.008101270608085298,0.008101270608085298,-0.008101270608085298,-0.008101270608085298,-0.008101270608085298,-0.0005,-0.008101270608085298
2025-09-03,-0.014714485719647286,-0.00918896977645547,-0.014714485719647286,-0.014714485719647286,-0.014714485719647286,0.014714485719647286,0.014714485719647286,-0.014714485719647286,-0.014714485719647286,-0.014714485719647286,0.0,-0.014714485719647286
2025-09-04,0.023157989673379786,0.014461807992923561,0.023157989673379786,0.023157989673379786,-0.0005,-0.023157989673379786,-0.023157989673379786,-0.0005,0.023157989673379786,0.023157989673379786,0.0,0.023157989673379786
2025-09-05,-0.0014146520303226495,-0.0008834284118730173,-0.0014146520303226495,-0.0014146520303226495,-0.0019146520303226495,0.0014146520303226495,0.0014146520303226495,0.0,-0.0014146520303226495,-0.0014146520303226495,-0.0019146520303226495,-0.0014146520303226495
2025-09-08,-0.008370814592703613,-0.00522744482968649,-0.008370814592703613,-0.008370814592703613,-0.008370814592703613,0.008370814592703613,0.008370814592703613,0.0,-0.008370814592703613,-0.008370814592703613,-0.008370814592703613,-0.008370814592703613
2025-09-09,-0.005974179840084415,-0.0037307833270955226,-0.005974179840084415,-0.005974179840084415,-0.005974179840084415,0.005974179840084415,0.005974179840084415,0.0,-0.005974179840084415,-0.005974179840084415,-0.0005,-0.005974179840084415
2025-09-10,0.003201079654323813,0.001999024957857183,0.003201079654323813,0.003201079654323813,-0.0005,-0.003201079654323813,0.002201079654323813,0.0,0.003201079654323813,0.003201079654323813,0.0,0.003201079654323813
2025-09-11,0.03841894682901836,0.023992040767263852,0.03841894682901836,0.03841894682901836,0.03791894682901836,-0.03841894682901836,-0.039418946829018364,0.0,0.03841894682901836,0.03841894682901836,0.03791894682901836,0.03841894682901836
2025-09-12,-0.010033354604651823,-0.006265675469411914,-0.010033354604651821,-0.010033354604651823,-0.010033354604651823,0.010033354604651823,-0.011033354604651824,-0.010533354604651823,-0.010033354604651823,-0.010033354604651823,-0.010033354604651823,-0.010033354604651823
2025-09-15,-0.007664424802075076,-0.0047863152815558795,-0.007664424802075076,-0.007664424802075076,-0.007664424802075076,0.007664424802075076,0.006664424802075076,-0.007664424802075076,-0.007664424802075076,-0.007664424802075076,-0.007664424802075076,-0.007664424802075076
2025-09-16,-0.0010213421093099306,-0.0006378124219006138,-0.0010213421093099306,-0.0010213421093099306,-0.0010213421093099306,0.0010213421093099306,-0.0020213421093099307,-0.0010213421093099306,-0.0010213421093099306,-0.0010213421093099306,-0.0005,-0.0010213421093099306
2025-09-17,-0.008562300016253799,-0.005347024528437702,-0.008562300016253799,-0.008562300016253799,-0.008562300016253799,0.008562300016253799,-0.008562300016253799,-0.008562300016253799,-0.008562300016253799,-0.008562300016253799,0.0,-0.008562300016253799
2025-09-18,0.0015467739825256732,0.000965936536773286,0.0015467739825256732,0.0015467739825256732,0.0015467739825256732,-0.0015467739825256732,-0.0025467739825256732,0.0015467739825256732,0.0015467739825256732,0.0015467739825256732,0.0,0.0015467739825256732
2025-09-19,0.007722124972830535,0.004822348149796751,0.007722124972830535,0.007722124972830535,0.007722124972830535,-0.007722124972830535,0.006722124972830535,0.007722124972830535,0.007722124972830535,0.007722124972830535,0.0,0.007722124972830535
2025-09-22,-0.017496924227915045,-0.01092655978431958,-0.01749692422791504,-0.017496924227915045,-0.017496924227915045,-0.018496924227915042,-0.017496924227915045,-0.017496924227915045,-0.017496924227915045,-0.017496924227915045,-0.017996924227915045,-0.017496924227915045
2025-09-23,0.015793423719288935,0.009862749945077909,0.015793423719288935,0.015793423719288935,0.015793423719288935,-0.016793423719288936,0.015793423719288935,-0.0005,0.015793423719288935,0.015793423719288935,-0.0005,0.015793423719288935
2025-09-24,-0.010813089954081812,-0.006752608189729771,-0.010813089954081812,-0.010813089954081812,-0.010813089954081812,-0.011813089954081809,-0.010813089954081812,0.0,-0.010813089954081812,-0.010813089954081812,-0.011313089954081812,-0.010813089954081812
2025-09-25,-0.010155252695341899,-0.0063417989502117305,-0.010155252695341899,-0.010155252695341899,-0.010155252695341899,0.009155252695341898,-0.010155252695341899,0.0,-0.010155252695341899,-0.010155252695341899,-0.0005,-0.010155252695341899
2025-09-26,-0.0014376703814826808,-0.0008978030177643359,-0.0014376703814826808,-0.0014376703814826808,-0.0005,0.0014376703814826808,0.00043767038148268076,0.0,-0.0014376703814826808,-0.0014376703814826808,0.0,-0.0014376703814826808
2025-09-29,0.008310983894734836,0.005190081480004127,0.008310983894734836,0.008310983894734836,0.0,-0.008310983894734836,0.007310983894734836,0.0,0.008310983894734836,0.008310983894734836,0.0,0.008310983894734836
2025-09-30,0.0071390648499869425,0.004458236080320047,0.0071390648499869425,0.0071390648499869425,0.006639064849986942,0.0061390648499869424,0.0071390648499869425,0.0,0.0071390648499869425,0.0071390648499869425,0.006639064849986942,0.0071390648499869425
2025-10-01,0.005284238845561839,0.003299925798874853,0.005284238845561839,0.005284238845561839,0.005284238845561839,0.005284238845561839,0.005284238845561839,0.0,0.005284238845561839,0.005284238845561839,0.005284238845561839,0.005284238845561839
2025-10-02,0.017948859858349264,0.011208786627179498,0.017948859858349264,0.017948859858349264,0.017948859858349264,0.017948859858349264,0.017948859858349264,0.0,0.017948859858349264,0.017948859858349264,0.017948859858349264,0.017948859858349264
2025-10-03,-0.0008815945793235747,-0.0005505422410838756,-0.0008815945793235747,-0.0008815945793235747,-0.0008815945793235747,-0.0008815945793235747,-0.0008815945793235747,0.0,-0.0008815945793235747,-0.0008815945793235747,-0.0008815945793235747,-0.0008815945793235747
2025-10-06,-0.017206653330307575,-0.010745290077996227,-0.017206653330307575,-0.017206653330307575,-0.017206653330307575,-0.017206653330307575,-0.017206653330307575,-0.017706653330307576,-0.017206653330307575,-0.017206653330307575,-0.017206653330307575,-0.017206653330307575
2025-10-07,-0.003847889202859389,-0.0024029475621436674,-0.003847889202859389,-0.003847889202859389,-0.003847889202859389,0.002847889202859389,0.002847889202859389,-0.003847889202859389,-0.003847889202859389,-0.003847889202859389,-0.0005,-0.003847889202859389
2025-10-08,0.0043132975493962444,0.0026935879087734505,0.0043132975493962444,0.0043132975493962444,0.0043132975493962444,-0.0043132975493962444,0.0033132975493962444,0.0043132975493962444,0.0043132975493962444,0.0043132975493962444,0.0,0.0043132975493962444
2025-10-09,-0.01999988891375104,-0.012489622693067548,-0.01999988891375104,-0.01999988891375104,-0.01999988891375104,0.01999988891375104,0.01899988891375104,-0.01999988891375104,-0.019999888913751037,-0.01999988891375104,0.0,-0.01999988891375104
2025-10-10,-0.027014723379482963,-0.016870278811166244,-0.027014723379482963,-0.027014723379482963,-0.0005,0.027014723379482963,0.027014723379482963,-0.0005,-0.027014723379482963,-0.027014723379482963,0.0,-0.027014723379482963
2025-10-13,0.015798408311480827,0.009865862746155156,0.015798408311480827,0.015798408311480827,0.0,-0.015798408311480827,0.014798408311480826,0.0,0.015798408311480827,0.015798408311480827,0.0,0.015798408311480827
2025-10-14,0.00946386033136215,0.005910035064111449,0.00946386033136215,0.00946386033136215,0.0,0.00846386033136215,-0.010463860331362151,0.0,0.00946386033136215,0.00946386033136215,0.00896386033136215,0.00946386033136215
2025-10-15,0.006162716115281519,0.0038485213281075764,0.006162716115281519,0.006162716115281519,0.0,0.006162716115281519,-0.006162716115281519,0.0,0.006162716115281519,-0.007162716115281519,0.006162716115281519,0.006162716115281519
2025-10-16,-0.01342276939729159,-0.00838231282139573,-0.01342276939729159,-0.01342276939729159,0.0,-0.01342276939729159,-0.01442276939729159,0.01292276939729159,-0.01342276939729159,0.01342276939729159,-0.01342276939729159,-0.01342276939729159
2025-10-17,0.008123564345427381,0.005073040857116194,0.008123564345427381,0.008123564345427381,0.0,-0.009123564345427382,0.008123564345427381,-0.008123564345427381,0.008123564345427381,-0.008123564345427381,-0.0005,0.008123564345427381
2025-10-20,0.01402003020749909,0.008755293001486562,0.01402003020749909,0.01402003020749909,0.0,0.01302003020749909,0.01402003020749909,-0.01402003020749909,0.01402003020749909,-0.01402003020749909,0.01352003020749909,0.01402003020749909
2025-10-21,0.07662477861297079,0.04785099447016608,0.07662477861297079,0.07662477861297079,0.0,0.07662477861297079,0.07662477861297079,-0.07662477861297079,0.07662477861297079,-0.07662477861297079,0.07662477861297079,0.07662477861297079
2025-10-22,-0.004540602630400791,0.0018745920262841847,0.003540602630400791,0.003540602630400791,0.003040602630400791,0.0035406026304007905,0.003540602630400791,-0.003540602630400791,0.003540602630400791,-0.003540602630400791,0.003540602630400791,0.003540602630400791
2025-10-23,-0.02613172588949908,0.01414287928056372,0.02613172588949908,0.02613172588949908,0.02613172588949908,0.026131725889499077,0.02613172588949908,-0.02613172588949908,0.02613172588949908,0.02513172588949908,0.02613172588949908,0.02613172588949908
2025-10-24,0.01806530878772372,-0.009777214196692354,-0.01806530878772372,-0.01806530878772372,-0.01806530878772372,0.01706530878772372,-0.01806530878772372,-0.019065308787723723,-0.01806530878772372,-0.01806530878772372,-0.01806530878772372,-0.01806530878772372
2025-10-27,0.0005935649987649505,-0.0003212462184165964,-0.0005935649987649505,-0.0005935649987649505,-0.0005935649987649505,0.0005935649987649505,-0.0005935649987649505,-0.0005935649987649505,-0.0005935649987649505,-0.0005935649987649505,-0.0005,-0.0005935649987649505
2025-10-28,0.009322961582981293,-0.005045725673191086,-0.009322961582981293,-0.009322961582981293,-0.009322961582981293,0.009322961582981293,0.008322961582981292,-0.009322961582981293,-0.009322961582981293,-0.009322961582981293,0.0,-0.009322961582981293
2025-10-29,0.013187014373136186,-0.007137008597861839,-0.013187014373136186,-0.013187014373136186,-0.013187014373136186,0.013187014373136186,0.013187014373136186,-0.013187014373136186,-0.013187014373136186,-0.013187014373136186,0.0,-0.013187014373136186
2025-10-30,-0.011054967695998119,0.005983113179595277,0.011054967695998119,0.011054967695998119,0.011054967695998119,-0.011054967695998119,-0.011054967695998119,0.011054967695998119,0.011054967695998119,0.011054967695998119,0.0,0.011054967695998119
2025-10-31,-0.0003004376983126722,0.00016260135731310457,0.0003004376983126722,0.0003004376983126722,0.0003004376983126722,-0.0003004376983126722,-0.0003004376983126722,0.0003004376983126722,0.0003004376983126722,0.0003004376983126722,-0.00019956230168732781,0.0003004376983126722
2025-11-03,0.02588591814602348,-0.014009844468515574,-0.02588591814602348,-0.02588591814602348,-0.02588591814602348,0.02588591814602348,0.02588591814602348,-0.02588591814602348,-0.02588591814602348,-0.02588591814602348,-0.0005,-0.02588591814602348
2025-11-04,0.009864901026156891,-0.005339031371965785,-0.009864901026156891,-0.009864901026156891,-0.009864901026156891,0.009864901026156891,0.009864901026156891,-0.009864901026156891,-0.009864901026156891,-0.009864901026156891,0.0,-0.009864901026156891
2025-11-05,-0.02322691365989571,0.012570751635045504,0.02322691365989571,0.02322691365989571,0.02322691365989571,-0.02322691365989571,-0.02322691365989571,0.02322691365989571,0.02322691365989571,0.02322691365989571,0.0,0.02322691365989571
2025-11-06,0.0028603637408665117,-0.0015480714613585053,-0.0028603637408665117,-0.0028603637408665117,-0.0028603637408665117,0.0028603637408665117,0.0028603637408665117,-0.0028603637408665117,-0.0028603637408665117,-0.0028603637408665117,-0.0033603637408665117,-0.0028603637408665117
2025-11-07,-0.0060420595639061325,0.00327005263179492,0.0060420595639061325,0.0060420595639061325,0.0060420595639061325,-0.0060420595639061325,-0.0060420595639061325,0.0060420595639061325,0.0060420595639061325,0.0060420595639061325,0.0060420595639061325,0.0060420595639061325
2025-11-10,-0.01716821306332217,0.009291692628504641,0.01716821306332217,0.01716821306332217,0.01716821306332217,-0.01716821306332217,0.016168213063322168,0.01716821306332217,0.01716821306332217,0.01716821306332217,0.01716821306332217,0.01716821306332217
2025-11-11,-0.005964017674731759,0.0032278151989484413,0.005964017674731759,0.005964017674731759,0.005964017674731759,-0.005964017674731759,-0.006964017674731759,0.005964017674731759,0.005964017674731759,0.005964017674731759,0.005964017674731759,0.005964017674731759
2025-11-12,-0.014288445329817545,0.007733119437310067,0.014288445329817545,0.014288445329817545,0.014288445329817545,-0.014288445329817545,-0.014288445329817545,0.014288445329817545,0.014288445329817545,0.014288445329817545,0.014288445329817545,0.014288445329817545
2025-11-13,0.0026890054659199913,-0.001455329810594896,-0.0026890054659199913,-0.0026890054659199913,-0.0026890054659199913,0.0026890054659199913,0.0026890054659199913,-0.0026890054659199913,-0.0026890054659199913,-0.0026890054659199913,-0.0026890054659199913,-0.0026890054659199913
2025-11-14,0.01359690233482036,-0.0073588460679611676,-0.01359690233482036,-0.01359690233482036,-0.01359690233482036,0.01359690233482036,0.01359690233482036,-0.01359690233482036,-0.01359690233482036,-0.01359690233482036,-0.01359690233482036,-0.01359690233482036
2025-11-17,-0.0005,-0.00789970272536126,-0.01306842591697921,-0.01306842591697921,-0.01306842591697921,0.01306842591697921,-0.0005,-0.01306842591697921,-0.01306842591697921,-0.01306842591697921,-0.0005,-0.01306842591697921
2025-11-18,0.0,0.0014563287833981625,0.002418523751285706,0.002418523751285706,0.002418523751285706,-0.002418523751285706,0.0,0.002418523751285706,0.0024185237512857056,0.002418523751285706,0.0,0.002418523751285706
2025-11-19,0.0,0.002869370007102469,0.004765159895563809,0.004765159895563809,0.004765159895563809,-0.004765159895563809,0.0,-0.0005,0.004765159895563809,0.004765159895563809,0.0,0.004765159895563809
2025-11-20,0.0,-0.0111456450079236,-0.01182615875879156,-0.01182615875879156,-0.01182615875879156,-0.012826158758791562,0.0,0.0,-0.01182615875879156,-0.01182615875879156,-0.012326158758791561,-0.01182615875879156
2025-11-21,0.0,0.019632510174785362,0.021140848452992467,0.021140848452992467,0.021140848452992467,-0.022140848452992468,0.0,0.0,0.021140848452992467,0.021140848452992467,-0.0005,0.021140848452992467
2025-11-24,0.0,0.008121352311188114,0.008745304442256074,0.008745304442256074,0.008745304442256074,0.007745304442256074,0.0,0.0,0.008745304442256074,0.008745304442256074,0.008245304442256074,0.008745304442256074
2025-11-25,0.0,0.010844144625089067,0.011677285078694586,0.011677285078694588,0.011677285078694588,0.011677285078694588,0.0,0.0,0.011677285078694588,0.011677285078694588,0.011677285078694588,0.011677285078694588
2025-11-26,0.0,-0.004006031422821652,-0.004313809210019892,-0.004313809210019892,-0.004313809210019892,-0.004313809210019892,0.0,-0.004813809210019893,-0.004313809210019892,-0.004313809210019892,-0.004313809210019892,-0.004313809210019892
2025-11-28,0.0,0.006796309162990138,0.0073184600835705105,0.0073184600835705105,0.0073184600835705105,-0.008318460083570511,0.0,0.0073184600835705105,0.0073184600835705105,0.0073184600835705105,-0.0005,0.0073184600835705105
2025-12-01,0.0,-0.008474287640820722,-0.009125355299280602,-0.009125355299280602,-0.009125355299280602,-0.010125355299280603,0.0,-0.009125355299280602,-0.0091253552992806,-0.009125355299280602,-0.009625355299280602,-0.009125355299280602
2025-12-02,0.0,0.005883136755394101,0.006335129918014992,0.006335129918014992,0.006335129918014992,-0.007335129918014992,0.0,0.006335129918014992,0.006335129918014992,0.006335129918014992,-0.0005,0.006335129918014992
2025-12-03,0.0,0.00828183039876181,0.008918111836685894,0.008918111836685894,0.008918111836685894,0.007918111836685893,0.0,0.008918111836685894,0.008918111836685894,0.008918111836685894,0.008418111836685893,0.008918111836685894
2025-12-04,0.0,-0.020494698478760582,-0.022069277477605564,-0.022069277477605564,-0.022069277477605564,-0.022069277477605564,0.021569277477605564,-0.022069277477605564,-0.022069277477605564,-0.022069277477605564,-0.022069277477605564,-0.022069277477605564
2025-12-05,0.0,-0.009820461302574503,-0.010574953599303272,-0.010574953599303272,-0.010574953599303272,0.00957495359930327,-0.0005,-0.010574953599303272,-0.010574953599303272,-0.010574953599303272,-0.0005,-0.010574953599303272
2025-12-08,0.0,-0.019517849891712583,-0.021017378980854762,-0.021017378980854762,-0.021017378980854762,0.021017378980854762,0.02051737898085476,-0.0005,-0.021017378980854762,-0.021017378980854762,0.0,-0.021017378980854762
2025-12-09,0.0,0.006400158348051924,0.006891873555990635,0.006891873555990635,0.006891873555990635,-0.006891873555990635,-0.0005,0.0,0.006891873555990635,0.006891873555990635,0.0,0.006891873555990635
2025-12-10,0.0,0.003206297969676885,0.0034526333550120025,0.0034526333550120025,0.0034526333550120025,0.0024526333550120025,0.0,0.0,0.0034526333550120025,0.0034526333550120025,0.0029526333550120025,0.0034526333550120025
2025-12-11,0.0,0.016481049656972332,0.017747265634518117,0.017747265634518117,0.017747265634518117,0.017747265634518117,0.0,0.0,0.017747265634518117,0.017747265634518117,0.017747265634518117,0.017747265634518117
2025-12-12,0.0,0.0016523844908709936,0.0017793348785548613,0.0017793348785548613,0.0017793348785548613,0.0017793348785548613,0.0012793348785548613,0.0,0.0017793348785548613,0.0017793348785548613,0.0017793348785548613,0.0017793348785548613
2025-12-15,0.0,-0.017594354612504495,-0.01894610425155341,-0.01894610425155341,-0.01894610425155341,-0.01894610425155341,-0.0005,0.0,-0.01894610425155341,-0.01894610425155341,-0.01894610425155341,-0.01894610425155341
2025-12-16,0.0,-0.014011065832148064,-0.01508751640953021,-0.01508751640953021,-0.01508751640953021,0.01408751640953021,0.0,0.0,-0.01508751640953021,-0.01508751640953021,-0.0005,-0.01508751640953021
2025-12-17,0.0,-0.0058610019370321925,-0.006311294512539201,-0.006311294512539201,-0.0005,0.006311294512539201,0.0,0.0,-0.006311294512539201,-0.006311294512539201,0.0,-0.006311294512539201
2025-12-18,-0.0030282016754798464,-0.0023478218117940156,-0.0025282016754798464,-0.0025282016754798464,0.0,0.0025282016754798464,-0.0030282016754798464,0.0,-0.0025282016754798464,-0.0025282016754798464,0.0,-0.0025282016754798464
2025-12-19,0.00123644607187412,0.0011482292274417214,0.0012364460718741197,0.00123644607187412,0.0,-0.00123644607187412,0.00123644607187412,0.0,0.00123644607187412,0.00123644607187412,0.0,0.00123644607187412
2025-12-22,-0.012101865325321093,-0.011238432301406422,-0.012101865325321093,-0.012101865325321093,0.0,0.012101865325321093,-0.012101865325321093,0.0,-0.012101865325321093,-0.012101865325321093,0.0,-0.012101865325321093
2025-12-23,0.000937487151197347,0.0008706001594750195,0.000937487151197347,0.000937487151197347,0.0,-0.000937487151197347,0.000937487151197347,0.0,0.000937487151197347,0.000937487151197347,0.0,0.000937487151197347
2025-12-24,0.001186442063906945,0.001101792860548573,0.001186442063906945,0.001186442063906945,0.0,-0.001186442063906945,-0.0005,0.0,0.001186442063906945,0.001186442063906945,0.0,0.001186442063906945
2025-12-26,0.010851924970198823,0.01007767156872451,0.010851924970198823,0.010851924970198823,0.0,0.009851924970198822,0.0,0.0,0.010851924970198823,0.010851924970198823,0.010351924970198823,0.010851924970198823
2025-12-29,-0.002221056847021341,-0.00206259087684586,-0.0022210568470213406,-0.002221056847021341,0.0,-0.002221056847021341,-0.002721056847021341,0.0,-0.002221056847021341,-0.002221056847021341,-0.002221056847021341,-0.002221056847021341
2025-12-30,-0.0034009247154217492,-0.003158278591687528,-0.0034009247154217492,-0.0034009247154217492,0.0,-0.0034009247154217492,-0.0005,0.0029009247154217492,-0.0034009247154217492,0.002400924715421749,-0.0034009247154217492,-0.0034009247154217492
2025-12-31,-0.006638943779805562,-0.006165274378494081,-0.006638943779805562,-0.006638943779805562,0.0,0.005638943779805562,-0.007138943779805562,0.006638943779805562,-0.006638943779805562,0.006638943779805562,-0.0005,-0.006638943779805562
2026-01-02,0.010743284472869208,0.009976782256076537,0.010743284472869208,0.010743284472869208,0.0,-0.010743284472869208,-0.0005,-0.010743284472869208,0.010743284472869208,-0.010743284472869208,0.0,0.010743284472869208
2026-01-05,0.010690882958966696,0.009928119438349389,0.010690882958966696,0.010690882958966696,0.0,0.009690882958966696,0.0,-0.010690882958966696,0.010690882958966696,-0.010690882958966696,0.010190882958966696,0.010690882958966696
2026-01-06,0.016264128221475715,0.015103729800727952,0.016264128221475712,0.016264128221475715,0.0,0.016264128221475715,0.0,-0.016264128221475715,0.016264128221475715,-0.016264128221475715,0.016264128221475715,0.016264128221475715
2026-01-07,-0.019854405046362378,-0.018437850777547417,-0.019854405046362378,-0.019854405046362378,-0.020354405046362378,-0.019854405046362378,0.0,-0.0005,-0.019854405046362378,0.019854405046362378,-0.019854405046362378,-0.019854405046362378
2026-01-08,0.01430231686109007,0.013281887996250663,0.01430231686109007,0.01430231686109007,-0.0005,-0.01530231686109007,-0.01480231686109007,0.0,0.01430231686109007,-0.01430231686109007,-0.0005,0.01430231686109007
2026-01-09,0.0,0.0,-5.551115123125783e-20,0.0,0.0,-0.001,-0.0005,0.0,0.0,0.0,-0.0005,0.0
2026-01-12,0.016339924431194364,0.015174118170514544,0.016339924431194364,0.016339924431194364,0.0,0.016339924431194364,0.015839924431194363,0.0,0.016339924431194364,-0.016339924431194364,0.016339924431194364,0.016339924431194364
2026-01-13,0.008812653569866491,0.008183896273698154,0.008812653569866491,0.008812653569866491,0.00831265356986649,0.008812653569866491,-0.0005,0.0,0.008812653569866491,-0.008812653569866491,0.008812653569866491,0.008812653569866491
2026-01-14,0.00336448254780386,0.0031244364671322964,0.00336448254780386,0.00336448254780386,0.00336448254780386,0.00336448254780386,0.0,0.0,0.00336448254780386,-0.00336448254780386,0.00336448254780386,0.00336448254780386
2026-01-15,0.006529759860687712,0.006063880415627812,0.006529759860687712,0.006529759860687712,0.006529759860687712,0.006529759860687712,0.0,0.0,0.006529759860687712,-0.006529759860687712,0.006529759860687712,0.006529759860687712
2026-01-16,-0.0005,-0.017910901067732826,-0.01928697052788464,-0.01928697052788464,-0.01928697052788464,-0.01928697052788464,0.0,0.0,-0.01928697052788464,0.01928697052788464,-0.01928697052788464,-0.01928697052788464
2026-01-20,0.06910673604867063,-0.06464049712799917,-0.06960673604867063,-0.06960673604867063,-0.06960673604867063,0.06860673604867061,-0.07010673604867063,-0.07010673604867063,-0.06960673604867063,-0.07060673604867063,-0.0005,-0.06960673604867063
2026-01-21,-0.00253719868853075,-0.0011634415803376903,-0.0015371986885307498,-0.0005,-0.0005,0.0015371986885307498,-0.0015371986885307498,-0.0005,-0.0015371986885307498,-0.0015371986885307498,0.0,-0.0015371986885307498
2026-01-22,0.030472165317508626,0.02053950906311626,0.030472165317508626,0.0,0.0,-0.030472165317508626,0.030472165317508626,0.0,0.030472165317508626,0.030472165317508626,0.0,0.030472165317508626
2026-01-23,0.012762200101245957,0.00860225461215357,0.012762200101245956,0.0,0.0,0.011762200101245956,0.012762200101245957,0.0,0.012762200101245957,0.012762200101245957,0.012262200101245957,0.012762200101245957
2026-01-26,-0.019424552819627183,-0.013092957934842699,-0.01942455281962718,-0.019924552819627184,-0.019924552819627184,-0.019424552819627183,-0.0005,0.0,-0.019424552819627183,-0.019424552819627183,-0.019424552819627183,-0.019424552819627183
2026-01-27,-0.009215230168277078,-0.006211449090927433,-0.009215230168277078,-0.0005,-0.0005,0.008215230168277077,-0.009715230168277078,0.0,-0.009215230168277078,-0.009215230168277078,-0.0005,-0.009215230168277078
2026-01-28,-0.013350210164310261,-0.00899859789441364,-0.013350210164310261,0.0,0.0,0.013350210164310261,-0.0005,0.0,-0.013350210164310261,-0.013350210164310261,0.0,-0.013350210164310261
2026-01-29,0.002821664574623739,0.0019019194894646485,0.002821664574623739,0.0,0.0,-0.002821664574623739,0.0,0.0,0.002821664574623739,0.002821664574623739,0.0,0.002821664574623739
2026-01-30,-0.02059093154894287,-0.013879145796196958,-0.02059093154894287,0.0,0.0,0.02059093154894287,0.0,0.02009093154894287,-0.02059093154894287,0.01959093154894287,0.0,-0.02059093154894287
2026-02-02,0.0017628582022246597,0.0010208410935499972,0.0017628582022246597,0.0,0.0,-0.0017628582022246597,0.0012628582022246597,-0.0017628582022246597,0.0017628582022246597,-0.0017628582022246597,0.0,0.0017628582022246597
2026-02-03,0.014664666820701777,0.008799752772134264,0.014664666820701777,0.0,0.0,-0.014664666820701777,0.014664666820701777,-0.014664666820701777,0.014664666820701777,-0.014664666820701777,0.0,0.014664666820701777
2026-02-04,0.0520940079124701,0.03125978899787957,0.0520940079124701,0.0,0.0,0.051094007912470096,0.0520940079124701,-0.0520940079124701,0.0520940079124701,-0.0520940079124701,0.0515940079124701,0.0520940079124701
2026-02-05,0.007875962178901741,0.0040865580575631145,0.007875962178901741,0.0073759621789017404,0.0073759621789017404,0.007875962178901741,0.007875962178901741,-0.007875962178901741,0.007875962178901741,-0.007875962178901741,0.007875962178901741,0.007875962178901741
2026-02-06,0.04585653302771653,0.0240156091523374,0.04585653302771653,0.04585653302771653,0.04585653302771653,0.04585653302771653,0.04585653302771653,-0.0005,0.04585653302771653,-0.04585653302771653,0.04585653302771653,0.04585653302771653
2026-02-09,-0.01372711218431788,-0.007189051139335177,-0.01372711218431788,-0.01372711218431788,-0.01372711218431788,-0.01372711218431788,0.01272711218431788,0.0,-0.01372711218431788,0.01372711218431788,-0.01372711218431788,-0.01372711218431788
2026-02-10,0.018498868125286227,0.009688076209097332,0.018498868125286227,0.018498868125286227,0.018498868125286227,-0.01949886812528623,-0.0005,0.0,0.018498868125286227,-0.018498868125286227,-0.0005,0.018498868125286227
2026-02-11,0.002344254617471676,-0.0017514257292533639,-0.0033442546174716754,-0.003344254617471676,-0.003344254617471676,-0.004344254617471675,0.002844254617471676,0.0,-0.003344254617471676,0.003344254617471676,-0.003844254617471676,-0.003344254617471676
2026-02-12,-0.010182211466127189,0.005332544672078879,0.010182211466127189,0.010182211466127189,0.010182211466127189,0.010182211466127187,-0.010182211466127189,0.009682211466127189,0.010182211466127189,0.009182211466127188,0.010182211466127189,0.010182211466127189
2026-02-13,0.011562967832822069,-0.006055663125388538,-0.011562967832822069,-0.011562967832822069,-0.011562967832822069,-0.011562967832822067,-0.0005,-0.011562967832822069,-0.011562967832822069,-0.011562967832822069,-0.011562967832822069,-0.011562967832822069
2026-02-17,0.024444273846994324,-0.012801755561575019,-0.024444273846994324,-0.024444273846994324,-0.024444273846994324,0.02344427384699432,0.023944273846994324,-0.024444273846994324,-0.024444273846994324,-0.024444273846994324,-0.0005,-0.024444273846994324
2026-02-18,0.020582280074783466,-0.010779183708484458,-0.020582280074783466,-0.020582280074783466,-0.020582280074783466,0.020582280074783462,-0.0005,-0.020582280074783466,-0.020582280074783466,-0.020582280074783466,0.0,-0.020582280074783466
2026-02-19,-0.005360395407638885,0.002932609389646465,0.005360395407638885,0.005360395407638885,0.005360395407638885,-0.005360395407638885,0.0048603954076388844,-0.0005,0.005360395407638885,-0.006360395407638885,0.0,0.005360395407638885
2026-02-20,-0.012178070867341795,0.006691765239808556,0.012178070867341795,0.012178070867341795,0.012178070867341795,-0.012178070867341795,0.012178070867341795,0.0,0.012178070867341795,0.011178070867341794,0.011678070867341794,0.012178070867341795
2026-02-23,0.004309815735477618,-0.0023682137707040844,-0.004309815735477618,-0.004309815735477618,-0.004309815735477618,0.004309815735477618,-0.004309815735477618,-0.004809815735477618,-0.004309815735477618,-0.004309815735477618,-0.004309815735477618,-0.004309815735477618
2026-02-24,-0.0007214271422208984,0.00039641919692835515,0.0007214271422208982,0.0007214271422208984,0.0007214271422208984,-0.0007214271422208984,0.0007214271422208984,0.0007214271422208984,0.0007214271422208984,0.0007214271422208984,-0.0005,0.0007214271422208984
2026-02-25,0.005526954128971195,-0.0030370228524001725,-0.005526954128971195,-0.005526954128971195,-0.005526954128971195,0.005526954128971195,-0.005526954128971195,-0.005526954128971195,-0.005526954128971195,-0.005526954128971195,-0.006026954128971196,-0.005526954128971195
2026-02-26,-0.00380579652942048,0.002091258722566377,0.00380579652942048,0.00380579652942048,0.00380579652942048,-0.00380579652942048,0.00380579652942048,0.00380579652942048,0.00380579652942048,0.00380579652942048,-0.0005,0.00380579652942048
2026-02-27,0.005115152307264337,-0.002810740615565949,-0.005115152307264337,-0.005115152307264337,-0.005115152307264337,0.005115152307264337,0.004115152307264337,-0.005115152307264337,-0.005115152307264337,-0.005115152307264337,-0.005615152307264337,-0.005115152307264337
2026-03-02,0.02334871061990218,-0.012829954089002189,-0.02334871061990218,-0.02334871061990218,-0.02334871061990218,0.02334871061990218,-0.02434871061990218,-0.02334871061990218,-0.02334871061990218,-0.02334871061990218,-0.0005,-0.02334871061990218
2026-03-03,0.01845663531870434,-0.010141792736708517,-0.01845663531870434,-0.01845663531870434,-0.01845663531870434,0.01845663531870434,-0.01845663531870434,-0.0005,-0.01845663531870434,-0.01845663531870434,0.0,-0.01845663531870434
2026-03-04,-0.015206953995695383,0.00835611545213273,0.015206953995695383,0.015206953995695383,0.015206953995695383,-0.015206953995695383,0.015206953995695383,0.0,0.015206953995695383,0.015206953995695383,0.0,0.015206953995695383
2026-03-05,0.029088157336301546,-0.01598374014025039,-0.029088157336301546,-0.029088157336301546,-0.029088157336301546,0.029088157336301546,-0.029088157336301546,0.0,-0.029088157336301546,-0.029088157336301546,-0.029588157336301546,-0.029088157336301546
2026-03-06,0.01792462148637375,-0.009849454836143788,-0.01792462148637375,-0.0005,-0.0005,0.01792462148637375,-0.01792462148637375,0.0,-0.01792462148637375,-0.01792462148637375,-0.0005,-0.01792462148637375
2026-03-09,-0.01260280655687096,-0.006375661502324604,-0.01160280655687096,0.0,0.0,-0.01260280655687096,-0.01160280655687096,0.0,-0.01160280655687096,-0.01160280655687096,0.0,-0.01160280655687096
2026-03-10,0.023873832501727588,0.01311850491069971,0.023873832501727588,0.0,0.0,0.023873832501727588,0.023873832501727588,0.0,0.023873832501727588,0.023873832501727588,0.0,0.023873832501727588
2026-03-11,-0.000515307324605585,-0.000283157790768144,-0.000515307324605585,0.0,0.0,-0.000515307324605585,-0.000515307324605585,0.0,-0.000515307324605585,-0.000515307324605585,-0.001015307324605585,-0.000515307324605585
2026-03-12,-0.03911831085790218,-0.02149523973792363,-0.03911831085790218,0.0,0.0,-0.03911831085790218,-0.03911831085790218,0.0,-0.03911831085790218,-0.03911831085790218,-0.03911831085790218,-0.03911831085790218
2026-03-13,0.012474870496195667,0.0068548545715416,0.012474870496195667,0.0,0.0,0.012474870496195667,0.012474870496195667,0.0,0.012474870496195667,-0.013474870496195668,-0.0005,0.012474870496195667
2026-03-16,-0.006690635721138705,-0.003676457793574182,-0.006690635721138705,0.0,0.0,-0.006690635721138705,-0.006690635721138705,0.006190635721138704,-0.006690635721138705,0.006690635721138705,-0.007190635721138705,-0.006690635721138705
2026-03-17,-0.005935318155330882,-0.0032614160446019272,-0.005935318155330882,0.0,0.0,-0.005935318155330882,-0.005935318155330882,0.005935318155330882,-0.005935318155330882,0.005935318155330882,-0.0005,-0.005935318155330882
2026-03-18,-0.026700632008901715,-0.01467181157873233,-0.02670063200890171,0.0,0.0,-0.026700632008901715,-0.026700632008901715,0.026700632008901715,-0.026700632008901715,0.026700632008901715,0.0,-0.026700632008901715
2026-03-19,-0.01633579633795934,-0.008976406467801196,-0.0004999999999999999,0.0,0.0,-0.01633579633795934,-0.01633579633795934,0.01633579633795934,0.01533579633795934,0.01633579633795934,0.0,-0.01633579633795934
2026-03-20,-0.010580876696298813,-0.005814118151740392,0.0,0.0,0.0,-0.010580876696298813,-0.010580876696298813,0.010580876696298813,0.010580876696298813,0.010580876696298813,0.010080876696298813,-0.010580876696298813
2026-03-23,0.037960272307233645,0.020858905608804417,0.0,0.0,0.0,0.037960272307233645,0.037960272307233645,-0.037960272307233645,-0.037960272307233645,-0.037960272307233645,-0.037960272307233645,0.037960272307233645
2026-03-24,0.0007505595970169754,0.0003315861317393062,0.0,0.0,0.0,0.0007505595970169754,0.0007505595970169754,-0.0007505595970169754,-0.0007505595970169754,-0.0007505595970169754,-0.00024944040298302463,0.0007505595970169754
2026-03-25,0.009408944682934406,0.0045619180529444196,0.0,0.0,0.0,0.009408944682934406,-0.0005,-0.009408944682934406,-0.009408944682934406,-0.009408944682934406,0.009408944682934406,0.009408944682934406
2026-03-26,-0.027423149872097707,-0.013296088635426737,0.0,0.0,0.0,-0.027423149872097707,0.0,-0.0005,0.027423149872097704,0.027423149872097707,-0.027423149872097707,-0.027423149872097707
2026-03-27,-0.006597800569813961,-0.0031989374519071252,0.0,0.0,0.0,-0.006597800569813961,0.0,0.00609780056981396,0.006597800569813961,0.006597800569813961,0.005597800569813961,-0.006597800569813961
2026-03-30,-0.00363530618632546,-0.001762574813460008,0.0,0.0,0.0,-0.00363530618632546,-0.00413530618632546,0.00363530618632546,0.00363530618632546,0.00363530618632546,0.00363530618632546,-0.00363530618632546
2026-03-31,0.01901490012950746,0.009219356590869225,0.0,0.0,0.0,0.01901490012950746,0.01901490012950746,-0.01901490012950746,-0.01901490012950746,-0.01901490012950746,-0.01901490012950746,0.01901490012950746
2026-04-01,0.00013771510989268876,6.677104257209301e-05,-0.00036228489010731125,0.0,0.0,0.00013771510989268876,0.00013771510989268876,-0.00013771510989268876,-0.0008622848901073113,-0.00013771510989268876,-0.0008622848901073113,0.00013771510989268876
2026-04-02,-0.0053700441398515375,-0.0026036608920796543,-0.0053700441398515375,0.0,0.0,-0.0053700441398515375,-0.0005,0.0053700441398515375,-0.0053700441398515375,0.0053700441398515375,-0.0053700441398515375,-0.0053700441398515375
2026-04-06,0.00020765936051114764,0.0001006834472411046,-0.0005,0.0,0.0,0.00020765936051114764,-0.00029234063948885237,-0.0005,-0.0012076593605111477,-0.00020765936051114764,-0.0012076593605111477,0.00020765936051114764
2026-04-07,-0.0010380812352699387,-0.0005033127186080822,0.0,0.0,0.0,-0.0010380812352699387,-0.0005,0.0005380812352699387,0.0010380812352699385,0.0010380812352699387,-0.0020380812352699387,-0.0010380812352699387
2026-04-08,0.033391036108365135,0.016189612710292074,0.032891036108365135,0.0,0.0,0.033391036108365135,0.032891036108365135,-0.033391036108365135,0.032391036108365134,-0.033391036108365135,-0.034391036108365136,0.033391036108365135
2026-04-09,0.00891606223753838,0.0043229444590503294,0.00891606223753838,0.0,0.00841606223753838,0.00891606223753838,0.00891606223753838,-0.0005,0.00891606223753838,-0.00891606223753838,0.00791606223753838,0.00891606223753838
2026-04-10,-0.001196035106932336,-0.0005798965059456892,-0.001196035106932336,0.0,-0.001196035106932336,-0.001196035106932336,-0.001196035106932336,0.0,-0.001196035106932336,0.001196035106932336,-0.001196035106932336,-0.001196035106932336
2026-04-13,0.016431606566275736,0.007966849116408598,0.016431606566275736,0.0,0.016431606566275736,0.016431606566275736,0.016431606566275736,0.0,0.016431606566275736,-0.016431606566275736,0.016431606566275736,0.016431606566275736
2026-04-14,0.000570812126332366,-0.0007616067942132663,-0.0015708121263323658,0.0,-0.001570812126332366,-0.001570812126332366,-0.001570812126332366,0.0,-0.001570812126332366,0.001570812126332366,-0.001570812126332366,-0.001570812126332366
2026-04-15,0.008587304463126055,-0.004163546558788716,-0.008587304463126055,0.0,-0.008587304463126055,-0.008587304463126055,-0.008587304463126055,0.0,-0.008587304463126055,0.008587304463126055,-0.008587304463126055,-0.008587304463126055
2026-04-16,0.004562266978261564,-0.0022120108887697994,-0.004562266978261564,0.0,-0.004562266978261564,0.0035622669782615643,-0.004562266978261564,0.0,-0.004562266978261564,0.004562266978261564,0.0035622669782615643,-0.004562266978261564
2026-04-17,-0.026569221228766482,0.01288206212924431,0.026569221228766482,0.0,0.026569221228766482,-0.026569221228766482,0.026569221228766482,0.0,0.026569221228766482,-0.026569221228766482,-0.026569221228766482,0.026569221228766482
2026-04-20,0.020381827932701824,-0.009882110261190435,-0.020381827932701824,0.0,-0.020381827932701824,0.02038182793270182,0.019381827932701823,0.0,-0.020381827932701824,0.020381827932701824,-0.021381827932701825,-0.020381827932701824
2026-04-21,0.0193526576929276,-0.009383118030436356,-0.0193526576929276,0.0,-0.0005,0.0193526576929276,-0.0203526576929276,0.0,-0.0193526576929276,0.0193526576929276,-0.0005,-0.0193526576929276
2026-04-22,0.018118159719349047,-0.008784572839475055,-0.018118159719349047,0.0,0.0,0.018118159719349047,-0.018118159719349047,0.0,-0.018118159719349047,0.018118159719349047,0.0,-0.018118159719349047
2026-04-23,0.006448085269975312,-0.0031263481284333995,-0.006448085269975312,0.0,0.0,0.006448085269975312,-0.0005,0.005948085269975312,-0.006448085269975312,0.006448085269975312,0.0,-0.006448085269975312
2026-04-24,-0.007939835196981493,0.0038496216890518513,0.007939835196981493,0.0,0.0,-0.007939835196981493,0.007439835196981492,-0.007939835196981493,0.007939835196981493,-0.007939835196981493,0.0,0.007939835196981493
2026-04-27,0.001506875018779441,-0.0007306069472561715,-0.0015068750187794409,0.0,0.0,0.0015068750187794409,-0.001506875018779441,0.001506875018779441,-0.001506875018779441,0.001506875018779441,-0.002006875018779441,-0.001506875018779441
2026-04-28,-0.0017835589972297061,0.0008647569161195338,0.0017835589972297061,0.0,0.0,-0.001783558997229706,-0.002783558997229706,-0.0017835589972297061,0.0017835589972297061,-0.0017835589972297061,0.0017835589972297061,0.0017835589972297061
2026-04-29,0.01479154146074424,-0.007171665079829169,-0.014791541460744238,0.0,0.0,0.014791541460744238,-0.0005,0.01479154146074424,-0.01479154146074424,0.01479154146074424,-0.01479154146074424,-0.01479154146074424
2026-04-30,-0.01841953094150295,0.008930692395420093,0.01841953094150295,0.0,0.0,-0.01841953094150295,0.0,-0.01841953094150295,0.01841953094150295,-0.01841953094150295,-0.0005,0.01841953094150295
2026-05-01,0.027436608454160183,-0.013302614016385687,-0.027436608454160183,0.0,0.0,0.02743660845416018,-0.027936608454160183,0.027436608454160183,-0.027436608454160183,0.027436608454160183,-0.027936608454160183,-0.027436608454160183
2026-05-04,0.006596504295095285,-0.003198308954318928,-0.006596504295095285,0.0,0.0,0.006596504295095285,-0.0005,0.006596504295095285,-0.006596504295095285,0.006596504295095285,-0.0005,-0.006596504295095285
2026-05-05,0.007900874073613395,0.004315580491938679,0.008900874073613396,0.0,0.0,0.007900874073613395,0.008400874073613396,-0.008900874073613396,0.008900874073613396,-0.008900874073613396,0.0,0.008900874073613396
2026-05-06,0.026046710727392952,0.012628723400046303,0.02604671072739295,0.0,0.0,0.026046710727392952,-0.0005,-0.026046710727392952,0.026046710727392952,-0.026046710727392952,0.02554671072739295,0.026046710727392952
2026-05-07,-0.019039100260586084,-0.010513530537460581,-0.019039100260586084,0.0,0.0,-0.019039100260586084,-0.019539100260586084,0.019039100260586084,-0.019039100260586084,0.019039100260586084,-0.019039100260586084,-0.019039100260586084
2026-05-08,-0.003200058384634219,-0.001761579793893681,-0.003200058384634219,0.0,0.0,-0.003200058384634219,-0.0005,0.003200058384634219,-0.003200058384634219,0.003200058384634219,-0.0005,-0.003200058384634219
2026-05-11,0.00034894909057547885,0.00019209076622069275,0.00034894909057547885,0.0,0.0,0.00034894909057547885,-0.00015105090942452116,-0.0005,0.00034894909057547885,-0.00034894909057547885,0.0,0.00034894909057547885
2026-05-12,-0.0009068441534553218,-0.0004992028722376308,-0.0009068441534553218,0.0,0.0,-0.0009068441534553218,-0.0009068441534553218,0.00040684415345532176,-0.0009068441534553218,0.0009068441534553218,0.0,-0.0009068441534553218
2026-05-13,0.027162866673478225,0.01495271377109475,0.027162866673478225,0.0,0.0,0.027162866673478225,0.027162866673478225,-0.027162866673478225,0.027162866673478225,-0.027162866673478225,0.0,0.027162866673478225
2026-05-14,-0.013460268206484494,-0.007409657463372479,-0.0005,0.0,0.0,-0.013460268206484494,-0.013460268206484494,-0.0005,0.012460268206484493,0.013460268206484494,-0.013960268206484494,-0.013460268206484494
2026-05-15,0.007579966752102818,0.004172647703243861,0.0,0.0,0.0,0.007579966752102818,0.007579966752102818,0.0,-0.007579966752102818,-0.007579966752102818,-0.0005,0.007579966752102818
2026-05-18,0.04315409975695905,0.02375562599749899,0.04265409975695905,0.0,0.0,0.04315409975695905,0.04315409975695905,0.0,0.04215409975695905,-0.04315409975695905,0.04265409975695905,0.04315409975695905
2026-05-19,-0.02078277495295522,-0.011440577645070171,-0.020782774952955215,0.0,0.0,-0.02078277495295522,0.019782774952955218,0.0,-0.02078277495295522,0.02078277495295522,-0.02078277495295522,-0.02078277495295522
2026-05-20,0.0028119465677780564,0.0015580010543301101,-0.0004999999999999999,0.0,0.0,0.0028119465677780564,0.0018119465677780564,0.0,-0.0038119465677780564,-0.0028119465677780564,-0.0005,0.0028119465677780564
2026-05-21,0.012151275355008151,0.006747018770812363,0.0,0.0,0.0,0.01215127535500815,0.012151275355008151,0.0,-0.012151275355008151,-0.012151275355008151,0.01165127535500815,0.012151275355008151
2026-05-22,0.010741248100492262,0.0059644036676421855,0.0,0.0,0.0,0.01074124810049226,-0.0005,0.0,-0.010741248100492262,-0.010741248100492262,0.010741248100492262,0.010741248100492262
2026-05-26,-0.011430309055536658,0.005769010933180391,0.0,0.0,0.0,-0.011430309055536658,0.0,0.0,-0.010430309055536657,-0.010430309055536657,0.010430309055536657,0.010430309055536657
2026-05-27,-0.0074011517151402195,0.004078783411021138,0.0,0.0,0.0,-0.0074011517151402195,-0.00790115171514022,0.0,-0.0074011517151402195,-0.0074011517151402195,0.0074011517151402195,0.0074011517151402195
2026-05-28,0.014951292729305399,-0.00823128232592282,0.0,0.0,0.0,0.014951292729305399,0.014951292729305399,0.0,0.014951292729305399,0.014951292729305399,-0.014951292729305399,-0.014951292729305399
2026-05-29,-0.0018318532425001255,0.0010024116345341157,0.0,0.0,0.0,-0.0018318532425001255,-0.0005,0.0,-0.0018318532425001255,-0.0018318532425001255,-0.0005,0.0018318532425001255
2026-06-01,0.014366957074904319,-0.007873785756598032,0.0,0.0,0.0,0.014366957074904319,0.0,0.0,0.014366957074904319,0.014366957074904319,-0.014866957074904319,-0.014366957074904319
2026-06-02,-0.0130524171225197,0.0072142474396418976,0.0,0.0,0.0,-0.0130524171225197,0.012552417122519699,0.0,-0.0130524171225197,-0.0130524171225197,-0.0005,0.0130524171225197
2026-06-03,0.00817527828579423,-0.004537793338120866,0.0,0.0,0.0,0.00817527828579423,-0.0005,0.0,0.008175278285794228,0.00817527828579423,-0.00867527828579423,-0.00817527828579423
2026-06-04,-0.007385495687794563,0.004118763713566208,0.0,0.0,0.0,-0.007385495687794563,0.0,0.0,-0.007385495687794563,-0.007385495687794563,-0.0005,0.007385495687794563
2026-06-05,-0.006480265802764507,0.003688918967233664,0.0,0.0,0.0,-0.006480265802764507,0.005980265802764506,0.0,-0.006480265802764507,-0.006480265802764507,0.005980265802764506,0.006480265802764507
2026-06-08,-0.0005854032251262353,0.0003342083642228956,0.0,0.0,0.0,-0.0005854032251262353,-0.0005,0.0,-0.0004145967748737647,-0.0005854032251262353,0.0005854032251262353,0.0005854032251262353
2026-06-09,-0.016509542966308466,0.00953228012194929,0.0,0.0,0.0,-0.016509542966308466,0.0,0.0,0.016509542966308466,0.015509542966308465,0.016509542966308466,0.016509542966308466
2026-06-10,-0.0029414074791385136,0.0017110818713637988,0.0024414074791385136,0.0024414074791385136,0.0024414074791385136,-0.0029414074791385136,-0.0034414074791385136,0.0,0.0029414074791385136,0.0029414074791385136,0.0029414074791385136,0.0029414074791385136
2026-06-11,-0.006758033263283281,0.003936434722457542,0.006758033263283281,0.006758033263283281,0.006758033263283281,-0.006758033263283281,-0.0005,0.0,0.006758033263283281,0.006758033263283281,0.006758033263283281,0.006758033263283281
2026-06-12,-0.0025964388107209135,0.001575027950451296,0.0025964388107209135,0.0025964388107209135,0.0025964388107209135,-0.0025964388107209135,0.0,0.0,0.0025964388107209135,0.0025964388107209135,0.0025964388107209135,0.0025964388107209135
2026-06-15,0.0005685421457526374,-0.0003510210436359201,-0.0005685421457526374,-0.0005685421457526374,-0.0005685421457526374,0.0005685421457526374,6.854214575263739e-05,0.0,-0.0005685421457526374,-0.0005685421457526374,-0.0005685421457526374,-0.0005685421457526374
2026-06-16,-0.021487766207919368,0.013241054972833856,0.021487766207919368,0.021487766207919368,0.021487766207919368,-0.021487766207919368,-0.021487766207919368,0.020987766207919367,0.021487766207919368,0.021487766207919368,0.021487766207919368,0.021487766207919368
2026-06-17,0.014848784772440782,-0.009044127230467653,-0.014848784772440782,-0.014848784772440782,-0.014848784772440782,0.014848784772440782,0.014848784772440782,-0.014848784772440782,-0.014848784772440782,-0.014848784772440782,-0.014848784772440782,-0.014848784772440782
2026-06-18,-0.008603971693378787,0.005328310820250109,0.008603971693378787,0.008603971693378787,0.008603971693378787,-0.008603971693378787,-0.008603971693378787,0.008603971693378787,0.008603971693378787,0.008603971693378787,-0.0005,0.008603971693378787
2026-06-22,-0.01631379213957662,0.015434342187288279,0.01631379213957662,0.01631379213957662,0.01631379213957662,0.01531379213957662,-0.0005,0.01631379213957662,0.01631379213957662,0.01631379213957662,0.0,0.01631379213957662
2026-06-23,0.008454876072121142,-0.008086278988086809,-0.008454876072121142,-0.008454876072121142,-0.008454876072121142,-0.008454876072121142,0.007954876072121142,-0.008454876072121142,-0.008454876072121142,-0.008454876072121142,-0.008954876072121143,-0.008454876072121142
2026-06-24,-0.02514834043694214,0.024051978423556174,0.02514834043694214,0.02514834043694214,0.02514834043694214,0.02514834043694214,-0.02514834043694214,0.02514834043694214,0.02514834043694214,0.02514834043694214,-0.0005,0.02514834043694214
2026-06-25,-0.01241635533194918,0.011875054391444392,0.01241635533194918,0.01241635533194918,0.01241635533194918,0.01241635533194918,-0.01241635533194918,0.01241635533194918,0.01241635533194918,0.01241635533194918,0.01191635533194918,0.01241635533194918
2026-06-26,0.023575678306175463,-0.02254787775609506,-0.023575678306175463,-0.023575678306175463,-0.023575678306175463,-0.023575678306175463,0.023575678306175463,-0.023575678306175463,-0.023575678306175463,-0.023575678306175463,-0.023575678306175463,-0.023575678306175463
2026-06-29,0.009633570416276216,-0.009213587209663941,-0.009633570416276216,-0.009633570416276216,-0.009633570416276216,-0.009633570416276216,-0.0005,-0.009633570416276216,-0.009633570416276216,-0.009633570416276216,-0.0005,-0.009633570416276216
2026-06-30,0.0032013115626361444,-0.0030617478248583722,-0.0032013115626361444,-0.0032013115626361444,-0.0032013115626361444,-0.0032013115626361444,0.0,-0.0032013115626361444,-0.0032013115626361444,-0.0032013115626361444,0.0,-0.0032013115626361444
2026-07-01,0.012043708876146031,-0.01151865375590083,-0.012043708876146031,-0.012043708876146031,-0.012043708876146031,-0.012043708876146031,-0.012543708876146031,-0.0005,-0.012043708876146031,-0.012043708876146031,0.0,-0.012043708876146031
2026-07-02,-0.003000723352041712,0.0028699044177224516,0.003000723352041712,0.003000723352041712,0.003000723352041712,0.003000723352041712,0.003000723352041712,0.0,0.003000723352041712,0.003000723352041712,0.0,0.003000723352041712
2026-07-06,0.008040442067388964,-0.0076899125652287945,-0.008040442067388964,-0.008040442067388964,-0.008040442067388964,-0.008040442067388964,-0.0005,0.0,-0.008040442067388964,-0.008040442067388964,0.0,-0.008040442067388964
2026-07-07,0.00716305016253993,-0.006850771262153696,-0.00716305016253993,-0.00716305016253993,-0.00716305016253993,-0.00716305016253993,0.0,0.0,-0.00716305016253993,-0.00716305016253993,0.0,-0.00716305016253993
2026-07-08,0.020948026540501874,-0.02003478057057417,-0.020948026540501874,-0.020948026540501874,-0.020948026540501874,-0.020948026540501874,0.0,0.0,-0.020948026540501874,-0.020948026540501874,0.0,-0.020948026540501874
2026-07-09,-0.0041370355673799875,0.003956678193283075,0.0041370355673799875,-0.0005,-0.0005,0.0041370355673799875,0.0,0.0,0.0041370355673799875,0.0041370355673799875,0.0,0.0041370355673799875
2026-07-10,-0.014033783867410499,0.013421969836386171,0.014033783867410497,0.0,0.0,0.014033783867410499,0.013533783867410498,0.0,0.014033783867410499,0.014033783867410499,0.013533783867410498,0.014033783867410499
2026-07-13,-0.001142665508502061,0.0010928500918279758,0.001142665508502061,0.0006426655085020609,0.0006426655085020609,0.001142665508502061,-0.0005,0.0,0.001142665508502061,0.001142665508502061,0.001142665508502061,0.001142665508502061
2026-07-14,0.007102061755620004,-0.006792441693608079,-0.007102061755620004,-0.007102061755620004,-0.007102061755620004,-0.007102061755620004,0.0,0.0,-0.007102061755620004,-0.007102061755620004,-0.007102061755620004,-0.007102061755620004
2026-07-15,-0.025226701379810423,0.024126923158452034,0.02522670137981042,-0.0005,-0.0005,0.025226701379810423,0.024726701379810423,0.0,0.025226701379810423,0.025226701379810423,-0.0005,0.025226701379810423
2026-07-16,-0.007724447159990877,0.007387693708531284,0.007724447159990877,0.007224447159990877,0.007224447159990877,0.007724447159990877,-0.008724447159990878,0.007224447159990877,0.007724447159990877,0.007724447159990877,0.007224447159990877,0.007724447159990877
2026-07-17,0.01193056737094289,-0.011410444745100374,-0.01193056737094289,-0.01193056737094289,-0.01193056737094289,-0.01193056737094289,-0.0005,-0.01193056737094289,-0.01193056737094289,-0.01193056737094289,-0.01193056737094289,-0.01193056737094289
2026-07-20,0.00456704044209244,-0.004367936661591987,-0.00456704044209244,-0.00456704044209244,-0.00456704044209244,-0.00456704044209244,0.00406704044209244,-0.00456704044209244,-0.00456704044209244,-0.00456704044209244,-0.0005,-0.00456704044209244
2026-07-21,-0.07321974641313922,0.07002767301177881,0.07321974641313922,0.07321974641313922,0.07321974641313922,0.07321974641313922,-0.0005,0.07321974641313922,0.07321974641313922,0.07321974641313922,0.0,0.07321974641313922
2026-07-22,0.0,-0.00019741469701117903,0.0,0.0,0.0,-0.001,-0.0005,0.0,0.0,0.0,-0.0005,0.0
2026-07-23,0.006851711212127465,-0.0039032930057450845,-0.006851711212127465,-0.006851711212127465,-0.006851711212127465,0.006851711212127465,0.005851711212127465,-0.006851711212127465,-0.006851711212127465,-0.006851711212127465,-0.0005,-0.006851711212127465
2026-07-24,-0.01786661268191736,0.010267722393267113,0.01786661268191736,0.01786661268191736,0.01786661268191736,-0.01786661268191736,0.01686661268191736,0.01786661268191736,0.01786661268191736,0.01786661268191736,0.0,0.01786661268191736
2026-07-27,-0.032499135494373554,0.01860272954264552,0.032499135494373554,0.032499135494373554,0.032499135494373554,-0.032499135494373554,-0.033499135494373555,0.032499135494373554,0.032499135494373554,0.032499135494373554,0.031999135494373554,0.032499135494373554
2026-07-28,-0.023845593345000138,0.013317685832514982,0.023845593345000138,0.023845593345000138,0.023845593345000138,-0.023845593345000138,-0.023845593345000138,0.023845593345000138,0.023845593345000138,0.023845593345000138,0.023845593345000138,0.023845593345000138
2026-07-29,0.024824632208237274,-0.013726698216866057,-0.024824632208237274,-0.024824632208237274,-0.024824632208237274,0.024824632208237274,0.024824632208237274,-0.024824632208237274,-0.024824632208237274,-0.024824632208237274,-0.024824632208237274,-0.024824632208237274
2026-07-30,0.010564707256332517,-0.005720956829965733,-0.010564707256332517,-0.010564707256332517,-0.010564707256332517,0.010564707256332517,0.010564707256332517,-0.010564707256332517,-0.010564707256332517,-0.010564707256332517,-0.0005,-0.010564707256332517
2026-07-31,-0.0011926588648993874,0.0006465275087677551,0.0011926588648993874,0.0011926588648993874,0.0011926588648993874,-0.0011926588648993874,-0.0011926588648993874,0.0011926588648993874,0.0011926588648993874,0.0011926588648993874,0.0,0.0011926588648993874
2026-08-03,-0.005389136344569501,0.0029417843540286296,0.005389136344569501,0.005389136344569501,0.005389136344569501,-0.005389136344569501,-0.005389136344569501,0.005389136344569501,0.005389136344569501,0.005389136344569501,0.0048891363445695,0.005389136344569501
2026-08-04,-0.023810874696350348,0.013343424381481372,0.023810874696350345,0.023810874696350348,0.023810874696350348,-0.023810874696350348,-0.023810874696350348,0.023810874696350348,0.023810874696350348,0.023810874696350348,0.023810874696350348,0.023810874696350348
2026-08-05,-0.003472057830853581,0.0019289950752521894,0.003472057830853581,0.003472057830853581,0.003472057830853581,-0.003472057830853581,-0.003472057830853581,0.003472057830853581,0.003472057830853581,0.003472057830853581,0.003472057830853581,0.003472057830853581
2026-08-06,0.007524138309591311,-0.004187877912939186,-0.00752413830959131,-0.007524138309591311,-0.007524138309591311,0.007524138309591311,0.007524138309591311,-0.007524138309591311,-0.007524138309591311,-0.007524138309591311,-0.007524138309591311,-0.007524138309591311
2026-08-07,-0.012118793100842407,0.006812108785811266,0.012118793100842407,0.012118793100842407,0.012118793100842407,-0.012118793100842407,-0.012118793100842407,0.012118793100842407,0.012118793100842407,0.012118793100842407,-0.0005,0.012118793100842407
2026-08-10,0.004702026457356179,-0.0026827273971920212,-0.004702026457356179,-0.004702026457356179,-0.004702026457356179,0.004702026457356179,0.004702026457356179,-0.004702026457356179,-0.004702026457356179,-0.004702026457356179,-0.005202026457356179,-0.004702026457356179
2026-08-11,-0.005987758936940812,0.0034089835106070523,0.0059877589369408115,0.005987758936940812,0.005987758936940812,-0.005987758936940812,-0.005987758936940812,0.005987758936940812,0.005987758936940812,0.005987758936940812,0.005987758936940812,0.005987758936940812
2026-08-12,-0.0035493577193990156,0.002021373562781413,0.0035493577193990156,0.0035493577193990156,0.0035493577193990156,-0.0035493577193990156,-0.0035493577193990156,0.0035493577193990156,0.0035493577193990156,0.0035493577193990156,0.0035493577193990156,0.0035493577193990156
2026-08-13,0.006148682611373468,-0.003504642757166608,-0.006148682611373468,-0.006148682611373468,-0.006148682611373468,0.006148682611373468,0.006148682611373468,-0.006148682611373468,-0.006148682611373468,-0.006148682611373468,-0.006148682611373468,-0.006148682611373468
2026-08-14,0.0,-3.7430514071023493e-06,0.0,0.0,0.0,0.0,0.0,0.0,0.0,0.0,-0.0005,0.0
2026-08-17,0.01335881338162015,-0.007782784340556311,-0.01335881338162015,-0.01335881338162015,-0.01335881338162015,0.01335881338162015,0.01335881338162015,-0.01335881338162015,-0.01335881338162015,-0.01335881338162015,-0.01385881338162015,-0.01335881338162015
2026-08-18,-0.004050805728552653,0.0023370962491257676,0.004050805728552653,0.004050805728552653,0.004050805728552653,-0.004050805728552653,-0.004050805728552653,-0.0005,0.004050805728552653,0.004050805728552653,-0.0005,0.004050805728552653
