date,6.5.volatility_targeting,4.1.2.dual_momentum,4.6.multi_asset_trend,3.15.channel,3.17.single_stock_knn,3.14.support_resistance,3.11.single_moving_average,10.4.trend_following,3.13.three_moving_averages,3.12.two_moving_averages,3.20.alpha_combo,__benchmark__
2016-03-11,0.009310139940224373,0.0,0.018607883796187774,0.0,0.018607883796187774,0.018607883796187774,0.0,0.018607883796187774,0.0,0.018607883796187774,-0.019607883796187775,0.018607883796187774
2016-03-14,0.0032936584042467525,0.0,0.006601065203391654,0.0,0.006601065203391654,0.006601065203391654,0.0,0.006601065203391654,0.0,0.006601065203391654,-0.006601065203391654,0.006601065203391654
2016-03-15,0.0032654856265028963,0.0,0.006365834492694233,0.0,0.006365834492694233,0.006365834492694233,0.005865834492694233,0.006365834492694233,0.0,0.006365834492694233,-0.006365834492694233,0.006365834492694233
2016-03-16,-0.00245041900154142,0.0,-0.004765892473030164,0.0,-0.004765892473030164,-0.004765892473030164,-0.004765892473030164,-0.004765892473030164,0.0,-0.004765892473030164,0.004765892473030164,-0.004765892473030164
2016-03-17,-0.01367670893068427,0.0,-0.025824053883372833,0.0,-0.025824053883372833,-0.0005,-0.025824053883372833,-0.025824053883372833,0.0,-0.025824053883372833,0.02582405388337283,-0.025824053883372833
2016-03-18,-0.006759166136262885,0.0,-0.013156014189604548,0.0,-0.013156014189604548,0.0,-0.0005,-0.013156014189604548,0.0,-0.013156014189604548,0.013156014189604546,-0.013156014189604548
2016-03-21,0.001781432964551677,0.0,0.003441505326742922,0.0,0.003441505326742922,0.0,0.0,0.003441505326742922,0.0,0.003441505326742922,-0.003441505326742922,0.003441505326742922
2016-03-22,0.006207453707554255,0.0,0.011733303365531578,0.0,-0.012733303365531579,0.011233303365531577,0.0,0.011733303365531578,-0.012233303365531578,0.011733303365531578,-0.011733303365531578,0.011733303365531578
2016-03-23,0.010278339798764136,0.0,0.016325308843260222,0.0,0.015325308843260221,0.016325308843260222,0.015825308843260222,0.016325308843260222,-0.016325308843260222,0.016325308843260222,-0.016325308843260222,0.016325308843260222
2016-03-24,0.01466068764047951,0.0,0.023383545256862037,0.0,0.023383545256862037,0.023383545256862037,0.023383545256862037,0.023383545256862037,-0.023383545256862037,0.023383545256862037,-0.023383545256862037,0.023383545256862037
2016-03-28,-0.003173094150323621,0.0,-0.005283449127727046,0.0,-0.005283449127727047,-0.005283449127727047,-0.005283449127727047,-0.005283449127727046,-0.0005,-0.005283449127727047,0.005283449127727047,-0.005283449127727047
2016-03-29,0.014337302774445691,0.0,0.024126133219094733,0.0,0.024126133219094736,0.024126133219094736,0.024126133219094736,0.024126133219094736,0.0,0.024126133219094736,-0.024126133219094736,0.024126133219094736
2016-03-30,0.0046199708457806314,0.0,0.008133194378816988,0.0,0.008133194378816988,0.008133194378816988,0.008133194378816988,0.008133194378816988,0.0,0.008133194378816988,-0.008133194378816988,0.008133194378816988
2016-03-31,-0.004828808988349931,0.0,-0.00843510117909696,0.0,-0.00843510117909696,-0.00843510117909696,-0.00843510117909696,-0.00843510117909696,0.0,-0.00843510117909696,0.00843510117909696,-0.00843510117909696
2016-04-01,0.005765476058995627,0.0,0.008186781113585173,0.0,0.008186781113585173,-0.0005,0.008186781113585173,0.008186781113585173,0.0,0.008186781113585173,-0.008186781113585171,0.008186781113585173
2016-04-04,-0.006286051315089778,0.0,-0.008872151103062609,0.0,-0.008872151103062609,-0.00937215110306261,-0.008872151103062609,-0.008872151103062609,0.0,-0.008872151103062609,0.008872151103062609,-0.008872151103062609
2016-04-05,-0.008340568896857343,0.0,-0.011884924360712312,0.0,-0.011884924360712312,-0.0005,-0.011884924360712312,-0.011884924360712312,0.0,-0.011884924360712312,0.01188492436071231,-0.011884924360712312
2016-04-06,0.01870489976409457,0.0,0.0271948990544153,0.0,0.0271948990544153,0.0,0.0271948990544153,0.0271948990544153,0.0,0.0271948990544153,-0.027194899054415297,0.0271948990544153
2016-04-07,-0.012062622874562584,0.0,-0.017688656382376045,0.0,0.016688656382376044,-0.018188656382376045,-0.017688656382376045,-0.017688656382376045,0.0,-0.017688656382376045,0.017688656382376045,-0.017688656382376045
2016-04-08,0.0034739833966860754,0.0,0.005359848498285968,0.0,0.004359848498285968,-0.0005,0.005359848498285968,0.005359848498285968,0.0,0.005359848498285968,-0.0053598484982859676,0.005359848498285968
2016-04-11,0.0014577687803811281,0.0,0.0022367881300682235,0.0,0.0022367881300682235,0.0017367881300682235,0.0022367881300682235,0.0022367881300682235,0.0,0.0022367881300682235,-0.0022367881300682235,0.0022367881300682235
2016-04-12,0.007934535884200289,0.011649125841996566,0.012149125841996566,0.011649125841996566,0.012149125841996566,0.012149125841996566,0.012149125841996566,0.012149125841996566,0.011649125841996566,0.012149125841996566,0.011149125841996566,0.012149125841996566
2016-04-13,0.012881828567538587,0.019314572589733903,0.019314572589733903,0.019314572589733903,0.019314572589733903,0.019314572589733903,0.019314572589733903,0.019314572589733903,0.019314572589733903,0.019314572589733903,0.019314572589733903,0.019314572589733903
2016-04-14,0.006234738329320166,0.009645137346663946,0.009645137346663946,0.009645137346663946,0.009645137346663946,0.009645137346663946,0.009645137346663946,0.009645137346663946,0.009645137346663946,0.009645137346663946,0.009645137346663946,0.009645137346663946
2016-04-15,0.005341446685810409,0.008280304996334698,0.008280304996334698,0.008280304996334698,0.008280304996334698,0.008280304996334698,0.008280304996334698,0.008280304996334696,0.008280304996334698,0.008280304996334698,0.008280304996334698,0.008280304996334698
2016-04-18,0.009814031314144786,0.015114463162838598,0.015114463162838598,0.015114463162838598,-0.0161144631628386,0.015114463162838598,0.015114463162838598,0.015114463162838598,0.015114463162838598,0.015114463162838598,0.015114463162838598,0.015114463162838598
2016-04-19,-0.008573675041070839,-0.011725803630660003,-0.011725803630660003,-0.011725803630660003,-0.012725803630660004,-0.011725803630660003,-0.011725803630660003,-0.011725803630660003,-0.011725803630660003,-0.011725803630660003,-0.011725803630660003,-0.011725803630660003
2016-04-20,0.00594441318433754,0.008106368266093344,0.008106368266093344,0.008106368266093344,0.008106368266093344,-0.0005,0.008106368266093344,0.008106368266093344,0.008106368266093344,0.008106368266093344,0.008106368266093344,0.008106368266093344
2016-04-21,-0.002308622376977626,-0.003143830280532889,-0.003143830280532889,-0.003143830280532889,-0.003143830280532889,-0.003643830280532889,-0.003143830280532889,-0.003143830280532889,-0.003143830280532889,-0.003143830280532889,-0.003143830280532889,-0.003143830280532889
2016-04-22,-0.012123369764260573,-0.016640241877203477,-0.016640241877203477,-0.016640241877203477,-0.016640241877203477,-0.016640241877203477,-0.016640241877203477,-0.016640241877203477,-0.016640241877203477,-0.016640241877203477,-0.016640241877203477,-0.016640241877203477
2016-04-25,0.006362279863634555,0.00918613540423352,0.00918613540423352,0.00918613540423352,0.00918613540423352,-0.0005,0.00918613540423352,0.009186135404233518,0.00918613540423352,0.00918613540423352,0.00918613540423352,0.00918613540423352
2016-04-26,-0.010885486131091268,-0.014883411409137182,-0.014883411409137182,-0.014883411409137182,-0.014883411409137182,-0.015383411409137182,-0.014883411409137182,-0.014883411409137182,-0.014883411409137182,-0.014883411409137182,-0.014883411409137182,-0.014883411409137182
2016-04-27,-0.011775130059324384,-0.016713108458223047,-0.016713108458223047,-0.016713108458223047,-0.016713108458223047,-0.0005,-0.016713108458223047,-0.016713108458223047,-0.016713108458223047,-0.016713108458223047,-0.016713108458223047,-0.016713108458223047
2016-04-28,-0.005410441664670311,-0.00753417942126311,-0.0005,-0.00753417942126311,-0.00753417942126311,0.0,-0.00753417942126311,-0.00753417942126311,-0.00753417942126311,-0.00753417942126311,-0.00753417942126311,-0.00753417942126311
2016-04-29,0.06848294004014327,0.09566443185819673,0.0,0.09566443185819673,0.09566443185819673,0.0,0.09566443185819673,0.09566443185819673,0.09566443185819673,0.09566443185819673,0.09566443185819673,0.09566443185819673
2016-05-02,0.014037065594876077,0.03678046234647003,0.03628046234647003,0.03678046234647003,0.03678046234647003,0.03628046234647003,0.03678046234647003,0.03678046234647003,0.03678046234647003,0.03678046234647003,0.03678046234647003,0.03678046234647003
2016-05-03,-0.006818839569554364,-0.0183227069227061,-0.0183227069227061,-0.0183227069227061,-0.0183227069227061,-0.0183227069227061,-0.0183227069227061,-0.0183227069227061,-0.0183227069227061,-0.0183227069227061,-0.0183227069227061,-0.0183227069227061
2016-05-04,-0.00023195641924593556,-0.000625743965934844,-0.000625743965934844,-0.000625743965934844,-0.000625743965934844,-0.0005,-0.000625743965934844,-0.000625743965934844,-0.000625743965934844,-0.000625743965934844,-0.000625743965934844,-0.000625743965934844
2016-05-05,-0.006523040485669776,-0.01760321687769084,-0.01760321687769084,-0.01760321687769084,-0.01760321687769084,0.0,-0.01760321687769084,-0.01760321687769084,-0.01760321687769084,-0.01760321687769084,-0.01760321687769084,-0.01760321687769084
2016-05-06,0.008326179129624252,0.022546240090086433,0.022546240090086433,0.022546240090086433,-0.023546240090086434,0.0,0.022546240090086433,0.02254624009008643,0.022546240090086433,0.022546240090086433,0.022546240090086433,0.022546240090086433
2016-05-09,0.003207729663805703,0.008606007269745364,0.008606007269745364,0.008606007269745364,0.007606007269745364,0.008106007269745363,0.008606007269745364,0.008606007269745364,0.008606007269745364,0.008606007269745364,0.008606007269745364,0.008606007269745364
2016-05-10,0.012793201357400908,0.03430674196057093,0.03430674196057093,0.03430674196057093,0.03430674196057093,0.03430674196057093,0.03430674196057093,0.03430674196057093,0.03430674196057093,0.03430674196057093,0.03430674196057093,0.03430674196057093
2016-05-11,0.005244017160821667,0.014450891828668544,0.014450891828668544,0.014450891828668544,0.014450891828668544,0.014450891828668544,0.014450891828668544,0.014450891828668544,0.014450891828668544,0.014450891828668544,0.014450891828668544,0.014450891828668544
2016-05-12,0.002391334746017309,0.006589756930776014,0.006589756930776013,0.006589756930776014,0.006589756930776014,0.006589756930776014,0.006589756930776014,0.006589756930776014,0.006589756930776014,0.006589756930776014,0.006589756930776014,0.006589756930776014
2016-05-13,-0.004068743636048119,-0.011157111565377131,-0.011157111565377131,-0.011157111565377131,-0.0005,-0.011157111565377131,-0.011157111565377131,-0.011157111565377131,-0.011157111565377131,-0.011157111565377131,-0.011157111565377131,-0.011157111565377131
2016-05-16,0.0003732535884971104,0.0010424432376223702,0.0010424432376223702,0.0010424432376223702,0.0,-0.0005,0.0010424432376223702,0.0010424432376223702,0.0010424432376223702,0.0010424432376223702,0.0010424432376223702,0.0010424432376223702
2016-05-17,-0.007792419795571752,-0.021655945513589514,-0.021655945513589514,-0.021655945513589514,-0.022155945513589514,0.0,-0.021655945513589514,-0.021655945513589514,-0.021655945513589514,-0.021655945513589514,-0.021655945513589514,-0.021655945513589514
2016-05-18,0.0010986379885872173,0.003135505889745094,0.003135505889745094,0.003135505889745094,-0.0005,0.0,0.003135505889745094,0.003135505889745094,0.003135505889745094,0.003135505889745094,0.003135505889745094,0.003135505889745094
2016-05-19,0.000543036727822078,0.0015340830839882802,0.0015340830839882802,0.0015340830839882802,0.0,0.0,0.0015340830839882802,0.0015340830839882802,0.0015340830839882802,0.0015340830839882802,0.0015340830839882802,0.0015340830839882802
2016-05-20,0.0021753465066249554,0.006127260778355126,0.006127260778355125,0.006127260778355126,-0.006627260778355126,0.005627260778355125,0.006127260778355126,0.006127260778355126,0.006127260778355126,0.006127260778355126,0.006127260778355126,0.006127260778355126
2016-05-23,-0.0030642258133187104,-0.008608362806592496,-0.008608362806592496,-0.008608362806592496,0.008608362806592496,-0.008608362806592496,-0.008608362806592496,-0.008608362806592496,-0.008608362806592496,-0.008608362806592496,-0.008608362806592496,-0.008608362806592496
2016-05-24,0.0038439147048164647,0.010692430348859583,0.010692430348859583,0.010692430348859583,-0.010692430348859583,-0.0005,0.010692430348859583,0.010692430348859583,0.010692430348859583,0.010692430348859583,0.010692430348859583,0.010692430348859583
2016-05-25,0.0021186285043382487,0.005893225309828942,0.005893225309828942,0.005893225309828942,-0.005893225309828942,0.005393225309828942,0.005893225309828942,0.005893225309828942,0.005893225309828942,0.005893225309828942,0.005893225309828942,0.005893225309828942
2016-05-26,0.0033824479042312136,0.0092609336974534,0.0092609336974534,0.0092609336974534,-0.0092609336974534,0.0092609336974534,0.0092609336974534,0.0092609336974534,0.0092609336974534,0.0092609336974534,0.0092609336974534,0.0092609336974534
2016-05-27,-0.0014003057843203685,-0.003734712076280511,-0.003734712076280511,-0.003734712076280511,0.003734712076280511,-0.003734712076280511,-0.003734712076280511,-0.003734712076280511,-0.003734712076280511,-0.003734712076280511,-0.003734712076280511,-0.003734712076280511
2016-05-31,0.005559630376415928,0.014812427266666317,0.014812427266666317,0.014812427266666317,-0.014812427266666317,-0.0005,0.014812427266666317,0.014812427266666317,0.014812427266666317,0.014812427266666317,0.014812427266666317,0.014812427266666317
2016-06-01,-0.0029522219106359712,-0.004634805235053108,-0.004634805235053108,-0.004634805235053108,0.004634805235053108,-0.005134805235053108,-0.004634805235053108,-0.004634805235053108,-0.004634805235053108,-0.004634805235053108,-0.004634805235053108,-0.004634805235053108
2016-06-02,0.00841914845498031,0.012231697576333245,0.012231697576333245,0.012231697576333245,-0.012231697576333245,-0.0005,0.012231697576333245,0.012231697576333245,0.012231697576333245,0.012231697576333245,0.012231697576333245,0.012231697576333245
2016-06-03,-0.0027262168718218275,-0.003707522964191301,-0.003707522964191301,-0.003707522964191301,0.003707522964191301,-0.0042075229641913015,-0.003707522964191301,-0.003707522964191301,-0.003707522964191301,-0.003707522964191301,-0.003707522964191301,-0.003707522964191301
2016-06-06,0.001188839224390389,0.0016400979284734163,0.001640097928473416,0.0016400979284734163,-0.0016400979284734163,0.0016400979284734163,0.0016400979284734163,0.0016400979284734163,0.0016400979284734163,0.0016400979284734163,0.0016400979284734163,0.0016400979284734163
2016-06-07,-0.0032481775864650403,-0.004114265077721169,-0.004114265077721169,-0.004114265077721169,0.004114265077721169,-0.004114265077721169,-0.004114265077721169,-0.004114265077721169,-0.004114265077721169,-0.004114265077721169,-0.004114265077721169,-0.004114265077721169
2016-06-08,0.0032742050431935365,0.004006976446323973,0.004006976446323973,0.004006976446323973,-0.004006976446323973,-0.0005,0.004006976446323973,0.004006976446323973,0.004006976446323973,0.004006976446323973,0.004006976446323973,0.004006976446323973
2016-06-09,0.0011463760976938044,0.0013899306777587217,0.0013899306777587217,0.0013899306777587217,-0.0013899306777587217,0.0008899306777587217,0.0013899306777587217,0.0013899306777587217,0.0013899306777587217,0.0013899306777587217,0.0013899306777587217,0.0013899306777587217
2016-06-10,-0.013472390913212935,-0.013385542934204464,-0.013385542934204462,-0.013385542934204464,0.013385542934204464,-0.013385542934204464,-0.013385542934204464,-0.013385542934204464,-0.013385542934204464,-0.013385542934204464,-0.013385542934204464,-0.013385542934204464
2016-06-13,-0.0037191053147838105,-0.0037191053147838105,-0.0037191053147838105,-0.0037191053147838105,0.0037191053147838105,-0.0005,-0.0037191053147838105,-0.0037191053147838105,-0.0037191053147838105,-0.0037191053147838105,-0.0037191053147838105,-0.0037191053147838105
2016-06-14,0.005676391395907032,0.005676391395907032,0.005676391395907032,0.005676391395907032,0.004676391395907032,0.0,0.005676391395907032,0.005676391395907032,0.005676391395907032,0.005676391395907032,0.005676391395907032,0.005676391395907032
2016-06-15,-0.007006781601502476,-0.007006781601502476,-0.007006781601502476,-0.007006781601502476,-0.007006781601502476,-0.007506781601502477,-0.007006781601502476,-0.007006781601502476,-0.007006781601502476,-0.007006781601502476,-0.007006781601502476,-0.007006781601502476
2016-06-16,0.004550120920334022,0.004550120920334022,0.004550120920334022,0.004550120920334022,-0.005550120920334022,-0.0005,0.004550120920334022,0.004550120920334022,0.004550120920334022,0.004550120920334022,0.004550120920334022,0.004550120920334022
2016-06-17,-0.01549803515257031,-0.01549803515257031,-0.01549803515257031,-0.01549803515257031,0.01549803515257031,-0.01599803515257031,-0.01549803515257031,-0.01549803515257031,-0.01549803515257031,-0.01549803515257031,-0.01549803515257031,-0.01549803515257031
2016-06-20,0.010787256873059592,0.010787256873059592,0.010787256873059592,0.010787256873059592,0.009787256873059591,-0.0005,0.010787256873059592,0.010787256873059592,0.010787256873059592,0.010787256873059592,0.010787256873059592,0.010787256873059592
2016-06-21,0.0025349750477419164,0.0025349750477419164,0.002534975047741916,0.0025349750477419164,-0.0035349750477419164,0.0020349750477419164,0.0025349750477419164,0.0025349750477419164,0.0025349750477419164,0.0025349750477419164,0.0025349750477419164,0.0025349750477419164
2016-06-22,-0.0072923803258784226,-0.0072923803258784226,-0.007292380325878422,-0.0072923803258784226,-0.008292380325878423,-0.0072923803258784226,-0.0072923803258784226,-0.0072923803258784226,-0.0005,-0.0072923803258784226,-0.0072923803258784226,-0.0072923803258784226
2016-06-23,0.016155399154990313,0.016155399154990313,0.016155399154990313,0.016155399154990313,0.016155399154990313,-0.0005,0.016155399154990313,0.016155399154990313,0.0,0.016155399154990313,0.016155399154990313,0.016155399154990313
2016-06-24,-0.03201856378930534,-0.03201856378930534,-0.032018563789305336,-0.03201856378930534,-0.03201856378930534,-0.032518563789305344,-0.03201856378930534,-0.03201856378930534,0.0,-0.03201856378930534,-0.03201856378930534,-0.03201856378930534
2016-06-27,-0.009211478777826507,-0.01087332745432501,-0.01087332745432501,-0.0005,-0.01087332745432501,-0.0005,-0.01087332745432501,-0.01087332745432501,0.0,-0.01087332745432501,-0.01087332745432501,-0.01087332745432501
2016-06-28,0.020190841955120758,0.023996131450350733,0.023996131450350733,0.0,0.023996131450350733,0.0,0.023996131450350733,0.023996131450350733,0.0,0.023996131450350733,0.023996131450350733,0.023996131450350733
2016-06-29,0.008115697468154704,0.010805839528702954,0.010805839528702954,0.0,0.010805839528702954,0.010305839528702954,0.010805839528702954,0.010805839528702952,0.0,0.010805839528702954,0.010805839528702954,0.010805839528702954
2016-06-30,1.4955592725932699e-05,2.7933222965126348e-05,2.7933222965126348e-05,0.0,2.7933222965126348e-05,2.7933222965126348e-05,2.7933222965126348e-05,2.7933222965126293e-05,0.0,2.7933222965126348e-05,2.7933222965126348e-05,2.7933222965126348e-05
2016-07-01,0.010829388194750286,0.014057801392656222,0.014057801392656222,0.0,0.014057801392656222,-0.0005,0.014057801392656222,0.014057801392656222,0.0,0.014057801392656222,0.014057801392656222,0.014057801392656222
2016-07-05,0.0025456695393695178,0.003334758605593846,0.003334758605593846,0.0,0.003334758605593846,0.002834758605593846,0.003334758605593846,0.003334758605593846,0.0,0.003334758605593846,0.003334758605593846,0.003334758605593846
2016-07-06,0.009988539136338521,0.013061448430278899,0.013061448430278897,0.0,0.013061448430278899,0.013061448430278899,0.013061448430278899,0.013061448430278899,0.0,-0.0140614484302789,0.013061448430278899,0.013061448430278899
2016-07-07,-0.0010611634014183566,-0.0014100121203947102,-0.0014100121203947102,-0.0019100121203947103,0.0004100121203947102,-0.0014100121203947102,-0.0014100121203947102,-0.0014100121203947102,0.0,0.0014100121203947102,-0.0014100121203947102,-0.0014100121203947102
2016-07-08,0.009384669195613829,0.012544681838379868,0.012544681838379868,0.012544681838379868,-0.012544681838379868,0.012544681838379868,0.012544681838379868,0.012544681838379868,0.012044681838379867,-0.012544681838379868,0.012544681838379868,0.012544681838379868
2016-07-11,0.007839506898456432,0.010686328376066534,0.010686328376066534,0.010686328376066534,-0.010686328376066534,0.010686328376066534,0.010686328376066534,0.010686328376066534,0.010686328376066534,-0.010686328376066534,0.010686328376066534,0.010686328376066534
2016-07-12,-0.007260971062887266,-0.0073894136050352,-0.0073894136050352,-0.0073894136050352,0.0073894136050352,-0.0073894136050352,-0.0073894136050352,-0.007389413605035199,-0.0073894136050352,0.0073894136050352,-0.0073894136050352,-0.0073894136050352
2016-07-13,-0.007383414187746785,-0.007457781419643927,-0.007457781419643927,-0.007457781419643927,-0.008457781419643928,-0.0005,-0.007457781419643927,-0.007457781419643927,-0.007457781419643927,0.007457781419643927,-0.007457781419643927,-0.007457781419643927
2016-07-14,-0.0018914715964865826,-0.0019255583636400564,-0.0019255583636400564,-0.0019255583636400564,-0.0005,0.0,-0.0019255583636400564,-0.0019255583636400564,-0.0019255583636400564,0.0019255583636400564,-0.0019255583636400564,-0.0019255583636400564
2016-07-15,-0.00762003706957646,-0.007771235927900411,-0.007771235927900411,-0.007771235927900411,0.0,0.0,-0.007771235927900411,-0.007771235927900411,-0.007771235927900411,-0.008771235927900412,-0.007771235927900411,-0.007771235927900411
2016-07-18,0.0008372612967180971,0.0008566781945107405,0.0008566781945107405,0.0008566781945107405,0.00035667819451074044,0.0,0.0008566781945107405,0.0008566781945107405,0.0008566781945107405,0.0008566781945107405,0.0008566781945107405,0.0008566781945107405
2016-07-19,0.005164829694686703,0.005271244261784824,0.0052712442617848234,0.005271244261784824,0.005271244261784824,0.0,0.005271244261784824,0.005271244261784824,0.005271244261784824,0.005271244261784824,0.005271244261784824,0.005271244261784824
2016-07-20,0.007787742292024862,0.007797767797718347,0.007797767797718347,0.007797767797718347,0.007797767797718347,0.007297767797718346,0.007797767797718347,0.007797767797718347,0.007797767797718347,0.007797767797718347,0.007797767797718347,0.007797767797718347
2016-07-21,-0.001729842369290635,-0.001729842369290635,-0.0017298423692906348,-0.001729842369290635,-0.001729842369290635,-0.001729842369290635,-0.001729842369290635,-0.0017298423692906348,-0.001729842369290635,-0.001729842369290635,-0.001729842369290635,-0.001729842369290635
2016-07-22,0.0005776133030614972,0.0005776133030614972,0.0005776133030614971,0.0005776133030614972,0.0005776133030614972,0.0005776133030614972,0.0005776133030614972,0.0005776133030614971,0.0005776133030614972,0.0005776133030614972,0.0005776133030614972,0.0005776133030614972
2016-07-25,-0.00704832485901663,-0.00704832485901663,-0.00704832485901663,-0.00704832485901663,-0.00704832485901663,-0.0005,-0.00704832485901663,-0.00704832485901663,-0.00704832485901663,-0.00704832485901663,-0.00704832485901663,-0.00704832485901663
2016-07-26,-0.005435302865131164,-0.005435302865131164,-0.005435302865131164,-0.005435302865131164,-0.005435302865131164,0.0,-0.005435302865131164,-0.005435302865131164,-0.005435302865131164,-0.005435302865131164,-0.005435302865131164,-0.005435302865131164
2016-07-27,0.0014682324632255828,0.0014682324632255828,0.0014682324632255825,0.0014682324632255828,0.0014682324632255828,0.0,0.0014682324632255828,0.0014682324632255828,0.0014682324632255828,0.0014682324632255828,0.0014682324632255828,0.0014682324632255828
2016-07-28,0.02163793522176216,0.02163793522176216,0.02163793522176216,0.02163793522176216,-0.022637935221762162,0.0,0.02163793522176216,0.02163793522176216,0.02163793522176216,0.02163793522176216,0.02163793522176216,0.02163793522176216
2016-07-29,0.008237933380032203,0.008237933380032203,0.008237933380032203,0.008237933380032203,0.007237933380032203,0.0077379333800322025,0.008237933380032203,0.008237933380032203,0.008237933380032203,0.008237933380032203,0.008237933380032203,0.008237933380032203
2016-08-01,0.011768498173212238,0.011768498173212238,0.011768498173212238,0.011768498173212238,-0.0005,0.011768498173212238,0.011768498173212238,0.011768498173212238,0.011768498173212238,0.011768498173212238,0.011768498173212238,0.011768498173212238
2016-08-02,-0.009326118199067812,-0.009326118199067812,-0.009326118199067812,-0.009326118199067812,0.0,-0.009326118199067812,-0.009326118199067812,-0.009326118199067812,-0.009326118199067812,-0.009326118199067812,-0.009326118199067812,-0.009326118199067812
2016-08-03,-0.007809852750616519,-0.007809852750616519,-0.007809852750616519,-0.007809852750616519,-0.00830985275061652,-0.0005,-0.007809852750616519,-0.007809852750616519,-0.007809852750616519,-0.007809852750616519,-0.007809852750616519,-0.007809852750616519
2016-08-04,0.008123166239301094,0.008123166239301094,0.008123166239301094,0.008123166239301094,0.008123166239301094,0.0,0.008123166239301094,0.008123166239301094,0.008123166239301094,0.008123166239301094,0.008123166239301094,0.008123166239301094
2016-08-05,0.0068482730644587875,0.0068482730644587875,0.0068482730644587875,0.0068482730644587875,0.0068482730644587875,0.006348273064458787,0.0068482730644587875,0.0068482730644587875,0.0068482730644587875,0.0068482730644587875,0.0068482730644587875,0.0068482730644587875
2016-08-08,0.0007571824009773298,0.0007571824009773298,0.0007571824009773298,0.0007571824009773298,0.0007571824009773298,0.0007571824009773298,0.0007571824009773298,0.0007571824009773298,0.0007571824009773298,0.0007571824009773298,0.0007571824009773298,0.0007571824009773298
2016-08-09,0.0022829661839740556,0.0022829661839740556,0.0022829661839740556,0.0022829661839740556,-0.0005,0.0022829661839740556,0.0022829661839740556,0.0022829661839740556,0.0022829661839740556,0.0022829661839740556,0.0022829661839740556,0.0022829661839740556
2016-08-10,0.0003254093459907903,0.0003254093459907903,0.0003254093459907903,-0.0005,0.0,0.0003254093459907903,0.0003254093459907903,0.0003254093459907903,0.0003254093459907903,0.0003254093459907903,0.0003254093459907903,0.0003254093459907903
2016-08-11,0.003487011188573863,0.003487011188573863,0.003487011188573863,0.0,0.0,-0.0005,0.003487011188573863,0.0034870111885738626,0.003487011188573863,0.003487011188573863,0.003487011188573863,0.003487011188573863
2016-08-12,0.0017114796152302159,0.0017114796152302159,0.0017114796152302159,0.0,0.0012114796152302158,0.0012114796152302158,0.0017114796152302159,0.0017114796152302159,0.0017114796152302159,0.0017114796152302159,0.0017114796152302159,0.0017114796152302159
2016-08-15,-0.005268169437032899,-0.005268169437032899,-0.005268169437032899,0.0,-0.005268169437032899,-0.005268169437032899,-0.005268169437032899,-0.005268169437032899,-0.005268169437032899,-0.005268169437032899,-0.005268169437032899,-0.005268169437032899
2016-08-16,-0.005790572427475604,-0.005790572427475604,-0.005790572427475604,0.0,-0.005790572427475604,-0.0005,-0.005790572427475604,-0.005790572427475604,-0.005790572427475604,-0.005790572427475604,-0.005790572427475604,-0.005790572427475604
2016-08-17,0.0007721861215197467,0.0007721861215197467,0.0007721861215197467,0.0,0.0007721861215197467,0.0,0.0007721861215197467,0.0007721861215197467,0.0007721861215197467,0.0007721861215197467,0.0007721861215197467,0.0007721861215197467
2016-08-18,-0.0002223074112381873,-0.0002223074112381873,-0.00022230741123818734,0.0,-0.0002223074112381873,0.0,-0.0002223074112381873,-0.0002223074112381873,-0.0002223074112381873,-0.0002223074112381873,-0.0002223074112381873,-0.0002223074112381873
2016-08-19,-0.009352959551613638,-0.009352959551613638,-0.009352959551613638,0.0,-0.009352959551613638,-0.009852959551613638,-0.009352959551613638,-0.009352959551613638,-0.009352959551613638,-0.009352959551613638,-0.009352959551613638,-0.009352959551613638
2016-08-22,0.002865342214060762,0.002865342214060762,0.002865342214060762,0.002365342214060762,-0.0005,-0.0005,0.002865342214060762,0.002865342214060762,0.002865342214060762,0.002865342214060762,0.002865342214060762,0.002865342214060762
2016-08-23,0.003910632371425082,0.003910632371425082,0.003910632371425082,0.003910632371425082,0.0034106323714250823,0.0034106323714250823,0.003910632371425082,0.003910632371425082,0.003910632371425082,0.003910632371425082,0.003910632371425082,0.003910632371425082
2016-08-24,-0.006820175142353779,-0.006820175142353779,-0.006820175142353779,-0.006820175142353779,-0.006820175142353779,-0.006820175142353779,-0.006820175142353779,-0.006820175142353779,-0.006820175142353779,-0.006820175142353779,-0.006820175142353779,-0.006820175142353779
2016-08-25,0.0026015001671968463,0.0026015001671968463,0.002601500167196846,0.0026015001671968463,0.0026015001671968463,-0.0005,0.0026015001671968463,0.0026015001671968463,0.0026015001671968463,0.0026015001671968463,0.0026015001671968463,0.0026015001671968463
2016-08-26,0.012881700868071944,0.012881700868071944,0.012881700868071942,0.012881700868071944,0.012881700868071944,0.012381700868071943,0.012881700868071944,0.012881700868071944,-0.0005,0.012881700868071944,0.012881700868071944,0.012881700868071944
2016-08-29,0.002977844893519377,0.002977844893519377,0.002977844893519377,0.002977844893519377,-0.0005,0.002977844893519377,0.002977844893519377,0.002977844893519377,0.0,0.002977844893519377,0.002977844893519377,0.002977844893519377
2016-08-30,-0.004810053007818782,-0.004810053007818782,-0.004810053007818782,-0.004810053007818782,0.0,-0.004810053007818782,-0.004810053007818782,-0.004810053007818781,0.0,-0.004810053007818782,-0.004810053007818782,-0.004810053007818782
2016-08-31,0.0020583799042324102,0.0020583799042324102,0.0020583799042324102,0.0020583799042324102,0.0015583799042324102,-0.0005,0.0020583799042324102,0.0020583799042324102,0.0,0.0020583799042324102,0.0020583799042324102,0.0020583799042324102
2016-09-01,0.0018981238371065245,0.0018981238371065245,0.0018981238371065243,0.0018981238371065245,0.0018981238371065245,0.0013981238371065245,0.0018981238371065245,0.0018981238371065245,0.0,0.0018981238371065245,0.0018981238371065245,0.0018981238371065245
2016-09-02,0.00236182352259795,0.00236182352259795,0.00236182352259795,0.00236182352259795,0.00236182352259795,0.00236182352259795,0.00236182352259795,0.00236182352259795,0.0,0.00236182352259795,0.00236182352259795,0.00236182352259795
2016-09-06,0.021270230329795137,0.021270230329795137,0.021270230329795137,0.021270230329795137,0.021270230329795137,0.021270230329795137,0.021270230329795137,0.021270230329795137,0.0,0.021270230329795137,0.021270230329795137,0.021270230329795137
2016-09-07,-0.005564959815286041,-0.005564959815286041,-0.005564959815286041,-0.0005,-0.005564959815286041,-0.005564959815286041,-0.005564959815286041,-0.005564959815286041,-0.006064959815286042,-0.005564959815286041,-0.005564959815286041,-0.005564959815286041
2016-09-08,-0.000535384177292042,-0.000535384177292042,-0.000535384177292042,0.0,-0.0005,-0.000535384177292042,-0.000535384177292042,-0.000535384177292042,-0.000535384177292042,-0.000535384177292042,-0.000535384177292042,-0.000535384177292042
2016-09-09,-0.04279635379715266,-0.030507848187831477,-0.030507848187831473,0.0,0.0,-0.0005,-0.030507848187831477,-0.030507848187831477,-0.030507848187831477,-0.030507848187831477,-0.030507848187831477,-0.030507848187831477
2016-09-12,0.014413047280608092,0.014931488109319435,0.014931488109319435,0.0,0.014431488109319435,0.0,0.014931488109319435,0.014931488109319433,0.014931488109319435,0.014931488109319435,0.014931488109319435,0.014931488109319435
2016-09-13,-0.01261946150956901,-0.013584156919737689,-0.013584156919737687,0.0,-0.013584156919737689,-0.01408415691973769,-0.013584156919737689,-0.013584156919737689,-0.013584156919737689,-0.013584156919737689,-0.013584156919737689,-0.013584156919737689
2016-09-14,7.556881626549753e-05,0.00010516596472487372,0.00010516596472487366,0.0,0.00010516596472487372,-0.0005,0.00010516596472487372,0.00010516596472487372,0.00010516596472487372,0.00010516596472487372,0.00010516596472487372,0.00010516596472487372
2016-09-15,0.010113378236246293,0.011299591339365866,0.011299591339365866,0.0,0.011299591339365866,0.0,0.011299591339365866,0.011299591339365866,0.011299591339365866,0.011299591339365866,0.011299591339365866,0.011299591339365866
2016-09-16,0.010050467954463037,0.011472093767138869,0.011472093767138869,0.0,-0.0005,0.010972093767138869,0.011472093767138869,0.011472093767138869,0.011472093767138869,0.011472093767138869,0.011472093767138869,0.011472093767138869
2016-09-19,-0.003769257127207232,-0.004392889723924931,-0.004392889723924931,0.0,-0.004892889723924931,-0.004392889723924931,-0.004392889723924931,-0.004392889723924931,-0.004392889723924931,-0.004392889723924931,-0.004392889723924931,-0.004392889723924931
2016-09-20,0.005619646941976244,0.006605612482086798,0.006605612482086798,0.0,0.006605612482086798,-0.0005,0.006605612482086798,0.006605612482086798,0.006605612482086798,0.006605612482086798,0.006605612482086798,0.006605612482086798
2016-09-21,0.010547812714293779,0.012201633012272062,0.012201633012272062,0.0,0.012201633012272062,0.011701633012272061,0.012201633012272062,0.012201633012272062,0.012201633012272062,0.012201633012272062,0.012201633012272062,0.012201633012272062
2016-09-22,0.016015050585329274,0.018942971304031886,0.018942971304031886,0.0,-0.0005,0.018942971304031886,0.018942971304031886,0.018942971304031886,0.018942971304031886,0.018942971304031886,0.018942971304031886,0.018942971304031886
2016-09-23,0.0010260092310037698,0.001304780986036036,0.001304780986036036,0.0,-0.001804780986036036,0.001304780986036036,0.001304780986036036,0.001304780986036036,0.001304780986036036,0.001304780986036036,0.001304780986036036,0.001304780986036036
2016-09-26,-0.006683390616398365,-0.00817867337251732,-0.00817867337251732,0.0,0.00817867337251732,-0.00817867337251732,-0.00817867337251732,-0.008178673372517318,-0.00817867337251732,-0.00817867337251732,-0.00817867337251732,-0.00817867337251732
2016-09-27,0.01693117282879245,0.021209766342872083,0.021209766342872083,0.0,-0.021209766342872083,-0.0005,0.021209766342872083,0.021209766342872083,0.021209766342872083,0.021209766342872083,0.021209766342872083,0.021209766342872083
2016-09-28,0.011829927407973357,0.015451367903480895,0.015451367903480895,0.0,-0.0005,0.014951367903480894,0.015451367903480895,0.015451367903480895,0.015451367903480895,0.015451367903480895,0.015451367903480895,0.015451367903480895
2016-09-29,0.00028887460406885033,0.00039816983651275173,0.00039816983651275173,0.0,0.0,0.00039816983651275173,0.00039816983651275173,0.00039816983651275173,0.00039816983651275173,0.00039816983651275173,0.00039816983651275173,0.00039816983651275173
2016-09-30,0.007525116776522203,0.009963259640341393,0.009963259640341393,0.0,0.009463259640341393,0.009963259640341393,0.009963259640341393,0.009963259640341393,0.009963259640341393,0.009963259640341393,0.009963259640341393,0.009963259640341393
2016-10-03,-0.0005136924351774923,-0.0006807419549713645,-0.0006807419549713645,0.0,-0.0005,-0.0006807419549713645,-0.0006807419549713645,-0.0006807419549713645,-0.0006807419549713645,-0.0006807419549713645,-0.0006807419549713645,-0.0006807419549713645
2016-10-04,-0.002428896233008685,-0.003238804305774279,-0.003238804305774279,0.0,0.0,-0.003238804305774279,-0.003238804305774279,-0.003238804305774279,-0.003238804305774279,-0.003238804305774279,-0.003238804305774279,-0.003238804305774279
2016-10-05,0.009211858976862455,0.01238561122333226,0.012385611223332258,0.0,0.01188561122333226,-0.0005,0.01238561122333226,0.01238561122333226,0.01238561122333226,0.01238561122333226,0.01238561122333226,0.01238561122333226
2016-10-06,-0.002485673699404809,-0.0031976485459955795,-0.0031976485459955795,0.0,-0.0031976485459955795,-0.0036976485459955795,-0.0031976485459955795,-0.0031976485459955795,-0.0031976485459955795,-0.0031976485459955795,-0.0031976485459955795,-0.0031976485459955795
2016-10-07,-0.0020627151419420585,-0.002649520849079434,-0.0026495208490794338,0.0,-0.0005,-0.0005,-0.002649520849079434,-0.002649520849079434,-0.002649520849079434,-0.002649520849079434,-0.002649520849079434,-0.002649520849079434
2016-10-10,0.002604901161902367,0.002716090966689011,0.002716090966689011,0.002216090966689011,0.002216090966689011,0.0,0.002716090966689011,0.002716090966689011,0.002716090966689011,0.002716090966689011,0.002716090966689011,0.002716090966689011
2016-10-11,-0.012724087581184262,-0.012724087581184262,-0.012724087581184262,-0.012724087581184262,-0.012724087581184262,-0.013224087581184263,-0.012724087581184262,-0.012724087581184262,-0.012724087581184262,-0.012724087581184262,-0.012724087581184262,-0.012724087581184262
2016-10-12,0.0037183888517926533,0.0037183888517926533,0.0037183888517926533,0.0037183888517926533,0.0037183888517926533,-0.0005,0.0037183888517926533,0.0037183888517926533,0.0037183888517926533,0.0037183888517926533,0.0037183888517926533,0.0037183888517926533
2016-10-13,-0.005766706205961869,-0.005766706205961869,-0.005766706205961869,-0.005766706205961869,0.004766706205961869,-0.0062667062059618694,-0.005766706205961869,-0.005766706205961869,-0.005766706205961869,-0.005766706205961869,-0.005766706205961869,-0.005766706205961869
2016-10-14,-0.007621114382127869,-0.007621114382127869,-0.007621114382127869,-0.007621114382127869,0.007621114382127869,-0.0005,-0.007621114382127869,-0.007621114382127868,-0.007621114382127869,-0.007621114382127869,-0.007621114382127869,-0.007621114382127869
2016-10-17,-0.012163403806223938,-0.012163403806223938,-0.012163403806223938,-0.012163403806223938,0.012163403806223938,0.0,-0.012163403806223938,-0.012163403806223938,-0.012163403806223938,-0.012163403806223938,-0.012163403806223938,-0.012163403806223938
2016-10-18,0.0057814285169965896,0.0057814285169965896,0.0057814285169965896,0.0057814285169965896,0.0047814285169965895,0.0,0.0057814285169965896,0.0057814285169965896,0.0057814285169965896,0.0057814285169965896,0.0057814285169965896,0.0057814285169965896
2016-10-19,4.889381476447241e-05,4.889381476447241e-05,4.889381476447241e-05,4.889381476447241e-05,4.889381476447241e-05,-0.0004511061852355276,4.889381476447241e-05,4.889381476447241e-05,4.889381476447241e-05,4.889381476447241e-05,4.889381476447241e-05,4.889381476447241e-05
2016-10-20,-0.009013190047870712,-0.009013190047870712,-0.009013190047870712,-0.009013190047870712,-0.009013190047870712,-0.0005,-0.009013190047870712,-0.009013190047870712,-0.0005,-0.009013190047870712,-0.009013190047870712,-0.009013190047870712
2016-10-21,0.010699531288220099,0.010699531288220099,0.010699531288220099,0.010699531288220099,0.010699531288220099,0.0,0.010699531288220099,0.010699531288220099,0.0,0.010699531288220099,0.010699531288220099,0.010699531288220099
2016-10-24,0.023321359043681378,0.023321359043681378,0.023321359043681378,0.023321359043681378,-0.02432135904368138,0.022821359043681377,0.023321359043681378,0.023321359043681378,0.0,0.023321359043681378,0.023321359043681378,0.023321359043681378
2016-10-25,-0.003472185240017467,-0.003472185240017467,-0.003472185240017467,-0.003472185240017467,-0.004472185240017467,-0.003472185240017467,-0.003472185240017467,-0.003472185240017467,0.0,-0.003472185240017467,-0.003472185240017467,-0.003472185240017467
2016-10-26,-0.015074535910763909,-0.015074535910763909,-0.015074535910763909,-0.015074535910763909,0.014074535910763908,-0.015074535910763909,-0.015074535910763909,-0.015074535910763909,0.0,-0.015074535910763909,-0.015074535910763909,-0.015074535910763909
2016-10-27,-0.005142344747451566,-0.005142344747451566,-0.005142344747451566,-0.005142344747451566,-0.006142344747451566,-0.0005,-0.005142344747451566,-0.005142344747451566,0.0,-0.005142344747451566,-0.005142344747451566,-0.005142344747451566
2016-10-28,-0.05137097153119663,-0.05137097153119663,-0.05137097153119663,-0.05137097153119663,-0.05137097153119663,0.0,-0.05137097153119663,-0.05137097153119663,0.0,-0.05137097153119663,-0.05137097153119663,-0.05137097153119663
2016-10-31,0.015073533330189251,0.017389715688315155,0.017389715688315155,-0.0005,-0.018389715688315156,0.0,-0.0005,0.017389715688315155,0.0,0.017389715688315155,0.017389715688315155,0.017389715688315155
2016-11-01,-0.004736474336278324,-0.005583574478747688,-0.005583574478747687,0.0,0.005583574478747688,-0.006083574478747689,0.0,-0.005583574478747688,0.0,-0.005583574478747688,-0.005583574478747688,-0.005583574478747688
2016-11-02,-0.021375817857750126,-0.02527343172478269,-0.02527343172478269,0.0,0.02527343172478269,-0.0005,0.0,-0.025273431724782688,0.0,-0.02527343172478269,-0.02527343172478269,-0.02527343172478269
2016-11-03,0.0015221553227564532,-0.0005,0.0019202044816464259,0.0,-0.0019202044816464259,0.0,0.0,0.0019202044816464259,0.0,-0.002920204481646426,0.0019202044816464259,0.0019202044816464259
2016-11-04,-0.012877316511063275,0.0,-0.015618758464616134,0.0,0.015618758464616134,0.0,0.0,-0.015618758464616134,0.0,0.015618758464616134,-0.015618758464616134,-0.015618758464616134
2016-11-07,0.03220065616897777,0.0,0.03957352587370733,0.0,-0.03957352587370733,0.0,0.0,0.03957352587370733,0.0,-0.03957352587370733,0.03957352587370733,0.03957352587370733
2016-11-08,0.0024117475026391153,0.003092744877303433,0.003592744877303433,0.0,0.002592744877303433,0.003092744877303433,0.0,-0.004592744877303433,0.0,-0.003592744877303433,0.0035927448773034327,0.003592744877303433
2016-11-09,-0.013863528576941838,-0.020145959442710915,-0.020145959442710915,0.0,-0.020145959442710915,-0.020145959442710915,0.0,0.020145959442710915,0.0,0.020145959442710915,-0.02014595944271091,-0.020145959442710915
2016-11-10,-0.025926574405837247,-0.038218433465590174,-0.038218433465590174,0.0,0.03721843346559017,-0.0005,0.0,0.038218433465590174,0.0,0.038218433465590174,-0.03821843346559017,-0.038218433465590174
2016-11-11,-0.002886325105295272,-0.004539427120207162,-0.004539427120207162,0.0,-0.005539427120207162,0.0,0.0,0.004539427120207162,0.004039427120207162,0.004539427120207162,-0.0045394271202071615,-0.004539427120207162
2016-11-14,-0.017014083731634728,-0.02698208778702238,-0.02698208778702238,0.0,0.02598208778702238,0.0,0.0,0.02698208778702238,0.02698208778702238,0.02698208778702238,-0.026982087787022376,-0.02698208778702238
2016-11-15,0.02061650855899192,0.03361285959439342,0.03361285959439342,0.0,-0.03361285959439342,0.0,0.0,-0.03361285959439342,-0.03361285959439342,-0.03361285959439342,0.03361285959439341,0.03361285959439342
2016-11-16,0.0024551020598049915,0.0043728080913219,0.004372808091321899,0.0,-0.0043728080913219,0.0038728080913219003,0.0,-0.0043728080913219,-0.0043728080913219,-0.0043728080913219,0.004372808091321899,0.0043728080913219
2016-11-17,0.007533948944707109,0.013275426153116943,0.013275426153116943,0.0,0.012275426153116942,0.013275426153116943,0.0,-0.013275426153116943,-0.013275426153116943,-0.013275426153116943,0.013275426153116941,0.013275426153116943
2016-11-18,0.002778583163938461,0.0049709076377260075,0.004970907637726007,0.0,0.0049709076377260075,0.0049709076377260075,0.0,-0.0049709076377260075,-0.0049709076377260075,-0.0049709076377260075,0.004970907637726007,0.0049709076377260075
2016-11-21,0.014586720688551923,0.026099784123540415,0.026099784123540415,0.0,0.026099784123540415,0.026099784123540415,0.0,-0.026099784123540415,-0.026099784123540415,-0.026099784123540415,0.02609978412354041,0.026099784123540415
2016-11-22,0.0036955873020821186,0.006833296555739166,0.006833296555739166,0.0,-0.007833296555739167,0.006833296555739166,0.0,-0.006833296555739166,-0.006833296555739166,-0.006833296555739166,0.006833296555739165,0.006833296555739166
2016-11-23,-0.003703841251265482,-0.006634104297313703,-0.006634104297313703,0.0,0.006634104297313703,-0.006634104297313703,0.0,0.006634104297313703,0.006634104297313703,0.006634104297313703,-0.006634104297313702,-0.006634104297313703
2016-11-25,0.0001782607771458517,0.00032048307371135287,0.00032048307371135287,0.0,-0.0006795169262886471,-0.0005,0.0,-0.00032048307371135287,-0.00032048307371135287,-0.00032048307371135287,0.0003204830737113528,0.00032048307371135287
2016-11-28,-0.00977566616924871,-0.017427637731796786,-0.017427637731796786,0.0,-0.017427637731796786,-0.017927637731796786,0.0,0.017427637731796786,0.017427637731796786,0.017427637731796786,-0.017427637731796782,-0.017427637731796786
2016-11-29,-0.0030788886684287617,-0.005542770856085788,-0.005542770856085788,0.0,-0.005542770856085788,-0.0005,0.0,0.005542770856085788,0.005542770856085788,0.005542770856085788,-0.005542770856085787,-0.005542770856085788
2016-11-30,-0.009999367106586322,-0.01567171630962705,-0.015671716309627045,0.0,-0.01567171630962705,0.0,0.0,0.01567171630962705,-0.0005,0.01567171630962705,-0.015671716309627045,-0.01567171630962705
2016-12-01,-0.0059199215388584065,-0.009219677712789642,-0.009219677712789642,0.0,0.008219677712789641,0.0,0.0,0.009219677712789642,0.0,0.009219677712789642,-0.00921967771278964,-0.009219677712789642
2016-12-02,-0.002850432532003461,-0.004451035987987906,-0.004451035987987906,0.0,0.004451035987987906,0.0,0.0,0.004451035987987906,0.0,0.004451035987987906,-0.004451035987987905,-0.004451035987987906
2016-12-05,0.0170403096269849,0.0256909057332686,0.025690905733268595,0.0,-0.0256909057332686,0.0,0.0,-0.0256909057332686,0.0,-0.0256909057332686,0.025690905733268595,0.0256909057332686
2016-12-06,0.0044587212788488595,0.0070586169129704945,0.0070586169129704945,0.0,-0.0070586169129704945,0.006558616912970494,0.0,-0.0070586169129704945,0.0,-0.0070586169129704945,0.007058616912970494,0.0070586169129704945
2016-12-07,0.004782515650148076,0.007453704544334361,0.007453704544334361,0.0,-0.007453704544334361,0.007453704544334361,0.0,0.006453704544334361,0.0,-0.007453704544334361,0.00745370454433436,0.007453704544334361
2016-12-08,-0.0029095987124783955,-0.004010774754608537,-0.004010774754608537,-0.0045107747546085375,0.004010774754608537,-0.004010774754608537,0.0,0.003010774754608537,0.0,0.004010774754608537,-0.004010774754608537,-0.004010774754608537
2016-12-09,0.0012421405506300375,0.0017332256331263896,0.0017332256331263896,0.0017332256331263896,-0.0017332256331263896,0.0017332256331263896,0.0,-0.0017332256331263896,0.0,-0.0017332256331263896,0.0017332256331263896,0.0017332256331263896
2016-12-12,-0.008230779122623827,-0.011110195752249585,-0.011110195752249584,-0.011110195752249585,-0.012110195752249586,-0.0005,0.0,0.011110195752249585,0.0,0.011110195752249585,-0.011110195752249585,-0.011110195752249585
2016-12-13,0.015780436913328363,0.018707533690754286,0.018707533690754286,0.018707533690754286,0.018707533690754286,0.0,0.0,0.017707533690754285,-0.019207533690754286,-0.018707533690754286,0.018707533690754286,0.018707533690754286
2016-12-14,-0.005883728369746762,-0.007128578366329741,-0.007128578366329741,-0.0005,0.006128578366329741,-0.007628578366329741,0.0,-0.007128578366329741,0.007128578366329741,-0.008128578366329742,-0.007128578366329741,-0.007128578366329741
2016-12-15,-0.009229497824447704,-0.010171500111441079,-0.010171500111441079,0.0,0.010171500111441079,-0.0005,0.0,-0.010171500111441079,0.010171500111441079,-0.010171500111441079,-0.010171500111441079,-0.010171500111441079
2016-12-16,-0.004292654140469607,-0.004244389662962256,-0.004244389662962256,0.0,-0.005244389662962256,0.0,0.0,-0.004244389662962256,0.004244389662962256,-0.004244389662962256,0.0032443896629622557,-0.004244389662962256
2016-12-19,0.010860789451083708,0.010860789451083708,0.010860789451083708,0.0,0.010860789451083708,0.0,0.0,0.010860789451083708,-0.0005,0.010860789451083708,-0.010860789451083708,0.010860789451083708
2016-12-20,0.006814662979457875,0.006814662979457875,0.006814662979457875,0.0,0.006814662979457875,0.006314662979457875,0.0,0.006814662979457875,0.0,0.006814662979457875,0.005814662979457874,0.006814662979457875
2016-12-21,-0.0008039740674588014,-0.0008039740674588014,-0.0008039740674588014,0.0,-0.0008039740674588014,-0.0008039740674588014,0.0,-0.0008039740674588014,0.0,-0.0008039740674588014,-0.0008039740674588013,-0.0008039740674588014
2016-12-22,-0.005528093518598509,-0.005528093518598509,-0.005528093518598509,0.0,-0.005528093518598509,-0.0005,0.0,0.004528093518598509,0.0,-0.005528093518598509,0.004528093518598509,-0.005528093518598509
2016-12-23,-0.007503256485194232,-0.007503256485194232,-0.007503256485194232,0.0,0.006503256485194232,0.0,0.0,0.007503256485194232,0.0,-0.007503256485194232,0.007503256485194232,-0.007503256485194232
2016-12-27,0.014212667910831422,0.014212667910831422,0.01421266791083142,0.0,0.013212667910831422,0.0,0.0,-0.014212667910831422,0.0,0.014212667910831422,-0.014212667910831422,0.014212667910831422
2016-12-28,0.0009463060338679163,0.0009463060338679163,0.0009463060338679162,0.0,0.0009463060338679163,0.00044630603386791633,0.0,-0.0009463060338679163,0.0,0.0009463060338679163,-5.369396613208379e-05,0.0009463060338679163
2016-12-29,-0.009039903514286185,-0.009039903514286185,-0.009039903514286185,0.0,-0.009039903514286185,-0.009039903514286185,0.0,-0.010039903514286186,0.0,0.008039903514286184,-0.009039903514286183,-0.009039903514286185
2016-12-30,-0.019969939098456124,-0.019969939098456124,-0.019969939098456124,0.0,-0.019969939098456124,-0.0005,0.0,-0.019969939098456124,0.0,0.019969939098456124,0.018969939098456123,-0.019969939098456124
2017-01-03,0.005067508446695346,0.005067508446695346,0.005067508446695346,0.004567508446695345,0.005067508446695346,0.0,0.0,-0.006067508446695346,0.0,-0.005067508446695346,-0.005067508446695346,0.005067508446695346
2017-01-04,0.004657284610836365,0.004657284610836365,0.004657284610836365,0.004657284610836365,0.004657284610836365,0.0,0.0,0.0036572846108363652,0.0,-0.004657284610836365,0.0036572846108363652,0.004657284610836365
2017-01-05,0.03073239887913859,0.03073239887913859,0.03073239887913859,0.03073239887913859,0.03073239887913859,0.03023239887913859,0.0,0.03073239887913859,-0.03123239887913859,-0.03073239887913859,0.03073239887913859,0.03073239887913859
2017-01-06,0.01991160088348276,0.01991160088348276,0.019911600883482757,-0.0005,-0.02091160088348276,0.01991160088348276,0.01941160088348276,0.01991160088348276,-0.01991160088348276,0.01891160088348276,0.01991160088348276,0.01991160088348276
2017-01-09,0.0011683855384734265,0.0011683855384734265,0.0011683855384734265,0.0,-0.0011683855384734265,0.0011683855384734265,0.0011683855384734265,0.0011683855384734265,0.0001683855384734265,0.0011683855384734265,0.0011683855384734265,0.0011683855384734265
2017-01-10,-0.001279990502987438,-0.001279990502987438,-0.001279990502987438,-0.0017799905029874381,-0.002279990502987438,-0.001279990502987438,-0.001279990502987438,-0.001279990502987438,-0.001279990502987438,-0.001279990502987438,-0.001279990502987438,-0.001279990502987438
2017-01-11,0.003920142024267603,0.003920142024267603,0.003920142024267603,0.003920142024267603,0.003920142024267603,-0.0005,0.003920142024267603,0.003920142024267603,0.003920142024267603,0.003920142024267603,0.003920142024267603,0.003920142024267603
2017-01-12,0.01829738902683742,0.01829738902683742,0.01829738902683742,0.01829738902683742,0.01829738902683742,0.017797389026837418,0.01829738902683742,0.01829738902683742,0.01829738902683742,0.01829738902683742,0.01829738902683742,0.01829738902683742
2017-01-13,0.004301638082535586,0.004301638082535586,0.004301638082535585,0.004301638082535586,-0.005301638082535586,0.004301638082535586,0.004301638082535586,0.004301638082535586,0.004301638082535586,0.004301638082535586,0.004301638082535586,0.004301638082535586
2017-01-17,-0.009080412088530276,-0.009080412088530276,-0.009080412088530276,-0.009080412088530276,-0.010080412088530277,-0.009080412088530276,-0.009080412088530276,-0.009080412088530276,-0.009080412088530276,-0.009080412088530276,-0.009080412088530276,-0.009080412088530276
2017-01-18,-0.002766376316502117,-0.002766376316502117,-0.002766376316502117,-0.002766376316502117,-0.002766376316502117,-0.0005,-0.002766376316502117,-0.002766376316502117,-0.002766376316502117,-0.002766376316502117,-0.002766376316502117,-0.002766376316502117
2017-01-19,0.001931914448134897,0.001931914448134897,0.001931914448134897,0.001931914448134897,0.001931914448134897,0.0,0.001931914448134897,0.001931914448134897,0.001931914448134897,0.001931914448134897,0.001931914448134897,0.001931914448134897
2017-01-20,-0.0008775727540912825,-0.0008775727540912825,-0.0008775727540912825,-0.0008775727540912825,-0.0008775727540912825,-0.0013775727540912826,-0.0008775727540912825,-0.0008775727540912825,-0.0008775727540912825,-0.0008775727540912825,-0.0008775727540912825,-0.0008775727540912825
2017-01-23,0.011814504334756615,0.011814504334756615,0.011814504334756615,0.011814504334756615,0.011814504334756615,-0.0005,0.011814504334756615,0.011814504334756615,0.011814504334756615,0.011814504334756615,0.011814504334756615,0.011814504334756615
2017-01-24,0.005575405566935476,0.005575405566935476,0.005575405566935476,0.005575405566935476,0.005575405566935476,0.005075405566935476,0.005575405566935476,0.005575405566935475,0.005575405566935476,0.005575405566935476,0.005575405566935476,0.005575405566935476
2017-01-25,0.017119754327643122,0.017119754327643122,0.017119754327643122,0.017119754327643122,0.017119754327643122,0.017119754327643122,0.017119754327643122,0.017119754327643122,0.017119754327643122,0.017119754327643122,0.017119754327643122,0.017119754327643122
2017-01-26,0.0031439832513029398,0.0031439832513029398,0.0031439832513029393,0.0031439832513029398,0.0031439832513029398,0.0031439832513029398,0.0031439832513029398,0.0031439832513029398,0.0031439832513029398,0.0031439832513029398,0.0031439832513029398,0.0031439832513029398
2017-01-27,-0.004027854767751027,-0.004027854767751027,-0.004027854767751027,-0.004027854767751027,-0.004027854767751027,-0.004027854767751027,-0.004027854767751027,-0.004027854767751027,-0.004027854767751027,-0.004027854767751027,-0.004027854767751027,-0.004027854767751027
2017-01-30,-0.0064491599651470555,-0.0064491599651470555,-0.006449159965147055,-0.0064491599651470555,-0.0064491599651470555,-0.0005,-0.0064491599651470555,-0.0064491599651470555,-0.0064491599651470555,-0.0064491599651470555,-0.0064491599651470555,-0.0064491599651470555
2017-01-31,-0.008309477885662386,-0.008309477885662386,-0.008309477885662386,-0.008309477885662386,0.007309477885662386,0.0,-0.008309477885662386,-0.008309477885662386,-0.008309477885662386,-0.008309477885662386,-0.008309477885662386,-0.008309477885662386
2017-02-01,0.010771373223389613,0.010771373223389613,0.010771373223389611,0.010771373223389613,0.009771373223389612,0.0,0.010771373223389613,0.010771373223389613,0.010771373223389613,0.010771373223389613,0.010771373223389613,0.010771373223389613
2017-02-02,0.009130799911785559,0.009130799911785559,0.009130799911785559,0.009130799911785559,-0.01013079991178556,0.008630799911785558,0.009130799911785559,0.009130799911785559,0.009130799911785559,0.009130799911785559,0.009130799911785559,0.009130799911785559
2017-02-03,-0.03541884643413129,-0.03541884643413129,-0.03541884643413129,-0.03541884643413129,-0.03641884643413129,-0.03541884643413129,-0.03541884643413129,-0.03541884643413129,-0.03541884643413129,-0.03541884643413129,-0.03541884643413129,-0.03541884643413129
2017-02-06,-0.003159673101806648,-0.003159673101806648,-0.003159673101806648,-0.003159673101806648,-0.003159673101806648,-0.0005,-0.003159673101806648,-0.003159673101806648,-0.003159673101806648,-0.003159673101806648,-0.003159673101806648,-0.003159673101806648
2017-02-07,0.006017533324283564,0.006017533324283564,0.006017533324283564,0.006017533324283564,0.006017533324283564,0.0,0.006017533324283564,0.006017533324283564,0.006017533324283564,0.006017533324283564,0.006017533324283564,0.006017533324283564
2017-02-08,0.008873854417067228,0.008873854417067228,0.008873854417067227,0.008873854417067228,0.008873854417067228,0.008373854417067228,0.008873854417067228,0.008873854417067228,0.008873854417067228,0.008873854417067228,0.008873854417067228,0.008873854417067228
2017-02-09,0.0020129181561270304,0.0020129181561270304,0.0020129181561270304,-0.0005,0.0020129181561270304,0.0020129181561270304,0.0020129181561270304,0.0020129181561270304,0.0020129181561270304,0.0020129181561270304,0.0020129181561270304,0.0020129181561270304
2017-02-10,0.007426714212598773,0.007426714212598773,0.007426714212598773,0.0,0.007426714212598773,0.007426714212598773,0.007426714212598773,0.007426714212598773,0.007426714212598773,0.007426714212598773,0.007426714212598773,0.007426714212598773
2017-02-13,0.010961226604057517,0.010961226604057517,0.010961226604057517,0.0,0.010961226604057517,0.010961226604057517,0.010961226604057517,0.010961226604057517,0.010961226604057517,0.010961226604057517,0.010961226604057517,0.010961226604057517
2017-02-14,-0.00016735728527694782,-0.00016735728527694782,-0.00016735728527694782,0.0,-0.00016735728527694782,-0.00016735728527694782,-0.00016735728527694782,-0.00016735728527694782,-0.00016735728527694782,-0.00016735728527694782,-0.00016735728527694782,-0.00016735728527694782
2017-02-15,0.007544288006336997,0.007544288006336997,0.007544288006336997,0.0,0.007544288006336997,0.007544288006336997,0.007544288006336997,0.007544288006336997,0.007544288006336997,0.007544288006336997,0.007544288006336997,0.007544288006336997
2017-02-16,0.0017088504510958114,0.0017088504510958114,0.0017088504510958114,0.0,0.0017088504510958114,0.0017088504510958114,0.0017088504510958114,0.0017088504510958114,0.0017088504510958114,0.0017088504510958114,0.0017088504510958114,0.0017088504510958114
2017-02-17,0.001101740442605026,0.001101740442605026,0.001101740442605026,0.0,0.001101740442605026,0.001101740442605026,0.001101740442605026,0.001101740442605026,-0.0005,0.001101740442605026,0.001101740442605026,0.001101740442605026
2017-02-21,0.013454428121802309,0.013454428121802309,0.013454428121802309,0.0,0.013454428121802309,0.013454428121802309,0.013454428121802309,0.013454428121802307,0.012954428121802308,0.013454428121802309,0.013454428121802309,0.013454428121802309
2017-02-22,-0.0009691301880624392,-0.0009691301880624392,-0.0009691301880624392,0.0,-0.0009691301880624392,-0.0009691301880624392,-0.0009691301880624392,-0.0009691301880624393,-0.0009691301880624392,-0.0009691301880624392,-0.0009691301880624392,-0.0009691301880624392
2017-02-23,-0.003997092731641838,-0.003997092731641838,-0.003997092731641838,0.0,-0.003997092731641838,-0.003997092731641838,-0.003997092731641838,-0.003997092731641838,-0.003997092731641838,-0.003997092731641838,-0.003997092731641838,-0.003997092731641838
2017-02-24,-0.008155454539350404,-0.008155454539350404,-0.008155454539350404,0.0,-0.008155454539350404,-0.0005,-0.008155454539350404,-0.008155454539350404,-0.008155454539350404,-0.008155454539350404,-0.008155454539350404,-0.008155454539350404
2017-02-27,0.004022482721395049,0.004022482721395049,0.004022482721395049,0.0,-0.005022482721395049,0.0,0.004022482721395049,0.004022482721395049,0.004022482721395049,0.004022482721395049,0.004022482721395049,0.004022482721395049
2017-02-28,-0.004242088719402681,-0.004242088719402681,-0.004242088719402681,0.0,-0.005242088719402681,-0.004742088719402682,-0.004242088719402681,-0.004242088719402681,-0.004242088719402681,-0.004242088719402681,-0.004242088719402681,-0.004242088719402681
2017-03-01,0.009514352875576781,0.009514352875576781,0.009514352875576781,0.0,0.009514352875576781,-0.0005,0.009514352875576781,0.009514352875576781,0.009514352875576781,0.009514352875576781,0.009514352875576781,0.009514352875576781
2017-03-02,-0.00488816785598345,-0.00488816785598345,-0.00488816785598345,0.0,-0.00488816785598345,-0.00538816785598345,-0.00488816785598345,-0.00488816785598345,-0.00488816785598345,-0.00488816785598345,-0.00488816785598345,-0.00488816785598345
2017-03-03,0.001142643194159465,0.001142643194159465,0.001142643194159465,0.0,0.001142643194159465,-0.0005,0.001142643194159465,0.001142643194159465,0.001142643194159465,0.001142643194159465,0.001142643194159465,0.001142643194159465
2017-03-06,-0.003847553226356548,-0.003847553226356548,-0.003847553226356548,0.0,-0.003847553226356548,0.0,-0.003847553226356548,-0.003847553226356548,-0.003847553226356548,-0.003847553226356548,-0.003847553226356548,-0.003847553226356548
2017-03-07,-0.0006969647787669064,-0.0006969647787669064,-0.0006969647787669064,0.0,-0.0006969647787669064,0.0,-0.0006969647787669064,-0.0006969647787669064,-0.0006969647787669064,-0.0006969647787669064,-0.0006969647787669064,-0.0006969647787669064
2017-03-08,0.005295450345943475,0.005295450345943475,0.0052954503459434745,0.0,0.005295450345943475,0.004795450345943475,0.005295450345943475,0.005295450345943475,0.005295450345943475,0.005295450345943475,0.005295450345943475,0.005295450345943475
2017-03-09,0.002939447278418772,0.002939447278418772,0.002939447278418772,0.0,0.002939447278418772,0.002939447278418772,0.002939447278418772,0.002939447278418772,0.002939447278418772,0.002939447278418772,0.002939447278418772,0.002939447278418772
2017-03-10,-0.0006330697838242694,-0.0006330697838242694,-0.0006330697838242694,0.0,-0.0006330697838242694,-0.0006330697838242694,-0.0006330697838242694,-0.0006330697838242694,-0.0006330697838242694,-0.0006330697838242694,-0.0006330697838242694,-0.0006330697838242694
2017-03-13,0.002498620827174447,0.002498620827174447,0.002498620827174447,0.001998620827174447,0.002498620827174447,-0.0005,0.002498620827174447,0.002498620827174447,0.002498620827174447,0.002498620827174447,0.0024986208271744466,0.002498620827174447
2017-03-14,-0.002410527652102701,-0.002410527652102701,-0.002410527652102701,-0.002410527652102701,-0.002410527652102701,-0.002910527652102701,-0.002410527652102701,-0.0024105276521027004,-0.002410527652102701,-0.002410527652102701,-0.002410527652102701,-0.002410527652102701
2017-03-15,0.0005160958454508702,0.0005160958454508702,0.0005160958454508702,0.0005160958454508702,0.0005160958454508702,-0.0005,0.0005160958454508702,0.0005160958454508701,0.0005160958454508702,0.0005160958454508702,0.00051609584545087,0.0005160958454508702
2017-03-16,0.0005276363750852386,0.0005276363750852386,0.0005276363750852386,0.0005276363750852386,0.0005276363750852386,2.763637508523863e-05,0.0005276363750852386,0.0005276363750852385,0.0005276363750852386,0.0005276363750852386,0.0005276363750852385,0.0005276363750852386
2017-03-17,-0.001300649824284017,-0.001300649824284017,-0.001300649824284017,-0.001300649824284017,-0.001300649824284017,-0.001300649824284017,-0.001300649824284017,-0.0013006498242840168,-0.001300649824284017,-0.001300649824284017,-0.001300649824284017,-0.001300649824284017
2017-03-20,0.005467444629579932,0.005467444629579932,0.005467444629579932,0.005467444629579932,0.005467444629579932,-0.0005,0.005467444629579932,0.005467444629579932,0.005467444629579932,0.005467444629579932,0.005467444629579931,0.005467444629579932
2017-03-21,-0.01606822787173301,-0.01606822787173301,-0.01606822787173301,-0.01606822787173301,-0.0005,-0.01656822787173301,-0.01606822787173301,-0.01606822787173301,-0.01606822787173301,-0.01606822787173301,-0.01606822787173301,-0.01606822787173301
2017-03-22,0.00576375786046146,0.00576375786046146,0.00576375786046146,-0.0005,0.00526375786046146,-0.0005,0.00576375786046146,0.00576375786046146,0.00576375786046146,0.00576375786046146,0.00576375786046146,0.00576375786046146
2017-03-23,-0.0008018394176448895,-0.0008018394176448895,-0.0008018394176448895,0.0,-0.0005,0.0,-0.0008018394176448895,-0.0008018394176448895,-0.0008018394176448895,-0.0008018394176448895,-0.0008018394176448895,-0.0008018394176448895
2017-03-24,-0.002088814407849471,-0.002088814407849471,-0.002088814407849471,0.0,-0.002588814407849471,-0.002588814407849471,-0.002088814407849471,-0.002088814407849471,-0.002088814407849471,-0.002088814407849471,-0.002088814407849471,-0.002088814407849471
2017-03-27,0.0014309457261052483,0.0014309457261052483,0.0014309457261052483,0.0,0.0014309457261052483,-0.0005,0.0014309457261052483,0.0014309457261052483,0.0014309457261052483,0.0014309457261052483,0.001430945726105248,0.0014309457261052483
2017-03-28,0.010840547887150054,0.010840547887150054,0.010840547887150054,0.0,0.010840547887150054,0.0,0.010840547887150054,0.010840547887150054,0.010840547887150054,0.010840547887150054,0.010840547887150052,0.010840547887150054
2017-03-29,0.021401878096712013,0.021401878096712013,0.021401878096712013,0.0,-0.022401878096712013,0.020901878096712012,0.021401878096712013,0.021401878096712013,0.021401878096712013,0.021401878096712013,0.021401878096712013,0.021401878096712013
2017-03-30,0.002310406725650971,0.002310406725650971,0.002310406725650971,0.0018104067256509708,-0.002310406725650971,0.002310406725650971,0.002310406725650971,0.002310406725650971,0.002310406725650971,0.002310406725650971,0.002310406725650971,0.002310406725650971
2017-03-31,0.011639279409916048,0.011639279409916048,0.011639279409916048,0.011639279409916048,0.010639279409916047,0.011639279409916048,0.011639279409916048,0.011639279409916048,0.011639279409916048,0.011639279409916048,0.011639279409916048,0.011639279409916048
2017-04-03,0.005606082655188249,0.005606082655188249,0.005606082655188249,0.005606082655188249,0.005606082655188249,0.005606082655188249,0.005606082655188249,0.005606082655188249,0.005606082655188249,0.005606082655188249,0.005606082655188249,0.005606082655188249
2017-04-04,0.017184301509601818,0.017184301509601818,0.017184301509601818,0.017184301509601818,-0.0005,0.017184301509601818,0.017184301509601818,0.017184301509601818,0.017184301509601818,0.017184301509601818,0.017184301509601818,0.017184301509601818
2017-04-05,0.0027017495033232475,0.0027017495033232475,0.0027017495033232475,0.0027017495033232475,0.0022017495033232475,0.0027017495033232475,0.0027017495033232475,0.0027017495033232475,0.0027017495033232475,0.0027017495033232475,0.0027017495033232475,0.0027017495033232475
2017-04-06,-0.012097466755439101,-0.012097466755439101,-0.0120974667554391,-0.012097466755439101,-0.0005,-0.012097466755439101,-0.012097466755439101,-0.012097466755439101,-0.012097466755439101,-0.012097466755439101,-0.012097466755439101,-0.012097466755439101
2017-04-07,-0.003785055396937742,-0.003785055396937742,-0.003785055396937742,-0.003785055396937742,-0.0042850553969377425,-0.0005,-0.003785055396937742,-0.003785055396937742,-0.003785055396937742,-0.003785055396937742,-0.0037850553969377416,-0.003785055396937742
2017-04-10,0.013588452441311683,0.013588452441311683,0.013588452441311683,0.013588452441311683,0.013588452441311683,0.0,0.013588452441311683,0.013588452441311683,0.013588452441311683,0.013588452441311683,0.01358845244131168,0.013588452441311683
2017-04-11,-0.005159665583149842,-0.005159665583149842,-0.005159665583149842,-0.005159665583149842,-0.0005,-0.005659665583149842,-0.005159665583149842,-0.005159665583149842,-0.005159665583149842,-0.005159665583149842,-0.005159665583149842,-0.005159665583149842
2017-04-12,-0.006793286071941518,-0.006793286071941518,-0.006793286071941518,-0.006793286071941518,0.0,-0.0005,-0.006793286071941518,-0.006793286071941518,-0.006793286071941518,-0.006793286071941518,-0.006793286071941518,-0.006793286071941518
2017-04-13,-0.012898454814163851,-0.012898454814163851,-0.012898454814163851,-0.012898454814163851,0.0,0.0,-0.012898454814163851,-0.012898454814163851,-0.012898454814163851,-0.012898454814163851,-0.012898454814163851,-0.012898454814163851
2017-04-17,0.01957786036312048,0.01957786036312048,0.01957786036312048,0.01957786036312048,0.0,0.0,0.01957786036312048,0.01957786036312048,0.01957786036312048,0.01957786036312048,0.01957786036312048,0.01957786036312048
2017-04-18,0.0019845104652858048,0.0019845104652858048,0.0019845104652858048,0.0019845104652858048,0.0014845104652858048,0.0014845104652858048,0.0019845104652858048,0.0019845104652858048,0.0019845104652858048,0.0019845104652858048,0.0019845104652858048,0.0019845104652858048
2017-04-19,-0.005067607066505442,-0.005067607066505442,-0.005067607066505442,-0.005067607066505442,-0.005067607066505442,-0.005067607066505442,-0.005067607066505442,-0.005067607066505441,-0.005067607066505442,-0.005067607066505442,-0.005067607066505442,-0.005067607066505442
2017-04-20,0.0031806396643336843,0.0031806396643336843,0.0031806396643336843,0.0031806396643336843,0.0031806396643336843,-0.0005,0.0031806396643336843,0.0031806396643336843,0.0031806396643336843,0.0031806396643336843,0.0031806396643336843,0.0031806396643336843
2017-04-21,-0.003913314530636147,-0.003913314530636147,-0.003913314530636147,-0.003913314530636147,-0.003913314530636147,0.0,-0.003913314530636147,-0.003913314530636147,-0.003913314530636147,-0.003913314530636147,-0.003913314530636147,-0.003913314530636147
2017-04-24,0.009882814370667736,0.009882814370667736,0.009882814370667736,0.009882814370667736,-0.0005,0.0,0.009882814370667736,0.009882814370667735,0.009882814370667736,0.009882814370667736,0.009882814370667736,0.009882814370667736
2017-04-25,0.00023146894751158165,0.00023146894751158165,0.00023146894751158165,0.00023146894751158165,0.0,-0.00026853105248841836,0.00023146894751158165,0.0002314689475115816,0.00023146894751158165,0.00023146894751158165,0.00023146894751158165,0.00023146894751158165
2017-04-26,0.0018399750444610952,0.0018399750444610952,0.0018399750444610952,0.0018399750444610952,-0.002339975044461095,0.0018399750444610952,0.0018399750444610952,0.0018399750444610952,0.0018399750444610952,0.0018399750444610952,0.0018399750444610952,0.0018399750444610952
2017-04-27,0.00999677301508961,0.00999677301508961,0.00999677301508961,0.00999677301508961,-0.0005,0.00999677301508961,0.00999677301508961,0.00999677301508961,0.00999677301508961,0.00999677301508961,0.00999677301508961,0.00999677301508961
2017-04-28,0.007197490485894464,0.007197490485894464,0.007197490485894464,0.007197490485894464,0.0,0.007197490485894464,0.007197490485894464,0.007197490485894464,0.007197490485894464,0.007197490485894464,0.007197490485894464,0.007197490485894464
2017-05-01,0.025124568738659425,0.025124568738659425,0.025124568738659425,0.025124568738659425,0.0,0.025124568738659425,0.025124568738659425,0.025124568738659425,0.025124568738659425,0.025124568738659425,0.025124568738659425,0.025124568738659425
2017-05-02,-0.0013604062874136291,-0.0013604062874136291,-0.0013604062874136291,-0.0013604062874136291,-0.0018604062874136291,-0.0013604062874136291,-0.0013604062874136291,-0.0013604062874136291,-0.0013604062874136291,-0.0013604062874136291,-0.0013604062874136291,-0.0013604062874136291
2017-05-03,-0.006241191801434343,-0.006241191801434343,-0.006241191801434343,-0.006241191801434343,-0.0005,-0.006241191801434343,-0.006241191801434343,-0.006241191801434343,-0.006241191801434343,-0.006241191801434343,-0.006241191801434343,-0.006241191801434343
2017-05-04,-0.0037193127310027885,-0.0037193127310027885,-0.0037193127310027885,-0.0037193127310027885,0.0,-0.0005,-0.0037193127310027885,-0.0037193127310027885,-0.0037193127310027885,-0.0037193127310027885,-0.0037193127310027885,-0.0037193127310027885
2017-05-05,-0.003605190686853832,-0.003605190686853832,-0.003605190686853832,-0.003605190686853832,0.0,0.0,-0.003605190686853832,-0.003605190686853832,-0.003605190686853832,-0.003605190686853832,-0.003605190686853832,-0.003605190686853832
2017-05-08,0.015939607113341525,0.015939607113341525,0.01593960711334152,0.015939607113341525,0.0,0.0,0.015939607113341525,0.015939607113341525,0.015939607113341525,0.015939607113341525,0.015939607113341525,0.015939607113341525
2017-05-09,0.003982954930507487,0.003982954930507487,0.003982954930507487,0.003982954930507487,-0.004482954930507488,0.0034829549305074874,0.003982954930507487,0.003982954930507487,0.003982954930507487,0.003982954930507487,0.003982954930507487,0.003982954930507487
2017-05-10,-0.004061638578303994,-0.004061638578303994,-0.004061638578303994,-0.004061638578303994,0.004061638578303994,-0.004061638578303994,-0.004061638578303994,-0.004061638578303994,-0.004061638578303994,-0.004061638578303994,-0.004061638578303994,-0.004061638578303994
2017-05-11,-0.00140150282073348,-0.00140150282073348,-0.0014015028207334799,-0.00140150282073348,-0.0005,-0.0005,-0.00140150282073348,-0.00140150282073348,-0.00140150282073348,-0.00140150282073348,-0.00140150282073348,-0.00140150282073348
2017-05-12,0.014488941596833227,0.014488941596833227,0.014488941596833227,0.014488941596833227,0.0,0.0,0.014488941596833227,0.014488941596833227,0.014488941596833227,0.014488941596833227,0.014488941596833227,0.014488941596833227
2017-05-15,-0.0035159417320134168,-0.0035159417320134168,-0.0035159417320134168,-0.0035159417320134168,0.0,-0.004015941732013417,-0.0035159417320134168,-0.0035159417320134168,-0.0035159417320134168,-0.0035159417320134168,-0.0035159417320134168,-0.0035159417320134168
2017-05-16,0.008455434019437602,0.008455434019437602,0.008455434019437602,0.008455434019437602,0.0,-0.0005,0.008455434019437602,0.008455434019437602,0.008455434019437602,0.008455434019437602,0.008455434019437602,0.008455434019437602
2017-05-17,-0.0220584873112859,-0.0220584873112859,-0.0220584873112859,-0.0220584873112859,0.0,-0.022558487311285902,-0.0220584873112859,-0.0220584873112859,-0.0220584873112859,-0.0220584873112859,-0.0220584873112859,-0.0220584873112859
2017-05-18,0.014532803344671885,0.014532803344671885,0.014532803344671885,0.014532803344671885,-0.015032803344671886,-0.0005,0.014532803344671885,0.014532803344671885,0.014532803344671885,0.014532803344671885,0.014532803344671885,0.014532803344671885
2017-05-19,0.0014084877005076102,0.0014084877005076102,0.0014084877005076102,0.0014084877005076102,-0.0005,0.0009084877005076102,0.0014084877005076102,0.0014084877005076102,0.0014084877005076102,0.0014084877005076102,0.0014084877005076102,0.0014084877005076102
2017-05-22,0.01128313229309863,0.01128313229309863,0.01128313229309863,0.01128313229309863,0.0,0.01128313229309863,0.01128313229309863,0.01128313229309863,0.01128313229309863,0.01128313229309863,0.01128313229309863,0.01128313229309863
2017-05-23,0.0008962673682750832,0.0008962673682750832,0.0008962673682750832,0.0008962673682750832,-0.0013962673682750833,0.0008962673682750832,0.0008962673682750832,0.0008962673682750832,0.0008962673682750832,0.0008962673682750832,0.0008962673682750832,0.0008962673682750832
2017-05-24,0.009068122152297464,0.009068122152297464,0.009068122152297464,0.009068122152297464,-0.0005,0.009068122152297464,0.009068122152297464,0.009068122152297464,0.009068122152297464,0.009068122152297464,0.009068122152297464,0.009068122152297464
2017-05-25,0.013291107520177148,0.013291107520177148,0.013291107520177148,0.013291107520177148,-0.013791107520177148,0.013291107520177148,0.013291107520177148,0.013291107520177148,0.013291107520177148,0.013291107520177148,0.013291107520177148,0.013291107520177148
2017-05-26,0.002416049239541307,0.002416049239541307,0.002416049239541307,0.002416049239541307,0.0014160492395413069,0.002416049239541307,0.002416049239541307,0.002416049239541307,0.002416049239541307,0.002416049239541307,0.002416049239541307,0.002416049239541307
2017-05-30,0.0009238510168030345,0.0009238510168030345,0.0009238510168030345,0.0009238510168030345,-0.0005,0.0009238510168030345,0.0009238510168030345,0.0009238510168030345,0.0009238510168030345,0.0009238510168030345,0.0009238510168030345,0.0009238510168030345
2017-05-31,-0.0020868886016521815,-0.0020868886016521815,-0.0020868886016521815,-0.0020868886016521815,0.0,-0.0020868886016521815,-0.0020868886016521815,-0.0020868886016521815,-0.0020868886016521815,-0.0020868886016521815,-0.0020868886016521815,-0.0020868886016521815
2017-06-01,0.0013372266549704914,0.0013372266549704914,0.0013372266549704914,0.0013372266549704914,-0.0018372266549704914,-0.0005,0.0013372266549704914,0.0013372266549704914,0.0013372266549704914,0.0013372266549704914,0.0013372266549704914,0.0013372266549704914
2017-06-02,0.010823789217132784,0.010823789217132784,0.010823789217132784,0.010823789217132784,-0.010823789217132784,0.010323789217132784,0.010823789217132784,0.010823789217132784,0.010823789217132784,0.010823789217132784,0.010823789217132784,0.010823789217132784
2017-06-05,0.004579243496091179,0.004579243496091179,0.004579243496091179,0.004579243496091179,-0.0005,0.004579243496091179,0.004579243496091179,0.004579243496091179,0.004579243496091179,0.004579243496091179,0.004579243496091179,0.004579243496091179
2017-06-06,-0.00824648102164205,-0.00824648102164205,-0.008246481021642047,-0.00824648102164205,0.007746481021642049,-0.00824648102164205,-0.00824648102164205,-0.00824648102164205,-0.00824648102164205,-0.00824648102164205,-0.00824648102164205,-0.00824648102164205
2017-06-07,0.007048860527522072,0.007048860527522072,0.007048860527522072,0.007048860527522072,-0.007048860527522072,-0.0005,0.007048860527522072,0.007048860527522072,0.007048860527522072,0.007048860527522072,0.007048860527522072,0.007048860527522072
2017-06-08,0.00019797283670675014,0.00019797283670675014,0.00019797283670675006,0.00019797283670675014,-0.00019797283670675014,-0.00030202716329324987,0.00019797283670675014,0.00019797283670675014,0.00019797283670675014,0.00019797283670675014,0.00019797283670675014,0.00019797283670675014
2017-06-09,-0.031635098854680854,-0.031635098854680854,-0.031635098854680854,-0.031635098854680854,0.031635098854680854,-0.031635098854680854,-0.031635098854680854,-0.031635098854680854,-0.031635098854680854,-0.031635098854680854,-0.031635098854680854,-0.031635098854680854
2017-06-12,-0.013697130252466216,-0.013697130252466216,-0.013697130252466216,-0.013697130252466216,-0.0005,-0.0005,-0.013697130252466216,-0.013697130252466215,-0.013697130252466216,-0.013697130252466216,-0.013697130252466216,-0.013697130252466216
2017-06-13,0.016457546404488266,0.016457546404488266,0.016457546404488266,0.016457546404488266,0.0,0.0,0.016457546404488266,0.016457546404488262,0.016457546404488266,0.016457546404488266,0.016457546404488266,0.016457546404488266
2017-06-14,-0.004404604411325286,-0.004404604411325286,-0.004404604411325286,-0.004404604411325286,-0.004904604411325286,-0.004904604411325286,-0.004404604411325286,-0.004404604411325286,-0.004404604411325286,-0.004404604411325286,-0.004404604411325286,-0.004404604411325286
2017-06-15,-0.012596427099190954,-0.012596427099190954,-0.012596427099190954,-0.012596427099190954,-0.012596427099190954,-0.0005,-0.012596427099190954,-0.012596427099190954,-0.012596427099190954,-0.012596427099190954,-0.012596427099190954,-0.012596427099190954
2017-06-16,0.024414822186134,0.024414822186134,0.024414822186134,0.024414822186134,-0.0005,0.0,0.024414822186134,0.024414822186134,0.024414822186134,0.024414822186134,0.024414822186134,0.024414822186134
2017-06-19,0.007552768927631126,0.007552768927631126,0.007552768927631126,0.007552768927631126,0.0,0.007052768927631126,0.007552768927631126,0.007552768927631126,0.007552768927631126,0.007552768927631126,0.007552768927631126,0.007552768927631126
2017-06-20,-0.0025924777666052057,-0.0025924777666052057,-0.0025924777666052057,-0.0025924777666052057,-0.0030924777666052057,-0.0025924777666052057,-0.0025924777666052057,-0.0025924777666052057,-0.0005,-0.0025924777666052057,-0.0025924777666052057,-0.0025924777666052057
2017-06-21,0.009711934042506698,0.009711934042506698,0.009711934042506698,0.009711934042506698,0.009711934042506698,-0.0005,0.009711934042506698,0.009711934042506698,0.0,0.009711934042506698,0.009711934042506698,0.009711934042506698
2017-06-22,-0.0009279538602157134,-0.0009279538602157134,-0.0009279538602157134,-0.0009279538602157134,-0.0009279538602157134,-0.0014279538602157134,-0.0009279538602157134,-0.0009279538602157134,0.0,-0.0009279538602157134,-0.0009279538602157134,-0.0009279538602157134
2017-06-23,0.002436865101283159,0.002436865101283159,0.002436865101283159,0.002436865101283159,0.002436865101283159,0.002436865101283159,0.002436865101283159,0.002436865101283159,0.0,0.002436865101283159,0.002436865101283159,0.002436865101283159
2017-06-26,-0.009723612882453048,-0.009723612882453048,-0.009723612882453048,-0.009723612882453048,-0.009723612882453048,-0.009723612882453048,-0.009723612882453048,-0.009723612882453048,0.0,-0.009723612882453048,-0.009723612882453048,-0.009723612882453048
2017-06-27,-0.017304182934144485,-0.017304182934144485,-0.017304182934144485,-0.017304182934144485,-0.0005,-0.0005,-0.017304182934144485,-0.017304182934144485,0.0,-0.017304182934144485,-0.017304182934144485,-0.017304182934144485
2017-06-28,0.013872066463946231,0.013872066463946231,0.013872066463946231,0.013872066463946231,0.01337206646394623,0.0,0.013872066463946231,0.01387206646394623,0.0,0.013872066463946231,0.013872066463946231,0.013872066463946231
2017-06-29,-0.014540555710960135,-0.014540555710960135,-0.014540555710960135,-0.014540555710960135,-0.0005,-0.015040555710960135,-0.014540555710960135,-0.014540555710960133,0.0,-0.014540555710960135,-0.014540555710960135,-0.014540555710960135
2017-06-30,-0.008125575079485081,-0.008125575079485081,-0.008125575079485081,-0.008125575079485081,-0.008625575079485082,-0.0005,-0.008125575079485081,-0.008125575079485081,-0.008625575079485082,-0.008125575079485081,-0.008125575079485081,-0.008125575079485081
2017-07-03,-0.014814108389417546,-0.014814108389417546,-0.014814108389417546,-0.014814108389417546,-0.014814108389417546,0.0,-0.0005,-0.014814108389417546,-0.0005,-0.014814108389417546,-0.014814108389417546,-0.014814108389417546
2017-07-05,0.018602039774678225,0.018602039774678225,0.018602039774678225,0.018602039774678225,0.018602039774678225,0.0,0.0,0.018602039774678225,0.0,0.018602039774678225,0.018602039774678225,0.018602039774678225
2017-07-06,-0.006444301571102318,-0.006444301571102318,-0.006444301571102317,-0.006444301571102318,-0.006444301571102318,-0.006944301571102318,-0.006944301571102318,-0.006444301571102318,0.0,-0.006444301571102318,-0.006444301571102317,-0.006444301571102318
2017-07-07,0.014111937258636909,0.014111937258636909,0.014111937258636909,0.014111937258636909,0.014111937258636909,-0.0005,-0.0005,0.014111937258636909,0.0,0.014111937258636909,0.014111937258636909,0.014111937258636909
2017-07-10,0.016009411781320614,0.01809436157060018,0.01809436157060018,0.01809436157060018,0.01809436157060018,0.01759436157060018,0.01759436157060018,0.01809436157060018,0.0,0.01809436157060018,0.01809436157060018,0.01809436157060018
2017-07-11,-0.002084990574005926,-0.0023483010247660197,-0.0023483010247660197,-0.0023483010247660197,-0.0005,-0.0023483010247660197,-0.0023483010247660197,-0.0023483010247660197,0.0,-0.0023483010247660197,-0.0023483010247660197,-0.0023483010247660197
2017-07-12,0.011056748227859002,0.012453089005661555,0.012453089005661555,0.012453089005661555,0.0,0.012453089005661555,0.012453089005661555,0.012453089005661555,0.0,0.012453089005661555,0.012453089005661555,0.012453089005661555
2017-07-13,-0.005798879869964558,-0.0058419432575773644,-0.0058419432575773644,-0.0058419432575773644,-0.006341943257577365,-0.0058419432575773644,-0.0058419432575773644,-0.0058419432575773644,0.0,-0.0058419432575773644,-0.0058419432575773644,-0.0058419432575773644
2017-07-14,0.0011607874827283277,0.001179219208357063,0.001179219208357063,0.001179219208357063,0.001179219208357063,-0.0005,0.001179219208357063,0.001179219208357063,0.0,0.001179219208357063,0.0011792192083570627,0.001179219208357063
2017-07-17,0.008086705262449983,0.00821511113764739,0.008215111137647389,0.00821511113764739,0.00821511113764739,0.00771511113764739,0.00821511113764739,0.00821511113764739,0.0,0.00821511113764739,0.00821511113764739,0.00821511113764739
2017-07-18,0.014043784567411302,0.014266780755591402,0.014266780755591402,0.014266780755591402,0.014266780755591402,0.014266780755591402,0.014266780755591402,0.014266780755591402,0.0,0.014266780755591402,0.014266780755591402,0.014266780755591402
2017-07-19,0.0023252891577383817,0.0023622115853150216,0.0023622115853150216,0.0023622115853150216,-0.0005,0.0023622115853150216,0.0023622115853150216,0.002362211585315021,0.0018622115853150216,0.0023622115853150216,0.0023622115853150216,0.0023622115853150216
2017-07-20,0.0017543196549921767,0.0017821758638392193,0.0017821758638392193,0.0017821758638392193,0.0012821758638392193,0.0017821758638392193,0.0017821758638392193,0.0017821758638392193,0.0017821758638392193,0.0017821758638392193,0.0017821758638392193,0.0017821758638392193
2017-07-21,-0.0028994395632660577,-0.002945478717979899,-0.002945478717979899,-0.002945478717979899,-0.002945478717979899,-0.002945478717979899,-0.002945478717979899,-0.002945478717979899,-0.002945478717979899,-0.002945478717979899,-0.002945478717979899,-0.002945478717979899
2017-07-24,0.01274521162207494,0.012947588238978236,0.012947588238978234,0.012947588238978236,-0.0005,-0.0005,0.012947588238978236,0.012947588238978236,0.012947588238978236,0.012947588238978236,0.012947588238978236,0.012947588238978236
2017-07-25,0.0008716957066028404,0.0008855370482221403,0.0008855370482221402,0.0008855370482221403,0.0,0.0003855370482221403,0.0008855370482221403,0.0008855370482221403,0.0008855370482221403,0.0008855370482221403,0.0008855370482221403,0.0008855370482221403
2017-07-26,0.012239886856236948,0.012434239603503539,0.012434239603503539,0.012434239603503539,0.0,0.012434239603503539,0.012434239603503539,0.012434239603503539,0.012434239603503539,0.012434239603503539,0.012434239603503539,0.012434239603503539
2017-07-27,-0.006358012945343939,-0.006458969538946313,-0.006458969538946313,-0.006458969538946313,0.0,-0.006458969538946313,-0.006458969538946313,-0.006458969538946313,-0.006458969538946313,-0.006458969538946313,-0.006458969538946313,-0.006458969538946313
2017-07-28,-0.024430440274519325,-0.02481836242119062,-0.02481836242119062,-0.02481836242119062,0.0,-0.0005,-0.02481836242119062,-0.02481836242119062,-0.02481836242119062,-0.02481836242119062,-0.02481836242119062,-0.02481836242119062
2017-07-31,-0.031131859508999916,-0.03162619107383857,-0.03162619107383857,-0.03162619107383857,0.0,0.0,-0.03162619107383857,-0.03162619107383857,-0.03162619107383857,-0.03162619107383857,-0.03162619107383857,-0.03162619107383857
2017-08-01,0.008380997367900178,0.008514076201260101,0.008514076201260101,0.008514076201260101,0.0080140762012601,0.0,-0.0005,0.008514076201260101,0.008514076201260101,0.008514076201260101,0.008514076201260101,0.008514076201260101
2017-08-02,-0.00029650361954193673,-0.0003012116935388054,-0.0003012116935388054,-0.0003012116935388054,-0.0003012116935388054,0.0,0.0,-0.0003012116935388054,-0.0003012116935388054,-0.0003012116935388054,-0.0003012116935388054,-0.0003012116935388054
2017-08-03,-0.008866191336120573,-0.009006974389444977,-0.009006974389444977,-0.009006974389444977,-0.009006974389444977,0.0,0.0,-0.009006974389444975,-0.009006974389444977,-0.009006974389444977,-0.009006974389444977,-0.009006974389444977
2017-08-04,0.000658313257421359,0.0006687663761180129,0.0006687663761180129,0.0006687663761180129,0.0006687663761180129,0.0,0.0,0.0006687663761180128,0.0006687663761180129,0.0006687663761180129,0.0006687663761180129,0.0006687663761180129
2017-08-07,0.004674695078205674,0.0047489228747330525,0.004748922874733052,0.0047489228747330525,0.0047489228747330525,0.0,0.0,0.0047489228747330525,0.0047489228747330525,0.0047489228747330525,0.0047489228747330525,0.0047489228747330525
2017-08-08,-0.0024106148750067525,-0.00244889215886257,-0.00244889215886257,-0.00244889215886257,-0.00244889215886257,-0.00294889215886257,0.0,-0.00244889215886257,-0.0005,-0.00244889215886257,-0.00244889215886257,-0.00244889215886257
2017-08-09,-0.007786773981423964,-0.00791041735602449,-0.00791041735602449,-0.00791041735602449,-0.00791041735602449,-0.0005,0.0,-0.00791041735602449,0.0,-0.00791041735602449,-0.00791041735602449,-0.00791041735602449
2017-08-10,-0.025150237040325304,-0.02554958858013978,-0.02554958858013978,-0.02554958858013978,-0.02554958858013978,0.0,0.0,-0.02554958858013978,0.0,-0.02554958858013978,-0.02554958858013978,-0.02554958858013978
2017-08-11,0.011387569501439985,0.011568388608943936,0.011568388608943936,-0.0005,0.011568388608943936,0.0,0.0,0.011568388608943934,0.0,0.011568388608943936,0.011568388608943934,0.011568388608943936
2017-08-14,0.015569044972053242,0.015816260219888134,0.015816260219888134,0.0,0.015816260219888134,0.015316260219888134,0.0,0.01581626021988813,0.0,0.015816260219888134,0.015816260219888134,0.015816260219888134
2017-08-15,-0.0005606066664100234,-0.0005695083374003262,-0.0005695083374003262,0.0,-0.0005695083374003262,-0.0005695083374003262,0.0,-0.0005695083374003264,0.0,-0.0005695083374003262,-0.0005695083374003262,-0.0005695083374003262
2017-08-16,-0.004567574002356191,-0.004640100861969199,-0.004640100861969199,0.0,-0.004640100861969199,-0.004640100861969199,0.0,-0.004640100861969199,0.0,-0.004640100861969199,-0.004640100861969199,-0.004640100861969199
2017-08-17,-0.01772144520906371,-0.018002837643680936,-0.018002837643680936,0.0,-0.018002837643680936,-0.0005,0.0,-0.018002837643680936,0.0,-0.018002837643680936,-0.018002837643680932,-0.018002837643680936
2017-08-18,-0.0021520212604212684,-0.0021861924295710766,-0.0021861924295710766,0.0,-0.0021861924295710766,0.0,0.0,-0.0021861924295710766,0.0,-0.0021861924295710766,-0.002186192429571076,-0.0021861924295710766
2017-08-21,-0.005319949542454498,-0.005404423101813327,-0.005404423101813327,0.0,-0.005404423101813327,0.0,0.0,-0.005404423101813327,0.0,-0.005404423101813327,-0.005404423101813326,-0.005404423101813327
2017-08-22,0.014053719074119914,0.014276873008747692,0.014276873008747692,0.0,0.014276873008747692,0.0,0.0,0.014276873008747692,0.0,-0.015276873008747693,0.014276873008747692,0.014276873008747692
2017-08-23,-0.009060795092648994,-0.009204668188810716,-0.009204668188810716,0.0,-0.009204668188810716,-0.009704668188810717,0.0,-0.009204668188810715,0.0,0.009204668188810716,-0.009204668188810716,-0.009204668188810716
2017-08-24,-0.005702770186210383,-0.005793322416450586,-0.005793322416450586,0.0,-0.005793322416450586,-0.0005,0.0,-0.005793322416450586,0.0,0.005793322416450586,-0.005793322416450585,-0.005793322416450586
2017-08-25,-0.007430977260261228,-0.0075489710670970656,-0.0075489710670970656,0.0,-0.0075489710670970656,0.0,0.0,-0.0075489710670970656,0.0,0.0075489710670970656,-0.007548971067097065,-0.0075489710670970656
2017-08-28,0.0007914070236725944,0.0008039734902636209,0.0008039734902636206,0.0,0.0008039734902636209,0.0,0.0,0.0008039734902636209,0.0,-0.0008039734902636209,0.0008039734902636208,0.0008039734902636209
2017-08-29,0.00836593287818935,0.00849877250795239,0.008498772507952388,0.0,0.00849877250795239,0.0,0.0,0.00849877250795239,0.0,-0.00849877250795239,0.008498772507952388,0.00849877250795239
2017-08-30,0.013959881068417019,0.014181544983208783,0.014181544983208783,0.0,0.014181544983208783,0.013681544983208782,0.0,0.01418154498320878,0.0,-0.014181544983208783,0.014181544983208783,0.014181544983208783
2017-08-31,0.013235561586663742,0.013445724293737582,0.013445724293737582,0.0,0.013445724293737582,0.013445724293737582,0.0,0.01344572429373758,-0.013945724293737582,-0.013445724293737582,0.013445724293737582,0.013445724293737582
2017-09-01,-0.0023590398844511723,-0.002396498227640098,-0.002396498227640098,0.0,0.001396498227640098,-0.002396498227640098,0.0,-0.002396498227640098,0.002396498227640098,0.002396498227640098,-0.002396498227640098,-0.002396498227640098
2017-09-05,-0.013061163225209088,-0.013268556723623925,-0.013268556723623925,0.0,0.013268556723623925,-0.013268556723623925,0.0,-0.013268556723623925,0.013268556723623925,0.013268556723623925,-0.013268556723623925,-0.013268556723623925
2017-09-06,0.002580043647104806,0.0026210112293032495,0.0026210112293032495,0.0,0.0016210112293032495,-0.0005,0.0,0.0026210112293032495,-0.0026210112293032495,-0.0026210112293032495,0.002621011229303249,0.0026210112293032495
2017-09-07,0.011869798515495503,0.0120582747635265,0.0120582747635265,0.0,0.0120582747635265,0.0115582747635265,0.0,0.0120582747635265,-0.0120582747635265,-0.0120582747635265,0.0120582747635265,0.0120582747635265
2017-09-08,-0.013637903385831016,-0.013854454733169819,-0.013854454733169819,0.0,0.012854454733169818,-0.013854454733169819,0.0,-0.013854454733169817,0.013854454733169819,0.013854454733169819,-0.013854454733169819,-0.013854454733169819
2017-09-11,0.012290619994705132,0.012485778315173057,0.012485778315173057,0.011985778315173057,0.011485778315173056,-0.0005,0.0,0.012485778315173057,-0.012485778315173057,-0.012485778315173057,0.012485778315173057,0.012485778315173057
2017-09-12,0.00465033611930598,0.004724177128713647,0.004724177128713646,0.004724177128713647,-0.005724177128713647,0.0042241771287136465,0.0,0.004724177128713647,-0.0005,-0.004724177128713647,0.004724177128713647,0.004724177128713647
2017-09-13,0.017050956005856755,0.017321701984327253,0.017321701984327253,0.017321701984327253,0.016321701984327253,0.017321701984327253,0.0,0.017321701984327253,0.0,-0.017321701984327253,0.017321701984327253,0.017321701984327253
2017-09-14,-0.007277386382392429,-0.007392941375093831,-0.007392941375093831,-0.007392941375093831,-0.007392941375093831,-0.007392941375093831,-0.007892941375093832,-0.007392941375093831,0.0,0.007392941375093831,0.006392941375093831,-0.007392941375093831
2017-09-15,-0.005377169276860067,-0.005462551407736771,-0.005462551407736771,-0.005462551407736771,-0.005462551407736771,-0.0005,-0.005462551407736771,-0.005462551407736771,0.0,0.005462551407736771,0.005462551407736771,-0.005462551407736771
2017-09-18,-0.012569115277130229,-0.012768695723707313,-0.012768695723707313,-0.012768695723707313,0.011768695723707312,0.0,-0.0005,-0.012768695723707313,0.0,0.012768695723707313,0.012768695723707313,-0.012768695723707313
2017-09-19,-0.004375231725128868,-0.004444704451118442,-0.004444704451118442,-0.004444704451118442,-0.005444704451118442,0.0,0.0,-0.004444704451118442,0.0,0.004444704451118442,0.004444704451118442,-0.004444704451118442
2017-09-20,0.0034001082442760375,0.0034540973363355043,0.0034540973363355043,0.0034540973363355043,0.0034540973363355043,0.0,0.0,0.0034540973363355043,0.0,-0.0034540973363355043,-0.0034540973363355043,0.0034540973363355043
2017-09-21,-0.00865818381270314,-0.008795663989611846,-0.008795663989611844,-0.008795663989611846,-0.008795663989611846,-0.009295663989611846,0.0,-0.008795663989611846,0.0,0.008795663989611846,0.008795663989611846,-0.008795663989611846
2017-09-22,-0.009745164041239658,-0.009899903985017278,-0.009899903985017278,-0.009899903985017278,-0.009899903985017278,-0.0005,0.0,-0.009899903985017278,0.0,0.009899903985017278,0.009899903985017278,-0.009899903985017278
2017-09-25,-0.0157792431865839,-0.01602979609602828,-0.01602979609602828,-0.0005,-0.01602979609602828,0.0,0.0,-0.01602979609602828,0.0,0.01602979609602828,0.01602979609602828,-0.01602979609602828
2017-09-26,-0.0012464030842499504,-0.0012661942691253314,-0.0012661942691253312,0.0,-0.0012661942691253314,0.0,0.0,-0.0012661942691253312,0.0,0.0012661942691253314,0.0012661942691253314,-0.0012661942691253314
2017-09-27,0.012868302235280397,0.013072633363619968,0.013072633363619968,0.0,0.013072633363619968,0.0,0.0,0.013072633363619968,-0.013572633363619968,-0.013072633363619968,-0.013072633363619968,0.013072633363619968
2017-09-28,0.0057248388857755,0.005815741536933761,0.005815741536933761,0.0,0.005815741536933761,0.00531574153693376,0.0,0.005815741536933761,-0.005815741536933761,-0.005815741536933761,0.00481574153693376,0.005815741536933761
2017-09-29,0.005094789152390023,0.005175687471152379,0.005175687471152379,0.0,-0.006175687471152379,0.005175687471152379,0.0,0.005175687471152379,-0.005175687471152379,-0.005175687471152379,0.005175687471152378,0.005175687471152379
2017-10-02,-0.0022117562058342304,-0.0022468758846300174,-0.0022468758846300174,0.0,0.0022468758846300174,-0.0022468758846300174,0.0,-0.0022468758846300174,0.0022468758846300174,0.0022468758846300174,-0.002246875884630017,-0.0022468758846300174
2017-10-03,-0.002144860543095561,-0.002178918009798525,-0.002178918009798525,0.0,0.002178918009798525,-0.0005,0.0,-0.002178918009798525,0.002178918009798525,0.002178918009798525,0.001178918009798525,-0.002178918009798525
2017-10-04,0.008587897625931174,0.008724261753839224,0.008724261753839224,0.0,0.007724261753839224,0.0,0.0,0.008724261753839224,-0.008724261753839224,-0.008724261753839224,-0.008724261753839224,0.008724261753839224
2017-10-05,0.015701797489212226,0.015951120666370278,0.015951120666370278,0.0,-0.01695112066637028,0.015451120666370277,0.0,0.015951120666370278,-0.015951120666370278,-0.015951120666370278,0.014951120666370273,0.015951120666370278
2017-10-06,0.008761336672832314,0.00890045477678969,0.00890045477678969,0.00840045477678969,-0.00890045477678969,0.00890045477678969,0.00840045477678969,0.00890045477678969,-0.00890045477678969,-0.00890045477678969,0.008900454776789688,0.00890045477678969
2017-10-09,0.0014025643697365003,0.0014248351833214823,0.0014248351833214823,0.0014248351833214823,-0.0014248351833214823,0.0014248351833214823,0.0014248351833214823,0.0014248351833214823,-0.0014248351833214823,-0.0014248351833214823,0.001424835183321482,0.0014248351833214823
2017-10-10,-0.003802073178293593,-0.003824436235170703,-0.003824436235170703,-0.0005,0.003824436235170703,-0.003824436235170703,-0.003824436235170703,-0.003824436235170703,0.003824436235170703,-0.004824436235170703,-0.003824436235170703,-0.003824436235170703
2017-10-11,0.00808587646397467,0.007901122058873167,0.007901122058873167,0.0,-0.007901122058873167,-0.0005,0.007901122058873167,0.007901122058873167,-0.007901122058873167,0.007901122058873167,-0.008901122058873168,0.007901122058873167
2017-10-12,0.006041297989204945,0.005959822304883788,0.005959822304883788,0.0,0.004959822304883788,0.005459822304883788,0.005959822304883788,0.005959822304883788,-0.0005,0.005959822304883788,-0.005959822304883788,0.005959822304883788
2017-10-13,0.0021646125474201975,0.0020080964130191337,0.0020080964130191337,0.0,-0.0030080964130191337,0.0020080964130191337,0.0020080964130191337,0.0020080964130191337,0.0,0.0020080964130191337,-0.0020080964130191337,0.0020080964130191337
2017-10-16,0.0037882055764605336,0.0033900729019715747,0.0033900729019715747,0.0,0.0023900729019715747,0.0033900729019715747,0.0033900729019715747,0.0033900729019715747,0.0,0.0033900729019715747,-0.0033900729019715747,0.0033900729019715747
2017-10-17,0.003135795095208434,0.0027724160936446474,0.0027724160936446474,0.0,0.0027724160936446474,0.0027724160936446474,0.0027724160936446474,0.0027724160936446474,0.0,0.0027724160936446474,-0.0027724160936446474,0.0027724160936446474
2017-10-18,-0.014749652912010268,-0.012020305032128142,-0.012020305032128142,0.0,-0.012020305032128142,-0.012020305032128142,-0.012020305032128142,-0.012020305032128142,0.0,-0.012020305032128142,0.012020305032128142,-0.012020305032128142
2017-10-19,-0.012059812643948183,-0.010421202279360164,-0.010421202279360164,0.0,-0.010421202279360164,-0.0005,-0.010421202279360164,-0.010421202279360164,0.0,-0.010421202279360164,0.010421202279360164,-0.010421202279360164
2017-10-20,-0.004164134182387006,-0.0037502431042488737,-0.0037502431042488737,0.0,0.0027502431042488737,0.0,-0.0037502431042488737,-0.0037502431042488737,0.0,-0.0037502431042488737,0.0037502431042488737,-0.0037502431042488737
2017-10-23,-0.019136336248816246,-0.016898832106748696,-0.016898832106748696,0.0,0.016898832106748696,0.0,-0.016898832106748696,-0.016898832106748696,0.0,-0.016898832106748696,0.016898832106748696,-0.016898832106748696
2017-10-24,0.010482950787507068,0.009934793664073016,0.009934793664073016,0.0,0.008934793664073015,0.0,-0.0005,0.009934793664073016,0.0,0.009934793664073016,-0.009934793664073016,0.009934793664073016
2017-10-25,-0.0035369261722764797,-0.0030637973450112765,-0.0030637973450112765,0.0,-0.0030637973450112765,-0.0035637973450112766,-0.0035637973450112766,-0.0030637973450112765,0.0,-0.0030637973450112765,0.0030637973450112765,-0.0030637973450112765
2017-10-26,-0.0005630242501420691,-0.000493407922726008,-0.000493407922726008,0.0,-0.000493407922726008,-0.0005,-0.000493407922726008,-0.000493407922726008,0.0,-0.000493407922726008,0.000493407922726008,-0.000493407922726008
2017-10-27,0.157702140462619,0.13216381132847022,0.13216381132847022,0.0,0.13216381132847022,0.0,-0.0005,0.1321638113284702,0.0,0.13216381132847022,-0.13216381132847022,0.13216381132847022
2017-10-30,0.002422580831557675,0.008992214476522209,0.008992214476522209,0.0,-0.00999221447652221,0.008492214476522209,0.008492214476522209,0.008992214476522209,0.008492214476522209,0.008992214476522209,-0.008992214476522209,0.008992214476522209
2017-10-31,-0.0015949662453491613,-0.005014171230441344,-0.0050141712304413435,0.0,0.005014171230441344,-0.005014171230441344,-0.005014171230441344,-0.005014171230441344,-0.005014171230441344,-0.005014171230441344,0.005014171230441344,-0.005014171230441344
2017-11-01,-0.0004599658816593253,-0.0014476301234627176,-0.0014476301234627176,0.0,0.0014476301234627176,-0.0005,-0.0014476301234627176,-0.0014476301234627176,-0.0014476301234627176,-0.0014476301234627176,0.0014476301234627176,-0.0014476301234627176
2017-11-02,-0.0027228970935908735,-0.008571317573420001,-0.008571317573420001,0.0,0.008571317573420001,0.0,-0.008571317573420001,-0.008571317573420001,-0.008571317573420001,-0.008571317573420001,0.008571317573420001,-0.008571317573420001
2017-11-03,0.005011888257583531,0.015883521031699654,0.015883521031699654,0.0,-0.015883521031699654,0.0,0.015883521031699654,0.015883521031699654,0.015883521031699654,0.015883521031699654,-0.015883521031699654,0.015883521031699654
2017-11-06,0.002572393817530814,0.008150397626239814,0.008150397626239814,0.0,-0.008150397626239814,0.007650397626239813,0.008150397626239814,0.008150397626239814,0.008150397626239814,0.008150397626239814,-0.008150397626239814,0.008150397626239814
2017-11-07,0.0007069507390878203,0.0022397466354273643,0.0022397466354273643,0.0,-0.0022397466354273643,0.0022397466354273643,0.0022397466354273643,0.0022397466354273643,0.0022397466354273643,0.0022397466354273643,-0.0022397466354273643,0.0022397466354273643
2017-11-08,0.0027486617093575687,0.008645179801616942,0.00864517980161694,0.008145179801616942,-0.008645179801616942,0.008645179801616942,0.008645179801616942,0.008645179801616942,0.008645179801616942,0.008645179801616942,0.007645179801616942,0.008645179801616942
2017-11-09,-0.001052900001604937,-0.003310147529595686,-0.003310147529595686,-0.003310147529595686,0.003310147529595686,-0.003310147529595686,-0.003310147529595686,-0.003310147529595686,-0.003310147529595686,-0.003310147529595686,-0.003310147529595686,-0.003310147529595686
2017-11-10,-0.0010648433632440668,-0.0033476955293720856,-0.0033476955293720856,-0.0033476955293720856,0.0033476955293720856,-0.0005,-0.0033476955293720856,-0.0033476955293720856,-0.0033476955293720856,-0.0033476955293720856,-0.003347695529372085,-0.0033476955293720856
2017-11-13,0.0010797199800326172,0.0033944652095281302,0.0033944652095281302,0.0033944652095281302,-0.0033944652095281302,0.0028944652095281302,0.0033944652095281302,0.0033944652095281302,0.0033944652095281302,0.0033944652095281302,0.0033944652095281302,0.0033944652095281302
2017-11-14,0.002160602338910599,0.006792584750386466,0.006792584750386466,0.006792584750386466,-0.006792584750386466,0.006792584750386466,0.006792584750386466,0.006792584750386466,0.006792584750386466,0.006792584750386466,0.006792584750386466,0.006792584750386466
2017-11-15,-0.0028399207341233213,-0.00892825205430392,-0.00892825205430392,-0.00892825205430392,0.00892825205430392,-0.00892825205430392,-0.00892825205430392,-0.00892825205430392,-0.00892825205430392,-0.00892825205430392,-0.00892825205430392,-0.00892825205430392
2017-11-16,0.0029925416687305024,0.009408067619774974,0.009408067619774974,0.009408067619774974,-0.009408067619774974,-0.0005,0.009408067619774974,0.009408067619774974,0.009408067619774974,0.009408067619774974,0.009408067619774972,0.009408067619774974
2017-11-17,-0.002072455451077423,-0.006515465173448698,-0.006515465173448698,-0.006515465173448698,0.006515465173448698,-0.007015465173448698,-0.006515465173448698,-0.006515465173448698,-0.006515465173448698,-0.006515465173448698,-0.006515465173448698,-0.006515465173448698
2017-11-20,-0.0010050286036674878,-0.0031596475871705776,-0.0031596475871705776,-0.0031596475871705776,0.0031596475871705776,-0.0005,-0.0031596475871705776,-0.0031596475871705776,-0.0031596475871705776,-0.0031596475871705776,-0.003159647587170577,-0.0031596475871705776
2017-11-21,0.003722181279235822,0.01170193669616193,0.01170193669616193,0.01170193669616193,-0.01170193669616193,0.0,0.01170193669616193,0.01170193669616193,0.01170193669616193,0.01170193669616193,0.011701936696161928,0.01170193669616193
2017-11-22,0.004653340362033071,0.014629350441896172,0.014629350441896172,0.014629350441896172,-0.014629350441896172,0.014129350441896171,0.014629350441896172,0.014629350441896172,0.014629350441896172,0.014629350441896172,0.014629350441896172,0.014629350441896172
2017-11-24,0.008209578007692819,0.025809587159050906,0.025809587159050906,0.025809587159050906,-0.025809587159050906,0.025809587159050906,0.025809587159050906,0.025809587159050906,0.025809587159050906,0.025809587159050906,0.025809587159050906,0.025809587159050906
2017-11-27,0.0026363882388487003,0.008288378765863635,0.008288378765863635,0.008288378765863635,-0.008288378765863635,0.008288378765863635,0.008288378765863635,0.008288378765863635,0.008288378765863635,0.008288378765863635,0.008288378765863635,0.008288378765863635
2017-11-28,-0.0005931634220029969,-0.0018648099848008748,-0.0018648099848008748,-0.0018648099848008748,-0.002864809984800875,-0.0018648099848008748,-0.0018648099848008748,-0.0018648099848008748,-0.0018648099848008748,-0.0018648099848008748,-0.0018648099848008748,-0.0018648099848008748
2017-11-29,-0.027427098934751266,-0.027086140184754637,-0.027086140184754637,-0.027086140184754637,0.026086140184754636,-0.0005,-0.027086140184754637,-0.027086140184754637,-0.027086140184754637,-0.027086140184754637,-0.027086140184754633,-0.027086140184754637
2017-11-30,0.011134987015130103,0.013330269145295226,0.013330269145295226,0.013330269145295226,0.012330269145295225,0.0,0.013330269145295226,0.013330269145295226,0.013330269145295226,0.013330269145295226,0.013330269145295224,0.013330269145295226
2017-12-01,-0.01029471389111496,-0.012237114119919568,-0.012237114119919568,-0.012237114119919568,0.011237114119919567,-0.012737114119919568,-0.012237114119919568,-0.012237114119919568,-0.012237114119919568,-0.012237114119919568,-0.012237114119919568,-0.012237114119919568
2017-12-04,-0.020554991220412256,-0.02443329420890661,-0.02443329420890661,-0.02443329420890661,-0.02543329420890661,-0.0005,-0.02443329420890661,-0.02443329420890661,-0.02443329420890661,-0.02443329420890661,-0.024433294208906605,-0.02443329420890661
2017-12-05,0.004827379011699077,0.00671988235950316,0.00671988235950316,0.00671988235950316,0.00671988235950316,0.0,0.00671988235950316,0.00671988235950316,0.00671988235950316,0.00671988235950316,0.006719882359503159,0.00671988235950316
2017-12-06,0.006864078742142779,0.009443161186693416,0.009443161186693416,0.009443161186693416,0.009443161186693416,0.0,0.009443161186693416,0.009443161186693416,0.009443161186693416,0.009443161186693416,0.009443161186693414,0.009443161186693416
2017-12-07,0.004693003214041124,0.00645633412212665,0.00645633412212665,0.00645633412212665,-0.00745633412212665,0.00595633412212665,0.00645633412212665,0.00645633412212665,0.00645633412212665,0.00645633412212665,0.00645633412212665,0.00645633412212665
2017-12-08,0.0008087230378622157,0.0019055232281814938,0.0019055232281814938,0.0019055232281814938,0.0009055232281814938,0.0019055232281814938,0.0019055232281814938,0.0019055232281814938,0.0019055232281814938,0.0019055232281814938,0.0019055232281814938,0.0019055232281814938
2017-12-11,0.00290696119396002,0.005955261281819668,0.005955261281819668,0.005955261281819668,-0.006955261281819668,0.005955261281819668,0.005955261281819668,0.005955261281819667,0.005955261281819668,0.005955261281819668,0.005955261281819668,0.005955261281819668
2017-12-12,-0.001603620699864191,-0.0032850414208537293,-0.0032850414208537293,-0.0032850414208537293,-0.004285041420853729,-0.0032850414208537293,-0.0032850414208537293,-0.0032850414208537293,-0.0032850414208537293,-0.0032850414208537293,-0.0032850414208537293,-0.0032850414208537293
2017-12-13,-0.00040047237840220917,-0.0008154051057901457,-0.0008154051057901457,-0.0008154051057901457,-0.0008154051057901457,-0.0005,-0.0008154051057901457,-0.0008154051057901457,-0.0008154051057901457,-0.0008154051057901457,-0.0008154051057901457,-0.0008154051057901457
2017-12-14,0.004271638661927895,0.008701781336744707,0.008701781336744707,0.008701781336744707,-0.009701781336744708,0.0,0.008701781336744707,0.008701781336744707,0.008701781336744707,0.008701781336744707,0.008701781336744707,0.008701781336744707
2017-12-15,0.0020416114627569114,0.004155799839922203,0.004155799839922203,0.004155799839922203,-0.004155799839922203,0.003655799839922203,0.004155799839922203,0.004155799839922203,0.004155799839922203,0.004155799839922203,0.004155799839922203,0.004155799839922203
2017-12-18,0.00479150572945263,0.009701962262080421,0.009701962262080421,0.009701962262080421,0.00870196226208042,0.009701962262080421,0.009701962262080421,0.009701962262080421,-0.0005,0.009701962262080421,0.009701962262080421,0.009701962262080421
2017-12-19,-0.0013284550324087487,-0.0026877630938977326,-0.0026877630938977326,-0.0026877630938977326,0.0016877630938977326,-0.0026877630938977326,-0.0026877630938977326,-0.0026877630938977326,-0.0031877630938977326,-0.0026877630938977326,-0.0026877630938977326,-0.0026877630938977326
2017-12-20,-0.004059282758668843,-0.008219760593352499,-0.008219760593352499,-0.008219760593352499,-0.0092197605933525,-0.0005,-0.008219760593352499,-0.008219760593352499,-0.008219760593352499,-0.008219760593352499,-0.008219760593352497,-0.008219760593352499
2017-12-21,-0.0011997525305316682,-0.002428653642711609,-0.0024286536427116086,-0.002428653642711609,-0.002428653642711609,0.0,-0.002428653642711609,-0.002428653642711609,-0.002428653642711609,-0.002428653642711609,-0.002428653642711609,-0.002428653642711609
2017-12-22,-0.002700397117475332,-0.005447916178231482,-0.005447916178231482,-0.005447916178231482,0.004447916178231482,0.0,-0.005447916178231482,-0.005447916178231482,-0.005447916178231482,-0.005447916178231482,-0.005447916178231482,-0.005447916178231482
2017-12-26,0.0035851237280501106,0.007189598906302885,0.007189598906302885,0.007189598906302885,-0.007189598906302885,0.0,0.007189598906302885,0.007189598906302885,0.007189598906302885,0.007189598906302885,0.007189598906302885,0.007189598906302885
2017-12-27,0.002332286878723729,0.00467381123310906,0.00467381123310906,0.00467381123310906,-0.00467381123310906,0.004173811233109059,0.00467381123310906,0.00467381123310906,0.00467381123310906,0.00467381123310906,0.00467381123310906,0.00467381123310906
2017-12-28,0.0016235490332758167,0.0032480392831288896,0.0032480392831288896,0.0032480392831288896,0.0022480392831288895,0.0032480392831288896,0.0032480392831288896,0.0032480392831288896,0.0032480392831288896,0.0032480392831288896,0.0032480392831288896,0.0032480392831288896
2017-12-29,-0.007011238446393499,-0.01402075715034623,-0.01402075715034623,-0.01402075715034623,-0.01402075715034623,-0.01402075715034623,-0.01402075715034623,-0.01402075715034623,-0.01402075715034623,-0.01402075715034623,-0.01402075715034623,-0.01402075715034623
2018-01-02,0.008297172081666684,0.016708444028718628,0.016708444028718624,0.016708444028718628,-0.01770844402871863,-0.0005,0.016708444028718628,0.016708444028718628,0.016708444028718628,0.016708444028718628,0.016708444028718628,0.016708444028718628
2018-01-03,0.006324274448110099,0.012775310383486449,0.012775310383486449,0.012775310383486449,0.011775310383486448,0.012275310383486449,0.012775310383486449,0.012775310383486449,0.012775310383486449,0.012775310383486449,0.012775310383486449,0.012775310383486449
2018-01-04,0.0022134789094282667,0.004476012896857506,0.004476012896857506,0.004476012896857506,-0.005476012896857506,0.004476012896857506,0.004476012896857506,0.004476012896857506,0.004476012896857506,0.004476012896857506,0.004476012896857506,0.004476012896857506
2018-01-05,0.007997727465534642,0.016162516530176196,0.016162516530176193,0.016162516530176196,-0.016162516530176196,0.016162516530176196,0.016162516530176196,0.016162516530176196,0.016162516530176196,0.016162516530176196,0.016162516530176196,0.016162516530176196
2018-01-08,0.007137057318116004,0.014424678832250848,0.014424678832250848,0.014424678832250848,0.013424678832250847,0.014424678832250848,0.014424678832250848,0.014424678832250846,0.014424678832250848,0.014424678832250848,0.014424678832250848,0.014424678832250848
2018-01-09,0.00230855734185556,0.0046757095740346255,0.0046757095740346255,0.0046757095740346255,-0.0056757095740346255,0.0046757095740346255,0.0046757095740346255,0.0046757095740346255,0.0046757095740346255,0.0046757095740346255,0.0046757095740346255,0.0046757095740346255
2018-01-10,0.0006426279136682646,0.0013012055442500614,0.0013012055442500614,0.0013012055442500614,0.0003012055442500614,0.0013012055442500614,0.0013012055442500614,0.0013012055442500614,0.0013012055442500614,0.0013012055442500614,0.0013012055442500614,0.0013012055442500614
2018-01-11,0.008810394563106566,0.01781828254348916,0.01781828254348916,0.01781828254348916,-0.018818282543489162,0.01781828254348916,0.01781828254348916,0.01781828254348916,0.01781828254348916,0.01781828254348916,0.01781828254348916,0.01781828254348916
2018-01-12,0.011002881188344894,0.022339231610462695,0.022339231610462695,0.022339231610462695,0.021339231610462694,0.022339231610462695,0.022339231610462695,0.022339231610462695,0.022339231610462695,0.022339231610462695,0.022339231610462695,0.022339231610462695
2018-01-16,-0.0001291877323409218,-0.0002605871874575838,-0.0002605871874575838,-0.0002605871874575838,-0.0007394128125424162,-0.0002605871874575838,-0.0002605871874575838,-0.0002605871874575838,-0.0002605871874575838,-0.0002605871874575838,-0.0002605871874575838,-0.0002605871874575838
2018-01-17,-0.0036947570329683077,-0.00755630863716783,-0.00755630863716783,-0.00755630863716783,0.00755630863716783,-0.00755630863716783,-0.00755630863716783,-0.00755630863716783,-0.00755630863716783,-0.00755630863716783,-0.00755630863716783,-0.00755630863716783
2018-01-18,-0.0006331474647760152,-0.0012972916415299185,-0.0012972916415299185,-0.0012972916415299185,0.0012972916415299185,-0.0005,-0.0012972916415299185,-0.0012972916415299185,-0.0012972916415299185,-0.0012972916415299185,-0.0012972916415299183,-0.0012972916415299185
2018-01-19,0.0004744710698634538,0.0009741736041779525,0.0009741736041779525,0.0009741736041779525,-0.0009741736041779525,0.0,0.0009741736041779525,0.0009741736041779525,0.0009741736041779525,0.0009741736041779525,0.0009741736041779524,0.0009741736041779525
2018-01-22,0.012383676778670522,0.025282411609683475,0.025282411609683475,0.025282411609683475,0.024282411609683474,0.024782411609683475,0.025282411609683475,0.025282411609683475,0.025282411609683475,0.025282411609683475,0.025282411609683475,0.025282411609683475
2018-01-23,0.01294477565075241,0.02654236704761037,0.026542367047610368,0.02654236704761037,-0.027542367047610372,0.02654236704761037,0.02654236704761037,0.02654236704761037,0.02654236704761037,0.02654236704761037,0.02654236704761037,0.02654236704761037
2018-01-24,-0.001787997376567143,-0.0036915667119321594,-0.0036915667119321594,-0.0036915667119321594,0.0036915667119321594,-0.0036915667119321594,-0.0036915667119321594,-0.0036915667119321594,-0.0036915667119321594,-0.0036915667119321594,-0.0036915667119321594,-0.0036915667119321594
2018-01-25,0.007347629438658213,0.015056912893923968,0.015056912893923968,0.015056912893923968,-0.015056912893923968,0.015056912893923968,0.015056912893923968,0.015056912893923968,0.015056912893923968,0.015056912893923968,0.015056912893923968,0.015056912893923968
2018-01-26,0.008524079758687556,0.017489776074125496,0.017489776074125496,0.017489776074125496,-0.017489776074125496,0.017489776074125496,0.017489776074125496,0.017489776074125496,0.017489776074125496,0.017489776074125496,0.017489776074125496,0.017489776074125496
2018-01-29,0.005426566606409966,0.011147987016343786,0.011147987016343784,0.011147987016343786,-0.011147987016343786,0.011147987016343786,0.011147987016343786,0.011147987016343786,0.011147987016343786,0.011147987016343786,0.011147987016343786,0.011147987016343786
2018-01-30,0.006918152914292698,0.014206254114237371,0.014206254114237371,0.014206254114237371,-0.014206254114237371,0.014206254114237371,0.014206254114237371,0.014206254114237371,0.014206254114237371,0.014206254114237371,0.014206254114237371,0.014206254114237371
2018-01-31,0.0077173011341136475,0.009090198056924459,0.009090198056924459,0.009090198056924459,-0.009090198056924459,0.009090198056924459,0.009090198056924459,0.009090198056924459,0.009090198056924459,0.009090198056924459,0.009090198056924459,0.009090198056924459
2018-02-01,-0.036510967210783805,-0.04196737400527717,-0.04196737400527717,-0.04196737400527717,0.04196737400527717,-0.04196737400527717,-0.04196737400527717,-0.04196737400527716,-0.04196737400527717,-0.04196737400527717,-0.04196737400527717,-0.04196737400527717
2018-02-02,0.022068584312335045,0.02874097206609716,0.02874097206609716,0.02874097206609716,-0.02874097206609716,-0.0005,0.02874097206609716,0.02874097206609716,0.02874097206609716,0.02874097206609716,0.028740972066097156,0.02874097206609716
2018-02-05,-0.020869573159981423,-0.027938006598856924,-0.027938006598856924,-0.027938006598856924,0.027938006598856924,-0.028438006598856924,-0.027938006598856924,-0.027938006598856924,-0.027938006598856924,-0.027938006598856924,-0.027938006598856924,-0.027938006598856924
2018-02-06,0.027206621764351478,0.03801436389950541,0.03801436389950541,0.03801436389950541,-0.03801436389950541,-0.0005,0.03801436389950541,0.03801436389950541,0.03801436389950541,0.03801436389950541,0.0380143638995054,0.03801436389950541
2018-02-07,-0.012382406521079529,-0.018061620618718965,-0.018061620618718965,-0.018061620618718965,0.018061620618718965,-0.018561620618718966,-0.018061620618718965,-0.018061620618718965,-0.018061620618718965,-0.018061620618718965,-0.018061620618718965,-0.018061620618718965
2018-02-08,-0.03141739521090676,-0.046782076355553315,-0.04678207635555331,-0.046782076355553315,0.046782076355553315,-0.046782076355553315,-0.046782076355553315,-0.046782076355553315,-0.046782076355553315,-0.046782076355553315,-0.046782076355553315,-0.046782076355553315
2018-02-09,-0.003504138639923105,-0.008071057484337008,-0.008071057484337006,-0.008071057484337008,-0.009071057484337008,-0.0005,-0.008071057484337008,-0.008071057484337008,-0.008071057484337008,-0.008071057484337008,-0.008071057484337008,-0.008071057484337008
2018-02-12,0.014567218054659773,0.0348088545167482,0.0348088545167482,0.0348088545167482,0.0348088545167482,0.0,0.0348088545167482,0.0348088545167482,0.0348088545167482,0.0348088545167482,0.0348088545167482,0.0348088545167482
2018-02-13,0.008537514367633565,0.020400675986486094,0.020400675986486094,0.020400675986486094,0.020400675986486094,0.019900675986486094,0.020400675986486094,0.020400675986486094,0.020400675986486094,0.020400675986486094,0.020400675986486094,0.020400675986486094
2018-02-14,0.01081056547115852,0.025832207585371192,0.025832207585371192,0.025832207585371192,0.025832207585371192,0.025832207585371192,0.025832207585371192,0.025832207585371192,0.025832207585371192,0.025832207585371192,0.025832207585371192,0.025832207585371192
2018-02-15,0.003088827455462118,0.007380856462852581,0.007380856462852581,0.007380856462852581,0.007380856462852581,0.007380856462852581,0.007380856462852581,0.007380856462852581,0.007380856462852581,0.007380856462852581,0.007380856462852581,0.007380856462852581
2018-02-16,-0.0037418262709931214,-0.008941218962002284,-0.008941218962002284,-0.008941218962002284,-0.008941218962002284,-0.008941218962002284,-0.008941218962002284,-0.008941218962002284,-0.008941218962002284,-0.008941218962002284,-0.008941218962002284,-0.008941218962002284
2018-02-20,0.005679311448857226,0.013570904563712238,0.013570904563712238,0.013570904563712238,0.013570904563712238,-0.0005,0.013570904563712238,0.013570904563712238,0.013570904563712238,0.013570904563712238,0.013570904563712238,0.013570904563712238
2018-02-21,0.004152570859542813,0.009922706887337096,0.009922706887337096,0.009922706887337096,0.009922706887337096,0.009422706887337096,0.009922706887337096,0.009922706887337096,0.009922706887337096,0.009922706887337096,0.009922706887337096,0.009922706887337096
2018-02-22,0.000682912423585538,0.001631842065593636,0.001631842065593636,0.001631842065593636,0.001631842065593636,0.001631842065593636,0.001631842065593636,0.001631842065593636,0.001631842065593636,0.001631842065593636,0.001631842065593636,0.001631842065593636
2018-02-23,0.004130437029147941,0.009869817359685173,0.009869817359685173,0.009869817359685173,0.009869817359685173,-0.0005,0.009869817359685173,0.009869817359685173,0.009869817359685173,0.009869817359685173,0.009869817359685173,0.009869817359685173
2018-02-26,0.00612394954624455,0.014633382161458375,0.014633382161458373,0.014633382161458375,0.014633382161458375,0.014133382161458374,0.014633382161458375,0.014633382161458375,0.014633382161458375,0.014633382161458375,0.014633382161458375,0.014633382161458375
2018-02-27,-0.002741483794226107,-0.006550867172796515,-0.006550867172796515,-0.006550867172796515,-0.006550867172796515,-0.006550867172796515,-0.006550867172796515,-0.006550867172796515,-0.006550867172796515,-0.006550867172796515,-0.006550867172796515,-0.006550867172796515
2018-02-28,0.00013008033129250285,0.0003108313001467522,0.0003108313001467522,0.0003108313001467522,0.0003108313001467522,-0.0005,0.0003108313001467522,0.0003108313001467522,0.0003108313001467522,0.0003108313001467522,0.0003108313001467522,0.0003108313001467522
2018-03-01,-0.00525724338156853,-0.012562358807392093,-0.012562358807392093,-0.012562358807392093,-0.012562358807392093,0.0,-0.012562358807392093,-0.012562358807392093,-0.012562358807392093,-0.012562358807392093,-0.012562358807392093,-0.012562358807392093
2018-03-02,0.001905462619960992,0.004553166629101657,0.004553166629101657,0.004553166629101657,0.004553166629101657,0.0,0.004553166629101657,0.004553166629101657,0.004553166629101657,0.004553166629101657,0.004553166629101657,0.004553166629101657
2018-03-05,0.0065162214880096,0.01557072907976953,0.01557072907976953,0.01557072907976953,0.01557072907976953,0.01507072907976953,0.01557072907976953,0.01557072907976953,0.01557072907976953,0.01557072907976953,0.01557072907976953,0.01557072907976953
2018-03-06,0.0038536782601010762,0.00920849302913429,0.00920849302913429,0.00920849302913429,0.00920849302913429,0.00920849302913429,0.00920849302913429,0.00920849302913429,0.00920849302913429,0.00920849302913429,0.00920849302913429,0.00920849302913429
2018-03-07,0.0022219048168696156,0.004786506564700588,0.004786506564700587,0.004786506564700588,0.004786506564700588,0.004786506564700588,0.004786506564700588,0.004786506564700588,0.004786506564700588,0.004786506564700588,0.004786506564700588,0.004786506564700588
2018-03-08,0.0020848041540836013,0.0044401594736043215,0.004440159473604321,0.0044401594736043215,0.0044401594736043215,0.0044401594736043215,0.0044401594736043215,0.0044401594736043215,0.0044401594736043215,0.0044401594736043215,0.0044401594736043215,0.0044401594736043215
2018-03-09,0.009523947516249909,0.01741782666536884,0.01741782666536884,0.01741782666536884,0.01741782666536884,0.01741782666536884,0.01741782666536884,0.01741782666536884,0.01741782666536884,0.01741782666536884,0.01741782666536884,0.01741782666536884
2018-03-12,0.006781329972433895,0.012350428812454961,0.01235042881245496,0.012350428812454961,0.012350428812454961,0.012350428812454961,0.012350428812454961,0.012350428812454961,0.012350428812454961,0.012350428812454961,0.012350428812454961,0.012350428812454961
2018-03-13,-0.005272182814830576,-0.006387748444923624,-0.006387748444923624,-0.006387748444923624,-0.006387748444923624,-0.006387748444923624,-0.006387748444923624,-0.006387748444923624,-0.006387748444923624,-0.006387748444923624,-0.006387748444923624,-0.006387748444923624
2018-03-14,0.0014299747853588089,0.001775698923243585,0.0017756989232435847,0.001775698923243585,0.001775698923243585,-0.0005,0.001775698923243585,0.001775698923243585,0.001775698923243585,0.001775698923243585,0.001775698923243585,0.001775698923243585
2018-03-15,-0.00524884799018454,-0.005455760159082668,-0.005455760159082668,-0.005455760159082668,-0.005455760159082668,0.0,-0.005455760159082668,-0.005455760159082668,-0.005455760159082668,-0.005455760159082668,-0.005455760159082668,-0.005455760159082668
2018-03-16,-0.00638075258765529,-0.006724274466889391,-0.006724274466889391,-0.006724274466889391,-0.006724274466889391,0.0,-0.006724274466889391,-0.006724274466889391,-0.006724274466889391,-0.006724274466889391,-0.006724274466889391,-0.006724274466889391
2018-03-19,-0.016150524485846855,-0.01702002356856136,-0.01702002356856136,-0.01702002356856136,-0.01702002356856136,0.0,-0.01702002356856136,-0.01702002356856136,-0.01702002356856136,-0.01702002356856136,-0.01702002356856136,-0.01702002356856136
2018-03-20,0.02553892776501053,0.02691387223103381,0.02691387223103381,0.02691387223103381,0.02691387223103381,0.0,0.02691387223103381,0.02691387223103381,0.02691387223103381,0.02691387223103381,0.02691387223103381,0.02691387223103381
2018-03-21,-0.002781206203767778,-0.0029309385697435797,-0.0029309385697435797,-0.0029309385697435797,-0.0029309385697435797,-0.0034309385697435797,-0.0029309385697435797,-0.0029309385697435797,-0.0029309385697435797,-0.0029309385697435797,-0.0029309385697435797,-0.0029309385697435797
2018-03-22,-0.022159264232599354,-0.023352257063312565,-0.023352257063312565,-0.023352257063312565,0.022352257063312564,-0.023352257063312565,-0.023352257063312565,-0.023352257063312565,-0.023352257063312565,-0.023352257063312565,-0.023352257063312565,-0.023352257063312565
2018-03-23,-0.024891594085175935,-0.03194990354365934,-0.03194990354365934,-0.03194990354365934,-0.03294990354365934,-0.0005,-0.03194990354365934,-0.03194990354365934,-0.03194990354365934,-0.03194990354365934,-0.03194990354365934,-0.03194990354365934
2018-03-26,0.026673740099463543,0.0403193371656132,0.0403193371656132,0.0403193371656132,0.0403193371656132,0.0,0.0403193371656132,0.0403193371656132,0.0403193371656132,0.0403193371656132,0.0403193371656132,0.0403193371656132
2018-03-27,-0.021543931967489376,-0.037799009933227934,-0.037799009933227934,-0.037799009933227934,-0.037799009933227934,-0.038299009933227934,-0.037799009933227934,-0.037799009933227934,-0.037799009933227934,-0.037799009933227934,-0.037799009933227934,-0.037799009933227934
2018-03-28,-0.02493215449663299,-0.043839574227757305,-0.043839574227757305,-0.043839574227757305,-0.043839574227757305,-0.0005,-0.043839574227757305,-0.043839574227757305,-0.043839574227757305,-0.043839574227757305,-0.043839574227757305,-0.043839574227757305
2018-03-29,0.005021426255120958,0.011121789958675743,0.011121789958675743,0.011121789958675743,0.011121789958675743,0.0,0.011121789958675743,0.011121789958675743,-0.0005,0.011121789958675743,0.011121789958675743,0.011121789958675743
2018-04-02,-0.02376777360450185,-0.05206094449224363,-0.05206094449224363,-0.05206094449224363,-0.05206094449224363,-0.05256094449224363,-0.05206094449224363,-0.05206094449224363,0.0,-0.05206094449224363,-0.05206094449224363,-0.05206094449224363
2018-04-03,0.005845741972241594,0.014621073252283123,0.014621073252283123,0.014621073252283123,0.014621073252283123,-0.0005,0.014621073252283123,0.014621073252283123,0.0,-0.015621073252283124,0.014621073252283123,0.014621073252283123
2018-04-04,0.005344169851342224,0.013304155601610468,0.013304155601610468,0.013304155601610468,0.013304155601610468,0.012804155601610467,0.013304155601610468,0.013304155601610468,0.0,-0.013304155601610468,0.013304155601610466,0.013304155601610468
2018-04-05,0.011726926850915058,0.02919384373872269,0.02919384373872269,0.02919384373872269,-0.030193843738722692,0.02919384373872269,0.02919384373872269,0.02919384373872269,0.0,-0.02919384373872269,0.029193843738722688,0.02919384373872269
2018-04-06,-0.01287186722791675,-0.032044139547784845,-0.032044139547784845,-0.032044139547784845,-0.033044139547784845,-0.032044139547784845,-0.032044139547784845,-0.032044139547784845,0.0,0.032044139547784845,-0.03204413954778484,-0.032044139547784845
2018-04-09,0.00024299580013915385,0.0006049309856379637,0.0006049309856379637,0.0006049309856379637,-0.0016049309856379637,-0.0005,0.0006049309856379637,0.0006049309856379637,0.0,-0.0006049309856379637,0.0006049309856379636,0.0006049309856379637
2018-04-10,0.008610433971061445,0.02143542524562969,0.02143542524562969,0.02143542524562969,-0.02143542524562969,0.0,0.02143542524562969,0.021435425245629688,0.0,-0.02143542524562969,0.021435425245629688,0.02143542524562969
2018-04-11,-0.0025647061935336656,-0.006384761566404218,-0.006384761566404218,-0.006384761566404218,-0.007384761566404218,-0.006884761566404218,-0.006384761566404218,-0.006384761566404217,0.0,0.006384761566404218,-0.006384761566404217,-0.006384761566404218
2018-04-12,0.00603784421117185,0.015031037769792865,0.015031037769792865,0.015031037769792865,0.015031037769792865,0.015031037769792865,0.015031037769792865,-0.016031037769792863,0.014531037769792865,0.014031037769792865,0.015031037769792865,0.015031037769792865
2018-04-13,-0.004911292096354651,-0.012226519005276604,-0.012226519005276604,-0.012226519005276604,-0.012226519005276604,-0.012226519005276604,-0.012226519005276604,0.012226519005276604,-0.012226519005276604,-0.012226519005276604,-0.012226519005276602,-0.012226519005276604
2018-04-16,0.0030068113516319816,0.007485369514734552,0.007485369514734552,0.007485369514734552,0.007485369514734552,-0.0005,0.007485369514734552,-0.007485369514734552,0.007485369514734552,0.007485369514734552,0.007485369514734552,0.007485369514734552
2018-04-17,0.01736902957582186,0.04323969457439136,0.04323969457439136,0.04323969457439136,0.04323969457439136,0.04273969457439136,0.04323969457439136,-0.04323969457439136,0.04323969457439136,0.04323969457439136,0.043239694574391356,0.04323969457439136
2018-04-18,0.0054047354862805565,0.015965907361371823,0.015965907361371823,0.015965907361371823,0.015965907361371823,0.015965907361371823,0.015965907361371823,-0.015965907361371823,0.015965907361371823,0.015965907361371823,0.01596590736137182,0.015965907361371823
2018-04-19,0.006477416341791287,0.019026846696625466,0.019026846696625466,0.019026846696625466,0.019026846696625466,0.019026846696625466,0.019026846696625466,-0.019026846696625466,0.019026846696625466,0.019026846696625466,0.019026846696625462,0.019026846696625466
2018-04-20,-0.006433012097852996,-0.018896413095091713,-0.01889641309509171,-0.018896413095091713,-0.018896413095091713,-0.018896413095091713,-0.018896413095091713,0.018896413095091713,-0.018896413095091713,-0.018896413095091713,-0.01889641309509171,-0.018896413095091713
2018-04-23,-0.0021462572196860835,-0.006304443768269441,-0.006304443768269441,-0.006304443768269441,0.005304443768269441,-0.006304443768269441,-0.006304443768269441,0.006304443768269441,-0.006304443768269441,-0.006304443768269441,-0.006304443768269441,-0.006304443768269441
2018-04-24,-0.012957019622044963,-0.03806011733462866,-0.03806011733462866,-0.03806011733462866,0.03806011733462866,-0.03806011733462866,-0.03806011733462866,0.03806011733462866,-0.03806011733462866,-0.03806011733462866,-0.03806011733462866,-0.03806011733462866
2018-04-25,1.864261004972062e-05,5.476104433066453e-05,5.476104433066453e-05,5.476104433066453e-05,-0.0009452389556693355,-0.0005,5.476104433066453e-05,-5.476104433066453e-05,5.476104433066453e-05,5.476104433066453e-05,5.476104433066453e-05,5.476104433066453e-05
2018-04-26,0.013473635513103061,0.03957763154732241,0.03957763154732241,0.03957763154732241,0.03957763154732241,0.0,0.03957763154732241,-0.03957763154732241,0.03957763154732241,0.03957763154732241,0.03957763154732241,0.03957763154732241
2018-04-27,0.012258669534497712,0.03600877473825914,0.036008774738259135,0.03600877473825914,0.03600877473825914,0.03550877473825914,0.03600877473825914,0.03500877473825914,0.03600877473825914,0.03600877473825914,0.03600877473825914,0.03600877473825914
2018-04-30,-0.0014049054325532568,-0.004126787422321976,-0.004126787422321976,-0.004126787422321976,-0.004126787422321976,-0.004126787422321976,-0.004126787422321976,-0.004126787422321976,-0.0005,-0.004126787422321976,-0.004126787422321976,-0.004126787422321976
2018-05-01,0.0035062203044795774,0.010299216955919732,0.010299216955919732,0.010299216955919732,-0.011299216955919733,0.010299216955919732,0.010299216955919732,0.010299216955919732,0.0,0.010299216955919732,0.010299216955919732,0.010299216955919732
2018-05-02,-0.0034975023314046095,-0.007950625194139027,-0.007950625194139025,-0.007950625194139027,0.007950625194139027,-0.007950625194139027,-0.007950625194139027,-0.007950625194139027,-0.008450625194139028,-0.007950625194139027,-0.007950625194139027,-0.007950625194139027
2018-05-03,0.0006635746531954943,0.001528911821702117,0.0015289118217021167,0.001528911821702117,-0.001528911821702117,0.001528911821702117,0.001528911821702117,0.001528911821702117,0.001528911821702117,0.001528911821702117,0.001528911821702117,0.001528911821702117
2018-05-04,0.002448841019711001,0.005642261901468659,0.005642261901468658,0.005642261901468659,-0.005642261901468659,0.005642261901468659,0.005642261901468659,0.005642261901468659,0.005642261901468659,0.005642261901468659,0.005642261901468659,0.005642261901468659
2018-05-07,0.00526824086906669,0.012138311349751518,0.012138311349751518,0.012138311349751518,-0.012138311349751518,-0.0005,0.012138311349751518,0.012138311349751518,0.012138311349751518,0.012138311349751518,0.012138311349751518,0.012138311349751518
2018-05-08,-0.002366512775000869,-0.004843383195326512,-0.004843383195326512,-0.004843383195326512,0.004843383195326512,-0.005343383195326512,-0.004843383195326512,-0.004843383195326512,-0.004843383195326512,-0.004843383195326512,-0.004843383195326512,-0.004843383195326512
2018-05-09,0.004739696460474669,0.009802904151798408,0.009802904151798408,0.009802904151798408,0.008802904151798407,0.009802904151798408,0.009802904151798408,0.009802904151798408,0.009802904151798408,0.009802904151798408,0.009802904151798408,0.009802904151798408
2018-05-10,0.00032474341109135047,0.0006716524063099527,0.0006716524063099527,0.0006716524063099527,-0.0016716524063099527,0.0006716524063099527,0.0006716524063099527,0.0006716524063099527,0.0006716524063099527,0.0006716524063099527,0.0006716524063099527,0.0006716524063099527
2018-05-11,-0.0024788346383858057,-0.003834516470754168,-0.003834516470754168,-0.003834516470754168,-0.004834516470754168,-0.003834516470754168,-0.003834516470754168,-0.003834516470754168,-0.003834516470754168,-0.003834516470754168,-0.003834516470754168,-0.003834516470754168
2018-05-14,-0.0005377251635900999,-0.0008546543966294617,-0.0008546543966294617,-0.0008546543966294617,-0.0008546543966294617,-0.0008546543966294617,-0.0008546543966294617,-0.0008546543966294617,-0.0008546543966294617,-0.0008546543966294617,-0.0008546543966294617,-0.0008546543966294617
2018-05-15,-0.010193539545659937,-0.015872268790349864,-0.015872268790349864,-0.015872268790349864,-0.015872268790349864,-0.0005,-0.015872268790349864,-0.015872268790349864,-0.015872268790349864,-0.015872268790349864,-0.015872268790349864,-0.015872268790349864
2018-05-16,0.004544853979934659,0.007080662119067549,0.007080662119067549,0.007080662119067549,0.007080662119067549,0.0,0.007080662119067549,0.007080662119067549,0.007080662119067549,0.007080662119067549,0.007080662119067548,0.007080662119067549
2018-05-17,-0.0022621915551129827,-0.003477659670395261,-0.003477659670395261,-0.003477659670395261,-0.003477659670395261,-0.003977659670395262,-0.003477659670395261,-0.003477659670395261,-0.003477659670395261,-0.003477659670395261,-0.003477659670395261,-0.003477659670395261
2018-05-18,-0.00303470626579811,-0.004672001043388829,-0.004672001043388829,-0.004672001043388829,-0.004672001043388829,-0.0005,-0.004672001043388829,-0.004672001043388829,-0.0005,-0.004672001043388829,-0.004672001043388828,-0.004672001043388829
2018-05-21,0.0045818941858663045,0.007044143460552821,0.007044143460552821,0.007044143460552821,0.007044143460552821,0.0,0.007044143460552821,0.007044143460552821,0.0,0.007044143460552821,0.00704414346055282,0.007044143460552821
2018-05-22,-0.0016708335918231621,-0.0025608078786804045,-0.0025608078786804045,-0.0025608078786804045,-0.0025608078786804045,-0.0030608078786804045,-0.0025608078786804045,-0.0025608078786804045,0.0,-0.0025608078786804045,-0.0025608078786804045,-0.0025608078786804045
2018-05-23,0.008447853545663169,0.012937936366005598,0.012937936366005598,0.012937936366005598,0.012937936366005598,-0.0005,0.012937936366005598,0.012937936366005598,0.0,0.012937936366005598,0.012937936366005596,0.012937936366005598
2018-05-24,0.0004908602724223759,0.0007553855752788774,0.0007553855752788774,0.0007553855752788774,0.0007553855752788774,0.0002553855752788774,0.0007553855752788774,0.0007553855752788774,0.0,0.0007553855752788774,0.0007553855752788773,0.0007553855752788774
2018-05-25,0.0028794817579573017,0.004416479152626884,0.004416479152626883,0.004416479152626884,0.004416479152626884,0.004416479152626884,0.004416479152626884,0.004416479152626884,0.0,0.004416479152626884,0.004416479152626884,0.004416479152626884
2018-05-29,0.0011044781955933702,0.0016893033249025802,0.0016893033249025802,0.0016893033249025802,0.0016893033249025802,0.0016893033249025802,0.0016893033249025802,0.0016893033249025802,0.0011893033249025802,0.0016893033249025802,0.0016893033249025802,0.0016893033249025802
2018-05-30,0.004883701237902633,0.00745252767120097,0.00745252767120097,0.00745252767120097,0.00745252767120097,0.00745252767120097,0.00745252767120097,0.00745252767120097,0.00745252767120097,0.00745252767120097,0.00745252767120097,0.00745252767120097
2018-05-31,0.0019059519758695966,0.0029110106331380337,0.0029110106331380332,0.0029110106331380337,-0.003911010633138034,0.0029110106331380337,0.0029110106331380337,0.0029110106331380337,0.0029110106331380337,0.0029110106331380337,0.0029110106331380337,0.0029110106331380337
2018-06-01,0.004808807003976767,0.007314596664868223,0.007314596664868223,0.007314596664868223,-0.007314596664868223,0.007314596664868223,0.007314596664868223,0.007314596664868223,0.007314596664868223,0.007314596664868223,0.007314596664868223,0.007314596664868223
2018-06-04,0.009501226097030453,0.014455850842866047,0.014455850842866047,0.014455850842866047,0.013455850842866046,0.014455850842866047,0.014455850842866047,0.014455850842866047,0.014455850842866047,0.014455850842866047,0.014455850842866047,0.014455850842866047
2018-06-05,0.012274904140331406,0.018663651200122366,0.018663651200122366,0.018663651200122366,0.018663651200122366,0.018663651200122366,0.018663651200122366,0.018663651200122366,0.018663651200122366,0.018663651200122366,0.018663651200122366,0.018663651200122366
2018-06-06,-0.00023310701518484785,-0.0003536862117876627,-0.0003536862117876627,-0.0003536862117876627,-0.0003536862117876627,-0.0003536862117876627,-0.0003536862117876627,-0.0003536862117876627,-0.0003536862117876627,-0.0003536862117876627,-0.0003536862117876627,-0.0003536862117876627
2018-06-07,-0.0024893352027368365,-0.003803651977406841,-0.003803651977406841,-0.003803651977406841,-0.003803651977406841,-0.003803651977406841,-0.003803651977406841,-0.003803651977406841,-0.003803651977406841,-0.003803651977406841,-0.003803651977406841,-0.003803651977406841
2018-06-08,-0.002056310509832659,-0.003143258294014406,-0.003143258294014406,-0.003143258294014406,-0.003143258294014406,-0.003143258294014406,-0.003143258294014406,-0.0031432582940144056,-0.003143258294014406,-0.003143258294014406,-0.0031432582940144056,-0.003143258294014406
2018-06-11,0.0020014193914340626,0.0030463392416790747,0.0030463392416790747,0.0030463392416790747,0.0030463392416790747,-0.0005,0.0030463392416790747,0.0030463392416790747,0.0030463392416790747,0.0030463392416790747,0.0030463392416790742,0.0030463392416790747
2018-06-12,0.007098692517929576,0.005701178257960349,0.005701178257960349,0.005701178257960349,0.005701178257960349,0.0,0.005701178257960349,0.005701178257960349,0.005701178257960349,0.005701178257960349,0.005701178257960349,0.005701178257960349
2018-06-13,0.004681532131209514,0.0035967177727189714,0.0035967177727189714,0.0035967177727189714,0.0035967177727189714,0.0030967177727189714,0.0035967177727189714,0.003596717772718971,0.0035967177727189714,0.0035967177727189714,0.0035967177727189714,0.0035967177727189714
2018-06-14,0.01450603226540308,0.011144664310384744,0.011144664310384744,0.011144664310384744,0.011144664310384744,0.011144664310384744,0.011144664310384744,0.011144664310384744,0.011144664310384744,0.011144664310384744,0.011144664310384744,0.011144664310384744
2018-06-15,-0.006835113034060211,-0.004576946257703773,-0.004576946257703773,-0.004576946257703773,-0.004576946257703773,-0.004576946257703773,-0.004576946257703773,-0.004576946257703773,-0.004576946257703773,-0.004576946257703773,-0.004576946257703773,-0.004576946257703773
2018-06-18,0.006719521412412767,0.004557175708828076,0.004557175708828076,0.004557175708828076,0.004557175708828076,0.004557175708828076,0.004557175708828076,0.004557175708828076,0.004557175708828076,0.004557175708828076,0.004557175708828076,0.004557175708828076
2018-06-19,0.00940059891452379,0.006375480989251114,0.006375480989251114,0.006375480989251114,0.006375480989251114,0.006375480989251114,0.006375480989251114,0.006375480989251114,0.006375480989251114,0.006375480989251114,0.006375480989251114,0.006375480989251114
2018-06-20,0.013004368099880854,0.008819555259391043,0.008819555259391043,0.008819555259391043,0.008819555259391043,0.008819555259391043,0.008819555259391043,0.008819555259391043,0.008819555259391043,0.008819555259391043,0.008819555259391043,0.008819555259391043
2018-06-21,-0.01673255521333054,-0.011348009699612582,-0.011348009699612582,-0.011348009699612582,-0.011348009699612582,-0.011348009699612582,-0.011348009699612582,-0.011348009699612582,-0.011348009699612582,-0.011348009699612582,-0.011348009699612582,-0.011348009699612582
2018-06-22,-0.012399517117803625,-0.008409345657574563,-0.008409345657574563,-0.008409345657574563,-0.008409345657574563,-0.0005,-0.008409345657574563,-0.008409345657574563,-0.008409345657574563,-0.008409345657574563,-0.008409345657574563,-0.008409345657574563
2018-06-25,-0.0403409202127476,-0.030611940875939325,-0.030611940875939325,-0.030611940875939325,-0.030611940875939325,0.0,-0.030611940875939325,-0.030611940875939325,-0.030611940875939325,-0.030611940875939325,-0.030611940875939325,-0.030611940875939325
2018-06-26,0.015186123462194875,0.016799393006361685,0.016799393006361685,0.016799393006361685,0.016799393006361685,0.0,0.016799393006361685,0.016799393006361685,0.016799393006361685,0.016799393006361685,0.016799393006361685,0.016799393006361685
2018-06-27,-0.01656140503362823,-0.018083004300295413,-0.018083004300295413,-0.018083004300295413,-0.018083004300295413,-0.018583004300295414,-0.018083004300295413,-0.018083004300295413,-0.0005,-0.018083004300295413,-0.018083004300295413,-0.018083004300295413
2018-06-28,0.0198501937356993,0.024655133217022396,0.024655133217022392,0.024655133217022396,0.024655133217022396,-0.0005,0.024655133217022396,0.024655133217022396,0.0,0.024655133217022396,0.024655133217022396,0.024655133217022396
2018-06-29,-0.0007829433783662442,-0.0009698112831901806,-0.0009698112831901807,-0.0009698112831901806,-0.0009698112831901806,-0.0014698112831901806,-0.0009698112831901806,-0.0009698112831901806,0.0,-0.0009698112831901806,-0.0009698112831901806,-0.0009698112831901806
2018-07-02,0.006639810208606179,0.008224557530564391,0.008224557530564391,0.008224557530564391,0.008224557530564391,0.008224557530564391,0.008224557530564391,0.008224557530564391,0.0,0.008224557530564391,0.008224557530564391,0.008224557530564391
2018-07-03,-0.00933670966611591,-0.011565135656379955,-0.011565135656379955,-0.011565135656379955,-0.011565135656379955,-0.011565135656379955,-0.011565135656379955,-0.011565135656379955,0.0,-0.011565135656379955,-0.011565135656379955,-0.011565135656379955
2018-07-05,0.0027499459383268747,0.0034062854005068033,0.0034062854005068033,0.0034062854005068033,0.0034062854005068033,-0.0005,0.0034062854005068033,0.0034062854005068033,0.0,0.0034062854005068033,0.0034062854005068033,0.0034062854005068033
2018-07-06,0.005177119666678322,0.006412761389779309,0.006412761389779309,0.006412761389779309,0.006412761389779309,0.0059127613897793085,0.006412761389779309,0.006412761389779309,0.0059127613897793085,0.006412761389779309,0.006412761389779309,0.006412761389779309
2018-07-09,0.013398333355739082,0.01659616164256117,0.01659616164256117,0.01659616164256117,0.01659616164256117,0.01659616164256117,0.01659616164256117,0.01659616164256117,0.01659616164256117,0.01659616164256117,0.01659616164256117,0.01659616164256117
2018-07-10,0.001880219881438988,0.0023289787055904565,0.0023289787055904565,0.0023289787055904565,0.0023289787055904565,0.0023289787055904565,0.0023289787055904565,0.0023289787055904565,0.0023289787055904565,0.0023289787055904565,0.0023289787055904565,0.0023289787055904565
2018-07-11,0.005525431925846705,0.006844206585369106,0.006844206585369106,0.006844206585369106,0.006844206585369106,0.006844206585369106,0.006844206585369106,0.006844206585369106,0.006844206585369106,0.006844206585369106,0.006844206585369106,0.006844206585369106
2018-07-12,0.02356113175719457,0.023715114321803732,0.023715114321803732,0.023715114321803732,0.023715114321803732,0.023715114321803732,0.023715114321803732,0.02371511432180373,0.023715114321803732,0.023715114321803732,0.023715114321803732,0.023715114321803732
2018-07-13,0.008502505078755461,0.009133768896724348,0.009133768896724348,0.009133768896724348,0.009133768896724348,0.009133768896724348,0.009133768896724348,0.009133768896724348,0.009133768896724348,0.009133768896724348,0.009133768896724348,0.009133768896724348
2018-07-16,0.004847155586109145,0.0052177800587500656,0.0052177800587500656,0.0052177800587500656,0.0052177800587500656,0.0052177800587500656,0.0052177800587500656,0.0052177800587500656,0.0052177800587500656,0.0052177800587500656,0.0052177800587500656,0.0052177800587500656
2018-07-17,0.011024771845061499,0.011764193682617163,0.011764193682617163,0.011764193682617163,0.011764193682617163,0.011764193682617163,0.011764193682617163,0.011764193682617163,0.011764193682617163,0.011764193682617163,0.011764193682617163,0.011764193682617163
2018-07-18,-0.0005133984191464197,-0.0005477318654328878,-0.0005477318654328878,-0.0005477318654328878,-0.0005477318654328878,-0.0005477318654328878,-0.0005477318654328878,-0.0005477318654328878,-0.0005477318654328878,-0.0005477318654328878,-0.0005477318654328878,-0.0005477318654328878
2018-07-19,-0.015174797192516905,-0.016251439318926697,-0.016251439318926697,-0.016251439318926697,-0.016251439318926697,-0.016251439318926697,-0.016251439318926697,-0.016251439318926697,-0.016251439318926697,-0.016251439318926697,-0.016251439318926697,-0.016251439318926697
2018-07-20,0.00033842481015539013,0.000402643441726136,0.000402643441726136,0.000402643441726136,0.000402643441726136,-0.0005,0.000402643441726136,0.00040264344172613587,0.000402643441726136,0.000402643441726136,0.000402643441726136,0.000402643441726136
2018-07-23,-0.00578951255057921,-0.006450891550111915,-0.006450891550111915,-0.006450891550111915,-0.006450891550111915,0.0,-0.006450891550111915,-0.006450891550111915,-0.006450891550111915,-0.006450891550111915,-0.006450891550111915,-0.006450891550111915
2018-07-24,0.013740513985842856,0.01511653201758878,0.01511653201758878,0.01511653201758878,-0.01611653201758878,0.0,0.01511653201758878,0.01511653201758878,0.01511653201758878,0.01511653201758878,0.01511653201758878,0.01511653201758878
2018-07-25,0.017004918955559268,0.01878920500125658,0.01878920500125658,0.01878920500125658,0.01778920500125658,0.01828920500125658,0.01878920500125658,0.018789205001256578,0.01878920500125658,0.01878920500125658,0.01878920500125658,0.01878920500125658
2018-07-26,-0.029887303945087082,-0.029839878546057075,-0.029839878546057075,-0.029839878546057075,0.028839878546057074,-0.029839878546057075,-0.029839878546057075,-0.029839878546057075,-0.029839878546057075,-0.029839878546057075,-0.029839878546057075,-0.029839878546057075
2018-07-27,0.004589286882415543,0.005127223105519718,0.005127223105519718,0.005127223105519718,0.004127223105519718,-0.0005,0.005127223105519718,0.005127223105519718,-0.0005,0.005127223105519718,0.005127223105519718,0.005127223105519718
2018-07-30,-0.02025538978803858,-0.020938043492589764,-0.020938043492589764,-0.020938043492589764,-0.020938043492589764,0.0,-0.020938043492589764,-0.02093804349258976,0.0,-0.020938043492589764,-0.020938043492589764,-0.020938043492589764
2018-07-31,-0.0009572391747840844,-0.0010004034202905077,-0.0010004034202905077,-0.0010004034202905077,4.0342029050764033e-07,0.0,-0.0010004034202905077,-0.0010004034202905077,0.0,-0.0010004034202905077,-0.0010004034202905077,-0.0010004034202905077
2018-08-01,0.010520302179546092,0.011100188511422582,0.011100188511422582,0.011100188511422582,0.010100188511422581,0.0,0.011100188511422582,0.011100188511422582,0.0,0.011100188511422582,0.011100188511422582,0.011100188511422582
2018-08-02,0.019477359012756178,0.020676972776122904,0.020676972776122904,0.020676972776122904,0.020676972776122904,0.0,0.020676972776122904,0.0206769727761229,0.0,0.020676972776122904,0.020676972776122904,0.020676972776122904
2018-08-03,-0.005604109745481529,-0.006018567620502124,-0.006018567620502124,-0.006018567620502124,-0.006018567620502124,-0.006518567620502125,-0.006018567620502124,-0.0060185676205021235,0.0,-0.006018567620502124,-0.006018567620502124,-0.006018567620502124
2018-08-06,0.012316081977413386,0.013415305387102894,0.013415305387102892,0.013415305387102894,0.013415305387102894,0.013415305387102894,0.013415305387102894,0.013415305387102894,0.0,0.013415305387102894,0.013415305387102894,0.013415305387102894
2018-08-07,0.007232360114752208,0.00797189690599387,0.00797189690599387,0.00797189690599387,0.00797189690599387,0.00797189690599387,0.00797189690599387,0.007971896905993868,0.0,0.00797189690599387,0.00797189690599387,0.00797189690599387
2018-08-08,0.011945244112271729,0.012907476510019888,0.012907476510019888,0.012907476510019888,0.012907476510019888,0.012907476510019888,0.012907476510019888,0.012907476510019888,0.012407476510019888,0.012907476510019888,0.012907476510019888,0.012907476510019888
2018-08-09,0.005819740155619546,0.006360983466085601,0.006360983466085601,0.006360983466085601,0.006360983466085601,0.006360983466085601,0.006360983466085601,0.006360983466085601,0.006360983466085601,0.006360983466085601,0.006360983466085601,0.006360983466085601
2018-08-10,-0.005896423295713562,-0.006436593187619355,-0.006436593187619355,-0.006436593187619355,-0.006436593187619355,-0.006436593187619355,-0.006436593187619355,-0.006436593187619355,-0.006436593187619355,-0.006436593187619355,-0.006436593187619355,-0.006436593187619355
2018-08-13,0.005012600082262877,0.005248317917343259,0.005248317917343259,0.005248317917343259,0.005248317917343259,-0.0005,0.005248317917343259,0.005248317917343259,0.005248317917343259,0.005248317917343259,0.005248317917343259,0.005248317917343259
2018-08-14,0.011925298981733216,0.012366845697121098,0.012366845697121097,0.012366845697121098,0.012366845697121098,0.011866845697121098,0.012366845697121098,0.012366845697121098,0.012366845697121098,0.012366845697121098,0.012366845697121098,0.012366845697121098
2018-08-15,-0.018367108995486842,-0.019289990364543264,-0.019289990364543264,-0.019289990364543264,0.018289990364543263,-0.019289990364543264,-0.019289990364543264,-0.019289990364543264,-0.019289990364543264,-0.019289990364543264,-0.019289990364543264,-0.019289990364543264
2018-08-16,0.0018589716768464422,0.002071577924933621,0.002071577924933621,0.002071577924933621,0.0010715779249336208,-0.0005,0.002071577924933621,0.002071577924933621,0.002071577924933621,0.002071577924933621,0.002071577924933621,0.002071577924933621
2018-08-17,-0.002070156836998275,-0.002279290398177758,-0.002279290398177758,-0.002279290398177758,-0.002279290398177758,0.0,-0.002279290398177758,-0.002279290398177758,-0.002279290398177758,-0.002279290398177758,-0.002279290398177758,-0.002279290398177758
2018-08-20,-0.002788390468661322,-0.002927367006458015,-0.0029273670064580144,-0.002927367006458015,-0.002927367006458015,0.0,-0.002927367006458015,-0.0029273670064580144,-0.002927367006458015,-0.002927367006458015,-0.002927367006458015,-0.002927367006458015
2018-08-21,0.003371481136431507,0.0035753524597155195,0.0035753524597155195,0.0035753524597155195,0.0035753524597155195,0.0,0.0035753524597155195,0.003575352459715519,0.0035753524597155195,0.0035753524597155195,0.0035753524597155195,0.0035753524597155195
2018-08-22,0.010858250987375296,0.011404839643848641,0.011404839643848641,0.011404839643848641,0.011404839643848641,0.01090483964384864,0.011404839643848641,0.011404839643848641,-0.0005,0.011404839643848641,0.011404839643848641,0.011404839643848641
2018-08-23,-0.0010178759705676522,-0.0010499879325082118,-0.0010499879325082118,-0.0010499879325082118,-0.0010499879325082118,-0.0010499879325082118,-0.0010499879325082118,-0.0010499879325082118,0.0,-0.0010499879325082118,-0.0010499879325082118,-0.0010499879325082118
2018-08-24,0.001290547740517013,0.0013085721135976947,0.0013085721135976944,0.0013085721135976947,0.0013085721135976947,0.0013085721135976947,0.0013085721135976947,0.0013085721135976947,0.0,0.0013085721135976947,0.0013085721135976947,0.0013085721135976947
2018-08-27,0.0116984128662041,0.0116984128662041,0.0116984128662041,0.0116984128662041,0.0116984128662041,0.0116984128662041,0.0116984128662041,0.0116984128662041,0.0111984128662041,0.0116984128662041,0.0116984128662041,0.0116984128662041
2018-08-28,0.0026663776936470818,0.0026663776936470818,0.0026663776936470818,0.0026663776936470818,0.0026663776936470818,0.0026663776936470818,0.0026663776936470818,0.0026663776936470818,0.0026663776936470818,0.0026663776936470818,0.0026663776936470818,0.0026663776936470818
2018-08-29,0.03377448472317157,0.03377448472317157,0.03377448472317157,0.03377448472317157,0.03377448472317157,0.03377448472317157,0.03377448472317157,0.03377448472317157,0.03377448472317157,0.03377448472317157,0.03377448472317157,0.03377448472317157
2018-08-30,0.0021420801683240676,0.0021420801683240676,0.0021420801683240676,0.0021420801683240676,0.0021420801683240676,0.0021420801683240676,0.0021420801683240676,0.0021420801683240676,0.0021420801683240676,0.0021420801683240676,0.0021420801683240676,0.0021420801683240676
2018-08-31,0.005158808357790701,0.005158808357790701,0.005158808357790701,0.005158808357790701,0.005158808357790701,0.005158808357790701,0.005158808357790701,0.005158808357790701,0.005158808357790701,0.005158808357790701,0.005158808357790701,0.005158808357790701
2018-09-04,0.013315420436047276,0.013315420436047276,0.013315420436047274,0.013315420436047276,-0.014315420436047277,0.013315420436047276,0.013315420436047276,0.013315420436047276,0.013315420436047276,0.013315420436047276,0.013315420436047276,0.013315420436047276
2018-09-05,-0.021912171605654396,-0.021912171605654396,-0.021912171605654396,-0.021912171605654396,-0.022912171605654397,-0.021912171605654396,-0.021912171605654396,-0.021912171605654396,-0.021912171605654396,-0.021912171605654396,-0.021912171605654396,-0.021912171605654396
2018-09-06,-0.018302408612638987,-0.018302408612638987,-0.018302408612638984,-0.018302408612638987,-0.018302408612638987,-0.0005,-0.018302408612638987,-0.018302408612638987,-0.018302408612638987,-0.018302408612638987,-0.018302408612638987,-0.018302408612638987
2018-09-07,-0.0031863848938521455,-0.0031863848938521455,-0.0031863848938521455,-0.0031863848938521455,-0.0031863848938521455,0.0,-0.0031863848938521455,-0.0031863848938521455,-0.0031863848938521455,-0.0031863848938521455,-0.0031863848938521455,-0.0031863848938521455
2018-09-10,-0.0066903325749549936,-0.0066903325749549936,-0.0066903325749549936,-0.0066903325749549936,-0.0066903325749549936,0.0,-0.0066903325749549936,-0.0066903325749549936,-0.0066903325749549936,-0.0066903325749549936,-0.0066903325749549936,-0.0066903325749549936
2018-09-11,0.0248270784425193,0.0248270784425193,0.0248270784425193,0.0248270784425193,0.0248270784425193,0.0,0.0248270784425193,0.0248270784425193,0.0248270784425193,0.0248270784425193,0.0248270784425193,0.0248270784425193
2018-09-12,0.0013271883620934691,0.00143423328566894,0.00143423328566894,0.00143423328566894,-0.00243423328566894,0.0009342332856689399,0.00143423328566894,0.00143423328566894,-0.0005,0.00143423328566894,0.00143423328566894,0.00143423328566894
2018-09-13,-6.220927261843473e-05,-6.53290868404266e-05,-6.532908684042664e-05,-6.53290868404266e-05,-0.0010653290868404266,-6.53290868404266e-05,-6.53290868404266e-05,-6.53290868404266e-05,0.0,-6.53290868404266e-05,-6.53290868404266e-05,-6.53290868404266e-05
2018-09-14,-0.009494160268231968,-0.009890105002663963,-0.00989010500266396,-0.009890105002663963,-0.009890105002663963,-0.009890105002663963,-0.009890105002663963,-0.009890105002663963,0.0,-0.009890105002663963,-0.009890105002663963,-0.009890105002663963
2018-09-17,-0.03157063882067675,-0.03155027437226787,-0.03155027437226787,-0.03155027437226787,-0.03155027437226787,-0.0005,-0.03155027437226787,-0.03155027437226787,0.0,-0.03155027437226787,-0.03155027437226787,-0.03155027437226787
2018-09-18,0.014933228456121213,0.017305818361681213,0.01730581836168121,0.017305818361681213,0.017305818361681213,0.0,0.017305818361681213,0.017305818361681213,0.0,0.017305818361681213,0.017305818361681213,0.017305818361681213
2018-09-19,-0.006359416781234595,-0.007537144683164243,-0.007537144683164243,-0.007537144683164243,-0.007537144683164243,-0.008037144683164243,-0.007537144683164243,-0.007537144683164243,0.0,-0.007537144683164243,-0.007537144683164243,-0.007537144683164243
2018-09-20,0.007759765959977613,0.009281436034859869,0.009281436034859867,0.009281436034859869,0.009281436034859869,-0.0005,0.009281436034859869,0.009281436034859869,0.0,0.009281436034859869,0.009281436034859869,0.009281436034859869
2018-09-21,-0.012524409237756638,-0.015064474134848682,-0.015064474134848682,-0.015064474134848682,-0.015064474134848682,-0.015564474134848683,-0.015064474134848682,-0.015064474134848682,0.0,-0.015064474134848682,-0.015064474134848682,-0.015064474134848682
2018-09-24,0.008258879499764763,0.010104372755515678,0.010104372755515678,0.010104372755515678,0.010104372755515678,-0.0005,0.010104372755515678,0.010104372755515678,0.0,0.010104372755515678,0.010104372755515678,0.010104372755515678
2018-09-25,0.016838412727892,0.020776882772626015,0.020776882772626015,0.020776882772626015,0.020776882772626015,0.020276882772626015,0.020776882772626015,0.020776882772626012,0.0,0.020776882772626015,0.020776882772626015,0.020776882772626015
2018-09-26,0.00010366776321875722,0.00015192716831013975,0.00015192716831013975,0.00015192716831013975,0.00015192716831013975,0.00015192716831013975,0.00015192716831013975,0.0001519271683101397,0.0,0.00015192716831013975,0.00015192716831013975,0.00015192716831013975
2018-09-27,0.015218706368614644,0.019307813394711104,0.019307813394711104,0.019307813394711104,0.019307813394711104,0.019307813394711104,0.019307813394711104,0.019307813394711104,0.018807813394711104,0.019307813394711104,0.019307813394711104,0.019307813394711104
2018-09-28,-0.0038067419510014397,-0.004957829079553111,-0.004957829079553111,-0.004957829079553111,-0.004957829079553111,-0.004957829079553111,-0.004957829079553111,-0.004957829079553111,-0.004957829079553111,-0.004957829079553111,-0.004957829079553111,-0.004957829079553111
2018-10-01,0.0005349707975456405,0.0006789894400496266,0.0006789894400496266,0.0006789894400496266,0.0006789894400496266,0.0006789894400496266,0.0006789894400496266,0.0006789894400496266,0.0006789894400496266,0.0006789894400496266,0.0006789894400496266,0.0006789894400496266
2018-10-02,-0.01402828538784006,-0.016489093067526883,-0.016489093067526883,-0.016489093067526883,-0.016489093067526883,-0.016489093067526883,-0.016489093067526883,-0.01648909306752688,-0.016489093067526883,-0.016489093067526883,-0.016489093067526883,-0.016489093067526883
2018-10-03,-0.007814659142510245,-0.009409964736917797,-0.009409964736917796,-0.009409964736917797,-0.009409964736917797,-0.0005,-0.009409964736917797,-0.009409964736917797,-0.009409964736917797,-0.009409964736917797,-0.009409964736917797,-0.009409964736917797
2018-10-04,-0.01872685450075247,-0.02219422567092222,-0.02219422567092222,-0.02219422567092222,-0.02219422567092222,0.0,-0.02219422567092222,-0.02219422567092222,-0.02219422567092222,-0.02219422567092222,-0.02219422567092222,-0.02219422567092222
2018-10-05,-0.008722546148965782,-0.010353955604213816,-0.010353955604213816,-0.010353955604213816,-0.010353955604213816,0.0,-0.010353955604213816,-0.010353955604213816,-0.010353955604213816,-0.010353955604213816,-0.010353955604213816,-0.010353955604213816
2018-10-08,-0.01151627956314085,-0.013351652655319235,-0.013351652655319235,-0.013351652655319235,-0.013351652655319235,0.0,-0.013351652655319235,-0.013351652655319235,-0.0005,-0.013351652655319235,-0.013351652655319235,-0.013351652655319235
2018-10-09,0.002679977158106696,0.003164503350325587,0.003164503350325587,0.003164503350325587,0.003164503350325587,0.0,0.003164503350325587,0.003164503350325587,0.0,0.003164503350325587,0.003164503350325587,0.003164503350325587
2018-10-10,-0.03896625193406952,-0.06152425214335033,-0.06152425214335033,-0.06152425214335033,-0.06152425214335033,0.0,-0.06152425214335033,0.06052425214335033,0.0,-0.06152425214335033,-0.061524252143350326,-0.06152425214335033
2018-10-11,-0.010432448783274458,-0.020447169250033426,-0.020447169250033426,-0.020447169250033426,-0.020447169250033426,0.0,-0.020447169250033426,0.020447169250033426,0.0,-0.020447169250033426,-0.020447169250033426,-0.020447169250033426
2018-10-12,0.02042715942621678,0.04027654247009993,0.04027654247009993,-0.04127654247009993,0.04027654247009993,0.0,0.04027654247009993,-0.04027654247009993,0.0,0.04027654247009993,0.04027654247009993,0.04027654247009993
2018-10-15,-0.0068552207939899835,-0.015464474245241777,-0.015464474245241777,0.015464474245241777,-0.015464474245241777,-0.015964474245241778,-0.015464474245241777,0.015464474245241777,0.0,-0.015464474245241777,-0.015464474245241777,-0.015464474245241777
2018-10-16,0.014783207420134082,0.03351032644684038,0.03351032644684038,-0.03351032644684038,0.03351032644684038,-0.0005,0.03351032644684038,-0.03351032644684038,0.0,0.03351032644684038,0.03351032644684038,0.03351032644684038
2018-10-17,0.0028530234885208554,0.0064671857563620705,0.00646718575636207,-0.0064671857563620705,0.0064671857563620705,0.00596718575636207,0.0064671857563620705,-0.0064671857563620705,0.0,0.0064671857563620705,0.0064671857563620705,0.0064671857563620705
2018-10-18,-0.014693640868700251,-0.033307298491406456,-0.033307298491406456,0.033307298491406456,-0.033307298491406456,-0.033307298491406456,-0.033307298491406456,0.033307298491406456,0.032807298491406456,0.032307298491406455,-0.033307298491406456,-0.033307298491406456
2018-10-19,-0.0016667495341388023,-0.0037781598679350603,-0.0037781598679350603,0.0037781598679350603,-0.0037781598679350603,-0.0005,-0.0037781598679350603,0.0037781598679350603,0.0037781598679350603,0.0037781598679350603,-0.0037781598679350603,-0.0037781598679350603
2018-10-22,0.006319577578641107,0.014325112382443717,0.014325112382443717,-0.014325112382443717,0.014325112382443717,0.0,0.014325112382443717,-0.014325112382443717,-0.014325112382443717,-0.014325112382443717,0.014325112382443717,0.014325112382443717
2018-10-23,-0.00507894574224884,-0.011512868959461908,-0.011512868959461908,0.011512868959461908,-0.011512868959461908,-0.012012868959461909,-0.011512868959461908,0.011512868959461908,-0.0005,0.011512868959461908,-0.011512868959461908,-0.011512868959461908
2018-10-24,-0.026064656847000173,-0.059082926650834144,-0.059082926650834144,0.059082926650834144,-0.059082926650834144,-0.0005,-0.059082926650834144,0.059082926650834144,0.0,0.059082926650834144,-0.059082926650834144,-0.059082926650834144
2018-10-25,0.026818117600756385,-0.0005,-0.0005,-0.07088689580645524,0.07088689580645524,0.0,-0.07188689580645524,-0.07088689580645524,-0.07138689580645524,-0.07088689580645524,-0.07188689580645523,0.07088689580645524
2018-10-26,-0.024434451547333688,-0.07869674751655215,-0.07869674751655215,0.07819674751655215,-0.07819674751655215,-0.07869674751655215,-0.07919674751655215,0.07819674751655215,0.07819674751655215,0.07819674751655215,-0.07919674751655215,-0.07819674751655215
2018-10-29,-0.01773559754342952,-0.0005,-0.0005,0.06326358495753426,-0.06326358495753426,-0.0005,0.06226358495753426,0.06326358495753426,0.06326358495753426,0.06326358495753426,0.06226358495753424,-0.06326358495753426
2018-10-30,-0.0015397940426967649,0.0,0.0,0.005497459446531794,-0.005497459446531794,0.0,0.005497459446531794,0.005497459446531794,0.005497459446531794,0.005497459446531794,0.005497459446531793,-0.005497459446531794
2018-10-31,0.012370053717532251,0.0,0.0,-0.04416426273766638,0.04416426273766638,0.0,-0.04416426273766638,-0.04416426273766638,-0.04416426273766638,-0.04416426273766638,-0.044164262737666375,0.04416426273766638
2018-11-01,0.010584489980281754,0.0,0.0,-0.04225254609166407,0.04225254609166407,0.04175254609166407,-0.04225254609166407,-0.04225254609166407,-0.04225254609166407,-0.04225254609166407,-0.04225254609166407,0.04225254609166407
2018-11-02,0.0,0.0,0.0,0.0,0.0,0.0,0.0,0.0,0.0,0.0,0.0,0.0
2018-11-05,-0.005682642184823679,0.0,0.0,0.022653420449634698,-0.022653420449634698,-0.022653420449634698,0.022653420449634698,0.022653420449634698,0.022653420449634698,0.022653420449634698,0.022653420449634698,-0.022653420449634698
2018-11-06,0.002313120327892522,0.0,0.0,-0.00922107808904249,0.00922107808904249,-0.0005,-0.00922107808904249,-0.00922107808904249,-0.00922107808904249,-0.00922107808904249,-0.009221078089042488,0.00922107808904249
2018-11-07,0.017205830067344642,0.0,0.0,-0.06858973168176319,0.06858973168176319,0.06808973168176319,-0.06858973168176319,-0.06858973168176317,-0.0005,-0.06858973168176319,-0.06858973168176319,0.06858973168176319
2018-11-08,-0.00010034425930540469,0.0,0.0,-0.0005,-0.0005,-0.0003303844428476088,-0.0005,0.00033038444284760876,0.0,0.0003303844428476088,0.0003303844428476088,-0.0003303844428476088
2018-11-09,-0.003781289093865839,0.0,0.0,0.0,0.023706376188181555,-0.024206376188181555,0.0,0.024206376188181555,0.0,0.024206376188181555,0.024206376188181555,-0.024206376188181555
2018-11-12,-0.006869077614720031,0.0,0.0,0.0,0.04413610380713673,-0.0005,0.0,0.04413610380713673,0.0,0.04413610380713673,-0.04513610380713673,-0.04413610380713673
2018-11-13,-0.0005394330338658581,0.0,0.0,0.0,0.003470038015299326,0.0,0.0,0.003470038015299326,0.0,0.003470038015299326,-0.003470038015299326,-0.003470038015299326
2018-11-14,-0.0030716290523602114,0.0,0.0,0.0,0.019715929862163195,0.0,0.0,0.019715929862163195,0.0,0.019715929862163195,-0.019715929862163195,-0.019715929862163195
2018-11-15,0.00202567535815525,0.0,0.0,0.0,-0.012776650897123432,0.0,0.0,-0.012776650897123432,-0.013276650897123432,-0.012776650897123432,0.012776650897123432,0.012776650897123432
2018-11-16,-0.002542854393866981,0.0,0.0,0.0,0.016073437868940443,0.0,0.0,0.016073437868940443,0.016073437868940443,0.016073437868940443,-0.016073437868940443,-0.016073437868940443
2018-11-19,-0.008143167667308365,0.0,0.0,0.0,0.05090968010562913,0.0,0.0,0.05090968010562913,0.05090968010562913,0.05090968010562913,-0.05090968010562913,-0.05090968010562913
2018-11-20,-0.0017259018662865754,0.0,0.0,0.0,0.011128808718927297,0.0,0.0,0.011128808718927297,0.011128808718927297,0.011128808718927297,-0.011128808718927297,-0.011128808718927297
2018-11-21,0.002216918927414267,0.0,0.0,0.0,0.013223040580892298,0.0,0.0,-0.014223040580892299,-0.014223040580892299,-0.014223040580892299,0.014223040580892299,0.014223040580892299
2018-11-23,-0.0014984911091755766,0.0,0.0,0.0,0.008672192531983258,-0.01017219253198326,0.0,0.009672192531983259,0.009672192531983259,0.009672192531983259,-0.009672192531983259,-0.009672192531983259
2018-11-26,0.00854925046555018,0.0,0.0,0.0,0.0517742053454423,-0.0005,0.0,-0.052774205345442304,-0.052774205345442304,-0.052774205345442304,0.052774205345442304,0.052774205345442304
2018-11-27,6.18520118330418e-06,0.0,0.0,0.0,-0.0010569311010165663,-0.0004430688989834337,0.0,-5.693110101656629e-05,-5.693110101656629e-05,-5.693110101656629e-05,5.693110101656629e-05,5.693110101656629e-05
2018-11-28,0.011510017019984473,0.0,0.0,0.0,-0.06091358215761211,0.06091358215761211,0.0,-0.06091358215761211,-0.06091358215761211,-0.06091358215761211,0.06091358215761211,0.06091358215761211
2018-11-29,-0.00048041593464632983,0.0,0.0,0.0,-0.0005,-0.0024914277024860043,0.0,-0.0034914277024860043,-0.0005,0.0024914277024860043,-0.0024914277024860043,-0.0024914277024860043
2018-11-30,0.0019087079816671503,0.0,0.0,0.0,0.009418938050902603,0.009918938050902604,0.0,0.009918938050902604,0.0,-0.009918938050902604,0.009918938050902604,0.009918938050902604
2018-12-03,0.009719971853557432,0.0,0.0,0.0,-0.04962821032044029,0.04862821032044029,0.0,0.04862821032044029,0.0,-0.04862821032044029,0.04862821032044029,0.04862821032044029
2018-12-04,-0.011574630561782664,0.0,0.0,0.0,-0.0005,-0.05865623540184539,-0.05915623540184539,-0.05865623540184539,0.0,0.05865623540184539,0.05765623540184539,-0.05865623540184539
2018-12-06,0.0033434393557232964,0.0,0.0,0.0,0.0,-0.0005,-0.0005,0.0184548674019982,0.0,-0.0184548674019982,0.017454867401998198,0.0184548674019982
2018-12-07,-0.007536122357138577,0.0,0.0,0.0,0.0,0.0,0.0,-0.041231479123390424,0.0,0.041231479123390424,-0.041231479123390424,-0.041231479123390424
2018-12-10,0.0012850083494331391,0.0,0.0,0.0,0.0,0.0,0.0,-0.008304527462037359,0.0,-0.007304527462037358,0.007304527462037358,0.007304527462037358
2018-12-11,0.0003283922685476901,0.0,0.0,0.0,-0.0018467657815862122,0.0,0.0,-0.0013467657815862122,0.0,-0.0013467657815862122,-0.002346765781586212,0.0013467657815862122
2018-12-12,0.00350452082670482,0.0,0.0,0.0,-0.01235363498916997,0.0,0.0,-0.01235363498916997,-0.01285363498916997,-0.01235363498916997,0.01135363498916997,0.01235363498916997
2018-12-13,-0.000879945488074803,0.0,0.0,0.0,0.0031018578309504052,-0.0036018578309504052,0.0,0.0031018578309504052,0.0031018578309504052,0.0031018578309504052,-0.0031018578309504052,-0.0031018578309504052
2018-12-14,-0.011370399433914501,0.0,0.0,0.0,0.04008130390245668,-0.04008130390245668,0.0,-0.04108130390245668,0.04008130390245668,0.04008130390245668,0.03908130390245668,-0.04008130390245668
2018-12-17,-0.012652407577009766,0.0,0.0,0.0,0.04460045543160707,-0.0005,0.0,0.043600455431607066,0.04460045543160707,0.04460045543160707,0.04460045543160707,-0.04460045543160707
2018-12-18,0.005701965654974664,0.0,0.0,0.0,0.019099752835132322,0.0,0.0,-0.020099752835132323,-0.020099752835132323,-0.020099752835132323,-0.020099752835132323,0.020099752835132323
2018-12-19,-0.010312566677996321,0.0,0.0,0.0,0.03535238334743507,0.0,0.0,0.03635238334743507,0.03635238334743507,0.03635238334743507,-0.03735238334743507,-0.03635238334743507
2018-12-20,-0.006498758878635929,0.0,0.0,0.0,-0.023908494210543307,0.0,0.0,0.022908494210543306,0.022908494210543306,0.022908494210543306,-0.022908494210543306,-0.022908494210543306
2018-12-21,-0.01619183167610548,0.0,0.0,0.0,0.0560771264386426,0.0,0.0,0.0570771264386426,0.0570771264386426,0.0570771264386426,-0.0570771264386426,-0.0570771264386426
2018-12-24,-0.006897204025756128,0.0,0.0,0.0,-0.025313035987901578,0.0,0.0,0.024313035987901577,0.024313035987901577,0.024313035987901577,-0.024313035987901577,-0.024313035987901577
2018-12-26,0.026794524349807742,0.0,0.0,0.0,0.09445222040160872,0.0,0.0,-0.09445222040160872,-0.09445222040160872,-0.09445222040160872,0.09445222040160872,0.09445222040160872
2018-12-27,-0.0014843251323713926,0.0,0.0,0.0,0.005295430662189294,-0.006795430662189295,0.0,0.006295430662189294,0.006295430662189294,0.006295430662189294,-0.006295430662189294,-0.006295430662189294
2018-12-28,0.0025959530166249157,0.0,0.0,0.0,0.010206593086295901,0.011206593086295902,0.0,-0.011206593086295902,-0.011206593086295902,-0.011206593086295902,0.011206593086295902,0.011206593086295902
2018-12-31,0.0037536104636276056,0.0,0.0,0.0,0.016204139597652434,0.016204139597652434,0.0,-0.016204139597652434,-0.016204139597652434,-0.016204139597652434,0.016204139597652434,0.016204139597652434
2019-01-02,0.0063774767016348865,0.0,0.0,0.0,0.024740760502233394,0.024740760502233394,0.0,-0.024740760502233394,-0.024740760502233394,-0.024740760502233394,0.024740760502233394,0.024740760502233394
2019-01-03,-0.006520155531533402,0.0,0.0,0.0,-0.025241497784936007,-0.025241497784936007,0.0,0.025241497784936007,-0.0005,0.025241497784936007,-0.025241497784936007,-0.025241497784936007
2019-01-04,0.012932079572478517,0.0,0.0,0.0,-0.05106399867375011,-0.0005,0.0,-0.05006399867375011,0.0,-0.05006399867375011,0.05006399867375011,0.05006399867375011
2019-01-07,0.008873863399970663,0.0,0.0,0.0,-0.03435341415874271,0.03385341415874271,0.0,-0.03435341415874271,0.0,-0.03435341415874271,0.03435341415874271,0.03435341415874271
2019-01-08,0.004291154649944317,0.0,0.0,0.0,-0.01661235994563981,0.01661235994563981,0.01611235994563981,-0.01661235994563981,0.0,-0.01661235994563981,0.01661235994563981,0.01661235994563981
2019-01-09,0.0004428366134461252,0.0,0.0,0.0,-0.0017143547179709895,0.0017143547179709895,0.0017143547179709895,-0.0017143547179709895,0.0,-0.0017143547179709895,0.0017143547179709895,0.0017143547179709895
2019-01-10,-0.000498134279110614,0.0,0.0,0.0,-0.0029284287379283116,-0.0019284287379283116,-0.0019284287379283116,-0.0029284287379283116,0.0,0.0019284287379283116,-0.0019284287379283116,-0.0019284287379283116
2019-01-11,-0.0024423898780746257,0.0,0.0,0.0,-0.009455231305329326,-0.009455231305329326,-0.009455231305329326,-0.009455231305329326,0.0,0.009455231305329326,-0.009455231305329326,-0.009455231305329326
2019-01-14,-0.0036765362278640915,0.0,0.0,0.0,-0.014232985793521946,-0.0005,-0.014232985793521946,0.013232985793521945,0.0,0.014232985793521946,-0.014232985793521944,-0.014232985793521946
2019-01-15,0.00916030434240807,0.0,0.0,0.0,-0.036462313843586336,0.0,0.035462313843586335,-0.035462313843586335,0.0,-0.035462313843586335,-0.036462313843586336,0.035462313843586335
2019-01-16,0.001422259573505703,0.0,0.0,0.0,0.004505997778829874,0.005005997778829874,0.005505997778829874,0.004505997778829874,0.0,-0.005505997778829874,0.004505997778829873,0.005505997778829874
2019-01-17,0.0014482034523437385,0.0,0.0,0.0,0.005606434395265758,0.005606434395265758,0.005606434395265758,0.005606434395265758,0.0,-0.005606434395265758,0.005606434395265758,0.005606434395265758
2019-01-18,0.0004913051043933378,0.0,0.0,0.0,0.0017598946424279838,0.0017598946424279838,0.0017598946424279838,0.0017598946424279838,0.0,-0.0017598946424279838,0.0017598946424279838,0.0017598946424279838
2019-01-22,-0.010850762479071142,0.0,0.0,0.0,-0.03774908655967102,-0.03774908655967102,-0.03774908655967102,-0.03774908655967101,0.0,0.03774908655967102,-0.03774908655967102,-0.03774908655967102
2019-01-23,0.0013824840013045223,0.0,0.0,0.0,0.004809570602366753,-0.0005,0.004809570602366753,0.004809570602366753,0.0,-0.004809570602366753,-0.005809570602366753,0.004809570602366753
2019-01-24,0.002613253433202686,0.0,0.0,0.0,0.009091336230296898,0.0,0.009091336230296898,0.009091336230296898,0.0,0.008091336230296897,-0.009091336230296898,0.009091336230296898
2019-01-25,0.0030845546100901266,0.0,0.0,0.0,0.009450615167288179,0.0,0.009450615167288179,0.009450615167288179,0.0,0.009450615167288179,0.008450615167288178,0.009450615167288179
2019-01-28,-0.006427401929434123,0.0,0.0,0.0,-0.019562216712664893,-0.020062216712664893,-0.019562216712664893,-0.019562216712664893,0.019062216712664892,-0.019562216712664893,-0.019562216712664893,-0.019562216712664893
2019-01-29,-0.012260829084172243,0.0,0.0,0.0,-0.02686994204251958,-0.0005,-0.02686994204251958,-0.02686994204251958,0.02686994204251958,-0.02686994204251958,0.025869942042519578,-0.02686994204251958
2019-01-30,0.021802980758846277,0.0,0.0,0.0,0.04802744720961405,0.0,-0.0005,0.04802744720961405,-0.04802744720961405,0.04802744720961405,-0.04802744720961405,0.04802744720961405
2019-01-31,0.011444402631867296,0.0,0.0,0.0,0.02891472167185971,0.02841472167185971,0.02841472167185971,0.02891472167185971,-0.02891472167185971,0.02891472167185971,0.02791472167185971,0.02891472167185971
2019-02-01,-0.021354617996997772,-0.05431880772938674,-0.05431880772938674,0.0,0.05281880772938674,-0.05381880772938674,-0.05381880772938674,-0.05381880772938674,0.05381880772938674,-0.05381880772938674,0.05281880772938674,-0.05381880772938674
2019-02-04,0.001487610828875811,-0.0005,-0.0005,0.0,-0.004353581897566405,-0.0005,0.004353581897566405,0.004353581897566405,-0.004353581897566405,0.004353581897566405,-0.004353581897566405,0.004353581897566405
2019-02-05,0.005423360260051919,0.0,0.0,0.0,0.014612487224473614,0.0,0.015612487224473615,0.015612487224473615,-0.0005,0.015612487224473615,-0.015612487224473615,0.015612487224473615
2019-02-06,-0.004343275819427171,0.0,0.0,0.0,-0.011182689786027766,0.0,-0.011182689786027766,-0.011182689786027766,0.0,-0.011182689786027766,-0.012182689786027767,-0.011182689786027766
2019-02-07,-0.0061027242318836715,0.0,0.0,0.0,-0.015784110453143985,0.0,-0.015784110453143985,-0.015784110453143985,0.0,-0.015784110453143985,0.014784110453143984,-0.015784110453143985
2019-02-08,-0.006262830194356355,0.0,0.0,0.0,-0.016198209157239574,0.0,-0.016198209157239574,0.015198209157239573,0.015698209157239573,-0.016198209157239574,0.016198209157239574,-0.016198209157239574
2019-02-11,0.0006767644880232555,0.0,0.0,0.0,-0.002750386388740255,0.0,-0.0005,-0.0017503863887402549,-0.0017503863887402549,0.0017503863887402549,-0.0017503863887402549,0.0017503863887402549
2019-02-12,0.009212232180901862,0.0,0.0,0.0,0.028547382710171765,0.0,0.0,-0.029547382710171766,-0.029547382710171766,0.029547382710171766,0.028547382710171765,0.029547382710171766
2019-02-13,0.00037595601872766345,0.0,0.0,0.0,0.001214920135908626,0.0007149201359086259,0.0,-0.001214920135908626,-0.001214920135908626,0.001214920135908626,0.001214920135908626,0.001214920135908626
2019-02-14,-0.0033017370377470706,0.0,0.0,0.0,-0.010579272014338836,-0.010579272014338836,0.0,-0.011579272014338837,0.010579272014338836,-0.010579272014338836,-0.010579272014338836,-0.010579272014338836
2019-02-15,-0.0028761050826867597,0.0,0.0,0.0,-0.009059262479477748,-0.0005,0.0,0.008059262479477747,0.009059262479477748,-0.009059262479477748,-0.009059262479477748,-0.009059262479477748
2019-02-19,0.0038696317051095733,0.0,0.0,0.0,0.012208075244112715,0.0,0.0,-0.012208075244112715,-0.012208075244112715,-0.013208075244112716,0.012208075244112715,0.012208075244112715
2019-02-20,-0.0010702478905678051,0.0,0.0,0.0,-0.0033668938325457365,-0.0038668938325457365,0.0,0.0033668938325457365,-0.0005,0.0033668938325457365,-0.0033668938325457365,-0.0033668938325457365
2019-02-21,-0.0005219152329919517,0.0,0.0,0.0,-0.0016398893947140447,-0.0016398893947140447,0.0,0.0016398893947140447,0.0,0.0016398893947140447,-0.0016398893947140447,-0.0016398893947140447
2019-02-22,0.0023865775196388085,0.0,0.0,0.0,0.0074841032295558385,0.0074841032295558385,0.0,-0.0074841032295558385,0.0,-0.0074841032295558385,0.0074841032295558385,0.0074841032295558385
2019-02-25,0.00028459566941855987,0.0,0.0,0.0,0.0008825736547322105,0.0008825736547322105,0.0,-0.0008825736547322105,0.0,-0.0008825736547322105,0.0008825736547322105,0.0008825736547322105
2019-02-26,0.0006817808305522563,0.0,0.0,0.0,0.00208203509820426,0.00208203509820426,0.0,-0.00208203509820426,0.0,-0.00208203509820426,0.00208203509820426,0.00208203509820426
2019-02-27,0.0009400370253850083,0.0,0.0,0.0,0.0028660116253622636,0.0028660116253622636,0.0,-0.0028660116253622636,0.0,-0.0028660116253622636,0.0028660116253622636,0.0028660116253622636
2019-02-28,-0.0002523985500030472,0.0,0.0,0.0,-0.0007677325817357916,-0.0007677325817357916,0.0,-0.0017677325817357916,0.0,0.0007677325817357916,-0.0007677325817357916,-0.0007677325817357916
2019-03-01,0.0065566350801343825,0.0,0.0,0.0,0.019453250691601864,0.019453250691601864,0.0,0.019453250691601864,0.0,-0.019453250691601864,0.019453250691601864,0.019453250691601864
2019-03-04,0.0049132967197536,0.014119586796095207,0.0,0.0,0.014619586796095208,0.014619586796095208,0.014119586796095207,0.014619586796095208,0.0,-0.014619586796095208,0.014619586796095208,0.014619586796095208
2019-03-05,-0.0007745646411331833,-0.0022050158240090045,0.0,0.0,-0.0022050158240090045,-0.0022050158240090045,-0.0022050158240090045,0.0012050158240090045,-0.0027050158240090045,0.0022050158240090045,0.001205015824009004,-0.0022050158240090045
2019-03-06,-0.0048346169151123695,-0.013873495481994347,0.0,0.0,-0.013873495481994347,-0.013873495481994347,-0.013873495481994347,-0.014873495481994348,-0.013873495481994347,0.013873495481994347,-0.014873495481994348,-0.013873495481994347
2019-03-07,-0.008967777413841985,-0.02576471998369667,0.0,0.0,-0.02576471998369667,-0.0005,-0.02576471998369667,-0.02576471998369667,-0.02576471998369667,0.02576471998369667,-0.02576471998369667,-0.02576471998369667
2019-03-08,-0.0011278114759195874,-0.0005,0.0,0.0,0.0021673752931026255,0.0,-0.0005,0.0021673752931026255,-0.0031673752931026256,0.0031673752931026256,-0.0031673752931026256,-0.0031673752931026256
2019-03-11,0.011347767957605216,0.0,0.0,0.0,0.02973787372053016,0.0,0.0,-0.030737873720530162,0.030737873720530162,-0.030737873720530162,0.030737873720530162,0.030737873720530162
2019-03-12,0.0005429801017109864,0.0009844854239022265,0.0,0.0,0.0014844854239022265,0.0009844854239022265,0.0009844854239022265,0.00048448542390222647,-0.0005,0.00048448542390222647,-0.0024844854239022265,0.0014844854239022265
2019-03-13,0.0039617442041935715,0.010585118161452245,0.0,0.0,0.010585118161452245,0.010585118161452245,0.010585118161452245,0.010585118161452245,0.0,0.010585118161452245,-0.010585118161452243,0.010585118161452245
2019-03-14,-0.0013144728971340642,-0.002714673150861824,0.0,0.002214673150861824,-0.002714673150861824,-0.002714673150861824,-0.002714673150861824,-0.002714673150861824,0.0,-0.002714673150861824,0.002714673150861824,-0.002714673150861824
2019-03-15,0.00806287205904733,0.015502120161135613,0.0,-0.015502120161135613,0.015502120161135613,0.015502120161135613,0.015502120161135613,0.015502120161135613,0.0,0.015502120161135613,0.014502120161135612,0.015502120161135613
2019-03-18,0.008792218519957954,0.017397066258948213,0.0,-0.017397066258948213,-0.018397066258948214,0.017397066258948213,0.017397066258948213,0.017397066258948213,0.016897066258948212,0.017397066258948213,-0.018397066258948214,0.017397066258948213
2019-03-19,0.0056873919012973995,0.011307873960989534,0.0,-0.011307873960989534,-0.011307873960989534,0.011307873960989534,0.011307873960989534,0.011307873960989534,0.011307873960989534,0.011307873960989534,-0.011307873960989532,0.011307873960989534
2019-03-20,0.010299958511947559,0.02010391063581385,0.0,-0.02010391063581385,-0.0005,0.02010391063581385,0.02010391063581385,0.02010391063581385,0.02010391063581385,0.02010391063581385,-0.020103910635813845,0.02010391063581385
2019-03-21,0.0060830806314289025,0.012235166707998735,0.0,-0.012235166707998735,0.0,0.012235166707998735,0.012235166707998735,0.012235166707998735,0.012235166707998735,0.012235166707998735,-0.012235166707998733,0.012235166707998735
2019-03-22,-0.014964952326958627,-0.029951683771010984,0.0,0.029951683771010984,0.029451683771010984,-0.029951683771010984,-0.029951683771010984,-0.029951683771010984,-0.029951683771010984,-0.029951683771010984,0.02995168377101098,-0.029951683771010984
2019-03-25,0.002260595365228669,0.005377413721055602,0.0,-0.005377413721055602,-0.005377413721055602,-0.0005,0.005377413721055602,0.005377413721055601,0.005377413721055602,0.005377413721055602,-0.005377413721055601,0.005377413721055602
2019-03-26,0.002289300789074794,0.0053544138654035844,0.0,-0.0053544138654035844,-0.0005,0.0,0.0053544138654035844,0.005354413865403584,0.0053544138654035844,0.0053544138654035844,-0.0053544138654035844,0.0053544138654035844
2019-03-27,-0.0043344130321548826,-0.01012467867973188,0.0,0.01012467867973188,0.00962467867973188,-0.01062467867973188,-0.01012467867973188,-0.01012467867973188,-0.01012467867973188,-0.01012467867973188,0.010124678679731878,-0.01012467867973188
2019-03-28,0.0018258652705068774,0.00437213503435796,0.0,-0.00437213503435796,-0.0005,-0.0005,0.00437213503435796,0.00437213503435796,0.00437213503435796,0.00437213503435796,-0.004372135034357959,0.00437213503435796
2019-03-29,0.0017306269977672459,0.004133266392968293,0.0,-0.004133266392968293,0.0036332663929682933,0.0036332663929682933,0.004133266392968293,0.004133266392968293,0.004133266392968293,0.004133266392968293,-0.0041332663929682925,0.004133266392968293
2019-04-01,0.007881442530994289,0.018778657625842854,0.0,-0.018778657625842854,0.018778657625842854,0.018778657625842854,0.018778657625842854,0.018778657625842854,-0.0005,0.018778657625842854,-0.01877865762584285,0.018778657625842854
2019-04-02,-4.919775404183469e-05,-0.00011581671050930886,0.0,0.00011581671050930886,-0.00011581671050930886,-0.00011581671050930886,-0.00011581671050930886,-0.00011581671050930886,-0.0006158167105093089,-0.00011581671050930886,0.00011581671050930885,-0.00011581671050930886
2019-04-03,0.001574674103667498,0.003704629310371743,0.0,-0.003704629310371743,-0.0005,0.003704629310371743,0.003704629310371743,0.003704629310371743,0.003704629310371743,0.003704629310371743,-0.0037046293103717427,0.003704629310371743
2019-04-04,-0.00043261956304854987,-0.0010106317894359451,0.0,0.0010106317894359451,-0.0015106317894359451,-0.0010106317894359451,-0.0010106317894359451,-0.0010106317894359451,-0.0010106317894359451,-0.0010106317894359451,0.0010106317894359451,-0.0010106317894359451
2019-04-05,0.004472685054953256,0.010127196283313822,0.0,-0.010127196283313822,0.010127196283313822,0.010127196283313822,0.010127196283313822,0.010127196283313822,0.010127196283313822,0.010127196283313822,-0.01012719628331382,0.010127196283313822
2019-04-08,0.003416765059860145,0.0068470544892456076,0.0,-0.0068470544892456076,0.0068470544892456076,0.0068470544892456076,0.0068470544892456076,0.0068470544892456076,0.0068470544892456076,0.0068470544892456076,-0.006847054489245607,0.0068470544892456076
2019-04-09,-0.0038730188290817488,-0.007578913297284662,0.0,0.007578913297284662,-0.007578913297284662,-0.007578913297284662,-0.007578913297284662,-0.007578913297284662,-0.007578913297284662,-0.007578913297284662,0.007578913297284661,-0.007578913297284662
2019-04-10,0.0034512079248178932,0.006258726672734749,0.0,-0.006258726672734749,0.006258726672734749,0.006258726672734749,0.006258726672734749,0.006258726672734749,0.006258726672734749,0.006258726672734749,-0.006258726672734748,0.006258726672734749
2019-04-11,-0.0009812531582375078,-0.001764730856449126,0.0,0.001764730856449126,-0.0005,-0.001764730856449126,-0.001764730856449126,-0.001764730856449126,-0.001764730856449126,-0.001764730856449126,0.0017647308564491258,-0.001764730856449126
2019-04-12,-0.0005942569755004454,-0.0005476903050044557,0.0,-0.0015476903050044557,-0.0010476903050044557,-0.0005476903050044557,-0.0005476903050044557,-0.0005476903050044557,-0.0005476903050044557,-0.0005476903050044557,-0.0015476903050044557,-0.0005476903050044557
2019-04-15,0.0008175238116314284,0.0009820611162909554,0.00048206111629095526,0.0009820611162909554,0.0009820611162909554,0.0009820611162909554,0.0009820611162909554,0.0009820611162909554,0.0009820611162909554,0.0009820611162909554,-0.0019820611162909554,0.0009820611162909554
2019-04-16,0.008198820451238667,0.009848939749589336,0.009848939749589336,0.009848939749589336,0.009848939749589336,0.009848939749589336,0.009848939749589336,0.009848939749589336,0.009848939749589336,0.009848939749589336,-0.009848939749589336,0.009848939749589336
2019-04-17,0.0007953248022516846,0.0009553942674214166,0.0009553942674214166,0.0009553942674214166,0.0009553942674214166,0.0009553942674214166,0.0009553942674214166,0.0009553942674214166,0.0009553942674214166,0.0009553942674214166,-4.460573257858338e-05,0.0009553942674214166
2019-04-18,-0.0013971822719816521,-0.001678383384266291,-0.001678383384266291,-0.001678383384266291,-0.001678383384266291,-0.001678383384266291,-0.001678383384266291,-0.001678383384266291,-0.001678383384266291,-0.001678383384266291,-0.001678383384266291,-0.001678383384266291
2019-04-22,0.013275411733096276,0.01376167016316665,0.01376167016316665,0.01376167016316665,0.01376167016316665,0.01376167016316665,0.01376167016316665,0.01376167016316665,0.01376167016316665,0.01376167016316665,-0.014761670163166651,0.01376167016316665
2019-04-23,0.0187321708975616,0.019318479950358514,0.019318479950358514,0.019318479950358514,0.019318479950358514,0.019318479950358514,0.019318479950358514,0.019318479950358514,0.019318479950358514,0.019318479950358514,0.018318479950358513,0.019318479950358514
2019-04-24,-0.011098863504572063,-0.01144625325368731,-0.01144625325368731,-0.01144625325368731,-0.0005,-0.01144625325368731,-0.01144625325368731,-0.01144625325368731,-0.01144625325368731,-0.01144625325368731,-0.01144625325368731,-0.01144625325368731
2019-04-25,0.00025495189165325173,0.00026293177839042947,0.00026293177839042947,0.00026293177839042947,-0.00023706822160957054,0.00026293177839042947,0.00026293177839042947,0.00026293177839042947,0.00026293177839042947,0.00026293177839042947,-0.0012629317783904295,0.00026293177839042947
2019-04-26,0.024661142174709674,0.02543302552920257,0.02543302552920257,0.02543302552920257,-0.0005,0.02543302552920257,0.02543302552920257,0.02543302552920257,0.02543302552920257,0.02543302552920257,-0.02543302552920257,0.02543302552920257
2019-04-29,-0.00606457704682437,-0.006254395751948416,-0.006254395751948416,-0.006254395751948416,0.005754395751948416,-0.006254395751948416,-0.006254395751948416,-0.006254395751948416,-0.006254395751948416,-0.006254395751948416,-0.007254395751948416,-0.006254395751948416
2019-04-30,-0.005957722428783404,-0.006144196629405907,-0.006144196629405907,-0.006144196629405907,-0.0005,-0.006144196629405907,-0.006144196629405907,-0.006144196629405907,-0.006144196629405907,-0.006144196629405907,-0.006144196629405907,-0.006144196629405907
2019-05-01,-0.007549755950780671,-0.007786060129541195,-0.007786060129541195,-0.007786060129541195,0.0,-0.0005,-0.007786060129541195,-0.007786060129541195,-0.007786060129541195,-0.007786060129541195,0.006786060129541195,-0.007786060129541195
2019-05-02,-0.005427713143075146,-0.005597598276473326,-0.005597598276473326,-0.005597598276473326,-0.006097598276473326,0.0,-0.005597598276473326,-0.005597598276473326,-0.005597598276473326,-0.005597598276473326,0.005597598276473326,-0.005597598276473326
2019-05-03,0.03144393562473417,0.03242811755501673,0.03242811755501673,0.03242811755501673,-0.0005,0.0,0.03242811755501673,0.03242811755501673,0.03242811755501673,0.03242811755501673,-0.03242811755501673,0.03242811755501673
2019-05-06,-0.005069262974537218,-0.006068961956673058,-0.006068961956673058,-0.006068961956673058,0.0055689619566730575,-0.006568961956673058,-0.006068961956673058,-0.006068961956673058,-0.006068961956673058,-0.006068961956673058,-0.007068961956673058,-0.006068961956673058
2019-05-07,-0.012471258296275385,-0.015149504925400126,-0.015149504925400126,-0.015149504925400126,0.015149504925400126,-0.015149504925400126,-0.015149504925400126,-0.015149504925400126,-0.015149504925400126,-0.015149504925400126,0.014149504925400125,-0.015149504925400126
2019-05-08,-0.0013842191943573305,-0.0016814851400369646,-0.0016814851400369646,-0.0016814851400369646,-0.0005,-0.0005,-0.0016814851400369646,-0.0016814851400369646,-0.0016814851400369646,-0.0016814851400369646,0.0016814851400369646,-0.0016814851400369646
2019-05-09,-0.0076836350899792145,-0.009333722778829934,-0.009333722778829934,-0.009333722778829934,0.0,0.0,-0.009333722778829934,-0.009333722778829934,-0.009333722778829934,-0.009333722778829934,0.009333722778829934,-0.009333722778829934
2019-05-10,-0.004285322827168054,-0.005205610992477072,-0.005205610992477072,-0.005205610992477072,-0.005705610992477073,0.0,-0.005205610992477072,-0.005205610992477072,-0.005205610992477072,-0.005205610992477072,0.005205610992477072,-0.005205610992477072
2019-05-13,-0.029313617121696136,-0.035608819608768605,-0.0356088196087686,-0.035608819608768605,0.034608819608768604,0.0,-0.035608819608768605,-0.0356088196087686,-0.0005,-0.035608819608768605,0.035608819608768605,-0.035608819608768605
2019-05-14,0.006069109298844977,0.009568262041155462,0.009568262041155462,0.009568262041155462,-0.009568262041155462,0.0,0.009568262041155462,0.009568262041155462,0.0,0.009568262041155462,0.008568262041155461,0.009568262041155462
2019-05-15,0.010854398922203884,0.01686309695084587,0.016863096950845865,0.01686309695084587,0.015863096950845867,0.0,0.01686309695084587,0.01686309695084587,0.0,0.01686309695084587,0.016863096950845865,0.01686309695084587
2019-05-16,0.012528514006631276,0.01946395630546416,0.01946395630546416,0.01946395630546416,0.01946395630546416,0.018963956305464158,0.01946395630546416,0.01946395630546416,0.0,0.01946395630546416,0.01946395630546416,0.01946395630546416
2019-05-17,-0.01301483605364927,-0.020219492921261684,-0.020219492921261684,-0.020219492921261684,0.019219492921261683,-0.020219492921261684,-0.020219492921261684,-0.020219492921261684,0.0,-0.020219492921261684,-0.020219492921261684,-0.020219492921261684
2019-05-20,-0.0031261547401770042,-0.005366456690264809,-0.005366456690264809,-0.005366456690264809,-0.006366456690264809,-0.0005,-0.005366456690264809,-0.005366456690264809,0.0,-0.005366456690264809,-0.005366456690264809,-0.005366456690264809
2019-05-21,-0.0004494925341190712,-0.0007800247985996211,-0.0007800247985996211,-0.0007800247985996211,-0.0007800247985996211,0.0,-0.0007800247985996211,-0.0007800247985996211,0.0,-0.0007800247985996211,-0.0007800247985996211,-0.0007800247985996211
2019-05-22,0.0006701024411275769,0.0011628591845380676,0.0011628591845380676,0.0011628591845380676,0.0011628591845380676,0.0,0.0011628591845380676,0.0011628591845380676,0.0,0.0011628591845380676,0.0011628591845380676,0.0011628591845380676
2019-05-23,-0.013696132101997865,-0.02376751975512159,-0.02376751975512159,-0.02376751975512159,-0.02376751975512159,0.0,-0.02376751975512159,-0.02376751975512159,0.0,-0.02376751975512159,-0.02376751975512159,-0.02376751975512159
2019-05-24,0.0024758054625338716,0.004296377605180091,0.00429637760518009,0.004296377605180091,0.004296377605180091,0.0,-0.0005,0.004296377605180091,0.0,0.004296377605180091,0.004296377605180091,0.004296377605180091
2019-05-28,0.004156112135531088,0.007212290050219838,0.007212290050219838,0.007212290050219838,0.007212290050219838,0.0,0.0,0.0072122900502198375,0.0,0.007212290050219838,0.007212290050219838,0.007212290050219838
2019-05-29,-0.005409743784821255,-0.009387773958249856,-0.009387773958249856,-0.009387773958249856,-0.009387773958249856,-0.009887773958249857,0.0,-0.009387773958249856,0.0,0.008387773958249856,-0.009387773958249856,-0.009387773958249856
2019-05-30,-0.0009091211748290168,-0.001577639243082074,-0.001577639243082074,-0.001577639243082074,0.000577639243082074,-0.0005,0.0,-0.001577639243082074,0.001077639243082074,0.001577639243082074,-0.001577639243082074,-0.001577639243082074
2019-05-31,-0.013087167213423258,-0.022710755340790256,-0.022710755340790256,-0.022710755340790256,-0.023710755340790257,0.0,0.0,-0.022710755340790256,0.022710755340790256,0.022710755340790256,-0.022710755340790256,-0.022710755340790256
2019-06-03,-0.026743652121369782,-0.04640947352034053,-0.04640947352034053,-0.04640947352034053,0.045409473520340526,0.0,0.0,-0.04640947352034052,0.04640947352034053,0.04640947352034053,-0.04640947352034053,-0.04640947352034053
2019-06-04,0.011221415021132249,-0.0005,0.02178187690076805,0.02178187690076805,0.020781876900768048,0.0,0.0,0.02178187690076805,-0.02178187690076805,-0.02178187690076805,0.02178187690076805,0.02178187690076805
2019-06-05,0.002670018225837121,0.0,0.005169016882808464,0.005169016882808464,-0.006169016882808464,0.0,0.0,0.005169016882808464,-0.005169016882808464,-0.005169016882808464,0.005169016882808463,0.005169016882808464
2019-06-06,0.004712315360424922,0.0,0.009122798271355315,0.009122798271355315,-0.009122798271355315,0.008622798271355314,0.0,0.009122798271355315,-0.009122798271355315,-0.009122798271355315,0.009122798271355313,0.009122798271355315
2019-06-07,0.014624508889234385,0.0,0.02831229113708922,0.02831229113708922,-0.02831229113708922,0.02831229113708922,0.0,0.02831229113708922,-0.02831229113708922,-0.02831229113708922,0.02831229113708922,0.02831229113708922
2019-06-10,0.016206126793325178,0.030874221415049863,0.03137422141504986,0.03137422141504986,0.030374221415049862,0.03137422141504986,0.0,0.03137422141504986,-0.03137422141504986,-0.03137422141504986,0.03137422141504986,0.03137422141504986
2019-06-11,0.0008522611818320526,0.001649933470424525,0.001649933470424525,-0.0005,-0.002649933470424525,0.001649933470424525,0.001149933470424525,0.001649933470424525,-0.0005,-0.001649933470424525,0.001649933470424525,0.001649933470424525
2019-06-12,-0.0023225922445840753,-0.004496418192190821,-0.004496418192190821,0.0,-0.005496418192190821,-0.004496418192190821,-0.004496418192190821,-0.004496418192190821,0.0,0.004496418192190821,-0.004496418192190821,-0.004496418192190821
2019-06-13,0.004170610059032343,0.008074084887562893,0.008074084887562893,-0.008574084887562894,0.008074084887562893,0.008074084887562893,-0.0005,0.008074084887562893,0.007574084887562893,-0.008074084887562893,-0.009074084887562894,0.008074084887562893
2019-06-14,-0.0001740042902977676,-0.00033686328637261287,-0.00033686328637261287,0.00033686328637261287,-0.00033686328637261287,-0.00033686328637261287,-0.0008368632863726129,-0.00033686328637261287,-0.00033686328637261287,0.00033686328637261287,0.00033686328637261287,-0.00033686328637261287
2019-06-17,0.004519860669780482,0.008750215966301989,0.008750215966301989,-0.008750215966301989,0.008750215966301989,0.008750215966301989,0.008750215966301989,0.008750215966301989,0.008750215966301989,-0.008750215966301989,-0.008750215966301989,0.008750215966301989
2019-06-18,0.004201284366247474,0.008133468756305495,0.008133468756305495,-0.008133468756305495,0.008133468756305495,0.008133468756305495,0.008133468756305495,0.008133468756305495,0.008133468756305495,-0.008133468756305495,-0.008133468756305495,0.008133468756305495
2019-06-19,0.002015793917617739,0.0039024725343070887,0.0039024725343070887,-0.0039024725343070887,-0.0005,0.0039024725343070887,0.0039024725343070887,0.0039024725343070887,0.0039024725343070887,-0.0039024725343070887,-0.0039024725343070887,0.0039024725343070887
2019-06-20,0.0025437657217788384,0.004924598579345574,0.004924598579345574,-0.004924598579345574,0.004424598579345573,0.004924598579345574,0.004924598579345574,0.004924598579345574,0.004924598579345574,-0.004924598579345574,-0.004924598579345574,0.004924598579345574
2019-06-21,-0.0018553717946403717,-0.0035919036198248655,-0.0035919036198248655,0.0035919036198248655,-0.0035919036198248655,-0.0035919036198248655,-0.0035919036198248655,-0.0035919036198248655,-0.0035919036198248655,0.0035919036198248655,0.0035919036198248655,-0.0035919036198248655
2019-06-24,0.0007026540869764996,0.0013603018897809793,0.0013603018897809793,-0.0013603018897809793,-0.0005,-0.0005,0.0013603018897809793,0.0013603018897809793,0.0013603018897809793,-0.0013603018897809793,-0.0013603018897809793,0.0013603018897809793
2019-06-25,-0.010797074409464313,-0.01861645619625707,-0.01861645619625707,0.01861645619625707,-0.01911645619625707,-0.01911645619625707,-0.01861645619625707,-0.01861645619625707,-0.01861645619625707,0.01861645619625707,0.01861645619625707,-0.01861645619625707
2019-06-26,0.006022513214246784,0.010413885939478895,0.010413885939478895,-0.010413885939478895,-0.0005,-0.0005,0.010413885939478895,0.010413885939478895,0.010413885939478895,-0.010413885939478895,-0.010413885939478895,0.010413885939478895
2019-06-27,0.0019654406939073063,0.0033985604479442877,0.0033985604479442873,-0.0033985604479442877,0.0028985604479442877,0.0028985604479442877,0.0033985604479442877,0.0033985604479442877,0.0033985604479442877,-0.0033985604479442877,-0.0033985604479442877,0.0033985604479442877
2019-06-28,-0.003234286841751933,-0.005592597818778633,-0.005592597818778633,0.005592597818778633,-0.005592597818778633,-0.005592597818778633,-0.005592597818778633,-0.005592597818778633,-0.0005,-0.006592597818778633,0.005592597818778633,-0.005592597818778633
2019-07-01,0.008722201473809327,0.015082077541072714,0.015082077541072714,-0.015082077541072714,-0.0005,-0.0005,0.015082077541072714,0.015082077541072714,0.0,0.015082077541072714,-0.015082077541072714,0.015082077541072714
2019-07-02,0.003646475303307611,0.006305337412949363,0.006305337412949363,-0.006305337412949363,0.005805337412949363,0.005805337412949363,0.006305337412949363,0.006305337412949363,0.005805337412949363,0.006305337412949363,-0.006305337412949363,0.006305337412949363
2019-07-03,0.001899348524725962,0.0024246069203848197,0.0024246069203848193,-0.0024246069203848197,0.0024246069203848197,0.0024246069203848197,0.0024246069203848197,0.0024246069203848193,0.0024246069203848197,0.0024246069203848197,-0.0024246069203848197,0.0024246069203848197
2019-07-05,0.001687102305338651,0.002016536782024403,0.002016536782024403,-0.002016536782024403,0.002016536782024403,0.002016536782024403,0.002016536782024403,0.002016536782024403,0.002016536782024403,0.002016536782024403,-0.002016536782024403,0.002016536782024403
2019-07-08,0.0040520011688627644,0.004843221049465329,0.004843221049465329,-0.004843221049465329,0.004843221049465329,0.004843221049465329,0.004843221049465329,0.004843221049465329,0.004843221049465329,0.004843221049465329,-0.004843221049465329,0.004843221049465329
2019-07-09,0.015418648496394433,0.018429393240526393,0.018429393240526393,-0.018429393240526393,0.018429393240526393,0.018429393240526393,0.018429393240526393,0.018429393240526393,0.018429393240526393,0.018429393240526393,-0.018429393240526393,0.018429393240526393
2019-07-10,0.013963625073814412,0.014640624938845548,0.014640624938845548,-0.014640624938845548,-0.0005,0.014640624938845548,0.014640624938845548,0.014640624938845548,0.014640624938845548,0.014640624938845548,-0.014640624938845548,0.014640624938845548
2019-07-11,-0.007758520171913545,-0.008099507325226352,-0.008099507325226352,0.008099507325226352,0.007599507325226351,-0.008099507325226352,-0.008099507325226352,-0.008099507325226352,-0.008099507325226352,-0.008099507325226352,0.008099507325226352,-0.008099507325226352
2019-07-12,0.004753486760310912,0.0049624026209122984,0.0049624026209122984,-0.0049624026209122984,-0.0005,0.0049624026209122984,0.0049624026209122984,0.0049624026209122984,0.0049624026209122984,0.0049624026209122984,-0.0049624026209122984,0.0049624026209122984
2019-07-15,0.005675888188205081,0.004967642414728024,0.004967642414728024,-0.0005,0.004467642414728024,0.004967642414728024,0.004967642414728024,0.004967642414728024,0.004967642414728024,0.004967642414728024,0.003967642414728024,0.004967642414728024
2019-07-16,-0.006383134347070544,-0.0054873776497271765,-0.0054873776497271765,0.0,0.004487377649727176,-0.0054873776497271765,-0.0054873776497271765,-0.0054873776497271765,-0.0054873776497271765,-0.0054873776497271765,-0.0054873776497271765,-0.0054873776497271765
2019-07-17,-0.010342364711938681,-0.008891002112726198,-0.008891002112726198,0.0,0.008891002112726198,-0.0005,-0.008891002112726198,-0.008891002112726198,-0.008891002112726198,-0.008891002112726198,-0.008891002112726198,-0.008891002112726198
2019-07-18,-0.008251224051916516,-0.007093314974038978,-0.007093314974038978,0.0,0.007093314974038978,0.0,-0.007093314974038978,-0.007093314974038978,-0.007093314974038978,-0.007093314974038978,-0.007093314974038978,-0.007093314974038978
2019-07-19,-0.007869010065223567,-0.006764737761974726,-0.006764737761974726,0.0,0.006764737761974726,0.0,-0.006764737761974726,-0.006764737761974726,-0.006764737761974726,-0.006764737761974726,-0.006764737761974726,-0.006764737761974726
2019-07-22,0.011047819995366165,0.010745666804249376,0.010745666804249376,0.0,0.009745666804249375,0.0,0.010745666804249376,0.010745666804249376,-0.0005,0.010745666804249376,0.010745666804249376,0.010745666804249376
2019-07-23,0.004614341651507671,0.004462067812825987,0.004462067812825987,0.0,0.004462067812825987,0.003962067812825987,0.004462067812825987,0.004462067812825987,0.0,0.004462067812825987,0.004462067812825987,0.004462067812825987
2019-07-24,0.0032768072785786238,0.003168672237739978,0.003168672237739978,0.0,0.003168672237739978,0.003168672237739978,0.003168672237739978,0.003168672237739978,0.0,0.003168672237739978,0.003168672237739978,0.003168672237739978
2019-07-25,-0.0139498327120113,-0.013489486526910066,-0.013489486526910066,0.0,-0.013489486526910066,-0.013489486526910066,-0.013489486526910066,-0.013489486526910066,0.0,-0.013489486526910066,-0.013489486526910066,-0.013489486526910066
2019-07-26,-0.016121115570671044,-0.015589116785757695,-0.015589116785757695,0.0,0.014589116785757694,-0.0005,-0.015589116785757695,-0.015589116785757695,0.0,-0.015589116785757695,-0.015589116785757695,-0.015589116785757695
2019-07-29,-0.016285860140741546,-0.015748424764873037,-0.015748424764873037,-0.016248424764873037,0.015748424764873037,0.0,-0.015748424764873037,-0.015748424764873037,0.0,-0.015748424764873037,-0.015748424764873037,-0.015748424764873037
2019-07-30,-0.007527004998295761,-0.007278612913047322,-0.007278612913047322,-0.007278612913047322,0.007278612913047322,0.0,-0.007278612913047322,-0.007278612913047322,0.0,-0.007278612913047322,-0.007278612913047322,-0.007278612913047322
2019-07-31,-0.017294191794212398,-0.01672348135049362,-0.01672348135049362,-0.01672348135049362,0.01672348135049362,0.0,-0.01672348135049362,-0.01672348135049362,0.0,-0.01672348135049362,-0.01672348135049362,-0.01672348135049362
2019-08-01,-0.0063483899177106005,-0.0005,-0.006138892274227259,-0.006138892274227259,-0.007138892274227259,0.0,-0.0005,-0.006138892274227259,0.0,-0.006138892274227259,-0.006138892274227258,-0.006138892274227259
2019-08-02,-0.01788084800837605,0.0,-0.01729077783786115,-0.01729077783786115,-0.01729077783786115,0.0,0.0,-0.01729077783786115,0.0,-0.01729077783786115,0.016290777837861148,-0.01729077783786115
2019-08-05,-0.02867954011292098,0.0,-0.03187185710749196,-0.03187185710749196,0.030871857107491962,0.0,0.0,-0.03187185710749196,0.0,-0.03187185710749196,0.03187185710749196,-0.03187185710749196
2019-08-06,0.009896546355801597,0.0,-0.0005,0.01286026675758456,-0.01286026675758456,0.0,0.0,-0.01386026675758456,0.0,0.01286026675758456,-0.01286026675758456,0.01286026675758456
2019-08-07,0.002412428075555959,0.0,0.0,0.0031154615501278737,-0.0031154615501278737,0.0,0.0,-0.0031154615501278737,0.0,0.0031154615501278737,0.0021154615501278733,0.0031154615501278737
2019-08-08,0.017050712020147688,0.0,0.0,0.022019656560675394,0.021019656560675393,0.0,0.0,-0.022019656560675394,-0.022519656560675394,-0.023019656560675394,0.02201965656067539,0.022019656560675394
2019-08-09,-0.010692733028873377,0.0,0.0,-0.013808825620453047,0.012808825620453046,-0.014308825620453047,0.0,0.013808825620453047,0.013808825620453047,0.013808825620453047,-0.013808825620453045,-0.013808825620453047
2019-08-12,-0.009707171053439552,0.0,0.0,-0.0125360496687702,0.0125360496687702,-0.0125360496687702,0.0,0.0125360496687702,0.0125360496687702,0.0125360496687702,0.011536049668770199,-0.0125360496687702
2019-08-13,0.021972200650939477,0.0,0.0,-0.023085030397553274,0.021085030397553273,-0.023085030397553274,0.0,-0.022085030397553274,-0.022085030397553274,-0.022085030397553274,-0.022085030397553274,0.022085030397553274
2019-08-14,-0.033645045853565536,0.0,0.0,0.033645045853565536,0.032645045853565535,-0.03464504585356554,0.0,0.033645045853565536,0.033645045853565536,0.033645045853565536,-0.03464504585356554,-0.033645045853565536
2019-08-15,0.006174172586633252,0.0,0.0,-0.007464685662255555,-0.007464685662255555,-0.008464685662255556,0.0,-0.007464685662255555,-0.007464685662255555,-0.007464685662255555,-0.008464685662255556,0.007464685662255555
2019-08-16,0.007761104287654449,0.0,0.0,-0.009261785673171152,-0.009261785673171152,-0.009261785673171152,0.0,-0.009261785673171152,-0.009261785673171152,-0.009261785673171152,0.008261785673171151,0.009261785673171152
2019-08-19,0.011008871003443318,0.0,0.0,-0.013137538159314621,0.01213753815931462,0.01213753815931462,0.0,-0.013137538159314621,-0.013137538159314621,-0.013137538159314621,0.013137538159314621,0.013137538159314621
2019-08-20,-0.006801135826014352,0.0,0.0,0.008116198419710674,0.007116198419710674,-0.008116198419710674,0.0,0.008116198419710672,0.008116198419710674,0.008116198419710674,-0.008116198419710674,-0.008116198419710674
2019-08-21,0.010308462146756615,0.0,0.0,-0.012301698764070057,0.011301698764070056,0.012301698764070057,0.0,-0.012301698764070057,-0.0005,-0.012301698764070057,-0.013301698764070058,0.012301698764070057
2019-08-22,-0.008675921048145482,0.0,0.0,0.010353490725939274,-0.010353490725939274,-0.010353490725939274,0.0,0.010353490725939274,0.0,0.010353490725939274,-0.011353490725939275,-0.010353490725939274
2019-08-23,-0.02555710420098599,0.0,0.0,0.030498806969126657,0.029498806969126656,0.029498806969126656,0.0,0.030498806969126657,0.0,0.030498806969126657,0.029498806969126656,-0.030498806969126657
2019-08-26,0.008152629646149098,0.0,0.0,-0.011002318967479496,-0.011002318967479496,-0.011002318967479496,0.0,-0.011002318967479496,-0.011502318967479497,-0.011002318967479496,0.010002318967479495,0.011002318967479496
2019-08-27,-0.002965860828222579,0.0,0.0,0.003979912470737479,0.003979912470737479,0.003979912470737479,0.0,0.003979912470737479,0.003979912470737479,0.003979912470737479,-0.003979912470737479,-0.003979912470737479
2019-08-28,0.0010236146717852446,0.0,0.0,-0.0013735967509673763,-0.0013735967509673763,-0.0013735967509673763,0.0,-0.0013735967509673763,-0.0013735967509673763,-0.0013735967509673763,0.0013735967509673763,0.0013735967509673763
2019-08-29,0.009355998126055793,0.0,0.0,-0.012554889043934425,-0.012554889043934425,-0.012554889043934425,0.0,-0.012554889043934425,-0.012554889043934425,-0.012554889043934425,0.012554889043934425,0.012554889043934425
2019-08-30,-0.004217454209045426,0.0,0.0,0.005659435682760394,0.005659435682760394,-0.006659435682760394,0.0,-0.006659435682760394,0.005659435682760394,0.005659435682760394,-0.005659435682760394,-0.005659435682760394
2019-09-03,0.005684618283884361,0.0,0.0,-0.007628234940805445,-0.007628234940805445,-0.008628234940805446,0.0,0.007628234940805445,-0.007628234940805445,-0.007628234940805445,-0.008628234940805446,0.007628234940805445
2019-09-04,0.004488311541676481,0.0,0.0,-0.006022901313268436,-0.006022901313268436,0.005022901313268436,0.0,0.006022901313268436,-0.0005,-0.006022901313268436,0.005022901313268436,0.006022901313268436
2019-09-05,0.018466691414408643,0.0,0.0,-0.022270161635782326,-0.022270161635782326,0.022270161635782326,0.021770161635782326,0.022270161635782326,0.0,-0.022270161635782326,0.022270161635782326,0.022270161635782326
2019-09-06,-0.003255573875762106,0.0,0.0,0.003916990505865581,0.003916990505865581,-0.003916990505865581,-0.003916990505865581,-0.003916990505865581,0.0,0.003916990505865581,0.0029169905058655807,-0.003916990505865581
2019-09-09,-0.0009791571087127788,0.0,0.0,0.0011780869502403535,0.0011780869502403535,-0.0011780869502403535,-0.0011780869502403535,-0.0011780869502403535,0.0,0.0011780869502403535,0.0011780869502403535,-0.0011780869502403535
2019-09-10,-0.004901490756808417,0.0,0.0,0.005897299060526495,0.005897299060526495,-0.005897299060526495,-0.005897299060526495,0.004897299060526495,0.0,0.005897299060526495,0.005897299060526495,-0.005897299060526495
2019-09-11,0.0011139562514803308,0.0,0.0,-0.0013402724765312346,-0.0013402724765312346,-0.0023402724765312346,0.0013402724765312346,-0.0013402724765312344,0.0,-0.0013402724765312346,-0.0013402724765312346,0.0013402724765312346
2019-09-12,0.009373759741889162,0.0,0.0,-0.011278173776551048,-0.011278173776551048,-0.011278173776551048,0.011278173776551048,-0.011278173776551048,0.0,-0.011278173776551048,-0.011278173776551048,0.011278173776551048
2019-09-13,-0.0021311073329510193,0.0,0.0,0.0022835833039022146,-0.0005,-0.0032835833039022147,-0.0022835833039022146,0.002283583303902214,0.0,0.0022835833039022146,0.0022835833039022146,-0.0022835833039022146
2019-09-16,-0.01566821873710991,0.0,0.0,0.01712575737502442,0.0,-0.01712575737502442,-0.01712575737502442,0.01712575737502442,0.0,-0.01812575737502442,0.01712575737502442,-0.01712575737502442
2019-09-17,0.0074443190731162305,0.0,0.0,-0.008136828085409498,-0.008636828085409498,-0.009136828085409499,0.008136828085409498,-0.008136828085409498,0.0,0.008136828085409498,-0.008136828085409498,0.008136828085409498
2019-09-18,-0.002555114987477056,0.0,0.0,0.0027928049815375555,-0.0005,-0.0037928049815375555,-0.0027928049815375555,0.0027928049815375555,0.0022928049815375555,-0.0027928049815375555,0.0027928049815375555,-0.0027928049815375555
2019-09-19,0.002033655633575262,0.0,0.0,-0.002222836785043869,-0.002722836785043869,-0.003222836785043869,0.002222836785043869,-0.002222836785043869,-0.002222836785043869,0.002222836785043869,-0.002222836785043869,0.002222836785043869
2019-09-20,-0.013732138039637227,0.0,0.0,0.015009572450642827,-0.0005,-0.01600957245064283,-0.015009572450642827,0.015009572450642827,0.015009572450642827,-0.015009572450642827,0.015009572450642827,-0.015009572450642827
2019-09-23,-0.004517968178952396,0.0,0.0,0.004938252915601793,0.0044382529156017925,0.003938252915601793,-0.0005,0.004938252915601793,0.004938252915601793,-0.004938252915601793,0.004938252915601793,-0.004938252915601793
2019-09-24,-0.02238932544979357,0.0,0.0,0.024472096150627953,0.024472096150627953,0.024472096150627953,0.0,0.02447209615062795,0.024472096150627953,-0.024472096150627953,0.024472096150627953,-0.024472096150627953
2019-09-25,0.014036373568678094,0.0,0.0,0.014342109540061654,-0.015342109540061655,-0.015342109540061655,0.0,-0.015342109540061655,-0.015342109540061655,0.015342109540061655,0.014342109540061654,0.015342109540061655
2019-09-26,-0.01474004613205744,0.0,0.0,-0.01611124135996367,0.01611124135996367,0.01611124135996367,0.0,0.01611124135996367,0.01611124135996367,-0.01611124135996367,-0.016111241359963665,-0.01611124135996367
2019-09-27,-0.0075669338561250325,0.0,0.0,-0.008270849128875435,0.008270849128875435,0.008270849128875435,0.0,0.008270849128875433,0.008270849128875435,-0.008270849128875435,-0.008270849128875435,-0.008270849128875435
2019-09-30,0.005546274096823243,0.0,0.0,0.006062217161457495,-0.006062217161457495,-0.006062217161457495,0.0,-0.006062217161457494,-0.006062217161457495,0.006062217161457495,0.006062217161457495,0.006062217161457495
2019-10-01,-0.00013703524645758056,0.0,0.0,-0.00014978297291068365,-0.0005,0.00014978297291068365,0.0,0.0001497829729106836,0.00014978297291068365,-0.00014978297291068365,-0.00014978297291068365,-0.00014978297291068365
2019-10-02,-0.011818004192439963,0.0,0.0,-0.01291737598591125,0.01241737598591125,0.01291737598591125,0.0,0.01291737598591125,0.01291737598591125,-0.01291737598591125,-0.01291737598591125,-0.01291737598591125
2019-10-03,0.005975655317854825,0.0,0.0,0.0065315416415505645,-0.0005,-0.0065315416415505645,0.0,-0.0065315416415505645,-0.0065315416415505645,0.0065315416415505645,0.0065315416415505645,0.0065315416415505645
2019-10-04,0.008080258607229931,0.0,0.0,0.008831925999802426,0.0,-0.008831925999802426,0.0,-0.008831925999802426,-0.008831925999802426,0.008831925999802426,0.008831925999802426,0.008831925999802426
2019-10-07,-0.0036760283103968575,0.0,0.0,-0.00401799145160453,0.0,-0.00501799145160453,0.0,0.00401799145160453,0.00401799145160453,0.00301799145160453,-0.00401799145160453,-0.00401799145160453
2019-10-08,-0.014336005608778346,0.0,0.0,-0.01566961490022023,0.01516961490022023,-0.01566961490022023,0.0,0.01566961490022023,0.01566961490022023,0.01566961490022023,-0.01566961490022023,-0.01566961490022023
2019-10-09,0.008840472781796163,0.0,0.0,0.009662859223618092,-0.0005,-0.010662859223618093,0.0,-0.009662859223618092,-0.009662859223618092,-0.009662859223618092,0.009662859223618092,0.009662859223618092
2019-10-10,-0.0009191697494581556,0.0,0.0,-0.0010046756673366408,0.0005046756673366408,-0.002004675667336641,0.0,0.0010046756673366408,0.0010046756673366408,0.0010046756673366408,-0.0010046756673366408,-0.0010046756673366408
2019-10-11,0.006201181349484258,0.0,0.0,0.006778047269550891,0.005778047269550891,-0.007778047269550891,-0.007278047269550891,-0.006778047269550891,-0.006778047269550891,-0.006778047269550891,0.006778047269550891,0.006778047269550891
2019-10-14,0.0023824425073103897,0.0,0.0,0.002604069615361304,-0.003604069615361304,0.001604069615361304,-0.002604069615361304,-0.002604069615361304,-0.002604069615361304,-0.002604069615361304,0.002604069615361304,0.002604069615361304
2019-10-15,0.016306973659712603,0.0,0.017323932579885903,0.017823932579885904,-0.017823932579885904,0.017823932579885904,-0.017823932579885904,-0.017823932579885904,-0.0005,-0.017823932579885904,0.017823932579885904,0.017823932579885904
2019-10-16,0.0052023727304379855,0.0,-0.0005,0.005686324313618707,0.004686324313618707,0.005686324313618707,0.004686324313618707,-0.005686324313618706,0.0,-0.005686324313618707,0.005686324313618707,0.005686324313618707
2019-10-17,0.005173036156952271,0.0,0.005154258700535264,0.005654258700535264,-0.006654258700535264,0.005654258700535264,0.005654258700535264,-0.005654258700535264,0.0,-0.005654258700535264,0.005654258700535264,0.005654258700535264
2019-10-18,-0.015339617175596395,0.0,-0.0004999999999999999,-0.016766587598934568,0.016766587598934568,-0.016766587598934568,-0.016766587598934568,0.016766587598934568,0.0,0.016766587598934568,-0.016766587598934568,-0.016766587598934568
2019-10-21,0.01465373854176113,0.0,0.0,0.01601690499181374,-0.01601690499181374,-0.01701690499181374,0.01601690499181374,-0.01601690499181374,0.0,-0.01601690499181374,0.01601690499181374,0.01601690499181374
2019-10-22,-0.010211218203897874,0.0,-0.011661118465189635,-0.011161118465189634,0.011161118465189634,-0.012161118465189635,-0.011161118465189634,0.011161118465189634,0.0,0.011161118465189634,-0.011161118465189634,-0.011161118465189634
2019-10-23,-0.0018445862670793706,0.0,-0.0020161792094772757,-0.0020161792094772757,0.0020161792094772757,0.0010161792094772757,-0.0020161792094772757,0.0020161792094772757,0.0,0.0020161792094772757,-0.0020161792094772757,-0.0020161792094772757
2019-10-24,0.009662070792075641,0.0,-0.0005,0.010560886524610735,-0.010560886524610735,-0.010560886524610735,0.010560886524610735,-0.010560886524610735,0.0,-0.010560886524610735,0.010560886524610735,0.010560886524610735
2019-10-25,-0.009992652927498324,0.0,-0.011422221117825038,-0.010922221117825037,0.010922221117825037,-0.011922221117825038,-0.010922221117825037,0.010922221117825037,0.0,0.010922221117825037,-0.010922221117825037,-0.010922221117825037
2019-10-28,0.008181045990371843,0.0,0.008942089145920873,0.008942089145920873,0.007942089145920872,-0.009942089145920874,0.008942089145920873,-0.008942089145920873,-0.009442089145920873,-0.008942089145920873,-0.009942089145920874,0.008942089145920873
2019-10-29,-0.007398072384187417,0.0,-0.0005,-0.008086279290598686,0.007086279290598686,-0.009086279290598687,-0.008086279290598686,0.008086279290598686,-0.0005,0.008086279290598686,-0.009086279290598687,-0.008086279290598686
2019-10-30,0.008968750047874932,0.0,0.009303069503577564,0.009803069503577566,0.008803069503577565,-0.010803069503577567,0.009803069503577566,-0.009803069503577564,-0.010303069503577567,-0.009803069503577566,-0.010803069503577567,0.009803069503577566
2019-10-31,-0.0017115390637271496,0.0,-0.0018707552680410355,-0.0018707552680410355,-0.0018707552680410355,-0.0028707552680410356,-0.0018707552680410355,0.0018707552680410355,-0.0005,0.0018707552680410355,-0.0028707552680410356,-0.0018707552680410355
2019-11-01,0.007610952558087352,0.0,0.008318962677863917,0.008318962677863917,-0.009318962677863918,0.008318962677863917,0.008318962677863917,-0.008318962677863917,0.0,-0.008318962677863917,0.008318962677863917,0.008318962677863917
2019-11-04,0.006751512545522716,0.0,0.007379573116068405,0.007379573116068405,-0.007379573116068405,0.007379573116068405,0.007379573116068405,0.006379573116068405,0.0,0.006379573116068405,0.007379573116068405,0.007379573116068405
2019-11-05,-0.001495525280087491,0.0,-0.0016346467664720699,-0.0016346467664720699,0.0016346467664720699,-0.0016346467664720699,-0.0016346467664720699,-0.0016346467664720699,0.0,-0.0016346467664720699,0.0006346467664720698,-0.0016346467664720699
2019-11-06,-0.0030163258390170098,0.0,-0.003296920048778351,-0.003296920048778351,-0.004296920048778351,0.002296920048778351,-0.003296920048778351,-0.0032969200487783508,0.0,-0.003296920048778351,0.003296920048778351,-0.003296920048778351
2019-11-07,-0.0038566340687077334,0.0,-0.004215398090435696,-0.004215398090435696,0.0032153980904356958,0.004215398090435696,-0.004215398090435696,0.0032153980904356958,0.0,-0.004215398090435696,0.004215398090435696,-0.004215398090435696
2019-11-08,-0.0011870259804538472,0.0,-0.0012974492684962868,-0.0012974492684962868,0.0012974492684962868,0.0012974492684962868,-0.0012974492684962868,0.0012974492684962868,0.0,-0.0012974492684962868,0.0012974492684962868,-0.0012974492684962868
2019-11-11,-0.007289936381498738,0.0,-0.007968083918385438,-0.007968083918385438,-0.008968083918385439,-0.0005,-0.007968083918385438,-0.008968083918385439,0.0,-0.007968083918385438,0.007968083918385438,-0.007968083918385438
2019-11-12,0.0032792334174471358,0.0,0.003584284648149527,0.003584284648149527,0.003584284648149527,0.0,-0.0005,-0.004584284648149527,-0.004084284648149528,0.003584284648149527,-0.003584284648149527,0.003584284648149527
2019-11-13,-0.01280745075184363,0.0,-0.013998865975055064,-0.013998865975055064,0.012998865975055063,-0.014498865975055064,0.0,-0.014998865975055065,0.013998865975055064,-0.013998865975055064,0.013998865975055064,-0.013998865975055064
2019-11-14,0.0007775941370668327,0.0,0.0008499299602007238,0.0008499299602007238,-0.0008499299602007238,-0.0005,0.0,-0.0018499299602007238,-0.0008499299602007238,0.0008499299602007238,-0.0008499299602007238,0.0008499299602007238
2019-11-15,-0.007878737257829001,0.0,-0.00861165809356279,-0.00861165809356279,0.00861165809356279,0.0,0.0,0.00861165809356279,0.00861165809356279,0.007611658093562791,0.00861165809356279,-0.00861165809356279
2019-11-18,0.006858446665566176,0.0,0.007496454800304697,0.007496454800304697,-0.007496454800304697,0.0,0.0,-0.007496454800304697,-0.007496454800304697,-0.007496454800304697,-0.007496454800304697,0.007496454800304697
2019-11-19,0.0001357356799843623,0.0,0.00014836251405148104,0.00014836251405148104,-0.00014836251405148104,-0.00035163748594851897,0.0,-0.00014836251405148104,-0.00014836251405148104,-0.00014836251405148104,-0.00014836251405148104,0.00014836251405148104
2019-11-20,-0.00378952208076773,0.0,-0.004142042998724227,-0.004142042998724227,0.004142042998724227,-0.004142042998724227,0.0,0.004142042998724226,0.004142042998724227,0.004142042998724227,0.004142042998724227,-0.004142042998724227
2019-11-21,-0.005671136386418628,0.0,-0.006198694786181735,-0.006198694786181735,0.006198694786181735,-0.0005,0.0,0.0061986947861817345,0.006198694786181735,0.006198694786181735,0.006198694786181735,-0.006198694786181735
2019-11-22,0.00580678162107586,0.0,0.0063469584412145785,0.0063469584412145785,0.0053469584412145785,0.0,0.0,-0.0063469584412145785,-0.0063469584412145785,-0.0063469584412145785,-0.0063469584412145785,0.0063469584412145785
2019-11-25,0.014737031288909918,0.0,0.016107946060534006,0.016107946060534006,0.016107946060534006,0.015607946060534006,0.0,-0.016107946060534006,-0.016107946060534006,-0.016107946060534006,-0.016107946060534006,0.016107946060534006
2019-11-26,0.01191425550019201,0.0,0.013022581087476892,0.013022581087476892,-0.014022581087476893,0.013022581087476892,0.012522581087476892,0.012022581087476891,-0.013022581087476892,-0.013022581087476892,-0.013022581087476892,0.013022581087476892
2019-11-27,0.010982113814466274,0.0,0.01200372676735717,0.01200372676735717,0.01100372676735717,0.01200372676735717,0.01200372676735717,0.01200372676735717,-0.0005,-0.01200372676735717,-0.01200372676735717,0.01200372676735717
2019-11-29,-0.00890987792128151,-0.010238720787676459,-0.009738720787676458,-0.009738720787676458,-0.009738720787676458,-0.009738720787676458,-0.009738720787676458,-0.009738720787676458,0.0,-0.010738720787676459,0.009738720787676458,-0.009738720787676458
2019-12-02,-0.009754503458921194,-0.0005,-0.01066191775556835,-0.01066191775556835,-0.01066191775556835,-0.0005,-0.01066191775556835,-0.01066191775556835,0.0,-0.01066191775556835,0.01066191775556835,-0.01066191775556835
2019-12-03,-0.005977411473311652,0.0,-0.006533461163659048,-0.006533461163659049,0.005533461163659049,0.0,-0.006533461163659049,0.005533461163659049,0.0,-0.006533461163659049,0.006533461163659049,-0.006533461163659049
2019-12-04,-0.004791671437389863,0.0,-0.005237417464897476,-0.005237417464897476,0.005237417464897476,0.0,-0.0005,0.005237417464897476,0.0,-0.005237417464897476,0.005237417464897476,-0.005237417464897476
2019-12-05,-0.010501526069278398,0.0,-0.0005,-0.011478432267733929,0.011478432267733929,0.0,0.0,0.011478432267733929,0.010978432267733929,-0.011478432267733929,0.011478432267733929,-0.011478432267733929
2019-12-06,0.005845280921599319,0.0,0.005889039145533015,0.006389039145533015,-0.006389039145533015,0.0,0.0,-0.006389039145533015,-0.006389039145533015,0.006389039145533015,-0.006389039145533015,0.006389039145533015
2019-12-09,-0.001091642457600555,0.0,-0.0011931926776630462,-0.0011931926776630464,0.0011931926776630464,-0.0016931926776630464,0.0,0.0011931926776630464,0.0011931926776630464,0.00019319267766304635,0.0011931926776630464,-0.0011931926776630464
2019-12-10,-0.005386294681266513,0.0,-0.005887355634324631,-0.005887355634324631,0.005887355634324631,-0.005887355634324631,0.0,0.005887355634324631,0.005887355634324631,0.005887355634324631,0.005887355634324631,-0.005887355634324631
2019-12-11,0.005002570183514657,0.0,0.005467935101741261,0.005467935101741261,0.004467935101741261,-0.0005,0.0,-0.005467935101741261,-0.005467935101741261,-0.005467935101741261,-0.005467935101741261,0.005467935101741261
2019-12-12,0.00607415422720015,0.0,0.006639203428219219,0.00663920342821922,-0.00763920342821922,0.00613920342821922,0.0,-0.00663920342821922,-0.00663920342821922,-0.00663920342821922,0.00563920342821922,0.00663920342821922
2019-12-13,0.000316978608402947,0.0,0.0003464655958449469,0.00034646559584494696,-0.0006535344041550531,0.00034646559584494696,0.0,-0.00034646559584494696,-0.00034646559584494696,-0.00034646559584494696,0.00034646559584494696,0.00034646559584494696
2019-12-16,0.004296715888392153,0.0,0.0046964185941400505,0.0046964185941400505,0.0046964185941400505,0.0046964185941400505,0.0,-0.0046964185941400505,-0.0005,-0.0046964185941400505,0.0046964185941400505,0.0046964185941400505
2019-12-17,0.011092144350575745,0.0,0.012123992912275838,0.012123992912275838,-0.01312399291227584,0.012123992912275838,0.011623992912275838,-0.012123992912275838,0.0,-0.012123992912275838,0.012123992912275838,0.012123992912275838
2019-12-18,-0.0033874006819785687,-0.00420251419034362,-0.00370251419034362,-0.00370251419034362,0.00370251419034362,-0.00370251419034362,-0.00370251419034362,0.00370251419034362,0.0,0.00370251419034362,-0.00370251419034362,-0.00370251419034362
2019-12-19,0.004230775961948618,0.004624344595139496,0.004624344595139496,0.004624344595139496,-0.004624344595139496,-0.0005,0.004624344595139496,-0.004624344595139496,0.0,-0.004624344595139496,-0.005624344595139496,0.004624344595139496
2019-12-20,-0.0029504891899579068,-0.0032249589345579865,-0.003224958934557986,-0.0032249589345579865,-0.0042249589345579866,-0.0037249589345579866,-0.0032249589345579865,0.0032249589345579865,0.0,0.0032249589345579865,-0.0042249589345579866,-0.0032249589345579865
2019-12-23,0.003328789300745403,0.0036384504756830083,0.0036384504756830083,0.0036384504756830083,-0.004638450475683008,0.0036384504756830083,0.0036384504756830083,0.0026384504756830083,0.0,-0.0036384504756830083,-0.004638450475683008,0.0036384504756830083
2019-12-24,-0.0019338653593756236,-0.00211376350409187,-0.00211376350409187,-0.00211376350409187,0.00211376350409187,-0.00211376350409187,-0.00211376350409187,-0.00211376350409187,0.0,0.00211376350409187,0.00211376350409187,-0.00211376350409187
2019-12-26,0.040682060127384685,0.04446651549531899,0.04446651549531899,0.04446651549531899,0.04346651549531899,-0.0005,0.04446651549531899,0.04446651549531899,0.04396651549531899,-0.04446651549531899,-0.04446651549531899,0.04446651549531899
2019-12-27,0.0005042406222976721,0.0005511476895359024,0.0005511476895359024,-0.0015511476895359025,-0.0015511476895359025,5.114768953590242e-05,0.0005511476895359024,0.0005511476895359024,0.0005511476895359024,-0.0004488523104640976,-0.0005511476895359024,0.0005511476895359024
2019-12-30,-0.011209851309480611,-0.012252649580489328,-0.012252649580489328,0.012252649580489328,0.012252649580489328,-0.012252649580489328,-0.012252649580489328,-0.012252649580489328,-0.012252649580489328,-0.012252649580489328,0.012252649580489328,-0.012252649580489328
2019-12-31,0.0004706065914799765,0.0005143848474418178,0.0005143848474418178,-0.0005143848474418178,-0.0005143848474418178,-0.0005,0.0005143848474418178,0.0005143848474418178,0.0005143848474418178,0.0005143848474418178,-0.0005143848474418178,0.0005143848474418178
2020-01-02,0.024839876717314843,0.02715061035487687,0.027150610354876866,-0.02715061035487687,-0.02715061035487687,0.0,0.02715061035487687,0.02715061035487687,0.02715061035487687,0.02715061035487687,-0.02715061035487687,0.02715061035487687
2020-01-03,-0.011105905921784408,-0.012139034655920922,-0.012139034655920922,0.012139034655920922,-0.013139034655920923,-0.012639034655920922,-0.012139034655920922,-0.012139034655920922,-0.012139034655920922,-0.012139034655920922,0.012139034655920922,-0.012139034655920922
2020-01-06,0.013618692783230208,0.01488557393050649,0.01488557393050649,-0.01488557393050649,0.01488557393050649,-0.0005,0.01488557393050649,0.01488557393050649,0.01488557393050649,0.01488557393050649,-0.01488557393050649,0.01488557393050649
2020-01-07,0.0019136068244804093,0.0020916204156393725,0.0020916204156393725,-0.0020916204156393725,-0.0030916204156393725,0.0015916204156393725,0.0020916204156393725,0.0020916204156393725,0.0020916204156393725,0.0020916204156393725,-0.0020916204156393725,0.0020916204156393725
2020-01-08,-0.00714406265218447,-0.007808640261289357,-0.007808640261289357,0.007808640261289357,0.007808640261289357,-0.007808640261289357,-0.007808640261289357,-0.007808640261289357,-0.007808640261289357,-0.007808640261289357,0.007808640261289357,-0.007808640261289357
2020-01-09,0.004390726708628413,0.0047991747864684076,0.0047991747864684076,-0.0047991747864684076,0.0037991747864684075,-0.0005,0.0047991747864684076,0.0047991747864684076,0.0047991747864684076,0.0047991747864684076,-0.0047991747864684076,0.0047991747864684076
2020-01-10,-0.00860967990566097,-0.009410596802031268,-0.009410596802031268,0.009410596802031268,-0.009410596802031268,-0.009910596802031268,-0.009410596802031268,-0.009410596802031268,-0.009410596802031268,-0.009410596802031268,0.009410596802031268,-0.009410596802031268
2020-01-13,0.0038714238509627926,0.004322578245699482,0.004322578245699481,-0.004322578245699482,0.004322578245699482,-0.0005,0.004322578245699482,0.004322578245699481,0.004322578245699482,0.004322578245699482,-0.004322578245699482,0.004322578245699482
2020-01-14,-0.010390759421865726,-0.011558211718052602,-0.011558211718052602,0.011558211718052602,-0.011558211718052602,-0.012058211718052603,-0.011558211718052602,-0.0115582117180526,-0.011558211718052602,-0.011558211718052602,0.011558211718052602,-0.011558211718052602
2020-01-15,-0.003531155596895456,-0.003969126548924895,-0.003969126548924895,0.003969126548924895,0.002969126548924895,-0.0005,-0.003969126548924895,-0.003969126548924895,-0.003969126548924895,-0.003969126548924895,0.003969126548924895,-0.003969126548924895
2020-01-16,0.007729187757544502,0.00854991102959346,0.00854991102959346,-0.00854991102959346,-0.00854991102959346,0.0,0.00854991102959346,0.00854991102959346,0.00854991102959346,0.00854991102959346,-0.00854991102959346,0.00854991102959346
2020-01-17,-0.006355251477659516,-0.00703966144232826,-0.00703966144232826,0.00703966144232826,0.00703966144232826,-0.00753966144232826,-0.00703966144232826,-0.00703966144232826,-0.00703966144232826,-0.00703966144232826,0.00703966144232826,-0.00703966144232826
2020-01-21,0.013166161860018434,0.014629525206926841,0.014629525206926841,-0.014629525206926841,-0.0005,-0.0005,0.014629525206926841,0.014629525206926841,0.014629525206926841,0.014629525206926841,-0.014629525206926841,0.014629525206926841
2020-01-22,-0.0021845855403914627,-0.0023995494624704516,-0.0023995494624704516,0.0023995494624704516,0.0,-0.0028995494624704517,-0.0023995494624704516,-0.0023995494624704516,-0.0023995494624704516,-0.0023995494624704516,0.0023995494624704516,-0.0023995494624704516
2020-01-23,-0.0014161666047779365,-0.0015259112256781338,-0.0015259112256781338,0.0015259112256781338,0.0010259112256781337,-0.0015259112256781338,-0.0015259112256781338,-0.0015259112256781338,-0.0015259112256781338,-0.0015259112256781338,0.0015259112256781338,-0.0015259112256781338
2020-01-24,-0.011368291907754765,-0.012172426638861644,-0.012172426638861644,0.012172426638861644,0.012172426638861644,-0.0005,-0.012172426638861644,-0.012172426638861642,-0.012172426638861644,-0.012172426638861644,0.012172426638861644,-0.012172426638861644
2020-01-27,-0.0164920967469338,-0.01788746376771211,-0.01788746376771211,0.01788746376771211,0.01788746376771211,0.0,-0.0005,-0.01788746376771211,-0.0005,-0.01788746376771211,0.01788746376771211,-0.01788746376771211
2020-01-28,0.01231608676324948,0.01362436592451366,0.01362436592451366,-0.01362436592451366,-0.01362436592451366,0.0,0.0,0.01362436592451366,0.0,0.01362436592451366,-0.01362436592451366,0.01362436592451366
2020-01-29,0.0023117232937553147,0.0025630978623367717,0.0025630978623367717,-0.0025630978623367717,-0.0025630978623367717,0.0020630978623367717,0.0,0.0025630978623367717,0.0,0.0025630978623367717,-0.0025630978623367717,0.0025630978623367717
2020-01-30,0.006184810255186482,0.006824489189870775,0.006824489189870775,-0.006824489189870775,-0.006824489189870775,0.006824489189870775,0.0,0.006824489189870774,0.0,0.006824489189870775,-0.006824489189870775,0.006824489189870775
2020-01-31,0.06712057820349417,0.07379135586484753,0.07379135586484753,-0.07379135586484753,-0.0005,0.07379135586484753,0.0,0.07379135586484753,0.0,0.07379135586484753,-0.07379135586484753,0.07379135586484753
2020-02-03,-0.0016511747091115321,-0.0022501685803328897,-0.0022501685803328893,0.0022501685803328897,0.0,-0.0022501685803328897,-0.0027501685803328897,-0.0022501685803328897,-0.0027501685803328897,-0.0022501685803328897,0.0022501685803328897,-0.0022501685803328897
2020-02-04,0.015506345875148224,0.022687342140775613,0.022687342140775613,-0.022687342140775613,0.0,-0.0005,0.022687342140775613,0.022687342140775613,0.022687342140775613,0.022687342140775613,-0.022687342140775613,0.022687342140775613
2020-02-05,-0.0032215325011885126,-0.004781236737139594,-0.004781236737139594,0.004781236737139594,0.0,-0.005281236737139594,-0.004781236737139594,-0.004781236737139594,-0.004781236737139594,-0.004781236737139594,0.004781236737139594,-0.004781236737139594
2020-02-06,0.003413106040034343,0.0050787328892443195,0.0050787328892443195,-0.0050787328892443195,0.0,-0.0005,0.0050787328892443195,0.0050787328892443195,0.0050787328892443195,0.0050787328892443195,-0.0050787328892443195,0.0050787328892443195
2020-02-07,0.009524867935404881,0.014169136390608683,0.014169136390608683,-0.014169136390608683,0.0,0.013669136390608683,0.014169136390608683,0.014169136390608683,0.014169136390608683,0.014169136390608683,-0.014169136390608683,0.014169136390608683
2020-02-10,0.017581640005483123,0.026273579599096486,0.026273579599096486,-0.026273579599096486,-0.026773579599096486,0.026273579599096486,0.026273579599096486,0.026273579599096486,0.026273579599096486,0.026273579599096486,-0.026273579599096486,0.026273579599096486
2020-02-11,0.005184307661610274,0.007915025985726132,0.00791502598572613,-0.007915025985726132,-0.007915025985726132,0.007915025985726132,0.007915025985726132,0.007915025985726132,0.007915025985726132,0.007915025985726132,-0.007915025985726132,0.007915025985726132
2020-02-12,0.0028046103663811814,0.004277469597884664,0.004277469597884664,-0.0005,-0.0005,0.004277469597884664,0.004277469597884664,0.004277469597884664,0.004277469597884664,0.004277469597884664,0.0032774695978846644,0.004277469597884664
2020-02-13,-0.003091349279862278,-0.00468981707537619,-0.00468981707537619,0.0,-0.005189817075376191,-0.00468981707537619,-0.00468981707537619,-0.00468981707537619,-0.00468981707537619,-0.00468981707537619,-0.00468981707537619,-0.00468981707537619
2020-02-14,-0.004586439822028884,-0.006977166077050345,-0.006977166077050345,0.0,-0.0005,-0.006977166077050345,-0.006977166077050345,-0.006977166077050345,-0.006977166077050345,-0.006977166077050345,-0.006977166077050345,-0.006977166077050345
2020-02-18,0.006449434473473397,0.009742990607446878,0.009742990607446878,0.0,0.0,0.009742990607446878,0.009742990607446878,0.009742990607446878,0.009742990607446878,0.009742990607446878,0.009742990607446878,0.009742990607446878
2020-02-19,0.004462960770027926,0.006749650094826309,0.006749650094826309,0.0,0.0,0.006749650094826309,0.006749650094826309,0.006749650094826309,0.006749650094826309,0.006749650094826309,0.006749650094826309,0.006749650094826309
2020-02-20,-0.005246632188392349,-0.007888626914309249,-0.007888626914309249,0.0,0.0,-0.007888626914309249,-0.007888626914309249,-0.007888626914309249,-0.007888626914309249,-0.007888626914309249,-0.007888626914309249,-0.007888626914309249
2020-02-21,-0.017563399908862767,-0.026533823330561868,-0.026533823330561864,0.0,0.0,-0.0005,-0.026533823330561868,-0.026533823330561868,-0.026533823330561868,-0.026533823330561868,-0.026533823330561868,-0.026533823330561868
2020-02-24,-0.026484036989507055,-0.04135555023463999,-0.04135555023463999,0.0,0.04085555023463999,0.0,-0.04135555023463999,-0.04135555023463999,-0.04135555023463999,-0.04135555023463999,-0.04135555023463999,-0.04135555023463999
2020-02-25,-0.010926542677360365,-0.018190498951138112,-0.018190498951138112,0.0,0.018190498951138112,0.0,-0.0005,-0.018190498951138112,-0.0005,-0.018190498951138112,-0.018190498951138112,-0.018190498951138112
2020-02-26,0.002055488118439083,0.003472315416060967,0.003472315416060967,0.0,-0.0005,0.0,0.0,0.003472315416060967,0.0,0.003472315416060967,0.003472315416060967,0.003472315416060967
2020-02-27,-0.028555549884607064,-0.048136265467272676,-0.048136265467272676,0.0,0.0,0.0,0.0,-0.048136265467272676,0.0,-0.048136265467272676,-0.048136265467272676,-0.048136265467272676
2020-02-28,-0.00018116016404367267,-0.0002918467224900523,-0.0002918467224900523,0.0,-0.0007918467224900523,0.0,0.0,-0.0002918467224900523,0.0,-0.0002918467224900523,-0.0002918467224900523,-0.0002918467224900523
2020-03-02,0.02075074580251682,0.03726611425327642,0.03726611425327642,0.0,-0.0005,0.0,0.0,0.03726611425327641,0.0,0.03726611425327642,0.03726611425327642,0.03726611425327642
2020-03-03,-0.01241528711617752,-0.023009811402324054,-0.023009811402324054,0.0,0.0,-0.023509811402324055,0.0,-0.023009811402324054,0.0,0.022009811402324053,-0.023009811402324054,-0.023009811402324054
2020-03-04,0.01864834512868413,0.03501322901563819,0.03501322901563819,0.0,-0.03551322901563819,-0.0005,0.0,0.03501322901563819,0.0,-0.03501322901563819,0.03501322901563819,0.03501322901563819
2020-03-05,-0.013633891206318239,-0.026216794314283476,-0.026216794314283476,0.0,0.026216794314283476,-0.026716794314283476,0.0,-0.026216794314283476,0.0,0.026216794314283476,-0.026216794314283476,-0.026216794314283476
2020-03-06,-0.006097295707224553,-0.011922924014239333,-0.011922924014239332,0.0,0.011922924014239333,-0.0005,0.0,-0.011922924014239333,0.0,0.011922924014239333,-0.011922924014239333,-0.011922924014239333
2020-03-09,-0.026925471419779762,-0.05285383245165354,-0.05285383245165354,0.0,0.05285383245165354,0.0,0.0,-0.05285383245165354,0.0,0.05285383245165354,-0.05285383245165354,-0.05285383245165354
2020-03-10,0.024271926863978294,-0.0005,0.05065506668458686,0.0,0.04965506668458686,0.0,0.0,0.05065506668458686,0.0,-0.05065506668458686,-0.05165506668458686,0.05065506668458686
2020-03-11,-0.01715131253212791,-0.03800889642974897,-0.03750889642974897,0.0,-0.0005,-0.03800889642974897,0.0,-0.03750889642974897,0.0,0.03750889642974897,-0.03850889642974897,-0.03750889642974897
2020-03-12,-0.03523145281888873,-0.0005,-0.07922082514747941,0.0,-0.07972082514747941,-0.0005,0.0,-0.0792208251474794,0.0,0.07922082514747941,0.07822082514747941,-0.07922082514747941
2020-03-13,0.019395435383984815,0.0,-0.0005,0.06414833687376514,0.06464833687376514,0.0,-0.06514833687376514,-0.06564833687376515,0.0,-0.06464833687376514,0.06364833687376514,0.06464833687376514
2020-03-16,-0.014354811536391015,0.0,-0.054197516604298,-0.053697516604298,-0.053697516604298,-0.054197516604298,0.053697516604298,-0.054697516604298,0.053197516604298,0.053697516604298,-0.053697516604297994,-0.053697516604298
2020-03-17,0.01807674417937322,0.0,-0.0005,0.07026613247879654,0.07026613247879654,-0.0005,-0.07026613247879654,-0.07126613247879654,-0.07026613247879654,-0.07026613247879654,0.07026613247879654,0.07026613247879654
2020-03-18,0.0028285036583014177,0.0,0.011757741060410998,0.012257741060410998,-0.013257741060410999,0.011757741060410998,-0.012257741060410998,0.011257741060410997,-0.012257741060410998,-0.012257741060410998,0.012257741060410996,0.012257741060410998
2020-03-19,0.006442027604569258,0.0,0.027830613766863133,0.027830613766863133,-0.027830613766863133,0.027830613766863133,-0.027830613766863133,0.027830613766863133,-0.027830613766863133,-0.027830613766863133,0.02783061376686313,0.027830613766863133
2020-03-20,-0.0042262939939908825,-0.019022798541689034,-0.018522798541689034,-0.018522798541689034,-0.019522798541689035,-0.018522798541689034,-0.019522798541689035,-0.018522798541689034,-0.0005,0.018522798541689034,0.017522798541689033,-0.018522798541689034
2020-03-23,0.0069946056354084985,-0.0005,0.030735291504301987,0.030735291504301987,0.030735291504301987,0.030735291504301987,-0.03173529150430199,0.030735291504301984,0.0,-0.030735291504301987,0.029735291504301986,0.030735291504301987
2020-03-24,0.004403755055397698,0.019086561347294084,0.019586561347294085,0.019586561347294085,0.019586561347294085,0.019586561347294085,0.018586561347294084,0.019586561347294085,0.0,-0.019586561347294085,-0.020586561347294086,0.019586561347294085
2020-03-25,-0.006387058030076944,-0.027967604900146936,-0.027967604900146936,-0.027967604900146936,0.026967604900146935,-0.027967604900146936,-0.027967604900146936,-0.027967604900146936,0.0,0.027967604900146936,0.027967604900146936,-0.027967604900146936
2020-03-26,0.008379140065612458,0.03693312450375408,0.03693312450375408,0.03693312450375408,0.03593312450375408,0.03693312450375408,0.03693312450375408,0.03693312450375408,0.0,-0.03693312450375408,-0.03693312450375408,0.03693312450375408
2020-03-27,-0.006304286616499299,-0.028325389436650084,-0.028325389436650084,-0.028325389436650084,0.027325389436650083,-0.028325389436650084,-0.028325389436650084,-0.028325389436650084,0.0,0.028325389436650084,0.028325389436650084,-0.028325389436650084
2020-03-30,0.007639334027071712,0.03360354691971379,0.03360354691971379,0.03360354691971379,-0.03360354691971379,-0.0005,0.03360354691971379,0.03360354691971379,0.0,-0.03360354691971379,-0.03360354691971379,0.03360354691971379
2020-03-31,-0.0016261667022760189,-0.007245622950859176,-0.007245622950859176,-0.007245622950859176,0.007245622950859176,-0.007745622950859177,-0.007245622950859176,-0.007245622950859176,-0.007745622950859177,0.007245622950859176,0.007245622950859176,-0.007245622950859176
2020-04-01,-0.004916302788022056,-0.02155179126735396,-0.02155179126735396,-0.02155179126735396,-0.02255179126735396,-0.02155179126735396,-0.02155179126735396,-0.02155179126735396,-0.02155179126735396,0.02155179126735396,0.02155179126735396,-0.02155179126735396
2020-04-02,0.0013315489250318084,0.005834205106051371,0.005834205106051371,0.005834205106051371,-0.006834205106051371,-0.0005,0.005834205106051371,0.005834205106051371,0.005834205106051371,-0.005834205106051371,-0.005834205106051371,0.005834205106051371
2020-04-03,-0.0014838877507055575,-0.0063788821910731874,-0.0063788821910731874,-0.0063788821910731874,0.0063788821910731874,0.0,-0.0063788821910731874,-0.0063788821910731874,-0.0063788821910731874,0.0063788821910731874,0.0063788821910731874,-0.0063788821910731874
2020-04-06,0.011195746548143865,0.04772922477644714,0.04772922477644714,0.04772922477644714,-0.04772922477644714,0.0,0.04772922477644714,0.04772922477644714,-0.0005,-0.04772922477644714,-0.04772922477644714,0.04772922477644714
2020-04-07,0.0015952123644387608,0.007013456003121421,0.007013456003121421,0.007013456003121421,-0.007013456003121421,0.006513456003121421,0.007013456003121421,0.007013456003121421,0.006513456003121421,-0.007013456003121421,-0.007013456003121421,0.007013456003121421
2020-04-08,0.0037358095770195963,0.015609461784076739,0.015609461784076739,0.015609461784076739,0.014609461784076738,0.015609461784076739,0.015609461784076739,0.015609461784076739,0.015609461784076739,-0.015609461784076739,-0.015609461784076739,0.015609461784076739
2020-04-09,-3.305708601573267e-05,-0.00011748445832981957,-0.00011748445832981957,-0.00011748445832981957,-0.00011748445832981957,-0.00011748445832981957,-0.00011748445832981957,-0.00011748445832981957,-0.00011748445832981957,-0.0011174844583298196,0.00011748445832981957,-0.00011748445832981957
2020-04-13,0.015779271442596946,0.0617350661426328,0.0617350661426328,0.0617350661426328,0.0617350661426328,0.0617350661426328,0.0617350661426328,0.0617350661426328,0.0617350661426328,0.0617350661426328,-0.0617350661426328,0.0617350661426328
2020-04-14,0.016596675557373645,0.052769449861283624,0.052769449861283624,0.052769449861283624,0.052769449861283624,0.052769449861283624,0.052769449861283624,0.052769449861283624,0.052769449861283624,0.052769449861283624,-0.052769449861283624,0.052769449861283624
2020-04-15,0.0032860556334168363,0.010668695718768717,0.010668695718768717,-0.011668695718768718,0.010668695718768717,0.010668695718768717,0.010668695718768717,0.010668695718768717,0.010668695718768717,0.010668695718768717,-0.010668695718768717,0.010668695718768717
2020-04-16,0.013449676625169597,0.043554542393708484,0.043554542393708484,-0.043554542393708484,0.043554542393708484,0.043554542393708484,0.043554542393708484,0.043554542393708484,0.043554542393708484,0.043554542393708484,-0.043554542393708484,0.043554542393708484
2020-04-17,-0.004204584560669791,-0.013782136130354505,-0.013782136130354505,0.013782136130354505,-0.013782136130354505,-0.013782136130354505,-0.013782136130354505,-0.013782136130354505,-0.013782136130354505,-0.013782136130354505,0.013782136130354505,-0.013782136130354505
2020-04-20,0.002382743726931002,0.007835757606907912,0.007835757606907912,-0.007835757606907912,0.007835757606907912,0.007835757606907912,0.007835757606907912,0.007835757606907912,0.007835757606907912,0.007835757606907912,-0.007835757606907912,0.007835757606907912
2020-04-21,-0.008329568435891596,-0.02736033095931456,-0.02736033095931456,0.02736033095931456,0.02636033095931456,-0.02736033095931456,-0.02736033095931456,-0.02736033095931456,-0.02736033095931456,-0.02736033095931456,0.02736033095931456,-0.02736033095931456
2020-04-22,0.004590325953578713,0.015192527091639096,0.015192527091639096,-0.015192527091639096,-0.015192527091639096,-0.0005,0.015192527091639096,0.015192527091639096,0.015192527091639096,0.015192527091639096,-0.015192527091639096,0.015192527091639096
2020-04-23,0.0045947582565021156,0.015214823484082762,0.015214823484082762,-0.015214823484082762,-0.015214823484082762,0.014714823484082762,0.015214823484082762,0.015214823484082762,0.015214823484082762,0.015214823484082762,-0.015214823484082762,0.015214823484082762
2020-04-24,0.0013544253622835985,0.004488511186874211,0.004488511186874211,-0.004488511186874211,-0.004488511186874211,0.004488511186874211,0.004488511186874211,0.004488511186874211,0.004488511186874211,0.004488511186874211,-0.004488511186874211,0.004488511186874211
2020-04-27,-0.004294728930384734,-0.01419786171076054,-0.01419786171076054,0.01419786171076054,0.01419786171076054,-0.01419786171076054,-0.01419786171076054,-0.01419786171076054,-0.01419786171076054,-0.01419786171076054,0.01419786171076054,-0.01419786171076054
2020-04-28,-0.007892613865766425,-0.0260606110425593,-0.0260606110425593,0.0260606110425593,0.0260606110425593,-0.0005,-0.0260606110425593,-0.0260606110425593,-0.0260606110425593,-0.0260606110425593,0.0260606110425593,-0.0260606110425593
2020-04-29,0.007619316576789002,0.02533616474965794,0.02533616474965794,-0.02533616474965794,-0.02533616474965794,0.0,0.02533616474965794,0.02533616474965794,0.02533616474965794,0.02533616474965794,-0.02533616474965794,0.02533616474965794
2020-04-30,0.012792842168068667,0.042689574239964,0.042689574239964,-0.042689574239964,-0.042689574239964,0.042189574239964,0.042689574239964,0.042689574239964,0.042689574239964,0.042689574239964,-0.042689574239964,0.042689574239964
2020-05-01,-0.02250829505777463,-0.07597409237648922,-0.07597409237648922,0.07597409237648922,-0.07697409237648922,-0.07597409237648922,-0.07597409237648922,-0.07597409237648922,-0.07597409237648922,-0.07597409237648922,0.07597409237648922,-0.07597409237648922
2020-05-04,0.0038355139041569885,0.013101236487597756,0.013101236487597756,-0.013101236487597756,-0.014101236487597757,-0.0005,0.013101236487597756,0.013101236487597756,-0.0005,0.013101236487597756,-0.013101236487597756,0.013101236487597756
2020-05-05,0.00022865420559660903,0.0007815221854263754,0.0007815221854263754,-0.0007815221854263754,-0.0007815221854263754,0.0,0.0007815221854263754,0.0007815221854263754,0.0,0.0007815221854263754,-0.0007815221854263754,0.0007815221854263754
2020-05-06,0.004238055382044905,0.014436139090531874,0.014436139090531874,-0.014436139090531874,-0.014436139090531874,0.0,0.014436139090531874,0.014436139090531874,0.0,0.014436139090531874,-0.014436139090531874,0.014436139090531874
2020-05-07,0.0020401867799561043,0.006953694859791026,0.006953694859791026,-0.006953694859791026,-0.006953694859791026,0.006453694859791026,0.006953694859791026,0.006953694859791026,0.0,0.006953694859791026,-0.006953694859791026,0.006953694859791026
2020-05-08,0.0014869623236363364,0.005068389389295991,0.005068389389295991,-0.005068389389295991,-0.005068389389295991,0.005068389389295991,0.005068389389295991,0.005068389389295991,0.0,0.005068389389295991,-0.005068389389295991,0.005068389389295991
2020-05-11,0.003626886192219353,0.012350743942999287,0.012350743942999287,-0.012350743942999287,-0.012350743942999287,0.012350743942999287,0.012350743942999287,0.012350743942999287,0.0,0.012350743942999287,-0.012350743942999287,0.012350743942999287
2020-05-12,-0.006368874805919374,-0.021606420523622827,-0.021606420523622827,0.021606420523622827,0.021606420523622827,-0.021606420523622827,-0.021606420523622827,-0.021606420523622827,-0.022106420523622827,-0.021606420523622827,0.021606420523622827,-0.021606420523622827
2020-05-13,0.0013655010873771802,0.004654320575239401,0.004654320575239401,-0.0005,-0.004654320575239401,-0.0005,0.004654320575239401,0.004654320575239401,0.004654320575239401,0.004654320575239401,0.003654320575239401,0.004654320575239401
2020-05-14,0.0025943208616667417,0.008838926123896362,0.00883892612389636,0.0,-0.008838926123896362,0.008338926123896362,0.008838926123896362,0.00883892612389636,0.008838926123896362,0.008838926123896362,0.008838926123896362,0.008838926123896362
2020-05-15,0.0025716137502292216,0.008761547889003296,0.008761547889003296,0.0,-0.008761547889003296,0.008761547889003296,0.008761547889003296,0.008761547889003296,0.008761547889003296,0.008761547889003296,-0.009761547889003297,0.008761547889003296
2020-05-18,0.0020079244913618925,0.006838841203809398,0.006838841203809398,0.0,-0.006838841203809398,0.006838841203809398,0.006838841203809398,0.006838841203809398,0.006838841203809398,0.006838841203809398,-0.006838841203809397,0.006838841203809398
2020-05-19,0.0027925050426988746,0.009508426590011165,0.009508426590011165,0.0,-0.009508426590011165,0.009508426590011165,0.009508426590011165,0.009508426590011165,0.009508426590011165,0.009508426590011165,-0.009508426590011165,0.009508426590011165
2020-05-20,0.00582721432558406,0.019846275173532213,0.019846275173532213,0.0,-0.019846275173532213,0.019846275173532213,0.019846275173532213,0.019846275173532213,0.019846275173532213,0.019846275173532213,-0.01984627517353221,0.019846275173532213
2020-05-21,-0.0060098805597212325,-0.02049693045417056,-0.02049693045417056,0.0,0.02049693045417056,-0.02049693045417056,-0.02049693045417056,-0.02049693045417056,-0.02049693045417056,-0.02049693045417056,0.020496930454170555,-0.02049693045417056
2020-05-22,-0.0011848416641766588,-0.004029821100215103,-0.004029821100215102,0.0,0.004029821100215103,-0.0005,-0.004029821100215103,-0.004029821100215103,-0.004029821100215103,-0.004029821100215103,-0.005029821100215103,-0.004029821100215103
2020-05-26,-0.0018419650621217744,-0.0061636144559754635,-0.0061636144559754635,0.0,0.0061636144559754635,0.0,-0.0061636144559754635,-0.0061636144559754635,-0.0061636144559754635,-0.0061636144559754635,-0.0061636144559754635,-0.0061636144559754635
2020-05-27,-0.0014184069465702337,-0.004736042347035618,-0.004736042347035618,0.0,-0.0005,0.0,-0.004736042347035618,-0.004736042347035618,-0.004736042347035618,-0.004736042347035618,-0.004736042347035618,-0.004736042347035618
2020-05-28,-0.0011533376794388352,-0.003854151605534595,-0.0038541516055345944,0.0,0.0033541516055345948,0.0,-0.003854151605534595,-0.003854151605534595,-0.003854151605534595,-0.003854151605534595,-0.003854151605534595,-0.003854151605534595
2020-05-29,0.005253795764451518,0.017187950901155657,0.017187950901155657,0.0,-0.017187950901155657,0.0,0.017187950901155657,0.017187950901155657,0.017187950901155657,0.017187950901155657,-0.018187950901155655,0.017187950901155657
2020-06-01,0.003585981085725665,0.011738616181262485,0.011738616181262485,0.0,-0.011738616181262485,0.011238616181262484,0.011738616181262485,0.011738616181262485,0.011738616181262485,0.011738616181262485,-0.011738616181262483,0.011738616181262485
2020-06-02,0.00016951420250984665,0.0005543957444538172,0.0005543957444538172,0.0,-0.0005543957444538172,0.0005543957444538172,0.0005543957444538172,-0.0015543957444538173,0.0005543957444538172,0.0005543957444538172,-0.0005543957444538171,0.0005543957444538172
2020-06-03,0.0007504115155888256,0.002422733405640143,0.002422733405640143,0.0,-0.002422733405640143,0.002422733405640143,0.002422733405640143,0.0014227334056401428,0.002422733405640143,0.002422733405640143,-0.0024227334056401424,0.002422733405640143
2020-06-04,-0.0022471369039777965,-0.0071820481181339435,-0.0071820481181339435,0.0,0.0071820481181339435,-0.0071820481181339435,-0.0071820481181339435,-0.0071820481181339435,-0.0071820481181339435,-0.0071820481181339435,0.007182048118133943,-0.0071820481181339435
2020-06-05,0.002865812233457359,0.009103493113018724,0.009103493113018724,0.0,-0.0005,0.009103493113018724,0.009103493113018724,0.009103493113018724,0.009103493113018724,0.009103493113018724,0.008103493113018723,0.009103493113018724
2020-06-08,0.005219080231924423,0.016536458949464095,0.016536458949464095,0.0,-0.017036458949464095,0.016536458949464095,0.016536458949464095,0.016536458949464095,0.016536458949464095,0.016536458949464095,-0.017536458949464092,0.016536458949464095
2020-06-09,0.009892518192125591,0.030427139202305886,0.030427139202305886,0.0,-0.030427139202305886,0.030427139202305886,0.030427139202305886,0.030427139202305886,0.030427139202305886,0.030427139202305886,-0.030427139202305886,0.030427139202305886
2020-06-10,0.005904870682814416,0.017913292558120908,0.017913292558120904,0.0,-0.0005,0.017913292558120908,0.017913292558120908,0.017913292558120908,0.017913292558120908,0.017913292558120908,-0.017913292558120908,0.017913292558120908
2020-06-11,-0.011345249430786167,-0.03380230045218746,-0.03380230045218746,0.0,0.0,-0.03380230045218746,-0.03380230045218746,-0.03380230045218746,-0.03380230045218746,-0.03380230045218746,0.033802300452187455,-0.03380230045218746
2020-06-12,-0.004712106718605759,-0.005058743377937103,-0.005058743377937103,0.0,0.004558743377937102,-0.0005,-0.005058743377937103,-0.005058743377937103,-0.005058743377937103,-0.005058743377937103,-0.006058743377937102,-0.005058743377937103
2020-06-15,0.009448790640826864,0.01086830941079775,0.01086830941079775,0.0,-0.01086830941079775,0.0,0.01086830941079775,0.01086830941079775,0.01086830941079775,0.01086830941079775,0.010868309410797748,0.01086830941079775
2020-06-16,0.014353947836889262,0.0165547312399128,0.0165547312399128,0.0,0.0155547312399128,0.0,0.0165547312399128,0.0165547312399128,0.0165547312399128,0.0165547312399128,0.0165547312399128,0.0165547312399128
2020-06-17,0.008381938053698952,0.009830663019560593,0.009830663019560593,0.0,-0.010830663019560594,0.009330663019560592,0.009830663019560593,0.009830663019560593,0.009830663019560593,0.009830663019560593,0.009830663019560593,0.009830663019560593
2020-06-18,0.004187071520083711,0.004922484646629588,0.004922484646629588,0.0,0.003922484646629588,0.004922484646629588,0.004922484646629588,0.004922484646629588,0.004922484646629588,0.004922484646629588,0.004922484646629588,0.004922484646629588
2020-06-19,0.006763177190384025,0.007923935918584757,0.007923935918584757,0.0,0.007923935918584757,0.007923935918584757,0.007923935918584757,0.007923935918584755,0.007923935918584757,0.007923935918584757,0.007923935918584757,0.007923935918584757
2020-06-22,0.012735422574981108,0.014508287231048467,0.014508287231048467,0.0,-0.0005,0.014508287231048467,0.014508287231048467,0.014508287231048465,0.014508287231048467,0.014508287231048467,0.014508287231048467,0.014508287231048467
2020-06-23,0.017455739216904447,0.018641697717608263,0.018641697717608263,0.0,-0.019141697717608264,0.018641697717608263,0.018641697717608263,0.01864169771760826,0.018641697717608263,0.018641697717608263,0.018641697717608263,0.018641697717608263
2020-06-24,-0.010078347559990519,-0.010855867894827953,-0.010855867894827953,0.0,0.010855867894827953,-0.010855867894827953,-0.010855867894827953,-0.010855867894827953,-0.010855867894827953,-0.010855867894827953,-0.010855867894827953,-0.010855867894827953
2020-06-25,0.006716681487160526,0.007380066387785211,0.007380066387785211,0.0,-0.0005,0.007380066387785211,0.007380066387785211,0.007380066387785211,0.007380066387785211,0.007380066387785211,0.00738006638778521,0.007380066387785211
2020-06-26,-0.020742981083158724,-0.02240276315369638,-0.02240276315369638,0.0,0.02190276315369638,-0.02240276315369638,-0.02240276315369638,-0.02240276315369638,-0.02240276315369638,-0.02240276315369638,-0.02240276315369638,-0.02240276315369638
2020-06-29,-0.00397141217360459,-0.004638148068063508,-0.004638148068063508,0.0,0.004638148068063508,-0.0005,-0.004638148068063508,-0.004638148068063507,-0.004638148068063508,-0.004638148068063508,-0.004638148068063507,-0.004638148068063508
2020-06-30,0.02496006045429282,0.029264486024190406,0.029264486024190406,0.0,0.028264486024190405,0.0,0.029264486024190406,0.029264486024190406,0.029264486024190406,0.029264486024190406,0.029264486024190402,0.029264486024190406
2020-07-01,0.03492372889405789,0.043453386195574595,0.04345338619557459,0.0,-0.044453386195574596,0.042953386195574594,0.043453386195574595,0.043453386195574595,0.043453386195574595,0.043453386195574595,0.043453386195574595,0.043453386195574595
2020-07-02,0.002826938796180889,0.004029609482701257,0.004029609482701257,0.0,0.0030296094827012574,0.004029609482701257,0.004029609482701257,0.004029609482701257,0.004029609482701257,0.004029609482701257,0.004029609482701257,0.004029609482701257
2020-07-06,0.04117022957065203,0.05768955229869066,0.05768955229869066,0.0,-0.0005,0.05768955229869066,0.05768955229869066,0.05768955229869066,0.05768955229869066,0.05768955229869066,0.05768955229869066,0.05768955229869066
2020-07-07,-0.011538084150426618,-0.018619371729473477,-0.018619371729473474,0.0,0.0,-0.018619371729473477,-0.018619371729473477,-0.018619371729473477,-0.018619371729473477,-0.018619371729473477,-0.018619371729473477,-0.018619371729473477
2020-07-08,0.01588633030558906,0.026995584181255694,0.026995584181255694,0.0,0.0,0.026995584181255694,0.026995584181255694,0.026995584181255694,0.026995584181255694,0.026995584181255694,0.02699558418125569,0.026995584181255694
2020-07-09,0.019136815535753793,0.032949191382365184,0.03294919138236518,0.0,0.0,0.032949191382365184,0.032949191382365184,0.03294919138236518,0.032949191382365184,0.032949191382365184,0.032949191382365184,0.032949191382365184
2020-07-10,0.0031504055849707227,0.005457748808544549,0.005457748808544549,0.0,0.0,0.005457748808544549,0.005457748808544549,0.005457748808544549,0.005457748808544549,0.005457748808544549,0.005457748808544549,0.005457748808544549
2020-07-13,-0.01737493458276519,-0.030000019073486373,-0.030000019073486373,0.0,-0.030500019073486373,-0.030000019073486373,-0.030000019073486373,-0.030000019073486373,-0.030000019073486373,-0.030000019073486373,-0.030000019073486373,-0.030000019073486373
2020-07-14,-0.0037999470477304686,-0.006443299095769239,-0.0064432990957692384,0.0,-0.006443299095769239,-0.0005,-0.006443299095769239,-0.006443299095769239,-0.006443299095769239,-0.006443299095769239,-0.006443299095769239,-0.006443299095769239
2020-07-15,-0.014316266398087576,-0.02436122126125273,-0.02436122126125273,0.0,-0.02436122126125273,0.0,-0.02436122126125273,-0.02436122126125273,-0.02436122126125273,-0.02436122126125273,-0.02436122126125273,-0.02436122126125273
2020-07-16,-0.001673169389206065,-0.002981196241378159,-0.002981196241378159,0.0,-0.002981196241378159,0.0,-0.002981196241378159,-0.002981196241378159,-0.002981196241378159,-0.002981196241378159,-0.002981196241378159,-0.002981196241378159
2020-07-17,-0.00702283304284903,-0.01264375276193297,-0.012643752761932968,0.0,-0.01264375276193297,0.0,-0.01264375276193297,-0.01264375276193297,-0.01264375276193297,-0.01264375276193297,-0.01264375276193297,-0.01264375276193297
2020-07-20,0.04331793367591164,0.07929519957328535,0.07929519957328535,0.0,0.07929519957328535,0.0,0.07929519957328535,0.07929519957328535,0.07929519957328535,0.07929519957328535,0.07929519957328535,0.07929519957328535
2020-07-21,-0.008262751273608534,-0.018314900474015072,-0.018314900474015072,0.0,-0.018314900474015072,-0.018814900474015073,-0.018314900474015072,-0.018314900474015072,-0.018314900474015072,-0.018314900474015072,-0.018314900474015072,-0.018314900474015072
2020-07-22,-0.005367708182922966,-0.012229630062539742,-0.01222963006253974,0.0,-0.012229630062539742,-0.012229630062539742,-0.012229630062539742,-0.01222963006253974,-0.012229630062539742,-0.012229630062539742,-0.012229630062539742,-0.012229630062539742
2020-07-23,-0.01587796809034333,-0.036568799201794455,-0.036568799201794455,0.0,-0.036568799201794455,-0.036568799201794455,-0.036568799201794455,-0.03656879920179445,-0.036568799201794455,-0.036568799201794455,-0.036568799201794455,-0.036568799201794455
2020-07-24,0.003097445345208771,0.007486874288995304,0.007486874288995304,0.0,0.007486874288995304,-0.0005,0.007486874288995304,0.007486874288995304,0.007486874288995304,0.007486874288995304,0.007486874288995304,0.007486874288995304
2020-07-27,0.006424509639929671,0.015387648743417026,0.015387648743417026,0.0,0.015387648743417026,0.0,0.015387648743417026,0.015387648743417026,0.015387648743417026,0.015387648743417026,0.015387648743417026,0.015387648743417026
2020-07-28,-0.007481357163097387,-0.017962780502695397,-0.017962780502695397,0.0,-0.017962780502695397,-0.018462780502695397,-0.017962780502695397,-0.017962780502695397,-0.017962780502695397,-0.017962780502695397,-0.017962780502695397,-0.017962780502695397
2020-07-29,0.004635980258111312,0.011065474265779418,0.011065474265779416,0.0,0.011065474265779418,-0.0005,0.011065474265779418,0.011065474265779418,0.011065474265779418,0.011065474265779418,0.011065474265779418,0.011065474265779418
2020-07-30,0.0025405732778247298,0.006049030252796905,0.006049030252796905,0.0,0.006049030252796905,0.005549030252796905,0.006049030252796905,0.006049030252796905,-0.0005,0.006049030252796905,0.006049030252796905,0.006049030252796905
2020-07-31,0.015766815539520734,0.036960821567137314,0.03696082156713731,0.0,0.036960821567137314,0.036960821567137314,0.036960821567137314,0.036960821567137314,0.0,0.036960821567137314,0.036960821567137314,0.036960821567137314
2020-08-03,-0.007215106324360639,-0.01668096589563972,-0.01668096589563972,0.0,-0.01668096589563972,-0.01668096589563972,-0.01668096589563972,-0.01668096589563972,-0.01718096589563972,-0.01668096589563972,-0.01668096589563972,-0.01668096589563972
2020-08-04,0.0036921300715527837,0.008657119256458845,0.008657119256458845,0.0,0.008657119256458845,-0.0005,0.008657119256458845,0.008657119256458845,0.008657119256458845,0.008657119256458845,0.008657119256458845,0.008657119256458845
2020-08-05,0.009866254822306209,0.021090645909052075,0.021090645909052075,0.0,0.021090645909052075,0.020590645909052074,0.021090645909052075,0.021090645909052075,0.021090645909052075,0.021090645909052075,0.021090645909052075,0.021090645909052075
2020-08-06,0.002930704758097102,0.0062308600392182445,0.0062308600392182445,0.0,0.0062308600392182445,0.0062308600392182445,0.0062308600392182445,0.0062308600392182445,0.0062308600392182445,0.0062308600392182445,0.0062308600392182445,0.0062308600392182445
2020-08-07,-0.008569797091637904,-0.017841853651889505,-0.017841853651889505,0.0,-0.017841853651889505,-0.017841853651889505,-0.017841853651889505,-0.017841853651889502,-0.017841853651889505,-0.017841853651889505,-0.017841853651889505,-0.017841853651889505
2020-08-10,-0.0030007992237816227,-0.006093187166982039,-0.006093187166982039,0.0,-0.006093187166982039,-0.0005,-0.006093187166982039,0.005093187166982039,-0.006093187166982039,-0.006093187166982039,-0.006093187166982039,-0.006093187166982039
2020-08-11,-0.01053656514297996,-0.021437993092404684,-0.021437993092404684,0.0,-0.021437993092404684,0.0,-0.021437993092404684,0.021437993092404684,-0.021437993092404684,-0.021437993092404684,-0.021437993092404684,-0.021437993092404684
2020-08-12,0.009867933294454042,0.026478049605839216,0.026478049605839216,0.0,0.026478049605839216,0.0,-0.0005,-0.026478049605839216,0.026478049605839216,0.026478049605839216,0.026478049605839216,0.026478049605839216
2020-08-13,-0.0001456379011580283,-0.0003858318082136103,-0.0003858318082136103,0.0,-0.0003858318082136103,-0.0008858318082136103,-0.0008858318082136103,-0.0013858318082136103,-0.0003858318082136103,-0.0003858318082136103,-0.0003858318082136103,-0.0003858318082136103
2020-08-14,-0.0015516115819279755,-0.004112558082955964,-0.004112558082955964,0.0,-0.004112558082955964,-0.004112558082955964,-0.004112558082955964,-0.004112558082955964,-0.004112558082955964,-0.004112558082955964,-0.004112558082955964,-0.004112558082955964
2020-08-17,0.00410605552138535,0.010924312234330102,0.0109243122343301,0.0,0.010924312234330102,-0.0005,0.010924312234330102,0.010924312234330102,0.010924312234330102,0.010924312234330102,0.010924312234330102,0.010924312234330102
2020-08-18,0.015478545186055383,0.04087466955935781,0.04087466955935781,0.0,0.04087466955935781,0.04037466955935781,0.04087466955935781,0.040874669559357805,0.04087466955935781,0.04087466955935781,0.04087466955935781,0.04087466955935781
2020-08-19,-0.007441896621288006,-0.015701145907449088,-0.015701145907449088,0.0,-0.015701145907449088,-0.015701145907449088,-0.015701145907449088,-0.015701145907449088,-0.015701145907449088,-0.015701145907449088,-0.015701145907449088,-0.015701145907449088
2020-08-20,0.005361030317394076,0.011314270642265756,0.011314270642265756,0.0,0.011314270642265756,0.011314270642265756,0.011314270642265756,0.011314270642265756,0.011314270642265756,0.011314270642265756,0.011314270642265756,0.011314270642265756
2020-08-21,-0.0018369903966603282,-0.0038364352508537536,-0.0038364352508537536,0.0,-0.0005,-0.0038364352508537536,-0.0038364352508537536,-0.0038364352508537536,-0.0038364352508537536,-0.0038364352508537536,-0.0038364352508537536,-0.0038364352508537536
2020-08-24,0.0036783558802485636,0.006923017605080961,0.006923017605080961,0.0,0.006423017605080961,0.006923017605080961,0.006923017605080961,0.006923017605080961,0.006923017605080961,0.006923017605080961,0.006923017605080961,0.006923017605080961
2020-08-25,0.0063200236674117675,0.011800549645987202,0.011800549645987202,0.0,0.011800549645987202,0.011800549645987202,0.011800549645987202,0.011800549645987202,0.011800549645987202,0.011800549645987202,0.011800549645987202,0.011800549645987202
2020-08-26,0.015340041527856136,0.0284955613728457,0.0284955613728457,0.0,-0.0005,0.0284955613728457,0.0284955613728457,0.0284955613728457,0.0284955613728457,0.0284955613728457,0.0284955613728457,0.0284955613728457
2020-08-27,-0.006563321437258812,-0.01215915158498826,-0.01215915158498826,0.0,-0.01265915158498826,-0.01215915158498826,-0.01215915158498826,-0.012159151584988257,-0.01215915158498826,-0.01215915158498826,-0.01215915158498826,-0.01215915158498826
2020-08-28,0.00027214432408286193,0.0005293902228860059,0.0005293902228860059,0.0,-0.0005,0.0005293902228860059,0.0005293902228860059,0.0005293902228860058,0.0005293902228860059,0.0005293902228860059,0.0005293902228860059,0.0005293902228860059
2020-08-31,0.007594411385643843,0.014451219151166761,0.014451219151166761,0.0,0.01395121915116676,0.014451219151166761,0.014451219151166761,0.014451219151166761,0.014451219151166761,0.014451219151166761,0.014451219151166761,0.014451219151166761
2020-09-01,0.00791314451640208,0.01395547583299983,0.01395547583299983,0.0,-0.0005,0.01395547583299983,0.01395547583299983,0.01395547583299983,0.01395547583299983,0.01395547583299983,0.01395547583299983,0.01395547583299983
2020-09-02,0.005438255084668254,0.009239471142122424,0.009239471142122422,0.0,0.0,0.009239471142122424,0.009239471142122424,0.009239471142122424,0.009239471142122424,0.009239471142122424,0.009239471142122424,0.009239471142122424
2020-09-03,-0.027285518341070288,-0.04628410915968095,-0.04628410915968095,0.0,0.0,-0.04628410915968095,-0.04628410915968095,-0.04628410915968095,-0.04628410915968095,-0.04628410915968095,-0.04628410915968095,-0.04628410915968095
2020-09-04,-0.01075595510727408,-0.021787358799564616,-0.021787358799564616,0.0,-0.022287358799564616,-0.0005,-0.021787358799564616,-0.021787358799564616,-0.021787358799564616,-0.021787358799564616,-0.021787358799564616,-0.021787358799564616
2020-09-08,-0.020854996502972657,-0.04394435952982134,-0.04394435952982134,0.0,-0.0005,0.0,-0.0005,-0.04394435952982134,-0.04394435952982134,-0.04394435952982134,-0.04394435952982134,-0.04394435952982134
2020-09-09,0.016259505624878563,0.03770662418145765,0.03770662418145765,0.0,0.0,0.0,0.0,-0.03870662418145765,-0.0005,0.03770662418145765,0.03770662418145765,0.03770662418145765
2020-09-10,-0.011604836160159464,-0.02860545100214451,-0.02860545100214451,0.0,-0.02910545100214451,0.0,0.0,-0.029605451002144508,0.0,-0.02860545100214451,-0.02860545100214451,-0.02860545100214451
2020-09-11,-0.007389470211923928,-0.018547317429499666,-0.018547317429499666,0.0,0.017547317429499665,0.0,0.0,-0.018547317429499666,0.0,-0.018547317429499666,-0.018547317429499666,-0.018547317429499666
2020-09-14,-0.0017189424713296099,-0.004251985314208007,-0.004251985314208007,0.0,0.004251985314208007,0.0,0.0,0.0032519853142080066,0.0,-0.004251985314208007,-0.004251985314208007,-0.004251985314208007
2020-09-15,0.006910535567602396,0.017132004407634627,0.017132004407634627,0.0,-0.017132004407634627,0.0,0.0,-0.017132004407634627,0.0,0.017132004407634627,0.017132004407634627,0.017132004407634627
2020-09-16,-0.009849910669639222,-0.024723344317983953,-0.024723344317983953,0.0,-0.025723344317983954,0.0,0.0,-0.02572334431798395,0.0,-0.024723344317983953,-0.024723344317983953,-0.024723344317983953
2020-09-17,-0.008802626942375507,-0.02253666798925036,-0.02253666798925036,0.0,-0.02253666798925036,0.0,0.0,0.021536667989250358,0.0,0.021536667989250358,-0.02253666798925036,-0.02253666798925036
2020-09-18,-0.007500253518084756,-0.01788790878106783,-0.017887908781067826,0.0,0.01688790878106783,0.0,0.0,0.01788790878106783,0.0,0.01788790878106783,-0.01788790878106783,-0.01788790878106783
2020-09-21,0.0007848235836928987,0.001881613182508124,0.001881613182508124,0.0,-0.001881613182508124,0.0,0.0,-0.001881613182508124,0.0,-0.001881613182508124,0.001881613182508124,0.001881613182508124
2020-09-22,0.02400732973026266,0.05692335984779917,0.05692335984779917,0.0,-0.05692335984779917,0.0,0.0,-0.056923359847799164,0.0,-0.05692335984779917,0.05692335984779917,0.05692335984779917
2020-09-23,-0.014940470962065,-0.04126889165142078,-0.04126889165142078,0.0,-0.04226889165142078,-0.04176889165142078,0.0,0.04126889165142078,0.0,0.04126889165142078,-0.04126889165142078,-0.04126889165142078
2020-09-24,0.002281421168968369,0.006643681788120581,0.006643681788120581,0.0,-0.007643681788120581,-0.0005,0.0,-0.006643681788120581,0.0,-0.006643681788120581,0.006643681788120581,0.006643681788120581
2020-09-25,0.008638239530014595,0.02494874307344297,0.02494874307344297,0.0,-0.02494874307344297,0.02444874307344297,0.0,-0.02494874307344297,0.0,-0.02494874307344297,0.02494874307344297,0.02494874307344297
2020-09-28,0.008894606868644775,0.025498115680328004,0.025498115680328004,0.0,0.024498115680328003,0.025498115680328004,0.0,-0.025498115680328004,0.0,-0.025498115680328004,0.025498115680328004,0.025498115680328004
2020-09-29,-0.0031279803455339945,-0.009190126805558863,-0.009190126805558863,0.0,-0.009190126805558863,-0.009190126805558863,-0.009690126805558863,0.00919012680555886,0.0,0.009190126805558863,-0.009190126805558863,-0.009190126805558863
2020-09-30,0.0004156132024362332,0.0012241460404771587,0.0012241460404771587,0.0,0.0012241460404771587,0.0012241460404771587,0.0012241460404771587,-0.0012241460404771587,0.0,-0.0012241460404771587,0.0012241460404771587,0.0012241460404771587
2020-10-01,0.007899428960153089,0.023034752317315554,0.023034752317315554,0.0,0.023034752317315554,0.023034752317315554,0.023034752317315554,-0.023034752317315554,0.0,-0.023034752317315554,0.023034752317315554,0.023034752317315554
2020-10-02,-0.010118385941863223,-0.02988273802333874,-0.02988273802333874,0.0,0.02888273802333874,-0.02988273802333874,-0.02988273802333874,0.02988273802333874,-0.03038273802333874,0.02988273802333874,-0.02988273802333874,-0.02988273802333874
2020-10-05,0.007920494978032128,0.0237440429687501,0.0237440429687501,0.0,0.0227440429687501,-0.0005,-0.0005,-0.0237440429687501,0.0237440429687501,-0.0237440429687501,0.0237440429687501,0.0237440429687501
2020-10-06,-0.010713837396710585,-0.03102028886576813,-0.03102028886576813,0.0,0.03002028886576813,-0.03152028886576813,-0.03152028886576813,0.03102028886576813,-0.03102028886576813,0.03102028886576813,-0.03102028886576813,-0.03102028886576813
2020-10-07,0.010502698897501163,0.030881037106998743,0.030881037106998743,0.0,0.029881037106998742,-0.0005,-0.0005,-0.030881037106998743,0.030881037106998743,-0.030881037106998743,0.030881037106998743,0.030881037106998743
2020-10-08,-0.0005681675258237466,-0.0016084400175445657,-0.0016084400175445657,0.0,-0.0016084400175445657,-0.0021084400175445657,-0.0021084400175445657,-0.0026084400175445657,-0.0016084400175445657,0.0016084400175445657,-0.0016084400175445657,-0.0016084400175445657
2020-10-09,0.011088751108184313,0.030120249141207367,0.030120249141207367,0.0,0.030120249141207367,0.030120249141207367,0.030120249141207367,-0.031120249141207368,0.030120249141207367,-0.030120249141207367,0.030120249141207367,0.030120249141207367
2020-10-12,0.017504305416040367,0.04754990740220588,0.04754990740220588,0.0,0.04754990740220588,0.04754990740220588,0.04754990740220588,0.04654990740220588,0.04754990740220588,-0.04754990740220588,-0.048549907402205876,0.04754990740220588
2020-10-13,6.168429800759217e-05,0.00020333647320058823,0.00020333647320058823,0.0,0.00020333647320058823,0.00020333647320058823,0.00020333647320058823,0.00020333647320058823,0.00020333647320058823,-0.0007966635267994118,-0.00020333647320058828,0.00020333647320058823
2020-10-14,-0.008127309861305432,-0.023208080547411636,-0.023208080547411636,0.0,-0.023208080547411636,-0.023208080547411636,-0.023208080547411636,-0.023208080547411636,-0.023208080547411636,-0.023208080547411636,0.023208080547411636,-0.023208080547411636
2020-10-15,-0.0025604899504583214,-0.007450142689235051,-0.007450142689235051,0.0,0.006450142689235051,-0.007450142689235051,-0.007450142689235051,-0.007450142689235051,-0.007450142689235051,-0.007450142689235051,-0.008450142689235052,-0.007450142689235051
2020-10-16,-0.006941808905081127,-0.019750480983333984,-0.019750480983333984,0.0,0.019750480983333984,-0.0005,-0.019750480983333984,-0.019750480983333984,-0.019750480983333984,-0.019750480983333984,-0.019750480983333984,-0.019750480983333984
2020-10-19,-0.007065872311974527,-0.020013957457728493,-0.020013957457728493,0.0,-0.021013957457728494,0.0,-0.020013957457728493,-0.020013957457728493,-0.020013957457728493,-0.020013957457728493,-0.020013957457728493,-0.020013957457728493
2020-10-20,0.0010743152346889171,0.003055554339711275,0.003055554339711275,0.0,0.003055554339711275,0.0,-0.0005,0.0030555543397112746,0.003055554339711275,0.003055554339711275,0.003055554339711275,0.003055554339711275
2020-10-21,-0.0035075216231969285,-0.009968886774915697,-0.009968886774915697,0.0,-0.009968886774915697,0.0,0.0,-0.009968886774915697,-0.009968886774915697,-0.009968886774915697,-0.009968886774915697,-0.009968886774915697
2020-10-22,-0.0010697438919080105,-0.0026812857408547996,-0.0026812857408547996,0.0,-0.0026812857408547996,0.0,0.0,-0.0026812857408547996,-0.0005,-0.0026812857408547996,-0.0026812857408547996,-0.0026812857408547996
2020-10-23,0.0037463212315417514,0.008814971867029398,0.008814971867029398,0.0,0.008814971867029398,0.0,0.0,0.008814971867029398,0.0,0.008814971867029398,0.008814971867029398,0.008814971867029398
2020-10-26,0.00035121559813588874,0.0008238907949942309,0.0008238907949942309,0.0,0.0008238907949942309,0.0,0.0,0.0008238907949942307,0.0,0.0008238907949942309,-0.001823890794994231,0.0008238907949942309
2020-10-27,0.010820836730110861,0.024723687101579017,0.024723687101579017,0.0,0.024723687101579017,0.0,0.0,0.024723687101579014,0.0,0.024723687101579017,-0.024723687101579017,0.024723687101579017
2020-10-28,-0.016495188728983947,-0.037595069983728635,-0.03759506998372863,0.0,-0.037595069983728635,-0.038095069983728636,-0.038095069983728636,-0.037595069983728635,0.0,-0.037595069983728635,0.037595069983728635,-0.037595069983728635
2020-10-29,0.00622248435261252,0.015249235849637444,0.015249235849637444,0.0,0.015249235849637444,-0.0005,-0.0005,0.015249235849637444,0.0,0.015249235849637444,0.014249235849637443,0.015249235849637444
2020-10-30,-0.02206321662828502,-0.0544564552314909,-0.0544564552314909,0.0,0.053456455231490896,-0.0549564552314909,0.0,-0.0544564552314909,0.0,-0.0544564552314909,0.053456455231490896,-0.0544564552314909
2020-11-02,-0.0038532669306566183,-0.0005,-0.0005,0.0,-0.011430948040659139,-0.0005,0.0,-0.010430948040659138,0.0,0.009430948040659137,-0.011430948040659139,-0.010430948040659138
2020-11-03,0.005519281675794393,0.0,0.0,0.0,0.014621516534147005,0.0,0.0,0.014621516534147005,0.0,-0.014621516534147005,0.014621516534147005,0.014621516534147005
2020-11-04,0.024260839985312206,0.0,0.0,0.0,0.06322966294024535,0.0,0.0,0.06322966294024533,0.0,-0.06322966294024535,-0.06422966294024535,0.06322966294024535
2020-11-05,0.008552177776285162,0.024441733698923496,0.024441733698923496,0.0,0.024941733698923496,0.024441733698923496,0.024441733698923496,0.024941733698923493,0.0,-0.024941733698923496,-0.024941733698923496,0.024941733698923496
2020-11-06,-0.0011127544055621933,-0.003199936061909714,-0.003199936061909714,0.0,0.002199936061909714,-0.003199936061909714,-0.003199936061909714,-0.003199936061909714,0.0,0.003199936061909714,0.003199936061909714,-0.003199936061909714
2020-11-09,-0.017567365336454546,-0.05062255447737596,-0.05062255447737596,0.0,0.05062255447737596,-0.05062255447737596,-0.05062255447737596,-0.05062255447737596,-0.05112255447737596,0.05062255447737596,-0.05162255447737596,-0.05062255447737596
2020-11-10,-0.011380527716214188,-0.03458294580536425,-0.03458294580536425,0.0,-0.03558294580536425,-0.0005,-0.0005,-0.03458294580536425,-0.03458294580536425,-0.03558294580536425,-0.03458294580536425,-0.03458294580536425
2020-11-11,0.011688659091686234,0.03372959332756431,0.033729593327564304,0.0,0.03372959332756431,0.0,0.0,0.03372959332756431,-0.0005,0.03372959332756431,0.03372959332756431,0.03372959332756431
2020-11-12,-0.002867230536735627,-0.008640935353967705,-0.008640935353967705,0.0,0.007640935353967705,0.0,0.0,-0.008640935353967705,0.0,-0.008640935353967705,-0.008640935353967703,-0.008640935353967705
2020-11-13,0.0019914459532221446,0.005957652481424658,0.005957652481424658,0.0,-0.005957652481424658,0.0,0.0,0.005957652481424658,0.0,-0.006957652481424658,0.005957652481424658,0.005957652481424658
2020-11-16,0.0002397963348376726,0.0007190451875813686,0.0007190451875813686,0.0,-0.0002809548124186314,0.0,0.0,0.0007190451875813686,0.0,-0.0007190451875813686,0.0007190451875813686,0.0007190451875813686
2020-11-17,0.0004936895540613029,0.001469221257177411,0.001469221257177411,0.0,0.001469221257177411,0.0,0.0,0.001469221257177411,0.0,0.000469221257177411,0.001469221257177411,0.001469221257177411
2020-11-18,-0.0032848830245895025,-0.00963120822903818,-0.00963120822903818,0.0,-0.00963120822903818,-0.01013120822903818,0.0,-0.00963120822903818,0.0,-0.00963120822903818,-0.00963120822903818,-0.00963120822903818
2020-11-19,0.0012661890279275603,0.003722494885254779,0.003722494885254779,0.0,0.003722494885254779,-0.0005,0.0,0.003722494885254779,-0.0042224948852547795,-0.004722494885254779,0.003722494885254779,0.003722494885254779
2020-11-20,-0.0019272475197871016,-0.005652814007175211,-0.00565281400717521,0.0,-0.005652814007175211,0.0,0.0,-0.005652814007175211,0.005652814007175211,0.005652814007175211,-0.005652814007175211,-0.005652814007175211
2020-11-23,-0.00011113587318606675,-0.00032591205652088284,-0.0003259120565208829,0.0,-0.00032591205652088284,0.0,0.0,-0.00032591205652088284,0.00032591205652088284,0.00032591205652088284,-0.00032591205652088284,-0.00032591205652088284
2020-11-24,0.002168886338942628,0.006348492495275249,0.006348492495275248,0.0,0.006348492495275249,0.0,0.0,0.006348492495275248,-0.006348492495275249,-0.006348492495275249,0.006348492495275249,0.006348492495275249
2020-11-25,0.007331214533257615,0.02149089105013391,0.02149089105013391,0.0,0.02149089105013391,0.02099089105013391,0.0,0.02149089105013391,-0.02149089105013391,-0.02149089105013391,0.02149089105013391,0.02149089105013391
2020-11-27,0.0011047689297768648,0.003224444340751864,0.003224444340751864,0.0,0.003224444340751864,0.003224444340751864,0.002724444340751864,0.003224444340751864,-0.003224444340751864,-0.003224444340751864,0.003224444340751864,0.003224444340751864
2020-11-30,-0.003082092402748057,-0.008543726224847115,-0.008543726224847115,0.0,-0.008543726224847115,-0.008543726224847115,-0.008543726224847115,-0.008543726224847115,-0.0005,0.008543726224847115,-0.008543726224847115,-0.008543726224847115
2020-12-01,0.005940472888424996,0.01642659261366375,0.01642659261366375,0.0,-0.01742659261366375,0.01642659261366375,0.01642659261366375,0.01642659261366375,0.0,-0.01642659261366375,0.01642659261366375,0.01642659261366375
2020-12-02,-0.0021166694922338555,-0.005139620139509304,-0.005139620139509304,0.0,0.005139620139509304,-0.005139620139509304,-0.005139620139509304,-0.005139620139509304,0.0,0.005139620139509304,-0.005139620139509304,-0.005139620139509304
2020-12-03,-0.002149153460048051,-0.005244192164348127,-0.005244192164348127,0.0,-0.006244192164348127,-0.005244192164348127,-0.005244192164348127,-0.005244192164348127,0.0,0.005244192164348127,-0.005244192164348127,-0.005244192164348127
2020-12-04,-0.003115604458262183,-0.007578327983446487,-0.007578327983446487,0.0,-0.007578327983446487,-0.0005,-0.007578327983446487,-0.007578327983446486,0.0,0.007578327983446487,0.006578327983446487,-0.007578327983446487
2020-12-07,-0.0007983520013873698,-0.00144820943300783,-0.00144820943300783,0.0,-0.00144820943300783,0.0,-0.0005,-0.00144820943300783,0.0,0.00144820943300783,0.00144820943300783,-0.00144820943300783
2020-12-08,0.0033123197473427252,0.006108347649924184,0.006108347649924184,0.0,0.006108347649924184,0.0,0.0,0.006108347649924184,0.0,-0.006108347649924184,-0.006108347649924184,0.006108347649924184
2020-12-09,-0.01246371505220429,-0.02300385041546993,-0.02300385041546993,0.0,-0.02300385041546993,0.0,-0.02350385041546993,-0.02300385041546993,0.0,0.02300385041546993,-0.02400385041546993,-0.02300385041546993
2020-12-10,-0.0006336379769514032,-0.0008730964486967085,-0.0008730964486967085,0.0,-0.0008730964486967085,0.0,-0.0005,-0.0008730964486967085,0.0,0.0008730964486967085,-0.00012690355130329147,-0.0008730964486967085
2020-12-11,0.0037145689576750544,0.004813852496939441,0.0048138524969394405,0.0,0.004813852496939441,0.0,0.0,0.004813852496939441,-0.005313852496939442,-0.004813852496939441,-0.004813852496939441,0.004813852496939441
2020-12-14,0.012822703133642891,0.013011701561464806,0.013011701561464806,0.0,0.013011701561464806,0.0,0.0,0.013011701561464806,-0.013011701561464806,-0.013011701561464806,-0.013011701561464806,0.013011701561464806
2020-12-15,0.002495900251458933,0.0025815971159888207,0.0025815971159888207,0.0,-0.0005,0.0020815971159888207,0.0020815971159888207,0.0025815971159888207,-0.0025815971159888207,-0.0025815971159888207,-0.0025815971159888207,0.0025815971159888207
2020-12-16,0.023417070176617386,0.023961224378619583,0.023961224378619583,0.0,0.023461224378619583,0.023961224378619583,0.023961224378619583,0.023961224378619583,-0.023961224378619583,-0.023961224378619583,-0.023961224378619583,0.023961224378619583
2020-12-17,-0.001358162655529264,-0.0015057469987226346,-0.0015057469987226346,0.0,0.0005057469987226346,-0.0015057469987226346,-0.0015057469987226346,-0.0015057469987226346,-0.0005,0.0015057469987226346,0.0015057469987226346,-0.0015057469987226346
2020-12-18,-0.00917965097788033,-0.01063939440891426,-0.01063939440891426,0.0,-0.0005,-0.01063939440891426,-0.01063939440891426,-0.010639394408914258,0.0,0.01063939440891426,0.01063939440891426,-0.01063939440891426
2020-12-21,0.001212617168653895,0.0014149045573290664,0.0014149045573290664,0.0,0.0009149045573290664,0.0014149045573290664,0.0014149045573290664,0.0014149045573290662,0.0,-0.0014149045573290664,-0.0014149045573290664,0.0014149045573290664
2020-12-22,9.067332145946818e-05,0.00010603453584812073,0.00010603453584812073,0.0,0.00010603453584812073,0.00010603453584812073,0.00010603453584812073,0.00010603453584812067,0.0,-0.00010603453584812073,-0.00010603453584812073,0.00010603453584812073
2020-12-23,-0.005759419741841637,-0.006627122071927394,-0.006627122071927394,0.0,-0.006627122071927394,-0.006627122071927394,-0.006627122071927394,-0.006627122071927394,0.0,0.006627122071927394,0.006627122071927394,-0.006627122071927394
2020-12-24,-0.003390548014837036,-0.003949415822362745,-0.003949415822362745,0.0,-0.003949415822362745,-0.0005,-0.003949415822362745,-0.003949415822362744,0.0,0.003949415822362745,0.003949415822362745,-0.003949415822362745
2020-12-28,0.03006671998990742,0.03507113271672124,0.03507113271672124,0.0,0.03507113271672124,0.0,-0.0005,0.03507113271672124,0.0,-0.03507113271672124,-0.03507113271672124,0.03507113271672124
2020-12-29,0.008647930889862826,0.011583625131030173,0.011583625131030173,0.0,0.011583625131030173,0.011083625131030173,0.011083625131030173,0.011583625131030171,0.0,0.010583625131030172,-0.011583625131030173,0.011583625131030173
2020-12-30,-0.008059742839912476,-0.010882060864285004,-0.010882060864285004,0.0,0.009882060864285003,-0.010882060864285004,-0.010882060864285004,-0.010882060864285004,0.0,-0.010882060864285004,0.010882060864285004,-0.010882060864285004
2020-12-31,-0.006463797449770792,-0.008801370623195415,-0.008801370623195415,0.0,-0.009801370623195416,-0.008801370623195415,-0.008801370623195415,-0.008801370623195413,0.0,-0.008801370623195415,0.008801370623195415,-0.008801370623195415
2021-01-04,-0.01617460193371759,-0.021584740620304466,-0.021584740620304466,0.0,-0.021584740620304466,-0.0005,-0.021584740620304466,-0.021584740620304466,0.0,-0.021584740620304466,0.021584740620304466,-0.021584740620304466
2021-01-05,0.006993104033551775,0.010004358381754175,0.010004358381754175,0.0,0.010004358381754175,0.0,-0.0005,0.010004358381754175,0.0,0.010004358381754175,-0.010004358381754175,0.010004358381754175
2021-01-06,-0.01730734154258056,-0.024896614147709384,-0.02489661414770938,0.0,-0.024896614147709384,0.0,-0.025396614147709384,-0.024896614147709384,0.0,-0.024896614147709384,0.024896614147709384,-0.024896614147709384
2021-01-07,0.004879481222322473,0.0075771277744003385,0.0075771277744003385,0.0,0.0075771277744003385,0.0,-0.0005,0.0075771277744003385,0.0,0.0075771277744003385,-0.0075771277744003385,0.0075771277744003385
2021-01-08,0.0041739349736795595,0.006495514374673217,0.006495514374673217,0.0,0.006495514374673217,0.0,0.0,0.006495514374673217,-0.006995514374673217,0.006495514374673217,-0.006495514374673217,0.006495514374673217
2021-01-11,-0.013827715000650359,-0.021519462280005563,-0.021519462280005563,0.0,-0.021519462280005563,0.0,0.0,-0.021519462280005563,0.021519462280005563,-0.021519462280005563,0.021519462280005563,-0.021519462280005563
2021-01-12,0.0013741062729228208,0.002125797051401035,0.002125797051401035,0.0,0.002125797051401035,0.0,0.0,0.002125797051401035,-0.002125797051401035,0.002125797051401035,-0.002125797051401035,0.002125797051401035
2021-01-13,0.009347912391085327,0.014438406874172749,0.014438406874172749,0.0,0.014438406874172749,0.0,0.0,0.014438406874172749,-0.014438406874172749,0.014438406874172749,-0.014438406874172749,0.014438406874172749
2021-01-14,-0.00770836496353922,-0.012135545173177387,-0.012135545173177387,0.0,-0.012135545173177387,-0.012635545173177387,0.0,-0.012135545173177387,0.012135545173177387,-0.012135545173177387,0.012135545173177387,-0.012135545173177387
2021-01-15,-0.004717297157077624,-0.007424600125642833,-0.007424600125642832,0.0,-0.007424600125642833,-0.0005,0.0,-0.007424600125642833,0.007424600125642833,-0.007424600125642833,0.007424600125642833,-0.007424600125642833
2021-01-19,0.003363643221047916,0.005318518294228358,0.005318518294228358,0.0,0.005318518294228358,0.0,0.0,0.005318518294228358,-0.005318518294228358,0.005318518294228358,-0.005318518294228358,0.005318518294228358
2021-01-20,0.031027796263517836,0.04570048462239673,-0.0005,0.0,0.04570048462239673,0.0,0.0,0.04570048462239673,-0.04570048462239673,-0.04670048462239673,-0.04570048462239673,0.04570048462239673
2021-01-21,0.0072175133889045345,0.013363421550624865,0.012863421550624865,0.0,-0.014363421550624866,0.012863421550624865,0.012863421550624865,0.013363421550624865,-0.013363421550624865,0.012363421550624865,-0.013363421550624865,0.013363421550624865
2021-01-22,-0.002430900344572098,-0.00446331304512726,-0.004463313045127259,0.0,0.00446331304512726,-0.00446331304512726,-0.00446331304512726,-0.00446331304512726,0.00446331304512726,-0.00446331304512726,0.00446331304512726,-0.00446331304512726
2021-01-25,0.00029109997337925124,0.0005376354551673845,0.0005376354551673844,0.0,-0.0005376354551673845,0.0005376354551673845,0.0005376354551673845,0.0005376354551673845,-0.0004623645448326155,0.0005376354551673845,-0.0005376354551673845,0.0005376354551673845
2021-01-26,0.005296453488669762,0.009754137082109926,0.009754137082109926,0.0,-0.009754137082109926,0.009754137082109926,0.009754137082109926,0.009754137082109924,0.009754137082109926,0.009754137082109926,-0.009754137082109926,0.009754137082109926
2021-01-27,-0.01528285221786108,-0.02812581228312927,-0.02812581228312927,0.0,0.02812581228312927,-0.02812581228312927,-0.02812581228312927,-0.02812581228312927,-0.02812581228312927,-0.02812581228312927,0.02812581228312927,-0.02812581228312927
2021-01-28,0.0007756528124350509,0.0015591193708615059,0.0015591193708615059,0.0,0.0005591193708615059,-0.0005,0.0015591193708615059,0.0015591193708615059,0.0015591193708615059,0.0015591193708615059,-0.0015591193708615059,0.0015591193708615059
2021-01-29,-0.0054613882573545,-0.009704654514695155,-0.009704654514695153,0.0,-0.009704654514695155,0.0,-0.009704654514695155,-0.009704654514695155,-0.009704654514695155,-0.009704654514695155,0.009704654514695155,-0.009704654514695155
2021-02-01,0.024054767180632385,0.042629902924745666,0.04262990292474566,0.0,0.042629902924745666,0.0,-0.0005,0.042629902924745666,0.042629902924745666,0.042629902924745666,-0.042629902924745666,0.042629902924745666
2021-02-02,0.005442900180524093,0.011104214562255077,0.011104214562255077,0.0,-0.012104214562255078,0.010604214562255077,0.010604214562255077,0.011104214562255077,0.011104214562255077,0.011104214562255077,-0.011104214562255077,0.011104214562255077
2021-02-03,-0.009856893017446397,-0.019961565909300982,-0.019961565909300982,0.0,-0.020961565909300983,-0.019961565909300982,-0.019961565909300982,-0.019961565909300982,-0.019961565909300982,-0.019961565909300982,0.019961565909300982,-0.019961565909300982
2021-02-04,0.0027659924848682923,0.005575845147329783,0.005575845147329782,0.0,0.005575845147329783,-0.0005,0.005575845147329783,0.005575845147329783,0.005575845147329783,0.005575845147329783,-0.005575845147329783,0.005575845147329783
2021-02-05,0.0031616424180724184,0.006349415177487883,0.006349415177487883,0.0,0.006349415177487883,0.005849415177487882,0.006349415177487883,0.006349415177487883,0.006349415177487883,0.006349415177487883,-0.006349415177487883,0.006349415177487883
2021-02-08,-0.004595599155265529,-0.008713780773966562,-0.00871378077396656,0.0,-0.008713780773966562,-0.008713780773966562,-0.008713780773966562,-0.008713780773966562,-0.008713780773966562,-0.008713780773966562,0.008713780773966562,-0.008713780773966562
2021-02-09,-0.0028164506200197797,-0.00539885256244832,-0.00539885256244832,0.0,-0.00539885256244832,-0.0005,-0.00539885256244832,-0.00539885256244832,-0.00539885256244832,-0.00539885256244832,0.00539885256244832,-0.00539885256244832
2021-02-10,-0.0028971218375769283,-0.005573405440383872,-0.005573405440383872,0.0,-0.005573405440383872,0.0,-0.005573405440383872,-0.005573405440383872,-0.005573405440383872,-0.005573405440383872,0.005573405440383872,-0.005573405440383872
2021-02-11,-0.0040336485244266505,-0.007439273910078148,-0.007439273910078147,0.0,-0.007439273910078148,0.0,-0.007439273910078148,-0.007439273910078148,-0.007439273910078148,-0.007439273910078148,-0.008439273910078149,-0.007439273910078148
2021-02-12,0.0025600937490123685,0.004775969497859078,0.004775969497859078,0.0,0.004775969497859078,0.0,0.004775969497859078,0.004775969497859078,0.004775969497859078,0.004775969497859078,0.004775969497859078,0.004775969497859078
2021-02-16,-0.0014542826945613424,-0.0026726192693009576,-0.0026726192693009576,0.0,-0.0026726192693009576,0.0,-0.0026726192693009576,-0.0026726192693009576,-0.0026726192693009576,-0.0026726192693009576,-0.0026726192693009576,-0.0026726192693009576
2021-02-17,0.006687268342925022,0.012141589169594624,0.012141589169594624,0.0,-0.0005,0.0,0.012141589169594624,0.012141589169594624,0.012141589169594624,0.012141589169594624,0.012141589169594624,0.012141589169594624
2021-02-18,0.0032665534690281546,0.005920814274298136,0.005920814274298136,0.0,0.0,0.005420814274298136,0.005920814274298136,0.005920814274298136,-0.0005,0.005920814274298136,0.005920814274298136,0.005920814274298136
2021-02-19,-0.012982579320326197,-0.023535055745747435,-0.023535055745747435,0.0,0.0,-0.023535055745747435,-0.023535055745747435,-0.023535055745747435,0.0,-0.023535055745747435,-0.023535055745747435,-0.023535055745747435
2021-02-22,-0.013369491746704357,-0.021280609604111933,-0.02128060960411193,0.0,-0.021780609604111933,-0.0005,-0.021280609604111933,-0.021280609604111933,0.0,-0.021280609604111933,-0.021280609604111933,-0.021280609604111933
2021-02-23,0.0026424848476465273,0.004326059526709614,0.004326059526709614,0.0,0.004326059526709614,0.0,0.004326059526709614,0.004326059526709614,0.0,0.004326059526709614,0.004326059526709614,0.004326059526709614
2021-02-24,-0.0066873004957043085,-0.010946968676518232,-0.01094696867651823,0.0,-0.010946968676518232,0.0,-0.010946968676518232,-0.010946968676518232,0.0,-0.010946968676518232,-0.010946968676518232,-0.010946968676518232
2021-02-25,-0.019623712213878392,-0.03240038681954516,-0.03240038681954516,0.0,-0.0005,0.0,-0.03240038681954516,-0.03240038681954516,0.0,-0.03240038681954516,-0.03240038681954516,-0.03240038681954516
2021-02-26,0.006597852998450389,-0.0005,-0.0005,0.011200387973209824,0.011200387973209824,0.0,-0.0005,0.011700387973209825,0.0,0.011700387973209825,-0.012700387973209826,0.011700387973209825
2021-03-01,0.010108471441468939,0.016703798394717306,0.016703798394717306,0.017203798394717307,0.017203798394717307,0.0,0.016703798394717306,0.017203798394717307,0.0,0.017203798394717307,0.016203798394717306,0.017203798394717307
2021-03-02,-0.009352622139956508,-0.016404262105025436,-0.016404262105025432,-0.016404262105025436,-0.0005,-0.016904262105025436,-0.016404262105025436,-0.016404262105025436,0.0,-0.016404262105025436,0.015404262105025435,-0.016404262105025436
2021-03-03,-0.01625341803089571,-0.02893170479822993,-0.02893170479822993,-0.02893170479822993,0.0,-0.0005,-0.02893170479822993,-0.02893170479822993,0.0,-0.02893170479822993,-0.02993170479822993,-0.02893170479822993
2021-03-04,-0.005986370213979229,-0.0005,-0.0005,-0.009128157985388907,-0.009628157985388908,0.0,-0.0005,-0.009128157985388907,0.0,-0.009128157985388907,0.008128157985388906,-0.009128157985388907
2021-03-05,0.005155422661733879,0.0,0.0,0.007687481916645478,0.007687481916645478,0.0,0.0,0.007687481916645478,0.0,0.007687481916645478,-0.007687481916645478,0.007687481916645478
2021-03-08,-0.01093338663735084,0.0,0.0,-0.016167463748385735,-0.016167463748385735,0.0,0.0,-0.016167463748385735,0.0,0.015167463748385734,0.016167463748385735,-0.016167463748385735
2021-03-09,0.025376629311896697,0.0,0.0,0.03756837366056898,0.03756837366056898,0.0,0.0,0.03756837366056898,-0.03806837366056898,-0.03756837366056898,-0.03756837366056898,0.03756837366056898
2021-03-10,-0.0010165213134488511,0.0,0.0,-0.0017010173123747085,-0.0017010173123747085,-0.0022010173123747086,0.0,-0.0017010173123747085,0.0017010173123747085,0.0017010173123747085,0.0017010173123747085,-0.0017010173123747085
2021-03-11,0.010357119169597858,0.0,0.0,0.018298429776605563,-0.0005,0.018298429776605563,0.0,0.018298429776605563,-0.018298429776605563,-0.018298429776605563,-0.018298429776605563,0.018298429776605563
2021-03-12,-0.004221917278469606,-0.008240272785047631,-0.008240272785047631,-0.0077402727850476305,0.0,-0.0077402727850476305,-0.008240272785047631,-0.0077402727850476305,0.0077402727850476305,0.0077402727850476305,0.0077402727850476305,-0.0077402727850476305
2021-03-15,-0.0013737217293279416,-0.0005,-0.0005,-0.0025279442445658162,0.0020279442445658162,-0.0025279442445658162,-0.0005,0.0015279442445658162,0.0025279442445658162,0.0025279442445658162,-0.0035279442445658163,-0.0025279442445658162
2021-03-16,0.0017974794689498649,0.0,0.0,0.0033034103914528767,0.0023034103914528767,0.0033034103914528767,0.0,-0.0033034103914528767,-0.0033034103914528767,-0.0033034103914528767,0.0033034103914528767,0.0033034103914528767
2021-03-17,0.007734854176929105,0.0,0.0,0.014188848597238346,0.014188848597238346,0.014188848597238346,0.0,-0.014188848597238346,-0.014188848597238346,-0.014188848597238346,0.014188848597238346,0.014188848597238346
2021-03-18,-0.018330843398959084,-0.03485878370750434,0.0,-0.03435878370750434,-0.0005,-0.03435878370750434,-0.03485878370750434,0.03435878370750434,0.03435878370750434,0.03435878370750434,0.033358783707504336,-0.03435878370750434
2021-03-19,0.007798870775320305,-0.0005,0.0,0.015511909856343209,0.015011909856343209,-0.0005,-0.0005,-0.015511909856343209,-0.015511909856343209,-0.015511909856343209,0.014511909856343208,0.015511909856343209
2021-03-22,0.005764569371982434,0.0,0.01117821172408301,0.01167821172408301,-0.01267821172408301,0.0,0.0,0.010678211724083009,-0.01167821172408301,-0.01167821172408301,0.01167821172408301,0.01167821172408301
2021-03-23,0.004291429720827945,0.0,0.008560288075996736,0.008560288075996736,0.007560288075996736,0.008060288075996735,0.0,0.008560288075996736,-0.0005,-0.008560288075996736,0.008560288075996736,0.008560288075996736
2021-03-24,-0.008251753764617394,-0.016573304438495973,-0.016073304438495972,-0.016073304438495972,-0.0005,-0.016073304438495972,-0.016573304438495973,-0.016073304438495972,0.0,0.016073304438495972,0.015073304438495971,-0.016073304438495972
2021-03-25,-0.006688060665260795,-0.0005,-0.0005,-0.013219634289670767,-0.013719634289670768,-0.0005,-0.0005,0.012219634289670767,0.0,0.013219634289670767,-0.014219634289670768,-0.013219634289670767
2021-03-26,0.0009535956953756889,0.0,0.0013941122432061252,0.0018941122432061253,0.0018941122432061253,0.0,0.0,0.0008941122432061252,0.0,-0.0018941122432061253,0.0018941122432061253,0.0018941122432061253
2021-03-29,0.004203050795540864,0.0,0.007765307334585803,0.007765307334585803,0.007765307334585803,0.0,0.0,0.007765307334585803,0.0,-0.007765307334585803,0.007765307334585803,0.007765307334585803
2021-03-30,-0.0036390425561467717,0.0,-0.0005,-0.006645597502498379,-0.0005,0.0,0.0,0.005645597502498379,0.0,0.006645597502498379,-0.006645597502498379,-0.006645597502498379
2021-03-31,0.007114228632936344,0.0,0.0,0.01269600564306872,-0.01319600564306872,0.0,0.0,-0.01269600564306872,-0.01319600564306872,-0.01269600564306872,0.01269600564306872,0.01269600564306872
2021-04-01,0.012210119683879405,0.0,0.0,0.02162845443110406,0.02062845443110406,0.02112845443110406,0.0,-0.02162845443110406,-0.0005,-0.02162845443110406,0.02162845443110406,0.02162845443110406
2021-04-05,0.012293742059671339,0.020294045934698468,0.020294045934698468,0.02079404593469847,-0.0005,0.02079404593469847,0.020294045934698468,0.019794045934698468,0.0,-0.02079404593469847,-0.02179404593469847,0.02079404593469847
2021-04-06,-0.0005302704752258846,-0.0009018902147276409,-0.0009018902147276409,-0.0009018902147276409,0.00040189021472764085,-0.0009018902147276409,-0.0009018902147276409,-0.0009018902147276409,0.0,0.0009018902147276409,0.0009018902147276409,-0.0009018902147276409
2021-04-07,0.010044698032143785,0.01723733655641202,0.01723733655641202,0.01723733655641202,0.01623733655641202,0.01723733655641202,0.01723733655641202,0.017237336556412016,0.0,-0.01723733655641202,-0.01723733655641202,0.01723733655641202
2021-04-08,0.003619511679521979,0.006071242952548017,0.006071242952548017,0.006071242952548017,-0.0005,0.006071242952548017,0.006071242952548017,0.006071242952548017,0.0,-0.006071242952548017,-0.006071242952548017,0.006071242952548017
2021-04-09,0.014900426340622252,0.02209562242522667,0.02209562242522667,0.02209562242522667,-0.02259562242522667,0.02209562242522667,0.02209562242522667,0.02209562242522667,0.0,-0.02209562242522667,-0.02209562242522667,0.02209562242522667
2021-04-12,0.001380027755974506,0.0021321218730274705,0.0021321218730274705,0.0021321218730274705,-0.0021321218730274705,0.0021321218730274705,0.0021321218730274705,0.0021321218730274705,0.0,-0.0021321218730274705,-0.0021321218730274705,0.0021321218730274705
2021-04-13,0.00406592066803248,0.006098747605224553,0.006098747605224553,0.006098747605224553,-0.006098747605224553,0.006098747605224553,0.006098747605224553,0.006098747605224552,0.0,-0.006098747605224553,-0.006098747605224553,0.006098747605224553
2021-04-14,-0.013409238729307861,-0.01970591825597423,-0.01970591825597423,-0.01970591825597423,-0.0005,-0.01970591825597423,-0.01970591825597423,-0.01970591825597423,-0.02020591825597423,-0.02070591825597423,-0.02070591825597423,-0.01970591825597423
2021-04-15,0.008800285041668458,0.013828409714570444,-0.0005,0.013828409714570444,0.013328409714570444,-0.0005,0.013828409714570444,-0.014828409714570445,0.013828409714570444,0.013828409714570444,0.013828409714570444,0.013828409714570444
2021-04-16,0.0037978619479146635,0.006022342354579324,0.0,0.006022342354579324,0.006022342354579324,0.005522342354579324,0.006022342354579324,-0.006022342354579324,0.006022342354579324,0.006022342354579324,0.006022342354579324,0.006022342354579324
2021-04-19,-0.005152699859136099,-0.00806900981526193,-0.00856900981526193,-0.00806900981526193,-0.0005,-0.00806900981526193,-0.00806900981526193,-0.00906900981526193,-0.00806900981526193,-0.00806900981526193,-0.00806900981526193,-0.00806900981526193
2021-04-20,-0.008563283574616007,-0.011067567276491497,-0.011067567276491495,-0.011067567276491497,-0.011567567276491497,-0.0005,-0.011067567276491497,-0.011067567276491497,-0.011067567276491497,-0.011067567276491497,-0.011067567276491497,-0.011067567276491497
2021-04-21,0.006159351118030365,0.008195669633476843,0.008195669633476843,0.008195669633476843,-0.0005,0.0,0.008195669633476843,0.008195669633476843,0.008195669633476843,0.008195669633476843,0.008195669633476843,0.008195669633476843
2021-04-22,-0.011940739028231926,-0.015758395892332966,-0.015758395892332966,-0.015758395892332966,-0.016258395892332966,0.0,-0.015758395892332966,-0.015758395892332966,-0.015758395892332966,-0.015758395892332966,-0.015758395892332966,-0.015758395892332966
2021-04-23,0.006911946589056931,0.00962218974677076,0.00962218974677076,0.00962218974677076,0.00962218974677076,0.0,0.00962218974677076,0.00962218974677076,0.00962218974677076,0.00962218974677076,0.00962218974677076,0.00962218974677076
2021-04-26,0.01543109378990992,0.020389780364207244,0.020389780364207244,0.020389780364207244,-0.0005,0.0,0.020389780364207244,0.020389780364207244,0.020389780364207244,0.020389780364207244,0.020389780364207244,0.020389780364207244
2021-04-27,0.0018911892960350551,0.0024729175512423485,0.0024729175512423485,0.0024729175512423485,-0.0029729175512423485,0.0019729175512423485,0.0024729175512423485,0.0024729175512423485,0.0024729175512423485,0.0024729175512423485,0.0024729175512423485,0.0024729175512423485
2021-04-28,0.009217669121909458,0.012017786731569835,0.012017786731569835,0.012017786731569835,-0.012017786731569835,0.012017786731569835,0.012017786731569835,0.012017786731569835,0.012017786731569835,0.012017786731569835,0.012017786731569835,0.012017786731569835
2021-04-29,0.0028216646074055193,0.0037039347600635875,0.0037039347600635875,0.0037039347600635875,-0.0005,0.0037039347600635875,0.0037039347600635875,0.0037039347600635875,0.0037039347600635875,0.0037039347600635875,0.0037039347600635875,0.0037039347600635875
2021-04-30,-0.0008863657593264903,-0.001120636171800582,-0.001120636171800582,-0.001120636171800582,0.0,-0.001120636171800582,-0.001120636171800582,-0.001120636171800582,-0.001120636171800582,-0.001120636171800582,-0.001120636171800582,-0.001120636171800582
2021-05-03,-0.01825122215006553,-0.023340170719312603,-0.023340170719312603,-0.023340170719312603,-0.023840170719312603,-0.023340170719312603,-0.023340170719312603,-0.023340170719312603,-0.023340170719312603,-0.023340170719312603,-0.023340170719312603,-0.023340170719312603
2021-05-04,-0.016005344277952183,-0.022034541333801894,-0.022034541333801894,-0.022034541333801894,-0.022034541333801894,-0.0005,-0.022034541333801894,-0.022034541333801894,-0.022034541333801894,-0.022034541333801894,-0.022034541333801894,-0.022034541333801894
2021-05-05,-0.008740739649127343,-0.012479432999494278,-0.012479432999494276,-0.012479432999494278,0.011479432999494277,0.0,-0.012479432999494278,-0.012479432999494278,-0.012479432999494278,-0.012479432999494278,-0.012479432999494278,-0.012479432999494278
2021-05-06,0.007472239545711789,0.010955401769447537,0.010955401769447537,0.010955401769447537,-0.010955401769447537,0.0,0.010955401769447537,0.010955401769447537,0.010955401769447537,0.010955401769447537,0.010955401769447537,0.010955401769447537
2021-05-07,-0.003125586713130164,-0.0044640578502762596,-0.0044640578502762596,-0.0044640578502762596,0.0044640578502762596,0.0,-0.0044640578502762596,-0.0044640578502762596,-0.0005,-0.0044640578502762596,-0.0044640578502762596,-0.0044640578502762596
2021-05-10,-0.02149209864686277,-0.03072052637375966,-0.03072052637375966,-0.03072052637375966,-0.0005,0.0,-0.03072052637375966,-0.03072052637375966,0.03022052637375966,-0.03072052637375966,-0.03072052637375966,-0.03072052637375966
2021-05-11,0.007011802248338653,-0.0005,-0.0005,0.010474816917876772,0.0,0.0,-0.0005,-0.011474816917876773,-0.010474816917876772,0.010474816917876772,0.010474816917876772,0.010474816917876772
2021-05-12,-0.014715214281271793,-0.022823796765424953,0.0,-0.022323796765424953,0.0,0.0,-0.022823796765424953,0.022323796765424953,0.022323796765424953,-0.022323796765424953,-0.022323796765424953,-0.022323796765424953
2021-05-13,0.0019116903887778662,-0.0005,0.0025235440044839024,-0.0005,0.0,0.0,-0.0005,0.0020235440044839023,-0.0030235440044839024,0.0030235440044839024,0.0030235440044839024,0.0030235440044839024
2021-05-14,0.012707548435712916,0.0,0.019430851184491837,0.0,-0.019930851184491838,0.0,0.0,0.019430851184491837,-0.019430851184491837,0.019430851184491837,0.019430851184491837,0.019430851184491837
2021-05-17,0.009399505036334512,0.014235154035220299,0.0147351540352203,0.0,-0.0147351540352203,0.014235154035220299,0.014235154035220299,0.0147351540352203,-0.0147351540352203,0.0147351540352203,-0.0157351540352203,0.0147351540352203
2021-05-18,-0.007271510372045141,-0.011653058569779051,-0.011653058569779051,0.0,-0.0005,-0.011653058569779051,-0.011653058569779051,-0.011653058569779051,0.011653058569779051,-0.011653058569779051,0.011653058569779051,-0.011653058569779051
2021-05-19,-9.393890320744758e-05,-0.000148514828115065,-0.000148514828115065,0.0,-0.000351485171884935,-0.000148514828115065,-0.000148514828115065,-0.000148514828115065,0.000148514828115065,-0.000148514828115065,-0.001148514828115065,-0.000148514828115065
2021-05-20,0.0030697442352805742,0.004913709794237331,0.004913709794237331,0.0,-0.004913709794237331,0.004913709794237331,0.004913709794237331,0.004913709794237331,-0.004913709794237331,0.004913709794237331,0.004913709794237331,0.004913709794237331
2021-05-21,-0.008639215181392526,-0.013732853548741542,-0.013732853548741542,0.0,0.013732853548741542,-0.013732853548741542,-0.013732853548741542,-0.013732853548741542,0.013732853548741542,-0.013732853548741542,0.01273285354874154,-0.013732853548741542
2021-05-24,0.008276934440430164,-0.0005,0.013084215261017773,0.0,0.012084215261017772,-0.0005,-0.0005,0.013084215261017773,-0.013084215261017773,0.013084215261017773,0.012084215261017772,0.013084215261017773
2021-05-25,0.0027118067391361388,0.003832851226203749,0.004332851226203749,0.0,-0.0005,0.003832851226203749,0.003832851226203749,0.004332851226203749,-0.004332851226203749,0.004332851226203749,-0.005332851226203749,0.004332851226203749
2021-05-26,0.0012207740334414245,0.0018747562447005706,0.0018747562447005706,0.0,-0.0023747562447005706,0.0018747562447005706,0.0018747562447005706,0.0018747562447005706,-0.0018747562447005706,0.0018747562447005706,-0.0018747562447005706,0.0018747562447005706
2021-05-27,-0.007090517892722582,-0.010734558114025683,-0.010734558114025683,0.0,0.010734558114025683,-0.010734558114025683,-0.010734558114025683,-0.010734558114025683,0.010734558114025683,-0.010734558114025683,0.010734558114025683,-0.010734558114025683
2021-05-28,-0.001472442264158053,-0.0021794289420000723,-0.0021794289420000723,0.0,0.0021794289420000723,-0.0005,-0.0021794289420000723,-0.0021794289420000723,0.0021794289420000723,-0.0021794289420000723,-0.0031794289420000723,-0.0021794289420000723
2021-06-01,-0.0009303624790201622,-0.0013714148069622345,-0.0013714148069622345,0.0,-0.0005,0.0,-0.0013714148069622345,-0.0013714148069622345,0.0013714148069622345,0.0003714148069622345,-0.0013714148069622345,-0.0013714148069622345
2021-06-02,0.0032264824711548973,0.004765962837133042,0.004765962837133042,0.0,-0.0052659628371330425,0.0,0.004765962837133042,0.004765962837133042,-0.0005,-0.004765962837133042,0.004765962837133042,0.004765962837133042
2021-06-03,-0.010348988278032554,-0.014526941142032901,-0.014526941142032901,0.0,-0.0005,0.0,-0.014526941142032901,-0.014526941142032901,0.0,0.014526941142032901,0.0135269411420329,-0.014526941142032901
2021-06-04,0.004431290015304192,-0.0005,0.006027657821926934,0.0,0.0055276578219269346,0.0,-0.0005,0.006027657821926935,-0.0065276578219269354,-0.006027657821926935,0.005027657821926935,0.006027657821926935
2021-06-07,-0.0019128373488495921,0.0,-0.0025606925929613222,0.0,-0.0005,0.0,0.0,-0.0025606925929613222,0.0025606925929613222,0.0025606925929613222,-0.0025606925929613222,-0.0025606925929613222
2021-06-08,0.01575988234284994,0.0,0.020669153552085318,0.0,0.0,0.0,0.0,0.020669153552085318,-0.020669153552085318,-0.020669153552085318,0.020669153552085318,0.020669153552085318
2021-06-09,0.0036921278442837435,0.004720349302289317,0.005220349302289318,0.0,-0.005720349302289318,0.004720349302289317,0.004720349302289317,0.005220349302289318,-0.005220349302289318,-0.005220349302289318,-0.006220349302289318,0.005220349302289318
2021-06-10,0.017354859492214884,0.02087684594544914,0.02087684594544914,0.0,-0.0005,0.02087684594544914,0.02087684594544914,0.02087684594544914,0.01987684594544914,-0.02087684594544914,-0.02087684594544914,0.02087684594544914
2021-06-11,-0.0006873135180330051,-0.0008418265339896758,-0.0008418265339896758,0.0,0.00034182653398967576,-0.0008418265339896758,-0.0008418265339896758,-0.0008418265339896758,-0.0008418265339896758,0.0008418265339896758,0.0008418265339896758,-0.0008418265339896758
2021-06-14,0.009794593557213366,0.011067127216432215,0.011067127216432215,0.0,-0.011067127216432215,0.011067127216432215,0.011067127216432215,0.011067127216432215,0.011067127216432215,0.010067127216432215,-0.011067127216432215,0.011067127216432215
2021-06-15,-0.00019797175666846675,-0.0002186996793457352,-0.0002186996793457352,0.0,-0.0012186996793457352,-0.0002186996793457352,-0.0002186996793457352,-0.0002186996793457352,-0.0002186996793457352,-0.0002186996793457352,0.0002186996793457352,-0.0002186996793457352
2021-06-16,0.008824760030353184,0.0094941835711142,0.0094941835711142,0.0,-0.010494183571114202,0.0094941835711142,0.0094941835711142,0.0094941835711142,0.0094941835711142,0.0094941835711142,-0.0094941835711142,0.0094941835711142
2021-06-17,0.020716976828290237,0.02166464377780497,0.02166464377780497,0.0,-0.02166464377780497,0.02166464377780497,0.02166464377780497,0.02166464377780497,0.02166464377780497,0.02166464377780497,-0.02166464377780497,0.02166464377780497
2021-06-18,-0.000636139674182011,-0.0006706583139327593,-0.0006706583139327593,0.0,0.0006706583139327593,-0.0006706583139327593,-0.0006706583139327593,-0.0006706583139327593,-0.0006706583139327593,-0.0006706583139327593,0.0006706583139327593,-0.0006706583139327593
2021-06-21,-0.008722659251157932,-0.009446804682075038,-0.009446804682075038,0.0,0.009446804682075038,-0.009446804682075038,-0.009446804682075038,-0.009446804682075038,-0.009446804682075038,-0.009446804682075038,0.009446804682075038,-0.009446804682075038
2021-06-22,0.013245041045537148,0.01490466106187549,0.01490466106187549,0.0,-0.01490466106187549,0.01490466106187549,0.01490466106187549,0.01490466106187549,0.01490466106187549,0.01490466106187549,-0.01490466106187549,0.01490466106187549
2021-06-23,-0.0004469007666188036,-0.0004621896804161141,-0.0004621896804161141,0.0,0.0004621896804161141,-0.0004621896804161141,-0.0004621896804161141,-0.0004621896804161141,-0.0004621896804161141,-0.0004621896804161141,0.0004621896804161141,-0.0004621896804161141
2021-06-24,-0.014706912962481769,-0.015622946391951387,-0.015622946391951387,0.0,0.015622946391951387,-0.015622946391951387,-0.015622946391951387,-0.015622946391951387,-0.015622946391951387,-0.015622946391951387,0.015622946391951387,-0.015622946391951387
2021-06-25,-0.01201749753413266,-0.013806561613952328,-0.013806561613952328,0.0,0.013806561613952328,-0.0005,-0.013806561613952328,-0.013806561613952328,-0.013806561613952328,-0.013806561613952328,0.013806561613952328,-0.013806561613952328
2021-06-28,0.010250089545604562,0.012474089136242261,0.012474089136242261,0.0,0.01147408913624226,0.0,0.012474089136242261,0.012474089136242261,0.012474089136242261,0.012474089136242261,-0.012474089136242261,0.012474089136242261
2021-06-29,0.0010254447753864275,0.0012340341405479016,0.0012340341405479016,0.0,-0.0022340341405479016,0.0007340341405479016,0.0012340341405479016,0.0012340341405479016,0.0012340341405479016,0.0012340341405479016,-0.0012340341405479016,0.0012340341405479016
2021-06-30,-0.0019465404316057235,-0.0023143032508132766,-0.0023143032508132766,0.0,-0.0033143032508132766,-0.0005,-0.0023143032508132766,-0.0023143032508132766,-0.0023143032508132766,-0.0023143032508132766,0.0023143032508132766,-0.0023143032508132766
2021-07-01,-0.0017534848529840886,-0.0020900020900020966,-0.0020900020900020966,0.0,-0.0020900020900020966,0.0,-0.0020900020900020966,-0.0020900020900020966,-0.0020900020900020966,-0.0020900020900020966,0.0020900020900020966,-0.0020900020900020966
2021-07-02,0.018965758567990078,0.022723749230608936,0.022723749230608936,0.0,-0.023723749230608937,0.0,0.022723749230608936,0.022723749230608936,0.022723749230608936,0.022723749230608936,-0.022723749230608936,0.022723749230608936
2021-07-06,0.0389970707200952,0.04692710742205475,0.04692710742205475,0.0,-0.04692710742205475,0.04642710742205475,0.04692710742205475,0.04692710742205475,0.04692710742205475,0.04692710742205475,-0.04692710742205475,0.04692710742205475
2021-07-07,0.0035655027724405724,0.005669564076709488,0.005669564076709488,0.0,-0.005669564076709488,0.005669564076709488,0.005669564076709488,0.005669564076709488,0.005669564076709488,0.005669564076709488,-0.005669564076709488,0.005669564076709488
2021-07-08,0.0061390082279154864,0.009422227593882448,0.009422227593882448,0.0,-0.009422227593882448,0.009422227593882448,0.009422227593882448,0.009422227593882448,0.009422227593882448,0.009422227593882448,-0.009422227593882448,0.009422227593882448
2021-07-09,-0.002164596908165485,-0.003234704202571881,-0.003234704202571881,0.0,0.003234704202571881,-0.003234704202571881,-0.003234704202571881,-0.003234704202571881,-0.003234704202571881,-0.003234704202571881,0.003234704202571881,-0.003234704202571881
2021-07-12,-0.0001437099983014392,-0.00021234814297532711,-0.00021234814297532711,0.0,0.00021234814297532711,-0.00021234814297532711,-0.00021234814297532711,-0.00021234814297532711,-0.00021234814297532711,-0.00021234814297532711,0.00021234814297532711,-0.00021234814297532711
2021-07-13,-0.007499366504430006,-0.011076947823728367,-0.011076947823728367,0.0,0.011076947823728367,-0.011076947823728367,-0.011076947823728367,-0.011076947823728367,-0.011076947823728367,-0.011076947823728367,0.011076947823728367,-0.011076947823728367
2021-07-14,0.0007637153735300323,0.0011747744165069296,0.0011747744165069296,0.0,-0.0011747744165069296,0.0011747744165069296,0.0011747744165069296,0.0011747744165069296,0.0011747744165069296,0.0011747744165069296,0.00017477441650692958,0.0011747744165069296
2021-07-15,-0.009060513335150134,-0.013711143174944485,-0.013711143174944485,0.0,0.013711143174944485,-0.0005,-0.013711143174944485,-0.013711143174944485,-0.013711143174944485,-0.013711143174944485,-0.013711143174944485,-0.013711143174944485
2021-07-16,-0.010133002857220005,-0.01585423166667732,-0.01585423166667732,0.0,-0.016854231666677322,0.0,-0.01585423166667732,-0.01585423166667732,-0.01585423166667732,-0.01585423166667732,-0.01585423166667732,-0.01585423166667732
2021-07-19,-0.004162404905027454,-0.006727030092302577,-0.006727030092302577,0.0,-0.006727030092302577,0.0,-0.006727030092302577,-0.006727030092302577,-0.006727030092302577,-0.006727030092302577,-0.006727030092302577,-0.006727030092302577
2021-07-20,0.004246029839969653,0.0066486136498793424,0.0066486136498793424,0.0,0.0066486136498793424,0.0,0.0066486136498793424,0.0066486136498793424,0.0066486136498793424,0.0066486136498793424,0.0066486136498793424,0.0066486136498793424
2021-07-21,0.0021445425805516377,0.003361110852517335,0.0033611108525173346,0.0,0.003361110852517335,0.0,0.003361110852517335,0.003361110852517335,0.003361110852517335,0.003361110852517335,-0.004361110852517335,0.003361110852517335
2021-07-22,0.009531580633737454,0.014735635895966048,0.014735635895966048,0.0,0.014735635895966048,0.0,0.014735635895966048,0.014735635895966048,0.014735635895966048,0.014735635895966048,-0.014735635895966048,0.014735635895966048
2021-07-23,0.0033118888694375036,0.005115384934792466,0.005115384934792466,0.0,0.005115384934792466,0.004615384934792466,0.005115384934792466,0.005115384934792466,0.005115384934792466,0.005115384934792466,-0.005115384934792466,0.005115384934792466
2021-07-26,0.007642347761539307,0.01180863619816197,0.01180863619816197,0.0,0.01180863619816197,0.01180863619816197,0.01180863619816197,0.01180863619816197,0.01180863619816197,0.01180863619816197,-0.01180863619816197,0.01180863619816197
2021-07-27,-0.013261618269774128,-0.019846876786293155,-0.019846876786293155,0.0,0.018846876786293154,-0.019846876786293155,-0.019846876786293155,-0.019846876786293155,-0.019846876786293155,-0.019846876786293155,0.019846876786293155,-0.019846876786293155
2021-07-28,0.0006928918351281335,0.0010837371680696428,0.0010837371680696428,0.0,8.37371680696428e-05,-0.0005,0.0010837371680696428,0.0010837371680696428,0.0010837371680696428,0.0010837371680696428,8.37371680696428e-05,0.0010837371680696428
2021-07-29,-0.005489853358600288,-0.008373940689987869,-0.008373940689987869,0.0,-0.008373940689987869,-0.00887394068998787,-0.008373940689987869,-0.008373940689987869,-0.008373940689987869,-0.008373940689987869,-0.008373940689987869,-0.008373940689987869
2021-07-30,-0.0489001836560189,-0.07564890713277761,-0.07564890713277761,0.0,0.07464890713277761,-0.0005,-0.07564890713277761,-0.07564890713277761,-0.07564890713277761,-0.07564890713277761,-0.07564890713277761,-0.07564890713277761
2021-08-02,0.0003803087463613069,0.0011690369463182027,0.0011690369463182027,0.0,0.00016903694631820263,0.0,0.0011690369463182027,0.0011690369463182027,-0.0005,0.0011690369463182027,0.0011690369463182024,0.0011690369463182027
2021-08-03,0.0043965381171260955,0.01043374884144277,0.01043374884144277,0.0,-0.01143374884144277,0.0,0.01043374884144277,0.01043374884144277,0.0,0.01043374884144277,0.010433748841442768,0.01043374884144277
2021-08-04,-0.0014797889210998966,-0.0034222398904129037,-0.0034222398904129037,0.0,0.0034222398904129037,0.0,-0.0034222398904129037,-0.0034222398904129037,0.0029222398904129037,-0.0034222398904129037,0.0024222398904129036,-0.0034222398904129037
2021-08-05,0.0031395852620821597,0.006340362999381677,0.006340362999381677,0.0,-0.006340362999381677,0.0,0.006340362999381677,0.006340362999381677,-0.006340362999381677,0.006340362999381677,-0.006340362999381677,0.006340362999381677
2021-08-06,-0.004600658151581302,-0.009197334693852421,-0.00919733469385242,0.0,0.009197334693852421,0.0,-0.009197334693852421,-0.009197334693852421,0.009197334693852421,-0.009197334693852421,0.009197334693852421,-0.009197334693852421
2021-08-09,-0.00046787995338488827,-0.0009177334401756498,-0.00091773344017565,0.0,-0.0019177334401756499,0.0,-0.0009177334401756498,-0.0009177334401756498,0.0009177334401756498,-0.0009177334401756498,-0.0019177334401756499,-0.0009177334401756498
2021-08-10,-0.003208306091718548,-0.006340816609805455,-0.006340816609805455,0.0,0.005340816609805455,0.0,-0.006340816609805455,-0.006340816609805455,0.006340816609805455,-0.006340816609805455,-0.006340816609805455,-0.006340816609805455
2021-08-11,-0.004360132104741092,-0.008603643493863333,-0.008603643493863333,0.0,-0.009603643493863334,0.0,-0.008603643493863333,-0.008603643493863333,0.008603643493863333,-0.008603643493863333,-0.008603643493863333,-0.008603643493863333
2021-08-12,0.0017557059285779018,0.003459810192938395,0.003459810192938395,0.0,-0.0005,0.0,-0.0005,0.003459810192938395,-0.003459810192938395,-0.004459810192938395,0.003459810192938395,0.003459810192938395
2021-08-13,-0.0014613592864064664,-0.0028848279463596915,-0.0028848279463596915,0.0,0.0,0.0,0.0,-0.0028848279463596915,0.0028848279463596915,0.0028848279463596915,0.0018848279463596915,-0.0028848279463596915
2021-08-16,0.0007745678880108659,0.0015239472057770875,0.0015239472057770875,0.0,0.0,0.0,0.0,0.0015239472057770875,-0.0015239472057770875,-0.0015239472057770875,0.0005239472057770875,0.0015239472057770875
2021-08-17,-0.008874623775532458,-0.01728702615047184,-0.01728702615047184,0.0,-0.01778702615047184,0.0,0.0,-0.01728702615047184,0.01728702615047184,0.01728702615047184,0.01628702615047184,-0.01728702615047184
2021-08-18,-0.006372859454446521,-0.0005,-0.012566487390164305,0.0,-0.0005,0.0,0.0,-0.012566487390164305,0.012566487390164305,0.012566487390164305,-0.013566487390164306,-0.012566487390164305
2021-08-19,-0.002143702722806309,0.0,-0.0005,-0.004707818712309686,-0.004707818712309686,0.0,0.0,0.0032078187123096855,0.0042078187123096855,0.0042078187123096855,-0.0042078187123096855,-0.0042078187123096855
2021-08-20,0.0019577437684049465,0.0,0.0,0.003827154714335368,-0.0005,0.0,0.0,-0.003827154714335368,-0.003827154714335368,-0.003827154714335368,0.003827154714335368,0.003827154714335368
2021-08-23,0.010800678418182249,0.0,0.0,0.02060035500127988,0.02010035500127988,0.0,0.0,-0.02060035500127988,-0.02060035500127988,-0.02060035500127988,0.02060035500127988,0.02060035500127988
2021-08-24,0.006135518533719011,0.0,0.0,0.012220318769066596,0.012220318769066596,0.011720318769066596,0.0,-0.012220318769066596,-0.012220318769066596,-0.012220318769066596,0.012220318769066594,0.012220318769066596
2021-08-25,-0.0010034144046578899,-0.0024965141547840792,0.0,-0.0019965141547840792,-0.0005,-0.0019965141547840792,0.0,0.0019965141547840792,0.0019965141547840792,0.0019965141547840792,0.0009965141547840792,-0.0019965141547840792
2021-08-26,0.0025985144847898013,0.005098257262930783,0.0,0.005098257262930783,0.0,0.005098257262930783,0.0,-0.005098257262930783,-0.005098257262930783,-0.005098257262930783,-0.005098257262930783,0.005098257262930783
2021-08-27,0.005153950334970925,0.01014175672465778,0.0,0.01014175672465778,0.0,0.01014175672465778,0.00964175672465778,-0.01014175672465778,-0.01014175672465778,-0.01014175672465778,-0.01014175672465778,0.01014175672465778
2021-08-30,0.010782271167766795,0.021476998866989616,0.0,0.021476998866989616,0.020976998866989616,0.021476998866989616,0.021476998866989616,-0.021476998866989616,-0.021476998866989616,-0.021476998866989616,-0.021476998866989616,0.021476998866989616
2021-08-31,0.013365952269890964,0.01438520002272603,0.013885200022726028,0.01438520002272603,0.01438520002272603,0.01438520002272603,0.01438520002272603,0.01338520002272603,-0.01438520002272603,-0.01438520002272603,-0.01438520002272603,0.01438520002272603
2021-09-01,0.002131540229627618,0.0023654092095504176,0.0023654092095504176,0.0023654092095504176,-0.0005,0.0023654092095504176,0.0023654092095504176,0.0023654092095504176,-0.0023654092095504176,-0.0023654092095504176,-0.0023654092095504176,0.0023654092095504176
2021-09-02,-0.00422860010070578,-0.004564478889317991,-0.0005,-0.004564478889317991,-0.0050644788893179915,-0.004564478889317991,-0.004564478889317991,0.003564478889317991,-0.0005,0.004564478889317991,0.004564478889317991,-0.004564478889317991
2021-09-03,0.0039727856285494,0.004311086264728647,0.0,0.004311086264728647,0.004311086264728647,0.004311086264728647,0.004311086264728647,-0.004311086264728647,0.0,-0.004311086264728647,0.0033110862647286474,0.004311086264728647
2021-09-07,0.008309033627078648,0.008982024369138308,0.008482024369138308,0.008982024369138308,0.008982024369138308,0.008982024369138308,0.008982024369138308,0.007982024369138307,0.0,-0.008982024369138308,-0.00998202436913831,0.008982024369138308
2021-09-08,0.00434250185646981,0.004619174430729789,0.004619174430729789,0.004619174430729789,0.004619174430729789,0.004619174430729789,0.004619174430729789,0.004619174430729789,0.0,0.003619174430729789,-0.004619174430729789,0.004619174430729789
2021-09-09,-0.01106432855449009,-0.011726004336084506,-0.011726004336084506,-0.011726004336084506,-0.011726004336084506,-0.011726004336084506,-0.011726004336084506,-0.011726004336084506,-0.012226004336084506,-0.011726004336084506,0.011726004336084506,-0.011726004336084506
2021-09-10,-0.003958551218640084,-0.004308001431212238,-0.004308001431212238,-0.004308001431212238,-0.004308001431212238,-0.0005,-0.004308001431212238,-0.004308001431212238,-0.004308001431212238,-0.004308001431212238,0.004308001431212238,-0.004308001431212238
2021-09-13,-0.0032287851531808,-0.0034532897607970625,-0.0034532897607970625,-0.0034532897607970625,-0.0005,0.0,-0.0034532897607970625,-0.0034532897607970625,-0.0034532897607970625,-0.0034532897607970625,0.0034532897607970625,-0.0034532897607970625
2021-09-14,-0.0019224617825396373,-0.002073980962099431,-0.0020739809620994305,-0.002073980962099431,0.0,0.0,-0.002073980962099431,-0.002073980962099431,-0.002073980962099431,-0.002073980962099431,0.002073980962099431,-0.002073980962099431
2021-09-15,0.00692782341239379,0.007475391332653958,0.007475391332653958,0.007475391332653958,-0.007975391332653958,0.0,0.007475391332653958,0.007475391332653958,0.007475391332653958,0.007475391332653958,-0.007475391332653958,0.007475391332653958
2021-09-16,0.0032973705834076607,0.0035819053548502566,0.0035819053548502566,0.0035819053548502566,-0.0005,0.0,0.0035819053548502566,0.0035819053548502566,0.0035819053548502566,0.0035819053548502566,0.0025819053548502566,0.0035819053548502566
2021-09-17,-0.007412652307683937,-0.007373319866162298,-0.007373319866162298,-0.007373319866162298,-0.007873319866162298,-0.007873319866162298,-0.007373319866162298,-0.007373319866162298,-0.007373319866162298,-0.007373319866162298,-0.007373319866162297,-0.007373319866162298
2021-09-20,-0.03084174438431353,-0.03084174438431353,-0.030841744384313526,-0.03084174438431353,-0.0005,-0.0005,-0.03084174438431353,-0.03084174438431353,-0.03084174438431353,-0.03084174438431353,0.02984174438431353,-0.03084174438431353
2021-09-21,-0.0030492255420415428,-0.0036057473697842513,-0.0036057473697842513,-0.0036057473697842513,0.0,0.0,-0.0005,-0.0036057473697842513,-0.0036057473697842513,-0.0036057473697842513,0.0036057473697842513,-0.0036057473697842513
2021-09-22,0.008882754466512037,0.01089234819407503,0.01089234819407503,0.01089234819407503,0.0,0.0,0.0,0.01089234819407503,-0.0005,0.01089234819407503,-0.01089234819407503,0.01089234819407503
2021-09-23,0.009123319908147081,0.01063594079605279,0.01063594079605279,0.01063594079605279,0.01013594079605279,0.0,0.0,0.01063594079605279,0.0,0.01063594079605279,0.009635940796052789,0.01063594079605279
2021-09-24,0.0024090355141343756,0.0027868730462519142,0.0027868730462519142,0.0027868730462519142,-0.0037868730462519143,0.0022868730462519142,0.0,0.0027868730462519142,0.0,0.0027868730462519142,0.0027868730462519142,0.0027868730462519142
2021-09-27,-0.0049966874823389905,-0.005756835077931344,-0.005756835077931344,-0.005756835077931344,0.005756835077931344,-0.005756835077931344,0.0,-0.005756835077931344,0.0,-0.005756835077931344,-0.005756835077931344,-0.005756835077931344
2021-09-28,-0.022695373359113022,-0.0263784679831095,-0.0263784679831095,-0.0263784679831095,-0.0005,-0.0263784679831095,0.0,-0.0263784679831095,0.0,-0.0263784679831095,0.0253784679831095,-0.0263784679831095
2021-09-29,-0.0034770213211825357,-0.004475351789266391,-0.004475351789266391,-0.004475351789266391,-0.004975351789266391,-0.0005,0.0,-0.004475351789266391,0.0,-0.004475351789266391,0.004475351789266391,-0.004475351789266391
2021-09-30,-0.0041155759660685114,-0.0005,-0.0048710792439015105,-0.0048710792439015105,0.0038710792439015105,0.0,0.0,-0.0048710792439015105,0.00437107924390151,0.0038710792439015105,-0.0058710792439015105,-0.0048710792439015105
2021-10-01,-0.0005030227328714073,0.0,-0.0005418778291703674,-0.0005418778291703674,-0.0005,0.0,0.0,-0.0005418778291703674,0.0005418778291703674,0.0005418778291703674,-0.0005418778291703674,-0.0005418778291703674
2021-10-04,-0.02530736000983852,0.0,-0.028471678341373093,-0.028471678341373097,0.0,0.0,0.0,-0.028471678341373097,0.028471678341373097,0.028471678341373097,-0.028471678341373097,-0.028471678341373097
2021-10-05,0.0076365700757734505,0.0,-0.0004999999999999999,0.00978753803838428,0.00928753803838428,0.0,0.0,-0.010787538038384281,-0.00978753803838428,-0.00978753803838428,0.00978753803838428,0.00978753803838428
2021-10-06,0.009795809704622562,0.0,0.0,0.012732016728672857,0.012732016728672857,0.0,0.0,-0.012732016728672857,-0.012732016728672857,-0.012732016728672857,0.012732016728672857,0.012732016728672857
2021-10-07,0.00936847439523593,0.0,0.0,0.012391203105561077,-0.0005,0.011891203105561077,0.0,-0.012391203105561077,-0.012391203105561077,-0.012391203105561077,0.012391203105561077,0.012391203105561077
2021-10-08,-0.003086015955075319,0.0,0.0,-0.004181805261295635,0.0,-0.004181805261295635,0.0,0.004181805261295635,0.004181805261295635,0.004181805261295635,-0.004181805261295635,-0.004181805261295635
2021-10-11,-0.009580717328759907,0.0,0.0,-0.01286860335091844,0.0,-0.01286860335091844,0.0,0.01286860335091844,0.01286860335091844,0.01286860335091844,-0.01286860335091844,-0.01286860335091844
2021-10-12,0.00022896762518869474,0.0,0.0,0.0003172745113595443,0.0,-0.0013172745113595443,0.0,-0.0003172745113595443,-0.0003172745113595443,-0.0003172745113595443,0.0003172745113595443,0.0003172745113595443
2021-10-13,0.008368184536477535,0.0,0.0,0.011378601203982708,0.010878601203982707,-0.011378601203982708,0.0,-0.011378601203982708,-0.011378601203982708,-0.011378601203982708,0.011378601203982708,0.011378601203982708
2021-10-14,0.0034887111254828206,0.0,0.0,0.004743759227551214,0.004743759227551214,0.003743759227551214,0.0,-0.004743759227551214,-0.004743759227551214,-0.004743759227551214,0.004743759227551214,0.004743759227551214
2021-10-15,0.024328258172001918,0.0,0.0,0.03308023939004423,0.03308023939004423,0.03308023939004423,0.0,-0.033080239390044223,-0.03308023939004423,-0.03308023939004423,0.03308023939004423,0.03308023939004423
2021-10-18,0.006789384797041873,0.010564772529006061,0.010564772529006061,0.011064772529006062,-0.0005,0.011064772529006062,0.010564772529006061,0.01006477252900606,-0.011064772529006062,-0.011064772529006062,-0.012064772529006063,0.011064772529006062
2021-10-19,-0.00046504583570278966,-0.0007514424560826072,-0.0007514424560826072,-0.0007514424560826072,-0.0012514424560826072,-0.0007514424560826072,-0.0007514424560826072,-0.0007514424560826072,0.0007514424560826072,0.0007514424560826072,0.0007514424560826072,-0.0007514424560826072
2021-10-20,-0.005853352313051902,-0.008446195751808605,-0.008446195751808605,-0.008446195751808605,-0.0005,-0.008446195751808605,-0.008446195751808605,-0.008446195751808605,-0.0005,0.008446195751808605,0.008446195751808605,-0.008446195751808605
2021-10-21,0.004024225389780171,0.005841756945129006,0.005841756945129006,0.005841756945129006,0.005341756945129006,-0.006841756945129006,0.005841756945129006,0.005841756945129006,0.0,-0.005841756945129006,-0.0058417569451290055,0.005841756945129006
2021-10-22,-0.019946186821264544,-0.028954833317208384,-0.02895483331720838,-0.028954833317208384,-0.028954833317208384,-0.029954833317208385,-0.028954833317208384,-0.028954833317208384,0.0,0.028954833317208384,0.028954833317208384,-0.028954833317208384
2021-10-25,-0.003135051474097481,-0.004550989805058192,-0.0004999999999999999,-0.004550989805058192,-0.004550989805058192,0.003550989805058192,-0.004550989805058192,0.003550989805058192,0.0,0.004550989805058192,0.004550989805058191,-0.004550989805058192
2021-10-26,0.011556015476311694,-0.0005,0.0,0.01677526160393561,0.01677526160393561,-0.01677526160393561,0.01677526160393561,-0.01677526160393561,0.0,-0.01677526160393561,-0.01677526160393561,0.01677526160393561
2021-10-27,0.002941302758955174,0.004363638245470758,0.0,0.004863638245470758,-0.0005,0.0038636382454707583,0.004863638245470758,-0.004863638245470758,0.004363638245470758,-0.004863638245470758,-0.004863638245470758,0.004863638245470758
2021-10-28,0.00976547347767598,0.01594115275917063,0.0,0.01594115275917063,0.0,0.01594115275917063,0.01594115275917063,-0.01594115275917063,0.01594115275917063,-0.01594115275917063,-0.01594115275917063,0.01594115275917063
2021-10-29,-0.013177685216247053,-0.021511245053778105,0.0,-0.021511245053778105,0.0,-0.021511245053778105,-0.021511245053778105,0.021511245053778102,-0.021511245053778105,0.021511245053778105,0.021511245053778105,-0.021511245053778105
2021-11-01,-0.009867131824178942,-0.01610709978002456,0.0,-0.01610709978002456,0.015607099780024558,0.015107099780024558,-0.01610709978002456,0.01610709978002456,-0.01610709978002456,0.01610709978002456,0.016107099780024555,-0.01610709978002456
2021-11-02,-0.0009895922588450258,-0.0005,-0.002115409780550192,-0.0016154097805501921,-0.0005,0.0016154097805501921,-0.0005,-0.002615409780550192,-0.0016154097805501921,0.0016154097805501921,0.0016154097805501921,-0.0016154097805501921
2021-11-03,0.013175581609551519,0.0,0.021507811127532195,0.021507811127532195,-0.022007811127532195,-0.021507811127532195,0.0,0.021507811127532195,0.021507811127532195,-0.021507811127532195,-0.021507811127532195,0.021507811127532195
2021-11-04,0.01683553951461716,0.026982324108409228,0.02748232410840923,0.02748232410840923,-0.0005,0.026482324108409228,0.026982324108409228,0.02748232410840923,0.02748232410840923,-0.02748232410840923,-0.02748232410840923,0.02748232410840923
2021-11-05,0.007397962472167145,0.01207642928374364,0.01207642928374364,0.01207642928374364,-0.01257642928374364,0.01207642928374364,0.01207642928374364,0.01207642928374364,0.01207642928374364,-0.01207642928374364,-0.01207642928374364,0.01207642928374364
2021-11-08,-0.005224180436817188,-0.008527948857282919,-0.008527948857282919,-0.008527948857282919,0.008527948857282919,-0.008527948857282919,-0.008527948857282919,-0.008527948857282919,-0.008527948857282919,0.008527948857282919,0.008527948857282919,-0.008527948857282919
2021-11-09,0.015319313683920867,0.025007238016599764,0.025007238016599764,0.025007238016599764,-0.0005,-0.026007238016599765,0.025007238016599764,0.025007238016599764,0.025007238016599764,-0.025007238016599764,-0.02500723801659976,0.025007238016599764
2021-11-10,-0.016132690749842717,-0.026334994227121156,-0.026334994227121156,-0.026334994227121156,0.025834994227121155,-0.027334994227121157,-0.026334994227121156,-0.026334994227121152,-0.026334994227121156,-0.027334994227121157,0.026334994227121156,-0.026334994227121156
2021-11-11,-0.0015177195457276452,-0.0027425987825921982,-0.002742598782592198,-0.0027425987825921982,-0.0037425987825921983,-0.0005,-0.0027425987825921982,-0.0027425987825921982,-0.0027425987825921982,-0.0027425987825921982,0.0027425987825921982,-0.0027425987825921982
2021-11-12,0.008190325962765914,0.015162029225161966,0.015162029225161966,0.015162029225161966,0.015162029225161966,0.0,0.015162029225161966,0.015162029225161966,0.015162029225161966,0.015162029225161966,-0.015162029225161966,0.015162029225161966
2021-11-15,0.003145941495560052,0.0058238044631160335,0.0058238044631160335,0.0058238044631160335,-0.0005,0.005323804463116033,0.0058238044631160335,0.0058238044631160335,0.0058238044631160335,0.0058238044631160335,-0.0058238044631160335,0.0058238044631160335
2021-11-16,-0.0007586846922102172,-0.001404486161877938,-0.001404486161877938,-0.001404486161877938,0.0,-0.001404486161877938,-0.001404486161877938,-0.001404486161877938,-0.001404486161877938,-0.001404486161877938,0.001404486161877938,-0.001404486161877938
2021-11-17,0.0012662684414303643,0.0023441312596286235,0.002344131259628623,0.0023441312596286235,0.0018441312596286234,0.0023441312596286235,0.0023441312596286235,0.002344131259628623,0.0023441312596286235,0.0023441312596286235,-0.0023441312596286235,0.0023441312596286235
2021-11-18,0.02238371869641161,0.04143700734081479,0.04143700734081479,0.04143700734081479,-0.0005,0.04143700734081479,0.04143700734081479,0.04143700734081479,0.04143700734081479,0.04143700734081479,-0.04143700734081479,0.04143700734081479
2021-11-19,-0.002848466001257084,-0.005273114275827329,-0.005273114275827329,0.004273114275827329,0.004773114275827328,-0.005273114275827329,-0.005273114275827329,-0.005273114275827329,-0.005273114275827329,-0.005273114275827329,0.005273114275827329,-0.005273114275827329
2021-11-22,-0.015280422458092425,-0.02828730052206352,-0.02828730052206352,0.02828730052206352,0.02828730052206352,-0.02828730052206352,-0.02828730052206352,-0.02828730052206352,-0.02828730052206352,-0.02828730052206352,0.02828730052206352,-0.02828730052206352
2021-11-23,0.001129507501018172,0.0020909577736383245,0.0020909577736383245,-0.0020909577736383245,-0.0020909577736383245,-0.0005,0.0020909577736383245,0.0020909577736383245,0.0020909577736383245,0.0020909577736383245,-0.0020909577736383245,0.0020909577736383245
2021-11-24,5.5809568591312116e-05,0.00010331533981333685,0.00010331533981333685,-0.00010331533981333685,-0.0005,0.0,0.00010331533981333685,0.00010331533981333685,0.00010331533981333685,0.00010331533981333685,-0.00010331533981333685,0.00010331533981333685
2021-11-26,-0.011443693289552295,-0.021184701669844985,-0.021184701669844985,0.021184701669844985,-0.021684701669844986,0.0,-0.021184701669844985,-0.021184701669844985,-0.021184701669844985,-0.021184701669844985,0.021184701669844985,-0.021184701669844985
2021-11-29,0.008787450170398451,0.016267432688752415,0.016267432688752415,-0.016267432688752415,-0.0005,0.0,-0.0005,0.016267432688752415,0.016267432688752415,0.016267432688752415,-0.016267432688752415,0.016267432688752415
2021-11-30,-0.008266084331757679,-0.015302274022490625,-0.015302274022490625,0.015302274022490625,0.014802274022490625,0.0,-0.015802274022490626,-0.015302274022490625,-0.015302274022490625,-0.015302274022490625,0.015302274022490625,-0.015302274022490625
2021-12-01,-0.009757654918429353,-0.0180634873037836,-0.0180634873037836,0.0180634873037836,-0.0005,0.0,-0.0005,-0.0180634873037836,-0.0180634873037836,-0.0180634873037836,0.0180634873037836,-0.0180634873037836
2021-12-02,-0.0009976647575071409,-0.0018468889124809706,-0.0018468889124809706,0.0018468889124809706,0.0,0.0,0.0,-0.0018468889124809706,-0.0018468889124809706,-0.0018468889124809706,0.0018468889124809706,-0.0018468889124809706
2021-12-03,-0.007475684278965673,-0.013839076006382012,-0.013839076006382012,0.013839076006382012,-0.014339076006382012,0.0,0.0,-0.013839076006382012,-0.013839076006382012,-0.013839076006382012,0.013839076006382012,-0.013839076006382012
2021-12-06,0.005988627850520726,0.011086219388703134,0.011086219388703134,-0.011086219388703134,-0.0005,0.0,0.0,0.011086219388703134,-0.0005,0.011086219388703134,-0.011086219388703134,0.011086219388703134
2021-12-07,0.015117936331034195,0.027986504263362688,0.027986504263362685,-0.027986504263362688,0.027486504263362688,0.0,0.0,0.027986504263362688,0.0,0.027986504263362688,-0.027986504263362688,0.027986504263362688
2021-12-08,-1.993219455412716e-05,-3.689871657430732e-05,-3.6898716574307376e-05,3.689871657430732e-05,-0.0009631012834256927,-0.0005368987165743073,0.0,-3.689871657430732e-05,0.0,-3.689871657430732e-05,3.689871657430732e-05,-3.689871657430732e-05
2021-12-09,-0.006093113031893802,-0.011279643604146683,-0.011279643604146683,0.011279643604146683,-0.0005,-0.011279643604146683,0.0,-0.011279643604146683,0.010779643604146683,0.010279643604146682,0.011279643604146681,-0.011279643604146683
2021-12-10,-0.006075784384202571,-0.011247564604614624,-0.011247564604614624,0.011247564604614624,0.0,-0.011247564604614624,0.0,-0.011247564604614624,0.011247564604614624,0.011247564604614624,0.011247564604614624,-0.011247564604614624
2021-12-13,-0.008295147712438184,-0.015356076499860039,-0.015356076499860039,0.015356076499860039,0.0,-0.0005,0.0,-0.015356076499860039,0.015356076499860039,0.015356076499860039,0.015356076499860039,-0.015356076499860039
2021-12-14,-0.0015163738506400592,-0.0028071293797337082,-0.0028071293797337082,0.0028071293797337082,0.0,0.0,0.0,-0.0028071293797337082,0.0028071293797337082,0.0028071293797337082,0.0028071293797337082,-0.0028071293797337082
2021-12-15,0.013492551873232131,0.024977573145925636,-0.0005,-0.024977573145925636,-0.025477573145925636,0.0,0.0,-0.025977573145925636,-0.024977573145925636,-0.024977573145925636,-0.024977573145925636,0.024977573145925636
2021-12-16,-0.013851020545784281,-0.025641174633125208,0.0,0.025641174633125208,0.025641174633125208,-0.026141174633125208,0.0,0.025641174633125208,0.025641174633125208,0.025641174633125208,0.025641174633125208,-0.025641174633125208
2021-12-17,0.003667437289957095,0.00678920370502567,0.0,-0.00678920370502567,-0.0005,-0.0005,0.0,-0.00678920370502567,-0.00678920370502567,-0.00678920370502567,-0.00678920370502567,0.00678920370502567
2021-12-20,-0.009336346640852429,-0.017283556389377508,0.0,0.017283556389377508,0.016783556389377507,-0.01778355638937751,0.0,0.017283556389377508,0.017283556389377508,0.017283556389377508,0.017283556389377508,-0.017283556389377508
2021-12-21,0.012062508620055317,-0.0005,0.0,-0.019978649621920752,-0.0005,-0.0005,0.0,-0.019978649621920752,-0.019978649621920752,-0.019978649621920752,0.018978649621920748,0.019978649621920752
2021-12-22,0.002202516922802505,0.0031381058820253997,0.0,-0.0036381058820253998,-0.0041381058820254,0.0031381058820253997,0.0,-0.0036381058820253998,-0.0036381058820253998,-0.0036381058820253998,-0.0046381058820254,0.0036381058820253998
2021-12-23,0.00011147657190414497,0.0001841364158221559,0.0,-0.0001841364158221559,-0.0001841364158221559,0.0001841364158221559,0.0,-0.0001841364158221559,-0.0001841364158221559,-0.0001841364158221559,-0.0001841364158221559,0.0001841364158221559
2021-12-27,-0.0049509921671592365,-0.008178022851368039,-0.008678022851368039,0.008178022851368039,0.008178022851368039,-0.008178022851368039,0.0,-0.00917802285136804,0.008178022851368039,0.008178022851368039,0.008178022851368039,-0.008178022851368039
2021-12-28,0.0035377997430515225,0.005843719029521299,-0.0005,-0.005843719029521299,0.004843719029521299,0.005843719029521299,0.0,-0.006843719029521299,-0.005843719029521299,-0.005843719029521299,-0.005843719029521299,0.005843719029521299
2021-12-29,-0.005179167524950803,-0.0085549217086347,0.0,0.0085549217086347,-0.0085549217086347,-0.0085549217086347,0.0,0.0085549217086347,0.0085549217086347,0.0085549217086347,0.0085549217086347,-0.0085549217086347
2021-12-30,-0.0019911717613317575,-0.0032890070546229833,0.0,0.0032890070546229833,-0.0005,-0.0005,0.0,0.0032890070546229833,0.0032890070546229833,0.0032890070546229833,0.0032890070546229833,-0.0032890070546229833
2021-12-31,-0.006919382835572175,-0.0005,0.0,0.011429400216389607,-0.011929400216389607,0.0,0.0,0.011429400216389607,0.011429400216389607,0.011429400216389607,-0.012429400216389604,-0.011429400216389607
2022-01-03,0.014914176284658114,0.0,0.0,-0.022118320898886212,0.022118320898886212,0.0,0.0,-0.022118320898886212,-0.022118320898886212,-0.022118320898886212,0.02211832089888621,0.022118320898886212
2022-01-04,-0.011432973070198731,-0.017415587005979505,0.0,0.016915587005979504,0.015915587005979503,-0.017415587005979505,0.0,0.016915587005979504,0.016915587005979504,0.016915587005979504,0.015915587005979503,-0.016915587005979504
2022-01-05,-0.01276953658101745,-0.0005,0.0,0.018893091563845,0.018893091563845,-0.0005,0.0,0.018893091563845,0.018893091563845,0.018893091563845,-0.019893091563844997,-0.018893091563845
2022-01-06,-0.004535844721869527,0.0,0.0,0.006710981961323137,-0.0005,0.0,0.0,0.006710981961323136,0.006710981961323137,0.006710981961323137,-0.006710981961323137,-0.006710981961323137
2022-01-07,-0.002898040354898713,0.0,0.0,-0.005287778294336242,0.003787778294336242,0.0,0.0,0.004287778294336242,0.004287778294336242,0.004287778294336242,-0.004287778294336242,-0.004287778294336242
2022-01-10,-0.004440676353619715,0.0,0.0,-0.006570176170610398,0.006570176170610398,0.0,0.0,0.006570176170610398,0.006570176170610398,0.006570176170610398,-0.006570176170610398,-0.006570176170610398
2022-01-11,0.02209245696862339,0.0,0.0,0.024002125643924677,0.023002125643924676,0.0,0.0,-0.024002125643924677,-0.024002125643924677,-0.024002125643924677,0.024002125643924677,0.024002125643924677
2022-01-12,-0.0008367333184367828,0.0,0.0,-0.0009373300985386912,-0.0009373300985386912,-0.0014373300985386912,0.0,0.0009373300985386912,0.0009373300985386912,0.0009373300985386912,-0.0009373300985386912,-0.0009373300985386912
2022-01-13,-0.02114745474162385,0.0,0.0,-0.024169655027437842,-0.024169655027437842,-0.024169655027437842,0.0,0.024169655027437842,0.024169655027437842,0.024169655027437842,-0.024169655027437842,-0.024169655027437842
2022-01-14,0.004708002234050964,0.0,0.0,0.005731487003565627,-0.0005,-0.0005,0.0,-0.005731487003565627,-0.005731487003565627,-0.005731487003565627,0.005731487003565627,0.005731487003565627
2022-01-18,-0.017808312821144763,0.0,0.0,-0.019862738846190164,0.0,-0.020362738846190165,0.0,0.019862738846190164,0.019862738846190164,0.019862738846190164,-0.019862738846190164,-0.019862738846190164
2022-01-19,-0.01520286813955429,0.0,0.0,-0.016477101806013472,-0.016977101806013473,-0.0005,0.0,0.016477101806013472,0.016477101806013472,0.016477101806013472,-0.016477101806013472,-0.016477101806013472
2022-01-20,-0.0270706171061339,0.0,0.0,-0.02963230963415675,-0.02963230963415675,0.0,0.0,0.02963230963415675,0.02963230963415675,0.02963230963415675,-0.02963230963415675,-0.02963230963415675
2022-01-21,-0.05126757286638332,0.0,0.0,-0.05950180896147472,-0.05950180896147472,0.0,0.0,0.05950180896147472,0.05950180896147472,0.05950180896147472,-0.05950180896147472,-0.05950180896147472
2022-01-24,0.009302772496657903,0.0,0.0,0.01332698348311534,0.01332698348311534,0.0,0.0,-0.01332698348311534,-0.01332698348311534,-0.01332698348311534,0.01332698348311534,0.01332698348311534
2022-01-25,-0.021671305019090488,0.0,0.0,-0.031533745543573244,-0.031533745543573244,0.0,0.0,0.031533745543573244,0.031533745543573244,0.031533745543573244,-0.031533745543573244,-0.031533745543573244
2022-01-26,-0.005301118412567595,0.0,0.0,-0.007954330670553511,-0.007954330670553511,0.0,0.0,0.007954330670553511,0.007954330670553511,0.007954330670553511,-0.007954330670553511,-0.007954330670553511
2022-01-27,0.003663463827728866,0.0,0.0,0.005508645722495764,0.005508645722495764,0.0,0.0,-0.005508645722495764,-0.005508645722495764,-0.005508645722495764,0.005508645722495764,0.005508645722495764
2022-01-28,0.02068644152588972,0.0,0.0,0.031084056738273746,0.031084056738273746,0.0,0.0,-0.031084056738273746,-0.031084056738273746,-0.031084056738273746,0.031084056738273746,0.031084056738273746
2022-01-31,0.023410024124929336,0.0,0.0,0.03886361030218932,0.03886361030218932,0.03836361030218932,0.0,-0.03886361030218932,-0.03886361030218932,-0.03886361030218932,0.03886361030218932,0.03886361030218932
2022-02-01,0.0058504669680828035,0.0,0.0,0.010830762802234384,0.010830762802234384,0.010830762802234384,0.0,-0.010830762802234384,-0.010830762802234384,-0.010830762802234384,0.010830762802234384,0.010830762802234384
2022-02-02,-0.002069352417975741,0.0,0.0,-0.0038427158906232384,-0.0038427158906232384,-0.0038427158906232384,0.0,0.0038427158906232384,0.0038427158906232384,0.0038427158906232384,-0.0038427158906232384,-0.0038427158906232384
2022-02-03,-0.04351023055443243,0.0,0.0,-0.0781276325178123,-0.0781276325178123,-0.0781276325178123,0.0,0.0781276325178123,0.0781276325178123,0.0781276325178123,-0.0781276325178123,-0.0781276325178123
2022-02-04,0.06182664719575598,0.0,0.0,0.13535901735711864,0.13535901735711864,-0.0005,0.0,-0.13535901735711864,-0.13535901735711864,-0.13535901735711864,0.13535901735711864,0.13535901735711864
2022-02-07,0.0004910830056490772,0.0,0.0,0.0018777353189827206,-0.0005,0.0013777353189827206,0.0013777353189827206,-0.0018777353189827206,-0.0018777353189827206,-0.0018777353189827206,0.0018777353189827206,0.0018777353189827206
2022-02-08,0.00666740207380627,0.0,0.0,0.022021627828944013,0.0,0.022021627828944013,0.022021627828944013,-0.022021627828944013,-0.022021627828944013,-0.022021627828944013,0.022021627828944013,0.022021627828944013
2022-02-09,-0.0004183396833440084,0.0,0.0,-0.0013877341505965646,0.0,-0.0013877341505965646,-0.0013877341505965646,0.0013877341505965646,-0.0005,0.0013877341505965646,-0.0013877341505965646,-0.0013877341505965646
2022-02-10,-0.006429203027066122,0.0,0.0,-0.013561706274733853,0.0,-0.013561706274733853,-0.013561706274733853,0.013561706274733853,0.0,0.013561706274733853,-0.013561706274733852,-0.013561706274733853
2022-02-11,-0.01689454937900985,0.0,0.0,-0.03591110674363196,-0.03641110674363196,-0.03591110674363196,-0.03591110674363196,0.03591110674363196,0.0,0.03591110674363196,-0.03591110674363196,-0.03591110674363196
2022-02-14,0.005670694343345442,0.0,0.0,0.012221683270054351,0.012221683270054351,-0.0005,0.012221683270054351,-0.01222168327005435,0.0,-0.012221683270054351,0.012221683270054351,0.012221683270054351
2022-02-15,0.004023292410608622,0.0,0.0,0.008658352201907249,0.008658352201907249,0.0,0.008658352201907249,-0.008658352201907249,0.0,-0.008658352201907249,0.008658352201907247,0.008658352201907249
2022-02-16,0.004718153387915106,0.0,0.0,0.010159039538768955,0.010159039538768955,0.0,0.010159039538768955,-0.010159039538768955,0.0,0.009159039538768954,0.010159039538768955,0.010159039538768955
2022-02-17,-0.01011417569562521,0.0,0.0,-0.021808901106176726,-0.021808901106176726,-0.022308901106176726,-0.021808901106176726,0.021808901106176726,0.0,-0.021808901106176726,-0.021808901106176726,-0.021808901106176726
2022-02-18,-0.006125057603091845,0.0,0.0,-0.013261957754408193,-0.013261957754408193,-0.0005,-0.013261957754408193,0.013261957754408193,0.0,-0.013261957754408193,-0.013261957754408193,-0.013261957754408193
2022-02-22,-0.007424367244067843,0.0,0.0,-0.015753494788264932,-0.015753494788264932,0.0,-0.015753494788264932,0.01575349478826493,-0.016253494788264933,-0.015753494788264932,-0.015753494788264932,-0.015753494788264932
2022-02-23,-0.016810607983129756,0.0,0.0,-0.03575624663287669,-0.0005,0.0,-0.0005,0.03575624663287669,-0.03575624663287669,-0.03575624663287669,-0.03575624663287669,-0.03575624663287669
2022-02-24,0.02109684278829179,0.0,0.0,0.04509522427819257,-0.04559522427819257,0.0,0.0,-0.04509522427819257,-0.0005,0.04509522427819257,0.04509522427819257,0.04509522427819257
2022-02-25,0.007325448516408209,0.0,0.0,0.01605793012842116,-0.01605793012842116,0.01555793012842116,0.0,-0.01605793012842116,0.0,0.01605793012842116,0.01605793012842116,0.01605793012842116
2022-02-28,-0.0006678896934936958,0.0,0.0,-0.0014662630028149382,-0.0005,-0.0014662630028149382,-0.001966263002814938,0.0014662630028149382,0.0,-0.0014662630028149382,-0.0014662630028149382,-0.0014662630028149382
2022-03-01,-0.007201978170543245,0.0,0.0,-0.015765550251120253,-0.016265550251120253,-0.015765550251120253,-0.0005,0.015765550251120253,0.0,-0.015765550251120253,-0.015765550251120253,-0.015765550251120253
2022-03-02,0.0027554436324127504,0.0,0.0,0.0060241839623909055,0.0060241839623909055,0.0060241839623909055,0.0,-0.0060241839623909055,0.0,0.0060241839623909055,0.0060241839623909055,0.0060241839623909055
2022-03-03,-0.0125123298008641,0.0,0.0,-0.027319556126581324,-0.027319556126581324,-0.027319556126581324,0.0,0.027319556126581324,0.0,-0.027319556126581324,-0.027319556126581324,-0.027319556126581324
2022-03-04,-0.006963180454834267,0.0,0.0,-0.0152637929917393,0.0142637929917393,-0.0005,0.0,0.0152637929917393,0.0,-0.0152637929917393,-0.0152637929917393,-0.0152637929917393
2022-03-07,-0.025597700800379538,0.0,0.0,-0.05622045424233624,0.05622045424233624,0.0,0.0,0.05622045424233623,0.0,0.05522045424233624,-0.05622045424233624,-0.05622045424233624
2022-03-08,-0.004638997039215545,0.0,0.0,-0.010465446730283379,-0.01146544673028338,0.0,0.0,0.010465446730283379,0.009965446730283378,0.010465446730283379,-0.010465446730283379,-0.010465446730283379
2022-03-09,0.010639732337538399,0.0,0.0,0.024001199930983708,0.024001199930983708,0.0,0.0,-0.024001199930983708,-0.024001199930983708,-0.024001199930983708,0.024001199930983708,0.024001199930983708
2022-03-10,0.024050038541050915,0.0,0.0,0.05412515560997311,-0.05512515560997311,0.0,0.0,-0.05412515560997311,-0.05412515560997311,-0.05412515560997311,0.0541251556099731,0.05412515560997311
2022-03-11,-0.00379876462770856,0.0,0.0,-0.008806846762653975,-0.0005,-0.009306846762653975,0.0,0.008806846762653975,0.008806846762653975,0.008806846762653975,-0.008806846762653973,-0.008806846762653975
2022-03-14,-0.00906324389519804,0.0,0.0,-0.025229488143872714,-0.025729488143872714,0.024229488143872713,0.024729488143872713,0.025229488143872714,0.025229488143872714,0.025229488143872714,-0.02522948814387271,-0.025229488143872714
2022-03-15,0.013906486395936434,0.0,0.0,0.038867730338306705,-0.039867730338306706,-0.038867730338306705,-0.038867730338306705,-0.038867730338306705,-0.038867730338306705,-0.038867730338306705,0.0388677303383067,0.038867730338306705
2022-03-16,0.01393004092485987,0.0,0.0,0.038933563723705156,-0.038933563723705156,0.037933563723705155,-0.038933563723705156,-0.038933563723705156,-0.038933563723705156,-0.038933563723705156,0.038933563723705156,0.038933563723705156
2022-03-17,0.009663103315852538,0.0,0.0,0.027007748989816838,-0.0005,0.027007748989816838,0.026007748989816837,-0.027007748989816838,-0.027007748989816838,-0.027007748989816838,0.027007748989816838,0.027007748989816838
2022-03-18,0.009127993394730789,0.0,0.0,0.025512151358369817,0.025012151358369816,0.025512151358369817,0.025512151358369817,-0.025512151358369817,-0.025512151358369817,-0.025512151358369817,0.025512151358369817,0.025512151358369817
2022-03-21,0.0004565367366506926,0.0,0.0,0.0014945523217748669,-0.0005,0.0014945523217748669,0.0014945523217748669,-0.0014945523217748669,-0.0014945523217748669,-0.0014945523217748669,-0.002494552321774867,0.0014945523217748669
2022-03-22,0.0067024584683925,0.0,0.0,0.02103830044237709,0.0,0.02103830044237709,0.02103830044237709,-0.02103830044237709,-0.0005,-0.02103830044237709,-0.02103830044237709,0.02103830044237709
2022-03-23,-0.002861459849235645,0.0,0.0,-0.008981816492546923,0.008481816492546923,-0.008981816492546923,-0.008981816492546923,0.008981816492546923,0.0,-0.009981816492546924,0.008981816492546923,-0.008981816492546923
2022-03-24,0.00047083509121000885,0.0,0.0,0.0014779010051912955,-0.0005,-0.0024779010051912955,0.0014779010051912955,-0.0014779010051912955,0.0009779010051912955,0.0014779010051912955,0.0004779010051912955,0.0014779010051912955
2022-03-25,0.002188126151547464,0.0,0.0,0.006868294014676479,0.0,-0.006868294014676479,0.006868294014676479,-0.006868294014676479,0.006868294014676479,0.006868294014676479,0.006868294014676479,0.006868294014676479
2022-03-28,0.009253890307668142,0.0,0.0,0.025592678900108856,0.0,0.024592678900108855,0.025592678900108856,-0.025592678900108856,0.025592678900108856,0.025592678900108856,-0.026592678900108857,0.025592678900108856
2022-03-29,0.0006959860366804214,0.00142027764251268,0.0,-0.00292027764251268,-0.00242027764251268,0.00192027764251268,0.00192027764251268,-0.00192027764251268,0.00192027764251268,0.00192027764251268,-0.00192027764251268,0.00192027764251268
2022-03-30,-0.006451866884265824,-0.01780118433038691,-0.01830118433038691,0.01780118433038691,0.01780118433038691,-0.01780118433038691,-0.01780118433038691,-0.01880118433038691,-0.01780118433038691,-0.01780118433038691,0.01780118433038691,-0.01780118433038691
2022-03-31,-0.007199720082234033,-0.0005,-0.019864567358571672,0.019864567358571672,-0.0005,0.01886456735857167,-0.019864567358571672,-0.019864567358571672,-0.019864567358571672,-0.019864567358571672,-0.020864567358571673,-0.019864567358571672
2022-04-01,0.0012507718285975934,0.0,-0.0005,-0.003450973226124532,0.0,-0.003450973226124532,0.003450973226124532,-0.004450973226124532,0.003450973226124532,0.003450973226124532,0.003450973226124532,0.003450973226124532
2022-04-04,0.0106066290491328,0.0,0.0,-0.029264484561530857,0.0,-0.029264484561530857,0.029264484561530857,-0.029264484561530857,0.029264484561530857,0.029264484561530857,0.029264484561530857,0.029264484561530857
2022-04-05,-0.009239360877596008,-0.025992089193307588,-0.025992089193307588,0.025492089193307588,0.024992089193307587,-0.02649208919330759,-0.025492089193307588,-0.02649208919330759,-0.025492089193307588,-0.025492089193307588,0.024492089193307587,-0.025492089193307588
2022-04-06,-0.01327755572182613,-0.0005,-0.032300120131985244,0.032300120131985244,-0.033300120131985245,0.03130012013198524,-0.032300120131985244,-0.032300120131985244,-0.032300120131985244,-0.032300120131985244,-0.033300120131985245,-0.032300120131985244
2022-04-07,-0.002510968502081241,0.0,-0.0005,0.0061194323502751224,-0.0061194323502751224,0.0061194323502751224,0.005119432350275122,0.005119432350275122,-0.0061194323502751224,-0.0061194323502751224,-0.0061194323502751224,-0.0061194323502751224
2022-04-08,-0.008644253083589315,0.0,0.0,0.021066740550443774,-0.0005,0.021066740550443774,0.021066740550443774,0.021066740550443774,-0.021066740550443774,-0.021066740550443774,-0.021066740550443774,-0.021066740550443774
2022-04-11,-0.00886878674501759,0.0,0.0,0.021613947156313595,0.021113947156313595,0.021613947156313595,0.021613947156313595,0.021613947156313595,-0.021613947156313595,-0.021613947156313595,-0.021613947156313595,-0.021613947156313595
2022-04-12,-0.000908202897056302,0.0,0.0,0.002213363562407644,-0.0005,0.002213363562407644,0.002213363562407644,0.002213363562407644,-0.0005,-0.002213363562407644,0.0012133635624076442,-0.002213363562407644
2022-04-13,0.01293533684407892,0.0,0.0,-0.03152445706895657,0.0,-0.03152445706895657,-0.03152445706895657,-0.03152445706895657,-0.03202445706895657,0.03152445706895657,-0.03152445706895657,0.03152445706895657
2022-04-14,-0.010115662722083881,0.0,0.0,0.024652684274885983,0.0,-0.025652684274885984,0.024652684274885983,0.024652684274885983,0.024652684274885983,-0.024652684274885983,0.024652684274885983,-0.024652684274885983
2022-04-18,0.0032451319560966242,0.0,0.0,-0.007109164667870926,-0.007609164667870927,-0.008109164667870927,-0.007109164667870926,-0.007109164667870926,-0.007109164667870926,0.007109164667870926,-0.007109164667870926,0.007109164667870926
2022-04-19,0.016047556586253304,0.0,0.0,-0.03488883060861969,-0.0005,-0.03488883060861969,-0.03488883060861969,-0.03488883060861969,-0.03488883060861969,0.03488883060861969,-0.03488883060861969,0.03488883060861969
2022-04-20,-0.011977906241454134,0.0,0.0,0.026041044919075107,0.0,-0.027041044919075108,-0.027041044919075108,0.026041044919075107,0.026041044919075107,0.025041044919075106,-0.027041044919075104,-0.026041044919075107
2022-04-21,-0.01703077125025556,0.0,0.0,0.037026427673936824,0.0,0.03602642767393682,0.03602642767393682,0.037026427673936824,-0.0005,0.037026427673936824,-0.037026427673936824,-0.037026427673936824
2022-04-22,-0.012239115610954737,0.0,0.0,0.026608937569704394,0.026108937569704393,0.026608937569704394,0.026608937569704394,0.026608937569704394,0.0,0.026608937569704394,-0.026608937569704394,-0.026608937569704394
2022-04-25,0.0054934188257565264,0.0,0.0,-0.011943186356370372,-0.011943186356370372,-0.011943186356370372,-0.011943186356370372,0.010943186356370371,-0.012443186356370373,-0.011943186356370372,0.011943186356370372,0.011943186356370372
2022-04-26,-0.021043643670325917,0.0,0.0,0.0457507730510871,0.0457507730510871,-0.0467507730510871,0.0457507730510871,-0.0457507730510871,0.0457507730510871,0.0457507730510871,-0.045750773051087094,-0.0457507730510871
2022-04-27,-0.0034910437915575228,0.0,0.0,0.008781047317448887,-0.009781047317448888,0.007781047317448887,0.008781047317448887,0.007781047317448887,0.008781047317448887,0.008781047317448887,-0.008781047317448887,-0.008781047317448887
2022-04-28,0.018325083903522308,0.0,0.0,-0.04653418536434306,-0.0005,-0.04653418536434306,-0.04653418536434306,-0.04653418536434306,-0.04653418536434306,-0.04653418536434306,0.04653418536434306,0.04653418536434306
2022-04-29,-0.05532644957830599,0.0,0.0,0.140494377749234,-0.140994377749234,-0.141494377749234,0.140494377749234,-0.141494377749234,0.140494377749234,0.140494377749234,-0.14049437774923398,-0.140494377749234
2022-05-02,0.00035223022878945866,0.0,0.0,0.0007580913238786078,0.0017580913238786078,-0.002758091323878608,-0.0017580913238786078,-0.002758091323878608,-0.0017580913238786078,-0.0017580913238786078,0.0017580913238786078,0.0017580913238786078
2022-05-03,-0.00048147908088195536,0.0,0.0,-0.0019799044812061073,-0.0019799044812061073,0.0019799044812061073,0.0019799044812061073,0.0019799044812061073,0.0019799044812061073,0.0019799044812061073,-0.0019799044812061073,-0.0019799044812061073
2022-05-04,0.0032782205710962875,0.0,0.0,0.01348046853293483,0.01348046853293483,0.01248046853293483,-0.01348046853293483,-0.01348046853293483,-0.01348046853293483,-0.01348046853293483,0.013480468532934829,0.01348046853293483
2022-05-05,-0.018387154201029113,0.0,0.0,-0.07561036490424522,-0.07561036490424522,-0.07561036490424522,0.07561036490424522,0.07561036490424522,0.07561036490424522,0.07561036490424522,-0.0756103649042452,-0.07561036490424522
2022-05-06,-0.0034145906586316084,0.0,0.0,-0.014041240035030156,-0.014041240035030156,0.013041240035030155,0.014041240035030156,0.014041240035030156,0.014041240035030156,0.014041240035030156,-0.014041240035030156,-0.014041240035030156
2022-05-09,-0.012677991860869422,0.0,0.0,-0.05213354825727934,-0.05213354825727934,0.05213354825727934,0.05213354825727934,0.05213354825727934,0.05213354825727934,0.05213354825727934,-0.05213354825727934,-0.05213354825727934
2022-05-10,0.00015647477664449154,0.0,0.0,0.0006434445934944133,0.0006434445934944133,-0.0006434445934944133,-0.0006434445934944133,-0.0006434445934944133,-0.0006434445934944133,-0.0006434445934944133,0.0006434445934944133,0.0006434445934944133
2022-05-11,-0.007789699881341762,0.0,0.0,-0.03203225709010704,-0.03203225709010704,0.03203225709010704,0.03203225709010704,0.03203225709010704,0.03203225709010704,0.03203225709010704,-0.03203225709010704,-0.03203225709010704
2022-05-12,0.005808114097274286,0.0,0.0,0.014790404884573283,-0.015790404884573284,-0.014790404884573283,-0.014790404884573283,-0.014790404884573283,-0.014790404884573283,-0.014790404884573283,-0.015790404884573284,0.014790404884573283
2022-05-13,0.022722477103097743,0.0,0.0,0.05727556035084924,0.05627556035084924,0.05627556035084924,-0.05727556035084924,-0.05727556035084924,-0.05727556035084924,-0.05727556035084924,-0.05727556035084924,0.05727556035084924
2022-05-16,-0.007702723684561951,0.0,0.0,-0.01985316173972196,-0.01985316173972196,-0.01985316173972196,0.01985316173972196,0.01985316173972196,0.01985316173972196,0.01985316173972196,0.01985316173972196,-0.01985316173972196
2022-05-17,0.015955383791726698,0.0,0.0,0.04113327357999652,0.04113327357999652,-0.04213327357999652,-0.04113327357999652,-0.04113327357999652,-0.04113327357999652,-0.04113327357999652,-0.04113327357999652,0.04113327357999652
2022-05-18,-0.027364431755105546,0.0,0.0,-0.07156196640827217,-0.07156196640827217,-0.07256196640827217,0.07156196640827217,0.07156196640827217,0.07156196640827217,0.07156196640827217,0.07156196640827217,-0.07156196640827217
2022-05-19,0.0007093646922677309,0.0,0.0,0.0019278532990965047,0.0019278532990965047,-0.0029278532990965047,-0.0019278532990965047,-0.0019278532990965047,-0.0019278532990965047,-0.0019278532990965047,-0.0019278532990965047,0.0019278532990965047
2022-05-20,0.0009412502098296039,0.0,0.0,0.0025345295167615856,0.0025345295167615856,-0.0025345295167615856,-0.0025345295167615856,-0.0025345295167615856,-0.0005,-0.0025345295167615856,-0.0025345295167615856,0.0025345295167615856
2022-05-23,-0.00011742643464385592,0.0,0.0,-0.0003160506951839226,-0.0003160506951839226,0.0003160506951839226,0.0003160506951839226,0.0003160506951839226,0.0,0.0003160506951839226,0.0003160506951839226,-0.0003160506951839226
2022-05-24,-0.0119490244700153,0.0,0.0,-0.03214110432537598,-0.03214110432537598,-0.03314110432537598,0.03214110432537598,0.03214110432537598,0.03164110432537598,0.03214110432537598,0.03214110432537598,-0.03214110432537598
2022-05-25,0.00956696898065869,0.0,0.0,0.025696475417555487,0.025696475417555487,-0.026696475417555487,-0.025696475417555487,-0.025696475417555487,-0.025696475417555487,-0.025696475417555487,-0.025696475417555487,0.025696475417555487
2022-05-26,0.015167993631420648,0.0,0.0,0.04029499229486544,0.04029499229486544,0.03929499229486544,-0.04029499229486544,-0.04029499229486544,-0.04029499229486544,-0.04029499229486544,-0.04029499229486544,0.04029499229486544
2022-05-27,0.013633068627752263,0.0,0.0,0.036632083603781895,0.036632083603781895,0.036632083603781895,-0.036632083603781895,-0.036632083603781895,-0.036632083603781895,-0.036632083603781895,-0.036632083603781895,0.036632083603781895
2022-05-31,0.01617590840108768,0.0,0.0,0.04397010379074828,0.04397010379074828,0.04397010379074828,0.04297010379074828,-0.04397010379074828,-0.04397010379074828,-0.04397010379074828,-0.04397010379074828,0.04397010379074828
2022-06-01,0.004446616235215979,0.0,0.0,0.012266042992872705,0.012266042992872705,0.012266042992872705,0.012266042992872705,-0.012266042992872705,-0.0005,-0.012266042992872705,-0.012266042992872705,0.012266042992872705
2022-06-02,0.011396177995581456,0.0,0.0,0.03145034300738625,0.03145034300738625,0.03145034300738625,0.03145034300738625,-0.03145034300738625,0.0,-0.03145034300738625,-0.03145034300738625,0.03145034300738625
2022-06-03,-0.0090945596961518,0.0,0.0,-0.025185068024527135,-0.025185068024527135,-0.025185068024527135,-0.025185068024527135,0.025185068024527135,-0.025685068024527136,0.025185068024527135,0.025185068024527135,-0.025185068024527135
2022-06-06,0.007183468231934409,0.0,0.0,0.01994280728922404,0.01994280728922404,-0.02094280728922404,0.01994280728922404,-0.01994280728922404,0.01994280728922404,-0.01994280728922404,-0.01994280728922404,0.01994280728922404
2022-06-07,-0.005258543757456061,0.0,0.0,-0.014344105316090427,0.013344105316090427,-0.015344105316090428,-0.014344105316090427,0.014344105316090427,-0.014344105316090427,0.014344105316090427,0.014344105316090427,-0.014344105316090427
2022-06-08,-0.005418136737000548,0.0,0.0,-0.014796745486375773,0.014796745486375773,0.013796745486375772,-0.014796745486375773,0.014796745486375773,-0.014796745486375773,0.014796745486375773,0.014796745486375773,-0.014796745486375773
2022-06-09,-0.015247126716024753,0.0,0.0,-0.04150848957443054,0.04150848957443054,0.04150848957443054,-0.04150848957443054,0.04150848957443054,-0.04150848957443054,-0.04250848957443054,0.04150848957443054,-0.04150848957443054
2022-06-10,-0.020795612805728857,0.0,0.0,-0.05596211721574329,-0.05696211721574329,0.05596211721574329,-0.05596211721574329,0.05596211721574329,-0.05596211721574329,-0.05596211721574329,0.05596211721574329,-0.05596211721574329
2022-06-13,-0.019891083689191028,0.0,0.0,-0.05453719355874542,-0.05453719355874542,0.05453719355874542,0.05353719355874542,0.05453719355874542,0.05353719355874542,0.05353719355874542,0.05453719355874542,-0.05453719355874542
2022-06-14,-0.004720001372779319,0.0,0.0,-0.013118555361940287,-0.013118555361940287,0.013118555361940287,0.013118555361940287,0.013118555361940287,0.013118555361940287,0.013118555361940287,0.013118555361940287,-0.013118555361940287
2022-06-15,0.019068391216435183,0.0,0.0,0.052389802934770247,0.052389802934770247,-0.052389802934770247,-0.052389802934770247,-0.05238980293477024,-0.052389802934770247,-0.052389802934770247,-0.052389802934770247,0.052389802934770247
2022-06-16,-0.013435846587392823,0.0,0.0,-0.037243378610853584,-0.037243378610853584,-0.038243378610853584,0.037243378610853584,0.037243378610853584,0.037243378610853584,0.037243378610853584,0.037243378610853584,-0.037243378610853584
2022-06-17,0.008910789611086224,0.0,0.0,0.02469609751257895,0.02469609751257895,-0.025696097512578953,-0.02469609751257895,-0.02469609751257895,-0.02469609751257895,-0.02469609751257895,-0.02469609751257895,0.02469609751257895
2022-06-21,0.00835914255296956,0.0,0.0,0.023159471438541024,0.023159471438541024,0.022159471438541023,-0.023159471438541024,-0.023159471438541024,-0.023159471438541024,-0.023159471438541024,0.022159471438541023,0.023159471438541024
2022-06-22,0.0008911341656488603,0.0,0.0,0.0024843268523027096,0.0024843268523027096,0.0024843268523027096,-0.0024843268523027096,-0.0024843268523027096,-0.0024843268523027096,-0.0024843268523027096,0.0024843268523027096,0.0024843268523027096
2022-06-23,0.011550985205767509,0.0,0.0,0.0320330939965241,-0.0330330939965241,0.0320330939965241,-0.0320330939965241,-0.0320330939965241,-0.0320330939965241,-0.0320330939965241,0.0320330939965241,0.0320330939965241
2022-06-24,0.012773234755963057,0.0,0.0,0.03575237064906034,0.03475237064906034,0.03575237064906034,-0.03575237064906034,-0.03575237064906034,-0.0005,-0.03575237064906034,0.03575237064906034,0.03575237064906034
2022-06-27,-0.00983979004310549,0.0,0.0,-0.027820692849391482,-0.0005,-0.027820692849391482,-0.028820692849391483,0.027820692849391482,0.0,0.027820692849391482,-0.027820692849391482,-0.027820692849391482
2022-06-28,-0.018134430723449526,0.0,0.0,-0.05140434227234392,0.050904342272343917,0.050404342272343916,0.050404342272343916,0.05140434227234392,0.0,0.05140434227234392,-0.05140434227234392,-0.05140434227234392
2022-06-29,0.004957781729414583,0.0,0.0,0.014152668728781626,-0.0005,-0.014152668728781626,-0.014152668728781626,-0.014152668728781626,0.0,-0.014152668728781626,0.014152668728781626,0.014152668728781626
2022-06-30,-0.008699177227989895,0.0,0.0,-0.024880638358707907,0.0,0.024880638358707907,0.024880638358707907,0.024880638358707907,0.0,0.024880638358707907,-0.024880638358707907,-0.024880638358707907
2022-07-01,0.011012778511448856,0.0,0.0,0.03154127203651247,0.03104127203651247,-0.03154127203651247,-0.03154127203651247,-0.03154127203651247,0.0,-0.03154127203651247,0.03154127203651247,0.03154127203651247
2022-07-05,0.012461466328385584,0.0,0.0,0.035962053023039786,0.035962053023039786,0.034962053023039785,-0.035962053023039786,-0.03596205302303978,-0.03646205302303979,-0.035962053023039786,0.035962053023039786,0.035962053023039786
2022-07-06,0.0025077408850388444,0.0,0.0,0.007312791463036872,0.007312791463036872,0.007312791463036872,0.006312791463036872,-0.007312791463036872,-0.007312791463036872,-0.007312791463036872,0.007312791463036872,0.007312791463036872
2022-07-07,0.006039361273494547,0.0,0.0,0.01749322109655349,-0.01849322109655349,0.01749322109655349,0.01749322109655349,-0.01749322109655349,-0.01749322109655349,-0.01749322109655349,0.01749322109655349,0.01749322109655349
2022-07-08,-0.00234369906518398,0.0,0.0,-0.006791033294013538,0.006791033294013538,-0.006791033294013538,-0.006791033294013538,0.006791033294013538,-0.0005,0.006791033294013538,-0.006791033294013538,-0.006791033294013538
2022-07-11,-0.011373728713225976,0.0,0.0,-0.03280250030721621,0.03280250030721621,-0.03280250030721621,-0.03280250030721621,0.03280250030721621,0.0,0.03280250030721621,-0.03280250030721621,-0.03280250030721621
2022-07-12,-0.007812454043395993,0.0,0.0,-0.022639810105564928,-0.0005,0.021639810105564927,-0.022639810105564928,0.022639810105564928,0.0,0.022639810105564928,-0.022639810105564928,-0.022639810105564928
2022-07-13,0.0037264971599945923,0.0,0.0,0.010803884746268588,0.010303884746268588,-0.010803884746268588,-0.01180388474626859,-0.010803884746268587,0.0,-0.010803884746268588,0.010803884746268588,0.010803884746268588
2022-07-14,0.0007187670903846614,0.0,0.0,0.002083294604712016,-0.0005,0.001083294604712016,-0.002083294604712016,-0.002083294604712016,0.0,-0.002083294604712016,-0.0030832946047120156,0.002083294604712016
2022-07-15,0.009105138287749944,0.0,0.0,0.02639434033114041,0.02589434033114041,0.02639434033114041,-0.02639434033114041,-0.02639434033114041,-0.02689434033114041,-0.02639434033114041,-0.026394340331140406,0.02639434033114041
2022-07-18,0.0006389435649220104,0.0,0.0,0.0018493974357440823,-0.0028493974357440824,0.0018493974357440823,0.0008493974357440823,-0.0018493974357440823,-0.0018493974357440823,-0.0018493974357440823,-0.0018493974357440823,0.0018493974357440823
2022-07-19,0.01355359618961606,0.0,0.0,0.03911741266419111,-0.0005,0.03911741266419111,0.03911741266419111,-0.03911741266419111,-0.03911741266419111,-0.03911741266419111,-0.03911741266419111,0.03911741266419111
2022-07-20,0.013226956543937763,0.0,0.0,0.03857539627705431,0.03807539627705431,0.03857539627705431,0.03857539627705431,-0.03857539627705431,-0.03857539627705431,-0.03857539627705431,-0.03857539627705431,0.03857539627705431
2022-07-21,0.005186065816379599,0.0,0.0,0.01515028639903937,0.01515028639903937,0.01515028639903937,0.01515028639903937,-0.015150286399039368,0.014150286399039369,-0.01515028639903937,-0.01515028639903937,0.01515028639903937
2022-07-22,-0.006077838251787121,0.0,0.0,-0.017732481209791984,0.016732481209791983,-0.017732481209791984,-0.017732481209791984,0.017732481209791984,-0.017732481209791984,0.017732481209791984,0.017732481209791984,-0.017732481209791984
2022-07-25,-0.0036053094069060654,0.0,0.0,-0.010455798059483823,0.010455798059483823,0.009455798059483822,-0.010455798059483823,0.010455798059483821,-0.010455798059483823,0.010455798059483823,0.010455798059483823,-0.010455798059483823
2022-07-26,-0.018070932806579152,0.0,0.0,-0.052253606265046715,0.052253606265046715,0.052253606265046715,-0.052253606265046715,0.052253606265046715,-0.052253606265046715,0.052253606265046715,0.052253606265046715,-0.052253606265046715
2022-07-27,0.01830352522395508,0.0,0.0,0.0536538959419941,-0.0536538959419941,-0.0536538959419941,-0.0546538959419941,-0.0536538959419941,0.0536538959419941,-0.0536538959419941,-0.0536538959419941,0.0536538959419941
2022-07-28,0.0036664536861165534,0.0,0.0,0.010829110898360028,-0.010829110898360028,0.009829110898360027,0.009829110898360027,-0.010829110898360028,0.010829110898360028,-0.010829110898360028,-0.010829110898360028,0.010829110898360028
2022-07-29,0.035073686982010695,0.0,0.0,0.10361464095050721,-0.10361464095050721,0.10361464095050721,0.10361464095050721,-0.10361464095050721,0.10361464095050721,-0.10361464095050721,-0.10361464095050721,0.10361464095050721
2022-08-01,0.0010439848792183671,0.0,0.0,-0.00426048500449394,-0.0032604850044939404,0.0032604850044939404,0.0032604850044939404,-0.0032604850044939404,0.0032604850044939404,-0.0032604850044939404,-0.0032604850044939404,0.0032604850044939404
2022-08-02,-0.003320308412078023,0.0,0.0,0.009084834427092181,-0.010084834427092182,-0.009084834427092181,-0.009084834427092181,0.009084834427092181,-0.009084834427092181,0.009084834427092181,0.009084834427092181,-0.009084834427092181
2022-08-03,0.014500588749078887,0.0,0.0,-0.039952299225118226,-0.0005,-0.04095229922511823,0.039952299225118226,-0.039952299225118226,0.039952299225118226,0.038952299225118225,-0.039952299225118226,0.039952299225118226
2022-08-04,0.007858570451059949,0.0,0.0,-0.021860686341448332,-0.022360686341448333,0.02086068634144833,0.021860686341448332,-0.021860686341448332,0.021860686341448332,0.021860686341448332,-0.021860686341448332,0.021860686341448332
2022-08-05,-0.004456820549902721,0.0,0.0,0.012414983387324718,0.012414983387324718,-0.012414983387324718,-0.012414983387324718,0.012414983387324718,-0.012414983387324718,-0.012414983387324718,0.012414983387324718,-0.012414983387324718
2022-08-08,-0.003697889125067575,0.0,0.0,0.009872154542052702,0.009872154542052702,0.008872154542052701,-0.009872154542052702,-0.010872154542052703,-0.009872154542052702,-0.009872154542052702,0.009872154542052702,-0.009872154542052702
2022-08-09,-0.004240825243243149,0.0,0.0,0.011333489631663474,0.011333489631663474,0.011333489631663474,-0.011333489631663474,0.010333489631663473,-0.011333489631663474,-0.011333489631663474,0.011333489631663474,-0.011333489631663474
2022-08-10,0.013471774728455689,0.0,0.0,-0.0352608325167747,-0.0352608325167747,-0.0352608325167747,0.0352608325167747,-0.0352608325167747,0.0352608325167747,0.0352608325167747,-0.0352608325167747,0.0352608325167747
2022-08-11,-0.005454565636495242,0.0,0.0,0.014366830308238487,0.014366830308238487,-0.015366830308238488,-0.014366830308238487,0.014366830308238487,-0.014366830308238487,-0.014366830308238487,0.014366830308238487,-0.014366830308238487
2022-08-12,0.007507747058468274,0.0,0.0,-0.020691152408548463,-0.020691152408548463,-0.021691152408548464,0.020691152408548463,0.019691152408548462,0.020691152408548463,0.020691152408548463,0.019691152408548462,0.020691152408548463
2022-08-15,-0.000936284257621749,0.0,0.0,0.0025775713556979163,0.0025775713556979163,-0.0035775713556979163,-0.0025775713556979163,-0.0025775713556979163,-0.0025775713556979163,-0.0025775713556979163,-0.0025775713556979163,-0.0025775713556979163
2022-08-16,0.004059161474608994,0.0,0.0,-0.0111747882760318,-0.0005,0.0111747882760318,0.0111747882760318,0.0111747882760318,0.0111747882760318,0.0111747882760318,0.0111747882760318,0.0111747882760318
2022-08-17,-0.006723912652009588,0.0,0.0,0.01851079360669594,-0.01901079360669594,-0.01851079360669594,-0.01851079360669594,-0.01851079360669594,-0.01851079360669594,-0.01851079360669594,-0.01851079360669594,-0.01851079360669594
2022-08-18,0.000511241731131724,0.0,0.0,-0.0014074379989574837,-0.0024074379989574837,-0.0024074379989574837,0.0014074379989574837,0.0014074379989574837,0.0014074379989574837,0.0014074379989574837,0.0014074379989574837,0.0014074379989574837
2022-08-19,-0.011846888803498977,0.0,0.0,0.02860159688639219,-0.0005,0.02860159688639219,-0.02860159688639219,-0.02860159688639219,-0.02860159688639219,-0.02860159688639219,-0.02860159688639219,-0.02860159688639219
2022-08-22,-0.01498062647729398,0.0,0.0,0.036243902638259384,0.035743902638259384,0.036243902638259384,-0.036243902638259384,-0.036243902638259384,-0.036243902638259384,-0.036243902638259384,-0.036243902638259384,-0.036243902638259384
2022-08-23,0.0012410204889428962,0.0,0.0,-0.003002506326521548,-0.0005,-0.003002506326521548,-0.004002506326521548,0.003002506326521548,-0.0005,0.003002506326521548,0.003002506326521548,0.003002506326521548
2022-08-24,0.0005568205022714137,0.0,0.0,-0.001347163157822573,0.0008471631578225729,-0.001347163157822573,-0.001347163157822573,0.001347163157822573,0.0,0.001347163157822573,0.001347163157822573,0.001347163157822573
2022-08-25,0.010750226333218477,0.0,0.0,-0.026008936084948253,-0.0005,-0.026008936084948253,-0.026008936084948253,0.026008936084948253,0.0,0.026008936084948253,0.026008936084948253,0.026008936084948253
2022-08-26,-0.01966078499670038,0.0,0.0,0.04756700784791723,0.0,-0.04856700784791723,0.04756700784791723,-0.04756700784791723,0.0,-0.04756700784791723,-0.04756700784791723,-0.04756700784791723
2022-08-29,-0.003034782655198136,0.0,0.0,0.007342307563037775,0.006842307563037775,0.006342307563037775,0.007342307563037775,-0.007342307563037775,0.0,-0.007342307563037775,0.006342307563037775,-0.007342307563037775
2022-08-30,-0.0033756598285697654,0.0,0.0,0.008167020675137082,0.008167020675137082,0.008167020675137082,0.008167020675137082,0.007167020675137082,0.0,-0.008167020675137082,0.008167020675137082,-0.008167020675137082
2022-08-31,-0.006293194205920162,0.0,0.0,0.015225659516225343,0.015225659516225343,0.015225659516225343,0.015225659516225343,0.015225659516225343,0.0,-0.015225659516225343,0.015225659516225343,-0.015225659516225343
2022-09-01,0.003423490310113739,0.0,0.0,-0.008282741023605045,-0.008282741023605045,-0.008282741023605045,-0.008282741023605045,-0.008282741023605045,0.0,0.008282741023605045,-0.008282741023605045,0.008282741023605045
2022-09-02,-0.0010024309842299425,0.0,0.0,0.002425266463259912,0.002425266463259912,0.002425266463259912,0.002425266463259912,0.002425266463259912,0.0,-0.002425266463259912,0.002425266463259912,-0.002425266463259912
2022-09-06,-0.0045381544923413794,0.0,0.0,0.010979542799969155,0.010979542799969155,0.010979542799969155,0.010979542799969155,0.010979542799969155,0.0,-0.010979542799969155,0.010979542799969155,-0.010979542799969155
2022-09-07,0.011045230012511639,0.0,0.0,-0.026722663554652915,-0.026722663554652915,-0.026722663554652915,-0.026722663554652915,-0.026722663554652915,0.0,0.026722663554652915,-0.026722663554652915,0.026722663554652915
2022-09-08,0.0010853906441746853,0.0,0.0,-0.0026259778181887405,-0.0026259778181887405,0.0016259778181887405,-0.0026259778181887405,-0.0026259778181887405,0.0,0.0026259778181887405,-0.0026259778181887405,0.0026259778181887405
2022-09-09,0.010984292826651127,0.0,0.0,-0.02657523304266962,-0.02657523304266962,0.02657523304266962,-0.02657523304266962,-0.02657523304266962,0.0,0.02657523304266962,-0.02657523304266962,0.02657523304266962
2022-09-12,0.009862538885883593,0.0,0.0,-0.023861278411006825,-0.023861278411006825,0.023861278411006825,-0.023861278411006825,-0.023861278411006825,0.023361278411006825,0.023861278411006825,-0.023861278411006825,0.023861278411006825
2022-09-13,-0.02917075390754146,0.0,0.0,0.0705752837581286,-0.0005,-0.0705752837581286,-0.0715752837581286,0.0705752837581286,-0.0705752837581286,-0.0705752837581286,-0.0715752837581286,-0.0705752837581286
2022-09-14,0.00563837839813056,0.0,0.0,-0.01364140798846103,0.0,-0.01464140798846103,-0.01464140798846103,-0.01364140798846103,0.01364140798846103,0.01364140798846103,0.01364140798846103,0.01364140798846103
2022-09-15,-0.007298768747637072,0.0,0.0,0.0176585314552421,0.0,0.0176585314552421,0.0176585314552421,0.0176585314552421,-0.0176585314552421,-0.0176585314552421,-0.0176585314552421,-0.0176585314552421
2022-09-16,-0.009001049401411273,0.0,0.0,0.021777003694830932,0.02127700369483093,0.021777003694830932,0.021777003694830932,0.02177700369483093,-0.021777003694830932,-0.021777003694830932,-0.021777003694830932,-0.021777003694830932
2022-09-19,0.0037809671442081217,0.0,0.0,-0.009147615105472573,-0.009147615105472573,-0.009147615105472573,-0.009147615105472573,-0.009147615105472573,-0.010147615105472574,-0.010147615105472574,0.009147615105472573,0.009147615105472573
2022-09-20,-0.008189644555730756,0.0,0.0,0.019813903001303146,-0.0005,0.019813903001303146,0.019813903001303146,0.019813903001303146,0.019813903001303146,0.019813903001303146,-0.019813903001303146,-0.019813903001303146
2022-09-21,-0.012346742565132447,0.0,0.0,0.02987152347123645,0.02937152347123645,0.02987152347123645,0.02987152347123645,0.02987152347123645,0.02987152347123645,0.02987152347123645,-0.02987152347123645,-0.02987152347123645
2022-09-22,-0.0042888058929057265,0.0,0.0,0.010376272544574294,0.010376272544574294,0.010376272544574294,0.010376272544574294,0.010376272544574294,0.010376272544574294,0.010376272544574294,-0.010376272544574294,-0.010376272544574294
2022-09-23,-0.012437541702840324,0.0,0.0,0.03009120154088929,0.03009120154088929,0.03009120154088929,0.03009120154088929,0.03009120154088929,0.03009120154088929,0.03009120154088929,-0.03009120154088929,-0.03009120154088929
2022-09-26,0.004976803955912114,0.0,0.0,-0.012040804722097675,-0.012040804722097675,-0.012040804722097675,-0.012040804722097675,-0.012040804722097675,-0.012040804722097675,-0.012040804722097675,0.012040804722097675,0.012040804722097675
2022-09-27,-0.0026562046854147234,0.0,0.0,0.006426381710496365,0.006426381710496365,0.006426381710496365,0.006426381710496365,0.006426381710496365,0.006426381710496365,0.006426381710496365,-0.006426381710496365,-0.006426381710496365
2022-09-28,0.014378426827912717,0.0,0.0,-0.0314657666190894,-0.0314657666190894,-0.0314657666190894,-0.0314657666190894,-0.0314657666190894,-0.0314657666190894,-0.0314657666190894,0.0314657666190894,0.0314657666190894
2022-09-29,-0.012448818260669231,0.0,0.0,0.027201076403397084,-0.028201076403397085,-0.028201076403397085,0.027201076403397084,0.027201076403397084,0.027201076403397084,0.027201076403397084,-0.027201076403397084,-0.027201076403397084
2022-09-30,-0.007175850435701592,0.0,0.0,0.015679468675155683,-0.0005,0.014679468675155682,0.015679468675155683,0.015679468675155683,0.015679468675155683,0.015679468675155683,-0.015679468675155683,-0.015679468675155683
2022-10-03,0.011664219038997302,0.0,0.0,-0.025486701357681163,-0.025986701357681163,-0.025486701357681163,-0.025486701357681163,-0.025486701357681163,-0.025486701357681163,-0.025486701357681163,0.025486701357681163,0.025486701357681163
2022-10-04,0.020576485911652818,0.0,0.0,-0.04496029692750958,-0.04496029692750958,0.04396029692750958,-0.04496029692750958,-0.04496029692750958,-0.04496029692750958,-0.04496029692750958,0.04496029692750958,0.04496029692750958
2022-10-05,-0.0005291269873835248,0.0,0.0,0.001156159830559278,-0.002156159830559278,-0.001156159830559278,0.001156159830559278,0.001156159830559278,-0.0005,0.001156159830559278,-0.001156159830559278,-0.001156159830559278
2022-10-06,-0.0024594922209937352,0.0,0.0,0.00537407121029132,-0.0005,-0.00537407121029132,0.00537407121029132,0.00537407121029132,0.0,0.00537407121029132,-0.00537407121029132,-0.00537407121029132
2022-10-07,-0.02183678539942783,0.0,0.0,0.04771409266460691,0.04721409266460691,-0.04771409266460691,0.04771409266460691,0.04771409266460691,0.0,0.04771409266460691,-0.04771409266460691,-0.04771409266460691
2022-10-10,-0.003555484171325096,0.0,0.0,0.007768849586377025,0.007768849586377025,0.006768849586377025,0.007768849586377025,0.007768849586377025,0.0,0.007768849586377025,-0.007768849586377025,-0.007768849586377025
2022-10-11,-0.005878259669045148,0.0,0.0,0.012844190270001499,-0.0138441902700015,0.012844190270001499,0.012844190270001499,0.012844190270001499,0.0,0.012844190270001499,-0.012844190270001499,-0.012844190270001499
2022-10-12,0.0028142398278980505,0.0,0.0,-0.006149206372302096,0.006149206372302096,-0.006149206372302096,-0.006149206372302096,-0.006149206372302096,-0.006649206372302097,-0.006149206372302096,-0.007149206372302096,0.006149206372302096
2022-10-13,-0.0014998679899646706,0.0,0.0,0.00327726077574253,0.00227726077574253,0.00327726077574253,0.00327726077574253,0.00327726077574253,0.00327726077574253,0.00327726077574253,0.00327726077574253,-0.00327726077574253
2022-10-14,-0.022897175097943805,0.0,0.0,0.05003107895219994,0.05003107895219994,0.05003107895219994,0.05003107895219994,0.05003107895219994,0.05003107895219994,0.05003107895219994,0.05003107895219994,-0.05003107895219994
2022-10-17,0.029497384444843563,0.0,0.0,-0.06445275295885255,0.06345275295885255,-0.06445275295885255,-0.06445275295885255,-0.06445275295885255,-0.06445275295885255,-0.06445275295885255,-0.06445275295885255,0.06445275295885255
2022-10-18,0.01033644045838149,0.0,0.0,-0.022585461588422673,0.022585461588422673,0.021585461588422672,-0.022585461588422673,-0.02258546158842267,-0.022585461588422673,-0.022585461588422673,-0.022585461588422673,0.022585461588422673
2022-10-19,-0.005073741539193538,0.0,0.0,0.01108629175628062,-0.01108629175628062,-0.01108629175628062,-0.01208629175628062,0.01108629175628062,0.01108629175628062,0.01108629175628062,0.01108629175628062,-0.01108629175628062
2022-10-20,0.0007159013245000782,0.0,0.0,-0.0015642678860967596,-0.0025642678860967596,0.0015642678860967596,-0.0025642678860967596,-0.0015642678860967596,-0.0015642678860967596,-0.0015642678860967596,-0.0015642678860967596,0.0015642678860967596
2022-10-21,0.01616201401532905,0.0,0.0,-0.03531453097461368,-0.0005,0.03531453097461368,0.03431453097461368,-0.03531453097461368,-0.0005,-0.03531453097461368,-0.03531453097461368,0.03531453097461368
2022-10-24,0.0019177800530783178,0.0,0.0,-0.004190412347291339,0.003690412347291339,0.004190412347291339,0.004190412347291339,-0.004190412347291339,0.0,-0.004190412347291339,-0.004190412347291339,0.004190412347291339
2022-10-25,0.0029792479234379693,0.0,0.0,-0.006509754475742646,0.006509754475742646,0.006509754475742646,0.006509754475742646,-0.006509754475742646,0.0,-0.006509754475742646,-0.006509754475742646,0.006509754475742646
2022-10-26,-0.01874654449348254,0.0,0.0,0.040961814879887926,0.039961814879887925,-0.040961814879887926,-0.040961814879887926,0.040961814879887926,0.0,0.040961814879887926,0.040961814879887926,-0.040961814879887926
2022-10-27,-0.018597609122963592,0.0,0.0,0.04063638620803933,0.04063638620803933,0.03963638620803933,0.03963638620803933,0.04063638620803933,0.0,0.04063638620803933,0.04063638620803933,-0.04063638620803933
2022-10-28,-0.031140263295498613,0.0,0.0,0.06804249715805744,0.06804249715805744,0.06804249715805744,0.06804249715805744,0.06804249715805742,0.0,0.06804249715805744,0.06804249715805744,-0.06804249715805744
2022-10-31,-0.004292909802919656,0.0,0.0,-0.010380148789788213,-0.0005,0.009380148789788212,0.009380148789788212,0.009380148789788212,0.008880148789788211,0.009380148789788212,0.009380148789788212,-0.009380148789788212
2022-11-01,-0.025241840688594606,0.0,0.0,-0.05515425020719422,0.05465425020719422,0.05515425020719422,0.05515425020719422,0.05515425020719422,0.05515425020719422,0.05515425020719422,0.05515425020719422,-0.05515425020719422
2022-11-02,-0.02208148378071975,0.0,0.0,-0.048248766657425834,0.048248766657425834,0.048248766657425834,0.048248766657425834,0.04824876665742583,0.048248766657425834,0.048248766657425834,0.048248766657425834,-0.048248766657425834
2022-11-03,-0.014009968393584656,0.0,0.0,-0.030612240672440172,0.030612240672440172,0.030612240672440172,0.030612240672440172,0.030612240672440172,0.030612240672440172,0.030612240672440172,0.030612240672440172,-0.030612240672440172
2022-11-04,0.008609936001796837,0.0,0.0,0.01881299269611514,-0.01881299269611514,-0.01881299269611514,-0.01881299269611514,-0.01881299269611514,-0.01881299269611514,-0.01881299269611514,-0.01881299269611514,0.01881299269611514
2022-11-07,-0.002263669501110594,0.0,0.0,-0.00494619214148917,0.00494619214148917,0.00494619214148917,0.00494619214148917,0.00494619214148917,0.00494619214148917,0.00494619214148917,0.00494619214148917,-0.00494619214148917
2022-11-08,-0.002780408431239633,0.0,0.0,-0.006075283660437414,0.006075283660437414,0.006075283660437414,0.006075283660437414,0.006075283660437414,0.006075283660437414,0.006075283660437414,0.006075283660437414,-0.006075283660437414
2022-11-09,-0.01953114500969262,0.0,0.0,-0.042676192754212194,-0.0005,0.042676192754212194,0.042676192754212194,0.042676192754212194,0.042676192754212194,0.042676192754212194,0.042676192754212194,-0.042676192754212194
2022-11-10,0.034431147989991986,0.0,0.0,0.12177847617944293,0.12127847617944293,-0.12177847617944293,-0.12177847617944293,-0.12177847617944293,-0.12177847617944293,-0.12177847617944293,-0.12177847617944293,0.12177847617944293
2022-11-11,0.009159266510384914,0.0,0.0,0.0430508514990382,-0.0440508514990382,0.0420508514990382,-0.0430508514990382,-0.0430508514990382,-0.0430508514990382,-0.0430508514990382,-0.0430508514990382,0.0430508514990382
2022-11-14,-0.004737155388697889,0.0,0.0,-0.022819754250081425,-0.023819754250081426,-0.022819754250081425,0.022819754250081425,0.022819754250081425,0.022819754250081425,0.022819754250081425,0.022819754250081425,-0.022819754250081425
2022-11-15,0.0009666460412987529,0.0,0.0,0.004569038353104293,0.004569038353104293,0.004569038353104293,-0.004569038353104293,-0.004569038353104293,-0.0005,-0.004569038353104293,-0.004569038353104293,0.004569038353104293
2022-11-16,-0.004159091508578851,0.0,0.0,-0.018394983322363,-0.018394983322363,-0.018394983322363,0.018394983322363,0.018394983322363,0.0,0.018394983322363,0.018394983322363,-0.018394983322363
2022-11-17,-0.005332910118857894,0.0,0.0,-0.02337318995330062,-0.02337318995330062,0.02237318995330062,0.02337318995330062,0.02337318995330062,0.0,0.02337318995330062,0.02337318995330062,-0.02337318995330062
2022-11-18,-0.0017023325537595766,0.0,0.0,-0.007485493894513584,-0.007485493894513584,0.007485493894513584,0.007485493894513584,0.007485493894513584,0.0,0.007485493894513584,0.007485493894513584,-0.007485493894513584
2022-11-21,-0.004063700170110773,0.0,0.0,-0.017845764989037338,-0.017845764989037338,0.017845764989037338,0.017845764989037338,0.017845764989037338,0.0,0.017845764989037338,0.017845764989037338,-0.017845764989037338
2022-11-22,0.0018742235266877116,0.0,0.0,0.008003437930963697,0.008003437930963697,-0.008003437930963697,-0.008003437930963697,-0.008003437930963697,0.0,-0.008003437930963697,-0.008003437930963697,0.008003437930963697
2022-11-23,0.0023360625814792535,0.0,0.0,0.009978544373689724,0.009978544373689724,-0.009978544373689724,-0.009978544373689724,-0.009978544373689724,-0.010478544373689724,-0.009978544373689724,-0.009978544373689724,0.009978544373689724
2022-11-25,-0.0017874325342961423,0.0,0.0,-0.0076489282090407285,0.006648928209040728,-0.00864892820904073,0.0076489282090407285,0.0076489282090407285,0.0076489282090407285,0.0076489282090407285,0.0076489282090407285,-0.0076489282090407285
2022-11-28,0.001368863242402181,0.0,0.0,0.00578089353348199,-0.00578089353348199,0.00578089353348199,-0.00578089353348199,-0.00578089353348199,-0.00578089353348199,-0.00578089353348199,-0.00578089353348199,0.00578089353348199
2022-11-29,-0.003915302650014382,0.0,0.0,-0.016285245651894598,-0.0172852456518946,-0.016285245651894598,0.016285245651894598,0.016285245651894598,0.016285245651894598,0.016285245651894598,0.016285245651894598,-0.016285245651894598
2022-11-30,0.011420553325976879,0.0,0.0,0.04457912603558589,0.04457912603558589,-0.04557912603558589,-0.04457912603558589,-0.04457912603558589,-0.04457912603558589,-0.04457912603558589,-0.04457912603558589,0.04457912603558589
2022-12-01,-0.0026582289166599414,0.0,0.0,-0.010772746070691896,0.009772746070691896,-0.011772746070691897,-0.011772746070691897,0.010772746070691896,0.010772746070691896,0.010772746070691896,0.010772746070691896,-0.010772746070691896
2022-12-02,-0.003722611725938859,0.0,0.0,-0.01434557849824114,0.01434557849824114,-0.01434557849824114,-0.01434557849824114,0.01434557849824114,-0.0005,0.01434557849824114,0.01434557849824114,-0.01434557849824114
2022-12-05,-0.00896599923460502,0.0,0.0,-0.033145598727553405,-0.034145598727553406,0.032145598727553404,0.032145598727553404,0.033145598727553405,0.0,0.033145598727553405,0.033145598727553405,-0.033145598727553405
2022-12-06,-0.00817044482819327,0.0,0.0,-0.03032636052572657,-0.03032636052572657,0.03032636052572657,0.03032636052572657,0.03032636052572657,0.0,0.03032636052572657,0.03032636052572657,-0.03032636052572657
2022-12-07,0.0006318591866352745,0.0,0.0,0.0023795930251859776,0.0023795930251859776,-0.0023795930251859776,-0.0023795930251859776,-0.0023795930251859776,-0.0028795930251859776,-0.0023795930251859776,-0.0023795930251859776,0.0023795930251859776
2022-12-08,0.005688549775788609,0.0,0.0,0.021365582288144003,0.021365582288144003,-0.021365582288144003,-0.021365582288144003,-0.021365582288144003,-0.021365582288144003,-0.021365582288144003,-0.021365582288144003,0.021365582288144003
2022-12-09,-0.003684089956736326,0.0,0.0,-0.01394579034322141,-0.01394579034322141,-0.01494579034322141,0.01394579034322141,0.01394579034322141,0.01394579034322141,0.01394579034322141,0.01394579034322141,-0.01394579034322141
2022-12-12,0.006473866297157713,0.0,0.0,0.01638799835988136,0.01638799835988136,-0.017387998359881363,-0.01638799835988136,-0.01638799835988136,-0.01638799835988136,-0.01638799835988136,-0.01638799835988136,0.01638799835988136
2022-12-13,0.008551784407113143,0.0,0.0,0.02142456926150338,-0.0005,0.020424569261503378,-0.02142456926150338,-0.02142456926150338,-0.02142456926150338,-0.02142456926150338,-0.02142456926150338,0.02142456926150338
2022-12-14,-0.003927257465468455,0.0,0.0,-0.009838858835905628,0.0,-0.009838858835905628,0.009838858835905628,0.009838858835905628,0.009838858835905628,0.009838858835905628,0.009838858835905628,-0.009838858835905628
2022-12-15,-0.013642344479036122,0.0,0.0,-0.034177820705733164,0.0,0.03317782070573316,0.034177820705733164,0.034177820705733164,0.034177820705733164,0.034177820705733164,0.034177820705733164,-0.034177820705733164
2022-12-16,-0.002662539982357785,0.0,0.0,-0.006670394101153776,-0.007170394101153776,0.006670394101153776,0.006670394101153776,0.006670394101153776,0.006670394101153776,0.006670394101153776,0.006670394101153776,-0.006670394101153776
2022-12-19,-0.013356760340326707,0.0,0.0,-0.033462353983410575,0.032462353983410575,0.033462353983410575,0.033462353983410575,0.033462353983410575,0.033462353983410575,0.033462353983410575,0.033462353983410575,-0.033462353983410575
2022-12-20,0.0012691276459366049,0.0,0.0,0.0031795134041781026,-0.0005,-0.0031795134041781026,-0.0031795134041781026,-0.0031795134041781026,-0.0031795134041781026,-0.0031795134041781026,-0.0031795134041781026,0.0031795134041781026
2022-12-21,0.007403064050761742,0.0,0.0,0.018546709195681466,0.018046709195681465,-0.018546709195681466,-0.018546709195681466,-0.018546709195681466,-0.018546709195681466,-0.018546709195681466,-0.018546709195681466,0.018546709195681466
2022-12-22,-0.013708524267209587,0.0,0.0,-0.034343619255829294,-0.0005,-0.035343619255829295,0.034343619255829294,0.034343619255829294,0.034343619255829294,0.034343619255829294,0.034343619255829294,-0.034343619255829294
2022-12-23,0.006955126489371187,0.0,0.0,0.01742450254827599,0.016924502548275988,-0.01842450254827599,-0.01742450254827599,-0.01742450254827599,-0.01742450254827599,-0.01742450254827599,-0.01742450254827599,0.01742450254827599
2022-12-27,-0.010347664768693945,0.0,0.0,-0.025923742926365456,-0.025923742926365456,-0.026923742926365457,0.025923742926365456,0.025923742926365456,0.025923742926365456,0.025923742926365456,0.025923742926365456,-0.025923742926365456
2022-12-28,-0.005864318700843618,0.0,0.0,-0.01469172937442731,-0.01469172937442731,0.013691729374427308,0.01469172937442731,0.01469172937442731,0.01469172937442731,0.01469172937442731,0.01469172937442731,-0.01469172937442731
2022-12-29,0.011513232796810673,0.0,0.0,0.02884381103830358,0.02884381103830358,-0.02884381103830358,-0.02884381103830358,-0.02884381103830358,-0.02884381103830358,-0.02884381103830358,-0.02884381103830358,0.02884381103830358
2022-12-30,-0.0008535106859280585,0.0,0.0,-0.002138278742257471,-0.0005,-0.003138278742257471,0.002138278742257471,0.002138278742257471,0.002138278742257471,0.002138278742257471,0.002138278742257471,-0.002138278742257471
2023-01-03,0.008648418029950132,0.0,0.0,0.021666663033621747,0.021166663033621747,0.021666663033621747,-0.021666663033621747,-0.021666663033621747,-0.021666663033621747,-0.021666663033621747,-0.021666663033621747,0.021666663033621747
2023-01-04,-0.0031627527598055527,0.0,0.0,-0.007923564525679994,-0.0005,-0.007923564525679994,0.007923564525679994,0.007923564525679994,0.007923564525679994,0.007923564525679994,0.007923564525679994,-0.007923564525679994
2023-01-05,-0.009470254481968067,0.0,0.0,-0.023725589118479662,0.0,-0.023725589118479662,0.023725589118479662,0.023725589118479662,0.023725589118479662,0.023725589118479662,0.023725589118479662,-0.023725589118479662
2023-01-06,0.014214470032592501,0.0,0.0,0.035611152390083056,0.035111152390083056,-0.03661115239008306,-0.035611152390083056,-0.035611152390083056,-0.035611152390083056,-0.035611152390083056,-0.035611152390083056,0.035611152390083056
2023-01-09,0.005935426513034816,0.0,0.0,0.01486987397850048,0.01486987397850048,0.01386987397850048,-0.01486987397850048,-0.01486987397850048,-0.01486987397850048,-0.01486987397850048,-0.01486987397850048,0.01486987397850048
2023-01-10,0.011468486484798592,0.0,0.0,0.028731709234134817,-0.029731709234134818,0.028731709234134817,0.027731709234134816,-0.028731709234134817,-0.028731709234134817,-0.028731709234134817,-0.028731709234134817,0.028731709234134817
2023-01-11,0.023184613440652625,0.0,0.0,0.058083825879343465,-0.058083825879343465,0.058083825879343465,0.058083825879343465,-0.058083825879343465,-0.058083825879343465,-0.058083825879343465,-0.058083825879343465,0.058083825879343465
2023-01-12,0.0007555845259115112,0.0,0.0,0.0018929468094222024,0.0008929468094222024,0.0018929468094222024,0.0018929468094222024,-0.0018929468094222024,-0.0018929468094222024,-0.0018929468094222024,-0.0018929468094222024,0.0018929468094222024
2023-01-13,0.011940823653860398,0.0,0.0,0.029915043601747016,-0.0005,0.029915043601747016,0.029915043601747016,-0.029915043601747016,-0.0005,-0.029915043601747016,-0.029915043601747016,0.029915043601747016
2023-01-17,-0.008420877975202705,0.0,0.0,-0.02109661268732821,-0.02159661268732821,-0.02109661268732821,-0.02109661268732821,0.02109661268732821,0.0,0.02109661268732821,0.02109661268732821,-0.02109661268732821
2023-01-18,-0.002451896836689517,0.0,0.0,-0.006142675153973931,0.005142675153973931,-0.006142675153973931,-0.006142675153973931,0.006142675153973931,0.0,0.006142675153973931,0.006142675153973931,-0.006142675153973931
2023-01-19,-0.0074429126650297954,0.0,0.0,-0.01864654092151996,0.01864654092151996,0.01764654092151996,-0.01864654092151996,0.018646540921519957,0.0,-0.01964654092151996,0.01864654092151996,-0.01864654092151996
2023-01-20,0.01521128627937317,0.0,0.0,0.03810845093076898,0.03710845093076898,-0.03810845093076898,0.03810845093076898,-0.03810845093076898,0.0,0.03810845093076898,-0.03810845093076898,0.03810845093076898
2023-01-23,0.0011081878872656516,0.0,0.0,0.002776315095798454,0.002776315095798454,0.001776315095798454,0.002776315095798454,-0.002776315095798454,0.0,0.002776315095798454,-0.002776315095798454,0.002776315095798454
2023-01-24,-0.004911691806253507,0.0,0.0,-0.012305137300550828,-0.012305137300550828,-0.012305137300550828,-0.012305137300550828,0.012305137300550828,0.0,-0.012305137300550828,0.012305137300550828,-0.012305137300550828
2023-01-25,0.0035639116670560063,0.0,0.0,0.008928577793566816,-0.0005,0.008928577793566816,0.008928577793566816,-0.008928577793566816,0.0,0.008928577793566816,-0.008928577793566816,0.008928577793566816
2023-01-26,0.008379114221926845,0.0,0.0,0.02099198301215366,0.02049198301215366,0.02099198301215366,0.02099198301215366,-0.02099198301215366,0.0,0.02099198301215366,-0.02099198301215366,0.02099198301215366
2023-01-27,0.012149317356810319,0.0,0.0,0.03043737760442866,-0.0005,0.03043737760442866,0.03043737760442866,-0.03043737760442866,0.02993737760442866,0.03043737760442866,-0.03043737760442866,0.03043737760442866
2023-01-30,-0.00659795249136445,0.0,0.0,-0.01652968356145279,-0.01702968356145279,-0.01652968356145279,-0.01652968356145279,0.01652968356145279,-0.01652968356145279,-0.01652968356145279,0.01652968356145279,-0.01652968356145279
2023-01-31,0.0102419178066761,0.0,0.0,0.025658817736008643,-0.0005,0.025658817736008643,0.025658817736008643,-0.025658817736008643,0.025658817736008643,0.025658817736008643,-0.025658817736008643,0.025658817736008643
2023-02-01,0.007818292714250637,0.01908697106814866,0.0,0.019586971068148662,0.0,0.019586971068148662,0.019586971068148662,-0.019586971068148662,0.019586971068148662,0.019586971068148662,-0.019586971068148662,0.019586971068148662
2023-02-02,0.02945758923154604,0.07379935352944922,0.0,-0.07479935352944922,0.0,0.07379935352944922,0.07379935352944922,-0.07379935352944922,0.07379935352944922,0.07379935352944922,-0.07379935352944922,0.07379935352944922
2023-02-03,-0.03365498227871963,-0.08431497620839845,0.0,0.08431497620839845,-0.08481497620839845,-0.08431497620839845,-0.08431497620839845,0.08431497620839845,-0.08431497620839845,-0.08431497620839845,-0.08531497620839845,-0.08431497620839845
2023-02-06,-0.004671444068319278,-0.011703250716856073,0.0,0.011703250716856073,-0.011703250716856073,0.010703250716856072,-0.011703250716856073,0.011703250716856073,-0.011703250716856073,-0.011703250716856073,0.010703250716856072,-0.011703250716856073
2023-02-07,-0.0002734480882204898,-0.0006850625818668465,0.0,0.0006850625818668465,-0.0003149374181331535,0.0006850625818668465,-0.0006850625818668465,0.0006850625818668465,-0.0006850625818668465,-0.0006850625818668465,0.0006850625818668465,-0.0006850625818668465
2023-02-08,-0.008052728765310324,-0.02017429777965274,0.0,0.02017429777965274,-0.0005,0.02017429777965274,-0.02017429777965274,0.02017429777965274,-0.02017429777965274,-0.02017429777965274,0.02017429777965274,-0.02017429777965274
2023-02-09,-0.007221166485720849,-0.0005,0.0,0.01809100582487666,0.01759100582487666,0.01809100582487666,-0.01809100582487666,0.01809100582487666,-0.01809100582487666,-0.01809100582487666,0.01809100582487666,-0.01809100582487666
2023-02-10,-0.002559734701837904,0.0,0.0,0.006412838631079665,0.006412838631079665,0.006412838631079665,-0.006412838631079665,0.006412838631079665,-0.006412838631079665,-0.006412838631079665,0.006412838631079665,-0.006412838631079665
2023-02-13,0.00593377172053518,0.0,0.0,-0.019772567289289666,-0.019772567289289666,-0.019772567289289666,-0.020772567289289667,-0.019772567289289666,0.019772567289289666,0.019772567289289666,0.018772567289289662,0.019772567289289666
2023-02-14,0.00048127628395532246,0.0011073541414833858,0.0,-0.0016073541414833858,-0.0016073541414833858,0.0006073541414833858,-0.0016073541414833858,-0.0016073541414833858,0.0016073541414833858,0.0016073541414833858,0.0016073541414833858,0.0016073541414833858
2023-02-15,0.0044822638692132676,0.014643999584324163,0.0,-0.014643999584324163,-0.014643999584324163,0.014643999584324163,-0.014643999584324163,-0.014643999584324163,0.014643999584324163,0.014643999584324163,0.014643999584324163,0.014643999584324163
2023-02-16,-0.009207177578250575,-0.02975486385196624,0.0,0.02975486385196624,-0.03075486385196624,-0.02975486385196624,-0.03075486385196624,0.02975486385196624,-0.02975486385196624,-0.02975486385196624,-0.02975486385196624,-0.02975486385196624
2023-02-17,-0.00292425940467175,-0.0005,0.0,0.009679109147912035,0.008679109147912034,0.008679109147912034,0.008679109147912034,0.009679109147912035,-0.0005,-0.009679109147912035,-0.009679109147912033,-0.009679109147912035
2023-02-21,-0.008194836106623414,0.0,0.0,0.02695468312187932,0.02695468312187932,0.02695468312187932,0.02695468312187932,0.02695468312187932,0.0,-0.02695468312187932,-0.026954683121879316,-0.02695468312187932
2023-02-22,0.00395221825301188,0.0,0.0,-0.012793392483054111,-0.012793392483054111,-0.012793392483054111,-0.012793392483054111,-0.012793392483054111,0.0,0.012793392483054111,0.01279339248305411,0.012793392483054111
2023-02-23,9.568292871012222e-05,0.0,0.0,-0.000313172345862478,-0.000313172345862478,-0.000313172345862478,-0.000313172345862478,-0.000313172345862478,0.0,0.000313172345862478,0.00031317234586247794,0.000313172345862478
2023-02-24,-0.007481243762777589,0.0,0.0,0.024212061179431754,0.024212061179431754,0.024212061179431754,0.024212061179431754,0.024212061179431754,0.0,-0.024212061179431754,-0.024212061179431754,-0.024212061179431754
2023-02-27,0.0008467206459208742,0.0,0.0,-0.0027807715104863906,-0.0027807715104863906,-0.0027807715104863906,-0.0027807715104863906,-0.00278077151048639,0.0,0.0027807715104863906,0.0027807715104863906,0.0027807715104863906
2023-02-28,0.0015480461647251122,0.0,0.0,-0.005012811540044737,-0.005012811540044737,-0.005012811540044737,-0.005012811540044737,-0.005012811540044737,0.0,0.005012811540044737,0.005012811540044737,0.005012811540044737
2023-03-01,-0.006962251275680938,0.0,0.0,0.02186145722806776,0.02186145722806776,-0.02286145722806776,0.02186145722806776,0.02186145722806776,0.0,-0.02186145722806776,-0.02186145722806776,-0.02186145722806776
2023-03-02,-0.00013822240348064992,0.0,0.0,0.00043399062951077205,0.00043399062951077205,-0.000566009370489228,0.00043399062951077205,0.00043399062951077205,0.0,-0.00043399062951077205,-0.00043399062951077205,-0.00043399062951077205
2023-03-03,0.009765856071460436,0.0,0.0,-0.030066258059702422,-0.030066258059702422,-0.030066258059702422,-0.030066258059702422,-0.030066258059702422,0.0,0.030066258059702422,0.030066258059702422,0.030066258059702422
2023-03-06,-0.0038704847083989016,0.0,0.0,0.012118034851298809,0.012118034851298809,-0.01311803485129881,0.012118034851298809,0.012118034851298809,0.0,0.011118034851298808,-0.012118034851298809,-0.012118034851298809
2023-03-07,-0.0008959254908176024,0.0,0.0,0.0021333007812499583,0.0021333007812499583,-0.0021333007812499583,0.0021333007812499583,0.0021333007812499583,0.0,0.0021333007812499583,-0.0021333007812499583,-0.0021333007812499583
2023-03-08,0.0022463347757241104,0.0,0.0,-0.003955051898638651,-0.003955051898638651,-0.004955051898638651,-0.003955051898638651,-0.003955051898638651,0.0,-0.003955051898638651,0.003955051898638651,0.003955051898638651
2023-03-09,-0.010517094960353841,0.0,0.0,0.017781071140368643,0.017781071140368643,0.017781071140368643,0.017781071140368643,0.017781071140368643,0.0,0.017781071140368643,-0.017781071140368643,-0.017781071140368643
2023-03-10,-0.009592777904808076,0.0,0.0,0.0164769283801236,0.0164769283801236,0.0164769283801236,0.0164769283801236,0.0164769283801236,0.0,0.0164769283801236,-0.0164769283801236,-0.0164769283801236
2023-03-13,0.011006618795187276,0.0,0.0,-0.01873687738723384,-0.01873687738723384,-0.01873687738723384,-0.01873687738723384,-0.01873687738723384,-0.01923687738723384,-0.01873687738723384,0.01873687738723384,0.01873687738723384
2023-03-14,0.01514454408990804,0.0,0.0,-0.0265065123894086,-0.0265065123894086,0.025506512389408598,-0.0265065123894086,-0.0265065123894086,-0.0265065123894086,-0.0265065123894086,0.0265065123894086,0.0265065123894086
2023-03-15,0.007413809702045461,0.0,0.0,-0.01391230747297123,-0.01391230747297123,0.01391230747297123,0.01291230747297123,-0.01391230747297123,-0.01391230747297123,-0.01391230747297123,-0.014912307472971231,0.01391230747297123
2023-03-16,0.021693276935108738,0.03941688242309577,0.0,-0.03991688242309577,-0.03991688242309577,0.03991688242309577,0.03991688242309577,-0.03991688242309577,-0.03991688242309577,-0.03991688242309577,-0.03991688242309577,0.03991688242309577
2023-03-17,-0.005285295178373607,-0.010895681300578386,0.0,0.010895681300578386,0.010895681300578386,-0.010895681300578386,-0.010895681300578386,0.010895681300578386,0.010895681300578386,0.010895681300578386,0.010895681300578386,-0.010895681300578386
2023-03-20,-0.006088748195814987,-0.012531560404374087,0.0,0.012531560404374087,-0.013531560404374088,-0.012531560404374087,-0.012531560404374087,0.012531560404374087,-0.0005,0.012531560404374087,0.012531560404374087,-0.012531560404374087
2023-03-21,0.015134631327305872,0.029679680207260972,0.0,-0.029679680207260972,0.029679680207260972,0.029679680207260972,0.029679680207260972,-0.029679680207260972,0.0,-0.029679680207260972,-0.029679680207260972,0.029679680207260972
2023-03-22,-0.009230593612482558,-0.018984232685839597,0.0,0.018984232685839597,-0.018984232685839597,-0.018984232685839597,-0.018984232685839597,0.018984232685839597,-0.019484232685839598,0.018984232685839597,0.018984232685839597,-0.018984232685839597
2023-03-23,4.390799862058679e-05,0.00010133876939955044,0.0,-0.00010133876939955044,0.00010133876939955044,-0.0011013387693995505,0.00010133876939955044,-0.00010133876939955044,0.00010133876939955044,-0.00010133876939955044,-0.00010133876939955044,0.00010133876939955044
2023-03-24,-0.00295713159823952,-0.005875816395847999,0.0,0.005875816395847999,-0.005875816395847999,0.005875816395847999,-0.005875816395847999,0.005875816395847999,-0.005875816395847999,0.005875816395847999,0.005875816395847999,-0.005875816395847999
2023-03-27,-0.0004604662716836803,-0.0009171134251457769,0.0,0.0009171134251457769,-0.0009171134251457769,0.0009171134251457769,-0.0009171134251457769,0.0009171134251457769,-0.0009171134251457769,-0.001917113425145777,0.0009171134251457769,-0.0009171134251457769
2023-03-28,-0.004309462439306852,-0.00815996577200262,0.0,0.00815996577200262,-0.0005,0.00815996577200262,-0.00815996577200262,0.00815996577200262,-0.00815996577200262,-0.00815996577200262,0.00815996577200262,-0.00815996577200262
2023-03-29,0.016164790303895834,0.0309543624265336,0.0,-0.0309543624265336,0.0,-0.0309543624265336,0.0309543624265336,-0.0309543624265336,0.0309543624265336,0.0309543624265336,-0.0309543624265336,0.0309543624265336
2023-03-30,0.008590077057885509,0.0174563591022443,0.0,-0.0174563591022443,0.0169563591022443,0.0164563591022443,0.0174563591022443,-0.0174563591022443,0.0174563591022443,0.0174563591022443,-0.0174563591022443,0.0174563591022443
2023-03-31,0.006445503089547384,0.012647067799287592,0.0,-0.012647067799287592,0.012647067799287592,0.012647067799287592,0.012647067799287592,-0.012647067799287592,0.012647067799287592,0.012647067799287592,-0.012647067799287592,0.012647067799287592
2023-04-03,-0.004341661332714519,-0.008519675143944028,0.0,0.008519675143944028,-0.008519675143944028,-0.008519675143944028,-0.008519675143944028,0.008519675143944026,-0.008519675143944028,-0.008519675143944028,0.008519675143944028,-0.008519675143944028
2023-04-04,0.007928453136199434,0.015037527888523972,0.0,-0.015037527888523972,0.015037527888523972,0.015037527888523972,0.015037527888523972,-0.015037527888523972,0.015037527888523972,0.015037527888523972,-0.015037527888523972,0.015037527888523972
2023-04-05,-0.014661244897581525,-0.027417013542964663,0.0,0.027417013542964663,-0.027417013542964663,-0.027417013542964663,-0.027417013542964663,0.02741701354296466,-0.027417013542964663,-0.027417013542964663,0.027417013542964663,-0.027417013542964663
2023-04-06,0.004703330722223936,0.009495540049077267,0.0,-0.009495540049077267,0.009495540049077267,-0.010495540049077268,0.009495540049077267,-0.009495540049077267,0.009495540049077267,0.009495540049077267,-0.009495540049077267,0.009495540049077267
2023-04-10,0.0005343444595485762,0.0010778033801970288,0.0,-0.0010778033801970288,0.0010778033801970288,7.78033801970288e-05,0.0010778033801970288,-0.0010778033801970288,0.0010778033801970288,0.0010778033801970288,-0.0010778033801970288,0.0010778033801970288
2023-04-11,-0.01132471445707248,-0.022022120390757682,0.0,0.022022120390757682,-0.022022120390757682,-0.022022120390757682,-0.022022120390757682,0.022022120390757682,-0.022022120390757682,-0.022022120390757682,0.022022120390757682,-0.022022120390757682
2023-04-12,-0.01054612348922114,-0.020916697119598093,0.0,0.020916697119598093,-0.020916697119598093,0.019916697119598092,-0.020916697119598093,0.020916697119598093,-0.020916697119598093,-0.020916697119598093,0.020916697119598093,-0.020916697119598093
2023-04-13,0.022908228762422506,0.046713683014299345,0.0,-0.046713683014299345,-0.0005,-0.046713683014299345,-0.047713683014299346,-0.046713683014299345,0.046713683014299345,0.046713683014299345,-0.046713683014299345,0.046713683014299345
2023-04-14,0.000465298935068305,0.001074224694457282,0.0,-0.001074224694457282,0.000574224694457282,7.422469445728195e-05,7.422469445728195e-05,-0.001074224694457282,0.001074224694457282,0.001074224694457282,-0.0010742246944572818,0.001074224694457282
2023-04-17,0.0010173263680925096,0.0022436418178335416,0.0,-0.0022436418178335416,0.0022436418178335416,0.0022436418178335416,0.0022436418178335416,-0.0022436418178335416,0.0022436418178335416,0.0022436418178335416,-0.002243641817833541,0.0022436418178335416
2023-04-18,-0.0021464179147607527,-0.004282604839014548,0.0,0.004282604839014548,-0.0005,-0.004282604839014548,-0.004282604839014548,0.004282604839014548,-0.004282604839014548,-0.004282604839014548,0.004282604839014547,-0.004282604839014548
2023-04-19,0.009782311624207554,0.019550341547772243,0.0,-0.019550341547772243,0.019050341547772243,0.019550341547772243,0.019550341547772243,-0.019550341547772243,0.019550341547772243,0.019550341547772243,0.018550341547772242,0.019550341547772243
2023-04-20,-0.002341938417266797,-0.0046980391066805405,0.0,0.0046980391066805405,-0.0046980391066805405,-0.0046980391066805405,-0.0046980391066805405,0.0046980391066805405,-0.0046980391066805405,-0.0046980391066805405,0.0036980391066805396,-0.0046980391066805405
2023-04-21,0.01588733776568431,0.03034391291745231,0.0,-0.03034391291745231,0.03034391291745231,0.03034391291745231,0.03034391291745231,-0.03034391291745231,0.03034391291745231,0.03034391291745231,-0.030343912917452306,0.03034391291745231
2023-04-24,-0.0036025812099091856,-0.007011967150520215,0.0,0.007011967150520215,-0.007011967150520215,-0.007011967150520215,-0.007011967150520215,0.007011967150520215,-0.007011967150520215,-0.007011967150520215,0.007011967150520214,-0.007011967150520215
2023-04-25,-0.017450359483776937,-0.03427172037496595,0.0,0.03427172037496595,-0.03427172037496595,-0.03427172037496595,-0.03427172037496595,0.03427172037496595,-0.03427172037496595,-0.03427172037496595,-0.035271720374965954,-0.03427172037496595
2023-04-26,0.010944488892163273,0.023496184744855597,0.0,-0.023496184744855597,-0.0005,-0.024496184744855598,0.023496184744855597,-0.023496184744855594,0.023496184744855597,0.023496184744855597,0.023496184744855597,0.023496184744855597
2023-04-27,0.020992064206521582,0.046103983455159314,0.0,-0.046103983455159314,0.045603983455159314,0.04510398345515931,0.046103983455159314,-0.046103983455159314,0.046103983455159314,0.046103983455159314,-0.04710398345515931,0.046103983455159314
2023-04-28,-0.016707470117259357,-0.039792412663683385,0.0,0.039792412663683385,0.038792412663683384,-0.039792412663683385,-0.039792412663683385,0.039792412663683385,-0.039792412663683385,-0.039792412663683385,0.039792412663683385,-0.039792412663683385
2023-05-01,-0.012775890533616186,-0.032242712137328766,0.0,0.032242712137328766,0.032242712137328766,0.031242712137328765,-0.032242712137328766,0.032242712137328766,-0.032242712137328766,-0.032242712137328766,-0.03324271213732877,-0.032242712137328766
2023-05-02,0.005897212381265339,0.015482549283793778,0.0,-0.015482549283793778,-0.015482549283793778,-0.015482549283793778,-0.01648254928379378,-0.015482549283793778,0.015482549283793778,0.015482549283793778,0.015482549283793778,0.015482549283793778
2023-05-03,7.278539116853337e-05,0.00019303553981586674,-0.00030696446018413327,-0.00019303553981586674,-0.0005,-0.00019303553981586674,-0.0008069644601841333,-0.00019303553981586677,0.00019303553981586674,0.00019303553981586674,-0.0011930355398158668,0.00019303553981586674
2023-05-04,0.0012874474728850652,0.0033767339022539034,0.0033767339022539034,-0.0033767339022539034,-0.0038767339022539034,-0.0033767339022539034,0.0033767339022539034,-0.003376733902253903,0.0033767339022539034,0.0033767339022539034,-0.003376733902253903,0.0033767339022539034
2023-05-05,0.006137651726227008,0.015961573674128537,0.015961573674128537,-0.015961573674128537,-0.015961573674128537,0.014961573674128537,0.015961573674128537,-0.015961573674128534,0.015961573674128537,0.015961573674128537,0.014961573674128537,0.015961573674128537
2023-05-08,0.0006300988319252035,0.0016089169321718,0.0016089169321718,-0.0016089169321718,0.0006089169321718,0.0016089169321718,0.0016089169321718,-0.0016089169321717998,0.0016089169321718,0.0016089169321718,-0.0026089169321718,0.0016089169321718
2023-05-09,0.0029534007886460392,0.00746481056277859,0.007464810562778589,-0.00746481056277859,0.00746481056277859,0.00746481056277859,0.00746481056277859,-0.00746481056277859,0.00746481056277859,0.00746481056277859,-0.007464810562778589,0.00746481056277859
2023-05-10,0.013233596042374582,0.03348339526223332,0.03348339526223331,-0.03348339526223332,-0.03448339526223332,0.03348339526223332,0.03348339526223332,-0.03348339526223331,0.03348339526223332,0.03348339526223332,-0.03348339526223332,0.03348339526223332
2023-05-11,0.007063973321465563,0.01805969525073481,0.01805969525073481,-0.01805969525073481,0.017059695250734808,0.01805969525073481,0.01805969525073481,0.017059695250734808,0.01805969525073481,0.01805969525073481,-0.01805969525073481,0.01805969525073481
2023-05-12,-0.006871074930223084,-0.01711533396079623,-0.01711533396079623,0.01711533396079623,-0.01711533396079623,-0.01711533396079623,-0.01711533396079623,-0.01711533396079623,-0.01711533396079623,-0.01711533396079623,0.01711533396079623,-0.01711533396079623
2023-05-15,0.0036122304914325497,0.008525256609829501,0.008525256609829501,-0.008525256609829501,-0.0005,0.008525256609829501,0.008525256609829501,0.008525256609829501,0.008525256609829501,0.008525256609829501,0.007525256609829501,0.008525256609829501
2023-05-16,0.00840496009197172,0.01978421437062372,0.01978421437062372,-0.01978421437062372,0.01928421437062372,0.01978421437062372,0.01978421437062372,0.01978421437062372,0.01978421437062372,0.01978421437062372,0.01978421437062372,0.01978421437062372
2023-05-17,0.007776146474892558,0.018518504813616277,0.018518504813616277,-0.018518504813616277,0.018518504813616277,0.018518504813616277,0.018518504813616277,0.018518504813616277,0.018518504813616277,0.018518504813616277,0.018518504813616277,0.018518504813616277
2023-05-18,0.009601545313382868,0.022943736154795724,0.022943736154795724,-0.022943736154795724,-0.0005,0.022943736154795724,0.022943736154795724,0.022943736154795724,0.022943736154795724,0.022943736154795724,0.022943736154795724,0.022943736154795724
2023-05-19,-0.006697670716429917,-0.01608126535201726,-0.01608126535201726,0.01608126535201726,0.01558126535201726,-0.01608126535201726,-0.01608126535201726,-0.016081265352017256,-0.01608126535201726,-0.01608126535201726,-0.01608126535201726,-0.01608126535201726
2023-05-22,-0.004367481766703534,-0.010666648290490577,-0.010666648290490577,0.010666648290490577,-0.011666648290490578,-0.010666648290490577,-0.010666648290490577,-0.010666648290490577,-0.010666648290490577,-0.010666648290490577,-0.010666648290490577,-0.010666648290490577
2023-05-23,-7.67912271684446e-05,-0.00017393506729301844,-0.00017393506729301844,0.00017393506729301844,-0.00017393506729301844,-0.0008260649327069816,-0.00017393506729301844,-0.00017393506729301844,-0.00017393506729301844,-0.00017393506729301844,-0.00017393506729301844,-0.00017393506729301844
2023-05-24,0.006420638037185172,0.015305697616548875,0.015305697616548875,-0.015305697616548875,0.015305697616548875,-0.015305697616548875,0.015305697616548875,0.015305697616548875,0.015305697616548875,0.015305697616548875,0.015305697616548875,0.015305697616548875
2023-05-25,-0.006812816357743812,-0.01498929336188437,-0.01498929336188437,0.01498929336188437,-0.01498929336188437,-0.01598929336188437,-0.01498929336188437,-0.014989293361884369,-0.01498929336188437,-0.01498929336188437,-0.01498929336188437,-0.01498929336188437
2023-05-26,0.02003658005712764,0.04443478791610045,0.04443478791610045,-0.04443478791610045,0.04443478791610045,-0.04543478791610045,0.04443478791610045,0.04443478791610045,0.04443478791610045,0.04443478791610045,0.04443478791610045,0.04443478791610045
2023-05-30,0.005863267775837612,0.01290486257498391,0.01290486257498391,-0.01290486257498391,0.01290486257498391,0.01190486257498391,0.01290486257498391,0.01290486257498391,0.01290486257498391,0.01290486257498391,0.01290486257498391,0.01290486257498391
2023-05-31,-0.004641556096084964,-0.00887721353399118,-0.00887721353399118,0.00887721353399118,-0.0005,-0.00887721353399118,-0.00887721353399118,-0.00887721353399118,-0.00887721353399118,-0.00887721353399118,-0.00887721353399118,-0.00887721353399118
2023-06-01,0.010501525521517535,0.01816217265513176,0.01816217265513176,-0.01816217265513176,-0.01866217265513176,0.01816217265513176,0.01816217265513176,0.01816217265513176,0.01816217265513176,0.01816217265513176,0.01816217265513176,0.01816217265513176
2023-06-02,0.00695889622835614,0.01205508998453797,0.01205508998453797,-0.01205508998453797,-0.0005,0.01205508998453797,0.01205508998453797,0.01205508998453797,0.01205508998453797,0.01205508998453797,0.01205508998453797,0.01205508998453797
2023-06-05,0.004903600728001948,0.008450728786783213,0.008450728786783213,-0.008450728786783213,0.007950728786783212,0.008450728786783213,0.008450728786783213,0.008450728786783213,0.008450728786783213,0.008450728786783213,0.008450728786783213,0.008450728786783213
2023-06-06,0.00608510917125012,0.010454888481148839,0.010454888481148839,-0.010454888481148839,0.010454888481148839,0.010454888481148839,0.010454888481148839,0.010454888481148839,0.010454888481148839,0.010454888481148839,0.010454888481148839,0.010454888481148839
2023-06-07,-0.024848918683313414,-0.04249267220189956,-0.04249267220189956,0.04249267220189956,-0.0005,-0.04249267220189956,-0.04249267220189956,-0.04249267220189956,-0.04249267220189956,-0.04249267220189956,-0.04249267220189956,-0.04249267220189956
2023-06-08,0.011939636929075483,0.024911297199049942,0.024911297199049942,-0.024911297199049942,0.02441129719904994,-0.025911297199049943,0.024911297199049942,0.02491129719904994,0.024911297199049942,0.024911297199049942,0.024911297199049942,0.024911297199049942
2023-06-09,-0.0031181181050950976,-0.006599595129369917,-0.006599595129369917,0.006599595129369917,-0.0005,-0.007599595129369917,-0.006599595129369917,-0.006599595129369917,-0.006599595129369917,-0.006599595129369917,-0.006599595129369917,-0.006599595129369917
2023-06-12,0.01242810293612316,0.025439515368102628,0.025439515368102628,-0.025439515368102628,0.0,-0.02643951536810263,0.025439515368102628,0.025439515368102628,0.025439515368102628,0.025439515368102628,0.025439515368102628,0.025439515368102628
2023-06-13,0.00033850885503741165,0.0007111003199982147,0.0007111003199982147,-0.0007111003199982147,0.00021110031999821465,-0.00028889968000178536,0.0007111003199982147,0.0007111003199982147,0.0007111003199982147,0.0007111003199982147,0.0007111003199982147,0.0007111003199982147
2023-06-14,-0.0009530094557279776,-0.001894879884926648,-0.001894879884926648,-0.002894879884926648,-0.001894879884926648,-0.001894879884926648,-0.001894879884926648,-0.001894879884926648,-0.001894879884926648,-0.001894879884926648,-0.001894879884926648,-0.001894879884926648
2023-06-15,0.002706611409185899,0.005458016543269828,0.005458016543269828,0.005458016543269828,0.005458016543269828,0.005458016543269828,0.005458016543269828,0.005458016543269828,0.005458016543269828,0.005458016543269828,0.005458016543269828,0.005458016543269828
2023-06-16,-0.006411037814838112,-0.012744888197649074,-0.012744888197649074,-0.012744888197649074,-0.012744888197649074,-0.012744888197649074,-0.012744888197649074,-0.012744888197649074,-0.012744888197649074,-0.012744888197649074,-0.012744888197649074,-0.012744888197649074
2023-06-20,0.0011496048154276634,0.002310948445805039,0.002310948445805039,0.002310948445805039,0.002310948445805039,-0.0005,0.002310948445805039,0.002310948445805039,0.002310948445805039,0.002310948445805039,0.002310948445805039,0.002310948445805039
2023-06-21,-0.0038721137805302133,-0.00755284590127181,-0.00755284590127181,-0.00755284590127181,-0.00755284590127181,0.0,-0.00755284590127181,-0.00755284590127181,-0.00755284590127181,-0.00755284590127181,-0.00755284590127181,-0.00755284590127181
2023-06-22,0.02223212049290177,0.04261789623803569,0.04261789623803569,0.04261789623803569,0.04261789623803569,0.0,0.04261789623803569,0.042617896238035684,0.04261789623803569,0.04261789623803569,0.04261789623803569,0.04261789623803569
2023-06-23,-0.0030455626395821233,-0.006300361919969633,-0.006300361919969633,-0.006300361919969633,-0.006300361919969633,-0.006800361919969633,-0.006300361919969633,-0.006300361919969633,-0.006300361919969633,-0.006300361919969633,-0.006300361919969633,-0.006300361919969633
2023-06-26,-0.0073726070062877375,-0.01546431587167707,-0.01546431587167707,-0.01546431587167707,-0.01546431587167707,-0.01546431587167707,-0.01546431587167707,-0.01546431587167707,-0.01546431587167707,-0.01546431587167707,-0.01546431587167707,-0.01546431587167707
2023-06-27,0.006785063791518892,0.014529104045574393,0.014529104045574393,0.014529104045574393,0.014529104045574393,-0.0005,0.014529104045574393,0.014529104045574393,0.014529104045574393,0.014529104045574393,0.014529104045574393,0.014529104045574393
2023-06-28,-0.0005209430784665263,-0.001083754432466999,-0.001083754432466999,-0.001083754432466999,-0.001083754432466999,-0.001583754432466999,-0.001083754432466999,-0.0010837544324669988,-0.001083754432466999,-0.001083754432466999,-0.001083754432466999,-0.001083754432466999
2023-06-29,-0.004724903952199714,-0.008834406537251538,-0.008834406537251538,-0.008834406537251538,-0.008834406537251538,-0.0005,-0.008834406537251538,-0.008834406537251538,-0.008834406537251538,-0.008834406537251538,-0.008834406537251538,-0.008834406537251538
2023-06-30,0.010190078256796607,0.019233769000189582,0.019233769000189582,0.019233769000189582,-0.0005,0.0,0.019233769000189582,0.019233769000189582,0.019233769000189582,0.019233769000189582,0.019233769000189582,0.019233769000189582
2023-07-03,-0.0005664115685005327,-0.0010739443770555468,-0.0010739443770555468,-0.0010739443770555468,-0.0015739443770555468,-0.0015739443770555468,-0.0010739443770555468,-0.0010739443770555468,-0.0010739443770555468,-0.0010739443770555468,-0.0010739443770555468,-0.0010739443770555468
2023-07-05,0.0006514031103117632,0.0012287180203460757,0.0012287180203460757,0.0012287180203460757,-0.0022287180203460757,0.0012287180203460757,0.0012287180203460757,0.0012287180203460757,0.0012287180203460757,0.0012287180203460757,0.0012287180203460757,0.0012287180203460757
2023-07-06,-0.008323978119511901,-0.015493205988729275,-0.015493205988729275,-0.015493205988729275,0.015493205988729275,-0.015493205988729275,-0.015493205988729275,-0.015493205988729275,-0.015493205988729275,-0.015493205988729275,-0.015493205988729275,-0.015493205988729275
2023-07-07,0.005816573796158157,0.011062622017709689,0.011062622017709689,0.011062622017709689,-0.011062622017709689,-0.0005,0.011062622017709689,0.011062622017709689,0.011062622017709689,0.011062622017709689,0.011062622017709689,0.011062622017709689
2023-07-10,-0.010736839561306033,-0.020419182854096718,-0.020419182854096718,-0.020419182854096718,0.020419182854096718,-0.02091918285409672,-0.020419182854096718,-0.020419182854096718,-0.020419182854096718,-0.020419182854096718,-0.020419182854096718,-0.020419182854096718
2023-07-11,0.007729290768633954,0.012978852839820476,0.012978852839820476,0.012978852839820476,-0.0005,-0.0005,-0.0005,0.012978852839820476,0.012978852839820476,0.012978852839820476,0.012978852839820476,0.012978852839820476
2023-07-12,0.009775001908126156,0.01568569880112225,0.01568569880112225,0.01568569880112225,0.01518569880112225,0.01518569880112225,0.01518569880112225,0.01568569880112225,0.01568569880112225,0.01568569880112225,0.01568569880112225,0.01568569880112225
2023-07-13,0.01651839582359063,0.026758409161619312,0.026758409161619312,0.026758409161619312,0.026758409161619312,0.026758409161619312,0.026758409161619312,0.026758409161619312,0.026758409161619312,0.026758409161619312,0.026758409161619312,0.026758409161619312
2023-07-14,0.0017336925427361956,0.002829408900884234,0.002829408900884234,0.002829408900884234,-0.0005,0.002829408900884234,0.002829408900884234,0.002829408900884234,0.002829408900884234,0.002829408900884234,0.002829408900884234,0.002829408900884234
2023-07-17,-0.005104343402352051,-0.008315972513331604,-0.008315972513331603,-0.008315972513331604,-0.008815972513331605,-0.008315972513331604,-0.008315972513331604,-0.008315972513331604,-0.008315972513331604,-0.008315972513331604,-0.008315972513331604,-0.008315972513331604
2023-07-18,-0.0033222512559219724,-0.005465676406731013,-0.005465676406731013,-0.005465676406731013,-0.005465676406731013,-0.005465676406731013,-0.005465676406731013,-0.005465676406731013,-0.005465676406731013,-0.005465676406731013,-0.005465676406731013,-0.005465676406731013
2023-07-19,0.011500265902980176,0.019046892602732513,0.019046892602732513,0.019046892602732513,0.019046892602732513,-0.0005,0.019046892602732513,0.019046892602732513,0.019046892602732513,0.019046892602732513,0.019046892602732513,0.019046892602732513
2023-07-20,-0.024062932045315025,-0.03989357175040831,-0.0398935717504083,-0.03989357175040831,-0.03989357175040831,-0.04039357175040831,-0.03989357175040831,-0.03989357175040831,-0.03989357175040831,-0.03989357175040831,-0.03989357175040831,-0.03989357175040831
2023-07-21,0.00011466264662673804,0.00030773533446226686,0.0003077353344622668,0.00030773533446226686,0.00030773533446226686,-0.0005,-0.0013077353344622669,0.00030773533446226675,0.00030773533446226686,0.00030773533446226686,0.00030773533446226686,0.00030773533446226686
2023-07-24,-0.00478956574354477,-0.009230745755709147,-0.009230745755709147,-0.009230745755709147,0.008230745755709146,0.0,0.009230745755709147,-0.009230745755709147,-0.009230745755709147,-0.009230745755709147,-0.009230745755709147,-0.009230745755709147
2023-07-25,0.001492284956949761,0.002562125956798944,0.0025621259567989436,0.002562125956798944,-0.0005,0.0,-0.002562125956798944,-0.003562125956798944,0.002562125956798944,0.002562125956798944,0.002562125956798944,0.002562125956798944
2023-07-26,-0.004552329564441871,-0.007589335934878205,-0.007589335934878205,-0.007589335934878205,-0.008089335934878206,0.0,0.007589335934878205,0.007589335934878205,-0.007589335934878205,-0.007589335934878205,-0.007589335934878205,-0.007589335934878205
2023-07-27,0.00047123260900818755,0.0007803832093540297,0.0007803832093540297,-0.0005,-0.0005,0.0,-0.0007803832093540297,-0.0002196167906459703,0.0007803832093540297,0.0007803832093540297,0.0007803832093540297,0.0007803832093540297
2023-07-28,0.019290360188025196,0.030877245332297854,0.030877245332297854,0.0,-0.031377245332297854,0.0,-0.030877245332297854,-0.031877245332297854,0.030877245332297854,0.030877245332297854,0.030877245332297854,0.030877245332297854
2023-07-31,0.006313533975232934,0.011118568090654923,0.011118568090654923,0.0,0.010118568090654922,0.010618568090654923,0.010118568090654922,0.010118568090654922,0.011118568090654923,0.011118568090654923,0.011118568090654923,0.011118568090654923
2023-08-01,-0.008509396945821803,-0.014886223394710907,-0.014886223394710907,0.0,-0.014886223394710907,-0.014886223394710907,-0.014886223394710907,-0.014886223394710907,-0.014886223394710907,-0.014886223394710907,-0.014886223394710907,-0.014886223394710907
2023-08-02,-0.015176959105074148,-0.026425663778747666,-0.026425663778747662,0.0,-0.0005,-0.0005,-0.026425663778747666,-0.026425663778747666,-0.0005,-0.026425663778747666,-0.026425663778747666,-0.026425663778747666
2023-08-03,0.002934179033889413,0.005459768439170398,0.005459768439170397,0.0,0.004959768439170398,0.0,-0.006459768439170398,-0.006459768439170398,0.0,0.005459768439170398,0.005459768439170398,0.005459768439170398
2023-08-04,0.04457764182587206,0.08269337801006271,0.08269337801006271,0.0,-0.0005,0.0,-0.08269337801006271,-0.08269337801006271,0.0,0.08269337801006271,-0.08369337801006271,0.08269337801006271
2023-08-07,0.007137087907151917,0.01898684357254843,0.01898684357254843,0.018486843572548428,-0.01948684357254843,0.018486843572548428,0.017986843572548428,0.017986843572548428,0.0,0.01898684357254843,0.017986843572548428,0.01898684357254843
2023-08-08,-0.006053768203620793,-0.016031491771390738,-0.016031491771390738,-0.016031491771390738,-0.0005,-0.016031491771390738,-0.016031491771390738,-0.016031491771390738,-0.01653149177139074,-0.016031491771390738,-0.016031491771390738,-0.016031491771390738
2023-08-09,-0.005686000681710364,-0.01493494570121734,-0.014934945701217337,-0.01493494570121734,0.0,-0.01493494570121734,-0.01493494570121734,-0.014934945701217337,-0.01493494570121734,-0.01493494570121734,-0.01493494570121734,-0.01493494570121734
2023-08-10,0.0019355397599215539,0.005150463718840648,0.005150463718840648,0.005150463718840648,0.004650463718840647,-0.0005,0.005150463718840648,0.005150463718840647,0.005150463718840648,0.005150463718840648,0.005150463718840648,0.005150463718840648
2023-08-11,-0.00041084776600097244,-0.0010825194798443905,-0.0010825194798443905,-0.0010825194798443905,-0.0005,0.0,-0.0010825194798443905,-0.0010825194798443905,-0.0010825194798443905,-0.0010825194798443905,-0.0010825194798443905,-0.0010825194798443905
2023-08-14,0.00604505473975678,0.015605834874352187,0.015605834874352187,0.015605834874352187,0.015105834874352186,0.0,0.015605834874352187,0.015605834874352187,0.015605834874352187,0.015605834874352187,0.015605834874352187,0.015605834874352187
2023-08-15,-0.007937677939189671,-0.020630355012962953,-0.020630355012962953,-0.020630355012962953,-0.0005,-0.021130355012962954,-0.020630355012962953,-0.020630355012962953,-0.020630355012962953,-0.020630355012962953,-0.020630355012962953,-0.020630355012962953
2023-08-16,-0.007148872006375248,-0.018885675014943426,-0.018885675014943426,-0.018885675014943426,-0.019385675014943426,-0.0005,-0.018885675014943426,-0.018885675014943426,-0.018885675014943426,-0.018885675014943426,-0.018885675014943426,-0.018885675014943426
2023-08-17,-0.003012427617519839,-0.008069975106044458,-0.008069975106044458,-0.008069975106044458,-0.0005,0.0,-0.008069975106044458,-0.008069975106044458,-0.008069975106044458,-0.008069975106044458,-0.008069975106044458,-0.008069975106044458
2023-08-18,-0.0021404550843702997,-0.005672447612115605,-0.005672447612115605,-0.005672447612115605,0.0,0.0,-0.005672447612115605,-0.005672447612115605,-0.005672447612115605,-0.005672447612115605,-0.005672447612115605,-0.005672447612115605
2023-08-21,0.004409702809701044,0.01095925117625085,0.01095925117625085,0.01095925117625085,0.0,0.0,0.01095925117625085,0.01095925117625085,0.01095925117625085,0.01095925117625085,0.01095925117625085,0.01095925117625085
2023-08-22,-0.0012843862880322504,-0.0031926989840012077,-0.0031926989840012077,-0.0031926989840012077,-0.0036926989840012077,-0.0036926989840012077,-0.0031926989840012077,-0.0031926989840012077,-0.0031926989840012077,-0.0031926989840012077,-0.0031926989840012077,-0.0031926989840012077
2023-08-23,0.00381981453357832,0.009459994580714559,0.009459994580714559,0.009459994580714559,-0.0005,0.009459994580714559,0.009459994580714559,0.009459994580714559,0.009459994580714559,0.009459994580714559,0.009459994580714559,0.009459994580714559
2023-08-24,-0.01094287135508467,-0.027154721211281152,-0.02715472121128115,-0.027154721211281152,-0.027654721211281152,-0.027154721211281152,-0.027154721211281152,-0.027154721211281152,-0.027154721211281152,-0.027154721211281152,-0.027154721211281152,-0.027154721211281152
2023-08-25,0.0041906441510677975,0.010770617478674804,0.010770617478674804,0.010770617478674804,-0.011770617478674805,-0.0005,0.010770617478674804,0.010770617478674804,0.010770617478674804,0.010770617478674804,0.010770617478674804,0.010770617478674804
2023-08-28,-0.0003503899285102188,-0.0009004586682715976,-0.0009004586682715976,-0.0009004586682715976,0.0009004586682715976,0.0,-0.0009004586682715976,-0.0009004586682715976,-0.0005,-0.0009004586682715976,-0.0009004586682715976,-0.0009004586682715976
2023-08-29,0.005356301068765028,0.013294308852149106,0.013294308852149106,0.013294308852149106,-0.0005,0.0,0.013294308852149106,0.013294308852149106,0.0,0.013294308852149106,0.013294308852149106,0.013294308852149106
2023-08-30,0.0004769591935022384,0.0011860029483812262,0.0011860029483812262,0.0011860029483812262,0.0,0.0006860029483812262,0.0011860029483812262,0.0011860029483812262,0.0,0.0011860029483812262,0.0011860029483812262,0.0011860029483812262
2023-08-31,0.008862651670962736,0.021766395374215985,0.021766395374215985,0.021766395374215985,0.0,0.021766395374215985,0.021766395374215985,0.021766395374215985,0.0,0.021766395374215985,0.021766395374215985,0.021766395374215985
2023-09-01,0.00032738566190884,0.0007970481467276525,0.0007970481467276525,0.0007970481467276525,0.00029704814672765244,0.0007970481467276525,0.0007970481467276525,0.0007970481467276525,0.0,0.0007970481467276525,0.0007970481467276525,0.0007970481467276525
2023-09-05,-0.002563115589299744,-0.006154002858205887,-0.006154002858205887,-0.006154002858205887,-0.006154002858205887,-0.006154002858205887,-0.006154002858205887,-0.006154002858205887,0.0,-0.006154002858205887,-0.006154002858205887,-0.006154002858205887
2023-09-06,-0.009744528830007112,-0.013914209970579572,-0.013914209970579572,-0.013914209970579572,-0.013914209970579572,-0.0005,-0.013914209970579572,-0.013914209970579572,0.0,-0.013914209970579572,-0.013914209970579572,-0.013914209970579572
2023-09-07,0.013162791131604084,0.018395430569861038,0.018395430569861038,0.018395430569861038,0.018395430569861038,0.0,0.018395430569861038,0.018395430569861038,0.0,0.018395430569861038,0.018395430569861038,0.018395430569861038
2023-09-08,0.0019159521325116406,0.0027565441218631026,0.0027565441218631026,0.0027565441218631026,0.0027565441218631026,0.0022565441218631026,0.0027565441218631026,0.0027565441218631026,0.0,0.0027565441218631026,0.0027565441218631026,0.0027565441218631026
2023-09-11,0.02532226573062101,0.035231212663680456,0.03523121266368045,0.035231212663680456,0.035231212663680456,0.035231212663680456,0.035231212663680456,0.035231212663680456,0.034731212663680455,0.035231212663680456,0.035231212663680456,0.035231212663680456
2023-09-12,-0.008179253888048866,-0.013067856717097759,-0.013067856717097759,-0.013067856717097759,-0.0005,-0.013067856717097759,-0.013067856717097759,-0.013067856717097759,-0.013067856717097759,-0.013067856717097759,-0.013067856717097759,-0.013067856717097759
2023-09-13,0.015603184020742115,0.025632022130484877,0.025632022130484877,0.025632022130484877,0.025132022130484877,0.025632022130484877,0.025632022130484877,0.025632022130484877,0.025632022130484877,0.025632022130484877,0.025632022130484877,0.025632022130484877
2023-09-14,-0.0005374003111437758,-0.0008975138235036706,-0.0008975138235036706,-0.0008975138235036706,-0.0008975138235036706,-0.0008975138235036706,-0.0008975138235036706,-0.0008975138235036706,-0.0005,-0.00010248617649632943,-0.0008975138235036706,-0.0008975138235036706
2023-09-15,-0.01846290804822934,-0.029919857618376344,-0.029919857618376344,-0.029919857618376344,-0.0005,-0.029919857618376344,-0.029919857618376344,-0.029919857618376344,-0.030419857618376345,0.029919857618376344,-0.029919857618376344,-0.029919857618376344
2023-09-18,-0.001715232667710574,-0.0029204620264398073,-0.0029204620264398073,-0.0029204620264398073,-0.0034204620264398074,-0.0005,-0.0029204620264398073,-0.0029204620264398073,-0.0029204620264398073,0.0029204620264398073,-0.0029204620264398073,-0.0029204620264398073
2023-09-19,-0.009833539141020179,-0.016788047695762587,-0.016788047695762587,-0.016788047695762587,-0.016788047695762587,0.0,-0.016788047695762587,-0.016788047695762587,-0.016788047695762587,0.016788047695762587,-0.016788047695762587,-0.016788047695762587
2023-09-20,-0.009695872898166171,-0.01700219075536713,-0.01700219075536713,-0.01700219075536713,-0.01700219075536713,0.0,-0.01700219075536713,-0.01700219075536713,-0.01700219075536713,-0.01800219075536713,-0.01700219075536713,-0.01700219075536713
2023-09-21,-0.024607603512569857,-0.04405345369833069,-0.04405345369833069,-0.04405345369833069,-0.04405345369833069,0.0,-0.04405345369833069,-0.04405345369833069,-0.04405345369833069,-0.04405345369833069,-0.04405345369833069,-0.04405345369833069
2023-09-22,-0.0008237728404653692,-0.0016238050792075631,-0.0016238050792075631,0.0006238050792075631,0.0006238050792075631,0.0,-0.0016238050792075631,-0.0016238050792075631,-0.0016238050792075631,-0.0016238050792075631,-0.0016238050792075631,-0.0016238050792075631
2023-09-25,0.008135162144584459,0.01665124873434287,0.01665124873434287,-0.01665124873434287,0.01565124873434287,0.0,0.01665124873434287,0.01665124873434287,0.01665124873434287,0.01665124873434287,0.01665124873434287,0.01665124873434287
2023-09-26,-0.020199357028966136,-0.040298626825268746,-0.040298626825268746,0.040298626825268746,-0.0005,0.0,-0.040298626825268746,-0.040298626825268746,-0.040298626825268746,-0.040298626825268746,-0.040298626825268746,-0.040298626825268746
2023-09-27,-2.126077859667652e-05,-0.0005,-0.0005,0.0,0.0,0.0,-0.001,0.0,-0.0005,0.0,0.0,0.0
2023-09-28,-4.852289490958617e-08,0.0,0.0,0.0,0.0,0.0,0.0,0.0,0.0,0.0,0.0,0.0
2023-09-29,0.004207599251217954,0.0,0.0,-0.009049050319664742,0.008549050319664742,0.0,-0.009049050319664742,0.009049050319664742,0.0,0.009049050319664742,0.009049050319664742,0.009049050319664742
2023-10-02,0.00849995261033505,0.0,0.0,-0.01840783446134786,0.01840783446134786,0.01790783446134786,-0.01840783446134786,0.01840783446134786,-0.01890783446134786,0.01840783446134786,0.01840783446134786,0.01840783446134786
2023-10-03,-0.017069450112534128,0.0,0.0,0.03661366636292884,-0.03661366636292884,-0.03661366636292884,0.03661366636292884,-0.03661366636292884,0.03661366636292884,-0.03661366636292884,-0.03661366636292884,-0.03661366636292884
2023-10-04,0.008006093231115527,0.0,0.0,-0.018280939360016735,0.018280939360016735,-0.0005,-0.018280939360016735,0.018280939360016735,-0.018280939360016735,-0.019280939360016736,0.018280939360016735,0.018280939360016735
2023-10-05,-0.003506144422115285,0.0,0.0,0.008188983586829512,-0.0005,-0.008688983586829513,0.008188983586829512,-0.008188983586829512,0.008188983586829512,0.008188983586829512,-0.008188983586829512,-0.008188983586829512
2023-10-06,0.006817321460598113,0.0,0.0,-0.015878056641289273,0.0,-0.0005,-0.015878056641289273,0.01587805664128927,-0.015878056641289273,-0.015878056641289273,0.015878056641289273,0.015878056641289273
2023-10-09,0.0010109744927147505,0.0,0.0,-0.0023444468936362206,0.0,0.0018444468936362206,-0.0023444468936362206,0.0023444468936362206,-0.0023444468936362206,-0.0023444468936362206,0.0023444468936362206,0.0023444468936362206
2023-10-10,0.004107382628414112,0.0,0.0,-0.009511938819224852,0.0,0.009511938819224852,-0.009511938819224852,0.009511938819224852,-0.009511938819224852,-0.009511938819224852,0.009511938819224852,0.009511938819224852
2023-10-11,0.008440674683943689,0.0,0.0,-0.01814956889912689,0.0,0.01814956889912689,-0.01814956889912689,0.01814956889912689,-0.01814956889912689,-0.01814956889912689,0.01814956889912689,0.01814956889912689
2023-10-12,0.0017208882502278901,0.0032927633547389927,0.0032927633547389927,-0.0037927633547389927,-0.004292763354738993,0.0037927633547389927,0.0027927633547389927,0.0037927633547389927,-0.0037927633547389927,-0.0037927633547389927,0.0037927633547389927,0.0037927633547389927
2023-10-13,-0.009183501713363924,-0.019194502454286222,-0.019194502454286222,-0.0005,-0.020194502454286223,-0.019194502454286222,-0.019194502454286222,-0.01919450245428622,0.019194502454286222,0.019194502454286222,-0.019194502454286222,-0.019194502454286222
2023-10-16,0.010030248946560365,-0.0005,0.021265196921155024,0.0,0.021265196921155027,-0.0005,-0.0005,0.021265196921155027,-0.021265196921155027,-0.021265196921155027,-0.022265196921155028,0.021265196921155027
2023-10-17,-0.0038591737715230993,-0.008647882355257097,-0.008147882355257097,0.0,-0.0005,-0.008647882355257097,-0.008647882355257097,-0.008147882355257097,0.008147882355257097,0.008147882355257097,-0.009147882355257098,-0.008147882355257097
2023-10-18,-0.012008032201023025,-0.025405007278304192,-0.025405007278304192,0.0,-0.025905007278304193,-0.0005,-0.025405007278304192,-0.025405007278304192,-0.0005,0.025405007278304192,0.02440500727830419,-0.025405007278304192
2023-10-19,0.0009725724530214104,-0.0005,0.0021071490157111845,0.0,-0.0005,0.0,-0.0005,0.002107149015711185,0.0,-0.002107149015711185,-0.002107149015711185,0.002107149015711185
2023-10-20,-0.011795175767512125,0.0,-0.02515573116103942,0.0,-0.02565573116103942,0.0,0.0,-0.02515573116103942,0.0,0.02515573116103942,0.02515573116103942,-0.02515573116103942
2023-10-23,0.005634270316846829,0.0,0.011104892625885654,0.0,0.011104892625885654,0.0,0.0,0.011104892625885654,0.0,-0.011104892625885654,-0.011104892625885654,0.011104892625885654
2023-10-24,0.007958594315037404,0.0,0.015802781594350668,0.0,-0.01680278159435067,0.0,0.0,0.015802781594350668,0.0,-0.015802781594350668,0.014802781594350667,0.015802781594350668
2023-10-25,-0.028155617401825768,0.0,-0.05577161096069127,0.0,-0.0005,-0.056271610960691276,0.0,-0.055771610960691276,0.0,0.055771610960691276,-0.055771610960691276,-0.055771610960691276
2023-10-26,-0.00691234783029544,0.0,-0.01499299533713827,0.0,0.01449299533713827,-0.0005,0.0,-0.01499299533713827,0.0,0.01499299533713827,0.01399299533713827,-0.01499299533713827
2023-10-27,0.03109043478670925,0.0,0.06832816082460003,0.0,-0.0005,0.0,0.0,0.06832816082460003,-0.06882816082460003,-0.06832816082460003,0.06732816082460003,0.06832816082460003
2023-10-30,0.014168307906833837,0.0,0.03890722509168976,0.0,0.0,0.038407225091689756,0.038407225091689756,0.03890722509168976,-0.03890722509168976,-0.03890722509168976,0.03890722509168976,0.03890722509168976
2023-10-31,0.0009890986290898504,0.002363308000901066,0.002863308000901066,0.0,0.002363308000901066,0.002863308000901066,0.002863308000901066,0.002863308000901066,-0.002863308000901066,-0.002863308000901066,0.002863308000901066,0.002863308000901066
2023-11-01,0.010328061055594286,0.02937864429857373,0.029378644298573727,0.0,0.02937864429857373,0.02937864429857373,0.02937864429857373,0.02937864429857373,-0.02937864429857373,-0.02937864429857373,0.02937864429857373,0.02937864429857373
2023-11-02,0.0028305393788667066,0.007810272439553012,0.007810272439553012,0.007310272439553012,-0.0005,0.007810272439553012,0.007810272439553012,0.007810272439553012,-0.007810272439553012,-0.007810272439553012,0.007810272439553011,0.007810272439553012
2023-11-03,0.0014020433212840054,0.0038386235328597973,0.0038386235328597973,0.0038386235328597973,0.0033386235328597973,0.0038386235328597973,0.0038386235328597973,0.0038386235328597973,-0.0038386235328597973,-0.0038386235328597973,-0.004838623532859797,0.0038386235328597973
2023-11-06,0.003024125663619445,0.008225103459209127,0.008225103459209127,0.008225103459209127,0.008225103459209127,0.008225103459209127,0.008225103459209127,0.008225103459209127,-0.0005,-0.008225103459209127,-0.008225103459209127,0.008225103459209127
2023-11-07,0.007850047808376316,0.02125376487729147,0.02125376487729147,0.02125376487729147,0.02125376487729147,0.02125376487729147,0.02125376487729147,0.02125376487729147,0.0,-0.02125376487729147,-0.02125376487729147,0.02125376487729147
2023-11-08,-0.0016166084789645933,-0.004414580990635519,-0.004414580990635519,-0.004414580990635519,-0.004414580990635519,-0.004414580990635519,-0.004414580990635519,-0.004414580990635519,0.0,-0.005414580990635519,0.004414580990635519,-0.004414580990635519
2023-11-09,-0.003800755316669118,-0.010416636461610618,-0.010416636461610618,-0.010416636461610618,-0.010416636461610618,-0.010416636461610618,-0.010416636461610618,-0.010416636461610618,0.0,-0.010416636461610618,0.010416636461610616,-0.010416636461610618
2023-11-10,0.0076771542781372635,0.021052569890351647,0.021052569890351647,0.021052569890351647,-0.022052569890351648,-0.0005,0.021052569890351647,0.021052569890351647,0.0,0.021052569890351647,-0.021052569890351643,0.021052569890351647
2023-11-13,-0.0024391132100393255,-0.006756765374750118,-0.006756765374750118,-0.006756765374750118,-0.007756765374750118,-0.007256765374750118,-0.006756765374750118,-0.006756765374750118,0.0,-0.006756765374750118,0.006756765374750118,-0.006756765374750118
2023-11-14,0.008248853268903402,0.02251214528584833,0.022512145285848325,0.02251214528584833,-0.0005,0.02251214528584833,0.02251214528584833,0.022512145285848325,0.022012145285848328,0.02251214528584833,-0.02251214528584833,0.02251214528584833
2023-11-15,-0.006526393380751631,-0.017832688951265996,-0.017832688951265996,-0.017832688951265996,-0.018332688951265996,-0.017832688951265996,-0.017832688951265996,-0.017832688951265996,-0.017832688951265996,-0.017832688951265996,0.017832688951265996,-0.017832688951265996
2023-11-16,-0.0009359839523383589,-0.0025837648398919777,-0.0025837648398919777,-0.0025837648398919777,-0.0005,-0.0005,-0.0025837648398919777,-0.0025837648398919777,-0.0025837648398919777,-0.0025837648398919777,0.0025837648398919773,-0.0025837648398919777
2023-11-17,0.006136919670912636,0.016453061783939793,0.016453061783939793,0.016453061783939793,0.015953061783939793,0.0,0.016453061783939793,0.016453061783939793,0.016453061783939793,0.016453061783939793,-0.01645306178393979,0.016453061783939793
2023-11-20,0.002433048953146203,0.0065436854591447435,0.0065436854591447435,0.0065436854591447435,0.0065436854591447435,0.006043685459144743,0.0065436854591447435,0.0065436854591447435,0.0065436854591447435,0.0065436854591447435,-0.0065436854591447435,0.0065436854591447435
2023-11-21,-0.005924375565018495,-0.015260459261028925,-0.015260459261028925,-0.015260459261028925,-0.015260459261028925,-0.015260459261028925,-0.015260459261028925,-0.015260459261028925,-0.015260459261028925,-0.015260459261028925,0.015260459261028925,-0.015260459261028925
2023-11-22,0.007418114106209403,0.019527539517508297,0.019527539517508297,0.019527539517508297,-0.020527539517508298,-0.0005,0.019527539517508297,0.019527539517508297,0.019527539517508297,0.019527539517508297,-0.019527539517508297,0.019527539517508297
2023-11-24,7.682133400184849e-05,0.0002044767086364363,0.0002044767086364363,0.0002044767086364363,-0.0005,-0.0002955232913635637,0.0002044767086364363,0.00020447670863643622,0.0002044767086364363,0.0002044767086364363,-0.0002044767086364363,0.0002044767086364363
2023-11-27,0.0030616847760634915,0.006746559883569869,0.006746559883569869,0.006746559883569869,0.0,0.006746559883569869,0.006746559883569869,0.006746559883569869,0.006746559883569869,0.006746559883569869,-0.006746559883569869,0.006746559883569869
2023-11-28,-0.0022699466273125245,-0.00473835354015173,-0.00473835354015173,-0.00473835354015173,-0.00523835354015173,-0.00473835354015173,-0.00473835354015173,-0.00473835354015173,-0.00473835354015173,-0.00473835354015173,0.00473835354015173,-0.00473835354015173
2023-11-29,-0.0031385132478669387,-0.0048288883967405605,-0.0048288883967405605,-0.0048288883967405605,-0.0005,-0.0005,-0.0048288883967405605,-0.00482888839674056,-0.0048288883967405605,-0.0048288883967405605,0.0048288883967405605,-0.0048288883967405605
2023-11-30,-0.0011712900887009044,-0.001571972217158657,-0.001571972217158657,-0.001571972217158657,-0.002071972217158657,0.0,-0.001571972217158657,-0.001571972217158657,-0.001571972217158657,-0.001571972217158657,0.001571972217158657,-0.001571972217158657
2023-12-01,0.004596134055878514,0.006434406632690459,0.006434406632690459,0.006434406632690459,-0.0005,0.0,0.006434406632690459,0.006434406632690459,0.006434406632690459,0.006434406632690459,-0.006434406632690459,0.006434406632690459
2023-12-04,-0.011811305827150363,-0.014894936132684111,-0.014894936132684111,-0.014894936132684111,-0.015394936132684112,-0.015394936132684112,-0.014894936132684111,-0.014894936132684111,-0.014894936132684111,-0.014894936132684111,0.014894936132684111,-0.014894936132684111
2023-12-05,0.010584815003833776,0.014084566393959497,0.014084566393959497,0.014084566393959497,0.014084566393959497,-0.0005,0.014084566393959497,0.014084566393959497,0.014084566393959497,0.014084566393959497,-0.014084566393959497,0.014084566393959497
2023-12-06,-0.011861323576169312,-0.016067541747663228,-0.016067541747663228,-0.016067541747663228,-0.016067541747663228,-0.016567541747663228,-0.016067541747663228,-0.016067541747663228,-0.016067541747663228,-0.016067541747663228,0.016067541747663228,-0.016067541747663228
2023-12-07,0.011514836941545674,0.016329923474831087,0.016329923474831087,0.016329923474831087,0.016329923474831087,-0.0005,0.016329923474831087,0.016329923474831087,0.016329923474831087,0.016329923474831087,-0.016329923474831087,0.016329923474831087
2023-12-08,0.002651010041766934,0.0036764247561378305,0.0036764247561378305,0.0036764247561378305,0.0036764247561378305,0.0031764247561378305,0.0036764247561378305,0.0036764247561378305,0.0036764247561378305,0.0036764247561378305,-0.0036764247561378305,0.0036764247561378305
2023-12-11,-0.007546117500478511,-0.010378502226973785,-0.010378502226973785,-0.010378502226973785,-0.010378502226973785,-0.010378502226973785,-0.010378502226973785,-0.010378502226973785,-0.010378502226973785,-0.010378502226973785,0.010378502226973785,-0.010378502226973785
2023-12-12,0.007923489718640403,0.010898597193382598,0.010898597193382598,0.010898597193382598,0.010898597193382598,-0.0005,0.010898597193382598,0.010898597193382598,0.010898597193382598,0.010898597193382598,-0.010898597193382596,0.010898597193382598
2023-12-13,0.004038880606184469,0.009221593773735215,0.009221593773735215,0.009221593773735215,-0.0005,0.008721593773735214,0.009221593773735215,0.009221593773735215,0.009221593773735215,0.009221593773735215,-0.009221593773735215,0.009221593773735215
2023-12-14,-0.004320354923781577,-0.00954043404920335,-0.00954043404920335,-0.00954043404920335,-0.01004043404920335,-0.00954043404920335,-0.00954043404920335,-0.00954043404920335,-0.00954043404920335,-0.00954043404920335,0.00954043404920335,-0.00954043404920335
2023-12-15,0.007833134635643642,0.01729753821347546,0.01729753821347546,0.01729753821347546,0.01729753821347546,-0.0005,0.01729753821347546,0.01729753821347546,0.01729753821347546,0.01729753821347546,0.01629753821347546,0.01729753821347546
2023-12-18,0.012380306616566463,0.027338841569267247,0.027338841569267247,0.027338841569267247,-0.028338841569267248,0.026838841569267247,0.027338841569267247,0.027338841569267247,0.027338841569267247,0.027338841569267247,-0.028338841569267248,0.027338841569267247
2023-12-19,-0.0008230249364758068,-0.0018174467759756174,-0.0018174467759756174,-0.0005,-0.0005,-0.0018174467759756174,-0.0018174467759756174,-0.0018174467759756174,-0.0018174467759756174,-0.0018174467759756174,0.0018174467759756174,-0.0018174467759756174
2023-12-20,-0.004917441584440734,-0.01085895208954335,-0.010858952089543348,0.0,0.0,-0.01085895208954335,-0.01085895208954335,-0.01085895208954335,-0.01085895208954335,-0.01085895208954335,0.01085895208954335,-0.01085895208954335
2023-12-21,0.0051202804015290475,0.011306871390431628,0.011306871390431628,0.0,-0.011806871390431628,-0.0005,0.011306871390431628,0.011306871390431628,0.011306871390431628,0.011306871390431628,0.010306871390431627,0.011306871390431628
2023-12-22,-0.0012363158260097614,-0.0027300973670256745,-0.0027300973670256745,0.0,-0.0005,-0.0032300973670256745,-0.0027300973670256745,-0.002730097367025674,-0.0027300973670256745,-0.0027300973670256745,0.0017300973670256745,-0.0027300973670256745
2023-12-26,-2.9500589109601662e-05,-6.514474615582078e-05,-6.514474615582078e-05,0.0,-0.00043485525384417923,-6.514474615582078e-05,-6.514474615582078e-05,-6.514474615582083e-05,-6.514474615582078e-05,-6.514474615582078e-05,6.514474615582078e-05,-6.514474615582078e-05
2023-12-27,-0.00026608809529576796,-0.0004563413242133496,-0.0004563413242133496,0.0,-0.0005,-0.0005,-0.0004563413242133496,-0.0004563413242133496,-0.0004563413242133496,-0.0004563413242133496,-0.0014563413242133496,-0.0004563413242133496
2023-12-28,0.00013436951585612899,0.0002609139551152939,0.0002609139551152939,0.0,0.0,0.0,0.0002609139551152939,0.0002609139551152939,0.0002609139551152939,0.0002609139551152939,0.0002609139551152939,0.0002609139551152939
2023-12-29,-0.004835016108544813,-0.009388462612883952,-0.009388462612883952,0.0,0.0,0.0,-0.009388462612883952,-0.009388462612883952,-0.009388462612883952,-0.009388462612883952,-0.009388462612883952,-0.009388462612883952
2024-01-02,-0.00681286028289129,-0.013228970207501023,-0.013228970207501023,0.0,0.0,0.0,-0.013228970207501023,-0.013228970207501023,-0.013228970207501023,-0.013228970207501023,-0.013228970207501023,-0.013228970207501023
2024-01-03,-0.00501493419191837,-0.00973782115920796,-0.00973782115920796,0.0,-0.01023782115920796,0.0,-0.0005,-0.00973782115920796,-0.00973782115920796,-0.00973782115920796,-0.00973782115920796,-0.00973782115920796
2024-01-04,-0.013527846274059042,-0.026267891590348702,-0.0262678915903487,0.0,-0.026267891590348702,0.0,0.0,-0.026267891590348702,-0.026267891590348702,-0.026267891590348702,-0.026267891590348702,-0.026267891590348702
2024-01-05,0.002386705626721388,0.00463442024626004,0.00463442024626004,0.0,0.00463442024626004,0.0,0.0,0.00463442024626004,-0.0005,0.00463442024626004,0.00463442024626004,0.00463442024626004
2024-01-08,0.013686883191802007,0.026576703830634596,0.026576703830634596,0.0,0.026576703830634596,0.0,0.0,0.026576703830634596,0.0,0.026576703830634596,0.026576703830634596,0.026576703830634596
2024-01-09,0.007840604333140377,0.015224607114340927,0.015224607114340927,0.0,0.015224607114340927,0.014724607114340926,0.0,0.015224607114340927,0.0,0.015224607114340927,-0.016224607114340928,0.015224607114340927
2024-01-10,0.008029264460816945,0.015590940651907248,0.015590940651907248,0.0,0.015590940651907248,0.015590940651907248,0.015090940651907248,0.015590940651907248,0.0,0.015590940651907248,-0.015590940651907248,0.015590940651907248
2024-01-11,0.004857490023117804,0.009432101662268044,0.009432101662268044,0.0,0.009432101662268044,0.009432101662268044,0.009432101662268044,0.009432101662268044,0.0,0.009432101662268044,-0.009432101662268044,0.009432101662268044
2024-01-12,-0.0018584627073005883,-0.0036086969005325598,-0.0036086969005325598,0.0,-0.0036086969005325598,-0.0036086969005325598,-0.0036086969005325598,-0.0036086969005325598,0.0,-0.0036086969005325598,0.0036086969005325598,-0.0036086969005325598
2024-01-16,-0.009263833816342385,-0.009442449238027617,-0.009442449238027617,0.0,-0.009442449238027617,-0.009442449238027617,-0.009442449238027617,-0.009442449238027615,-0.009942449238027617,-0.009442449238027617,-0.010442449238027618,-0.009442449238027617
2024-01-17,-0.009066215276888077,-0.009467203666572499,-0.009467203666572499,0.0,-0.009467203666572499,-0.0005,-0.009467203666572499,-0.009467203666572499,-0.009467203666572499,-0.009467203666572499,-0.009467203666572499,-0.009467203666572499
2024-01-18,0.011299038318894889,0.011798781932089941,0.011798781932089941,0.0,0.011798781932089941,0.0,0.011798781932089941,0.011798781932089941,0.011798781932089941,0.011798781932089941,0.011798781932089941,0.011798781932089941
2024-01-19,0.011479233390397161,0.011986946826648914,0.011986946826648914,0.0,0.011986946826648914,0.011486946826648914,0.011986946826648914,0.011986946826648914,0.011986946826648914,0.011986946826648914,0.011986946826648913,0.011986946826648914
2024-01-22,-0.0034522890444447004,-0.003604979862209201,-0.003604979862209201,0.0,-0.003604979862209201,-0.003604979862209201,-0.003604979862209201,-0.003604979862209201,-0.003604979862209201,-0.003604979862209201,-0.0036049798622092006,-0.003604979862209201
2024-01-23,0.007672079194999259,0.008011406531487353,0.008011406531487353,0.0,0.008011406531487353,0.008011406531487353,0.008011406531487353,0.008011406531487353,0.008011406531487353,0.008011406531487353,0.008011406531487351,0.008011406531487353
2024-01-24,0.005217209416965631,0.005447960655367012,0.005447960655367012,0.0,0.005447960655367012,0.005447960655367012,0.005447960655367012,0.005447960655367012,0.005447960655367012,0.005447960655367012,0.0054479606553670115,0.005447960655367012
2024-01-25,0.005372167013937109,0.005609771850602074,0.005609771850602074,0.0,0.005609771850602074,0.005609771850602074,0.005609771850602074,0.005609771850602074,0.005609771850602074,0.005609771850602074,0.0056097718506020735,0.005609771850602074
2024-01-26,0.008316755965633854,0.008684596622424712,0.008684596622424712,0.0,0.008684596622424712,0.008684596622424712,0.008684596622424712,0.008684596622424712,0.008684596622424712,0.008684596622424712,0.00868459662242471,0.008684596622424712
2024-01-29,0.01287932788496408,0.01344896590822775,0.01344896590822775,0.0,-0.014448965908227751,0.01344896590822775,0.01344896590822775,0.01344896590822775,0.01344896590822775,0.01344896590822775,0.013448965908227748,0.01344896590822775
2024-01-30,-0.013421005362711116,-0.014014601164705653,-0.014014601164705653,0.0,0.014014601164705653,-0.014014601164705653,-0.014014601164705653,-0.014014601164705653,-0.014014601164705653,-0.014014601164705653,-0.014014601164705652,-0.014014601164705653
2024-01-31,-0.022887119020414157,-0.023899390262627773,-0.023899390262627773,0.0,-0.024899390262627774,-0.0005,-0.023899390262627773,-0.02389939026262777,-0.023899390262627773,-0.023899390262627773,-0.023899390262627773,-0.023899390262627773
2024-02-01,0.025175201577546158,0.026288672108771616,0.026288672108771616,0.0,0.026288672108771616,0.0,0.026288672108771616,0.026288672108771616,0.026288672108771616,0.026288672108771616,0.026288672108771616,0.026288672108771616
2024-02-02,0.07533453154184219,0.07866649218561839,0.07866649218561839,0.0,-0.07966649218561839,0.07816649218561839,0.07866649218561839,0.07866649218561839,0.07866649218561839,0.07866649218561839,0.07866649218561837,0.07866649218561839
2024-02-05,-0.00525916602319593,-0.008730574595861018,-0.008730574595861018,0.0,0.008730574595861018,-0.008730574595861018,-0.008730574595861018,-0.008730574595861018,-0.008730574595861018,-0.008730574595861018,-0.008730574595861016,-0.008730574595861018
2024-02-06,-0.003955926308403704,-0.00681113075414308,-0.006811130754143079,0.0,-0.00781113075414308,-0.00681113075414308,-0.00681113075414308,-0.00681113075414308,-0.00681113075414308,-0.00681113075414308,-0.00681113075414308,-0.00681113075414308
2024-02-07,0.004738464288689879,0.008158468416245013,0.008158468416245013,0.0,0.008158468416245013,0.008158468416245013,0.008158468416245013,0.008158468416245013,0.008158468416245013,0.008158468416245013,0.008158468416245013,0.008158468416245013
2024-02-08,-0.002350059260095142,-0.004046223223746481,-0.004046223223746481,0.0,-0.004046223223746481,-0.004046223223746481,-0.004046223223746481,-0.004046223223746481,-0.004046223223746481,-0.004046223223746481,-0.00404622322374648,-0.004046223223746481
2024-02-09,0.015764855211271377,0.02714319777292107,0.02714319777292107,0.0,0.02714319777292107,0.02714319777292107,0.02714319777292107,0.02714319777292107,0.02714319777292107,0.02714319777292107,0.02714319777292107,0.02714319777292107
2024-02-12,-0.007024907176398635,-0.012095159915523457,-0.012095159915523457,0.0,-0.012095159915523457,-0.012095159915523457,-0.012095159915523457,-0.012095159915523457,-0.012095159915523457,-0.012095159915523457,-0.012095159915523455,-0.012095159915523457
2024-02-13,-0.012469362821598003,-0.021469171561243172,-0.021469171561243172,0.0,-0.021469171561243172,-0.0005,-0.021469171561243172,-0.021469171561243172,-0.021469171561243172,-0.021469171561243172,-0.021469171561243172,-0.021469171561243172
2024-02-14,0.008022477051671502,0.013875689909627953,0.013875689909627953,0.0,0.013875689909627953,0.0,0.013875689909627953,0.013875689909627953,0.013875689909627953,0.013875689909627953,0.013875689909627953,0.013875689909627953
2024-02-15,-0.003987510043197085,-0.006901349311422389,-0.006901349311422389,0.0,-0.006901349311422389,-0.007401349311422389,-0.006901349311422389,-0.006901349311422389,-0.006901349311422389,-0.006901349311422389,-0.006901349311422389,-0.006901349311422389
2024-02-16,-0.0009982828439145438,-0.0017079419299743659,-0.0017079419299743659,0.0,-0.0017079419299743659,-0.0005,-0.0017079419299743659,-0.0017079419299743659,-0.0017079419299743659,-0.0017079419299743659,-0.0017079419299743659,-0.0017079419299743659
2024-02-20,-0.008465641736212908,-0.01433539469369316,-0.01433539469369316,0.0,-0.01433539469369316,-0.01483539469369316,-0.01433539469369316,-0.01433539469369316,-0.01433539469369316,-0.01433539469369316,-0.01433539469369316,-0.01433539469369316
2024-02-21,0.005288790228901893,0.00903755380828164,0.00903755380828164,0.0,0.00903755380828164,-0.0005,0.00903755380828164,0.00903755380828164,0.00903755380828164,0.00903755380828164,0.00903755380828164,0.00903755380828164
2024-02-22,0.020898292393950323,0.035530017339574504,0.035530017339574504,0.0,-0.0005,0.035030017339574504,0.035530017339574504,0.035530017339574504,0.035530017339574504,0.035530017339574504,0.035530017339574504,0.035530017339574504
2024-02-23,0.00132850281169556,0.0023485144793740087,0.0023485144793740087,0.0,0.0,0.0023485144793740087,0.0023485144793740087,0.0023485144793740087,0.0023485144793740087,0.0023485144793740087,0.0023485144793740087,0.0023485144793740087
2024-02-26,-0.0008577218978328282,-0.0014858549486425066,-0.0014858549486425066,0.0,-0.0019858549486425066,-0.0014858549486425066,-0.0014858549486425066,-0.0014858549486425063,-0.0014858549486425066,-0.0014858549486425066,-0.0014858549486425066,-0.0014858549486425066
2024-02-27,-0.003950148631753182,-0.006810521779339163,-0.006810521779339163,0.0,-0.0005,-0.006810521779339163,-0.006810521779339163,-0.006810521779339163,-0.006810521779339163,-0.006810521779339163,-0.006810521779339163,-0.006810521779339163
2024-02-28,-0.0012667486927135133,-0.0021896371944472026,-0.0021896371944472026,0.0,0.0016896371944472026,-0.0005,-0.0021896371944472026,-0.002189637194447202,-0.0021896371944472026,-0.0021896371944472026,-0.0021896371944472026,-0.0021896371944472026
2024-02-29,0.012017267174080571,0.02078996747858297,0.02078996747858297,0.0,-0.02078996747858297,0.0,0.02078996747858297,0.02078996747858297,0.02078996747858297,0.02078996747858297,0.02078996747858297,0.02078996747858297
2024-03-01,0.004734610780822316,0.00825982552183624,0.00825982552183624,0.0,0.007259825521836239,0.007759825521836239,0.00825982552183624,0.00825982552183624,0.00825982552183624,0.00825982552183624,0.00825982552183624,0.00825982552183624
2024-03-04,-0.0020620653103332436,-0.003591063770984282,-0.003591063770984282,0.0,-0.0005,-0.003591063770984282,-0.003591063770984282,-0.003591063770984282,-0.003591063770984282,-0.003591063770984282,-0.003591063770984282,-0.003591063770984282
2024-03-05,-0.011178863280974552,-0.01948421375262155,-0.019484213752621545,0.0,0.018984213752621548,-0.01948421375262155,-0.01948421375262155,-0.01948421375262155,-0.01948421375262155,-0.01948421375262155,-0.01948421375262155,-0.01948421375262155
2024-03-06,-0.001985142363930038,-0.0035033346396604603,-0.0035033346396604603,0.0,-0.00450333463966046,-0.0005,-0.0035033346396604603,-0.0035033346396604603,-0.0035033346396604603,-0.0035033346396604603,-0.0035033346396604603,-0.0035033346396604603
2024-03-07,0.010871969041738006,0.019076784751165476,0.019076784751165476,0.0,0.019076784751165476,0.0,0.019076784751165476,0.019076784751165476,0.019076784751165476,0.019076784751165476,0.019076784751165476,0.019076784751165476
2024-03-08,-0.00472136767129571,-0.008313545751684748,-0.008313545751684748,0.0,-0.0005,-0.008813545751684748,-0.008313545751684748,-0.008313545751684748,-0.008313545751684748,-0.008313545751684748,-0.008313545751684748,-0.008313545751684748
2024-03-11,-0.011055497806472792,-0.019332758891648982,-0.019332758891648982,0.0,-0.019832758891648983,-0.0005,-0.019332758891648982,-0.019332758891648982,-0.019332758891648982,-0.019332758891648982,-0.019332758891648982,-0.019332758891648982
2024-03-12,0.011296969086879076,0.019946455814511488,0.019946455814511488,0.019446455814511487,0.019946455814511488,0.0,0.019946455814511488,0.019946455814511488,0.019946455814511488,0.019946455814511488,0.019946455814511488,0.019946455814511488
2024-03-13,0.0037447956933726553,0.0066708374081581034,0.0066708374081581034,0.0066708374081581034,0.0066708374081581034,0.006170837408158103,0.0066708374081581034,0.0066708374081581034,0.0066708374081581034,0.0066708374081581034,0.0066708374081581034,0.0066708374081581034
2024-03-14,0.006999479905933725,0.012403729449981915,0.012403729449981915,0.012403729449981915,-0.0005,0.012403729449981915,0.012403729449981915,0.012403729449981915,0.012403729449981915,0.012403729449981915,0.012403729449981915,0.012403729449981915
2024-03-15,-0.01366240152555191,-0.024223786467438835,-0.02422378646743883,-0.024223786467438835,-0.024723786467438835,-0.024223786467438835,-0.024223786467438835,-0.02422378646743883,-0.024223786467438835,-0.024223786467438835,-0.024223786467438835,-0.024223786467438835
2024-03-18,0.0001847439246275138,0.00034398325434925603,0.000343983254349256,0.00034398325434925603,0.00034398325434925603,-0.0005,0.00034398325434925603,0.000343983254349256,0.00034398325434925603,0.00034398325434925603,0.00034398325434925603,0.00034398325434925603
2024-03-19,0.004517798424481394,0.00813845829732096,0.00813845829732096,0.00813845829732096,0.00813845829732096,0.0,0.00813845829732096,0.00813845829732096,0.00813845829732096,0.00813845829732096,0.00813845829732096,0.00813845829732096
2024-03-20,0.007137440029335409,0.012791359170393646,0.012791359170393646,0.012791359170393646,-0.0005,0.012291359170393645,0.012791359170393646,0.012791359170393646,0.012791359170393646,0.012791359170393646,0.012791359170393646,0.012791359170393646
2024-03-21,-4.0869742068139206e-06,0.0,0.0,0.0,-0.0005,0.0,0.0,0.0,0.0,0.0,0.0,0.0
2024-03-22,0.002289334366223921,0.0040415450203241665,0.0040415450203241665,0.0040415450203241665,0.0040415450203241665,0.0040415450203241665,0.0040415450203241665,0.0040415450203241665,0.0040415450203241665,0.0040415450203241665,0.0040415450203241665,0.0040415450203241665
2024-03-25,0.002672699609224638,0.004696213001679439,0.004696213001679439,0.004696213001679439,0.004696213001679439,-0.0005,0.004696213001679439,0.004696213001679439,0.004696213001679439,0.004696213001679439,0.004696213001679439,0.004696213001679439
2024-03-26,-0.004477637046536765,-0.007845994154095037,-0.007845994154095037,-0.007845994154095037,-0.007845994154095037,-0.008345994154095038,-0.007845994154095037,-0.007845994154095037,-0.007845994154095037,-0.007845994154095037,-0.007845994154095037,-0.007845994154095037
2024-03-27,0.004884275018476429,0.008581036192426339,0.008581036192426339,0.008581036192426339,0.008581036192426339,-0.0005,0.008581036192426339,0.008581036192426339,0.008581036192426339,0.008581036192426339,0.008581036192426339,0.008581036192426339
2024-03-28,0.0017393893607815481,0.0030584610251771505,0.0030584610251771505,0.0030584610251771505,0.0030584610251771505,0.0025584610251771505,0.0030584610251771505,0.0030584610251771505,0.0030584610251771505,0.0030584610251771505,0.0030584610251771505,0.0030584610251771505
2024-04-01,0.0018608846029261538,0.003270852211551434,0.003270852211551434,0.003270852211551434,0.003270852211551434,0.003270852211551434,0.003270852211551434,0.003270852211551434,0.003270852211551434,0.003270852211551434,0.003270852211551434,0.003270852211551434
2024-04-02,-0.0008804918711605491,-0.0015472110151306673,-0.0015472110151306673,-0.0015472110151306673,-0.0015472110151306673,-0.0015472110151306673,-0.0015472110151306673,-0.0015472110151306673,-0.0015472110151306673,-0.0015472110151306673,-0.0015472110151306673,-0.0015472110151306673
2024-04-03,0.005436478402484652,0.009519072430478781,0.00951907243047878,0.009519072430478781,0.009519072430478781,-0.0005,0.009519072430478781,0.00951907243047878,0.009519072430478781,0.009519072430478781,0.009519072430478781,0.009519072430478781
2024-04-04,-0.007599296207194953,-0.013212014767422509,-0.013212014767422509,-0.013212014767422509,-0.0005,-0.013712014767422509,-0.013212014767422509,-0.013212014767422509,-0.013212014767422509,-0.013212014767422509,-0.013212014767422509,-0.013212014767422509
2024-04-05,0.016146845406667276,0.028166707356770848,0.028166707356770848,0.028166707356770848,0.027666707356770848,-0.0005,0.028166707356770848,0.028166707356770848,0.028166707356770848,0.028166707356770848,0.028166707356770848,0.028166707356770848
2024-04-08,0.00037245376570825507,0.0006483768975988902,0.00064837689759889,0.0006483768975988902,0.0006483768975988902,0.00014837689759889016,0.0006483768975988902,0.0006483768975988902,0.0006483768975988902,0.0006483768975988902,0.0006483768975988902,0.0006483768975988902
2024-04-09,0.0014983394947210764,0.002591909504893186,0.002591909504893186,0.002591909504893186,0.002591909504893186,0.002591909504893186,0.002591909504893186,0.002591909504893186,0.002591909504893186,0.002591909504893186,0.002591909504893186,0.002591909504893186
2024-04-10,0.0008811489312452618,0.0015080453603608657,0.0015080453603608657,0.0015080453603608657,0.0015080453603608657,-0.0005,0.0015080453603608657,0.0015080453603608657,0.0015080453603608657,0.0015080453603608657,0.0015080453603608657,0.0015080453603608657
2024-04-11,0.009831766400780586,0.016671181255133227,0.016671181255133227,0.016671181255133227,0.016671181255133227,0.016171181255133227,0.016671181255133227,0.016671181255133227,0.016671181255133227,0.016671181255133227,0.016671181255133227,0.016671181255133227
2024-04-12,-0.009102539033821681,-0.015445639364236818,-0.015445639364236818,-0.0005,-0.015445639364236818,-0.015445639364236818,-0.015445639364236818,-0.015445639364236818,-0.015445639364236818,-0.015445639364236818,-0.015445639364236818,-0.015445639364236818
2024-04-15,-0.007873765805838755,-0.013485250630092094,-0.013485250630092094,0.0,-0.013485250630092094,-0.0005,-0.013485250630092094,-0.013485250630092094,-0.013485250630092094,-0.013485250630092094,-0.013485250630092094,-0.013485250630092094
2024-04-16,-0.0009730077821664159,-0.001633742516860992,-0.001633742516860992,0.0,-0.001633742516860992,0.0,-0.001633742516860992,-0.001633742516860992,-0.001633742516860992,-0.001633742516860992,-0.001633742516860992,-0.001633742516860992
2024-04-17,-0.006596548753783781,-0.011128128209780819,-0.011128128209780819,0.0,-0.011128128209780819,0.0,-0.011128128209780819,-0.011128128209780819,-0.011128128209780819,-0.011128128209780819,-0.011128128209780819,-0.011128128209780819
2024-04-18,-0.006736145697190355,-0.011363622972558218,-0.011363622972558218,0.0,-0.011363622972558218,0.0,-0.011363622972558218,-0.011363622972558218,-0.011363622972558218,-0.011363622972558218,-0.011363622972558218,-0.011363622972558218
2024-04-19,-0.015181703978107218,-0.02561096030926935,-0.02561096030926935,-0.02611096030926935,-0.02561096030926935,0.0,-0.02561096030926935,-0.02561096030926935,-0.02561096030926935,-0.02561096030926935,-0.02561096030926935,-0.02561096030926935
2024-04-22,0.008825668450763477,0.014888568814227066,0.014888568814227066,0.014888568814227066,0.014888568814227066,0.0,-0.0005,0.014888568814227066,-0.0005,0.014888568814227066,0.014888568814227064,0.014888568814227066
2024-04-23,0.007726253437610942,0.01303389727631088,0.01303389727631088,0.01303389727631088,0.01303389727631088,0.012533897276310879,0.0,0.013033897276310878,0.0,0.01303389727631088,0.01303389727631088,0.01303389727631088
2024-04-24,-0.009739911663462237,-0.016430862529557833,-0.016430862529557833,-0.016430862529557833,-0.016430862529557833,-0.016430862529557833,-0.016930862529557833,-0.016430862529557833,0.0,-0.016430862529557833,-0.016430862529557833,-0.016430862529557833
2024-04-25,-0.00980191963630238,-0.016535467634067658,-0.016535467634067658,-0.016535467634067658,-0.016535467634067658,-0.0005,-0.0005,-0.016535467634067658,0.0,0.015535467634067657,-0.016535467634067654,-0.016535467634067658
2024-04-26,0.020308909262038394,0.034260361668536854,0.034260361668536854,0.034260361668536854,-0.0005,0.0,0.0,0.034260361668536854,0.0,-0.034260361668536854,0.034260361668536854,0.034260361668536854
2024-04-29,0.004422303376853359,0.007460258507441919,0.007460258507441919,0.007460258507441919,0.006960258507441919,0.006960258507441919,0.006960258507441919,0.007460258507441919,0.0,-0.007460258507441919,0.007460258507441919,0.007460258507441919
2024-04-30,-0.019523550549038114,-0.03293549122868411,-0.03293549122868411,-0.03293549122868411,-0.03293549122868411,-0.03293549122868411,-0.03293549122868411,-0.03293549122868411,0.0,-0.03393549122868411,-0.03293549122868411,-0.03293549122868411
2024-05-01,0.012015862431118959,0.02285714285714291,0.02285714285714291,0.02285714285714291,0.02285714285714291,-0.0005,-0.0005,0.02285714285714291,0.0,-0.02385714285714291,0.02285714285714291,0.02285714285714291
2024-05-02,0.016844608100645773,0.031955314082140474,0.031955314082140474,0.031955314082140474,0.031955314082140474,0.03145531408214047,0.03145531408214047,0.031955314082140474,0.0,-0.031955314082140474,0.031955314082140474,0.031955314082140474
2024-05-03,0.00425198542886899,0.008066292135759712,0.008066292135759712,0.008066292135759712,0.008066292135759712,0.008066292135759712,0.008066292135759712,0.008066292135759712,0.0,0.007066292135759712,0.008066292135759712,0.008066292135759712
2024-05-06,0.00831861174068635,0.013371946429286963,0.013371946429286961,-0.0005,0.013371946429286963,0.013371946429286963,0.013371946429286963,0.013371946429286963,0.0,0.013371946429286963,0.013371946429286963,0.013371946429286963
2024-05-07,0.00019896904879071034,0.0003179520909595279,0.00031795209095952787,0.0,-0.0005,0.0003179520909595279,0.0003179520909595279,0.0003179520909595279,-0.0001820479090404721,0.0003179520909595279,0.0003179520909595279,0.0003179520909595279
2024-05-08,-0.002519557856834748,-0.004026247769404412,-0.004026247769404412,0.0,0.0,-0.004026247769404412,-0.004026247769404412,-0.004026247769404412,-0.004026247769404412,-0.004026247769404412,-0.004026247769404412,-0.004026247769404412
2024-05-09,0.0049929503577661825,0.007978723404255428,0.007978723404255428,0.0,0.0,-0.0005,0.007978723404255428,0.007978723404255428,0.007978723404255428,0.007978723404255428,0.007978723404255426,0.007978723404255428
2024-05-10,-0.006670630917558846,-0.01065965315282813,-0.01065965315282813,0.0,-0.01115965315282813,-0.01115965315282813,-0.01065965315282813,-0.01065965315282813,-0.01065965315282813,-0.01065965315282813,-0.01065965315282813,-0.01065965315282813
2024-05-13,-0.0030374193910926066,-0.004853789332504466,-0.004853789332504466,0.0,-0.0005,-0.0005,-0.004853789332504466,-0.004853789332504466,-0.004853789332504466,-0.004853789332504466,-0.004853789332504465,-0.004853789332504466
2024-05-14,0.0016770731814874026,0.002679959159411549,0.002679959159411549,0.0,0.0,0.0,0.002679959159411549,0.002679959159411549,0.002679959159411549,0.002679959159411549,0.0026799591594115486,0.002679959159411549
2024-05-15,-0.003793629091860484,-0.005773249525686364,-0.005773249525686364,0.0,-0.006273249525686364,-0.006273249525686364,-0.005773249525686364,-0.005773249525686364,-0.005773249525686364,0.004773249525686364,-0.005773249525686364,-0.005773249525686364
2024-05-16,-0.008338679905933498,-0.012688857146349708,-0.012688857146349708,0.0,-0.012688857146349708,-0.0005,-0.012688857146349708,-0.012688857146349708,-0.012688857146349708,0.012688857146349708,-0.012688857146349708,-0.012688857146349708
2024-05-17,0.0038078326418218684,0.005826891232250109,0.005826891232250109,0.0,0.005826891232250109,0.0,0.005826891232250109,0.005826891232250109,0.005826891232250109,-0.005826891232250109,0.005826891232250109,0.005826891232250109
2024-05-20,-0.004104584921683486,-0.006280474722663021,-0.006280474722663021,0.0,-0.006280474722663021,0.0,-0.006280474722663021,-0.006280474722663021,-0.006280474722663021,0.006280474722663021,-0.006280474722663021,-0.006280474722663021
2024-05-21,-0.0014014236838199691,-0.0021248741632045043,-0.0021248741632045043,0.0,-0.0021248741632045043,0.0,-0.0021248741632045043,-0.0021248741632045043,-0.0021248741632045043,-0.0031248741632045043,-0.0021248741632045043,-0.0021248741632045043
2024-05-22,-7.25424094933137e-05,-0.00010914012742568868,-0.00010914012742568868,0.0,-0.00010914012742568868,0.0,-0.00010914012742568868,-0.00010914012742568868,-0.00010914012742568868,-0.00010914012742568868,-0.00010914012742568868,-0.00010914012742568868
2024-05-23,-0.00788124274610105,-0.011358061353112014,-0.011358061353112014,0.0,-0.011358061353112014,-0.011858061353112015,-0.011358061353112014,-0.011358061353112014,-0.0005,-0.011358061353112014,-0.011358061353112014,-0.011358061353112014
2024-05-24,-0.0011424416765079197,-0.0016570176564539851,-0.0016570176564539851,0.0,-0.0016570176564539851,-0.0005,-0.0005,-0.0016570176564539851,0.0,-0.0016570176564539851,-0.0016570176564539851,-0.0016570176564539851
2024-05-28,0.005329995476032754,0.007745471073219212,0.007745471073219212,0.0,0.007745471073219212,0.0,0.0,0.007745471073219212,0.0,0.007745471073219212,0.007745471073219212,0.007745471073219212
2024-05-29,-0.0004913778799819474,-0.0007136405620595809,-0.0007136405620595809,0.0,-0.0007136405620595809,-0.001213640562059581,-0.001213640562059581,-0.0007136405620595809,0.0,-0.0007136405620595809,-0.0007136405620595809,-0.0007136405620595809
2024-05-30,-0.010214253188657606,-0.014833517662161122,-0.014833517662161122,0.0,-0.014833517662161122,-0.014833517662161122,-0.0005,-0.014833517662161122,0.0,-0.014833517662161122,-0.014833517662161122,-0.014833517662161122
2024-05-31,-0.011142756889368758,-0.016060700229647673,-0.016060700229647673,-0.016560700229647674,-0.0005,-0.0005,0.0,-0.016060700229647673,0.0,-0.016060700229647673,-0.016060700229647673,-0.016060700229647673
2024-06-03,0.007403693710658813,0.01076849847083472,0.01076849847083472,0.01076849847083472,0.01026849847083472,0.0,0.0,0.01076849847083472,0.0,0.01076849847083472,0.01076849847083472,0.01076849847083472
2024-06-04,0.00383856022653237,0.00560726713319748,0.005607267133197479,0.00560726713319748,-0.0005,0.0051072671331974795,0.0,0.00560726713319748,0.0,0.00560726713319748,0.00560726713319748,0.00560726713319748
2024-06-05,0.0075204097870429105,0.010817455564965828,0.010817455564965828,0.010817455564965828,0.010317455564965827,0.010817455564965828,0.0,0.010817455564965828,0.0,0.010817455564965828,0.010817455564965828,0.010817455564965828
2024-06-06,0.014222227090809478,0.020520748266509736,0.020520748266509736,0.020520748266509736,-0.0005,0.020520748266509736,0.0,0.020520748266509736,0.0,0.020520748266509736,0.020520748266509736,0.020520748266509736
2024-06-07,-0.0026172374746176795,-0.003783767287795614,-0.003783767287795614,-0.003783767287795614,0.0,-0.003783767287795614,-0.0042837672877956146,-0.003783767287795614,0.0,-0.003783767287795614,-0.003783767287795614,-0.003783767287795614
2024-06-10,0.010382469264385966,0.014975553234585881,0.014975553234585881,0.014975553234585881,0.0,0.014975553234585881,0.014975553234585881,0.014975553234585881,0.0,-0.015975553234585882,0.014975553234585881,0.014975553234585881
2024-06-11,0.000632972680882619,0.0009087895389929823,0.0009087895389929823,-0.0005,0.0004087895389929823,0.0009087895389929823,0.0009087895389929823,0.0009087895389929823,0.0004087895389929823,-0.0009087895389929823,0.0009087895389929823,0.0009087895389929823
2024-06-12,-0.001297413946165354,-0.0018159287809064173,-0.001815928780906417,0.0,-0.0018159287809064173,-0.0018159287809064173,-0.0018159287809064173,-0.0018159287809064173,-0.0018159287809064173,0.0018159287809064173,-0.0018159287809064173,-0.0018159287809064173
2024-06-13,-0.01166096927005027,-0.016373254687715777,-0.016373254687715777,0.0,-0.016373254687715777,-0.016373254687715777,-0.016373254687715777,-0.016373254687715777,-0.016373254687715777,0.016373254687715777,-0.016373254687715777,-0.016373254687715777
2024-06-14,-0.0006564208484348727,-0.0009247574783878276,-0.0009247574783878276,0.0,-0.0009247574783878276,-0.0005,-0.0009247574783878276,-0.0009247574783878276,-0.0009247574783878276,0.0009247574783878276,-0.0009247574783878276,-0.0009247574783878276
2024-06-17,0.0015745790164420736,0.002177904217078641,0.0021779042170786407,0.0,-0.003177904217078641,0.0,0.002177904217078641,0.002177904217078641,0.002177904217078641,-0.002177904217078641,0.002177904217078641,0.002177904217078641
2024-06-18,-0.0049418554443094185,-0.006791263808433312,-0.006791263808433312,0.0,-0.007791263808433312,-0.0072912638084333126,-0.006791263808433312,-0.006791263808433312,-0.0005,0.006791263808433312,-0.006791263808433312,-0.006791263808433312
2024-06-20,0.013093196206760084,0.017996874289478493,0.017996874289478493,0.0,0.017996874289478493,-0.0005,0.017996874289478493,0.017996874289478493,0.0,-0.017996874289478493,0.017996874289478493,0.017996874289478493
2024-06-21,0.011563146704831908,0.01601287280926522,0.01601287280926522,0.0,0.01601287280926522,0.015512872809265221,0.01601287280926522,0.016012872809265218,0.0,-0.01601287280926522,0.01601287280926522,0.01601287280926522
2024-06-24,-0.013270446371218722,-0.0185635417434159,-0.018563541743415898,0.0,-0.0185635417434159,-0.0185635417434159,-0.0185635417434159,-0.0185635417434159,-0.0190635417434159,0.0185635417434159,0.0175635417434159,-0.0185635417434159
2024-06-25,0.0029105215537587976,0.004149318226444709,0.004149318226444709,0.0,0.004149318226444709,-0.0005,0.004149318226444709,0.004149318226444709,0.004149318226444709,-0.004149318226444709,0.0031493182264447092,0.004149318226444709
2024-06-26,0.027427123673760326,0.03901472799901873,0.03901472799901873,0.0,0.03901472799901873,0.0,0.03901472799901873,0.03901472799901873,0.03901472799901873,-0.03901472799901873,0.03901472799901873,0.03901472799901873
2024-06-27,0.014516470249027452,0.0218997235669518,0.0218997235669518,0.0,-0.022899723566951802,0.0213997235669518,0.0218997235669518,0.0218997235669518,0.0218997235669518,0.0208997235669518,-0.022899723566951802,0.0218997235669518
2024-06-28,-0.015217285531293603,-0.023249966952787915,-0.023249966952787915,0.0,0.023249966952787915,-0.023249966952787915,-0.023249966952787915,-0.023249966952787915,-0.023249966952787915,-0.023249966952787915,0.023249966952787915,-0.023249966952787915
2024-07-01,0.013063967180436143,0.02043982896891161,0.02043982896891161,0.0,-0.02043982896891161,-0.0005,0.02043982896891161,0.02043982896891161,0.02043982896891161,0.02043982896891161,0.01943982896891161,0.02043982896891161
2024-07-02,0.008957253743485959,0.014198798656638534,0.014198798656638534,0.0,0.013198798656638533,0.013698798656638533,0.014198798656638534,0.014198798656638534,0.014198798656638534,0.014198798656638534,-0.015198798656638535,0.014198798656638534
2024-07-03,-0.007566523768163193,-0.012050018310546862,-0.012050018310546862,0.0,-0.012050018310546862,-0.012050018310546862,-0.012050018310546862,-0.012050018310546862,-0.012050018310546862,-0.012050018310546862,0.012050018310546862,-0.012050018310546862
2024-07-05,0.0076228405223431285,0.012196992290986808,0.012196992290986806,0.0,-0.013196992290986809,-0.0005,0.012196992290986808,0.012196992290986808,0.012196992290986808,0.012196992290986808,0.011196992290986807,0.012196992290986808
2024-07-08,-0.0022286293943830737,-0.0035500335693359197,-0.0035500335693359197,0.0,-0.00455003356933592,-0.00405003356933592,-0.0035500335693359197,-0.0035500335693359197,-0.0035500335693359197,-0.0035500335693359197,0.0025500335693359197,-0.0035500335693359197
2024-07-09,0.00015348673827393682,0.0002509059834530092,0.0002509059834530092,0.0,-0.0012509059834530092,-0.0005,0.0002509059834530092,0.0002509059834530092,0.0002509059834530092,0.0002509059834530092,-0.0007490940165469908,0.0002509059834530092
2024-07-10,0.0014521055885357947,0.002257434315787954,0.002257434315787954,0.0,-0.002257434315787954,0.0,0.002257434315787954,0.002257434315787954,0.002257434315787954,0.002257434315787954,0.002257434315787954,0.002257434315787954
2024-07-11,-0.015261665506463013,-0.023724863074531144,-0.02372486307453114,0.0,0.023724863074531144,-0.024224863074531144,-0.023724863074531144,-0.023724863074531144,-0.023724863074531144,-0.023724863074531144,0.022724863074531143,-0.023724863074531144
2024-07-12,-0.001813005079311115,-0.0028710461411536325,-0.0028710461411536325,0.0,-0.0038710461411536326,-0.0005,-0.0028710461411536325,-0.0028710461411536325,-0.0028710461411536325,-0.0028710461411536325,-0.0038710461411536326,-0.0028710461411536325
2024-07-15,-0.005777144928764089,-0.009100746683474936,-0.009100746683474936,0.0,-0.009100746683474936,0.0,-0.009100746683474936,-0.009100746683474936,-0.0005,-0.009100746683474936,-0.009100746683474936,-0.009100746683474936
2024-07-16,0.0009917284573085037,0.0015566783408964557,0.0015566783408964557,0.0,0.0015566783408964557,0.0,0.0015566783408964557,0.0015566783408964557,0.0,0.0015566783408964557,0.0015566783408964557,0.0015566783408964557
2024-07-17,-0.01696177634115344,-0.02637038381521739,-0.02637038381521739,0.0,-0.0005,0.0,-0.02637038381521739,-0.02637038381521739,0.0,-0.02637038381521739,-0.02637038381521739,-0.02637038381521739
2024-07-18,-0.013939304977741936,-0.022242286163404512,-0.022242286163404512,-0.022742286163404513,-0.022742286163404513,0.0,-0.022242286163404512,-0.022242286163404512,0.0,-0.022242286163404512,-0.022242286163404512,-0.022242286163404512
2024-07-19,-0.0020895295946213475,-0.0033741230867346816,-0.0033741230867346816,-0.0033741230867346816,-0.0033741230867346816,0.0,-0.0033741230867346816,-0.0033741230867346816,0.0,-0.0033741230867346816,-0.0033741230867346816,-0.0033741230867346816
2024-07-22,-0.001967240960648275,-0.003167158934036185,-0.003167158934036185,-0.003167158934036185,-0.003167158934036185,0.0,-0.003167158934036185,-0.003167158934036185,0.0,-0.003167158934036185,-0.003167158934036185,-0.003167158934036185
2024-07-23,0.013436758480932766,0.021144894800451786,0.021144894800451786,0.021144894800451786,0.021144894800451786,0.0,0.021144894800451786,0.021144894800451786,0.0,0.021144894800451786,0.021144894800451786,0.021144894800451786
2024-07-24,-0.01888762098733516,-0.029934025650088625,-0.029934025650088625,-0.029934025650088625,-0.029934025650088625,-0.030434025650088625,-0.029934025650088625,-0.029934025650088625,0.0,-0.029934025650088625,-0.029934025650088625,-0.029934025650088625
2024-07-25,-0.003336036899808931,-0.005419431054668911,-0.005419431054668911,-0.005419431054668911,-0.005419431054668911,-0.0005,-0.005419431054668911,-0.005419431054668911,0.0,-0.005419431054668911,-0.00541943105466891,-0.005419431054668911
2024-07-26,0.009121776437039144,0.014734466536293178,0.014734466536293176,0.014734466536293178,-0.0005,0.0,0.014734466536293178,0.014734466536293178,0.0,0.014734466536293178,0.014734466536293178,0.014734466536293178
2024-07-29,0.0023822017803245793,0.003835599716395466,0.003835599716395466,0.003835599716395466,0.003335599716395466,0.003335599716395466,0.003835599716395466,0.003835599716395466,0.0,0.003835599716395466,-0.004835599716395466,0.003835599716395466
2024-07-30,-0.005275928250609039,-0.008133134602594794,-0.008133134602594794,-0.008133134602594794,-0.008133134602594794,-0.008133134602594794,-0.008133134602594794,-0.008133134602594794,0.0,-0.008133134602594794,0.008133134602594794,-0.008133134602594794
2024-07-31,0.018753471645931365,0.029002194810164417,0.029002194810164417,0.029002194810164417,0.029002194810164417,-0.0005,0.029002194810164417,0.029002194810164417,-0.029502194810164417,0.029002194810164417,0.028002194810164416,0.029002194810164417
2024-08-01,-0.010193731858857313,-0.015563100170141508,-0.015563100170141508,-0.015563100170141508,-0.0005,-0.01606310017014151,-0.015563100170141508,-0.015563100170141508,-0.0005,-0.015563100170141508,0.014563100170141507,-0.015563100170141508
2024-08-02,-0.05800406698859394,-0.0878470841762542,-0.0878470841762542,-0.0878470841762542,-0.0883470841762542,-0.0005,-0.0878470841762542,-0.0878470841762542,0.0,-0.0878470841762542,-0.0888470841762542,-0.0878470841762542
2024-08-05,-0.022009527145111785,-0.0005,-0.0005,-0.04097671157906757,-0.04097671157906757,0.0,0.03997671157906757,-0.04097671157906757,0.04047671157906757,-0.04097671157906757,-0.04097671157906757,-0.04097671157906757
2024-08-06,0.0029102429434061665,0.0,0.0,0.005651399696776416,0.005651399696776416,0.0,-0.005651399696776416,-0.006651399696776416,-0.005651399696776416,0.005651399696776416,0.005651399696776416,0.005651399696776416
2024-08-07,0.0026906818026794185,0.0,0.0,0.0051874985158653075,-0.0005,0.004687498515865307,-0.0051874985158653075,-0.0051874985158653075,-0.0051874985158653075,-0.0061874985158653075,-0.0061874985158653075,0.0051874985158653075
2024-08-08,0.009647852831694035,0.0,0.0,0.018615215947435537,0.018115215947435537,0.018615215947435537,-0.018615215947435537,-0.018615215947435537,-0.018615215947435537,-0.018615215947435537,-0.018615215947435537,0.018615215947435537
2024-08-09,0.0035252038834667743,0.0,0.0,0.00687575011257735,0.00687575011257735,0.00687575011257735,-0.00687575011257735,-0.00687575011257735,-0.00687575011257735,-0.00687575011257735,-0.00687575011257735,0.00687575011257735
2024-08-12,-0.00043061354445198035,0.0,0.0,-0.000838620987187122,-0.000838620987187122,-0.000838620987187122,0.000838620987187122,0.000838620987187122,0.000838620987187122,0.000838620987187122,0.000838620987187122,-0.000838620987187122
2024-08-13,0.010575106506239192,0.0,0.0,0.020563504874259175,0.020563504874259175,-0.0005,-0.020563504874259175,-0.020563504874259175,-0.020563504874259175,-0.020563504874259175,0.019563504874259174,0.020563504874259175
2024-08-14,-0.00039120562420360834,-0.0012636117446156998,0.0,-0.0007636117446156998,-0.0007636117446156998,-0.0012636117446156998,-0.0017636117446156998,0.0007636117446156998,0.0007636117446156998,0.0007636117446156998,-0.00023638825538430022,-0.0007636117446156998
2024-08-15,0.017416119548022736,-0.0005,0.0,0.04403286281963403,0.04403286281963403,0.04403286281963403,-0.0005,0.04303286281963403,-0.0005,-0.04403286281963403,0.04303286281963403,0.04403286281963403
2024-08-16,-0.0010452339654553771,-0.003484395462729106,-0.003484395462729106,-0.002984395462729106,0.001984395462729106,-0.002984395462729106,-0.003484395462729106,-0.002984395462729106,0.0,0.002984395462729106,0.001984395462729106,-0.002984395462729106
2024-08-19,0.002233149747399966,0.006551472258579993,0.006551472258579993,0.006551472258579993,-0.006551472258579993,0.006551472258579993,0.006551472258579993,0.006551472258579993,0.0,-0.006551472258579993,-0.006551472258579993,0.006551472258579993
2024-08-20,0.0012623181972539707,0.003703308593809629,0.003703308593809629,0.003703308593809629,-0.003703308593809629,0.003703308593809629,0.003703308593809629,0.003703308593809629,0.0,-0.003703308593809629,-0.003703308593809629,0.003703308593809629
2024-08-21,0.002343801051688138,0.006876093995775934,0.006876093995775934,-0.0005,0.005876093995775934,0.006876093995775934,0.006876093995775934,0.006876093995775934,0.0,-0.006876093995775934,-0.006876093995775934,0.006876093995775934
2024-08-22,-0.007532232518416857,-0.022097583221652117,-0.022097583221652117,0.0,0.021097583221652116,-0.022097583221652117,-0.022097583221652117,-0.022097583221652117,0.0,0.022097583221652117,0.022097583221652117,-0.022097583221652117
2024-08-23,0.0017610895928826204,0.005166572293719973,0.005166572293719973,0.0,-0.005166572293719973,-0.0005,0.005166572293719973,0.005166572293719973,0.0,-0.005166572293719973,-0.005166572293719973,0.005166572293719973
2024-08-26,-0.002965011505633283,-0.00869856159361615,-0.008698561593616148,0.0,0.00869856159361615,0.0,-0.00869856159361615,-0.00869856159361615,0.0,0.00869856159361615,0.00869856159361615,-0.00869856159361615
2024-08-27,-0.004622529242404518,-0.013561281383547064,-0.013561281383547064,0.0,-0.014561281383547064,0.0,-0.0005,-0.013561281383547064,0.0,0.013561281383547064,0.013561281383547064,-0.013561281383547064
2024-08-28,-0.00456791704484716,-0.013401063602498708,-0.0005,0.0,0.012401063602498708,0.0,0.0,0.012401063602498708,0.012901063602498708,0.013401063602498708,0.013401063602498708,-0.013401063602498708
2024-08-29,0.002634282740786053,-0.0005,0.0,0.0,0.006728290643119529,0.0,0.0,-0.007728290643119529,-0.007728290643119529,-0.007728290643119529,0.006728290643119529,0.007728290643119529
2024-08-30,0.012634807396422282,0.0,0.0,0.0,0.037067191865004956,0.0,0.0,-0.037067191865004956,-0.037067191865004956,-0.037067191865004956,0.037067191865004956,0.037067191865004956
2024-09-03,-0.004296583315137012,-0.013105042016806678,-0.013105042016806678,0.0,0.011605042016806677,-0.013105042016806678,-0.013105042016806678,-0.013605042016806679,0.012605042016806678,0.012605042016806678,0.011605042016806677,-0.012605042016806678
2024-09-04,-0.008434457258139575,-0.016567365497562103,-0.0005,0.0,0.016567365497562103,-0.016567365497562103,-0.016567365497562103,0.015567365497562102,0.016567365497562103,0.016567365497562103,0.016567365497562103,-0.016567365497562103
2024-09-05,0.014996523176299023,0.026308183871355473,0.0,0.0,0.025308183871355472,-0.0005,-0.0005,-0.026308183871355473,-0.0005,-0.026308183871355473,-0.026308183871355473,0.026308183871355473
2024-09-06,-0.020875292894309814,-0.03653943460735232,-0.03703943460735232,0.0,-0.03653943460735232,-0.03703943460735232,-0.03703943460735232,-0.03753943460735232,0.0,0.03653943460735232,0.03653943460735232,-0.03653943460735232
2024-09-09,0.011319403185109492,-0.0005,-0.0005,0.0,0.023396899008788496,-0.0005,-0.0005,-0.024396899008788497,-0.023896899008788497,0.022396899008788496,0.022396899008788496,0.023396899008788496
2024-09-10,0.011490137572590733,0.023160258265018274,0.023160258265018274,0.0,0.023660258265018275,0.023160258265018274,0.023160258265018274,0.022660258265018274,-0.0005,0.023660258265018275,-0.024660258265018276,0.023660258265018275
2024-09-11,0.01344240036720787,0.02768031821904482,0.027680318219044816,0.0,-0.02868031821904482,0.02768031821904482,0.02768031821904482,0.02768031821904482,0.0,0.02768031821904482,-0.02768031821904482,0.02768031821904482
2024-09-12,0.006526994163274916,0.013440254011034547,0.013440254011034547,0.0,0.012440254011034546,0.013440254011034547,0.013440254011034547,0.013440254011034547,0.0,0.013440254011034547,-0.013440254011034547,0.013440254011034547
2024-09-13,-0.0013244319211628498,-0.0027272433520638684,-0.0027272433520638684,0.0,-0.0027272433520638684,-0.0027272433520638684,-0.0027272433520638684,-0.002727243352063868,0.0,-0.0027272433520638684,0.0027272433520638684,-0.0027272433520638684
2024-09-16,-0.0041665042129228206,-0.008579580976924128,-0.008579580976924127,-0.009079580976924129,-0.008579580976924128,-0.008579580976924128,-0.008579580976924128,-0.008579580976924128,0.0,-0.008579580976924128,-0.009579580976924129,-0.008579580976924128
2024-09-17,0.005226929012016793,0.010763186217390919,0.010763186217390919,0.010763186217390919,-0.01176318621739092,0.010763186217390919,0.010763186217390919,0.010763186217390919,0.0,0.010763186217390919,-0.01176318621739092,0.010763186217390919
2024-09-18,-0.0011694110830033138,-0.0024080275860086653,-0.0024080275860086653,-0.0024080275860086653,0.0024080275860086653,-0.0024080275860086653,-0.0024080275860086653,-0.0024080275860086653,0.0,-0.0024080275860086653,-0.0034080275860086653,-0.0024080275860086653
2024-09-19,0.0089608398577702,0.01845197970580159,0.018451979705801588,0.01845197970580159,-0.01845197970580159,-0.0005,0.01845197970580159,0.018451979705801588,0.0,0.01845197970580159,-0.019451979705801592,0.01845197970580159
2024-09-20,0.00442484711275955,0.009111555436973395,0.009111555436973395,0.009111555436973395,0.008111555436973394,0.008611555436973395,0.009111555436973395,0.009111555436973395,0.008611555436973395,0.009111555436973395,0.008111555436973394,0.009111555436973395
2024-09-23,0.005778895532151807,0.011899784481557152,0.01189978448155715,0.011899784481557152,0.011899784481557152,0.011899784481557152,0.011899784481557152,0.011899784481557152,0.011899784481557152,0.011899784481557152,0.011899784481557152,0.011899784481557152
2024-09-24,0.00020038843466212885,0.0004126358007008335,0.00041263580070083345,0.0004126358007008335,0.0004126358007008335,0.0004126358007008335,0.0004126358007008335,0.0004126358007008335,0.0004126358007008335,0.0004126358007008335,0.0004126358007008335,0.0004126358007008335
2024-09-25,-0.0035804037590109524,-0.007372694808574054,-0.007372694808574054,-0.007372694808574054,-0.007372694808574054,-0.007372694808574054,-0.007372694808574054,-0.007372694808574054,-0.007372694808574054,-0.007372694808574054,-0.007372694808574054,-0.007372694808574054
2024-09-26,-0.00345562302362735,-0.007115748848874004,-0.007115748848874004,-0.007115748848874004,0.006115748848874004,-0.007115748848874004,-0.007115748848874004,-0.007115748848874004,-0.007115748848874004,-0.007115748848874004,0.006115748848874004,-0.007115748848874004
2024-09-27,-0.008104005609255538,-0.016687603998192135,-0.016687603998192135,-0.016687603998192135,0.016687603998192135,-0.0005,-0.016687603998192135,-0.016687603998192135,-0.016687603998192135,-0.016687603998192135,0.016687603998192135,-0.016687603998192135
2024-09-30,-0.004237023666880751,-0.008724793206352333,-0.00872479320635233,-0.008724793206352333,-0.009724793206352333,0.0,-0.008724793206352333,-0.008724793206352333,-0.008724793206352333,-0.008724793206352333,0.008724793206352333,-0.008724793206352333
2024-10-01,-0.0031275416431859443,-0.006440170323887107,-0.006440170323887107,-0.006440170323887107,-0.006440170323887107,0.0,-0.006440170323887107,-0.006440170323887106,-0.0005,-0.006440170323887107,0.006440170323887107,-0.006440170323887107
2024-10-02,-0.0011545044868097635,-0.0019986515757441925,-0.0019986515757441925,-0.0019986515757441925,-0.0019986515757441925,0.0,-0.0005,-0.0019986515757441925,0.0,-0.0019986515757441925,0.0019986515757441925,-0.0019986515757441925
2024-10-03,-0.008474971658380558,-0.015154729791167831,-0.015154729791167831,-0.015154729791167831,0.01415472979116783,0.0,0.0,-0.015154729791167831,0.0,-0.015154729791167831,0.015154729791167831,-0.015154729791167831
2024-10-04,0.013983772328534426,0.02500542770436165,0.02500542770436165,0.02500542770436165,0.024005427704361648,0.0,0.0,0.02500542770436165,0.0,0.02500542770436165,-0.02500542770436165,0.02500542770436165
2024-10-07,-0.017120774464736113,-0.03061493551686767,-0.03061493551686767,-0.03061493551686767,-0.03061493551686767,-0.03111493551686767,-0.03111493551686767,-0.03061493551686767,0.0,-0.03061493551686767,-0.03161493551686767,-0.03061493551686767
2024-10-08,0.0059387143761533276,0.010619458719785868,0.010619458719785868,0.010619458719785868,0.010619458719785868,-0.0005,-0.0005,0.010619458719785868,0.0,0.010619458719785868,-0.011619458719785869,0.010619458719785868
2024-10-09,0.008326079413426238,0.013408477078997505,0.013408477078997505,0.013408477078997505,0.013408477078997505,0.0,0.0,0.013408477078997505,0.0,0.013408477078997505,0.012408477078997504,0.013408477078997505
2024-10-10,0.004982186038697148,0.007992632403596822,0.00799263240359682,0.007992632403596822,0.007992632403596822,0.007492632403596822,0.007492632403596822,0.007992632403596822,0.0,0.007992632403596822,0.007992632403596822,0.007992632403596822
2024-10-11,0.008154368961650359,0.011626110360002828,0.011626110360002828,0.011626110360002828,-0.012626110360002829,0.011626110360002828,0.011626110360002828,0.011626110360002826,0.011126110360002828,0.011626110360002828,0.011626110360002828,0.011626110360002828
2024-10-14,-0.004778468213208072,-0.006779016992029097,-0.006779016992029097,-0.006779016992029097,0.006779016992029097,-0.006779016992029097,-0.006779016992029097,-0.006779016992029097,-0.006779016992029097,-0.006779016992029097,-0.006779016992029097,-0.006779016992029097
2024-10-15,0.0005638269729182689,0.0007998782160802964,0.0007998782160802962,0.0007998782160802964,-0.0007998782160802964,-0.0005,0.0007998782160802964,0.0007998782160802964,0.0007998782160802964,0.0007998782160802964,0.0007998782160802964,0.0007998782160802964
2024-10-16,-0.003004501897444323,-0.004262363692000948,-0.004262363692000948,-0.004262363692000948,-0.005262363692000948,0.0,-0.004262363692000948,-0.004262363692000948,-0.004262363692000948,-0.004262363692000948,-0.004262363692000948,-0.004262363692000948
2024-10-17,0.0024138788864565327,0.0034244710350397334,0.003424471035039733,0.0034244710350397334,-0.004424471035039733,0.0,0.0034244710350397334,0.0034244710350397334,0.0034244710350397334,0.0034244710350397334,0.0034244710350397334,0.0034244710350397334
2024-10-18,0.005487898634001387,0.007785456851548744,0.007785456851548744,0.007785456851548744,-0.007785456851548744,0.007285456851548744,0.007785456851548744,0.007785456851548744,0.007785456851548744,0.007785456851548744,0.007785456851548744,0.007785456851548744
2024-10-21,0.00029838917818878304,0.0004233124965837831,0.0004233124965837831,0.0004233124965837831,-0.0005766875034162169,0.0004233124965837831,0.0004233124965837831,0.0004233124965837831,0.0004233124965837831,0.0004233124965837831,0.0004233124965837831,0.0004233124965837831
2024-10-22,0.002348728050437264,0.003332044214411578,0.003332044214411578,0.003332044214411578,0.003332044214411578,0.003332044214411578,0.003332044214411578,0.003332044214411578,0.003332044214411578,-0.004332044214411578,0.003332044214411578,0.003332044214411578
2024-10-23,-0.020617166408367294,-0.026304640562205495,-0.02630464056220549,-0.026304640562205495,-0.026304640562205495,-0.026304640562205495,-0.026304640562205495,-0.026304640562205495,-0.026304640562205495,0.026304640562205495,-0.02630464056220549,-0.026304640562205495
2024-10-24,0.007073037751599452,0.009041189476714617,0.009041189476714617,0.009041189476714617,0.009041189476714617,-0.0005,0.009041189476714617,0.009041189476714617,0.009041189476714617,-0.009041189476714617,0.009041189476714617,0.009041189476714617
2024-10-25,0.0054306239960246975,0.007779788122410869,0.007779788122410869,0.007779788122410869,0.007779788122410869,0.0072797881224108685,0.007779788122410869,0.007779788122410869,-0.0005,-0.007779788122410869,0.007779788122410868,0.007779788122410869
2024-10-28,0.0020963209024519236,0.002981406341556969,0.002981406341556969,0.002981406341556969,0.002981406341556969,0.002981406341556969,0.002981406341556969,0.002981406341556969,0.0,-0.002981406341556969,0.0029814063415569687,0.002981406341556969
2024-10-29,0.009106867334768615,0.012951868195294036,0.012951868195294036,0.012951868195294036,0.012951868195294036,-0.0005,0.012951868195294036,0.012951868195294036,0.0,-0.012951868195294036,0.012951868195294036,0.012951868195294036
2024-10-30,0.00700071092758196,0.009956473710913016,0.009956473710913016,0.009956473710913016,0.009956473710913016,0.009456473710913016,0.009956473710913016,0.009956473710913016,0.009456473710913016,-0.009956473710913016,0.009956473710913015,0.009956473710913016
2024-10-31,-0.023093572268315293,-0.03284388507953562,-0.03284388507953562,-0.0005,-0.03284388507953562,-0.03284388507953562,-0.03284388507953562,-0.03284388507953562,-0.03284388507953562,0.03284388507953562,-0.03284388507953561,-0.03284388507953562
2024-11-01,0.038436829605307095,0.06185621865256041,0.06185621865256041,0.0,0.06185621865256041,-0.0005,0.06185621865256041,0.06185621865256041,0.06185621865256041,-0.06185621865256041,0.06185621865256041,0.06185621865256041
2024-11-04,-0.005254242791016951,-0.01086239567545566,-0.01086239567545566,0.0,-0.01086239567545566,-0.011362395675455661,-0.01086239567545566,-0.01086239567545566,-0.01086239567545566,0.01086239567545566,-0.010862395675455659,-0.01086239567545566
2024-11-05,0.00906409689590688,0.0190009257528736,0.0190009257528736,0.0,0.0190009257528736,-0.0005,0.0190009257528736,0.019000925752873595,0.0190009257528736,0.018000925752873598,0.0190009257528736,0.0190009257528736
2024-11-06,0.01814882215592359,0.038045094425516846,0.038045094425516846,0.0,0.038045094425516846,0.037545094425516845,0.038045094425516846,0.038045094425516846,0.038045094425516846,0.038045094425516846,0.03804509442551684,0.038045094425516846
2024-11-07,0.006818413797963339,0.01429333510169939,0.01429333510169939,0.0,0.01429333510169939,0.01429333510169939,0.01429333510169939,0.01429333510169939,0.01429333510169939,0.01429333510169939,0.014293335101699388,0.01429333510169939
2024-11-08,-0.004246890883464028,-0.008902691496347037,-0.008902691496347037,0.0,-0.008902691496347037,-0.008902691496347037,-0.008902691496347037,-0.008902691496347037,-0.008902691496347037,-0.008902691496347037,-0.008902691496347035,-0.008902691496347037
2024-11-11,-0.0030705374676291883,-0.006436720074140534,-0.006436720074140534,0.0,0.005436720074140534,-0.0005,-0.006436720074140534,-0.006436720074140534,-0.006436720074140534,-0.006436720074140534,-0.006436720074140534,-0.006436720074140534
2024-11-12,0.00477405193581613,0.010007771034946433,0.010007771034946433,0.0,-0.010007771034946433,0.0,0.010007771034946433,0.010007771034946433,0.010007771034946433,0.010007771034946433,0.010007771034946433,0.010007771034946433
2024-11-13,0.011851084754686766,0.024843245179395845,0.024843245179395845,0.0,-0.024843245179395845,0.024343245179395845,0.024843245179395845,0.024843245179395845,0.024843245179395845,0.024843245179395845,0.024843245179395842,0.024843245179395845
2024-11-14,-0.005837623884690678,-0.012237320417028852,-0.01223732041702885,0.0,0.012237320417028852,-0.012237320417028852,-0.012237320417028852,-0.01223732041702885,-0.012237320417028852,-0.012237320417028852,-0.01223732041702885,-0.012237320417028852
2024-11-15,-0.020008008645933984,-0.041942478231440816,-0.041942478231440816,0.0,0.041942478231440816,-0.0005,-0.041942478231440816,-0.041942478231440816,-0.041942478231440816,-0.041942478231440816,-0.041942478231440816,-0.041942478231440816
2024-11-18,-0.0018738126672537625,-0.004491405455644082,-0.004491405455644082,0.0,-0.005491405455644082,0.0,-0.004491405455644082,-0.004491405455644082,-0.004491405455644082,-0.004491405455644082,-0.004491405455644082,-0.004491405455644082
2024-11-19,0.005910959973532893,0.014427385751800914,0.014427385751800914,0.0,-0.015427385751800915,0.0,0.014427385751800914,0.014427385751800914,-0.0005,0.014427385751800914,0.014427385751800914,0.014427385751800914
2024-11-20,-0.003464085068231929,-0.00845508881471324,-0.00845508881471324,0.0,-0.009455088814713242,0.0,-0.00845508881471324,-0.00845508881471324,0.0,-0.00845508881471324,-0.008455088814713239,-0.00845508881471324
2024-11-21,-0.009087483634227343,-0.022180598835253806,-0.022180598835253806,0.0,-0.022180598835253806,0.0,-0.022180598835253806,-0.022180598835253806,0.0,-0.022180598835253806,-0.022180598835253806,-0.022180598835253806
2024-11-22,-0.002602234252720234,-0.006351495788949668,-0.006351495788949668,0.0,-0.006351495788949668,0.0,-0.006351495788949668,-0.006351495788949668,0.0,-0.006351495788949668,-0.006351495788949668,-0.006351495788949668
2024-11-25,0.008999694657390266,0.021966324768223133,0.021966324768223133,0.0,-0.022966324768223134,0.0,0.021966324768223133,0.021966324768223133,0.0,0.021966324768223133,0.021966324768223133,0.021966324768223133
2024-11-26,0.013036511350627451,0.03181932866326265,0.03181932866326264,0.0,0.030819328663262646,0.03131932866326265,0.03181932866326265,0.03181932866326265,0.0,0.03181932866326265,0.03181932866326264,0.03181932866326265
2024-11-27,-0.004178633782667333,-0.010199148999145757,-0.010199148999145757,0.0,-0.010199148999145757,-0.010199148999145757,-0.010199148999145757,-0.010199148999145757,0.0,-0.010199148999145757,-0.010199148999145756,-0.010199148999145757
2024-11-29,0.004281430066088968,0.010450052683389277,0.010450052683389277,0.0,0.010450052683389277,0.010450052683389277,0.010450052683389277,0.010450052683389277,0.009950052683389277,0.010450052683389277,0.010450052683389277,0.010450052683389277
2024-12-02,0.005557596507357815,0.01356490130596999,0.01356490130596999,0.0,-0.01456490130596999,0.01356490130596999,0.01356490130596999,0.01356490130596999,0.01356490130596999,0.01356490130596999,0.013564901305969988,0.01356490130596999
2024-12-03,0.005308198819203516,0.012956175029913197,0.012956175029913197,0.0,0.011956175029913196,0.012956175029913197,0.012956175029913197,0.012956175029913197,0.012956175029913197,0.012956175029913197,0.012956175029913196,0.012956175029913197
2024-12-04,0.010772281376072305,0.02211394849472459,0.02211394849472459,0.0,-0.02311394849472459,0.02211394849472459,0.02211394849472459,0.02211394849472459,0.02211394849472459,0.02211394849472459,0.022113948494724586,0.02211394849472459
2024-12-05,0.005356213704240483,0.010955259211262725,0.010955259211262725,0.0,0.009955259211262724,0.010955259211262725,0.010955259211262725,0.010955259211262725,0.010955259211262725,0.010955259211262725,0.010955259211262723,0.010955259211262725
2024-12-06,0.014364909356777152,0.029381072944344444,0.029381072944344444,0.0,-0.030381072944344445,0.029381072944344444,0.029381072944344444,0.029381072944344444,0.029381072944344444,0.029381072944344444,0.02938107294434444,0.029381072944344444
2024-12-09,-0.002024328424472396,-0.004140432746599476,-0.004140432746599476,0.0,0.004140432746599476,-0.004140432746599476,-0.004140432746599476,-0.004140432746599476,-0.004140432746599476,-0.004140432746599476,-0.004140432746599475,-0.004140432746599476
2024-12-10,-0.002270619969385738,-0.004644181824783544,-0.004644181824783543,0.0,0.004644181824783544,-0.004644181824783544,-0.004644181824783544,-0.004644181824783544,-0.004644181824783544,-0.004644181824783544,-0.004644181824783543,-0.004644181824783544
2024-12-11,0.01134086385580575,0.02319588240507109,0.02319588240507109,0.0,0.022195882405071088,0.02319588240507109,0.02319588240507109,0.02319588240507109,0.02319588240507109,0.02319588240507109,0.02319588240507109,0.02319588240507109
2024-12-12,-0.00273907673115345,-0.0056023335225716675,-0.0056023335225716675,0.0,0.0046023335225716675,-0.0056023335225716675,-0.0056023335225716675,-0.0056023335225716675,-0.0056023335225716675,-0.0056023335225716675,-0.005602333522571667,-0.0056023335225716675
2024-12-13,-0.0032242745808878813,-0.006594726378065796,-0.006594726378065796,0.0,0.006594726378065796,-0.006594726378065796,-0.006594726378065796,-0.006594726378065796,-0.006594726378065796,-0.006594726378065796,-0.006594726378065795,-0.006594726378065796
2024-12-16,0.011757538314269194,0.024048121869595374,0.024048121869595374,0.0,-0.024048121869595374,-0.0005,0.024048121869595374,0.024048121869595374,0.024048121869595374,0.024048121869595374,0.02404812186959537,0.024048121869595374
2024-12-17,-0.003736194957450193,-0.00764177579215608,-0.00764177579215608,0.0,0.00764177579215608,-0.00814177579215608,-0.00764177579215608,-0.007641775792156079,-0.00764177579215608,-0.00764177579215608,-0.00764177579215608,-0.00764177579215608
2024-12-18,-0.0281382874693725,-0.045987410359975445,-0.045987410359975445,0.0,0.045987410359975445,-0.045987410359975445,-0.045987410359975445,-0.045987410359975445,-0.045987410359975445,-0.045987410359975445,-0.04598741035997544,-0.045987410359975445
2024-12-19,0.006139231866464985,0.012561168873593154,0.012561168873593154,0.0,-0.012561168873593154,-0.0005,0.012561168873593154,0.012561168873593154,0.012561168873593154,0.012561168873593154,0.012561168873593152,0.012561168873593154
2024-12-20,0.0036018629799074524,0.00729994595290151,0.007299945952901509,0.0,0.00629994595290151,0.0,0.00729994595290151,0.007299945952901509,-0.0005,0.00729994595290151,0.007299945952901509,0.00729994595290151
2024-12-23,0.0003071182425305162,0.0006224408269079884,0.0006224408269079883,0.0,0.0006224408269079884,0.0,0.0006224408269079884,0.0006224408269079883,0.0,0.0006224408269079884,0.0006224408269079883,0.0006224408269079884
2024-12-24,0.008747475336405817,0.017728630305015702,0.017728630305015702,0.0,0.017728630305015702,0.017228630305015702,0.017728630305015702,0.017728630305015702,0.0,0.017728630305015702,0.017728630305015702,0.017728630305015702
2024-12-26,-0.004308312893663285,-0.00873171784917226,-0.00873171784917226,0.0,-0.00873171784917226,-0.00873171784917226,-0.00873171784917226,-0.00873171784917226,0.0,-0.00873171784917226,-0.00873171784917226,-0.00873171784917226
2024-12-27,-0.007171340974497715,-0.014534256804240364,-0.014534256804240362,0.0,0.013534256804240363,-0.014534256804240364,-0.014534256804240364,-0.014534256804240364,-0.015034256804240365,-0.014534256804240364,-0.014534256804240362,-0.014534256804240364
2024-12-30,-0.0060137525851642224,-0.010949707031249978,-0.010949707031249978,0.0,-0.011949707031249979,-0.0005,-0.010949707031249978,-0.010949707031249978,-0.010949707031249978,-0.010949707031249978,-0.010949707031249976,-0.010949707031249978
2024-12-31,-0.004719157448904079,-0.008630834323407832,-0.008630834323407832,0.0,-0.008630834323407832,0.0,-0.008630834323407832,-0.008630834323407832,-0.0005,-0.008630834323407832,-0.00863083432340783,-0.008630834323407832
2025-01-02,0.0020685875704330877,0.003783225458606987,0.003783225458606987,0.0,0.003783225458606987,0.0,0.003783225458606987,0.003783225458606987,0.0,0.003783225458606987,0.0037832254586069865,0.003783225458606987
2025-01-03,0.009857018391207149,0.018027432561515733,0.01802743256151573,0.0,-0.019027432561515734,0.0,0.018027432561515733,0.018027432561515733,0.0,0.018027432561515733,0.01802743256151573,0.018027432561515733
2025-01-06,0.008341061418757774,0.015254909370185477,0.015254909370185477,0.0,0.014254909370185476,0.014754909370185476,0.015254909370185477,0.015254909370185477,0.0,0.015254909370185477,0.015254909370185477,0.015254909370185477
2025-01-07,-0.01321244026474788,-0.02416414035082548,-0.02416414035082548,0.0,-0.02416414035082548,-0.02416414035082548,-0.02416414035082548,-0.02416414035082548,0.0,-0.02416414035082548,-0.02416414035082548,-0.02416414035082548
2025-01-08,4.9245475477451865e-05,9.006470850470016e-05,9.00647085047001e-05,0.0,-0.0010900647085047002,-0.0005,9.006470850470016e-05,9.006470850470016e-05,-0.00040993529149529985,9.006470850470016e-05,9.00647085047001e-05,9.006470850470016e-05
2025-01-10,-0.00785227455934673,-0.014360970473526025,-0.014360970473526025,0.0,-0.015360970473526026,0.0,-0.014360970473526025,-0.014360970473526025,-0.014360970473526025,-0.014360970473526025,-0.014360970473526023,-0.014360970473526025
2025-01-13,-0.0011987370828284234,-0.0021923619356289947,-0.0021923619356289947,0.0,0.0011923619356289947,0.0,-0.0021923619356289947,-0.0021923619356289947,-0.0005,-0.0021923619356289947,-0.0021923619356289943,-0.0021923619356289947
2025-01-14,-0.0017520454096144333,-0.003204303696411115,-0.003204303696411115,0.0,-0.004204303696411115,0.0,-0.003204303696411115,-0.0032043036964111145,0.0,-0.003204303696411115,-0.003204303696411115,-0.003204303696411115
2025-01-15,0.014036095007725213,0.025670516796895804,0.025670516796895804,0.0,-0.026670516796895805,0.0,0.025670516796895804,0.025670516796895804,0.0,0.025670516796895804,0.025670516796895804,0.025670516796895804
2025-01-16,-0.00658534288598934,-0.012043887924316987,-0.012043887924316985,0.0,-0.013043887924316988,-0.012543887924316988,-0.012043887924316987,-0.012043887924316987,0.0,-0.012043887924316987,-0.012043887924316987,-0.012043887924316987
2025-01-17,0.013083438230249912,0.023928209424767255,0.023928209424767255,0.0,-0.0005,-0.0005,0.023928209424767255,0.023928209424767255,0.0,-0.024928209424767256,0.023928209424767255,0.023928209424767255
2025-01-21,0.01154349518671049,0.021111818274402117,0.021111818274402117,0.0,0.020611818274402116,0.020611818274402116,0.021111818274402117,0.021111818274402117,0.0,-0.021111818274402117,0.021111818274402117,0.021111818274402117
2025-01-22,0.010190898547641531,0.018638063663626525,0.01863806366362652,0.0,0.018638063663626525,0.018638063663626525,0.018638063663626525,0.01863806366362652,0.018138063663626525,-0.018638063663626525,0.018638063663626525,0.018638063663626525
2025-01-23,0.0010710395274946972,0.0017446222360446573,0.0017446222360446573,0.0,0.0017446222360446573,0.0017446222360446573,0.0017446222360446573,0.0017446222360446573,0.0017446222360446573,-0.0017446222360446573,0.0017446222360446573,0.0017446222360446573
2025-01-24,-0.001551673469460389,-0.002421170970448472,-0.002421170970448472,0.0,-0.0005,-0.002421170970448472,-0.002421170970448472,-0.002421170970448472,-0.002421170970448472,0.002421170970448472,-0.002421170970448472,-0.002421170970448472
2025-01-27,0.0015554394543134686,0.0024270472668348475,0.002427047266834847,0.0,-0.0029270472668348475,0.0024270472668348475,0.0024270472668348475,0.002427047266834847,0.0024270472668348475,-0.0024270472668348475,0.0024270472668348475,0.0024270472668348475
2025-01-28,0.007431791070581374,0.011596277923593856,0.011596277923593856,0.0,0.010596277923593855,0.011596277923593856,0.011596277923593856,0.011596277923593856,0.011596277923593856,-0.011596277923593856,0.011596277923593856,0.011596277923593856
2025-01-29,-0.0029063148275121943,-0.004534900692607424,-0.004534900692607423,0.0,0.003534900692607424,-0.004534900692607424,-0.004534900692607424,-0.004534900692607423,-0.004534900692607424,0.004534900692607424,-0.004534900692607424,-0.004534900692607424
2025-01-30,-0.0065691012396739785,-0.010250170242948609,-0.010250170242948609,0.0,0.010250170242948609,-0.0005,-0.010250170242948609,-0.010250170242948609,-0.010250170242948609,0.010250170242948609,-0.010250170242948607,-0.010250170242948609
2025-01-31,0.008303199104598688,0.012955989149507907,0.012955989149507907,0.0,-0.012955989149507907,0.0,0.012955989149507907,0.012955989149507907,0.012955989149507907,0.011955989149507906,0.012955989149507905,0.012955989149507907
2025-02-03,-0.0007010458510050984,-0.0010938846972727845,-0.0010938846972727845,0.0,0.0010938846972727845,-0.0015938846972727845,-0.0010938846972727845,-0.0010938846972727845,-0.0010938846972727845,-0.0010938846972727845,-0.0010938846972727845,-0.0010938846972727845
2025-02-04,0.01252493563174686,0.019543422733693472,0.019543422733693472,0.0,-0.019543422733693472,-0.0005,0.019543422733693472,0.019543422733693472,0.019543422733693472,0.019543422733693472,0.01954342273369347,0.019543422733693472
2025-02-05,-0.015594343694277816,-0.024332807771026643,-0.024332807771026643,0.0,0.024332807771026643,-0.024832807771026644,-0.024332807771026643,-0.024332807771026643,-0.024332807771026643,-0.024332807771026643,-0.024332807771026643,-0.024332807771026643
2025-02-06,0.007218257733115178,0.011263088803542765,0.011263088803542765,0.0,-0.011263088803542765,-0.0005,0.011263088803542765,0.011263088803542765,0.011263088803542765,0.011263088803542765,0.011263088803542763,0.011263088803542765
2025-02-07,-0.025975367926702693,-0.04053095448794508,-0.04053095448794508,0.0,-0.0005,-0.04103095448794508,-0.04053095448794508,-0.04053095448794508,-0.04053095448794508,-0.04053095448794508,-0.04053095448794508,-0.04053095448794508
2025-02-10,0.00986421440532596,0.017412199866636335,0.017412199866636335,0.0,0.016912199866636335,-0.0005,0.017412199866636335,0.017412199866636335,0.017412199866636335,0.017412199866636335,0.017412199866636332,0.017412199866636335
2025-02-11,-0.0009267651586436362,-0.0016299428832775575,-0.0016299428832775575,0.0,0.0006299428832775575,-0.0021299428832775576,-0.0016299428832775575,-0.0016299428832775575,-0.0005,-0.0016299428832775575,-0.0016299428832775575,-0.0016299428832775575
2025-02-12,-0.00935595136547042,-0.01645472556041927,-0.01645472556041927,0.0,-0.0005,-0.01645472556041927,-0.01645472556041927,-0.01645472556041927,0.0,-0.01645472556041927,-0.01645472556041927,-0.01645472556041927
2025-02-13,0.0035764968450590078,0.006290143220533118,0.006290143220533118,0.0,0.005790143220533117,-0.0005,0.006290143220533118,0.006290143220533118,0.0,0.006290143220533118,0.006290143220533117,0.006290143220533118
2025-02-14,-0.004171178076000353,-0.007336035409240549,-0.007336035409240548,0.0,-0.0005,-0.00783603540924055,-0.007336035409240549,-0.007336035409240549,0.0,-0.007336035409240549,-0.007336035409240549,-0.007336035409240549
2025-02-18,-0.004559415097353295,-0.008877028355405714,-0.008877028355405714,0.0,-0.009377028355405714,-0.0005,-0.008877028355405714,-0.008877028355405714,0.0,-0.008877028355405714,-0.008877028355405714,-0.008877028355405714
2025-02-19,-4.500845591387234e-05,-8.819331220011328e-05,-8.819331220011328e-05,-0.0005881933122001133,-8.819331220011328e-05,0.0,-8.819331220011328e-05,-8.819331220011328e-05,0.0,-8.819331220011328e-05,-8.819331220011328e-05,-8.819331220011328e-05
2025-02-20,-0.008444468505493057,-0.016546793977871843,-0.016546793977871843,-0.016546793977871843,-0.016546793977871843,0.0,-0.016546793977871843,-0.016546793977871843,0.0,-0.016546793977871843,-0.016546793977871843,-0.016546793977871843
2025-02-21,-0.016477053779303388,-0.028266344731418536,-0.028266344731418536,-0.028266344731418536,-0.028266344731418536,0.0,-0.028266344731418536,-0.028266344731418536,0.0,-0.028266344731418536,-0.028266344731418532,-0.028266344731418536
2025-02-24,-0.010393481086932011,-0.017868663239768212,-0.017868663239768212,-0.017868663239768212,-0.017868663239768212,0.0,-0.017868663239768212,-0.017868663239768212,0.0,-0.017868663239768212,-0.01786866323976821,-0.017868663239768212
2025-02-25,0.0002460967522729528,-0.0005,0.000423094048469963,0.000423094048469963,0.000423094048469963,0.0,-0.0005,0.000423094048469963,0.0,0.000423094048469963,0.00042309404846996296,0.000423094048469963
2025-02-26,0.004236721234590426,0.0,0.007283848822975836,0.007283848822975836,0.007283848822975836,0.0,0.0,0.007283848822975836,0.0,0.007283848822975836,0.007283848822975835,0.007283848822975836
2025-02-27,-0.015223284872318308,-0.02667215045770671,-0.02617215045770671,-0.02617215045770671,0.02517215045770671,0.0,-0.02667215045770671,-0.02617215045770671,0.0,-0.02617215045770671,-0.02617215045770671,-0.02617215045770671
2025-02-28,0.009864287326466577,-0.0005,0.016958863624485062,0.016958863624485065,0.015958863624485065,0.0,-0.0005,0.016958863624485065,0.0,-0.017958863624485066,0.016958863624485065,0.016958863624485065
2025-03-03,-0.019892812157469856,0.0,-0.034200087377916355,-0.034200087377916355,-0.0005,-0.034700087377916355,0.0,-0.034200087377916355,0.0,0.034200087377916355,-0.03420008737791635,-0.034200087377916355
2025-03-04,-0.0034612501938164056,0.0,-0.005950644792114046,-0.005950644792114046,-0.006450644792114046,-0.0005,0.0,-0.005950644792114046,0.0,0.005950644792114046,-0.005950644792114045,-0.005950644792114046
2025-03-05,0.013014557006785579,0.0,0.022374865016246748,0.022374865016246748,0.022374865016246748,0.0,0.0,0.022374865016246748,-0.022874865016246748,-0.022374865016246748,0.022374865016246744,0.022374865016246748
2025-03-06,-0.02138373645588963,0.0,-0.03676331176651382,-0.03676331176651382,-0.03676331176651382,-0.03726331176651382,0.0,-0.03676331176651382,0.03676331176651382,0.03676331176651382,-0.03676331176651382,-0.03676331176651382
2025-03-07,-0.0042023158220979035,0.0,-0.007224698407026441,-0.007224698407026442,-0.007224698407026442,-0.0005,0.0,-0.007224698407026442,0.007224698407026442,0.007224698407026442,-0.007224698407026441,-0.007224698407026442
2025-03-10,-0.013749666429960889,0.0,-0.02363867861413893,-0.02363867861413893,-0.02363867861413893,0.0,0.0,-0.02363867861413893,0.02363867861413893,0.02363867861413893,-0.023638678614138927,-0.02363867861413893
2025-03-11,0.006129352199318616,0.0,0.010537694677220655,0.010537694677220655,0.010537694677220655,0.0,0.0,0.010537694677220655,-0.010537694677220655,-0.010537694677220655,-0.011537694677220652,0.010537694677220655
2025-03-12,0.006805122756252268,0.0,0.011699491808345508,0.011699491808345508,0.011699491808345508,0.0,0.0,0.011699491808345508,-0.011699491808345508,-0.011699491808345508,-0.011699491808345506,0.011699491808345508
2025-03-13,-0.01462264794338475,0.0,-0.025139524437347016,-0.025139524437347016,-0.025139524437347016,0.0,0.0,-0.025139524437347016,0.025139524437347016,0.025139524437347016,0.025139524437347013,-0.025139524437347016
2025-03-14,0.012179776786222228,0.0,0.02093969555611075,0.02093969555611075,0.02093969555611075,0.0,0.0,0.02093969555611075,-0.02093969555611075,-0.02093969555611075,-0.020939695556110745,0.02093969555611075
2025-03-17,-0.006493877041159632,0.0,-0.01116439246854839,-0.01116439246854839,-0.01116439246854839,-0.01166439246854839,0.0,-0.01116439246854839,0.01116439246854839,0.01116439246854839,0.011164392468548388,-0.01116439246854839
2025-03-18,-0.008677046983535313,0.0,-0.014917738259935254,-0.014917738259935254,-0.014917738259935254,-0.0005,0.0,-0.014917738259935254,0.014917738259935254,0.014917738259935254,0.014917738259935252,-0.014917738259935254
2025-03-19,0.007936030956602317,0.0,0.014106347155876442,-0.0005,-0.015106347155876443,0.0,0.0,0.014106347155876442,-0.014106347155876442,-0.014106347155876442,0.013106347155876441,0.014106347155876442
2025-03-20,-0.00155590290427322,0.0,-0.003017266841301769,0.0,-0.004017266841301769,-0.003517266841301769,0.0,-0.0030172668413017685,0.003017266841301769,0.003017266841301769,-0.003017266841301769,-0.003017266841301769
2025-03-21,0.0032718056040281387,0.0,0.006463245885351521,0.0,0.006463245885351521,0.006463245885351521,0.0,0.006463245885351521,-0.006463245885351521,-0.006463245885351521,0.006463245885351521,0.006463245885351521
2025-03-24,0.01818879909396914,0.0,0.03593082692897376,0.0,-0.03693082692897376,0.03593082692897376,0.0,0.03593082692897376,-0.03593082692897376,-0.03593082692897376,0.03593082692897376,0.03593082692897376
2025-03-25,0.006101732331731358,0.0,0.012053587883713357,0.0,0.011053587883713356,0.012053587883713357,0.0,0.012053587883713357,-0.012053587883713357,-0.012053587883713357,-0.013053587883713358,0.012053587883713357
2025-03-26,-0.011270600263114564,0.0,-0.022264360904062582,0.0,-0.022264360904062586,-0.022264360904062586,0.0,-0.022264360904062586,-0.0005,0.022264360904062586,0.022264360904062586,-0.022264360904062586
2025-03-27,0.0005788682341135234,0.0,0.0011435177345771042,0.0,0.0011435177345771042,-0.0005,0.0,0.0011435177345771042,0.0,-0.0011435177345771042,-0.0011435177345771042,0.0011435177345771042
2025-03-28,-0.021720875259750663,0.0,-0.04290822091507418,0.0,-0.04290822091507418,-0.04340822091507418,0.0,-0.04290822091507418,0.0,0.04290822091507418,0.04290822091507418,-0.04290822091507418
2025-03-31,-0.005604999655138862,0.0,-0.012764667384211892,0.0,0.011764667384211891,-0.0005,0.0,-0.012764667384211892,0.0,0.012764667384211892,-0.013764667384211893,-0.012764667384211892
2025-04-01,0.004380646547373225,0.0,0.010038913682617332,0.0,-0.010038913682617334,0.0,0.0,0.010038913682617334,0.0,-0.010038913682617334,0.010038913682617334,0.010038913682617334
2025-04-02,0.00871960311084662,0.0,0.019982288465833827,0.0,0.01898228846583383,0.0,0.0,0.01998228846583383,-0.02048228846583383,-0.01998228846583383,0.01998228846583383,0.01998228846583383
2025-04-03,-0.0391819204780539,0.0,-0.08979129298487254,0.0,0.08879129298487254,-0.09029129298487254,0.0,-0.08979129298487254,0.08979129298487254,0.08979129298487254,-0.08979129298487254,-0.08979129298487254
2025-04-04,-0.014212355285024068,0.0,-0.0005,0.0,0.041533565999713695,-0.0005,0.0,0.040533565999713694,0.041533565999713695,0.041533565999713695,-0.041533565999713695,-0.041533565999713695
2025-04-07,0.008496124641974788,0.0,0.0,0.0,-0.024912248577988017,0.0,0.0,-0.024912248577988017,-0.024912248577988017,-0.024912248577988017,0.024912248577988017,0.024912248577988017
2025-04-08,-0.008951217707057504,0.0,0.0,0.0,0.026246667744515673,0.0,0.0,0.02624666774451567,0.026246667744515673,0.026246667744515673,-0.026246667744515673,-0.026246667744515673
2025-04-09,0.04084671536967206,0.0,0.0,0.0,-0.11977031526306248,0.0,0.0,-0.11977031526306246,-0.11977031526306248,-0.11977031526306248,0.11977031526306248,0.11977031526306248
2025-04-10,-0.012327231245529912,0.0,-0.05220070417193329,0.0,0.05170070417193329,-0.05220070417193329,0.0,-0.05270070417193329,0.05170070417193329,0.05170070417193329,-0.05170070417193329,-0.05170070417193329
2025-04-11,0.004782182431238895,0.0,-0.0005,0.0,-0.020141230945248445,-0.0005,0.0,-0.021141230945248446,-0.020141230945248445,-0.020141230945248445,0.020141230945248445,0.020141230945248445
2025-04-14,-0.0035318837002010998,0.0,0.0,0.0,-0.015875318183769083,-0.015375318183769082,0.0,0.014875318183769082,0.014875318183769082,0.014875318183769082,-0.014875318183769082,-0.014875318183769082
2025-04-15,-0.0032983961283147307,0.0,0.0,0.0,-0.013891933050343641,-0.013891933050343641,0.0,0.013891933050343641,0.013891933050343641,0.013891933050343641,-0.013891933050343641,-0.013891933050343641
2025-04-16,-0.00695413759464425,0.0,0.0,0.0,-0.029288905919567454,-0.0005,0.0,0.029288905919567454,-0.0005,0.029288905919567454,-0.029288905919567454,-0.029288905919567454
2025-04-17,-0.0023425925122062072,0.0,0.0,0.009366352335440198,0.008866352335440197,0.0,0.009366352335440198,0.009866352335440198,0.0,0.009866352335440198,-0.009866352335440198,-0.009866352335440198
2025-04-21,-0.007276613320814454,0.0,0.0,0.030647084568839134,0.030647084568839134,0.0,0.030647084568839134,0.030647084568839134,0.0,0.030647084568839134,-0.030647084568839134,-0.030647084568839134
2025-04-22,0.008315508002733838,0.0,0.0,-0.03502262189247651,-0.0005,0.0,-0.03502262189247651,-0.03502262189247651,-0.035522621892476514,-0.03502262189247651,0.03502262189247651,0.03502262189247651
2025-04-23,0.010172954560535864,0.0,0.0,-0.042845673527805994,0.042345673527805994,0.042345673527805994,-0.042845673527805994,-0.04284567352780599,-0.042845673527805994,-0.042845673527805994,-0.043845673527805995,0.042845673527805994
2025-04-24,0.007809223950610673,0.0,0.0,-0.03289029336584037,-0.033890293365840374,0.03289029336584037,-0.03289029336584037,-0.03289029336584037,-0.03289029336584037,-0.03289029336584037,-0.03289029336584037,0.03289029336584037
2025-04-25,0.003118433030074692,0.0,0.0,-0.013133978209558528,-0.013133978209558528,0.013133978209558528,-0.013133978209558528,-0.013133978209558528,-0.013133978209558528,-0.013133978209558528,-0.013133978209558528,0.013133978209558528
2025-04-28,-0.001620667338325962,0.0,0.0,0.006825802991833552,0.006825802991833552,-0.006825802991833552,0.006825802991833552,0.006825802991833552,-0.0005,0.006825802991833552,0.006825802991833552,-0.006825802991833552
2025-04-29,-0.0003921336739440549,0.0,0.0,0.0016515586767922308,0.0016515586767922308,-0.0016515586767922308,0.0016515586767922308,0.0016515586767922308,0.0,0.0016515586767922308,-0.002651558676792231,-0.0016515586767922308
2025-04-30,-0.003763139763780955,0.0,0.0,0.015849304820837684,0.015849304820837684,-0.015849304820837684,0.015849304820837684,0.015849304820837684,0.0,0.015849304820837684,-0.015849304820837684,-0.015849304820837684
2025-05-01,0.007441489335527372,0.0,0.0,-0.031341496782804956,-0.031341496782804956,-0.0005,-0.031341496782804956,-0.031341496782804956,0.0,-0.031341496782804956,0.031341496782804956,0.031341496782804956
2025-05-02,-0.00027463426112270544,0.0,0.0,0.0011566836184702112,-0.002156683618470211,-0.0016566836184702112,0.0011566836184702112,0.0011566836184702112,0.0,0.0011566836184702112,0.00015668361847021115,-0.0011566836184702112
2025-05-05,-0.0045366747098166595,0.0,0.0,0.01910722026349243,-0.01910722026349243,-0.01910722026349243,0.01910722026349243,0.01910722026349243,0.0,0.01910722026349243,0.01910722026349243,-0.01910722026349243
2025-05-06,-0.0017073370935460936,0.0,0.0,0.007190832051464091,0.006190832051464091,-0.0005,0.007190832051464091,-0.008190832051464092,0.0,0.007190832051464091,-0.008190832051464092,-0.007190832051464091
2025-05-07,0.004748408754515559,0.0,0.0,-0.019998985551532122,-0.019998985551532122,0.0,-0.019998985551532122,0.019998985551532122,0.0,-0.019998985551532122,0.019998985551532122,0.019998985551532122
2025-05-08,0.004240084111856807,0.0,0.0,-0.01785806262143419,-0.0005,0.01735806262143419,-0.01785806262143419,0.01785806262143419,0.0,-0.01785806262143419,-0.01885806262143419,0.01785806262143419
2025-05-09,0.0013329238939784702,0.0,0.0,-0.0051020185245573835,-0.005602018524557384,0.0051020185245573835,0.0041020185245573835,0.0051020185245573835,0.0,-0.0051020185245573835,-0.0051020185245573835,0.0051020185245573835
2025-05-12,0.03089457094024911,0.0,0.0,-0.08070031092964336,-0.0005,0.08070031092964336,0.08070031092964336,0.08070031092964336,0.0,-0.08070031092964336,-0.08070031092964336,0.08070031092964336
2025-05-13,0.005018940917069653,0.012584718824412089,0.012584718824412089,0.012084718824412088,0.012584718824412089,0.01308471882441209,0.01308471882441209,0.01308471882441209,0.0,0.012084718824412088,-0.01308471882441209,0.01308471882441209
2025-05-14,-0.002032452855448011,-0.005298742220089303,-0.005298742220089302,-0.005298742220089303,-0.0005,-0.005298742220089303,-0.005298742220089303,-0.005298742220089303,0.0,-0.005298742220089303,0.005298742220089303,-0.005298742220089303
2025-05-15,-0.009267776523250268,-0.024161720956264898,-0.024161720956264898,-0.024161720956264898,0.023661720956264898,-0.024161720956264898,-0.024161720956264898,-0.024161720956264898,0.0,-0.024161720956264898,-0.0251617209562649,-0.024161720956264898
2025-05-16,0.0006868424463249955,-0.0005,-0.0005,0.002047074000553817,-0.002047074000553817,-0.0005,0.002047074000553817,0.002047074000553817,0.0,0.002047074000553817,0.002047074000553817,0.002047074000553817
2025-05-19,0.0009933690120635368,0.0,0.0022725440652370814,0.0027725440652370814,-0.0027725440652370814,0.0022725440652370814,0.0027725440652370814,0.0027725440652370814,0.0022725440652370814,0.0027725440652370814,-0.0037725440652370814,0.0027725440652370814
2025-05-20,-0.003705458702072725,0.0,-0.010137739138364021,-0.010137739138364021,0.010137739138364021,-0.010137739138364021,-0.010137739138364021,-0.010137739138364021,-0.010137739138364021,-0.010137739138364021,0.010137739138364021,-0.010137739138364021
2025-05-21,-0.005547830261287101,0.0,-0.014455883280997672,-0.014455883280997672,-0.015455883280997673,-0.0005,-0.014455883280997672,-0.014455883280997672,-0.014455883280997672,-0.014455883280997672,0.014455883280997672,-0.014455883280997672
2025-05-22,0.003796891189379517,0.0,0.00984492359983613,0.00984492359983613,-0.010844923599836132,0.0,0.00984492359983613,0.00984492359983613,0.00984492359983613,0.00984492359983613,-0.00984492359983613,0.00984492359983613
2025-05-23,-0.004256183964495084,0.0,-0.010388973643241206,-0.010388973643241206,0.010388973643241206,-0.010888973643241207,-0.010388973643241206,-0.010388973643241206,-0.010388973643241206,-0.010388973643241206,0.010388973643241206,-0.010388973643241206
2025-05-27,0.010496539221447882,0.0,0.025026113945093353,0.025026113945093353,-0.025026113945093353,-0.0005,0.025026113945093353,0.025026113945093353,0.025026113945093353,0.025026113945093353,-0.025026113945093353,0.025026113945093353
2025-05-28,-0.0026061892543757193,0.0,-0.00631008166584912,-0.006310081665849121,-0.007310081665849121,-0.0068100816658491214,-0.006310081665849121,-0.006310081665849121,-0.006310081665849121,-0.006310081665849121,0.006310081665849121,-0.006310081665849121
2025-05-29,0.0019753505161727285,0.0,0.004787005283780621,0.004787005283780621,0.004787005283780621,-0.0005,0.004787005283780621,0.004787005283780621,0.004787005283780621,0.004787005283780621,-0.004787005283780621,0.004787005283780621
2025-05-30,-0.001387179019169383,0.0,-0.0033544115296213484,-0.0033544115296213484,-0.0033544115296213484,-0.0038544115296213484,-0.0033544115296213484,-0.0033544115296213484,-0.0033544115296213484,-0.0033544115296213484,0.0033544115296213484,-0.0033544115296213484
2025-06-02,0.0033628077960672553,0.0,0.007999607012299847,0.007999607012299847,0.007999607012299847,-0.0005,0.007999607012299847,0.007999607012299847,0.007999607012299847,0.007999607012299847,-0.007999607012299847,0.007999607012299847
2025-06-03,-0.0019917796975898656,-0.0050486920415204195,-0.004548692041520419,-0.004548692041520419,-0.004548692041520419,-0.0050486920415204195,-0.004548692041520419,-0.004548692041520419,-0.004548692041520419,-0.004548692041520419,0.004548692041520419,-0.004548692041520419
2025-06-04,0.003214408769311794,0.007388989179248462,0.007388989179248462,0.007388989179248462,0.007388989179248462,0.007388989179248462,0.007388989179248462,0.007388989179248462,0.007388989179248462,0.007388989179248462,-0.007388989179248462,0.007388989179248462
2025-06-05,0.0014651117312546957,0.0032814165352026414,0.0032814165352026414,0.0032814165352026414,0.0032814165352026414,0.0032814165352026414,0.0032814165352026414,0.0032814165352026414,0.0032814165352026414,0.0032814165352026414,-0.0032814165352026414,0.0032814165352026414
2025-06-06,0.012317786372081776,0.027223334916139486,0.027223334916139482,0.027223334916139486,0.027223334916139486,0.027223334916139486,0.027223334916139486,0.027223334916139486,0.027223334916139486,0.027223334916139486,-0.027223334916139486,0.027223334916139486
2025-06-09,0.007118877793058546,0.015966607137600786,0.015966607137600782,0.015966607137600786,0.015966607137600786,0.015966607137600786,0.015966607137600786,0.015966607137600786,0.015966607137600786,0.015966607137600786,-0.015966607137600786,0.015966607137600786
2025-06-10,0.0012976099716554682,0.0029035159702168745,0.0029035159702168745,0.0029035159702168745,0.0029035159702168745,0.0029035159702168745,0.0029035159702168745,0.0029035159702168745,0.0029035159702168745,0.0029035159702168745,-0.0029035159702168745,0.0029035159702168745
2025-06-11,-0.00905619347392506,-0.020265629565462184,-0.020265629565462184,-0.020265629565462184,-0.020265629565462184,-0.020265629565462184,-0.020265629565462184,-0.020265629565462184,-0.020265629565462184,-0.020265629565462184,0.020265629565462184,-0.020265629565462184
2025-06-12,1.9399098969802536e-06,0.00018765734284498237,0.00018765734284498237,0.00018765734284498237,-0.0011876573428449824,-0.0005,0.00018765734284498237,0.00018765734284498237,0.00018765734284498237,0.00018765734284498237,-0.00018765734284498237,0.00018765734284498237
2025-06-13,-0.003881776834848176,-0.0053460859139069505,-0.00534608591390695,-0.0053460859139069505,0.0053460859139069505,0.0,-0.0053460859139069505,-0.0053460859139069505,-0.0053460859139069505,-0.0053460859139069505,0.0053460859139069505,-0.0053460859139069505
2025-06-16,0.013664995631113654,0.018859028217320217,0.018859028217320217,0.018859028217320217,-0.018859028217320217,0.0,0.018859028217320217,0.018859028217320217,0.018859028217320217,0.018859028217320217,-0.018859028217320217,0.018859028217320217
2025-06-17,-0.00455891175813335,-0.005923177895162723,-0.0059231778951627225,-0.005923177895162723,0.005923177895162723,-0.006423177895162724,-0.005923177895162723,-0.005923177895162723,-0.005923177895162723,-0.005923177895162723,0.005923177895162723,-0.005923177895162723
2025-06-18,-0.008116509097114607,-0.010706651956707725,-0.010706651956707725,-0.010706651956707725,0.010706651956707725,-0.0005,-0.010706651956707725,-0.010706651956707725,-0.010706651956707725,-0.010706651956707725,-0.011706651956707725,-0.010706651956707725
2025-06-20,-0.009853883232292929,-0.013316402099383007,-0.013316402099383007,-0.013316402099383007,0.013316402099383007,0.0,-0.013316402099383007,-0.013316402099383007,-0.013316402099383007,-0.013316402099383007,-0.013316402099383007,-0.013316402099383007
2025-06-23,-0.00425182559304628,-0.005818118205440093,-0.005818118205440093,-0.005818118205440093,0.005818118205440093,0.0,-0.005818118205440093,-0.005818118205440093,-0.005818118205440093,-0.005818118205440093,-0.005818118205440093,-0.005818118205440093
2025-06-24,0.015522047493930047,0.02062648355436747,0.02062648355436747,0.02062648355436747,-0.02062648355436747,0.0,0.02062648355436747,0.02062648355436747,0.02062648355436747,0.02062648355436747,0.02062648355436747,0.02062648355436747
2025-06-25,-0.0026598452180574984,-0.0036659245365152637,-0.0036659245365152637,-0.0036659245365152637,0.0036659245365152637,-0.004165924536515264,-0.0036659245365152637,-0.0036659245365152637,-0.0005,-0.0036659245365152637,-0.0036659245365152637,-0.0036659245365152637
2025-06-26,0.0177793851875226,0.024199205109171285,0.02419920510917128,0.024199205109171285,0.023199205109171284,-0.0005,0.024199205109171285,0.024199205109171285,0.023699205109171284,0.024199205109171285,0.024199205109171285,0.024199205109171285
2025-06-27,0.02103467912644552,0.028463559660798277,0.028463559660798277,0.028463559660798277,-0.029463559660798277,0.027963559660798276,0.028463559660798277,0.028463559660798277,0.028463559660798277,0.028463559660798277,0.028463559660798277,0.028463559660798277
2025-06-30,-0.012026255391309583,-0.017510092291414314,-0.017510092291414314,-0.017510092291414314,-0.018510092291414315,-0.017510092291414314,-0.017510092291414314,-0.017510092291414314,-0.017510092291414314,-0.017510092291414314,-0.017510092291414314,-0.017510092291414314
2025-07-01,0.0031422953251673325,0.00487719279454657,0.00487719279454657,0.00487719279454657,-0.00587719279454657,-0.0005,0.00487719279454657,0.00487719279454657,0.00487719279454657,0.00487719279454657,0.00487719279454657,0.00487719279454657
2025-07-02,-0.0015972134128996317,-0.002449462616694653,-0.002449462616694653,-0.002449462616694653,0.002449462616694653,0.0,-0.002449462616694653,-0.002449462616694653,-0.002449462616694653,-0.002449462616694653,-0.002449462616694653,-0.002449462616694653
2025-07-03,0.010322936812518071,0.015869432167251007,0.015869432167251007,0.015869432167251007,-0.015869432167251007,0.0,0.015869432167251007,0.015869432167251007,0.015869432167251007,0.015869432167251007,0.015869432167251007,0.015869432167251007
2025-07-07,0.00016968055336973544,0.0002685535903059755,0.0002685535903059755,0.0002685535903059755,-0.0002685535903059755,-0.00023144640969402453,0.0002685535903059755,0.0002685535903059755,0.0002685535903059755,0.0002685535903059755,0.0002685535903059755,0.0002685535903059755
2025-07-08,-0.011843280018790184,-0.018391733064396676,-0.018391733064396676,-0.018391733064396676,0.018391733064396676,-0.018391733064396676,-0.018391733064396676,-0.018391733064396676,-0.018391733064396676,-0.018391733064396676,-0.018391733064396676,-0.018391733064396676
2025-07-09,0.008851905447251373,0.014496684294917905,0.014496684294917905,0.014496684294917905,-0.014496684294917905,-0.0005,0.014496684294917905,0.014496684294917905,0.014496684294917905,0.014496684294917905,0.014496684294917905,0.014496684294917905
2025-07-10,-0.0008269983323492247,-0.0012581953255335065,-0.0012581953255335065,-0.0012581953255335065,0.0012581953255335065,-0.0017581953255335066,-0.0012581953255335065,-0.0012581953255335063,-0.0012581953255335065,-0.0012581953255335065,-0.0012581953255335065,-0.0012581953255335065
2025-07-11,0.00818284093758299,0.012417933203629827,0.012417933203629827,0.012417933203629827,-0.012417933203629827,-0.0005,0.012417933203629827,0.012417933203629827,0.012417933203629827,0.012417933203629827,0.012417933203629827,0.012417933203629827
2025-07-14,0.001931640420272134,0.0029775049161142597,0.0029775049161142597,0.0029775049161142597,-0.0029775049161142597,0.0024775049161142597,0.0029775049161142597,0.0029775049161142597,0.0029775049161142597,0.0029775049161142597,0.0029775049161142597,0.0029775049161142597
2025-07-15,0.002005713964001113,0.0029243814744550622,0.0029243814744550622,0.0029243814744550622,-0.0029243814744550622,0.0029243814744550622,0.0029243814744550622,0.0029243814744550622,0.0029243814744550622,0.0029243814744550622,0.0029243814744550622,0.0029243814744550622
2025-07-16,-0.009687151305430476,-0.013960696164789232,-0.013960696164789232,-0.013960696164789232,0.013960696164789232,-0.013960696164789232,-0.013960696164789232,-0.01396069616478923,-0.013960696164789232,-0.013960696164789232,-0.013960696164789232,-0.013960696164789232
2025-07-17,0.0020763986466156388,0.0030915472640284936,0.0030915472640284936,0.0030915472640284936,0.0020915472640284935,-0.0005,0.0030915472640284936,0.0030915472640284936,0.0030915472640284936,0.0030915472640284936,0.0030915472640284936,0.0030915472640284936
2025-07-18,0.007022677238164962,0.010050026580880944,0.010050026580880944,0.010050026580880944,0.010050026580880944,0.009550026580880944,0.010050026580880944,0.010050026580880944,0.010050026580880944,0.010050026580880944,0.010050026580880944,0.010050026580880944
2025-07-21,0.012972732196349831,0.014018476542235536,0.014018476542235536,0.014018476542235536,0.014018476542235536,0.014018476542235536,0.014018476542235536,0.014018476542235534,0.014018476542235536,0.014018476542235536,0.014018476542235536,0.014018476542235536
2025-07-22,-0.007531990167180919,-0.007980819043607368,-0.007980819043607368,-0.007980819043607368,-0.007980819043607368,-0.007980819043607368,-0.007980819043607368,-0.007980819043607368,-0.007980819043607368,-0.007980819043607368,-0.007980819043607368,-0.007980819043607368
2025-07-23,0.0034655351386150956,0.003604836070819184,0.003604836070819184,0.003604836070819184,0.003604836070819184,-0.0005,0.003604836070819184,0.003604836070819184,0.003604836070819184,0.003604836070819184,0.003604836070819184,0.003604836070819184
2025-07-24,0.016883860787628678,0.01725876103762447,0.01725876103762447,0.01725876103762447,0.01725876103762447,0.01675876103762447,0.01725876103762447,0.01725876103762447,0.01725876103762447,0.01725876103762447,0.01725876103762447,0.01725876103762447
2025-07-25,-0.003387280543181449,-0.00340177109187767,-0.00340177109187767,-0.00340177109187767,-0.00340177109187767,-0.00340177109187767,-0.00340177109187767,-0.00340177109187767,-0.00340177109187767,-0.00340177109187767,-0.00340177109187767,-0.00340177109187767
2025-07-28,0.005798812616427896,0.005833005662313484,0.005833005662313484,0.005833005662313484,0.005833005662313484,-0.0005,0.005833005662313484,0.005833005662313484,0.005833005662313484,0.005833005662313484,0.005833005662313484,0.005833005662313484
2025-07-29,-0.00764927525359996,-0.007646371539299812,-0.007646371539299812,-0.007646371539299812,-0.007646371539299812,-0.008146371539299813,-0.007646371539299812,-0.007646371539299812,-0.007646371539299812,-0.007646371539299812,-0.007646371539299812,-0.007646371539299812
2025-07-30,-0.003549595623255297,-0.003549595623255297,-0.003549595623255297,-0.003549595623255297,-0.003549595623255297,-0.0005,-0.003549595623255297,-0.003549595623255297,-0.003549595623255297,-0.003549595623255297,-0.003549595623255297,-0.003549595623255297
2025-07-31,0.017029402351838252,0.017029402351838252,0.017029402351838252,0.017029402351838252,0.017029402351838252,0.0,0.017029402351838252,0.017029402351838252,0.017029402351838252,0.017029402351838252,0.017029402351838252,0.017029402351838252
2025-08-01,-0.08269617085933034,-0.08269617085933034,-0.08269617085933034,-0.08269617085933034,-0.08269617085933034,-0.08319617085933034,-0.08269617085933034,-0.08269617085933034,-0.08269617085933034,-0.08269617085933034,-0.08269617085933034,-0.08269617085933034
2025-08-04,-0.008740756550282005,-0.01443541840985152,-0.01443541840985152,-0.0005,-0.01443541840985152,-0.0005,-0.0005,0.013435418409851518,-0.0005,-0.01443541840985152,-0.01443541840985152,-0.01443541840985152
2025-08-05,0.005911593771594732,0.009922070229506863,0.009922070229506863,0.0,-0.010922070229506864,0.0,0.0,-0.009922070229506863,0.0,0.009922070229506863,0.009922070229506863,0.009922070229506863
2025-08-06,0.02368321270632948,0.04004677220394748,0.04004677220394748,0.0,-0.04004677220394748,0.03954677220394748,0.0,-0.04004677220394748,0.0,0.04004677220394748,0.04004677220394747,0.04004677220394748
2025-08-07,0.0020185475379567077,0.0036885760119835798,0.0036885760119835798,0.0,0.0026885760119835797,0.0036885760119835798,0.0031885760119835798,0.0026885760119835797,0.0,0.0036885760119835798,0.0036885760119835793,0.0036885760119835798
2025-08-08,-0.0011017104672361997,-0.001971955504762035,-0.001971955504762035,0.0,-0.001971955504762035,-0.001971955504762035,-0.001971955504762035,-0.001971955504762035,0.0,-0.001971955504762035,-0.0019719555047620347,-0.001971955504762035
2025-08-11,-0.003479028244165813,-0.006241858073597895,-0.006241858073597895,0.0,-0.006241858073597895,-0.0005,-0.006241858073597895,-0.006241858073597895,0.0,0.0052418580735978946,-0.006241858073597895,-0.006241858073597895
2025-08-12,0.000429033978761527,0.0007681796954406295,0.0007681796954406295,0.0,0.0007681796954406295,0.0,0.0007681796954406295,-0.0017681796954406295,-0.0012681796954406295,-0.0007681796954406295,0.0007681796954406295,0.0007681796954406295
2025-08-13,0.007826219871324364,0.01395221168040428,0.01395221168040428,0.0,0.01395221168040428,0.0,0.01395221168040428,-0.01395221168040428,-0.01395221168040428,-0.01395221168040428,0.01395221168040428,0.01395221168040428
2025-08-14,0.01588171279064741,0.02858923333961183,0.02858923333961183,0.0,0.02858923333961183,0.02808923333961183,0.02858923333961183,-0.02858923333961183,-0.02858923333961183,-0.02858923333961183,0.02858923333961183,0.02858923333961183
2025-08-15,0.00011009909019391405,0.00021648217457226338,0.00021648217457226338,0.0,0.00021648217457226338,0.00021648217457226338,0.00021648217457226338,-0.0007835178254277366,-0.0007835178254277366,-0.00021648217457226338,0.00021648217457226338,0.00021648217457226338
2025-08-18,0.0010779219420006096,0.0019911124801876845,0.0019911124801876845,0.0,0.0019911124801876845,0.0019911124801876845,0.0019911124801876845,0.0019911124801876845,0.0019911124801876845,-0.0019911124801876845,0.0019911124801876845,0.0019911124801876845
2025-08-19,-0.008470184026720874,-0.01503309388634011,-0.01503309388634011,0.0,-0.01503309388634011,-0.0005,-0.01503309388634011,-0.01503309388634011,-0.01503309388634011,0.01503309388634011,-0.01503309388634011,-0.01503309388634011
2025-08-20,-0.010365537187661774,-0.01842023178556884,-0.01842023178556884,0.0,0.01742023178556884,0.0,-0.01842023178556884,0.01742023178556884,-0.01842023178556884,-0.019420231785568842,-0.01842023178556884,-0.01842023178556884
2025-08-21,-0.004676601101165385,-0.008310623433453235,-0.008310623433453233,0.0,-0.009310623433453236,0.0,-0.008310623433453235,0.008310623433453235,-0.008310623433453235,-0.008310623433453235,-0.008310623433453235,-0.008310623433453235
2025-08-22,0.0174687071150977,0.031043025385826706,0.031043025385826706,0.0,0.031043025385826706,0.0,-0.0005,-0.031043025385826706,-0.03204302538582671,0.031043025385826706,0.031043025385826706,0.031043025385826706
2025-08-25,-0.0022131169040632706,-0.003932852258726194,-0.003932852258726194,0.0,-0.003932852258726194,-0.004432852258726194,-0.004432852258726194,0.003932852258726194,0.003932852258726194,-0.003932852258726194,-0.003932852258726194,-0.003932852258726194
2025-08-26,0.0019009439409993756,0.0033781006590050122,0.0033781006590050122,0.0,0.0033781006590050122,0.0033781006590050122,0.0033781006590050122,-0.0033781006590050122,-0.0005,0.0033781006590050122,0.0033781006590050122,0.0033781006590050122
2025-08-27,0.0010087490283618682,0.0017926124405795996,0.0017926124405795996,0.0,0.0017926124405795996,0.0017926124405795996,0.0017926124405795996,-0.0017926124405795996,0.0,0.0017926124405795996,0.0017926124405795996,0.0017926124405795996
2025-08-28,0.006090982289317341,0.0108240705271474,0.0108240705271474,0.0,0.0108240705271474,0.0108240705271474,0.0108240705271474,-0.0108240705271474,0.0,0.0108240705271474,0.0108240705271474,0.0108240705271474
2025-08-29,-0.006317314879054443,-0.011226278216735164,-0.011226278216735164,0.0,-0.011226278216735164,-0.011226278216735164,-0.011226278216735164,-0.012226278216735165,0.0,-0.011226278216735164,-0.011226278216735164,-0.011226278216735164
2025-09-02,-0.008993790375497385,-0.015982548742835667,-0.015982548742835667,0.0,-0.015982548742835667,-0.0005,-0.015982548742835667,0.014982548742835666,-0.016482548742835668,-0.015982548742835667,-0.015982548742835667,-0.015982548742835667
2025-09-03,0.0016232219771777974,0.0028845707190781056,0.0028845707190781056,0.0,0.0028845707190781056,0.0,0.0028845707190781056,0.0018845707190781056,0.0028845707190781056,0.0028845707190781056,0.0028845707190781056,0.0028845707190781056
2025-09-04,0.02412852051926349,0.042877945692648245,0.042877945692648245,0.0,-0.043877945692648246,0.042377945692648245,0.042877945692648245,0.042877945692648245,0.042877945692648245,0.042877945692648245,0.042877945692648245,0.042877945692648245
2025-09-05,-0.00799866719976369,-0.014214150326010255,-0.014214150326010254,-0.014714150326010256,-0.015214150326010256,-0.014214150326010255,-0.014214150326010255,-0.014214150326010255,-0.014214150326010255,-0.014214150326010255,-0.014214150326010255,-0.014214150326010255
2025-09-08,0.008501545124221762,0.015107797009308976,0.015107797009308976,0.015107797009308976,0.015107797009308976,-0.0005,0.015107797009308976,0.015107797009308976,0.015107797009308976,0.015107797009308976,0.015107797009308976,0.015107797009308976
2025-09-09,0.005726538202798657,0.010176429751274751,0.010176429751274751,0.010176429751274751,0.010176429751274751,0.009676429751274751,0.010176429751274751,0.010176429751274751,0.010176429751274751,0.010176429751274751,0.010176429751274751,0.010176429751274751
2025-09-10,-0.018683520698232817,-0.03320182790348514,-0.03320182790348514,-0.03320182790348514,-0.03320182790348514,-0.03320182790348514,-0.03320182790348514,-0.03320182790348514,-0.03320182790348514,-0.03320182790348514,-0.03320182790348514,-0.03320182790348514
2025-09-11,-0.0009284005506083878,-0.0016498279850283293,-0.0016498279850283293,-0.0016498279850283293,-0.0016498279850283293,-0.0005,-0.0016498279850283293,-0.0016498279850283293,-0.0016498279850283293,-0.0016498279850283293,-0.0016498279850283293,-0.0016498279850283293
2025-09-12,-0.004404905102836571,-0.007827802024989672,-0.007827802024989672,-0.007827802024989672,-0.007827802024989672,0.0,-0.007827802024989672,-0.007827802024989672,-0.007827802024989672,-0.007827802024989672,-0.007827802024989672,-0.007827802024989672
2025-09-15,0.00809002649504677,0.014376501718361023,0.014376501718361023,0.014376501718361023,0.014376501718361023,0.0,0.014376501718361023,0.014376501718361023,-0.015376501718361024,0.014376501718361023,0.014376501718361023,0.014376501718361023
2025-09-16,0.006370596416787629,0.011320962964584513,0.011320962964584513,0.011320962964584513,0.011320962964584513,0.010820962964584513,0.011320962964584513,0.011320962964584513,-0.0005,0.011320962964584513,0.011320962964584513,0.011320962964584513
2025-09-17,-0.00584246021784637,-0.010382430689534927,-0.010382430689534927,-0.010382430689534927,-0.010382430689534927,-0.010382430689534927,-0.010382430689534927,-0.010382430689534927,0.0,-0.010382430689534927,-0.010382430689534927,-0.010382430689534927
2025-09-18,-0.0012919964676813512,-0.0016837898189709932,-0.0016837898189709932,-0.0016837898189709932,-0.0016837898189709932,-0.0005,-0.0016837898189709932,-0.0016837898189709932,-0.0021837898189709932,-0.0016837898189709932,-0.0016837898189709932,-0.0016837898189709932
2025-09-19,0.0007872844969727314,0.0010811746080494622,0.001081174608049462,0.0010811746080494622,0.0010811746080494622,0.0,0.0010811746080494622,0.0010811746080494622,0.0010811746080494622,0.0010811746080494622,0.0010811746080494622,0.0010811746080494622
2025-09-22,-0.012658085262992023,-0.016632067201427403,-0.016632067201427403,-0.016632067201427403,-0.016632067201427403,-0.017132067201427403,-0.016632067201427403,-0.016632067201427403,-0.016632067201427403,-0.016632067201427403,-0.016632067201427403,-0.016632067201427403
2025-09-23,-0.022645520986504273,-0.030400202172415014,-0.030400202172415014,-0.030400202172415014,-0.030400202172415014,-0.0005,-0.0005,-0.030400202172415014,-0.030400202172415014,-0.030400202172415014,-0.030400202172415014,-0.030400202172415014
2025-09-24,-0.0016968585879610595,-0.0022654160880354324,-0.0022654160880354324,-0.0005,0.0012654160880354324,0.0,0.0,0.0012654160880354324,-0.0005,-0.0022654160880354324,-0.002265416088035432,-0.0022654160880354324
2025-09-25,-0.007002949922942223,-0.00935476479077324,-0.00935476479077324,0.0,0.00935476479077324,0.0,0.0,0.00935476479077324,0.0,0.00835476479077324,-0.00935476479077324,-0.00935476479077324
2025-09-26,0.005577600023538465,-0.0005,-0.0005,0.0,-0.007471945580644679,0.0,0.0,-0.007471945580644679,0.0,-0.007471945580644679,0.007471945580644679,0.007471945580644679
2025-09-29,0.008063522453847973,0.01037450815780766,0.01037450815780766,0.0,-0.01087450815780766,0.01037450815780766,0.0,-0.010874508157807659,-0.011374508157807661,-0.01087450815780766,0.01087450815780766,0.01087450815780766
2025-09-30,-0.008679339772956398,-0.011702709034319914,-0.011702709034319912,0.0,0.011702709034319914,-0.011702709034319914,0.0,0.011702709034319914,0.011702709034319914,0.011702709034319914,-0.011702709034319914,-0.011702709034319914
2025-10-01,0.0035772562375875846,-0.0005,-0.0004999999999999999,0.0,-0.004827606336181178,-0.0005,0.0,-0.004827606336181178,-0.004827606336181178,-0.004827606336181178,0.004827606336181178,0.004827606336181178
2025-10-02,0.006065705756071692,0.007567800117406154,0.007567800117406154,0.0,-0.008067800117406154,0.007567800117406154,0.0,-0.008067800117406154,-0.008067800117406154,-0.008067800117406154,0.008067800117406154,0.008067800117406154
2025-10-03,-0.0097587130473231,-0.013039023009411066,-0.013039023009411066,0.0,0.013039023009411066,-0.013039023009411066,0.0,0.013039023009411066,0.013039023009411066,0.013039023009411066,-0.013039023009411066,-0.013039023009411066
2025-10-06,0.005717091223050711,-0.0005,-0.0005,0.0,-0.00633228292302257,-0.0005,0.0,-0.00633228292302257,-0.00633228292302257,-0.00633228292302257,0.00633228292302257,0.00633228292302257
2025-10-07,0.003669479597480288,0.0034837252472938456,0.0034837252472938456,0.0,-0.003983725247293846,0.0,0.0,-0.003983725247293845,-0.003983725247293846,-0.003983725247293846,0.003983725247293846,0.003983725247293846
2025-10-08,0.014826691627586569,0.015510877718191152,0.015510877718191152,0.0,0.01451087771819115,0.015010877718191151,0.0,-0.015510877718191152,-0.015510877718191152,-0.015510877718191152,0.015510877718191152,0.015510877718191152
2025-10-09,0.010449645394580908,0.01118907849570383,0.01118907849570383,0.0,0.01118907849570383,0.01118907849570383,0.0,-0.01118907849570383,-0.01118907849570383,-0.01118907849570383,0.01118907849570383,0.01118907849570383
2025-10-10,-0.04995794620443071,-0.049925397829666096,-0.049925397829666096,0.0,-0.049925397829666096,-0.049925397829666096,-0.050425397829666097,0.049925397829666096,0.049925397829666096,0.049925397829666096,-0.049925397829666096,-0.049925397829666096
2025-10-13,0.013353680636097326,-0.0005,-0.0005,0.0,-0.018100394188331426,-0.0005,-0.0005,-0.017100394188331425,-0.017100394188331425,-0.017100394188331425,0.017100394188331425,0.017100394188331425
2025-10-14,-0.012758977708295803,0.0,0.0,0.0,-0.017721987604375045,0.0,0.0,0.016721987604375044,0.016721987604375044,0.016721987604375044,-0.016721987604375044,-0.016721987604375044
2025-10-15,-0.0029101650081169864,0.0,0.0,0.0,0.002789417568938358,0.0,0.0,0.003789417568938358,0.003789417568938358,0.003789417568938358,-0.003789417568938358,-0.003789417568938358
2025-10-16,-0.004004720146015596,0.0,0.0,0.0,0.00510277898660183,0.0,0.0,0.00510277898660183,0.00510277898660183,0.00510277898660183,-0.00510277898660183,-0.00510277898660183
2025-10-17,-0.005250188845562942,0.0,0.0,0.0,0.006667636156250767,0.0,0.0,0.006667636156250767,0.006667636156250767,0.006667636156250767,0.005667636156250767,-0.006667636156250767
2025-10-20,0.012709848920370295,0.0,0.0,0.0,-0.016147214372026486,0.0,0.0,-0.016147214372026486,-0.016147214372026486,-0.016147214372026486,0.015147214372026485,0.016147214372026486
2025-10-21,0.020179863691905046,0.0,0.0,0.0,0.024637486886977977,0.025137486886977978,0.0,-0.025637486886977978,-0.025637486886977978,-0.025637486886977978,-0.02663748688697798,0.025637486886977978
2025-10-22,-0.014464102094878611,0.0,0.0,0.0,0.017375903497213074,-0.018375903497213075,0.0,0.018375903497213075,0.018375903497213075,0.018375903497213075,0.018375903497213075,-0.018375903497213075
2025-10-23,0.011340063162956899,0.0,0.0,0.0,0.013406971477930907,-0.0005,0.0,-0.014406971477930908,-0.014406971477930908,-0.014406971477930908,-0.014406971477930908,0.014406971477930908
2025-10-24,0.011107842750521756,0.0,0.0,0.0,0.01411194729592502,0.01361194729592502,0.0,0.01311194729592502,-0.01411194729592502,-0.01411194729592502,-0.01411194729592502,0.01411194729592502
2025-10-27,0.009689380327628798,0.011809863182682123,0.011809863182682123,0.0,0.012309863182682124,0.012309863182682124,0.0,0.012309863182682124,-0.012309863182682124,-0.012309863182682124,-0.012309863182682124,0.012309863182682124
2025-10-28,0.007906948891665967,0.010045375014470892,0.010045375014470892,0.0,0.010045375014470892,0.010045375014470892,0.009545375014470892,0.01004537501447089,-0.010045375014470892,-0.010045375014470892,-0.010045375014470892,0.010045375014470892
2025-10-29,0.003605155436816083,0.0045801659836763875,0.004580165983676387,0.0,0.0045801659836763875,0.0045801659836763875,0.0045801659836763875,0.0045801659836763875,-0.0045801659836763875,-0.0045801659836763875,-0.0045801659836763875,0.0045801659836763875
2025-10-30,-0.025428568454132765,-0.03230569840563213,-0.03230569840563213,0.0,0.03130569840563213,-0.03230569840563213,-0.03230569840563213,-0.03230569840563213,-0.0005,-0.033305698405632134,0.03230569840563213,-0.03230569840563213
2025-10-31,0.06554681691551766,-0.0005,-0.0005,0.0,-0.09584492754129248,-0.0005,-0.0005,0.09584492754129248,0.0,0.09584492754129248,-0.09584492754129248,0.09584492754129248
2025-11-03,0.01805573766357995,0.03954585509136338,0.03954585509136338,0.0,-0.04004585509136338,0.03954585509136338,0.03954585509136338,0.04004585509136338,0.0,0.04004585509136338,-0.04004585509136338,0.04004585509136338
2025-11-04,-0.008360540786883374,-0.018425168014886806,-0.018425168014886806,0.0,-0.019425168014886807,-0.018425168014886806,-0.018425168014886806,-0.018425168014886806,0.0,-0.018425168014886806,0.018425168014886806,-0.018425168014886806
2025-11-05,0.0016015604428372568,0.0035295587926045258,0.0035295587926045258,0.0,-0.004529558792604526,-0.0005,0.0035295587926045258,0.0035295587926045253,0.0,0.0035295587926045258,-0.0035295587926045258,0.0035295587926045258
2025-11-06,-0.01298520641139386,-0.028617121300727022,-0.028617121300727022,0.0,0.028617121300727022,0.0,-0.028617121300727022,-0.028617121300727022,0.0,-0.028617121300727022,0.028617121300727022,-0.028617121300727022
2025-11-07,0.0025578143820428603,0.005636975040415049,0.005636975040415049,0.0,0.004636975040415049,0.0,0.005636975040415049,0.005636975040415049,0.005136975040415048,0.005636975040415049,-0.005636975040415049,0.005636975040415049
2025-11-10,0.00740757007127344,0.01632498741700883,0.01632498741700883,0.0,0.01632498741700883,0.0,0.01632498741700883,0.01632498741700883,0.01632498741700883,0.01632498741700883,-0.01632498741700883,0.01632498741700883
2025-11-11,0.0012787243808565169,0.0028180846386129943,0.0028180846386129943,0.0,-0.0038180846386129943,0.0023180846386129943,0.0028180846386129943,0.0028180846386129943,0.0028180846386129943,0.0028180846386129943,-0.0028180846386129943,0.0028180846386129943
2025-11-12,-0.008925777701500697,-0.01967085120518708,-0.01967085120518708,0.0,0.01967085120518708,-0.01967085120518708,-0.01967085120518708,-0.01967085120518708,-0.01967085120518708,-0.01967085120518708,0.01967085120518708,-0.01967085120518708
2025-11-13,-0.012300844489555186,-0.027108907452568887,-0.027108907452568887,0.0,-0.028108907452568888,-0.0005,-0.027108907452568887,-0.027108907452568887,-0.027108907452568887,-0.027108907452568887,0.027108907452568887,-0.027108907452568887
2025-11-14,-0.005519640375972914,-0.012164320933474637,-0.012164320933474635,0.0,-0.012164320933474637,0.0,-0.012164320933474637,-0.012164320933474637,-0.012164320933474637,-0.012164320933474637,0.012164320933474637,-0.012164320933474637
2025-11-17,-0.00351885571267733,-0.007754941860691922,-0.007754941860691922,-0.008254941860691922,-0.007754941860691922,0.0,-0.007754941860691922,-0.007754941860691922,-0.007754941860691922,-0.007754941860691922,-0.008754941860691923,-0.007754941860691922
2025-11-18,-0.020108919819609127,-0.04431653833391602,-0.04431653833391602,-0.04431653833391602,-0.0005,0.0,-0.04431653833391602,-0.04431653833391602,-0.04431653833391602,-0.04431653833391602,-0.04431653833391602,-0.04431653833391602
2025-11-19,0.0002854443498260377,0.0006290693674619874,0.0006290693674619874,0.0006290693674619874,-0.0011290693674619874,0.0,-0.0005,0.0006290693674619874,-0.0005,0.0006290693674619874,0.0006290693674619874,0.0006290693674619874
2025-11-20,-0.011308771136421307,-0.02492255148822009,-0.02492255148822009,-0.02492255148822009,-0.02592255148822009,0.0,0.0,-0.02492255148822009,0.0,-0.02492255148822009,-0.02492255148822009,-0.02492255148822009
2025-11-21,0.007418426655584915,0.016348913427910006,0.016348913427910006,0.016348913427910006,-0.017348913427910007,0.0,0.0,-0.017348913427910007,0.0,0.016348913427910006,0.016348913427910006,0.016348913427910006
2025-11-24,0.011493486155728417,0.02532963104830621,0.02532963104830621,0.02532963104830621,-0.02532963104830621,0.02482963104830621,0.0,-0.02532963104830621,0.0,0.02532963104830621,0.02532963104830621,0.02532963104830621
2025-11-25,0.006797924947219996,0.0149814363087164,0.0149814363087164,0.0149814363087164,-0.0005,0.0149814363087164,0.0,0.0139814363087164,0.0,0.0149814363087164,0.0149814363087164,0.0149814363087164
2025-11-26,-0.001007590686535422,-0.0022205534501759105,-0.0022205534501759105,-0.0022205534501759105,-0.0027205534501759106,-0.0022205534501759105,-0.0027205534501759106,-0.0022205534501759105,0.0,0.0012205534501759105,0.00122055345017591,-0.0022205534501759105
2025-11-28,0.00803914505654247,0.01771686809963624,0.017716868099636237,0.01771686809963624,0.01771686809963624,0.01771686809963624,0.01771686809963624,-0.01871686809963624,0.0,-0.01771686809963624,-0.017716868099636237,0.01771686809963624
2025-12-01,0.0012841136577821004,0.0028299616613276513,0.0028299616613276513,0.0028299616613276513,-0.0005,0.0028299616613276513,0.0028299616613276513,0.0018299616613276512,0.0,-0.0028299616613276513,-0.002829961661327651,0.0028299616613276513
2025-12-02,0.0010476547323490144,0.0023088475921804186,0.0023088475921804186,0.0023088475921804186,0.0,0.0023088475921804186,0.0023088475921804186,0.0023088475921804186,-0.0028088475921804186,-0.0023088475921804186,-0.002308847592180418,0.0023088475921804186
2025-12-03,-0.005431148086799094,-0.008702300580441968,-0.008702300580441968,-0.008702300580441968,0.0,-0.008702300580441968,-0.008702300580441968,0.007702300580441968,0.008702300580441968,0.008702300580441968,0.008702300580441967,-0.008702300580441968
2025-12-04,-0.009809423086678199,-0.014071797072686909,-0.014071797072686909,-0.014071797072686909,0.0,-0.0005,-0.014071797072686909,0.014071797072686909,0.014071797072686909,0.014071797072686909,-0.01507179707268691,-0.014071797072686909
2025-12-05,0.001272727551531832,0.0018331725713693903,0.00183317257136939,0.0018331725713693903,0.0,0.0,0.0018331725713693903,-0.0018331725713693903,-0.0018331725713693903,-0.0018331725713693903,0.0018331725713693903,0.0018331725713693903
2025-12-08,-0.007985396171086455,-0.011501761877265149,-0.011501761877265147,-0.011501761877265149,0.0,0.0,-0.011501761877265149,0.011501761877265149,0.011501761877265149,0.011501761877265149,-0.011501761877265149,-0.011501761877265149
2025-12-09,0.003151762262207215,0.004539639393836836,0.004539639393836836,0.004539639393836836,-0.005039639393836837,0.0,-0.0005,-0.004539639393836836,-0.004539639393836836,-0.004539639393836836,0.004539639393836836,0.004539639393836836
2025-12-10,0.011758096920901653,0.016935769749744978,0.016935769749744978,0.016935769749744978,0.015935769749744977,0.0,0.0,-0.016935769749744978,-0.016935769749744978,-0.016935769749744978,0.016935769749744978,0.016935769749744978
2025-12-11,-0.0044931135883342285,-0.006471654188885845,-0.006471654188885845,-0.006471654188885845,-0.006471654188885845,-0.006971654188885845,-0.006971654188885845,0.006471654188885845,0.006471654188885845,0.006471654188885845,0.005471654188885844,-0.006471654188885845
2025-12-12,-0.012331014140659098,-0.017760970816273702,-0.0177609708162737,-0.017760970816273702,-0.017760970816273702,-0.0005,-0.017760970816273702,0.017760970816273702,-0.0005,0.017760970816273702,-0.018760970816273703,-0.017760970816273702
2025-12-15,-0.011203472271898168,-0.01613691637948922,-0.016136916379489216,-0.01613691637948922,-0.01613691637948922,0.0,-0.0005,0.01613691637948922,0.0,0.01613691637948922,-0.01613691637948922,-0.01613691637948922
2025-12-16,3.290030065332728e-05,8.989068511033871e-05,-0.0004999999999999999,8.989068511033871e-05,8.989068511033871e-05,0.0,0.0,-8.989068511033871e-05,-0.0005898906851103387,-8.989068511033871e-05,8.989068511033871e-05,8.989068511033871e-05
2025-12-17,-0.004441185686015961,-0.005796159688549518,0.0,-0.005796159688549518,0.004796159688549518,0.0,0.0,0.005796159688549518,0.005796159688549518,0.005796159688549518,0.004796159688549517,-0.005796159688549518
2025-12-18,0.019011116227974148,0.024811271877659857,0.0,0.024811271877659857,0.023811271877659856,0.0,0.0,-0.024811271877659857,-0.024811271877659857,-0.024811271877659857,-0.024811271877659854,0.024811271877659857
2025-12-19,0.0022440074329279857,0.0026019210221046585,0.0,0.0026019210221046585,0.0026019210221046585,0.0021019210221046585,0.0,0.0016019210221046585,-0.0026019210221046585,-0.0026019210221046585,0.0016019210221046585,0.0026019210221046585
2025-12-22,0.004205604004810107,0.00475032567966549,0.0,0.00475032567966549,0.00475032567966549,0.00475032567966549,0.0,0.00475032567966549,-0.00475032567966549,-0.00475032567966549,0.00475032567966549,0.00475032567966549
2025-12-23,0.01437892974093261,0.016241329216049705,0.015741329216049704,0.016241329216049705,0.016241329216049705,0.016241329216049705,0.015741329216049704,0.016241329216049705,-0.016241329216049705,-0.016241329216049705,0.016241329216049705,0.016241329216049705
2025-12-24,0.0009627886408108069,0.001033882544133169,0.0010338825441331687,0.001033882544133169,0.001033882544133169,0.001033882544133169,0.001033882544133169,0.001033882544133169,-0.001033882544133169,-0.001033882544133169,0.001033882544133169,0.001033882544133169
2025-12-26,0.0005869328525900712,0.000602458846315379,0.0006024588463153789,0.000602458846315379,0.000602458846315379,0.000602458846315379,0.000602458846315379,0.000602458846315379,-0.0005,-0.000602458846315379,0.000602458846315379,0.000602458846315379
2025-12-29,-0.0018854294203426954,-0.0019353042317807878,-0.0019353042317807878,-0.0019353042317807878,-0.0019353042317807878,-0.0019353042317807878,-0.0019353042317807878,-0.0019353042317807878,0.0,0.0019353042317807878,-0.0019353042317807878,-0.0019353042317807878
2025-12-30,0.0019310422746836994,0.001982123671998126,0.001982123671998126,0.001982123671998126,0.001982123671998126,-0.0005,0.001982123671998126,0.001982123671998126,0.0,-0.001982123671998126,-0.002982123671998126,0.001982123671998126
2025-12-31,-0.007164336636028537,-0.0073538531116630335,-0.0073538531116630335,-0.0073538531116630335,-0.0073538531116630335,-0.007853853111663034,-0.0073538531116630335,0.0063538531116630334,0.0,-0.008353853111663034,-0.008353853111663034,-0.0073538531116630335
2026-01-02,-0.018233585000298373,-0.018715913643268745,-0.018715913643268745,-0.018715913643268745,-0.018715913643268745,-0.0005,-0.018715913643268745,0.018715913643268745,0.0,-0.018715913643268745,0.017715913643268744,-0.018715913643268745
2026-01-05,0.028216068740518668,0.028962461627345393,0.028962461627345393,0.028962461627345393,0.028962461627345393,0.0,-0.0005,-0.028962461627345393,0.0,0.028962461627345393,-0.028962461627345393,0.028962461627345393
2026-01-06,0.03289786837418738,0.033768107781812384,0.033768107781812384,0.033768107781812384,0.033768107781812384,0.033268107781812384,0.033268107781812384,0.032768107781812376,0.0,0.033768107781812384,0.03276810778181238,0.033768107781812384
2026-01-07,0.0022003937300363635,0.0026148877348795008,0.0026148877348795008,-0.003614887734879501,0.0026148877348795008,0.0026148877348795008,0.0026148877348795008,0.0026148877348795008,0.0,0.0026148877348795008,-0.003614887734879501,0.0026148877348795008
2026-01-08,0.016894414003842454,0.019581038977249277,0.019581038977249277,-0.019581038977249277,0.019581038977249277,0.019581038977249277,0.019581038977249277,0.019581038977249273,0.019081038977249276,0.019581038977249277,-0.019581038977249277,0.019581038977249277
2026-01-09,0.0038184908314759687,0.004425724253495522,0.004425724253495521,-0.004425724253495522,-0.005425724253495522,0.004425724253495522,0.004425724253495522,0.004425724253495522,0.004425724253495522,0.004425724253495522,-0.004425724253495522,0.004425724253495522
2026-01-12,-0.003173846706166652,-0.003678565947722645,-0.003678565947722645,0.003678565947722645,0.003678565947722645,-0.003678565947722645,-0.003678565947722645,-0.003678565947722645,-0.003678565947722645,-0.003678565947722645,0.003678565947722645,-0.003678565947722645
2026-01-13,-0.013547331263841153,-0.0157016882298876,-0.0157016882298876,0.0157016882298876,0.0157016882298876,-0.0157016882298876,-0.0157016882298876,-0.0157016882298876,-0.0157016882298876,-0.0157016882298876,0.0157016882298876,-0.0157016882298876
2026-01-14,-0.02116091534999614,-0.024526018373191683,-0.024526018373191683,0.024526018373191683,0.024526018373191683,-0.0005,-0.024526018373191683,-0.024526018373191683,-0.024526018373191683,-0.024526018373191683,0.024526018373191683,-0.024526018373191683
2026-01-15,0.005578173104006395,0.006465239039753046,0.006465239039753046,-0.006465239039753046,-0.006465239039753046,0.0,0.006465239039753046,0.006465239039753046,0.006465239039753046,0.006465239039753046,-0.006465239039753046,0.006465239039753046
2026-01-16,0.0034051096747765987,0.0039466053837939885,0.0039466053837939885,-0.0039466053837939885,-0.0039466053837939885,0.0034466053837939885,0.0039466053837939885,0.0039466053837939885,0.0039466053837939885,0.0039466053837939885,-0.0039466053837939885,0.0039466053837939885
2026-01-20,-0.029298627454174584,-0.033957825706746436,-0.033957825706746436,0.033957825706746436,-0.0005,-0.033957825706746436,-0.033957825706746436,-0.03395782570674643,-0.033957825706746436,-0.033957825706746436,-0.03495782570674644,-0.033957825706746436
2026-01-21,0.0009453270740126319,0.001341980773133189,0.001341980773133189,-0.001341980773133189,0.000841980773133189,-0.0005,-0.0005,0.001341980773133189,0.001341980773133189,0.001341980773133189,0.0013419807731331888,0.001341980773133189
2026-01-22,0.009790614542846932,0.01309929882528893,0.01309929882528893,-0.01309929882528893,0.01309929882528893,0.0,0.0,0.01309929882528893,-0.0005,0.01309929882528893,0.013099298825288928,0.01309929882528893
2026-01-23,0.015373161250394415,0.020568436457892858,0.020568436457892858,-0.020568436457892858,-0.0005,0.020068436457892858,0.0,0.020568436457892855,0.0,0.020568436457892858,0.020568436457892858,0.020568436457892858
2026-01-26,-0.0023126413968810634,-0.003094185824689788,-0.003094185824689788,0.003094185824689788,0.0,-0.003094185824689788,-0.003594185824689788,-0.0030941858246897875,0.0,-0.003094185824689788,-0.003094185824689788,-0.003094185824689788
2026-01-27,0.019624254841226,0.026256163723313408,0.026256163723313408,-0.026256163723313408,0.0,0.026256163723313408,0.026256163723313408,0.026256163723313408,0.025756163723313408,0.026256163723313408,0.026256163723313408,0.026256163723313408
2026-01-28,-0.0051012832596669146,-0.0068252338521122,-0.006825233852112199,0.0068252338521122,0.0,-0.0068252338521122,-0.0068252338521122,-0.0068252338521122,-0.0068252338521122,-0.0068252338521122,-0.0068252338521122,-0.0068252338521122
2026-01-29,-0.003936835996724149,-0.005267268047532414,-0.005267268047532414,0.005267268047532414,0.0,-0.005267268047532414,-0.005267268047532414,-0.005267268047532414,-0.005267268047532414,-0.005267268047532414,-0.005267268047532414,-0.005267268047532414
2026-01-30,-0.007513396763064971,-0.010052507834071855,-0.010052507834071854,0.010052507834071855,0.0,-0.0005,-0.010052507834071855,-0.010052507834071855,-0.010052507834071855,-0.010052507834071855,-0.010052507834071854,-0.010052507834071855
2026-02-02,0.011431434150223565,0.015294624385431943,0.015294624385431943,-0.015294624385431943,0.0,0.0,0.015294624385431943,0.015294624385431943,0.015294624385431943,0.015294624385431943,0.015294624385431941,0.015294624385431943
2026-02-03,-0.013351129311068717,-0.017863069956986388,-0.017863069956986388,0.017863069956986388,0.0,-0.01836306995698639,-0.017863069956986388,-0.017863069956986388,-0.017863069956986388,-0.017863069956986388,-0.017863069956986388,-0.017863069956986388
2026-02-04,-0.01763448029664939,-0.023593955826118118,-0.023593955826118118,0.023593955826118118,0.0,-0.0005,-0.0005,-0.023593955826118118,-0.023593955826118118,-0.023593955826118118,-0.023593955826118115,-0.023593955826118118
2026-02-05,-0.03304166813845945,-0.04420791797466184,-0.0005,0.04420791797466184,-0.04470791797466184,0.0,0.0,0.043207917974661836,0.043207917974661836,-0.04420791797466184,-0.04420791797466184,-0.04420791797466184
2026-02-06,-0.04151745382795024,-0.0005,0.0,-0.05654804877440456,-0.0005,0.0,0.0,0.05554804877440456,0.05554804877440456,-0.05554804877440456,0.05454804877440455,-0.05554804877440456
2026-02-09,-0.004537751146851075,0.0,0.0,-0.00760748406141476,-0.00810748406141476,0.0,0.0,0.00760748406141476,0.00760748406141476,0.00660748406141476,0.00760748406141476,-0.00760748406141476
2026-02-10,-0.004940223689712249,0.0,0.0,-0.008432323191560842,-0.0005,-0.008932323191560843,0.0,0.00843232319156084,0.008432323191560842,0.008432323191560842,0.008432323191560842,-0.008432323191560842
2026-02-11,-0.008152788284088944,0.0,0.0,-0.013915755650289796,-0.014415755650289797,-0.0005,0.0,0.013915755650289796,0.013915755650289796,0.013915755650289796,0.013915755650289796,-0.013915755650289796
2026-02-12,-0.01286105278040552,0.0,0.0,-0.021952154485218922,-0.021952154485218922,0.0,0.0,0.021952154485218922,0.021952154485218922,0.021952154485218922,0.021952154485218922,-0.021952154485218922
2026-02-13,-0.0023775557597707658,0.0,0.0,-0.004058180323715632,-0.0005,0.0,0.0,0.004058180323715632,0.004058180323715632,0.004058180323715632,0.004058180323715632,-0.004058180323715632
2026-02-17,0.006955317608394559,0.0,0.0,0.011871828009746066,0.011371828009746066,0.0,0.0,-0.011871828009746066,-0.011871828009746066,-0.011871828009746066,-0.011871828009746066,0.011871828009746066
2026-02-18,0.010601825636616316,0.0,0.0,0.018095945812067304,-0.0005,0.017595945812067304,0.0,-0.018095945812067304,-0.018095945812067304,-0.018095945812067304,-0.018095945812067304,0.018095945812067304
2026-02-19,0.000198972889387684,0.0,0.0,0.00034184934085601526,-0.0008418493408560153,0.00034184934085601526,-0.0008418493408560153,-0.00034184934085601526,-0.00034184934085601526,-0.00034184934085601526,-0.0006581506591439848,0.00034184934085601526
2026-02-20,0.015861313809673986,0.0,0.0,0.025627257563010764,-0.025627257563010764,0.025627257563010764,-0.025627257563010764,-0.025627257563010764,-0.025627257563010764,-0.025627257563010764,0.025627257563010764,0.025627257563010764
2026-02-23,-0.01357048777948669,0.0,0.0,-0.023035535309270605,-0.0005,-0.023035535309270605,0.023035535309270605,0.023035535309270605,0.023035535309270605,0.023035535309270605,-0.023035535309270605,-0.023035535309270605
2026-02-24,0.009439866722178449,0.0,0.0,0.016027637831418806,0.015527637831418806,-0.017027637831418807,-0.016027637831418806,-0.016027637831418806,-0.016027637831418806,-0.016027637831418806,0.016027637831418803,0.016027637831418806
2026-02-25,0.005943121349088547,0.0,0.0,0.00997315810991184,-0.01097315810991184,0.008973158109911838,-0.00997315810991184,-0.00997315810991184,-0.00997315810991184,-0.00997315810991184,0.00997315810991184,0.00997315810991184
2026-02-26,-0.007599858375135537,0.0,0.0,-0.012913032798065993,0.012913032798065993,-0.012913032798065993,0.012913032798065993,0.012913032798065993,0.012913032798065993,0.012913032798065993,-0.012913032798065993,-0.012913032798065993
2026-02-27,0.00623086837237793,0.0,0.0,0.01000385652833935,-0.01000385652833935,-0.01100385652833935,-0.01000385652833935,-0.01000385652833935,-0.01000385652833935,-0.01000385652833935,0.010003856528339348,0.01000385652833935
2026-03-02,-0.004710540804617643,0.0,0.0,-0.007666669573102691,-0.008666669573102692,-0.008666669573102692,0.007666669573102691,0.007666669573102691,0.007666669573102691,0.007666669573102691,-0.007666669573102691,-0.007666669573102691
2026-03-03,0.0010013424039190004,0.0,0.0,0.0016315386481426941,-0.0005,-0.002631538648142694,-0.0016315386481426941,-0.0016315386481426941,-0.0016315386481426941,-0.0016315386481426941,0.001631538648142694,0.0016315386481426941
2026-03-04,0.02371007200292214,0.0,0.0,0.03875826073047883,0.0,0.03775826073047883,-0.03875826073047883,-0.03875826073047883,-0.03875826073047883,-0.03875826073047883,0.03875826073047883,0.03875826073047883
2026-03-05,0.005479374373920556,0.0,0.009277672934109693,0.009777672934109694,0.009277672934109693,0.009777672934109694,0.008777672934109693,-0.009777672934109694,-0.0005,-0.009777672934109694,0.009777672934109694,0.009777672934109694
2026-03-06,-0.014713379872110898,0.0,-0.026171534044230005,-0.026171534044230005,-0.026171534044230005,-0.026171534044230005,-0.026171534044230005,0.026171534044230005,0.0,0.026171534044230005,-0.026171534044230005,-0.026171534044230005
2026-03-09,0.0007328380988735453,0.0,0.0013132534612816382,0.0013132534612816382,0.0013132534612816382,-0.0023132534612816382,-0.0023132534612816382,-0.0013132534612816382,0.0,-0.0013132534612816382,0.001313253461281638,0.0013132534612816382
2026-03-10,0.002383129687042273,0.0,0.00393459326562029,0.00393459326562029,0.00393459326562029,-0.00393459326562029,0.0029345932656202897,-0.00393459326562029,0.0,-0.00393459326562029,0.003934593265620289,0.00393459326562029
2026-03-11,-0.006064054666065794,0.0,-0.007838417021498345,-0.007838417021498345,-0.007838417021498345,-0.008838417021498346,-0.007838417021498345,-0.008838417021498346,0.0,0.007838417021498345,-0.007838417021498345,-0.007838417021498345
2026-03-12,-0.011204899496899207,0.0,-0.014671973697334195,-0.014671973697334195,-0.014671973697334195,0.013671973697334194,0.013671973697334194,-0.014671973697334195,-0.015171973697334196,0.014671973697334195,-0.014671973697334193,-0.014671973697334195
2026-03-13,-0.006690047244737904,0.0,-0.008877013416636048,-0.008877013416636048,-0.0005,0.008877013416636048,0.008877013416636048,-0.008877013416636048,-0.008877013416636048,0.008877013416636048,-0.008877013416636046,-0.008877013416636048
2026-03-16,0.01491942326934535,0.0,0.0195984367511175,0.0195984367511175,0.0,-0.0195984367511175,-0.0195984367511175,0.0195984367511175,0.0195984367511175,-0.0195984367511175,0.019598436751117495,0.0195984367511175
2026-03-17,0.012739848954889764,0.0,0.016340754535353108,0.016340754535353108,0.015840754535353108,0.015340754535353107,-0.016340754535353108,0.016340754535353108,0.016340754535353108,0.015340754535353107,0.016340754535353108,0.016340754535353108
2026-03-18,-0.019125953514292058,0.0,-0.024767666852414494,-0.024767666852414494,-0.024767666852414494,-0.024767666852414494,-0.025767666852414495,-0.024767666852414494,-0.024767666852414494,-0.024767666852414494,-0.024767666852414494,-0.024767666852414494
2026-03-19,-0.0038633936070438584,0.0,-0.005288991452693125,-0.005288991452693126,-0.0005,0.004288991452693126,0.004288991452693126,-0.005288991452693126,-0.005288991452693126,-0.005288991452693126,0.004288991452693126,-0.005288991452693126
2026-03-20,-0.012024073840770406,0.0,-0.01623874055782004,-0.01623874055782004,-0.016738740557820042,-0.0005,-0.0005,-0.01623874055782004,-0.01623874055782004,-0.01623874055782004,0.016238740557820038,-0.01623874055782004
2026-03-23,0.016771306521487624,0.0,0.02322639327005427,0.02322639327005427,0.02322639327005427,0.0,0.0,0.023226393270054265,0.02322639327005427,0.02322639327005427,-0.023226393270054265,0.02322639327005427
2026-03-24,-0.010070348967566246,0.0,-0.013800294588880768,-0.013800294588880768,-0.013800294588880768,-0.014300294588880769,0.0,-0.013800294588880768,-0.0005,-0.013800294588880768,0.013800294588880768,-0.013800294588880768
2026-03-25,0.01620144104910762,0.0,0.021569200454641724,0.021569200454641724,0.021569200454641724,-0.0005,0.0,0.021569200454641724,0.0,0.021569200454641724,-0.02156920045464172,0.021569200454641724
2026-03-26,-0.014554570794224108,0.0,-0.019696817795534224,-0.019696817795534227,-0.019696817795534227,-0.020196817795534228,0.0,-0.019696817795534227,0.0,-0.019696817795534227,0.019696817795534227,-0.019696817795534227
2026-03-27,-0.028473771132206168,0.0,-0.039510442389467326,-0.039510442389467326,-0.039510442389467326,-0.0005,0.0,0.038510442389467325,0.0,-0.039510442389467326,0.03951044238946732,-0.039510442389467326
2026-03-30,0.005239474352104416,0.0,-0.0005,0.008076656164990315,0.008076656164990315,0.0,0.0,-0.008076656164990315,0.0,-0.009076656164990315,0.0070766561649903146,0.008076656164990315
2026-03-31,0.02384969183713548,0.0,0.0,0.03642700888472339,0.03642700888472339,0.0,0.0,-0.03642700888472339,0.0,-0.03642700888472339,0.03642700888472339,0.03642700888472339
2026-04-01,0.006625636470743303,0.0,0.010543371606930694,0.011043371606930696,0.011043371606930696,0.010543371606930696,0.0,-0.011043371606930696,0.0,-0.011043371606930696,0.011043371606930696,0.011043371606930696
2026-04-02,-0.0022758568121011374,0.0,-0.0037992260242744047,-0.0037992260242744047,-0.0037992260242744047,-0.0037992260242744047,0.0,-0.004799226024274405,0.0032992260242744047,0.0037992260242744047,-0.0037992260242744047,-0.0037992260242744047
2026-04-06,0.009437703834980708,0.0,0.014396667550949482,0.014396667550949482,-0.015396667550949483,-0.0005,0.0,-0.01539666755094948,-0.014396667550949482,-0.014396667550949482,0.014396667550949482,0.014396667550949482
2026-04-07,0.003000692031153116,0.0,0.00460553135602737,0.00460553135602737,0.0036055313560273703,0.00410553135602737,0.0,-0.00460553135602737,-0.00460553135602737,-0.00460553135602737,0.00460553135602737,0.00460553135602737
2026-04-08,0.023843445130833675,0.0,0.03499085736091123,0.03499085736091123,-0.03599085736091123,0.03499085736091123,0.0,0.03399085736091123,-0.03499085736091123,-0.03499085736091123,0.03499085736091123,0.03499085736091123
2026-04-09,0.03532903183762206,0.0,0.056045170153601775,-0.057045170153601776,0.055045170153601775,0.056045170153601775,0.0,0.056045170153601775,-0.056045170153601775,-0.056045170153601775,-0.057045170153601776,0.056045170153601775
2026-04-10,0.010943394926872015,0.019744002182271403,0.0202440021822714,-0.020244002182271403,-0.021244002182271404,0.020244002182271403,0.019744002182271403,0.0202440021822714,-0.0005,0.019244002182271402,-0.020244002182271403,0.020244002182271403
2026-04-13,0.003426821495742498,0.006334400855383171,0.006334400855383171,-0.006334400855383171,-0.006334400855383171,0.006334400855383171,0.006334400855383171,0.006334400855383171,0.0058344008553831705,0.006334400855383171,-0.006334400855383171,0.006334400855383171
2026-04-14,0.021015820829660397,0.038059130876826774,0.03805913087682677,-0.038059130876826774,-0.038059130876826774,0.038059130876826774,0.038059130876826774,0.038059130876826774,0.038059130876826774,0.038059130876826774,-0.038059130876826774,0.038059130876826774
2026-04-15,-0.00112779552782786,-0.00208820280916866,-0.00208820280916866,0.00208820280916866,0.00208820280916866,-0.00208820280916866,-0.00208820280916866,-0.00208820280916866,-0.00208820280916866,-0.00208820280916866,0.00208820280916866,-0.00208820280916866
2026-04-16,0.0025908776391548867,0.004828961562342915,0.004828961562342915,-0.004828961562342915,-0.004828961562342915,0.004828961562342915,0.004828961562342915,0.004828961562342915,0.004828961562342915,0.004828961562342915,-0.004828961562342915,0.004828961562342915
2026-04-17,0.0018528822675825344,0.003444135445984209,0.003444135445984209,-0.003444135445984209,-0.003444135445984209,0.003444135445984209,0.003444135445984209,0.003444135445984209,0.003444135445984209,0.003444135445984209,-0.003444135445984209,0.003444135445984209
2026-04-20,-0.0051658478138386,-0.009099612075002872,-0.009099612075002872,0.009099612075002872,0.009099612075002872,-0.009099612075002872,-0.009099612075002872,-0.009099612075002872,-0.009099612075002872,-0.009099612075002872,0.009099612075002872,-0.009099612075002872
2026-04-21,0.0036928607776813395,0.0065651880571397925,0.0065651880571397925,-0.0005,-0.0065651880571397925,-0.0005,0.0065651880571397925,0.0065651880571397925,0.0065651880571397925,0.0065651880571397925,0.0055651880571397925,0.0065651880571397925
2026-04-22,0.01267072497268297,0.021807838295304194,0.021807838295304194,0.0,-0.0005,0.021307838295304193,0.021807838295304194,0.021807838295304194,0.021807838295304194,0.021807838295304194,0.021807838295304194,0.021807838295304194
2026-04-23,-0.0006393669727154267,-0.001096486445127054,-0.001096486445127054,0.0,0.0005964864451270539,-0.001096486445127054,-0.001096486445127054,-0.001096486445127054,-0.001096486445127054,-0.001096486445127054,-0.001096486445127054,-0.001096486445127054
2026-04-24,0.020838289370055003,0.03493017225717909,0.03493017225717909,0.0,-0.03493017225717909,0.03493017225717909,0.03493017225717909,0.03493017225717909,0.03493017225717909,0.03493017225717909,0.03493017225717909,0.03493017225717909
2026-04-27,-0.0063292296109092394,-0.010871605831113018,-0.010871605831113018,0.0,-0.0005,-0.010871605831113018,-0.010871605831113018,-0.010871605831113018,-0.010871605831113018,-0.010871605831113018,-0.010871605831113018,-0.010871605831113018
2026-04-28,-0.0032506840493195088,-0.005438047398549362,-0.005438047398549362,0.0,0.004938047398549361,-0.0005,-0.005438047398549362,-0.005438047398549362,-0.005438047398549362,-0.005438047398549362,-0.005438047398549362,-0.005438047398549362
2026-04-29,0.008887449080510835,0.012860978748156615,0.012860978748156615,0.0,-0.0005,0.0,0.012860978748156615,0.012860978748156615,0.012860978748156615,0.012860978748156615,0.012860978748156615,0.012860978748156615
2026-04-30,0.00534517519512195,0.0076793983730687465,0.0076793983730687465,0.0,0.0,0.007179398373068746,0.0076793983730687465,0.0076793983730687465,0.0076793983730687465,0.0076793983730687465,0.0076793983730687465,0.0076793983730687465
2026-05-01,0.008769851303351145,0.012072784412985094,0.012072784412985094,0.0,0.0,0.012072784412985094,0.012072784412985094,0.012072784412985094,0.012072784412985094,0.012072784412985094,0.012072784412985094,0.012072784412985094
2026-05-04,0.010281545325744448,0.014128002271583506,0.014128002271583506,0.0,0.0,0.014128002271583506,0.014128002271583506,0.014128002271583506,0.014128002271583506,0.014128002271583506,0.014128002271583506,0.014128002271583506
2026-05-05,0.004091413706498519,0.005513692583370089,0.005513692583370088,0.0,0.0,0.005513692583370089,0.005513692583370089,0.005513692583370089,0.005513692583370089,0.005513692583370089,0.005513692583370089,0.005513692583370089
2026-05-06,0.003897759354964114,0.005264129064761924,0.005264129064761924,0.0,0.0,0.005264129064761924,0.005264129064761924,0.005264129064761924,0.005264129064761924,0.005264129064761924,0.005264129064761924,0.005264129064761924
2026-05-07,-0.01029812596920927,-0.01389133038400725,-0.013891330384007248,0.0,0.0,-0.01389133038400725,-0.01389133038400725,-0.01389133038400725,-0.01389133038400725,-0.01389133038400725,-0.01389133038400725,-0.01389133038400725
2026-05-08,0.004109559341223528,0.0055683857848436435,0.0055683857848436435,0.0,-0.006068385784843644,-0.0005,0.0055683857848436435,0.005568385784843643,0.0055683857848436435,0.0055683857848436435,0.0055683857848436435,0.0055683857848436435
2026-05-11,-0.01282759881119053,-0.013532354923427414,-0.013532354923427414,0.0,0.013532354923427414,0.0,-0.013532354923427414,-0.013532354923427413,-0.013532354923427414,-0.013532354923427414,-0.013532354923427414,-0.013532354923427414
2026-05-12,-0.010767350638074541,-0.011784761609137218,-0.011784761609137218,0.0,-0.012784761609137218,0.0,-0.011784761609137218,-0.011784761609137218,-0.011784761609137218,-0.011784761609137218,-0.011784761609137218,-0.011784761609137218
2026-05-13,0.014236305747120669,0.016213969753363422,0.016213969753363422,0.0,0.016213969753363422,0.0,0.016213969753363422,0.016213969753363422,0.016213969753363422,0.016213969753363422,0.016213969753363422,0.016213969753363422
2026-05-14,-0.01083307542111339,-0.010772604336833247,-0.010772604336833247,0.0,-0.010772604336833247,-0.011272604336833247,-0.010772604336833247,-0.010772604336833247,-0.0005,-0.010772604336833247,-0.010772604336833247,-0.010772604336833247
2026-05-15,-0.011322729289541734,-0.011526033074604314,-0.011526033074604314,0.0,0.010526033074604313,-0.0005,-0.011526033074604314,-0.011526033074604314,0.0,-0.011526033074604314,-0.011526033074604314,-0.011526033074604314
2026-05-18,0.0025779743909367533,0.0027257161474880665,0.0027257161474880665,0.0,-0.0005,0.0,0.0027257161474880665,0.0027257161474880665,0.0,0.0027257161474880665,0.0027257161474880665,0.0027257161474880665
2026-05-19,-0.019828450449234696,-0.020841158796957915,-0.02084115879695791,0.0,0.0,-0.021341158796957915,-0.020841158796957915,-0.020841158796957915,0.0,-0.020841158796957915,-0.020841158796957915,-0.020841158796957915
2026-05-20,0.019658949851339872,0.021863243262898013,0.02186324326289801,0.0,-0.022363243262898014,-0.0005,0.021863243262898013,0.021863243262898013,0.0,0.021863243262898013,0.021863243262898013,0.021863243262898013
2026-05-21,0.011201003752628192,0.01301830709151064,0.01301830709151064,0.0,-0.01301830709151064,0.012518307091510639,0.01301830709151064,0.01301830709151064,0.0,0.01301830709151064,0.013018307091510637,0.01301830709151064
2026-05-22,-0.007102019524781504,-0.007971333528174807,-0.007971333528174807,0.0,0.007971333528174807,-0.007971333528174807,-0.007971333528174807,-0.007971333528174807,0.0,-0.007971333528174807,-0.007971333528174805,-0.007971333528174807
2026-05-26,-0.0034045948930153088,-0.003867523096163561,-0.003867523096163561,0.0,0.003867523096163561,-0.0005,-0.003867523096163561,-0.003867523096163561,0.003367523096163561,-0.003867523096163561,-0.003867523096163561,-0.003867523096163561
2026-05-27,0.024667135734894943,0.024727646527565872,0.024727646527565872,0.0,-0.024727646527565872,0.0,0.024727646527565872,0.024727646527565872,-0.024727646527565872,0.024727646527565872,0.024727646527565872,0.024727646527565872
2026-05-28,0.007612898849453915,0.007908750591183455,0.007908750591183455,0.0,-0.007908750591183455,0.007408750591183455,0.007908750591183455,0.007908750591183455,-0.0005,0.007908750591183455,0.007908750591183454,0.007908750591183455
2026-05-29,-0.011883794078863575,-0.01226272026117703,-0.01226272026117703,0.0,0.01226272026117703,-0.01226272026117703,-0.01226272026117703,-0.01226272026117703,0.0,-0.01226272026117703,-0.012262720261177027,-0.01226272026117703
2026-06-01,-0.033162344764040834,-0.03465860321873382,-0.03465860321873381,0.0,0.03465860321873382,-0.0005,-0.03465860321873382,-0.03465860321873382,0.0,-0.03465860321873382,-0.03465860321873382,-0.03465860321873382
2026-06-02,-0.01505975257902502,-0.0181429249589532,-0.0181429249589532,0.0,0.0181429249589532,0.0,-0.0181429249589532,-0.0181429249589532,0.0,-0.0181429249589532,-0.0181429249589532,-0.0181429249589532
2026-06-03,-0.020713847827788283,-0.02533909644314114,-0.025339096443141137,0.0,-0.0005,0.0,-0.02533909644314114,-0.02533909644314114,0.0,-0.02533909644314114,-0.02533909644314114,-0.02533909644314114
2026-06-04,0.012052303487566635,0.01507874949703436,0.01507874949703436,0.0,0.0,0.0,0.01507874949703436,0.01507874949703436,-0.015578749497034361,-0.01607874949703436,0.01507874949703436,0.01507874949703436
2026-06-05,-0.023834612899745564,-0.03057644001781823,-0.03057644001781823,0.0,-0.03107644001781823,-0.03107644001781823,-0.03057644001781823,-0.03057644001781823,0.03057644001781823,0.03057644001781823,-0.03057644001781823,-0.03057644001781823
2026-06-08,-0.0024503136396602653,-0.0032922715222234444,-0.0032922715222234444,0.0,-0.0005,-0.0005,-0.0032922715222234444,-0.003292271522223444,0.0032922715222234444,0.0032922715222234444,-0.0032922715222234444,-0.0032922715222234444
2026-06-09,-0.0031234403315024343,-0.004200304926880172,-0.004200304926880172,0.0,0.0,0.0,-0.004200304926880172,-0.004200304926880171,0.004200304926880172,0.004200304926880172,-0.004200304926880172,-0.004200304926880172
2026-06-10,-0.019018995337603227,-0.025349123139844942,-0.025349123139844942,0.0,-0.025849123139844943,0.0,-0.025349123139844942,-0.025349123139844942,0.025349123139844942,0.025349123139844942,-0.025349123139844942,-0.025349123139844942
2026-06-11,0.010740487330434022,0.01474787607914263,0.01474787607914263,0.0,0.01474787607914263,0.0,0.01474787607914263,0.01474787607914263,-0.01474787607914263,-0.01474787607914263,0.01474787607914263,0.01474787607914263
2026-06-12,-0.008696789324406406,-0.012256186172015071,-0.01225618617201507,0.0,-0.0005,-0.012756186172015072,-0.012256186172015071,-0.012256186172015071,0.012256186172015071,0.012256186172015071,-0.012256186172015071,-0.012256186172015071
2026-06-15,0.022924065096632487,0.031314194613874635,0.03131419461387463,0.0,0.0,-0.0005,0.031314194613874635,0.03131419461387463,-0.031314194613874635,-0.031314194613874635,0.031314194613874635,0.031314194613874635
2026-06-16,-8.787089423234484e-05,-8.13115686266741e-05,-8.131156862667416e-05,0.0,-0.0005813115686266741,-0.0005813115686266741,-8.13115686266741e-05,-8.131156862667416e-05,8.13115686266741e-05,8.13115686266741e-05,-8.13115686266741e-05,-8.13115686266741e-05
2026-06-17,-0.023057922279956528,-0.03455284552845528,-0.03455284552845528,0.0,-0.03455284552845528,-0.0005,-0.03455284552845528,-0.03455284552845528,0.03455284552845528,0.03455284552845528,-0.03455284552845528,-0.03455284552845528
2026-06-18,0.018244194554159664,0.029010523745888195,0.029010523745888195,0.0,0.029010523745888195,0.0,0.029010523745888195,0.029010523745888195,-0.029010523745888195,-0.029010523745888195,0.029010523745888195,0.029010523745888195
2026-06-22,-0.02284757532915917,-0.047465142323687703,-0.047465142323687703,0.0,0.0464651423236877,-0.047965142323687704,-0.047465142323687703,0.0464651423236877,0.047465142323687703,0.047465142323687703,-0.047465142323687703,-0.047465142323687703
2026-06-23,0.0025968771346157825,-0.0005,0.005670378290686617,0.0,0.004670378290686617,-0.0005,-0.0005,-0.005670378290686617,-0.005670378290686617,-0.005670378290686617,-0.006670378290686617,0.005670378290686617
2026-06-24,0.0003149204414620058,0.0001834550497296643,0.0006834550497296643,0.0,-0.0016834550497296643,0.0,0.0001834550497296643,-0.0006834550497296643,-0.0006834550497296643,-0.0006834550497296643,-0.0003165449502703357,0.0006834550497296643
2026-06-25,-0.014438163241825605,-0.03098992458796157,-0.03098992458796157,0.0,-0.03198992458796157,0.0,-0.03098992458796157,0.03098992458796157,0.03098992458796157,0.03098992458796157,-0.03098992458796157,-0.03098992458796157
2026-06-26,0.01150154286529374,-0.0005,0.025020959746330673,0.024520959746330673,0.025020959746330673,0.0,-0.0005,-0.025020959746330673,-0.025020959746330673,-0.025020959746330673,-0.026020959746330674,0.025020959746330673
2026-06-29,0.01469601090950951,0.0,0.03201683299701785,0.03201683299701785,-0.03301683299701785,0.03151683299701785,0.0,-0.03201683299701785,-0.03201683299701785,-0.03201683299701785,-0.03201683299701785,0.03201683299701785
2026-06-30,-0.0035056948049166877,-0.00799564027789118,-0.00749564027789118,-0.00749564027789118,-0.008495640277891181,-0.00749564027789118,-0.00799564027789118,0.00749564027789118,0.00749564027789118,0.00749564027789118,-0.008495640277891181,-0.00749564027789118
2026-07-01,0.006574255583709738,0.014097510539473834,0.014097510539473833,0.014097510539473834,0.014097510539473834,-0.0005,0.014097510539473834,-0.014097510539473834,-0.014097510539473834,-0.014097510539473834,0.014097510539473834,0.014097510539473834
2026-07-02,0.0019050278188712639,0.004013244654325954,0.004013244654325954,0.004013244654325954,0.004013244654325954,0.0035132446543259537,0.004013244654325954,-0.004013244654325954,-0.004013244654325954,-0.004013244654325954,0.004013244654325954,0.004013244654325954
2026-07-06,0.0029257434293373436,0.006140048231783268,0.006140048231783268,0.006140048231783268,0.006140048231783268,0.006140048231783268,0.006140048231783268,-0.006140048231783268,-0.0005,-0.006140048231783268,0.006140048231783268,0.006140048231783268
2026-07-07,0.0035541419094798363,0.007454095831143315,0.007454095831143315,0.007454095831143315,0.007454095831143315,0.007454095831143315,0.007454095831143315,-0.007454095831143315,0.0,-0.007454095831143315,0.007454095831143315,0.007454095831143315
2026-07-08,-0.004586294519301269,-0.009594278605344897,-0.009594278605344897,-0.009594278605344897,-0.009594278605344897,-0.009594278605344897,-0.009594278605344897,0.009594278605344897,0.0,0.009594278605344897,-0.009594278605344897,-0.009594278605344897
2026-07-09,0.0066900082337631155,0.01403824906613349,0.01403824906613349,0.01403824906613349,0.01403824906613349,-0.0005,0.01403824906613349,-0.01403824906613349,0.0,-0.01403824906613349,0.01403824906613349,0.01403824906613349
2026-07-10,-0.0033495451462973503,-0.006881464517662805,-0.0068814645176628044,-0.006881464517662805,-0.006881464517662805,-0.007381464517662806,-0.006881464517662805,-0.007881464517662806,-0.007381464517662806,0.006881464517662805,-0.006881464517662805,-0.006881464517662805
2026-07-13,0.004154077227249107,0.008029678202122303,0.008029678202122303,0.008029678202122303,0.008029678202122303,0.008029678202122303,0.008029678202122303,0.008029678202122303,0.008029678202122303,0.007029678202122303,0.008029678202122303,0.008029678202122303
2026-07-14,0.0003790130513103194,0.0007278635572653958,0.0007278635572653958,0.0007278635572653958,0.0007278635572653958,0.0007278635572653958,0.0007278635572653958,0.0007278635572653958,0.0007278635572653958,0.0007278635572653958,0.0007278635572653958,0.0007278635572653958
2026-07-15,0.015815403106322456,0.030183041960898382,0.03018304196089838,0.030183041960898382,0.030183041960898382,0.030183041960898382,0.030183041960898382,0.030183041960898382,0.030183041960898382,0.030183041960898382,0.030183041960898382,0.030183041960898382
2026-07-16,-0.010562516728783868,-0.019885500434225545,-0.019885500434225545,-0.019885500434225545,-0.019885500434225545,-0.019885500434225545,-0.019885500434225545,-0.019885500434225545,-0.019885500434225545,-0.019885500434225545,-0.019885500434225545,-0.019885500434225545
2026-07-17,-0.005597531598291297,-0.010644698341695902,-0.010644698341695902,-0.010644698341695902,0.009644698341695901,-0.0005,-0.010644698341695902,-0.010644698341695902,-0.010644698341695902,-0.010644698341695902,-0.010644698341695902,-0.010644698341695902
2026-07-20,0.005853330837905011,0.011163733419575328,0.011163733419575326,0.011163733419575328,-0.011163733419575328,0.0,0.011163733419575328,0.011163733419575328,0.011163733419575328,0.011163733419575328,0.011163733419575328,0.011163733419575328
2026-07-21,-0.005104651125741173,-0.009760399967161826,-0.009760399967161826,-0.009760399967161826,-0.010760399967161827,-0.010260399967161826,-0.009760399967161826,-0.009760399967161826,-0.009760399967161826,-0.009760399967161826,-0.009760399967161826,-0.009760399967161826
2026-07-22,-0.005701747566230123,-0.010906875035172847,-0.010906875035172847,-0.010906875035172847,-0.0005,-0.0005,-0.010906875035172847,-0.010906875035172847,-0.010906875035172847,-0.010906875035172847,0.009906875035172846,-0.010906875035172847
2026-07-23,-0.023847213302913308,-0.0457014586990675,-0.0457014586990675,-0.0457014586990675,0.0,0.0,-0.0005,-0.0457014586990675,-0.0005,-0.0457014586990675,0.0457014586990675,-0.0457014586990675
2026-07-24,-0.003348134486673739,-0.0005,-0.006633583101364859,-0.006633583101364859,-0.00713358310136486,0.0,0.0,-0.006633583101364859,0.0,-0.006633583101364859,0.006633583101364859,-0.006633583101364859
2026-07-27,-0.001560474108447273,0.0,-0.003101982761663957,-0.0031019827616639573,-0.0031019827616639573,0.0,0.0,-0.0031019827616639573,0.0,0.0021019827616639572,0.0031019827616639573,-0.0031019827616639573
2026-07-28,-0.0011969837350057756,0.0,-0.0004999999999999999,-0.002290499938177426,-0.002290499938177426,0.0,0.0,0.001290499938177426,0.0,0.002290499938177426,0.002290499938177426,-0.002290499938177426
2026-07-29,-0.009485238216759262,0.0,0.0,-0.0182361894773313,-0.0182361894773313,0.0,0.0,0.0182361894773313,0.0177361894773313,0.0182361894773313,-0.0192361894773313,-0.0182361894773313
2026-07-30,0.02018177364955207,0.0,0.0,0.0390470167299346,0.0390470167299346,0.0,0.0,-0.0390470167299346,-0.0390470167299346,-0.0390470167299346,0.0390470167299346,0.0390470167299346
2026-07-31,0.07654498197897289,0.15270588778032107,0.15270588778032107,0.15320588778032107,-0.0005,0.15270588778032107,0.0,0.15220588778032107,-0.15320588778032107,-0.15320588778032107,0.15320588778032107,0.15320588778032107
2026-08-03,0.015865195880553264,0.04580603526208682,0.04580603526208682,0.04580603526208682,0.04530603526208682,0.04580603526208682,0.04530603526208682,0.04580603526208682,-0.04580603526208682,-0.04580603526208682,-0.04680603526208682,0.04580603526208682
2026-08-04,-0.007928708924830144,-0.023237715094833633,-0.023237715094833633,-0.0005,-0.023237715094833633,-0.023237715094833633,-0.023237715094833633,-0.023237715094833633,-0.0005,-0.024237715094833634,0.02323771509483363,-0.023237715094833633
2026-08-05,-0.005839546887055756,-0.017194215631067156,-0.017194215631067152,0.0,-0.017194215631067156,-0.0005,-0.017194215631067156,-0.017194215631067156,0.0,-0.017194215631067156,0.017194215631067156,-0.017194215631067156
2026-08-06,-0.0004847747731633606,-0.001430347110176089,-0.001430347110176089,0.0,0.00043034711017608893,0.0,-0.001430347110176089,-0.0014303471101760887,-0.001930347110176089,-0.001430347110176089,0.001430347110176089,-0.001430347110176089
2026-08-07,0.0027612610966224337,0.00815397466052481,0.00815397466052481,0.0,-0.00815397466052481,0.0,0.00815397466052481,0.00815397466052481,0.00815397466052481,0.00815397466052481,-0.00815397466052481,0.00815397466052481
2026-08-10,0.00446026203989388,0.013152088338200807,0.013152088338200807,0.0,-0.013152088338200807,0.012652088338200806,0.013152088338200807,0.013152088338200807,0.013152088338200807,0.013152088338200807,-0.013152088338200805,0.013152088338200807
2026-08-11,-0.007088351284456954,-0.02092850300572191,-0.02092850300572191,0.0,-0.02192850300572191,-0.02092850300572191,-0.02092850300572191,-0.02092850300572191,-0.02092850300572191,-0.02092850300572191,0.020928503005721907,-0.02092850300572191
2026-08-12,-0.00619070661199884,-0.0183273604720513,-0.0183273604720513,0.0,0.0173273604720513,-0.0005,-0.0183273604720513,-0.0183273604720513,-0.0183273604720513,-0.0183273604720513,0.0183273604720513,-0.0183273604720513
2026-08-13,-0.0027116007169006627,-0.00804397600383,-0.008043976003829998,0.0,0.00804397600383,0.0,-0.00804397600383,-0.00804397600383,-0.00804397600383,-0.00804397600383,0.00804397600383,-0.00804397600383
2026-08-14,-0.003159110291533565,-0.009353943124710828,-0.009353943124710828,0.0,0.009353943124710828,0.0,-0.009353943124710828,-0.009353943124710828,-0.0005,-0.009353943124710828,0.009353943124710828,-0.009353943124710828
2026-08-17,-0.001723429574026429,-0.005101832739500267,-0.005101832739500266,0.0,-0.0005,0.0,-0.005101832739500267,-0.005101832739500267,0.0,-0.005101832739500267,0.005101832739500267,-0.005101832739500267
2026-08-18,-0.002407295793425956,-0.007117926481727599,-0.007117926481727599,0.0,0.0066179264817275985,0.0,-0.007117926481727599,-0.007117926481727599,0.0,-0.007117926481727599,0.007117926481727599,-0.007117926481727599
