date,4.1.2.dual_momentum,6.5.volatility_targeting,4.6.multi_asset_trend,3.11.single_moving_average,10.4.trend_following,3.14.support_resistance,3.12.two_moving_averages,3.20.alpha_combo,3.15.channel,3.13.three_moving_averages,3.17.single_stock_knn,__benchmark__
2016-03-11,0.016545354865139472,0.006321172824836665,0.016545354865139472,0.016545354865139472,0.016545354865139472,0.0,0.016545354865139472,0.016545354865139472,0.016545354865139472,0.0,0.0,0.016545354865139472
2016-03-14,0.0024831257378883365,0.0009486811895502932,0.0024831257378883365,0.0024831257378883365,0.0024831257378883365,0.0019831257378883364,0.0024831257378883365,0.0024831257378883365,0.0024831257378883365,0.0,0.0,0.0024831257378883365
2016-03-15,-0.004953572848470755,-0.00189251849421352,-0.004953572848470755,-0.004953572848470755,-0.004953572848470755,-0.004953572848470755,-0.004953572848470755,-0.004953572848470755,-0.004953572848470755,0.0,-0.005453572848470756,-0.004953572848470755
2016-03-16,0.029869473171339145,0.011411668328775083,0.029869473171339145,0.029869473171339145,0.029869473171339145,0.029869473171339145,0.029869473171339145,0.029869473171339145,0.029869473171339145,0.0,-0.0005,0.029869473171339145
2016-03-17,-0.008459547662494793,-0.003231980409633955,-0.008459547662494793,-0.008459547662494793,-0.008459547662494791,-0.008459547662494793,-0.008459547662494793,-0.008459547662494793,-0.008459547662494793,-0.008959547662494793,-0.008959547662494793,-0.008459547662494793
2016-03-18,0.030165066159487663,0.011524599987184752,0.030165066159487663,0.030165066159487663,0.03016506615948766,0.030165066159487663,0.030165066159487663,0.030165066159487663,0.030165066159487663,0.030165066159487663,0.030165066159487663,0.030165066159487663
2016-03-21,0.0029575581288039388,0.0011299386579529034,0.0029575581288039388,0.0029575581288039388,0.0029575581288039388,0.0029575581288039388,0.0029575581288039388,0.0029575581288039388,0.0029575581288039388,0.0029575581288039388,0.0029575581288039388,0.0029575581288039388
2016-03-22,-0.0017695464760786317,-0.0006760573700623036,-0.0017695464760786315,-0.0017695464760786317,-0.0017695464760786317,-0.0017695464760786317,-0.0017695464760786317,-0.0017695464760786317,-0.0017695464760786317,-0.0017695464760786317,-0.0017695464760786317,-0.0017695464760786317
2016-03-23,0.01713466653771456,0.006546320061653534,0.01713466653771456,0.01713466653771456,0.01713466653771456,0.01713466653771456,0.01713466653771456,0.01713466653771456,0.01713466653771456,0.01713466653771456,-0.0005,0.01713466653771456
2016-03-24,0.001451548155191551,0.0005545657271982168,0.001451548155191551,0.001451548155191551,0.001451548155191551,0.001451548155191551,0.001451548155191551,0.001451548155191551,0.001451548155191551,0.001451548155191551,0.000951548155191551,0.001451548155191551
2016-03-28,0.010150846265591928,0.00387814308524434,0.010150846265591928,0.010150846265591928,0.010150846265591928,0.010150846265591928,0.010150846265591928,0.010150846265591928,0.010150846265591928,0.010150846265591928,0.010150846265591928,0.010150846265591928
2016-03-29,0.01607852515548891,0.006142819970000835,0.01607852515548891,0.01607852515548891,0.01607852515548891,0.01607852515548891,0.01607852515548891,0.01607852515548891,0.01607852515548891,0.01607852515548891,0.01607852515548891,0.01607852515548891
2016-03-30,0.010454917906319139,0.003994314023119968,0.010454917906319139,0.010454917906319139,0.010454917906319139,0.010454917906319139,0.010454917906319139,0.010454917906319139,0.010454917906319139,0.010454917906319139,0.010454917906319139,0.010454917906319139
2016-03-31,-0.0036354878750153308,-0.0013889425369164716,-0.0036354878750153308,-0.0036354878750153308,-0.0036354878750153308,-0.0036354878750153308,-0.0036354878750153308,-0.0036354878750153308,-0.0036354878750153308,-0.0036354878750153308,-0.0036354878750153308,-0.0036354878750153308
2016-04-01,0.014594190497438486,0.005575728119755864,0.014594190497438486,0.014594190497438486,0.014594190497438486,0.014594190497438486,0.014594190497438486,0.014594190497438486,0.014594190497438486,0.014594190497438486,0.014594190497438486,0.014594190497438486
2016-04-04,-0.009681778271437902,-0.003698935091108514,-0.009681778271437902,-0.009681778271437902,-0.009681778271437902,-0.009681778271437902,-0.009681778271437902,-0.009681778271437902,-0.009681778271437902,-0.009681778271437902,-0.009681778271437902,-0.009681778271437902
2016-04-05,-0.0013962731640329018,-0.0005334478500143723,-0.0013962731640329018,-0.0013962731640329018,-0.0013962731640329018,-0.0005,-0.0013962731640329018,-0.0013962731640329018,-0.0013962731640329018,-0.0013962731640329018,-0.0013962731640329018,-0.0013962731640329018
2016-04-06,0.0013982254687321394,0.000534193730384495,0.0013982254687321394,0.0013982254687321394,0.0013982254687321394,0.0,0.0013982254687321394,0.0013982254687321394,0.0013982254687321394,0.0013982254687321394,0.0013982254687321394,0.0013982254687321394
2016-04-07,-0.010335049724783163,-0.003948518239477741,-0.010335049724783163,-0.010335049724783163,-0.010335049724783163,0.0,-0.010335049724783163,-0.010335049724783163,-0.010335049724783163,-0.010335049724783163,-0.010335049724783163,-0.010335049724783163
2016-04-08,0.006491540274471852,0.0024801008082807486,0.006491540274471852,0.006491540274471852,0.006491540274471852,0.0,0.006491540274471852,0.006491540274471852,0.006491540274471852,0.006491540274471852,0.006491540274471852,0.006491540274471852
2016-04-11,0.006169676458898987,0.0023571323484996784,0.006169676458898986,0.006169676458898987,0.006169676458898987,0.005669676458898987,0.006169676458898987,0.006169676458898987,0.006169676458898987,0.006169676458898987,0.006169676458898987,0.006169676458898987
2016-04-12,-0.0011150167799426347,-0.0004259935085140196,-0.0011150167799426345,-0.0011150167799426347,-0.0011150167799426347,-0.0011150167799426347,-0.0011150167799426347,-0.0011150167799426347,-0.0011150167799426347,-0.0011150167799426347,-0.0011150167799426347,-0.0011150167799426347
2016-04-13,0.02511173326656979,0.0095939680474088,0.02511173326656979,0.02511173326656979,0.02511173326656979,-0.0005,0.02511173326656979,0.02511173326656979,0.02511173326656979,0.02511173326656979,0.02511173326656979,0.02511173326656979
2016-04-14,0.002721628614070104,0.0010398015016774194,0.002721628614070104,0.002721628614070104,0.002721628614070104,0.002221628614070104,0.002721628614070104,0.002721628614070104,0.002721628614070104,0.002721628614070104,-0.0005,0.002721628614070104
2016-04-15,0.007872028080951887,0.0030075178433620576,0.007872028080951887,0.007872028080951887,0.007872028080951887,0.007872028080951887,0.007872028080951887,0.007872028080951887,0.007872028080951887,0.007872028080951887,0.007372028080951887,0.007872028080951887
2016-04-18,-0.004309195070039795,-0.0016463331850952152,-0.004309195070039795,-0.004309195070039795,-0.004309195070039795,-0.004309195070039795,-0.004309195070039795,-0.004309195070039795,-0.004309195070039795,-0.004309195070039795,-0.004309195070039795,-0.004309195070039795
2016-04-19,-0.01785231775110596,-0.007915712537088757,-0.017852317751105958,-0.01785231775110596,-0.017852317751105958,-0.01785231775110596,-0.01785231775110596,-0.01785231775110596,-0.01785231775110596,-0.01785231775110596,-0.0005,-0.01785231775110596
2016-04-20,0.003855739111882306,0.0017031890873771384,0.003855739111882306,0.003855739111882306,0.003855739111882306,-0.0005,0.003855739111882306,0.003855739111882306,0.003855739111882306,0.003855739111882306,0.0,0.003855739111882306
2016-04-21,-0.0010975803943197304,-0.0004848323229036777,-0.0010975803943197304,-0.0010975803943197304,-0.0010975803943197304,0.0,-0.0010975803943197304,-0.0010975803943197304,-0.0010975803943197304,-0.0010975803943197304,-0.0015975803943197304,-0.0010975803943197304
2016-04-22,-0.0038450829007291576,-0.001698481937328294,-0.0038450829007291576,-0.0038450829007291576,-0.0038450829007291576,0.0,-0.0038450829007291576,-0.0038450829007291576,-0.0038450829007291576,-0.0038450829007291576,-0.0038450829007291576,-0.0038450829007291576
2016-04-25,0.004962952264348619,0.0021922764721718146,0.004962952264348618,0.004962952264348619,0.004962952264348618,0.0,0.004962952264348619,0.004962952264348619,0.004962952264348619,0.004962952264348619,-0.005962952264348619,0.004962952264348619
2016-04-26,0.0008231852957398811,0.000363624242177795,0.000823185295739881,0.0008231852957398811,0.000823185295739881,0.0003231852957398811,0.0008231852957398811,0.0008231852957398811,0.0008231852957398811,0.0008231852957398811,-0.0005,0.0008231852957398811
2016-04-27,0.022751917782589004,0.010050165988873134,0.022751917782589,0.022751917782589004,0.022751917782589004,0.022751917782589004,0.022751917782589004,0.022751917782589004,0.022751917782589004,0.022751917782589004,-0.023251917782589004,0.022751917782589004
2016-04-28,-0.02975024904141843,-0.01314152696637187,-0.029750249041418427,-0.02975024904141843,-0.02975024904141843,-0.02975024904141843,-0.02975024904141843,-0.02975024904141843,-0.02975024904141843,-0.02975024904141843,-0.03075024904141843,-0.02975024904141843
2016-04-29,-0.018508533710913988,-0.008175743151976729,-0.018508533710913988,-0.018508533710913988,-0.018508533710913988,-0.0005,-0.018508533710913988,-0.018508533710913988,-0.018508533710913988,-0.018508533710913988,-0.018508533710913988,-0.018508533710913988
2016-05-02,0.013228105473843454,0.005843228557734348,0.013228105473843454,-0.0005,-0.014228105473843455,0.0,0.013228105473843454,0.013228105473843454,0.013228105473843454,0.013228105473843454,0.013228105473843454,0.013228105473843454
2016-05-03,-0.011944513266839984,-0.005276229552829325,-0.011944513266839983,0.0,0.011944513266839984,0.0,-0.011944513266839984,-0.011944513266839984,-0.011944513266839984,-0.011944513266839984,-0.011944513266839984,-0.011944513266839984
2016-05-04,-0.022771969108587586,-0.010059023227041292,-0.022771969108587583,0.0,0.022771969108587586,0.0,-0.022771969108587586,-0.022771969108587586,-0.022771969108587586,-0.022771969108587586,-0.022771969108587586,-0.022771969108587586
2016-05-05,0.006041473390454577,0.0026686897769072106,0.006041473390454577,0.0,-0.006041473390454577,0.0,-0.007041473390454577,0.006041473390454577,0.006041473390454577,-0.0005,-0.007041473390454577,0.006041473390454577
2016-05-06,0.010294686579648937,0.004547454413186749,0.010294686579648937,0.0,-0.010294686579648936,0.0,-0.010294686579648937,0.010294686579648937,0.010294686579648937,0.0,0.009294686579648936,0.010294686579648937
2016-05-09,-0.0014153304582384951,-0.0007226519525511139,-0.0014153304582384951,0.0,0.0014153304582384951,-0.0019153304582384951,0.0014153304582384951,-0.0014153304582384951,-0.0014153304582384951,0.0,-0.0014153304582384951,-0.0014153304582384951
2016-05-10,0.019274131374438452,0.009494681842941805,0.019274131374438452,0.0,-0.019274131374438452,0.019274131374438452,-0.019274131374438452,0.019274131374438452,0.019274131374438452,0.0,0.019274131374438452,0.019274131374438452
2016-05-11,0.0027810702029402723,0.001369990493829598,0.0027810702029402723,0.0022810702029402723,0.0017810702029402723,0.0027810702029402723,-0.0027810702029402723,0.0027810702029402723,0.0027810702029402723,0.0,0.0027810702029402723,0.0027810702029402723
2016-05-12,-0.013588544937872538,-0.00669388977314554,-0.013588544937872538,-0.013588544937872538,-0.013588544937872538,-0.013588544937872538,0.013588544937872538,-0.013588544937872538,-0.013588544937872538,0.013088544937872537,-0.013588544937872538,-0.013588544937872538
2016-05-13,0.15209472222475418,0.0749237913481185,0.15209472222475418,-0.0005,-0.15309472222475418,-0.0005,-0.15209472222475418,0.15209472222475418,0.15209472222475418,-0.15209472222475418,0.15209472222475418,0.15209472222475418
2016-05-16,0.029526918782176503,0.010701163841438367,0.029526918782176503,0.029026918782176503,0.028526918782176502,0.029026918782176503,0.028526918782176502,0.029526918782176503,0.029526918782176503,-0.0005,-0.0005,0.029526918782176503
2016-05-17,0.0021331644674427164,0.0007777272982022301,0.002133164467442716,0.0021331644674427164,0.0021331644674427164,0.0021331644674427164,0.0021331644674427164,0.002133164467442716,0.0021331644674427164,0.0,-0.0026331644674427164,0.0021331644674427164
2016-05-18,0.025543600464468907,0.00931290375345712,0.025543600464468907,0.025543600464468907,0.025543600464468907,0.025543600464468907,0.025543600464468907,0.025543600464468904,0.025543600464468907,0.025043600464468907,-0.025543600464468907,0.025543600464468907
2016-05-19,0.0043819334184938,0.001744375541409908,0.004381933418493799,0.0043819334184938,0.004381933418493799,0.0043819334184938,0.0043819334184938,0.0043819334184938,0.0043819334184938,0.0043819334184938,-0.0005,0.0043819334184938
2016-05-20,0.017910471821540597,0.0072071335761659285,0.017910471821540597,0.017910471821540597,0.017910471821540597,0.017910471821540597,0.017910471821540597,0.017910471821540593,0.017910471821540597,0.017910471821540597,0.0,0.017910471821540597
2016-05-23,0.001578839763930695,0.0006353215698274121,0.001578839763930695,0.001578839763930695,0.001578839763930695,0.001578839763930695,0.001578839763930695,0.0015788397639306948,0.001578839763930695,0.001578839763930695,0.0,0.001578839763930695
2016-05-24,0.024274882402308018,0.009768158078825239,0.024274882402308018,0.024274882402308018,0.024274882402308018,0.024274882402308018,0.024274882402308018,0.024274882402308014,0.024274882402308018,0.024274882402308018,0.023774882402308017,0.024274882402308018
2016-05-25,-0.004188597071905664,-0.0016854820406046098,-0.004188597071905664,-0.004188597071905664,-0.004188597071905664,-0.004188597071905664,-0.004188597071905664,-0.004188597071905663,-0.004188597071905664,-0.004188597071905664,-0.0005,-0.004188597071905664
2016-05-26,0.010626205241814901,0.004275961088496162,0.0106262052418149,0.010626205241814901,0.010626205241814901,0.010626205241814901,0.010626205241814901,0.010626205241814901,0.010626205241814901,0.010626205241814901,0.0101262052418149,0.010626205241814901
2016-05-27,0.005476884460597242,0.002203885988155755,0.005476884460597242,0.005476884460597242,0.005476884460597241,0.005476884460597242,0.005476884460597242,0.005476884460597241,0.005476884460597242,0.005476884460597242,0.005476884460597242,0.005476884460597242
2016-05-31,0.017864265483378716,0.0071885402496184025,0.017864265483378716,0.017864265483378716,0.017864265483378716,0.017864265483378716,0.017864265483378716,0.017864265483378713,0.017864265483378716,0.017864265483378716,0.017864265483378716,0.017864265483378716
2016-06-01,0.001926963964920425,0.0007754059652932824,0.001926963964920425,0.001926963964920425,0.001926963964920425,0.001926963964920425,0.001926963964920425,0.0019269639649204249,0.001926963964920425,0.001926963964920425,-0.0005,0.001926963964920425
2016-06-02,0.007049798813135721,0.0028368231857665697,0.007049798813135721,0.007049798813135721,0.007049798813135721,0.007049798813135721,0.007049798813135721,0.0070497988131357206,0.007049798813135721,0.007049798813135721,0.006549798813135721,0.007049798813135721
2016-06-03,-0.014001513063739535,-0.005634177364185322,-0.014001513063739535,-0.014001513063739535,-0.014001513063739533,-0.014001513063739535,-0.014001513063739535,-0.014001513063739533,-0.014001513063739535,-0.014001513063739535,-0.0005,-0.014001513063739535
2016-06-06,-0.005163255672644973,-0.002077682469307942,-0.005163255672644973,-0.005163255672644973,-0.005163255672644973,-0.0005,-0.005163255672644973,-0.005163255672644973,-0.005163255672644973,-0.005163255672644973,-0.005663255672644973,-0.005163255672644973
2016-06-07,0.0019459150454126384,0.0007830318374579559,0.0019459150454126384,0.0019459150454126384,0.0019459150454126384,0.0,0.0019459150454126384,0.0019459150454126384,0.0019459150454126384,0.0019459150454126384,-0.0005,0.0019459150454126384
2016-06-08,-0.0032372078963815998,-0.0013026451762695357,-0.0032372078963815998,-0.0032372078963815998,-0.0032372078963815998,0.0,-0.0032372078963815998,-0.0032372078963815998,-0.0032372078963815998,-0.0032372078963815998,-0.0037372078963816,-0.0032372078963815998
2016-06-09,0.02598566761140475,0.01045657419901143,0.02598566761140475,0.02598566761140475,0.02598566761140475,0.0,0.02598566761140475,0.02598566761140475,0.02598566761140475,0.02598566761140475,0.02598566761140475,0.02598566761140475
2016-06-10,-0.024905596939445274,-0.010021956189945398,-0.024905596939445274,-0.024905596939445274,-0.024905596939445274,-0.025405596939445274,-0.024905596939445274,-0.024905596939445274,-0.024905596939445274,-0.024905596939445274,-0.0005,-0.024905596939445274
2016-06-13,0.012770759219919992,0.005138924785684343,0.012770759219919992,0.012770759219919992,0.012770759219919992,-0.0005,0.012770759219919992,0.01277075921991999,0.012770759219919992,0.012770759219919992,0.012270759219919991,0.012770759219919992
2016-06-14,0.0019235611769670147,0.0007740366910744926,0.0019235611769670147,0.0019235611769670147,0.0019235611769670147,0.0014235611769670147,0.0019235611769670147,0.0019235611769670147,0.0019235611769670147,0.0019235611769670147,0.0019235611769670147,0.0019235611769670147
2016-06-15,0.01023860552159439,0.004119991832881461,0.010238605521594389,0.01023860552159439,0.01023860552159439,0.01023860552159439,0.01023860552159439,0.010238605521594389,0.01023860552159439,-0.0005,0.01023860552159439,0.01023860552159439
2016-06-16,0.004012331672121006,0.0016145532401931949,0.004012331672121006,0.004012331672121006,0.004012331672121006,0.004012331672121006,0.004012331672121006,0.004012331672121006,0.004012331672121006,0.0035123316721210056,0.004012331672121006,0.004012331672121006
2016-06-17,-0.017455754185282224,-0.0070241562221014155,-0.017455754185282224,-0.017455754185282224,-0.017455754185282224,-0.017455754185282224,-0.017455754185282224,-0.017455754185282224,-0.017455754185282224,-0.017455754185282224,-0.017455754185282224,-0.017455754185282224
2016-06-20,0.01798007048395789,0.0072351399213790475,0.01798007048395789,0.01798007048395789,0.01798007048395789,-0.0005,0.01798007048395789,0.017980070483957885,0.01798007048395789,0.01798007048395789,0.01798007048395789,0.01798007048395789
2016-06-21,-0.006097983663595596,-0.0024538149104455474,-0.006097983663595596,-0.006097983663595596,-0.006097983663595596,-0.006597983663595597,-0.006097983663595596,-0.006097983663595596,-0.006097983663595596,-0.006097983663595596,-0.0005,-0.006097983663595596
2016-06-22,-0.0008463148937430942,-0.0003405552096829405,-0.0008463148937430942,-0.0008463148937430942,-0.0008463148937430942,-0.0005,-0.0008463148937430942,-0.0008463148937430942,-0.0008463148937430942,-0.0008463148937430942,-0.0013463148937430942,-0.0008463148937430942
2016-06-23,0.02667815398351503,0.010735229157585494,0.02667815398351503,0.02667815398351503,0.02667815398351503,0.0,0.02667815398351503,0.026678153983515026,0.02667815398351503,0.02667815398351503,0.02667815398351503,0.02667815398351503
2016-06-24,-0.05691897568948778,-0.022904067793418616,-0.05691897568948778,-0.05691897568948778,-0.05691897568948778,-0.05741897568948778,-0.05691897568948778,-0.05691897568948778,-0.05691897568948778,-0.05691897568948778,-0.0005,-0.05691897568948778
2016-06-27,-0.010714918785305061,-0.004311659218859184,-0.010714918785305061,-0.0005,-0.010714918785305061,-0.0005,-0.010714918785305061,-0.01071491878530506,-0.010714918785305061,-0.0005,-0.011214918785305061,-0.010714918785305061
2016-06-28,0.014589125281278426,0.005870631198846255,0.014589125281278424,0.0,0.014589125281278426,0.0,0.014589125281278426,0.014589125281278426,-0.0005,0.0,0.014589125281278426,0.014589125281278426
2016-06-29,0.01633924783099472,0.006574876576418919,0.01633924783099472,0.0,0.01633924783099472,0.0,0.01633924783099472,0.01633924783099472,0.0,0.0,-0.0005,0.01633924783099472
2016-06-30,0.007717753700044794,0.0031056067298726904,0.007717753700044794,0.007217753700044793,0.007717753700044794,0.007217753700044793,0.007717753700044794,0.007717753700044794,0.0,0.0,0.007217753700044793,0.007717753700044794
2016-07-01,-0.007445561186676386,-0.002996077074717592,-0.007445561186676385,-0.007445561186676386,-0.007445561186676386,-0.007445561186676386,-0.007445561186676386,-0.007445561186676386,0.0,0.0,-0.007445561186676386,-0.007445561186676386
2016-07-05,0.01478783078570478,0.005950589846892468,0.01478783078570478,0.01478783078570478,0.01478783078570478,0.01478783078570478,0.01478783078570478,0.01478783078570478,0.0,0.0,0.01478783078570478,0.01478783078570478
2016-07-06,0.0063355578098598375,0.0025494142125426986,0.0063355578098598375,0.0063355578098598375,0.0063355578098598375,0.0063355578098598375,0.0063355578098598375,0.0063355578098598375,0.0,0.0,0.0063355578098598375,0.0063355578098598375
2016-07-07,0.026023271083487787,0.010471705751598679,0.026023271083487783,0.026023271083487787,0.026023271083487787,0.026023271083487787,0.026023271083487787,0.026023271083487787,0.0,0.0,-0.0005,0.026023271083487787
2016-07-08,0.040090036730219714,0.016132140608411887,0.040090036730219714,0.040090036730219714,0.040090036730219714,0.040090036730219714,0.040090036730219714,0.040090036730219714,0.03959003673021971,0.0,-0.040590036730219714,0.040090036730219714
2016-07-11,0.023008764592473252,0.009258675119941528,0.023008764592473252,0.023008764592473252,0.023008764592473252,0.023008764592473252,0.023008764592473252,0.023008764592473252,0.023008764592473252,0.0,0.02200876459247325,0.023008764592473252
2016-07-12,0.014994490453921427,0.006033749232557127,0.014994490453921427,0.014994490453921427,0.014994490453921427,0.014994490453921427,0.014994490453921427,0.014994490453921427,0.014994490453921427,0.014494490453921427,-0.0005,0.014994490453921427
2016-07-13,-0.00037906821422772907,-0.0001525361967925493,-0.00037906821422772907,-0.00037906821422772907,-0.00037906821422772907,-0.00037906821422772907,-0.00037906821422772907,-0.00037906821422772907,-0.00037906821422772907,-0.00037906821422772907,0.0,-0.00037906821422772907
2016-07-14,0.01023107607014051,0.004116961998551909,0.01023107607014051,0.01023107607014051,0.01023107607014051,0.01023107607014051,0.01023107607014051,0.01023107607014051,0.01023107607014051,0.01023107607014051,0.00973107607014051,0.01023107607014051
2016-07-15,-0.011628035290393579,-0.004679095246695143,-0.011628035290393579,-0.011628035290393579,-0.011628035290393577,-0.011628035290393579,-0.011628035290393579,-0.011628035290393579,-0.011628035290393579,-0.011628035290393579,-0.011628035290393579,-0.011628035290393579
2016-07-18,0.005123719808216354,0.0020617733263872317,0.005123719808216354,0.005123719808216354,0.005123719808216354,-0.0005,0.005123719808216354,0.005123719808216353,0.005123719808216354,0.005123719808216354,-0.0005,0.005123719808216354
2016-07-19,0.010383026491020075,0.004178106506141964,0.010383026491020075,0.010383026491020075,0.010383026491020075,0.009883026491020075,0.010383026491020075,0.010383026491020075,0.010383026491020075,0.010383026491020075,0.009883026491020075,0.010383026491020075
2016-07-20,0.013079184795353305,0.005263034543517764,0.013079184795353305,0.013079184795353305,0.013079184795353303,0.013079184795353305,0.013079184795353305,0.013079184795353305,0.013079184795353305,0.013079184795353305,-0.0005,0.013079184795353305
2016-07-21,-0.018443133857448557,-0.00742147558133433,-0.018443133857448557,-0.018443133857448557,-0.018443133857448557,-0.018443133857448557,-0.018443133857448557,-0.018443133857448557,-0.018443133857448557,-0.018443133857448557,0.0,-0.018443133857448557
2016-07-22,0.027245279053777827,0.010963439010262891,0.027245279053777827,0.027245279053777827,0.027245279053777827,-0.0005,0.027245279053777827,0.027245279053777823,0.027245279053777827,0.027245279053777827,0.026745279053777826,0.027245279053777827
2016-07-25,0.018474195355714595,0.007433974658372041,0.018474195355714595,0.018474195355714595,0.018474195355714595,0.017974195355714595,0.018474195355714595,0.018474195355714595,0.018474195355714595,0.018474195355714595,-0.0005,0.018474195355714595
2016-07-26,0.017062016002146185,0.006865716862816338,0.017062016002146185,0.017062016002146185,0.017062016002146185,0.017062016002146185,0.017062016002146185,0.017062016002146185,0.017062016002146185,0.017062016002146185,0.016562016002146185,0.017062016002146185
2016-07-27,-0.010065489524492488,-0.004050330345025847,-0.010065489524492488,-0.010065489524492488,-0.010065489524492486,-0.010065489524492488,-0.010065489524492488,-0.010065489524492488,-0.010065489524492488,-0.010065489524492488,-0.010065489524492488,-0.010065489524492488
2016-07-28,0.002140674188763958,0.0008614024786838591,0.002140674188763958,0.002140674188763958,0.002140674188763958,0.002140674188763958,0.002140674188763958,0.0021406741887639576,0.002140674188763958,0.002140674188763958,-0.0005,0.002140674188763958
2016-07-29,0.016375768287647974,0.006589572326033177,0.016375768287647974,0.016375768287647974,0.016375768287647974,0.016375768287647974,0.016375768287647974,0.01637576828764797,0.016375768287647974,0.016375768287647974,0.015875768287647973,0.016375768287647974
2016-08-01,-0.006479634121707156,-0.0026073901963688828,-0.006479634121707156,-0.006479634121707156,-0.006479634121707156,-0.006479634121707156,-0.006479634121707156,-0.006479634121707156,-0.006479634121707156,-0.006479634121707156,-0.0005,-0.006479634121707156
2016-08-02,-0.012162795420042727,-0.004894281520065896,-0.012162795420042727,-0.012162795420042727,-0.012162795420042727,-0.012162795420042727,-0.012162795420042727,-0.012162795420042727,-0.012162795420042727,-0.012162795420042727,0.0,-0.012162795420042727
2016-08-03,0.002676471632047317,0.0010770061647278595,0.002676471632047317,0.002676471632047317,0.002676471632047317,-0.0005,0.002676471632047317,0.0026764716320473165,0.002676471632047317,0.002676471632047317,0.0,0.002676471632047317
2016-08-04,0.018508922190646704,0.007447948658639983,0.0185089221906467,0.018508922190646704,0.018508922190646704,0.0,0.018508922190646704,0.0185089221906467,0.018508922190646704,0.018508922190646704,0.018008922190646703,0.018508922190646704
2016-08-05,0.01694886739761836,0.006820186118851903,0.01694886739761836,0.01694886739761836,0.01694886739761836,0.01644886739761836,0.01694886739761836,0.01694886739761836,0.01694886739761836,0.01694886739761836,-0.0005,0.01694886739761836
2016-08-08,0.009278285741690429,0.003733561313430925,0.009278285741690429,0.009278285741690429,0.009278285741690429,0.009278285741690429,0.009278285741690429,0.009278285741690429,0.009278285741690429,0.009278285741690429,0.0,0.009278285741690429
2016-08-09,0.002553944217540405,0.0010277014087229667,0.002553944217540405,0.002553944217540405,0.002553944217540405,0.002553944217540405,0.002553944217540405,0.002553944217540405,0.002553944217540405,0.002553944217540405,0.0,0.002553944217540405
2016-08-10,-0.006452860544128414,-0.0025966165689712073,-0.006452860544128414,-0.006452860544128414,-0.006452860544128413,-0.006452860544128414,-0.006452860544128414,-0.006452860544128414,-0.006452860544128414,-0.006452860544128414,0.0,-0.006452860544128414
2016-08-11,0.02033825197694572,0.008184066850058014,0.02033825197694572,0.02033825197694572,0.02033825197694572,-0.0005,0.02033825197694572,0.02033825197694572,0.02033825197694572,0.02033825197694572,0.01983825197694572,0.02033825197694572
2016-08-12,0.055946366788630186,0.022512692159337433,0.055946366788630186,0.055946366788630186,0.05594636678863018,0.055446366788630186,0.055946366788630186,0.055946366788630186,0.055946366788630186,0.055946366788630186,0.055946366788630186,0.055946366788630186
2016-08-15,-0.0009517100852574067,-0.0006163321421515881,-0.0009517100852574067,-0.0009517100852574067,-0.0009517100852574069,-0.0009517100852574067,-0.0009517100852574067,-0.0009517100852574067,-0.0009517100852574067,-0.0009517100852574067,-0.0009517100852574067,-0.0009517100852574067
2016-08-16,-0.00603372809765268,-0.00339789598577445,-0.00603372809765268,-0.00603372809765268,-0.00603372809765268,-0.00603372809765268,-0.00603372809765268,-0.00603372809765268,-0.00603372809765268,-0.00603372809765268,-0.0005,-0.00603372809765268
2016-08-17,-0.023162847038193934,-0.013044165016452367,-0.023162847038193934,-0.023162847038193934,-0.023162847038193934,-0.023162847038193934,-0.023162847038193934,-0.023162847038193934,-0.023162847038193934,-0.023162847038193934,-0.023662847038193935,-0.023162847038193934
2016-08-18,0.015535381534634629,0.008748755280262904,0.015535381534634629,0.015535381534634629,0.015535381534634629,-0.0005,0.015535381534634629,0.015535381534634629,0.015535381534634629,0.015535381534634629,0.015535381534634629,0.015535381534634629
2016-08-19,0.002576674991437544,0.0014510553787561522,0.002576674991437544,0.002576674991437544,0.002576674991437544,0.002076674991437544,0.002576674991437544,0.002576674991437544,0.002576674991437544,0.002576674991437544,0.002576674991437544,0.002576674991437544
2016-08-22,0.004176003863904931,0.002351717965425289,0.004176003863904931,0.004176003863904931,0.004176003863904931,0.004176003863904931,0.004176003863904931,0.004176003863904931,0.004176003863904931,0.004176003863904931,0.004176003863904931,0.004176003863904931
2016-08-23,0.008092262825135643,0.004557160502485574,0.008092262825135643,0.008092262825135643,0.008092262825135643,0.008092262825135643,0.008092262825135643,0.008092262825135643,0.008092262825135643,0.008092262825135643,0.008092262825135643,0.008092262825135643
2016-08-24,-0.015418706642988722,-0.00868304977621168,-0.015418706642988722,-0.015418706642988722,-0.015418706642988722,-0.015418706642988722,-0.015418706642988722,-0.015418706642988722,-0.015418706642988722,-0.015418706642988722,-0.0005,-0.015418706642988722
2016-08-25,-0.006619469262328037,-0.003727756317552996,-0.006619469262328037,-0.006619469262328037,-0.006619469262328037,-0.0005,-0.006619469262328037,-0.006619469262328037,-0.006619469262328037,-0.006619469262328037,-0.0071194692623280376,-0.006619469262328037
2016-08-26,0.008126248045448703,0.004576299290612658,0.008126248045448703,0.008126248045448703,0.008126248045448703,0.0,0.008126248045448703,0.008126248045448703,0.008126248045448703,-0.0005,0.008126248045448703,0.008126248045448703
2016-08-29,-0.0006449221535455019,-0.00036318812535185224,-0.0006449221535455019,-0.0006449221535455019,-0.0006449221535455019,-0.0011449221535455019,-0.0006449221535455019,-0.0006449221535455019,-0.0006449221535455019,0.0,-0.0005,-0.0006449221535455019
2016-08-30,-0.005807575326339465,-0.003270537977362389,-0.005807575326339465,-0.005807575326339465,-0.005807575326339465,-0.005807575326339465,-0.005807575326339465,-0.005807575326339465,-0.005807575326339465,0.0,-0.006307575326339465,-0.005807575326339465
2016-08-31,-0.004705206717930066,-0.002649738728749367,-0.004705206717930066,-0.004705206717930066,-0.004705206717930066,-0.0005,-0.004705206717930066,-0.004705206717930066,-0.004705206717930066,0.0,-0.004705206717930066,-0.004705206717930066
2016-09-01,0.02950779173929008,0.01661732273600602,0.029507791739290076,0.02950779173929008,0.02950779173929008,0.0,0.02950779173929008,0.02950779173929008,0.02950779173929008,0.0,0.02950779173929008,0.02950779173929008
2016-09-02,-0.009818156579998072,-0.005529098144786971,-0.009818156579998072,-0.009818156579998072,-0.009818156579998072,-0.010318156579998072,-0.009818156579998072,-0.009818156579998072,-0.009818156579998072,0.0,-0.009818156579998072,-0.009818156579998072
2016-09-06,0.009435490550265602,0.005313599642819995,0.009435490550265602,0.009435490550265602,0.009435490550265602,-0.0005,0.009435490550265602,0.009435490550265602,0.009435490550265602,0.008935490550265601,0.009435490550265602,0.009435490550265602
2016-09-07,-0.01473400743824882,-0.008297461191244821,-0.01473400743824882,-0.01473400743824882,-0.01473400743824882,-0.01523400743824882,-0.01473400743824882,-0.01473400743824882,-0.01473400743824882,-0.01473400743824882,-0.01473400743824882,-0.01473400743824882
2016-09-08,0.007235812193402191,0.004074850044261043,0.00723581219340219,0.007235812193402191,0.007235812193402191,-0.0005,0.007235812193402191,0.007235812193402191,0.007235812193402191,0.007235812193402191,0.007235812193402191,0.007235812193402191
2016-09-09,-0.049808109079618634,-0.02804945320066596,-0.049808109079618634,-0.049808109079618634,-0.049808109079618634,-0.050308109079618635,-0.049808109079618634,-0.049808109079618634,-0.049808109079618634,-0.049808109079618634,-0.049808109079618634,-0.049808109079618634
2016-09-12,0.02066517107556165,0.011637597967052968,0.02066517107556165,-0.0005,0.02066517107556165,-0.0005,0.02066517107556165,0.02066517107556165,0.02066517107556165,-0.0005,-0.02166517107556165,0.02066517107556165
2016-09-13,-0.014485638162174963,-0.008157591950784785,-0.014485638162174963,0.0,-0.014485638162174963,-0.014985638162174963,-0.014485638162174963,-0.014485638162174963,-0.014485638162174963,0.0,-0.015485638162174964,-0.014485638162174963
2016-09-14,0.008852745849411425,0.0049854267706393495,0.008852745849411425,0.0,0.008852745849411425,-0.0005,0.008852745849411425,0.008852745849411425,0.008852745849411425,0.0,0.008852745849411425,0.008852745849411425
2016-09-15,0.03791373105173301,0.02135113025668718,0.03791373105173301,0.0,0.03791373105173301,0.03741373105173301,0.03791373105173301,0.03791373105173301,0.03791373105173301,0.0,0.03791373105173301,0.03791373105173301
2016-09-16,0.00239257102901691,0.0011794431597281789,0.00239257102901691,0.00189257102901691,0.00239257102901691,0.00239257102901691,0.00239257102901691,0.00239257102901691,0.00239257102901691,0.0,0.00239257102901691,0.00239257102901691
2016-09-19,0.013208601564180578,0.0066715765157430275,0.013208601564180578,0.013208601564180578,0.013208601564180578,0.013208601564180578,0.013208601564180578,0.013208601564180578,0.013208601564180578,0.012708601564180577,0.013208601564180578,0.013208601564180578
2016-09-20,-0.009109736499238519,-0.004601267121096418,-0.009109736499238519,-0.009109736499238519,-0.009109736499238519,-0.009109736499238519,-0.009109736499238519,-0.009109736499238519,-0.009109736499238519,-0.009109736499238519,-0.009109736499238519,-0.009109736499238519
2016-09-21,0.02805514045611157,0.01417046424660457,0.02805514045611157,0.02805514045611157,0.02805514045611157,-0.0005,0.02805514045611157,0.02805514045611157,0.02805514045611157,0.02805514045611157,0.02805514045611157,0.02805514045611157
2016-09-22,0.0024669811345463533,0.0012460557101406963,0.0024669811345463533,0.0024669811345463533,0.0024669811345463533,0.0019669811345463532,0.0024669811345463533,0.0024669811345463533,0.0024669811345463533,0.0024669811345463533,0.0024669811345463533,0.0024669811345463533
2016-09-23,-0.0010767508193018083,-0.0005438596542151553,-0.0010767508193018083,-0.0010767508193018083,-0.0010767508193018083,-0.0010767508193018083,-0.0010767508193018083,-0.0010767508193018083,-0.0010767508193018083,-0.0010767508193018083,-0.0010767508193018083,-0.0010767508193018083
2016-09-26,-0.009391744516450529,-0.0053288702757398835,-0.009391744516450529,-0.009391744516450529,-0.009391744516450529,-0.009391744516450529,-0.009391744516450529,-0.009391744516450529,-0.009391744516450529,-0.009391744516450529,-0.009391744516450529,-0.009391744516450529
2016-09-27,0.03419351801684978,0.019293692873152576,0.03419351801684978,0.03419351801684978,0.03419351801684978,-0.0005,0.03419351801684978,0.03419351801684978,0.03419351801684978,0.03419351801684978,0.03419351801684978,0.03419351801684978
2016-09-28,0.0036066767432447744,0.0020350673874099884,0.0036066767432447744,0.0036066767432447744,0.003606676743244774,0.0031066767432447744,0.0036066767432447744,0.0036066767432447744,0.0036066767432447744,0.0036066767432447744,0.0036066767432447744,0.0036066767432447744
2016-09-29,0.009284249265343103,0.0052386377381541255,0.009284249265343103,0.009284249265343103,0.009284249265343103,0.009284249265343103,0.009284249265343103,0.009284249265343103,0.009284249265343103,0.009284249265343103,0.009284249265343103,0.009284249265343103
2016-09-30,0.016617361121113117,0.0093763461740039,0.016617361121113117,0.016617361121113117,0.016617361121113117,0.016617361121113117,0.016617361121113117,0.016617361121113117,0.016617361121113117,0.016617361121113117,0.016617361121113117,0.016617361121113117
2016-10-03,-0.0010216086305315786,-0.0005764426797010285,-0.0010216086305315786,-0.0010216086305315786,-0.0010216086305315786,-0.0010216086305315786,-0.0010216086305315786,-0.0010216086305315786,-0.0010216086305315786,-0.0010216086305315786,2.1608630531578556e-05,-0.0010216086305315786
2016-10-04,-0.002191308935347025,-0.0012364460880552454,-0.002191308935347025,-0.002191308935347025,-0.002191308935347025,-0.002191308935347025,-0.002191308935347025,-0.002191308935347025,-0.002191308935347025,-0.002191308935347025,-0.003191308935347025,-0.002191308935347025
2016-10-05,-0.001025041382918923,-0.0005783796102689322,-0.001025041382918923,-0.001025041382918923,-0.001025041382918923,-0.001025041382918923,-0.001025041382918923,-0.001025041382918923,-0.001025041382918923,-0.001025041382918923,-0.001025041382918923,-0.001025041382918923
2016-10-06,-0.013044202321044973,-0.007360191286356909,-0.013044202321044971,-0.013044202321044973,-0.013044202321044973,-0.0005,-0.013044202321044973,-0.013044202321044973,-0.013044202321044973,-0.013044202321044973,-0.013044202321044973,-0.013044202321044973
2016-10-07,-0.0072764292043773215,-0.00410572524925085,-0.0072764292043773215,-0.0072764292043773215,-0.0072764292043773215,0.0,-0.0072764292043773215,-0.0072764292043773215,-0.0072764292043773215,-0.0072764292043773215,-0.0072764292043773215,-0.0072764292043773215
2016-10-10,0.0037394486529547244,0.0021099839387535325,0.0037394486529547244,0.0037394486529547244,0.0037394486529547244,0.0,0.0037394486529547244,0.0037394486529547244,0.0037394486529547244,0.0037394486529547244,0.0037394486529547244,0.0037394486529547244
2016-10-11,-0.014455828753082711,-0.008156701514346299,-0.014455828753082711,-0.014455828753082711,-0.014455828753082711,0.0,-0.014455828753082711,-0.014455828753082711,-0.014455828753082711,-0.014455828753082711,-0.014455828753082711,-0.014455828753082711
2016-10-12,0.004536444737314627,0.002559688987095377,0.004536444737314627,0.004536444737314627,0.004536444737314627,0.0,0.004536444737314627,0.004536444737314627,0.004536444737314627,0.004536444737314627,0.004536444737314627,0.004536444737314627
2016-10-13,-0.016257654614052375,-0.0091733817739008,-0.016257654614052375,-0.016257654614052375,-0.016257654614052375,0.0,-0.016257654614052375,-0.016257654614052375,-0.016257654614052375,-0.016257654614052375,-0.016257654614052375,-0.016257654614052375
2016-10-14,0.009793339124150702,0.005525891695931452,0.009793339124150702,0.009793339124150702,0.009793339124150702,0.0,0.009793339124150702,0.009793339124150702,0.009793339124150702,0.009793339124150702,0.009793339124150702,0.009793339124150702
2016-10-17,-0.0057583643535555895,-0.0032491571424286833,-0.0057583643535555895,-0.0057583643535555895,-0.005758364353555589,-0.00625836435355559,-0.0057583643535555895,-0.0057583643535555895,-0.0057583643535555895,-0.0005,-0.0057583643535555895,-0.0057583643535555895
2016-10-18,0.015241527002358035,0.008600031759131925,0.015241527002358033,0.015241527002358035,0.015241527002358035,0.015241527002358035,0.015241527002358035,0.015241527002358035,0.015241527002358035,0.0,0.015241527002358035,0.015241527002358035
2016-10-19,-0.0021019514206279677,-0.0011860261095070265,-0.0021019514206279677,-0.0021019514206279677,-0.0021019514206279677,-0.0021019514206279677,-0.0021019514206279677,-0.0021019514206279677,-0.0021019514206279677,0.0,-0.0021019514206279677,-0.0021019514206279677
2016-10-20,0.01895616897531527,0.010696018528455909,0.01895616897531527,0.01895616897531527,0.01895616897531527,0.01895616897531527,0.01895616897531527,0.01895616897531527,0.01895616897531527,0.0,0.01895616897531527,0.01895616897531527
2016-10-21,-0.002805394136484729,-0.0015829436687622256,-0.002805394136484729,-0.002805394136484729,-0.002805394136484729,-0.002805394136484729,-0.002805394136484729,-0.002805394136484729,-0.002805394136484729,-0.003305394136484729,-0.002805394136484729,-0.002805394136484729
2016-10-24,0.04693525179442504,0.026483216280918615,0.04693525179442504,0.04693525179442504,0.04693525179442504,0.04693525179442504,0.04693525179442504,0.04693525179442504,0.04693525179442504,0.04693525179442504,0.04693525179442504,0.04693525179442504
2016-10-25,0.01640503652214398,0.00925654201697311,0.016405036522143975,0.01640503652214398,0.01640503652214398,0.01640503652214398,0.01640503652214398,0.01640503652214398,0.01640503652214398,0.01640503652214398,0.01640503652214398,0.01640503652214398
2016-10-26,0.004035215715878726,0.0022768705068813887,0.004035215715878726,0.004035215715878726,0.004035215715878725,0.004035215715878726,0.004035215715878726,0.004035215715878726,0.004035215715878726,0.004035215715878726,0.004035215715878726,0.004035215715878726
2016-10-27,-0.020510074434537007,-0.011572809698915925,-0.020510074434537007,-0.020510074434537007,-0.020510074434537007,-0.020510074434537007,-0.020510074434537007,-0.020510074434537007,-0.020510074434537007,-0.020510074434537007,-0.020510074434537007,-0.020510074434537007
2016-10-28,-0.0016978474338084082,-0.0009580104310187508,-0.0016978474338084082,-0.0016978474338084082,-0.0016978474338084082,-0.0005,-0.0016978474338084082,-0.0016978474338084082,-0.0016978474338084082,-0.0016978474338084082,-0.0016978474338084082,-0.0016978474338084082
2016-10-31,0.008503399956690583,0.004798043508162016,0.008503399956690583,0.008503399956690583,0.008503399956690583,0.0,0.008503399956690583,0.008503399956690583,0.008503399956690583,0.008503399956690583,0.008503399956690583,0.008503399956690583
2016-11-01,-0.029651261931428308,-0.016730724832831462,-0.029651261931428308,-0.029651261931428308,-0.029651261931428308,0.0,-0.029651261931428308,-0.029651261931428308,-0.029651261931428308,-0.029651261931428308,-0.029651261931428308,-0.029651261931428308
2016-11-02,-0.004200012835520406,-0.002369857283239994,-0.004200012835520406,-0.004200012835520406,-0.004200012835520406,0.0,-0.004200012835520406,-0.004200012835520406,-0.004200012835520406,-0.004200012835520406,-0.004200012835520406,-0.004200012835520406
2016-11-03,-0.011634927356617197,-0.006565007873989282,-0.011634927356617197,-0.011634927356617197,-0.011634927356617197,0.0,-0.011634927356617197,-0.011634927356617197,-0.011634927356617197,-0.011634927356617197,-0.011634927356617197,-0.011634927356617197
2016-11-04,-0.005738641346843099,-0.003238028435699577,-0.005738641346843099,-0.005738641346843099,-0.005738641346843099,0.0,-0.005738641346843099,-0.005738641346843099,-0.005738641346843099,-0.005738641346843099,-0.005738641346843099,-0.005738641346843099
2016-11-07,0.05475812396354285,0.030897271978332263,0.05475812396354285,0.05475812396354285,0.05475812396354285,0.0,0.05475812396354285,0.05475812396354285,0.05475812396354285,-0.0005,0.05475812396354285,0.05475812396354285
2016-11-08,-0.0015433626891423469,-0.0008708424123403094,-0.0015433626891423466,-0.0015433626891423469,-0.0015433626891423469,-0.002043362689142347,-0.0015433626891423469,-0.0015433626891423469,-0.0015433626891423469,0.0,-0.0015433626891423469,-0.0015433626891423469
2016-11-09,-0.016863471856357726,-0.009515214158756313,-0.016863471856357726,-0.016863471856357726,-0.016863471856357726,-0.016863471856357726,-0.016863471856357726,-0.016863471856357726,-0.016863471856357726,0.0,-0.016863471856357726,-0.016863471856357726
2016-11-10,-0.03130364064506452,-0.017663079538051386,-0.031303640645064516,-0.03130364064506452,-0.03130364064506452,-0.03130364064506452,-0.03130364064506452,-0.03130364064506452,-0.03130364064506452,-0.031803640645064524,-0.03130364064506452,-0.03130364064506452
2016-11-11,0.2980672129517874,0.16818442780337728,0.2980672129517874,0.2980672129517874,0.2980672129517874,-0.0005,0.2980672129517874,0.2980672129517874,0.2980672129517874,0.2980672129517874,0.2980672129517874,0.2980672129517874
2016-11-14,-0.049221564353015945,-0.011402707258405618,-0.049221564353015945,-0.049221564353015945,-0.049221564353015945,-0.049721564353015946,-0.049221564353015945,-0.049221564353015945,-0.049221564353015945,-0.049221564353015945,-0.049221564353015945,-0.049221564353015945
2016-11-15,0.030488153773748694,0.006958849254987609,0.030488153773748694,0.030488153773748694,0.03048815377374869,0.030488153773748694,0.030488153773748694,0.030488153773748694,0.030488153773748694,0.030488153773748694,0.030488153773748694,0.030488153773748694
2016-11-16,0.06311629083555048,0.014406144652705465,0.06311629083555048,0.06311629083555048,0.06311629083555048,0.06311629083555048,0.06311629083555048,0.06311629083555048,0.06311629083555048,0.06311629083555048,0.06311629083555048,0.06311629083555048
2016-11-17,0.008294210664263613,0.0018931340392089717,0.008294210664263613,0.008294210664263613,0.008294210664263613,0.008294210664263613,0.008294210664263613,0.008294210664263613,0.008294210664263613,0.008294210664263613,0.008294210664263613,0.008294210664263613
2016-11-18,0.010498871330879789,0.002396342641187106,0.010498871330879789,0.010498871330879789,0.010498871330879789,0.010498871330879789,0.010498871330879789,0.010498871330879789,0.010498871330879789,0.010498871330879789,0.010498871330879789,0.010498871330879789
2016-11-21,-0.004069842282563796,-0.0009289319106072541,-0.004069842282563796,-0.004069842282563796,-0.004069842282563796,-0.004069842282563796,-0.004069842282563796,-0.004069842282563796,-0.004069842282563796,-0.004069842282563796,-0.004069842282563796,-0.004069842282563796
2016-11-22,0.007205331699064121,0.0016445999812931887,0.007205331699064121,0.007205331699064121,0.007205331699064121,0.007205331699064121,0.007205331699064121,0.007205331699064121,0.007205331699064121,0.007205331699064121,0.007205331699064121,0.007205331699064121
2016-11-23,0.004919666319726623,0.0011229022445201288,0.004919666319726623,0.004919666319726623,0.004919666319726623,0.004919666319726623,0.004919666319726623,0.004919666319726623,0.004919666319726623,0.004919666319726623,0.004919666319726623,0.004919666319726623
2016-11-25,0.0020216284016150166,0.00046143191879836415,0.0020216284016150166,0.0020216284016150166,0.0020216284016150166,0.0020216284016150166,0.0020216284016150166,0.0020216284016150166,0.0020216284016150166,0.0020216284016150166,0.0020216284016150166,0.0020216284016150166
2016-11-28,-0.0005310749898680411,-0.00012121661498466543,-0.0005310749898680411,-0.0005310749898680411,-0.0005310749898680411,-0.0005310749898680411,-0.0005310749898680411,-0.0005310749898680411,-0.0005310749898680411,-0.0005310749898680411,-0.0005310749898680411,-0.0005310749898680411
2016-11-29,-0.009138231143978381,-0.0020857797248101315,-0.009138231143978381,-0.009138231143978381,-0.009138231143978381,-0.009138231143978381,-0.009138231143978381,-0.009138231143978381,-0.009138231143978381,-0.009138231143978381,-0.009138231143978381,-0.009138231143978381
2016-11-30,-0.011259850966323981,-0.002570034449765269,-0.011259850966323981,-0.011259850966323981,-0.011259850966323981,-0.0005,-0.011259850966323981,-0.011259850966323981,-0.011259850966323981,-0.011259850966323981,-0.011259850966323981,-0.011259850966323981
2016-12-01,-0.049457887740731454,-0.01128864633168413,-0.049457887740731454,-0.049457887740731454,-0.049457887740731454,0.0,-0.049457887740731454,-0.049457887740731454,-0.049457887740731454,-0.049457887740731454,-0.049457887740731454,-0.049457887740731454
2016-12-02,0.009242273994243932,0.002109527260211262,0.009242273994243932,0.009242273994243932,0.009242273994243932,0.0,0.009242273994243932,0.009242273994243932,0.009242273994243932,-0.0005,0.009242273994243932,0.009242273994243932
2016-12-05,0.03877910890656189,0.008851240226814525,0.03877910890656189,0.03877910890656189,0.03877910890656189,0.0,0.03877910890656189,0.03877910890656189,0.03877910890656189,0.0,0.03877910890656189,0.03877910890656189
2016-12-06,0.01643436986267699,0.00375110619435251,0.01643436986267699,0.01643436986267699,0.01643436986267699,0.01593436986267699,0.01643436986267699,0.01643436986267699,0.01643436986267699,0.0,0.01643436986267699,0.01643436986267699
2016-12-07,0.01798912880459924,0.004105976259131466,0.01798912880459924,0.01798912880459924,0.01798912880459924,0.01798912880459924,0.01798912880459924,0.01798912880459924,0.01798912880459924,0.0,0.01798912880459924,0.01798912880459924
2016-12-08,-0.016724474087393304,-0.003675496834844533,-0.016724474087393304,-0.016724474087393304,-0.016724474087393304,-0.016724474087393304,-0.016724474087393304,-0.016724474087393304,-0.016724474087393304,-0.017224474087393304,-0.016724474087393304,-0.016724474087393304
2016-12-09,-0.01775779089920737,-0.0039461150055014405,-0.01775779089920737,-0.01775779089920737,-0.01775779089920737,-0.01775779089920737,-0.01775779089920737,-0.01775779089920737,-0.01775779089920737,-0.01775779089920737,-0.01775779089920737,-0.01775779089920737
2016-12-12,-0.024286468471410916,-0.0053838550848816155,-0.024286468471410916,-0.024286468471410916,-0.024286468471410912,-0.0005,-0.024286468471410916,-0.024286468471410916,-0.024286468471410916,-0.024286468471410916,-0.024286468471410916,-0.024286468471410916
2016-12-13,0.01763580998584291,0.0039000534706021546,0.017635809985842906,0.01763580998584291,0.017635809985842906,0.0,0.01763580998584291,0.01763580998584291,0.01763580998584291,-0.0005,0.01763580998584291,0.01763580998584291
2016-12-14,0.057913908126155045,0.012802199059765398,0.057913908126155045,0.057913908126155045,0.057913908126155045,0.0,0.057913908126155045,0.057913908126155045,0.057913908126155045,0.0,-0.058913908126155046,0.057913908126155045
2016-12-15,0.023431350035651333,0.005142332543304523,0.023431350035651333,0.023431350035651333,0.023431350035651333,0.022931350035651332,0.023431350035651333,0.023431350035651333,0.023431350035651333,0.022931350035651332,0.022431350035651332,0.023431350035651333
2016-12-16,0.01722257469287336,0.0037767060355637433,0.01722257469287336,0.01722257469287336,0.01722257469287336,0.01722257469287336,0.01722257469287336,0.01722257469287336,0.01722257469287336,0.01722257469287336,0.01722257469287336,0.01722257469287336
2016-12-19,0.012149946452659988,0.00266371785035389,0.012149946452659988,0.012149946452659988,0.012149946452659988,0.012149946452659988,0.012149946452659988,0.012149946452659988,0.012149946452659988,0.012149946452659988,0.012149946452659988,0.012149946452659988
2016-12-20,0.03483231154839528,0.007645981936776955,0.03483231154839528,0.03483231154839528,0.03483231154839528,0.03483231154839528,0.03483231154839528,0.03483231154839528,0.03483231154839528,0.03483231154839528,0.03483231154839528,0.03483231154839528
2016-12-21,0.006275406368253078,0.0013755173227897608,0.006275406368253078,0.006275406368253078,0.006275406368253077,0.006275406368253078,0.006275406368253078,0.006275406368253078,0.006275406368253078,0.006275406368253078,0.006275406368253078,0.006275406368253078
2016-12-22,0.012094916910929454,0.0026517440828614024,0.012094916910929454,0.012094916910929454,0.012094916910929454,0.012094916910929454,0.012094916910929454,0.012094916910929454,0.012094916910929454,0.012094916910929454,0.012094916910929454,0.012094916910929454
2016-12-23,0.02492760815610251,0.0054672243139219185,0.02492760815610251,0.02492760815610251,0.02492760815610251,0.02492760815610251,0.02492760815610251,0.02492760815610251,0.02492760815610251,0.02492760815610251,0.02492760815610251,0.02492760815610251
2016-12-27,0.06868322453244757,0.01506980767268954,0.06868322453244756,0.06868322453244757,0.06868322453244757,0.06868322453244757,0.06868322453244757,0.06868322453244757,0.06868322453244757,0.06868322453244757,0.06868322453244757,0.06868322453244757
2016-12-28,-0.06878626341881267,-0.014907980190314925,-0.06878626341881267,-0.06878626341881267,-0.06878626341881267,-0.06878626341881267,-0.06878626341881267,-0.06878626341881267,-0.06878626341881267,-0.06878626341881267,-0.06878626341881267,-0.06878626341881267
2016-12-29,0.019953580231140577,0.004214274049939358,0.019953580231140577,0.019953580231140577,0.019953580231140577,-0.0005,0.019953580231140577,0.019953580231140577,0.019953580231140577,0.019953580231140577,0.019953580231140577,0.019953580231140577
2016-12-30,-0.042088967270061395,-0.008890639135729581,-0.042088967270061395,-0.042088967270061395,-0.042088967270061395,0.0,-0.042088967270061395,-0.042088967270061395,-0.042088967270061395,-0.042088967270061395,-0.042088967270061395,-0.042088967270061395
2017-01-03,-0.0443128720621534,-0.009268964891069592,-0.04431287206215339,-0.0443128720621534,-0.0443128720621534,0.0,-0.0443128720621534,-0.0443128720621534,-0.0443128720621534,-0.0443128720621534,-0.0443128720621534,-0.0443128720621534
2017-01-04,0.02333067626416896,0.00482867444315955,0.02333067626416896,0.02333067626416896,0.02333067626416896,0.0,0.02333067626416896,0.02333067626416896,0.02333067626416896,-0.0005,0.02333067626416896,0.02333067626416896
2017-01-05,-0.025385383496715153,-0.005251964727484566,-0.025385383496715153,-0.025385383496715153,-0.025385383496715153,0.0,-0.025385383496715153,-0.025385383496715153,-0.025385383496715153,0.0,-0.025385383496715153,-0.025385383496715153
2017-01-06,0.013367320009870065,0.002754397032601675,0.013367320009870065,0.013367320009870065,0.013367320009870065,0.0,0.013367320009870065,0.013367320009870065,0.013367320009870065,0.0,0.013367320009870065,0.013367320009870065
2017-01-09,0.040543024320700116,0.008367623125286602,0.040543024320700116,0.040543024320700116,0.040543024320700116,0.040043024320700116,0.040543024320700116,0.040543024320700116,0.040543024320700116,0.0,0.040543024320700116,0.040543024320700116
2017-01-10,-0.007550089376260005,-0.002848406032310912,-0.007550089376260005,-0.007550089376260005,-0.007550089376260005,-0.007550089376260005,-0.007550089376260005,-0.007550089376260005,-0.007550089376260005,-0.008050089376260006,-0.007550089376260005,-0.007550089376260005
2017-01-11,-0.012304250457450316,-0.004545875468291637,-0.012304250457450315,-0.012304250457450316,-0.012304250457450316,-0.012304250457450316,-0.012304250457450316,-0.012304250457450316,-0.012304250457450316,-0.012304250457450316,-0.012304250457450316,-0.012304250457450316
2017-01-12,-0.016355734577061742,-0.006073176693147149,-0.016355734577061742,-0.016355734577061742,-0.01635573457706174,-0.0005,-0.016355734577061742,-0.016355734577061742,-0.016355734577061742,-0.016355734577061742,-0.016355734577061742,-0.016355734577061742
2017-01-13,-9.661106922964624e-05,-3.799863043980818e-05,-9.661106922964624e-05,-9.661106922964624e-05,-9.66110692296463e-05,0.0,-9.661106922964624e-05,-9.661106922964624e-05,-9.661106922964624e-05,-9.661106922964624e-05,-9.661106922964624e-05,-9.661106922964624e-05
2017-01-17,-0.02243055326473875,-0.008419721194379656,-0.02243055326473875,-0.02243055326473875,-0.02243055326473875,0.0,-0.02243055326473875,-0.02243055326473875,-0.02243055326473875,-0.02243055326473875,-0.02243055326473875,-0.02243055326473875
2017-01-18,0.018198253022928323,0.007164477402160233,0.018198253022928323,0.018198253022928323,0.018198253022928323,0.0,0.018198253022928323,0.018198253022928323,0.018198253022928323,-0.0005,0.018198253022928323,0.018198253022928323
2017-01-19,0.021466029859222857,0.008500895528571686,0.021466029859222857,0.021466029859222857,0.021466029859222857,0.020966029859222857,0.021466029859222857,0.021466029859222857,0.021466029859222857,0.0,0.021466029859222857,0.021466029859222857
2017-01-20,-0.010935837995778463,-0.004316796600334103,-0.010935837995778463,-0.010935837995778463,-0.010935837995778462,-0.010935837995778463,-0.010935837995778463,-0.010935837995778463,-0.010935837995778463,0.0,-0.010935837995778463,-0.010935837995778463
2017-01-23,0.010383435708603672,0.004090639041936943,0.010383435708603672,0.010383435708603672,0.010383435708603672,0.010383435708603672,0.010383435708603672,0.010383435708603672,0.010383435708603672,0.0,0.010383435708603672,0.010383435708603672
2017-01-24,0.02131559347437606,0.008618481420871611,0.02131559347437606,0.02131559347437606,0.02131559347437606,0.02131559347437606,0.02131559347437606,0.02131559347437606,0.02131559347437606,0.0,0.02131559347437606,0.02131559347437606
2017-01-25,0.004285839687542037,0.0017147036081005883,0.004285839687542037,0.004285839687542037,0.004285839687542037,0.004285839687542037,0.004285839687542037,0.004285839687542037,0.004285839687542037,0.0,0.004285839687542037,0.004285839687542037
2017-01-26,0.01725562304992989,0.006931064879698756,0.01725562304992989,0.01725562304992989,0.01725562304992989,0.01725562304992989,0.01725562304992989,0.01725562304992989,0.01725562304992989,0.0,0.01725562304992989,0.01725562304992989
2017-01-27,0.019334578759818033,0.007827989250611294,0.019334578759818033,0.019334578759818033,0.019334578759818033,0.019334578759818033,0.019334578759818033,0.019334578759818033,0.019334578759818033,0.018834578759818033,0.019334578759818033,0.019334578759818033
2017-01-30,-0.015657301395658796,-0.007245653768492146,-0.015657301395658792,-0.015657301395658796,-0.015657301395658796,-0.015657301395658796,-0.015657301395658796,-0.015657301395658796,-0.015657301395658796,-0.015657301395658796,-0.015657301395658796,-0.015657301395658796
2017-01-31,-0.007635084172966211,-0.004237316959941905,-0.007635084172966211,-0.007635084172966211,-0.007635084172966211,-0.007635084172966211,-0.007635084172966211,-0.007635084172966211,-0.007635084172966211,-0.007635084172966211,-0.007635084172966211,-0.007635084172966211
2017-02-01,0.04368947165863135,0.02439142804971763,0.04368947165863135,0.04368947165863135,0.04368947165863135,-0.0005,0.04368947165863135,0.04368947165863135,0.04368947165863135,0.04368947165863135,0.04368947165863135,0.04368947165863135
2017-02-02,0.012637094454159614,0.007086092195481701,0.012637094454159614,0.012637094454159614,0.012637094454159614,0.012137094454159614,0.012637094454159614,0.012637094454159614,0.012637094454159614,0.012637094454159614,0.012637094454159614,0.012637094454159614
2017-02-03,-0.008753071420765313,-0.0056408879894048495,-0.008753071420765313,-0.008753071420765313,-0.008753071420765313,-0.008753071420765313,-0.008753071420765313,-0.008753071420765313,-0.008753071420765313,-0.008753071420765313,-0.008753071420765313,-0.008753071420765313
2017-02-06,0.02561687807078905,0.016526554100825593,0.02561687807078905,0.02561687807078905,0.02561687807078905,0.02561687807078905,0.02561687807078905,0.02561687807078905,0.02561687807078905,0.02561687807078905,0.02561687807078905,0.02561687807078905
2017-02-07,0.01551394812665352,0.010397881648378342,0.01551394812665352,0.01551394812665352,0.01551394812665352,0.01551394812665352,0.01551394812665352,0.01551394812665352,0.01551394812665352,0.01551394812665352,0.01551394812665352,0.01551394812665352
2017-02-08,-0.004364724460292124,-0.0029231521056689255,-0.004364724460292124,-0.004364724460292124,-0.004364724460292124,-0.004364724460292124,-0.004364724460292124,-0.004364724460292124,-0.004364724460292124,-0.004364724460292124,-0.004364724460292124,-0.004364724460292124
2017-02-09,-0.01880154368315401,-0.013709729628219446,-0.01880154368315401,-0.01880154368315401,-0.01880154368315401,-0.01880154368315401,-0.01880154368315401,-0.01880154368315401,-0.01880154368315401,-0.01880154368315401,-0.01880154368315401,-0.01880154368315401
2017-02-10,-0.0237150463172916,-0.016717281334383244,-0.0237150463172916,-0.0237150463172916,-0.0237150463172916,-0.0005,-0.0237150463172916,-0.0237150463172916,-0.0237150463172916,-0.0237150463172916,-0.0237150463172916,-0.0237150463172916
2017-02-13,-0.04611871402087431,-0.03128930128977554,-0.0461187140208743,-0.04611871402087431,-0.04611871402087431,0.0,-0.04611871402087431,-0.04611871402087431,-0.04611871402087431,-0.04611871402087431,-0.04611871402087431,-0.04611871402087431
2017-02-14,0.00369071508845753,0.002156871108585229,0.0036907150884575297,0.00369071508845753,0.00369071508845753,0.0,0.00369071508845753,0.00369071508845753,0.00369071508845753,0.00369071508845753,0.00369071508845753,0.00369071508845753
2017-02-15,0.002022175136548565,0.001204670821104308,0.0020221751365485647,0.002022175136548565,0.0020221751365485647,0.0,0.002022175136548565,0.002022175136548565,0.002022175136548565,-0.0005,0.002022175136548565,0.002022175136548565
2017-02-16,-0.01605502690332805,-0.009947822645952927,-0.01605502690332805,-0.01605502690332805,-0.01605502690332805,0.0,-0.01605502690332805,-0.01605502690332805,-0.01605502690332805,0.0,-0.01605502690332805,-0.01605502690332805
2017-02-17,-0.0001862677049215833,-0.00011678196261317117,-0.0001862677049215833,-0.0001862677049215833,-0.0001862677049215833,0.0,-0.0001862677049215833,-0.0001862677049215833,-0.0001862677049215833,0.0,-0.0001862677049215833,-0.0001862677049215833
2017-02-21,0.035811191504682593,0.022511910422787555,0.035811191504682593,0.035811191504682593,0.035811191504682593,0.0,0.035811191504682593,0.035811191504682593,0.035811191504682593,0.0,0.035811191504682593,0.035811191504682593
2017-02-22,-0.0015327922773240577,-0.0009284118729661258,-0.0015327922773240577,-0.0015327922773240577,-0.0015327922773240574,-0.0020327922773240577,-0.0015327922773240577,-0.0015327922773240577,-0.0015327922773240577,0.0,-0.0015327922773240577,-0.0015327922773240577
2017-02-23,-0.09272290067302014,-0.05522424790171055,-0.09272290067302014,-0.09272290067302014,-0.09272290067302014,-0.09272290067302014,-0.09272290067302014,-0.09272290067302014,-0.09272290067302014,0.0,-0.09272290067302014,-0.09272290067302014
2017-02-24,0.009652619192236811,0.004075721312622807,0.009652619192236811,0.009652619192236811,0.009652619192236811,-0.0005,0.009652619192236811,0.00965261919223681,-0.0005,0.0,0.009652619192236811,0.009652619192236811
2017-02-27,0.02907545403203815,0.012487250361519904,0.02907545403203815,0.02907545403203815,0.02907545403203815,0.0,-0.03007545403203815,0.02907545403203815,0.0,0.0,0.02907545403203815,0.02907545403203815
2017-02-28,-0.02806221530170494,-0.01185236276389138,-0.02806221530170494,-0.02806221530170494,-0.02806221530170494,-0.02856221530170494,0.02806221530170494,-0.02806221530170494,0.0,0.02756221530170494,-0.02806221530170494,-0.02806221530170494
2017-03-01,0.012909031399565452,0.005429577896826419,0.012909031399565452,0.012909031399565452,0.012909031399565452,-0.0005,-0.012909031399565452,0.012909031399565452,0.0,-0.012909031399565452,0.012909031399565452,0.012909031399565452
2017-03-02,-0.036871413042515955,-0.015461104229990474,-0.036871413042515955,-0.036871413042515955,-0.036871413042515955,-0.037371413042515955,0.036871413042515955,-0.036871413042515955,0.0,0.036871413042515955,-0.036871413042515955,-0.036871413042515955
2017-03-03,-0.005757600707652966,-0.0023499196122598394,-0.005757600707652966,-0.005757600707652966,-0.005757600707652966,-0.0005,0.005757600707652966,-0.005757600707652966,0.0,0.005757600707652966,-0.005757600707652966,-0.005757600707652966
2017-03-06,-0.007721387992960405,-0.003374844707207465,-0.007721387992960405,-0.007721387992960405,-0.007721387992960405,0.0,0.007721387992960405,-0.007721387992960405,0.0,0.007721387992960405,-0.007721387992960405,-0.007721387992960405
2017-03-07,0.010955195778729054,0.004821270295011258,0.010955195778729054,0.010955195778729054,0.010955195778729054,0.0,-0.010955195778729054,0.010955195778729054,0.0,-0.010955195778729054,0.010955195778729054,0.010955195778729054
2017-03-08,-0.001822910692180546,-0.0007970836503982798,-0.001822910692180546,-0.001822910692180546,-0.001822910692180546,-0.002322910692180546,0.001822910692180546,-0.001822910692180546,0.0,0.001822910692180546,-0.001822910692180546,-0.001822910692180546
2017-03-09,-0.00020272999909931588,-9.848801719018451e-05,-0.00020272999909931588,-0.00020272999909931588,-0.00020272999909931588,-0.00020272999909931588,0.00020272999909931588,-0.00020272999909931588,0.0,0.00020272999909931588,-0.00020272999909931588,-0.00020272999909931588
2017-03-10,0.005885765399527454,0.0026907495682398975,0.005885765399527454,0.005885765399527454,0.005885765399527454,0.005885765399527454,-0.005885765399527454,0.005885765399527454,0.0,-0.005885765399527454,0.005885765399527454,0.005885765399527454
2017-03-13,0.027542574009100207,0.012530458767482197,0.027542574009100207,-0.028542574009100208,0.027542574009100207,0.027542574009100207,-0.027542574009100207,0.027542574009100207,0.0,-0.027542574009100207,0.027542574009100207,0.027542574009100207
2017-03-14,-0.0006874899545009638,-0.0003100255718544186,-0.0006874899545009638,0.0006874899545009638,-0.0006874899545009638,-0.0006874899545009638,0.0006874899545009638,-0.0006874899545009638,0.0,0.0006874899545009638,-0.0006874899545009638,-0.0006874899545009638
2017-03-15,0.00756521428147483,0.0033604376595111974,0.00756521428147483,-0.00756521428147483,0.00756521428147483,0.00756521428147483,-0.00756521428147483,0.00756521428147483,0.0,-0.0005,0.00756521428147483,0.00756521428147483
2017-03-16,0.012286860629087348,0.005761512055516808,0.012286860629087348,-0.012286860629087348,0.012286860629087348,0.012286860629087348,-0.012286860629087348,0.012286860629087348,0.0,0.0,0.012286860629087348,0.012286860629087348
2017-03-17,0.021770356501699117,0.010169017840764374,0.021770356501699117,-0.021770356501699117,0.021770356501699117,0.021770356501699117,-0.021770356501699117,0.021770356501699117,0.0,0.0,0.021770356501699117,0.021770356501699117
2017-03-20,0.031865708162442496,0.014622124835638954,0.031865708162442496,-0.031865708162442496,0.031865708162442496,0.031865708162442496,-0.031865708162442496,0.031865708162442496,0.0,0.0,0.031865708162442496,0.031865708162442496
2017-03-21,-0.032343263806459244,-0.014503183661779087,-0.032343263806459244,-0.033343263806459245,-0.032343263806459244,-0.032343263806459244,0.032343263806459244,-0.032343263806459244,0.0,0.0,-0.032343263806459244,-0.032343263806459244
2017-03-22,0.020394928132023038,0.008835280153222777,0.020394928132023038,-0.02139492813202304,0.020394928132023038,-0.0005,-0.020394928132023038,-0.021394928132023035,0.0,0.0,0.020394928132023038,0.020394928132023038
2017-03-23,-0.009068656981142342,-0.0040445790689701226,-0.00906865698114234,-0.010068656981142343,-0.009068656981142342,-0.009568656981142343,0.009068656981142342,-0.010068656981142343,0.0,0.0,-0.009068656981142342,-0.009068656981142342
2017-03-24,0.003548403485106544,0.001576651697850434,0.003548403485106544,0.003548403485106544,0.003548403485106544,-0.0005,-0.003548403485106544,-0.004548403485106543,0.0,0.0,0.003548403485106544,0.003548403485106544
2017-03-27,0.00725790622471334,0.004685773655133539,0.00725790622471334,0.00725790622471334,0.00725790622471334,0.006757906224713339,-0.00725790622471334,0.00625790622471334,0.0,0.0,0.00725790622471334,0.00725790622471334
2017-03-28,-0.005173142798272634,-0.0034231711112473018,-0.005173142798272634,-0.005173142798272634,-0.005173142798272633,-0.005173142798272634,0.005173142798272634,-0.005173142798272634,0.0,0.0,0.004173142798272634,-0.005173142798272634
2017-03-29,-0.0032498697876635063,-0.002269602071763887,-0.0032498697876635063,-0.0032498697876635063,-0.0032498697876635063,-0.0032498697876635063,0.0032498697876635063,-0.0032498697876635063,0.0,0.0,-0.004249869787663506,-0.0032498697876635063
2017-03-30,0.019191221922538526,0.014278434380832632,0.019191221922538526,0.019191221922538526,0.019191221922538526,0.019191221922538526,0.018191221922538525,0.019191221922538526,0.0,0.018691221922538526,0.019191221922538526,0.019191221922538526
2017-03-31,-0.004296075898491236,-0.0031622742681865945,-0.004296075898491236,-0.004296075898491236,-0.004296075898491236,-0.004296075898491236,-0.004296075898491236,-0.004296075898491236,0.0,-0.004296075898491236,-0.004296075898491236,-0.004296075898491236
2017-04-03,-0.005049310674356211,-0.004409455530869543,-0.005049310674356211,-0.005049310674356211,-0.005049310674356211,-0.005049310674356211,-0.005049310674356211,-0.005049310674356211,0.0,-0.005049310674356211,-0.005049310674356211,-0.005049310674356211
2017-04-04,-0.07012371941973017,-0.06046461098475433,-0.07012371941973017,-0.07012371941973017,-0.07012371941973017,-0.0005,-0.07012371941973017,-0.07012371941973017,0.0,-0.07012371941973017,-0.07012371941973017,-0.07012371941973017
2017-04-05,-0.0074417293791014805,-0.004437933421662816,-0.00744172937910148,0.0064417293791014804,-0.0074417293791014805,0.0,-0.0074417293791014805,-0.0074417293791014805,0.0,-0.0005,-0.0074417293791014805,-0.0074417293791014805
2017-04-06,0.007297579628831485,0.004215764959970942,0.007297579628831485,-0.007297579628831485,0.0072975796288314845,0.0,-0.008297579628831486,0.007297579628831485,0.0,-0.007797579628831486,0.007297579628831485,0.007297579628831485
2017-04-07,-0.004267370516347402,-0.002461908060682691,-0.004267370516347401,0.004267370516347402,-0.004267370516347402,0.0,0.004267370516347402,-0.004267370516347402,0.0,0.004267370516347402,-0.004267370516347402,-0.004267370516347402
2017-04-10,-0.02551576549563983,-0.014696664875962578,-0.02551576549563983,0.02551576549563983,-0.02551576549563983,0.0,0.02551576549563983,-0.02551576549563983,0.0,0.02551576549563983,-0.02551576549563983,-0.02551576549563983
2017-04-11,-0.0005,0.0019871260475217965,-0.0005,-0.0035796097302569496,0.0035796097302569496,0.0,0.0025796097302569496,-0.00457960973025695,0.0030796097302569496,-0.0005,-0.00457960973025695,0.0035796097302569496
2017-04-12,0.0,-0.004805020484985485,0.0,0.008255080100521117,-0.008255080100521115,0.0,0.007255080100521117,0.008255080100521117,-0.008255080100521117,0.007755080100521117,-0.009255080100521118,-0.008255080100521117
2017-04-13,0.0,-0.010837018942191964,0.0,0.01870281927598416,-0.01870281927598416,0.0,0.01870281927598416,-0.019702819275984162,-0.01870281927598416,0.01870281927598416,-0.01870281927598416,-0.01870281927598416
2017-04-17,0.0,0.02250129652376673,0.0,-0.03916611955423743,0.03916611955423743,0.0,-0.03916611955423743,0.03916611955423743,0.03916611955423743,-0.03916611955423743,0.03916611955423743,0.03916611955423743
2017-04-18,0.0,0.00030246035270890744,0.0,-0.0006044737103203524,0.0006044737103203521,0.00010447371032035234,-0.0006044737103203524,0.0006044737103203524,0.0006044737103203524,-0.0006044737103203524,0.0006044737103203524,0.0006044737103203524
2017-04-19,0.0,0.0021465565227612128,0.0,-0.003928070523529836,0.003928070523529836,0.003928070523529836,-0.003928070523529836,0.003928070523529836,0.003928070523529836,-0.003928070523529836,0.003928070523529836,0.003928070523529836
2017-04-20,0.0,0.00921328580155374,0.0,-0.015850771162825295,0.015850771162825295,0.015850771162825295,-0.015850771162825295,0.015850771162825295,0.015850771162825295,-0.015850771162825295,0.015850771162825295,0.015850771162825295
2017-04-21,0.0,0.002474212423127317,0.0,-0.004147540510293757,0.004147540510293757,0.004147540510293757,-0.004147540510293757,0.004147540510293757,0.004147540510293757,-0.0005,0.004147540510293757,0.004147540510293757
2017-04-24,0.0,0.00767552823864405,0.0,-0.012490720788489895,0.012490720788489895,0.012490720788489895,-0.012490720788489895,0.012490720788489895,0.012490720788489895,0.0,0.012490720788489895,0.012490720788489895
2017-04-25,0.0,0.010587214886068097,0.0,-0.017386601038825278,0.017386601038825278,0.017386601038825278,-0.017386601038825278,0.017386601038825278,0.017386601038825278,0.0,-0.01838660103882528,0.017386601038825278
2017-04-26,-0.007374035356274955,-0.004114935481011285,-0.007374035356274955,-0.007874035356274955,-0.0068740353562749545,-0.0068740353562749545,0.0068740353562749545,-0.0068740353562749545,-0.0068740353562749545,0.0,-0.007874035356274955,-0.0068740353562749545
2017-04-27,0.015573703056927846,0.00933203325933401,0.015573703056927844,0.015573703056927846,0.015573703056927846,0.015573703056927846,-0.015573703056927846,0.015573703056927846,0.015573703056927846,0.0,-0.016573703056927847,0.015573703056927846
2017-04-28,-0.012684222024607616,-0.007494146012741857,-0.012684222024607616,-0.012684222024607616,-0.012684222024607616,-0.012684222024607616,0.012684222024607616,-0.012684222024607616,-0.012684222024607616,0.0,0.012684222024607616,-0.012684222024607616
2017-05-01,0.022435017167780735,0.013149536279841424,0.022435017167780732,0.022435017167780735,0.022435017167780735,-0.0005,-0.022435017167780735,0.022435017167780735,0.022435017167780735,0.0,-0.022435017167780735,0.022435017167780735
2017-05-02,-0.029632410179131097,-0.017241162140116197,-0.029632410179131097,-0.029632410179131097,-0.029632410179131097,-0.030132410179131097,0.029632410179131097,-0.029632410179131097,-0.029632410179131097,0.0,0.029632410179131097,-0.029632410179131097
2017-05-03,-0.0005,0.004148442787358756,-0.0005,-0.008441398623327712,0.00744139862332771,-0.0005,-0.007441398623327711,-0.008441398623327712,0.007441398623327711,0.0,0.006441398623327711,0.007441398623327711
2017-05-04,0.0,-0.002138029310330856,0.0,0.003837290274856131,-0.0038372902748561306,0.0,0.003837290274856131,0.003837290274856131,-0.003837290274856131,0.0,0.002837290274856131,-0.003837290274856131
2017-05-05,0.0,-3.292491724073088e-05,0.0,-9.629480341777352e-05,9.629480341777347e-05,0.0,-9.629480341777352e-05,-9.629480341777352e-05,9.629480341777352e-05,0.0,-0.0009037051965822265,9.629480341777352e-05
2017-05-08,0.0,-0.008160453255883453,0.0,0.010495309365972316,-0.010495309365972316,0.0,0.010495309365972316,0.010495309365972316,-0.010495309365972316,0.0,-0.010495309365972316,-0.010495309365972316
2017-05-09,0.0,0.00126892004865649,0.0,-0.0016547807309559293,0.0016547807309559293,0.0,-0.0016547807309559293,-0.0016547807309559293,0.0016547807309559293,-0.0021547807309559293,-0.0026547807309559293,0.0016547807309559293
2017-05-10,0.0,0.13750538962314232,0.0,-0.17825903573385005,0.17825903573385005,0.0,-0.17825903573385005,-0.17825903573385005,0.17825903573385005,-0.17825903573385005,0.17725903573385005,0.17825903573385005
2017-05-11,0.04245470631786058,0.009582896382649886,0.04245470631786058,0.04195470631786058,0.04295470631786058,0.04245470631786058,0.04195470631786058,-0.04295470631786058,0.04295470631786058,0.04195470631786058,0.04295470631786058,0.04295470631786058
2017-05-12,0.010988380266357733,0.0024869340761733316,0.010988380266357733,0.010988380266357733,0.010988380266357733,0.010988380266357733,0.010988380266357733,-0.010988380266357733,0.010988380266357733,0.010988380266357733,0.010988380266357733,0.010988380266357733
2017-05-15,0.05019925433476402,0.01144353962564555,0.05019925433476402,0.05019925433476402,0.05019925433476402,0.05019925433476402,0.05019925433476402,-0.05019925433476402,0.05019925433476402,0.05019925433476402,0.05019925433476402,0.05019925433476402
2017-05-16,0.018613839891295392,0.0042412452235430715,0.01861383989129539,0.018613839891295392,0.018613839891295392,0.018613839891295392,0.018613839891295392,-0.018613839891295392,0.018613839891295392,0.018613839891295392,0.018613839891295392,0.018613839891295392
2017-05-17,-0.06644265767800295,-0.015252389045926016,-0.06644265767800295,-0.06644265767800295,-0.06644265767800295,-0.06644265767800295,-0.06644265767800295,0.06644265767800295,-0.06644265767800295,-0.06644265767800295,-0.06644265767800295,-0.06644265767800295
2017-05-18,0.04188864984304019,0.008812938098487842,0.04188864984304019,0.04188864984304019,0.04188864984304019,-0.0005,0.04188864984304019,-0.04188864984304019,0.04188864984304019,0.04188864984304019,0.04188864984304019,0.04188864984304019
2017-05-19,0.0230949923238577,0.004822293289511252,0.0230949923238577,0.0230949923238577,0.0230949923238577,0.0225949923238577,0.0230949923238577,-0.0230949923238577,0.0230949923238577,0.0230949923238577,0.0230949923238577,0.0230949923238577
2017-05-22,0.021323307045282514,0.004449525277443498,0.021323307045282514,0.021323307045282514,0.021323307045282514,0.021323307045282514,0.021323307045282514,-0.021323307045282514,0.021323307045282514,0.021323307045282514,0.021323307045282514,0.021323307045282514
2017-05-23,-0.013462833038354383,-0.00281273623982461,-0.013462833038354383,-0.013462833038354383,-0.013462833038354383,-0.013462833038354383,-0.013462833038354383,0.013462833038354383,-0.013462833038354383,-0.013462833038354383,-0.013462833038354383,-0.013462833038354383
2017-05-24,0.011238264128424102,0.002323658259450456,0.011238264128424102,0.011238264128424102,0.011238264128424102,0.011238264128424102,0.011238264128424102,-0.011238264128424102,0.011238264128424102,0.011238264128424102,-0.012238264128424103,0.011238264128424102
2017-05-25,-0.002236994390695024,-0.0004627209029537712,-0.002236994390695024,-0.002236994390695024,-0.002236994390695024,-0.002236994390695024,-0.002236994390695024,0.002236994390695024,-0.002236994390695024,-0.002236994390695024,-0.003236994390695024,-0.002236994390695024
2017-05-26,0.02589334513255026,0.00536714181445966,0.02589334513255026,0.02589334513255026,0.02589334513255026,-0.0005,0.02589334513255026,-0.02589334513255026,0.02589334513255026,0.02589334513255026,0.02589334513255026,0.02589334513255026
2017-05-30,0.021362031761909872,0.004421486627807208,0.021362031761909872,0.021362031761909872,0.021362031761909872,0.02086203176190987,0.021362031761909872,-0.021362031761909872,0.021362031761909872,0.021362031761909872,-0.022362031761909873,0.021362031761909872
2017-05-31,-0.0035892631707113987,-0.0007510487975488773,-0.0035892631707113982,-0.0035892631707113987,-0.0035892631707113987,-0.0035892631707113987,-0.0035892631707113987,0.0035892631707113987,-0.0035892631707113987,-0.0035892631707113987,-0.004589263170711399,-0.0035892631707113987
2017-06-01,6.927164217951365e-05,1.3972718156722991e-05,6.92716421795136e-05,6.927164217951365e-05,6.927164217951365e-05,6.927164217951365e-05,6.927164217951365e-05,-6.927164217951365e-05,6.927164217951365e-05,6.927164217951365e-05,6.927164217951365e-05,6.927164217951365e-05
2017-06-02,-0.0049875477105533195,-0.0010642139861359223,-0.0049875477105533195,-0.0049875477105533195,-0.0049875477105533195,-0.0049875477105533195,-0.0049875477105533195,0.0049875477105533195,-0.0049875477105533195,-0.0049875477105533195,-0.0049875477105533195,-0.0049875477105533195
2017-06-05,0.03042302180979828,0.006445120044684266,0.03042302180979828,0.03042302180979828,0.03042302180979828,-0.0005,0.03042302180979828,-0.03042302180979828,0.03042302180979828,0.03042302180979828,0.03042302180979828,0.03042302180979828
2017-06-06,-0.004526760075835634,-0.0009626070700226776,-0.004526760075835634,-0.004526760075835634,-0.004526760075835634,-0.0050267600758356346,-0.004526760075835634,0.004526760075835634,-0.004526760075835634,-0.004526760075835634,-0.004526760075835634,-0.004526760075835634
2017-06-07,0.012080724477228966,0.002561754150749219,0.012080724477228966,0.012080724477228966,0.012080724477228966,0.012080724477228966,0.012080724477228966,-0.012080724477228966,0.012080724477228966,0.012080724477228966,0.012080724477228966,0.012080724477228966
2017-06-08,0.07255947395538964,0.015542047454251341,0.07255947395538964,0.07255947395538964,0.07255947395538964,0.07255947395538964,0.07255947395538964,-0.07255947395538964,0.07255947395538964,0.07255947395538964,0.07255947395538964,0.07255947395538964
2017-06-09,-0.06464959385630842,-0.013450620934260027,-0.06464959385630842,-0.06464959385630842,-0.06464959385630842,-0.06464959385630842,-0.06464959385630842,0.06464959385630842,-0.06464959385630842,-0.06464959385630842,-0.06464959385630842,-0.06464959385630842
2017-06-12,0.002473428405259659,0.0006708991681998417,0.002473428405259659,0.002473428405259659,0.002473428405259659,-0.0005,0.002473428405259659,0.0014734284052596589,0.002473428405259659,0.002473428405259659,-0.003473428405259659,0.002473428405259659
2017-06-13,0.009535149992094372,0.0028049902544540397,0.009535149992094372,0.009535149992094372,0.009535149992094372,0.0,0.009535149992094372,0.009535149992094372,0.009535149992094372,0.009535149992094372,0.00853514999209437,0.009535149992094372
2017-06-14,0.0021135360200472686,0.0006226089938497639,0.0021135360200472686,0.0021135360200472686,0.0021135360200472686,0.0,0.0021135360200472686,0.0021135360200472686,0.0021135360200472686,0.0021135360200472686,0.0021135360200472686,0.0021135360200472686
2017-06-15,0.004284318480336724,0.0013142456977399202,0.004284318480336724,0.004284318480336724,0.004284318480336724,0.0,0.004284318480336724,0.004284318480336724,0.004284318480336724,0.004284318480336724,-0.0005,0.004284318480336724
2017-06-16,-0.004922169941100174,-0.0015248440567505585,-0.004922169941100174,-0.004922169941100174,-0.004922169941100174,-0.0054221699411001745,-0.004922169941100174,-0.004922169941100174,-0.004922169941100174,-0.004922169941100174,0.004422169941100174,-0.004922169941100174
2017-06-19,0.03759408183369528,0.013717272948188641,0.03759408183369528,0.03759408183369528,0.03759408183369528,0.03759408183369528,0.03759408183369528,0.03759408183369528,0.03759408183369528,0.03759408183369528,-0.03759408183369528,0.03759408183369528
2017-06-20,-0.0014620181407289934,-0.0005418704514419263,-0.0014620181407289934,-0.0014620181407289934,-0.0014620181407289934,-0.0014620181407289934,-0.0014620181407289934,-0.0014620181407289934,-0.0014620181407289934,-0.0014620181407289934,-0.0005,-0.0014620181407289934
2017-06-21,0.015150386539392047,0.005626962476666422,0.015150386539392047,0.015150386539392047,0.015150386539392047,0.015150386539392047,0.015150386539392047,0.015150386539392047,0.015150386539392047,0.015150386539392047,0.014650386539392046,0.015150386539392047
2017-06-22,-0.006897653734071252,-0.002577105978458008,-0.006897653734071252,-0.006897653734071252,-0.006897653734071252,-0.006897653734071252,-0.006897653734071252,-0.006897653734071252,-0.006897653734071252,-0.006897653734071252,-0.006897653734071252,-0.006897653734071252
2017-06-23,-0.028667051649189257,-0.010804042863120098,-0.028667051649189257,-0.028667051649189257,-0.028667051649189257,-0.028667051649189257,-0.028667051649189257,-0.028667051649189257,-0.028667051649189257,-0.028667051649189257,-0.028667051649189257,-0.028667051649189257
2017-06-26,-0.01092126848278141,-0.00394105734630463,-0.01092126848278141,-0.01092126848278141,-0.01092126848278141,-0.0005,-0.01092126848278141,-0.01092126848278141,-0.01092126848278141,-0.01092126848278141,-0.0005,-0.01092126848278141
2017-06-27,-0.03660869836035774,-0.013087830928253342,-0.03660869836035774,-0.03660869836035774,-0.03660869836035774,0.0,-0.03660869836035774,-0.03660869836035774,-0.03660869836035774,-0.03660869836035774,-0.03710869836035774,-0.03660869836035774
2017-06-28,0.035270846443048676,0.012134399195327987,0.035270846443048676,0.035270846443048676,0.035270846443048676,0.0,0.035270846443048676,0.035270846443048676,0.035270846443048676,0.035270846443048676,0.035270846443048676,0.035270846443048676
2017-06-29,-0.03341000536198635,-0.011237465021723219,-0.03341000536198635,-0.03341000536198635,-0.03341000536198635,-0.03391000536198635,-0.03341000536198635,-0.03341000536198635,-0.03341000536198635,-0.03341000536198635,-0.03341000536198635,-0.03341000536198635
2017-06-30,-0.01445323404149268,-0.004688932743260073,-0.01445323404149268,-0.01445323404149268,-0.01445323404149268,-0.0005,-0.01445323404149268,-0.01445323404149268,-0.01445323404149268,-0.0005,-0.01445323404149268,-0.01445323404149268
2017-07-03,-0.03617892041826931,-0.011643614889065484,-0.036178920418269304,-0.03617892041826931,-0.03617892041826931,0.0,-0.03617892041826931,-0.03617892041826931,-0.03617892041826931,0.0,-0.03617892041826931,-0.03617892041826931
2017-07-05,0.02669931231610012,0.008286999874768835,0.026699312316100118,0.02669931231610012,0.02669931231610012,0.0,0.02669931231610012,0.02669931231610012,0.02669931231610012,0.0,-0.0005,0.02669931231610012
2017-07-06,0.0030058183606334055,0.0009382701694410102,0.0030058183606334055,0.0030058183606334055,0.003005818360633405,0.0025058183606334055,0.0030058183606334055,0.0030058183606334055,0.0030058183606334055,0.0,0.0025058183606334055,0.0030058183606334055
2017-07-07,0.022860427745276635,0.007142279059648517,0.022860427745276635,0.022860427745276635,0.022860427745276635,0.022860427745276635,0.022860427745276635,0.022860427745276635,0.022860427745276635,0.0,0.022860427745276635,0.022860427745276635
2017-07-10,0.04728811358024454,0.014618000604177252,0.04728811358024454,0.04728811358024454,0.04728811358024454,0.04728811358024454,0.04728811358024454,0.04728811358024454,0.04728811358024454,0.0,0.04728811358024454,0.04728811358024454
2017-07-11,0.014183578777130945,0.004783026494915597,0.014183578777130945,0.014183578777130945,0.014183578777130945,0.014183578777130945,0.014183578777130945,0.014183578777130945,0.014183578777130945,0.0,-0.0005,0.014183578777130945
2017-07-12,0.04253230298940647,0.016679917109334492,0.04253230298940646,0.04253230298940647,0.04253230298940647,0.04253230298940647,0.04253230298940647,0.04253230298940646,0.04253230298940647,0.04203230298940647,0.0,0.04253230298940647
2017-07-13,-0.011568143433124622,-0.004279683852061183,-0.011568143433124622,-0.011568143433124622,-0.011568143433124622,-0.011568143433124622,-0.011568143433124622,-0.011568143433124622,-0.011568143433124622,-0.011568143433124622,0.011068143433124622,-0.011568143433124622
2017-07-14,0.02689419754126976,0.00984699447176405,0.02689419754126976,0.02689419754126976,0.02689419754126976,0.02689419754126976,0.02689419754126976,0.02689419754126976,0.02689419754126976,0.02689419754126976,-0.0005,0.02689419754126976
2017-07-17,-0.0042440257964539985,-0.0015274234348718048,-0.0042440257964539985,-0.0042440257964539985,-0.0042440257964539985,-0.0042440257964539985,-0.0042440257964539985,-0.0042440257964539985,-0.0042440257964539985,-0.0042440257964539985,0.0037440257964539985,-0.0042440257964539985
2017-07-18,0.010410886896591975,0.0037282904501335368,0.010410886896591975,0.010410886896591975,0.010410886896591975,0.010410886896591975,0.010410886896591975,0.010410886896591975,0.010410886896591975,0.010410886896591975,-0.010410886896591975,0.010410886896591975
2017-07-19,-0.005181643031388239,-0.0018592898298562693,-0.005181643031388239,-0.005181643031388239,-0.005181643031388239,-0.005181643031388239,-0.005181643031388239,-0.005181643031388239,-0.005181643031388239,-0.005181643031388239,0.005181643031388239,-0.005181643031388239
2017-07-20,0.014536303799318917,0.005422622931380422,0.014536303799318917,0.014536303799318917,0.014536303799318915,0.014536303799318917,0.014536303799318917,0.014536303799318917,0.014536303799318917,0.014536303799318917,-0.014536303799318917,0.014536303799318917
2017-07-21,0.0035822088821644282,0.0013314036998218117,0.0035822088821644282,0.0035822088821644282,0.0035822088821644282,0.0035822088821644282,0.0035822088821644282,0.0035822088821644282,0.0035822088821644282,0.0035822088821644282,-0.0035822088821644282,0.0035822088821644282
2017-07-24,-0.011600191547384897,-0.004339640577156007,-0.011600191547384897,-0.011600191547384897,-0.011600191547384897,-0.011600191547384897,-0.011600191547384897,-0.011600191547384897,-0.011600191547384897,-0.011600191547384897,0.011600191547384897,-0.011600191547384897
2017-07-25,-0.004814853056882229,-0.001793743487074092,-0.004814853056882229,-0.004814853056882229,-0.004814853056882229,-0.0005,-0.004814853056882229,-0.004814853056882229,-0.004814853056882229,-0.004814853056882229,0.004814853056882229,-0.004814853056882229
2017-07-26,0.011551104736979845,0.004461947366231245,0.011551104736979845,0.011551104736979845,0.011551104736979845,0.0,0.011551104736979845,0.011551104736979845,0.011551104736979845,0.011551104736979845,-0.0005,0.011551104736979845
2017-07-27,-0.033002323919207543,-0.012866356303442891,-0.033002323919207543,-0.033002323919207543,-0.033002323919207543,-0.033502323919207544,-0.033002323919207543,-0.033002323919207543,-0.033002323919207543,-0.033002323919207543,0.03250232391920754,-0.033002323919207543
2017-07-28,0.016384293650318682,0.006463719603545808,0.01638429365031868,0.016384293650318682,0.016384293650318682,-0.0005,0.016384293650318682,0.016384293650318682,0.016384293650318682,0.016384293650318682,-0.0005,0.016384293650318682
2017-07-31,-0.011436549709253674,-0.004688087108946659,-0.011436549709253674,-0.011436549709253674,-0.011436549709253674,-0.011936549709253674,-0.011436549709253674,-0.011436549709253674,-0.011436549709253674,-0.0005,-0.011936549709253674,-0.011436549709253674
2017-08-01,0.012184046294948514,0.005277549093922471,0.012184046294948514,0.012184046294948514,0.012184046294948514,-0.0005,0.012184046294948514,0.012184046294948514,0.012184046294948514,0.0,-0.0005,0.012184046294948514
2017-08-02,-0.0006077835091367056,-0.0002734754677640608,-0.0006077835091367056,-0.0006077835091367056,-0.0006077835091367056,-0.0011077835091367057,-0.0006077835091367056,-0.0006077835091367056,-0.0006077835091367056,0.0,-0.0011077835091367057,-0.0006077835091367056
2017-08-03,0.012713330095497355,0.006269012156570915,0.012713330095497355,0.012713330095497355,0.012713330095497355,0.012713330095497355,0.012713330095497355,0.012713330095497355,0.012713330095497355,0.0,0.012713330095497355,0.012713330095497355
2017-08-04,0.004385098171247437,0.0022171088169854734,0.004385098171247437,0.004385098171247437,0.004385098171247437,0.004385098171247437,0.004385098171247437,0.004385098171247437,0.004385098171247437,0.0,0.004385098171247437,0.004385098171247437
2017-08-07,0.030739918286293078,0.015594840671261483,0.030739918286293074,0.030739918286293078,0.030739918286293078,0.030739918286293078,0.030739918286293078,0.030739918286293078,0.030739918286293078,0.030239918286293077,0.030739918286293078,0.030739918286293078
2017-08-08,-0.011894429642617221,-0.005912641547729332,-0.011894429642617221,-0.011894429642617221,-0.011894429642617221,-0.011894429642617221,-0.011894429642617221,-0.011894429642617221,-0.011894429642617221,-0.011894429642617221,-0.0005,-0.011894429642617221
2017-08-09,0.01062864917598616,0.005816884774600484,0.01062864917598616,0.01062864917598616,0.01062864917598616,0.01062864917598616,0.01062864917598616,0.01062864917598616,0.01062864917598616,0.01062864917598616,0.0,0.01062864917598616
2017-08-10,-0.04282174746388667,-0.023650253275922333,-0.04282174746388667,-0.04282174746388667,-0.04282174746388667,-0.04282174746388667,-0.04282174746388667,-0.04282174746388667,-0.04282174746388667,-0.04282174746388667,-0.04332174746388667,-0.04282174746388667
2017-08-11,-0.053296174978867294,-0.02824442245745228,-0.053296174978867294,-0.053296174978867294,-0.053296174978867294,-0.0005,-0.053296174978867294,-0.053296174978867294,-0.053296174978867294,-0.053296174978867294,-0.053296174978867294,-0.053296174978867294
2017-08-14,0.07976411906551695,0.03538083007482002,0.07976411906551695,0.07976411906551695,0.07976411906551695,0.0,0.07976411906551695,0.07976411906551695,0.07976411906551695,0.07976411906551695,0.07976411906551695,0.07976411906551695
2017-08-15,-0.00843245661970815,-0.0029881864786497295,-0.00843245661970815,-0.00843245661970815,-0.00843245661970815,-0.008932456619708151,-0.00843245661970815,-0.00843245661970815,-0.00843245661970815,-0.0005,-0.00843245661970815,-0.00843245661970815
2017-08-16,-0.010959395668967087,-0.003813810237799384,-0.010959395668967087,-0.010959395668967087,-0.010959395668967087,-0.010959395668967087,-0.010959395668967087,-0.010959395668967087,-0.010959395668967087,0.0,-0.0005,-0.010959395668967087
2017-08-17,-0.022282471406686488,-0.007743569062553546,-0.022282471406686485,-0.022282471406686488,-0.022282471406686488,-0.022282471406686488,-0.022282471406686488,-0.022282471406686488,-0.022282471406686488,0.0,-0.02278247140668649,-0.022282471406686488
2017-08-18,0.0001853619406000373,6.0797024334606095e-05,0.00018536194060003725,0.0001853619406000373,0.0001853619406000373,-0.0005,0.0001853619406000373,0.0001853619406000373,0.0001853619406000373,0.0,0.0001853619406000373,0.0001853619406000373
2017-08-21,-0.014550760537714647,-0.005020923148818392,-0.014550760537714645,-0.014550760537714647,-0.014550760537714647,0.0,-0.014550760537714647,-0.014550760537714647,-0.014550760537714647,0.0,-0.014550760537714647,-0.014550760537714647
2017-08-22,0.022262410071046235,0.007645234254457999,0.022262410071046235,0.022262410071046235,0.022262410071046235,0.0,0.022262410071046235,0.022262410071046235,0.022262410071046235,0.0,0.022262410071046235,0.022262410071046235
2017-08-23,0.01999365888284821,0.006762558950560951,0.019993658882848205,0.01999365888284821,0.01999365888284821,0.019493658882848208,0.01999365888284821,0.01999365888284821,0.01999365888284821,0.0,0.01999365888284821,0.01999365888284821
2017-08-24,-0.0036786931950294477,-0.001231907930665779,-0.0036786931950294477,-0.0036786931950294477,-0.0036786931950294477,-0.0036786931950294477,-0.0036786931950294477,-0.0036786931950294477,-0.0036786931950294477,0.0,-0.0005,-0.0036786931950294477
2017-08-25,-0.008353740694442169,-0.0028035322247824085,-0.008353740694442169,-0.008353740694442169,-0.008353740694442169,-0.008353740694442169,-0.008353740694442169,-0.008353740694442169,-0.008353740694442169,0.0,-0.00885374069444217,-0.008353740694442169
2017-08-28,0.007080945738308753,0.002451991923646973,0.007080945738308753,0.007080945738308753,0.007080945738308753,-0.0005,0.007080945738308753,0.007080945738308753,0.007080945738308753,0.0,0.007080945738308753,0.007080945738308753
2017-08-29,-0.001636523368864995,-0.0005731860671893813,-0.001636523368864995,-0.001636523368864995,-0.001636523368864995,-0.002136523368864995,-0.001636523368864995,-0.001636523368864995,-0.001636523368864995,-0.002136523368864995,-0.0005,-0.001636523368864995
2017-08-30,0.005950349341765637,0.0020891238038816254,0.005950349341765636,0.005950349341765637,0.005950349341765637,-0.0005,0.005950349341765637,0.005950349341765637,0.005950349341765637,0.005950349341765637,0.005450349341765637,0.005950349341765637
2017-08-31,0.02269428618349223,0.007998753612202838,0.02269428618349223,0.02269428618349223,0.02269428618349223,0.02219428618349223,0.02269428618349223,0.02269428618349223,0.02269428618349223,0.02269428618349223,-0.0005,0.02269428618349223
2017-09-01,0.006019625882680568,0.0020862814442134344,0.006019625882680568,0.006019625882680568,0.006019625882680568,0.006019625882680568,0.006019625882680568,0.006019625882680568,0.006019625882680568,0.006019625882680568,0.0,0.006019625882680568
2017-09-05,-0.026692359604543747,-0.009296066028640304,-0.026692359604543747,-0.026692359604543747,-0.026692359604543747,-0.026692359604543747,-0.026692359604543747,-0.026692359604543747,-0.026692359604543747,-0.026692359604543747,0.026192359604543747,-0.026692359604543747
2017-09-06,-0.0006030997088745105,-0.0002091548849984875,-0.0006030997088745105,-0.0006030997088745105,-0.0006030997088745105,-0.0005,-0.0006030997088745105,-0.0006030997088745105,-0.0006030997088745105,-0.0006030997088745105,-0.0016030997088745105,-0.0006030997088745105
2017-09-07,0.0046442693620289965,0.0016254163895857425,0.0046442693620289965,0.0046442693620289965,0.0046442693620289965,0.0,0.0046442693620289965,0.0046442693620289965,0.0046442693620289965,0.0046442693620289965,0.0046442693620289965,0.0046442693620289965
2017-09-08,-0.01734936197821957,-0.006111731097398107,-0.017349361978219565,-0.01734936197821957,-0.017349361978219565,0.0,-0.01734936197821957,-0.01734936197821957,-0.01734936197821957,-0.01734936197821957,-0.01734936197821957,-0.01734936197821957
2017-09-11,0.03243971025032,0.01337064593160861,0.03243971025032,0.03243971025032,0.03243971025032,0.0,0.03243971025032,0.03243971025032,-0.0005,0.03243971025032,0.03243971025032,0.03243971025032
2017-09-12,0.003609721928263143,0.0014673727631324938,0.003609721928263143,0.003609721928263143,0.003609721928263143,0.003109721928263143,0.003609721928263143,-0.004609721928263143,0.0,-0.0005,-0.004609721928263143,0.003609721928263143
2017-09-13,0.004480855788882021,0.0018263736702937895,0.004480855788882021,0.004480855788882021,0.00448085578888202,0.004480855788882021,0.004480855788882021,-0.004480855788882021,0.0,0.0,-0.004480855788882021,0.004480855788882021
2017-09-14,-0.005693449980473941,-0.0023206451741651984,-0.005693449980473941,-0.005693449980473941,-0.005693449980473941,-0.005693449980473941,-0.005693449980473941,0.005693449980473941,0.0,-0.006193449980473942,-0.006693449980473941,-0.005693449980473941
2017-09-15,0.06322246533894593,0.02574791265865748,0.06322246533894593,0.06322246533894593,0.06322246533894593,0.06322246533894593,0.06322246533894593,0.06222246533894593,0.0,0.06322246533894593,0.06322246533894593,0.06322246533894593
2017-09-18,0.04130830242020922,0.01596618500336325,0.04130830242020922,0.04130830242020922,0.04130830242020922,0.04130830242020922,0.04130830242020922,-0.04230830242020922,0.0,0.04130830242020922,0.04130830242020922,0.04130830242020922
2017-09-19,-0.0010663039303123734,-0.00041160929141929463,-0.0010663039303123734,-0.0010663039303123734,-0.0010663039303123734,-0.0010663039303123734,-0.0010663039303123734,0.0010663039303123734,0.0,-0.0010663039303123734,-0.0010663039303123734,-0.0010663039303123734
2017-09-20,-0.008059709097517853,-0.0031060135628837617,-0.008059709097517853,-0.008059709097517853,-0.008059709097517853,-0.008059709097517853,-0.008059709097517853,0.008059709097517853,0.0,-0.008059709097517853,-0.008059709097517853,-0.008059709097517853
2017-09-21,-0.027335242522121495,-0.010538458933957374,-0.027335242522121495,-0.027335242522121495,-0.027335242522121495,-0.027335242522121495,-0.027335242522121495,0.027335242522121495,0.0,-0.027335242522121495,0.026335242522121494,-0.027335242522121495
2017-09-22,-0.009736890156162303,-0.003715933666247333,-0.009736890156162303,-0.009736890156162303,-0.009736890156162303,-0.0005,-0.009736890156162303,0.009736890156162303,0.0,-0.009736890156162303,-0.010736890156162304,-0.009736890156162303
2017-09-25,-0.04469269038790302,-0.01723661886867978,-0.04469269038790302,-0.04469269038790302,-0.04469269038790302,0.0,-0.04469269038790302,0.04469269038790302,0.0,-0.04469269038790302,-0.0005,-0.04469269038790302
2017-09-26,0.005613938496872972,0.0021027012748237976,0.005613938496872972,0.005613938496872972,0.005613938496872972,0.0,0.005613938496872972,-0.005613938496872972,0.0,0.005613938496872972,0.005113938496872972,0.005613938496872972
2017-09-27,0.021923592640922474,0.008391782750971117,0.021923592640922474,0.021923592640922474,0.021923592640922474,0.0,0.021923592640922474,-0.021923592640922474,0.0,-0.0005,0.021923592640922474,0.021923592640922474
2017-09-28,-0.0002840391756332439,-0.00011155426533345932,-0.0002840391756332439,-0.0002840391756332439,-0.0002840391756332439,-0.0007840391756332439,-0.0002840391756332439,0.0002840391756332439,0.0,0.0,-0.0002840391756332439,-0.0002840391756332439
2017-09-29,0.017588703314500798,0.0069176979753560516,0.017588703314500798,0.017588703314500798,0.017588703314500798,0.017588703314500798,0.017588703314500798,-0.017588703314500798,0.0,0.0,-0.0005,0.017588703314500798
2017-10-02,0.001286328511439061,0.0005066879363412871,0.001286328511439061,0.001286328511439061,0.001286328511439061,0.001286328511439061,0.001286328511439061,-0.001286328511439061,0.0,0.0,-0.001786328511439061,0.001286328511439061
2017-10-03,0.0020669249261258127,0.0008290871560467265,0.0020669249261258127,0.0020669249261258127,0.0020669249261258127,0.0020669249261258127,0.0020669249261258127,-0.0020669249261258127,0.0,0.0,-0.0020669249261258127,0.0020669249261258127
2017-10-04,0.008362796592439103,0.003397022546770989,0.008362796592439103,0.008362796592439103,0.008362796592439103,0.008362796592439103,0.008362796592439103,-0.008362796592439103,0.0,0.0,-0.0005,0.008362796592439103
2017-10-05,-0.0005526823362917987,-0.00022459775485675676,-0.0005526823362917987,-0.0005526823362917987,-0.0005526823362917987,-0.0005526823362917987,-0.0005526823362917987,0.0005526823362917987,0.0,-0.0010526823362917988,5.268233629179874e-05,-0.0005526823362917987
2017-10-06,0.0029313813880906814,0.0011960722500552773,0.0029313813880906814,0.0029313813880906814,0.0029313813880906814,0.0029313813880906814,0.0029313813880906814,-0.0029313813880906814,0.0,0.0029313813880906814,-0.0029313813880906814,0.0029313813880906814
2017-10-09,0.022559873869864022,0.009488544077546712,0.022559873869864022,0.022559873869864022,0.022559873869864022,0.022559873869864022,0.022559873869864022,-0.022559873869864022,0.0,0.022559873869864022,0.02155987386986402,0.022559873869864022
2017-10-10,0.019094586309327033,0.008002474953180537,0.019094586309327033,0.019094586309327033,0.019094586309327033,0.019094586309327033,0.019094586309327033,0.018094586309327032,0.018594586309327032,0.019094586309327033,-0.0005,0.019094586309327033
2017-10-11,0.010638748347891802,0.004550452632983337,0.010638748347891802,0.010638748347891802,0.010638748347891802,0.010638748347891802,0.010638748347891802,0.010638748347891802,0.010638748347891802,0.010638748347891802,0.0,0.010638748347891802
2017-10-12,0.00047181860467193637,0.0002019787819783093,0.00047181860467193637,0.00047181860467193637,0.00047181860467193637,0.00047181860467193637,0.00047181860467193637,0.00047181860467193637,0.00047181860467193637,0.00047181860467193637,0.0,0.00047181860467193637
2017-10-13,0.018635632635744637,0.008073800803471509,0.018635632635744637,0.018635632635744637,0.018635632635744637,0.018635632635744637,0.018635632635744637,0.018635632635744637,0.018635632635744637,0.018635632635744637,0.0,0.018635632635744637
2017-10-16,0.017164091210532195,0.0074119636700052905,0.017164091210532195,0.017164091210532195,0.017164091210532192,0.017164091210532195,0.017164091210532195,0.017164091210532195,0.017164091210532195,0.017164091210532195,0.0,0.017164091210532195
2017-10-17,-0.0009093357855655126,-0.0003922849734971768,-0.0009093357855655126,-0.0009093357855655126,-0.0009093357855655128,-0.0009093357855655126,-0.0009093357855655126,-0.0009093357855655126,-0.0009093357855655126,-0.0009093357855655126,0.00040933578556551263,-0.0009093357855655126
2017-10-18,-0.0008598376656975271,-0.0003709470247932164,-0.0008598376656975271,-0.0008598376656975271,-0.0008598376656975271,-0.0008598376656975271,-0.0008598376656975271,-0.0008598376656975271,-0.0008598376656975271,-0.0008598376656975271,0.0008598376656975271,-0.0008598376656975271
2017-10-19,0.0011133032253420883,0.0004805779583770949,0.0011133032253420883,0.0011133032253420883,0.0011133032253420883,0.0011133032253420883,0.0011133032253420883,0.0011133032253420883,0.0011133032253420883,0.0011133032253420883,-0.0011133032253420883,0.0011133032253420883
2017-10-20,-0.004549863710225699,-0.0019657159123098776,-0.004549863710225699,-0.004549863710225699,-0.004549863710225699,-0.004549863710225699,-0.004549863710225699,-0.004549863710225699,-0.004549863710225699,-0.004549863710225699,0.004549863710225699,-0.004549863710225699
2017-10-23,-0.0014218782984842804,-0.0006164759142735192,-0.0014218782984842804,-0.0014218782984842804,-0.0014218782984842804,-0.0014218782984842804,-0.0014218782984842804,-0.0014218782984842804,-0.0014218782984842804,-0.0014218782984842804,-0.0005,-0.0014218782984842804
2017-10-24,0.010476811896311888,0.004541238624765107,0.010476811896311888,0.010476811896311888,0.010476811896311888,0.010476811896311888,0.010476811896311888,0.010476811896311888,0.010476811896311888,0.010476811896311888,0.0,0.010476811896311888
2017-10-25,-0.025266569864506483,-0.010955585710304529,-0.025266569864506483,-0.025266569864506483,-0.025266569864506483,-0.025266569864506483,-0.025266569864506483,-0.025266569864506483,-0.025266569864506483,-0.025266569864506483,0.024766569864506482,-0.025266569864506483
2017-10-26,0.010482779623444127,0.004582370887699751,0.010482779623444127,0.010482779623444127,0.010482779623444127,-0.0005,0.010482779623444127,0.010482779623444127,0.010482779623444127,0.010482779623444127,-0.010482779623444127,0.010482779623444127
2017-10-27,0.03152913443225347,0.013816810082274698,0.03152913443225347,0.03152913443225347,0.03152913443225347,0.03102913443225347,0.03152913443225347,0.03152913443225347,0.03152913443225347,-0.0005,0.03052913443225347,0.03152913443225347
2017-10-30,0.009808524130156426,0.004254055119569616,0.009808524130156425,0.009808524130156426,0.009808524130156426,0.009808524130156426,0.009808524130156426,0.009808524130156426,0.009808524130156426,0.0,-0.010808524130156427,0.009808524130156426
2017-10-31,0.014570161604387177,0.006326040596138424,0.014570161604387177,0.014570161604387177,0.014570161604387177,0.014570161604387177,0.014570161604387177,0.014570161604387177,0.014570161604387177,0.014070161604387177,-0.014570161604387177,0.014570161604387177
2017-11-01,0.0018859728341049653,0.0008171520042040441,0.0018859728341049653,0.0018859728341049653,0.0018859728341049653,0.0018859728341049653,0.0018859728341049653,0.0018859728341049653,0.0018859728341049653,0.0018859728341049653,-0.0018859728341049653,0.0018859728341049653
2017-11-02,-0.006081314427905937,-0.0026397267753256884,-0.006081314427905937,-0.006081314427905937,-0.006081314427905937,-0.006081314427905937,-0.006081314427905937,-0.006081314427905937,-0.006081314427905937,-0.006081314427905937,0.006081314427905937,-0.006081314427905937
2017-11-03,0.013353386229916886,0.005786124950486664,0.013353386229916884,0.013353386229916886,0.013353386229916886,-0.0005,0.013353386229916886,0.013353386229916886,0.013353386229916886,0.013353386229916886,0.012353386229916885,0.013353386229916886
2017-11-06,0.004504393554638275,0.0019712872774891505,0.004504393554638275,0.004504393554638275,0.004504393554638275,0.004004393554638275,0.004504393554638275,0.004504393554638275,0.004504393554638275,0.004504393554638275,-0.005504393554638275,0.004504393554638275
2017-11-07,0.011448824084510312,0.0050360871033263786,0.011448824084510312,0.011448824084510312,0.011448824084510312,0.011448824084510312,0.011448824084510312,0.011448824084510312,0.011448824084510312,0.011448824084510312,-0.011448824084510312,0.011448824084510312
2017-11-08,-0.01353563186712281,-0.0059538501897242815,-0.01353563186712281,-0.01353563186712281,-0.01353563186712281,-0.01353563186712281,-0.01353563186712281,-0.01353563186712281,-0.01353563186712281,-0.01353563186712281,0.01353563186712281,-0.01353563186712281
2017-11-09,-0.018359479154328895,-0.00836115372287386,-0.018359479154328895,-0.018359479154328895,-0.018359479154328895,-0.0005,-0.018359479154328895,-0.018359479154328895,-0.018359479154328895,-0.018359479154328895,-0.019359479154328896,-0.018359479154328895
2017-11-10,0.052698605175329316,0.025330428647937695,0.052698605175329316,0.052698605175329316,0.052698605175329316,0.0,0.052698605175329316,0.052698605175329316,0.052698605175329316,0.052698605175329316,-0.05369860517532932,0.052698605175329316
2017-11-13,-0.016239890803647627,-0.008440142630710613,-0.016239890803647627,-0.016239890803647627,-0.016239890803647627,-0.016739890803647628,-0.016239890803647627,-0.016239890803647627,-0.016239890803647627,-0.016239890803647627,0.016239890803647627,-0.016239890803647627
2017-11-14,0.007289964343573319,0.003755344438510815,0.007289964343573318,0.007289964343573319,0.007289964343573319,0.007289964343573319,0.007289964343573319,0.007289964343573319,0.007289964343573319,0.007289964343573319,-0.007289964343573319,0.007289964343573319
2017-11-15,-0.01960958392429868,-0.010160849862643298,-0.019609583924298676,-0.01960958392429868,-0.01960958392429868,-0.01960958392429868,-0.01960958392429868,-0.01960958392429868,-0.01960958392429868,-0.01960958392429868,0.01960958392429868,-0.01960958392429868
2017-11-16,0.007762499843551707,0.004034043816830491,0.007762499843551707,0.007762499843551707,0.007762499843551707,-0.0005,0.007762499843551707,0.007762499843551707,0.007762499843551707,0.007762499843551707,0.006762499843551707,0.007762499843551707
2017-11-17,-0.0011814915486095812,-0.0006142737607028858,-0.0011814915486095812,-0.0011814915486095812,-0.0011814915486095812,0.0,-0.0011814915486095812,-0.0011814915486095812,-0.0011814915486095812,-0.0011814915486095812,-0.0011814915486095812,-0.0011814915486095812
2017-11-20,0.012869153427887081,0.006743276112673714,0.012869153427887081,0.012869153427887081,0.012869153427887081,0.0,0.012869153427887081,0.012869153427887081,0.012869153427887081,0.012869153427887081,-0.013869153427887082,0.012869153427887081
2017-11-21,0.009202153562996696,0.004851140630603442,0.009202153562996696,0.009202153562996696,0.009202153562996696,0.008702153562996695,0.009202153562996696,0.009202153562996696,0.009202153562996696,0.009202153562996696,0.008202153562996695,0.009202153562996696
2017-11-22,-0.004493069524781457,-0.0023840161512184003,-0.004493069524781457,-0.004493069524781457,-0.004493069524781457,-0.004493069524781457,-0.004493069524781457,-0.004493069524781457,-0.004493069524781457,-0.004493069524781457,-0.004493069524781457,-0.004493069524781457
2017-11-24,0.009444752318398697,0.0050064562956081745,0.009444752318398697,0.009444752318398697,0.009444752318398697,0.009444752318398697,0.009444752318398697,0.009444752318398697,0.009444752318398697,0.009444752318398697,0.009444752318398697,0.009444752318398697
2017-11-27,-0.012997612774190315,-0.006915537941519145,-0.012997612774190315,-0.012997612774190315,-0.012997612774190315,-0.012997612774190315,-0.012997612774190315,-0.012997612774190315,-0.012997612774190315,-0.012997612774190315,-0.012997612774190315,-0.012997612774190315
2017-11-28,-0.01601722615167611,-0.008458704270939761,-0.016017226151676108,-0.01601722615167611,-0.01601722615167611,-0.0005,-0.01601722615167611,-0.01601722615167611,-0.01601722615167611,-0.01601722615167611,-0.01601722615167611,-0.01601722615167611
2017-11-29,-0.06781857566208638,-0.035475842765498075,-0.06781857566208638,-0.06781857566208638,-0.06781857566208638,0.0,-0.06781857566208638,-0.06781857566208638,-0.06781857566208638,-0.06781857566208638,-0.06781857566208638,-0.06781857566208638
2017-11-30,0.021841190354164874,0.01018597801152433,0.021841190354164874,0.021841190354164874,0.021841190354164874,0.0,0.021841190354164874,0.021841190354164874,0.021841190354164874,-0.0005,-0.022841190354164875,0.021841190354164874
2017-12-01,-0.015096616033527965,-0.007064459794538505,-0.015096616033527965,-0.015096616033527965,-0.015096616033527965,0.0,-0.015096616033527965,-0.015096616033527965,-0.015096616033527965,0.0,-0.016096616033527966,-0.015096616033527965
2017-12-04,-0.05574637020712503,-0.02593027784673109,-0.05574637020712503,-0.05574637020712503,-0.05574637020712503,0.0,-0.05574637020712503,-0.05574637020712503,-0.05574637020712503,0.0,-0.05574637020712503,-0.05574637020712503
2017-12-05,0.005785967415138149,0.0025564949719002576,0.005785967415138149,0.005785967415138149,0.005785967415138149,0.0,0.005785967415138149,0.005785967415138149,0.005785967415138149,0.0,-0.006785967415138149,0.005785967415138149
2017-12-06,0.008096112835194624,0.0035918341154627044,0.008096112835194624,0.008096112835194624,0.008096112835194624,0.0,0.008096112835194624,0.008096112835194624,0.008096112835194624,0.0,0.007096112835194624,0.008096112835194624
2017-12-07,0.01442445828823491,0.0063960816204169735,0.014424458288234908,0.01442445828823491,0.01442445828823491,0.0,0.01442445828823491,0.01442445828823491,0.01442445828823491,0.0,0.01442445828823491,0.01442445828823491
2017-12-08,-0.0026043649490478105,-0.00122219526354524,-0.0026043649490478105,-0.0026043649490478105,-0.0026043649490478105,-0.0031043649490478105,-0.0026043649490478105,-0.0026043649490478105,-0.0026043649490478105,0.0,-0.0005,-0.0026043649490478105
2017-12-11,0.01655472596427976,0.0076999689746361745,0.01655472596427976,0.01655472596427976,0.016554725964279756,0.01655472596427976,-0.01755472596427976,0.01655472596427976,0.01655472596427976,-0.01705472596427976,0.01605472596427976,0.01655472596427976
2017-12-12,-0.019624077283264763,-0.009127592118591453,-0.019624077283264763,-0.019624077283264763,-0.019624077283264763,-0.019624077283264763,0.019624077283264763,-0.019624077283264763,-0.019624077283264763,0.019624077283264763,-0.019624077283264763,-0.019624077283264763
2017-12-13,-0.024418665363906134,-0.011357661015337769,-0.024418665363906134,-0.024418665363906134,-0.024418665363906134,-0.0005,0.024418665363906134,-0.024418665363906134,-0.024418665363906134,0.024418665363906134,-0.024418665363906134,-0.024418665363906134
2017-12-14,0.0015581949458183253,0.0007247509119223283,0.0015581949458183253,0.0015581949458183253,0.0015581949458183253,0.0,-0.0015581949458183253,0.0015581949458183253,0.0015581949458183253,-0.0015581949458183253,-0.0005,0.0015581949458183253
2017-12-15,0.027295942434307552,0.012695946180632975,0.027295942434307552,0.027295942434307552,0.027295942434307552,0.0,-0.027295942434307552,0.027295942434307552,0.027295942434307552,-0.027295942434307552,0.02679594243430755,0.027295942434307552
2017-12-18,0.033097157880358496,0.015394219715704194,0.033097157880358496,0.033097157880358496,0.03309715788035849,0.032597157880358496,-0.033097157880358496,0.033097157880358496,0.033097157880358496,-0.0005,0.033097157880358496,0.033097157880358496
2017-12-19,-0.00904519376807944,-0.0042071195581288075,-0.00904519376807944,-0.00904519376807944,-0.00904519376807944,-0.00904519376807944,0.00904519376807944,-0.00904519376807944,-0.00904519376807944,0.00854519376807944,-0.00904519376807944,-0.00904519376807944
2017-12-20,0.003518386278657859,0.0016364792292488908,0.003518386278657859,0.003518386278657859,0.003518386278657859,0.003518386278657859,-0.003518386278657859,0.003518386278657859,0.003518386278657859,-0.003518386278657859,0.003518386278657859,0.003518386278657859
2017-12-21,-0.004623382887988359,-0.0021504375772929316,-0.004623382887988359,-0.004623382887988359,-0.004623382887988359,-0.004623382887988359,0.004623382887988359,-0.004623382887988359,-0.004623382887988359,-0.0005,-0.004623382887988359,-0.004623382887988359
2017-12-22,-0.0031653802236782935,-0.0014722883101683632,-0.0031653802236782935,-0.0031653802236782935,-0.0031653802236782935,-0.0031653802236782935,0.0031653802236782935,-0.0031653802236782935,-0.0031653802236782935,0.0,-0.0031653802236782935,-0.0031653802236782935
2017-12-26,0.011112626360869182,0.005168728155938372,0.011112626360869182,0.011112626360869182,0.011112626360869182,-0.0005,-0.011112626360869182,0.011112626360869182,0.011112626360869182,0.0,0.011112626360869182,0.011112626360869182
2017-12-27,-0.001367221999334478,-0.0006359251732122248,-0.0013672219993344779,-0.001367221999334478,-0.001367221999334478,-0.001867221999334478,0.001367221999334478,-0.001367221999334478,-0.001367221999334478,0.0,-0.001367221999334478,-0.001367221999334478
2017-12-28,0.001166457386647668,0.000542545114114367,0.001166457386647668,0.001166457386647668,0.001166457386647668,0.001166457386647668,-0.001166457386647668,0.001166457386647668,0.001166457386647668,0.0,-0.0005,0.001166457386647668
2017-12-29,-0.019756976723369735,-0.009189406585817479,-0.019756976723369735,-0.019756976723369735,-0.019756976723369735,-0.019756976723369735,0.019756976723369735,-0.019756976723369735,-0.019756976723369735,0.0,-0.020256976723369735,-0.019756976723369735
2018-01-02,0.030232473892381595,0.014061791871404397,0.030232473892381595,0.030232473892381595,0.030232473892381595,-0.0005,-0.030232473892381595,0.030232473892381595,0.030232473892381595,0.0,0.030232473892381595,0.030232473892381595
2018-01-03,0.06581418658061655,0.03061163294729969,0.06581418658061655,0.06581418658061655,0.06581418658061655,0.06531418658061655,-0.06581418658061655,0.06581418658061655,0.06581418658061655,0.0,0.06581418658061655,0.06581418658061655
2018-01-04,0.005271065037613543,0.0024516888615667004,0.005271065037613543,0.005271065037613543,0.005271065037613543,0.005271065037613543,-0.005271065037613543,0.005271065037613543,0.005271065037613543,0.0,0.005271065037613543,0.005271065037613543
2018-01-05,0.008474504249547987,0.0039416792484357425,0.008474504249547987,0.008474504249547987,0.008474504249547987,0.008474504249547987,-0.008474504249547987,0.008474504249547987,0.008474504249547987,0.0,-0.0005,0.008474504249547987
2018-01-08,0.03064044452253989,0.014251548029347437,0.03064044452253989,0.03064044452253989,0.03064044452253989,0.03064044452253989,-0.03064044452253989,0.03064044452253989,0.03064044452253989,0.0,-0.03114044452253989,0.03064044452253989
2018-01-09,-0.00027000186235170975,-0.00012558383434966165,-0.00027000186235170975,-0.00027000186235170975,-0.00027000186235170975,-0.00027000186235170975,-0.0012700018623517098,-0.00027000186235170975,-0.00027000186235170975,-0.0007700018623517098,0.00027000186235170975,-0.00027000186235170975
2018-01-10,0.007839564441766145,0.003566604121522804,0.007839564441766145,0.007839564441766145,0.007839564441766145,0.007839564441766145,0.007839564441766145,0.007839564441766143,-0.0005,0.007839564441766145,0.006839564441766145,0.007839564441766145
2018-01-11,0.0017881910840980009,0.0008172374625208966,0.0017881910840980007,0.0017881910840980009,0.0017881910840980009,0.0017881910840980009,0.0017881910840980009,0.0017881910840980007,0.0,0.0017881910840980009,0.0017881910840980009,0.0017881910840980009
2018-01-12,-0.004908683069102415,-0.0022489474881975616,-0.004908683069102415,-0.004908683069102415,-0.004908683069102415,-0.004908683069102415,-0.004908683069102415,-0.004908683069102414,0.0,-0.004908683069102415,-0.004908683069102415,-0.004908683069102415
2018-01-16,-0.012870998938509182,-0.005890556349638107,-0.012870998938509182,-0.012870998938509182,-0.012870998938509182,-0.012870998938509182,-0.012870998938509182,-0.012870998938509182,0.0,-0.012870998938509182,-0.012870998938509182,-0.012870998938509182
2018-01-17,0.020944003630000374,0.009589941243300355,0.020944003630000374,0.020944003630000374,0.020944003630000374,-0.0005,0.020944003630000374,0.020944003630000374,0.0,0.020944003630000374,0.020944003630000374,0.020944003630000374
2018-01-18,-0.0012461037238488126,-0.0005697584218991172,-0.0012461037238488126,-0.0012461037238488126,-0.0012461037238488126,-0.0017461037238488126,-0.0012461037238488126,-0.0012461037238488124,0.0,-0.0012461037238488126,-0.0012461037238488126,-0.0012461037238488126
2018-01-19,0.025262824786114413,0.011539322218940566,0.025262824786114413,0.025262824786114413,0.025262824786114413,0.025262824786114413,0.025262824786114413,0.02526282478611441,0.0,0.025262824786114413,0.025262824786114413,0.025262824786114413
2018-01-22,0.01555773988516962,0.007036843058201488,0.01555773988516962,0.01555773988516962,0.01555773988516962,0.01555773988516962,0.01555773988516962,0.015557739885169617,0.0,0.01555773988516962,0.01555773988516962,0.01555773988516962
2018-01-23,0.022337579059924506,0.01007588521549642,0.022337579059924506,0.022337579059924506,0.022337579059924506,0.022337579059924506,0.022337579059924506,0.022337579059924503,0.0,0.022337579059924506,-0.023337579059924507,0.022337579059924506
2018-01-24,-0.013017806480815408,-0.005840264002421189,-0.013017806480815408,-0.013017806480815408,-0.013017806480815408,-0.013017806480815408,-0.013017806480815408,-0.013017806480815406,0.0,-0.013017806480815408,-0.014017806480815409,-0.013017806480815408
2018-01-25,0.002332598603945968,0.0010407099184902905,0.002332598603945968,0.002332598603945968,0.002332598603945968,0.002332598603945968,0.002332598603945968,0.002332598603945968,0.0,0.002332598603945968,0.002332598603945968,0.002332598603945968
2018-01-26,0.029532667152967873,0.013201426839092164,0.029532667152967873,0.029532667152967873,0.029532667152967873,0.029532667152967873,0.029532667152967873,0.029532667152967873,0.0,0.029532667152967873,0.029532667152967873,0.029532667152967873
2018-01-29,0.014465841342620855,0.006482525569095221,0.014465841342620855,0.014465841342620855,0.014465841342620854,0.014465841342620855,0.014465841342620855,0.014465841342620854,0.0,0.014465841342620855,-0.015465841342620856,0.014465841342620855
2018-01-30,-0.016730958739251123,-0.0074892432875059,-0.016730958739251123,-0.016730958739251123,-0.016730958739251123,-0.016730958739251123,-0.016730958739251123,-0.01673095873925112,0.0,-0.016730958739251123,-0.017730958739251124,-0.016730958739251123
2018-01-31,0.012689514906124355,0.005717113876922966,0.012689514906124355,0.012689514906124355,0.012689514906124353,-0.0005,0.012689514906124355,0.012689514906124355,0.0,0.012689514906124355,0.012689514906124355,0.012689514906124355
2018-02-01,-0.021562072398163767,-0.009709046684299403,-0.021562072398163767,-0.021562072398163767,-0.021562072398163767,-0.022062072398163768,-0.021562072398163767,-0.021562072398163764,0.0,-0.021562072398163767,0.020562072398163767,-0.021562072398163767
2018-02-02,-0.029022896306124313,-0.012960648003116092,-0.029022896306124313,-0.029022896306124313,-0.029022896306124313,-0.0005,-0.029022896306124313,-0.029022896306124313,0.0,-0.029022896306124313,-0.030022896306124314,-0.029022896306124313
2018-02-05,-0.08487503863876444,-0.037245097333185616,-0.08487503863876443,-0.08487503863876444,-0.08487503863876444,0.0,-0.08487503863876444,-0.08487503863876444,0.0,-0.08487503863876444,0.08387503863876444,-0.08487503863876444
2018-02-06,0.05559204738883983,0.021727980825220518,0.05559204738883983,-0.0005,0.05559204738883983,0.0,0.05559204738883983,0.05559204738883983,0.0,0.05559204738883983,0.054592047388839826,0.05559204738883983
2018-02-07,0.014274491514737697,0.005373002198416689,0.014274491514737697,0.0,0.014274491514737695,0.013774491514737697,0.014274491514737697,0.014274491514737695,0.0,0.014274491514737697,0.014274491514737697,0.014274491514737697
2018-02-08,-0.04930067935163329,-0.01854622295594704,-0.049300679351633285,0.0,-0.04930067935163329,-0.04930067935163329,-0.04930067935163329,-0.049300679351633285,0.0,-0.0005,-0.04930067935163329,-0.04930067935163329
2018-02-09,0.06693616888300524,0.02442125638856786,0.06693616888300524,0.06643616888300524,0.06693616888300524,-0.0005,0.06693616888300524,-0.06793616888300524,0.06643616888300524,0.0,0.06693616888300524,0.06693616888300524
2018-02-12,-0.017450937777079623,-0.006085827504182778,-0.017450937777079623,-0.017450937777079623,-0.017450937777079623,-0.017950937777079623,-0.017450937777079623,-0.018450937777079623,-0.017450937777079623,0.0,-0.017450937777079623,-0.017450937777079623
2018-02-13,0.020172877472196094,0.007028162977917229,0.020172877472196094,0.020172877472196094,0.020172877472196094,-0.0005,0.020172877472196094,-0.021172877472196094,0.020172877472196094,0.0,0.020172877472196094,0.020172877472196094
2018-02-14,0.03778523395223088,0.013497826968194064,0.03778523395223088,0.03778523395223088,0.03778523395223088,0.03728523395223088,0.03778523395223088,0.03678523395223088,0.03778523395223088,0.0,0.03778523395223088,0.03778523395223088
2018-02-15,0.021042040327224454,0.0074360050759877125,0.021042040327224454,0.021042040327224454,0.021042040327224454,0.021042040327224454,0.021042040327224454,0.021042040327224454,0.021042040327224454,0.0,0.021042040327224454,0.021042040327224454
2018-02-16,-0.010791040021960185,-0.0038013049905150026,-0.010791040021960185,-0.010791040021960185,-0.010791040021960185,-0.010791040021960185,-0.010791040021960185,-0.010791040021960184,-0.010791040021960185,-0.011291040021960186,0.009791040021960185,-0.010791040021960185
2018-02-20,0.021489649918291498,0.007595029522620531,0.021489649918291494,0.021489649918291498,0.021489649918291498,0.021489649918291498,0.021489649918291498,0.021489649918291498,0.021489649918291498,0.021489649918291498,0.020489649918291497,0.021489649918291498
2018-02-21,-0.030391868108575637,-0.010703866972509623,-0.030391868108575637,-0.030391868108575637,-0.030391868108575637,-0.030391868108575637,-0.030391868108575637,-0.030391868108575637,-0.030391868108575637,-0.030391868108575637,-0.030391868108575637,-0.030391868108575637
2018-02-22,0.003273327918565494,0.0011369663901033018,0.003273327918565494,0.003273327918565494,0.003273327918565494,-0.0005,0.003273327918565494,-0.004273327918565494,0.003273327918565494,0.003273327918565494,0.003273327918565494,0.003273327918565494
2018-02-23,0.015609912304275442,0.005438230518752351,0.015609912304275442,0.015609912304275442,0.015609912304275442,0.0,0.015609912304275442,-0.015609912304275442,0.015609912304275442,0.015609912304275442,-0.016609912304275443,0.015609912304275442
2018-02-26,0.002643184389399922,0.0009193387705105338,0.002643184389399922,0.002643184389399922,0.0026431843893999214,0.002143184389399922,0.002643184389399922,0.0016431843893999218,0.002643184389399922,0.002643184389399922,0.0016431843893999218,0.002643184389399922
2018-02-27,-0.002109098331505077,-0.0007342565602575496,-0.002109098331505077,-0.002109098331505077,-0.002109098331505077,-0.002109098331505077,-0.002109098331505077,-0.002109098331505077,-0.002109098331505077,-0.002109098331505077,0.001109098331505077,-0.002109098331505077
2018-02-28,-0.016500136940360233,-0.005745389265481719,-0.01650013694036023,-0.016500136940360233,-0.016500136940360233,-0.016500136940360233,-0.016500136940360233,0.015500136940360232,-0.016500136940360233,-0.016500136940360233,0.016500136940360233,-0.016500136940360233
2018-03-01,-0.0404543235411251,-0.014067958245028706,-0.0404543235411251,-0.0404543235411251,-0.0404543235411251,-0.0005,-0.0404543235411251,0.0404543235411251,-0.0404543235411251,-0.0404543235411251,0.0404543235411251,-0.0404543235411251
2018-03-02,0.018646883214530563,0.006378975883757545,0.018646883214530563,0.018646883214530563,0.018646883214530563,0.0,0.018646883214530563,-0.018646883214530563,0.018646883214530563,0.018646883214530563,0.017646883214530562,0.018646883214530563
2018-03-05,-0.0037628153560722577,-0.0013663111333576295,-0.0037628153560722577,-0.0037628153560722577,-0.0037628153560722577,-0.004262815356072258,-0.0037628153560722577,-0.004762815356072258,-0.0037628153560722577,-0.0037628153560722577,-0.0037628153560722577,-0.0037628153560722577
2018-03-06,0.027625861337552626,0.009998714836664596,0.027625861337552626,0.027625861337552626,0.027625861337552626,0.027625861337552626,0.027625861337552626,0.027625861337552626,0.027625861337552626,0.027625861337552626,0.027625861337552626,0.027625861337552626
2018-03-07,-0.001321167772687093,-0.00047729954070000814,-0.001321167772687093,-0.001321167772687093,-0.001321167772687093,-0.001321167772687093,-0.001321167772687093,-0.001321167772687093,-0.001321167772687093,-0.0005,-0.001321167772687093,-0.001321167772687093
2018-03-08,-0.0027292215753500493,-0.0010366559669235955,-0.0027292215753500493,-0.0027292215753500493,-0.002729221575350049,-0.0027292215753500493,-0.0027292215753500493,-0.0027292215753500493,-0.0027292215753500493,0.0,-0.0027292215753500493,-0.0027292215753500493
2018-03-09,0.01720703923459399,0.006481132112786401,0.017207039234593987,0.01720703923459399,0.01720703923459399,0.01720703923459399,0.01720703923459399,-0.01820703923459399,0.01720703923459399,0.01670703923459399,0.01720703923459399,0.01720703923459399
2018-03-12,0.018057226843617213,0.006788016242564254,0.018057226843617213,0.018057226843617213,0.018057226843617213,0.018057226843617213,0.018057226843617213,0.017057226843617213,0.018057226843617213,0.018057226843617213,0.018057226843617213,0.018057226843617213
2018-03-13,-0.008207668810186308,-0.0030824100967911175,-0.008207668810186306,-0.008207668810186308,-0.008207668810186308,-0.008207668810186308,-0.008207668810186308,-0.008207668810186308,-0.0005,-0.008207668810186308,-0.008207668810186308,-0.008207668810186308
2018-03-14,0.004157896446727705,0.001558945747710438,0.004157896446727705,0.004157896446727705,0.004157896446727705,0.004157896446727705,0.004157896446727705,0.004157896446727705,0.0,0.004157896446727705,0.004157896446727705,0.004157896446727705
2018-03-15,0.0024122220699815955,0.0009059495929880366,0.0024122220699815955,0.0024122220699815955,0.0024122220699815955,0.0024122220699815955,0.0024122220699815955,0.0024122220699815955,0.0,0.0024122220699815955,0.0024122220699815955,0.0024122220699815955
2018-03-16,0.004571968331050336,0.0017290568696464409,0.004571968331050336,0.004571968331050336,0.004571968331050336,-0.0005,0.004571968331050336,0.004571968331050336,0.0,0.004571968331050336,0.004571968331050336,0.004571968331050336
2018-03-19,-0.03784744204666779,-0.01448791754758493,-0.03784744204666779,-0.03784744204666779,-0.03784744204666779,-0.03834744204666779,-0.03784744204666779,-0.03784744204666779,0.0,-0.03784744204666779,-0.03784744204666779,-0.03784744204666779
2018-03-20,0.035601716576254994,0.01330816358375947,0.035601716576254994,0.035601716576254994,0.035601716576254994,-0.0005,0.035601716576254994,0.035601716576254994,0.0,0.035601716576254994,0.035601716576254994,0.035601716576254994
2018-03-21,-0.00408661268213939,-0.0015205827210637785,-0.00408661268213939,-0.00408661268213939,-0.00408661268213939,-0.0045866126821393904,-0.00408661268213939,-0.00408661268213939,0.0,-0.00408661268213939,-0.00408661268213939,-0.00408661268213939
2018-03-22,-0.026995670136566896,-0.01013671615107394,-0.026995670136566896,-0.026995670136566896,-0.026995670136566896,-0.026995670136566896,-0.026995670136566896,-0.026995670136566896,0.0,-0.026995670136566896,-0.026995670136566896,-0.026995670136566896
2018-03-23,-0.036717258247674134,-0.013651038050204255,-0.036717258247674134,-0.036717258247674134,-0.036717258247674134,-0.0005,-0.036717258247674134,-0.036717258247674134,0.0,-0.036717258247674134,-0.036717258247674134,-0.036717258247674134
2018-03-26,0.049405684608967215,0.01800516931581215,0.049405684608967215,0.049405684608967215,0.049405684608967215,0.0,0.049405684608967215,0.049405684608967215,0.048905684608967215,-0.0005,0.049405684608967215,0.049405684608967215
2018-03-27,-0.07755219287595938,-0.027603047383799997,-0.07755219287595937,-0.07755219287595938,-0.07755219287595937,-0.07805219287595938,-0.07755219287595938,-0.07755219287595938,-0.07755219287595938,-0.07805219287595938,-0.07755219287595938,-0.07755219287595938
2018-03-28,-0.01849071480777842,-0.006151937892595564,-0.018490714807778415,-0.01849071480777842,-0.01849071480777842,-0.0005,-0.01849071480777842,-0.01849071480777842,-0.01849071480777842,-0.0005,-0.01849071480777842,-0.01849071480777842
2018-03-29,0.04626153879284667,0.015305573375646447,0.04626153879284667,0.04626153879284667,0.04626153879284666,0.0,0.04626153879284667,0.04626153879284667,0.04626153879284667,0.0,0.04626153879284667,0.04626153879284667
2018-04-02,-0.04551150622768596,-0.014787306041080648,-0.04551150622768596,-0.04551150622768596,-0.04551150622768596,-0.04601150622768596,-0.04551150622768596,-0.04551150622768596,-0.04551150622768596,0.0,-0.04551150622768596,-0.04551150622768596
2018-04-03,0.01945306554411408,0.006180875032873566,0.01945306554411408,0.01945306554411408,0.01945306554411408,-0.0005,0.01945306554411408,0.01945306554411408,0.01945306554411408,0.0,0.01945306554411408,0.01945306554411408
2018-04-04,0.003949147341630432,0.0012576097609060398,0.003949147341630432,0.003949147341630432,0.003949147341630432,0.0034491473416304323,0.003949147341630432,0.003949147341630432,0.003949147341630432,0.0,0.003949147341630432,0.003949147341630432
2018-04-05,-0.02148166882978131,-0.006891730444753665,-0.02148166882978131,-0.02148166882978131,-0.02148166882978131,-0.02148166882978131,-0.02148166882978131,-0.02148166882978131,-0.02148166882978131,0.0,-0.02148166882978131,-0.02148166882978131
2018-04-06,-0.032206997085056366,-0.010696617047182392,-0.032206997085056366,-0.032206997085056366,-0.032206997085056366,-0.0005,-0.032206997085056366,-0.032206997085056366,-0.032206997085056366,0.0,-0.032206997085056366,-0.032206997085056366
2018-04-09,0.005414447052634719,0.0017767879024626933,0.005414447052634719,0.005414447052634719,0.005414447052634719,0.0,-0.006414447052634719,0.005414447052634719,0.005414447052634719,0.0,0.005414447052634719,0.005414447052634719
2018-04-10,0.05802879261487082,0.019068469574148383,0.05802879261487082,0.05802879261487082,0.05802879261487082,0.0,-0.05802879261487082,0.05802879261487082,0.05802879261487082,0.0,0.05802879261487082,0.05802879261487082
2018-04-11,-0.007327597265987196,-0.0023572737554758776,-0.007327597265987196,-0.007327597265987196,-0.007327597265987196,-0.007827597265987196,0.007327597265987196,-0.007327597265987196,-0.007327597265987196,0.0,-0.007327597265987196,-0.007327597265987196
2018-04-12,0.03695176986564519,0.01186135259581562,0.03695176986564519,0.03695176986564519,0.03695176986564519,0.03695176986564519,0.03595176986564519,0.03695176986564519,-0.0005,0.0,0.03695176986564519,0.03695176986564519
2018-04-13,-0.013213940183706252,-0.004195088208357975,-0.013213940183706252,-0.013213940183706252,-0.013213940183706252,-0.013213940183706252,-0.013213940183706252,0.012213940183706251,0.0,0.0,-0.013213940183706252,-0.013213940183706252
2018-04-16,-4.301569714482145e-05,-1.3918805740503865e-05,-4.301569714482145e-05,-4.301569714482145e-05,-4.301569714482145e-05,-4.301569714482145e-05,-4.301569714482145e-05,-0.0010430156971448215,0.0,0.0,-4.301569714482145e-05,-4.301569714482145e-05
2018-04-17,0.0261349942330642,0.008280717010367688,0.026134994233064198,0.0261349942330642,0.0261349942330642,0.0261349942330642,0.0261349942330642,0.0261349942330642,0.0,0.0,0.0261349942330642,0.0261349942330642
2018-04-18,-0.004925419200904835,-0.0015553939586845304,-0.004925419200904834,-0.004925419200904835,-0.004925419200904835,-0.004925419200904835,-0.004925419200904835,0.003925419200904835,0.0,-0.005425419200904835,-0.004925419200904835,-0.004925419200904835
2018-04-19,-0.03101092980944109,-0.009819691920875895,-0.03101092980944109,-0.03101092980944109,-0.03101092980944109,-0.03101092980944109,-0.03101092980944109,0.03101092980944109,0.0,-0.03101092980944109,-0.03101092980944109,-0.03101092980944109
2018-04-20,-0.001440493974166679,-0.0004533987087422053,-0.001440493974166679,-0.001440493974166679,-0.001440493974166679,-0.0005,-0.001440493974166679,-0.002440493974166679,0.0,-0.001440493974166679,-0.001440493974166679,-0.001440493974166679
2018-04-23,-0.021118710528303164,-0.006662827645559499,-0.02111871052830316,-0.021118710528303164,-0.021118710528303164,0.0,-0.021118710528303164,-0.021118710528303164,0.0,-0.021118710528303164,-0.021118710528303164,-0.021118710528303164
2018-04-24,-0.01197049231878966,-0.003769363295778861,-0.01197049231878966,-0.01197049231878966,-0.01197049231878966,0.0,-0.01197049231878966,-0.01197049231878966,0.0,-0.01197049231878966,-0.01197049231878966,-0.01197049231878966
2018-04-25,-0.020524853233436113,-0.0064857477801189565,-0.020524853233436113,-0.020524853233436113,-0.020524853233436113,0.0,-0.020524853233436113,-0.020524853233436113,0.0,-0.020524853233436113,-0.020524853233436113,-0.020524853233436113
2018-04-26,0.0395090078033038,0.012456381219617505,0.0395090078033038,0.0395090078033038,0.0395090078033038,0.0,0.0395090078033038,0.0395090078033038,0.0,-0.0005,0.0395090078033038,0.0395090078033038
2018-04-27,0.004928617816527536,0.0015298694322276951,0.004928617816527536,0.004928617816527536,0.004928617816527536,0.004428617816527536,0.004928617816527536,-0.005928617816527536,0.0,0.0,0.004928617816527536,0.004928617816527536
2018-04-30,-0.006318018828371463,-0.00198030834601545,-0.006318018828371463,-0.006318018828371463,-0.006318018828371463,-0.006318018828371463,-0.006318018828371463,0.006318018828371463,0.0,0.0,-0.006318018828371463,-0.006318018828371463
2018-05-01,0.00995955681109173,0.003125212627143215,0.00995955681109173,0.00995955681109173,0.00995955681109173,0.00995955681109173,0.00995955681109173,0.008959556811091729,0.0,0.0,0.00995955681109173,0.00995955681109173
2018-05-02,-0.003653875172306864,-0.0011482545770228063,-0.003653875172306864,-0.003653875172306864,-0.003653875172306864,-0.003653875172306864,-0.003653875172306864,0.002653875172306864,0.0,0.0,-0.003653875172306864,-0.003653875172306864
2018-05-03,0.02951693704558256,0.009288301792793103,0.02951693704558256,0.02951693704558256,0.02951693704558256,0.02951693704558256,-0.03051693704558256,-0.02951693704558256,0.0,0.0,0.02951693704558256,0.02951693704558256
2018-05-04,0.02605280436802415,0.008164839918605732,0.02605280436802415,0.02605280436802415,0.02605280436802415,0.02605280436802415,-0.02605280436802415,-0.02605280436802415,0.0,0.0,0.02605280436802415,0.02605280436802415
2018-05-07,0.040240945647974424,0.012635253401501012,0.040240945647974424,0.040240945647974424,0.040240945647974424,0.040240945647974424,-0.040240945647974424,-0.040240945647974424,0.0,0.039740945647974424,0.040240945647974424,0.040240945647974424
2018-05-08,0.006916430806939378,0.0022897338231024213,0.006916430806939377,0.006916430806939378,0.006916430806939378,0.006916430806939378,0.005916430806939378,-0.006916430806939378,0.0,0.006916430806939378,0.006916430806939378,0.006916430806939378
2018-05-09,0.02148553664246089,0.007345426763984967,0.02148553664246089,0.02148553664246089,0.02148553664246089,0.02148553664246089,0.02148553664246089,-0.02148553664246089,0.0,0.02148553664246089,0.02148553664246089,0.02148553664246089
2018-05-10,0.01700697954199315,0.005803798175102701,0.01700697954199315,0.01700697954199315,0.01700697954199315,0.01700697954199315,0.01700697954199315,-0.01700697954199315,0.0,0.01700697954199315,0.01700697954199315,0.01700697954199315
2018-05-11,-0.02152770714394936,-0.0075527131314733235,-0.021527707143949356,-0.02152770714394936,-0.02152770714394936,-0.02152770714394936,-0.02152770714394936,-0.02252770714394936,0.0,-0.02152770714394936,-0.02152770714394936,-0.02152770714394936
2018-05-14,0.003261059282433587,0.001184249527555869,0.003261059282433587,0.003261059282433587,0.003261059282433587,0.003261059282433587,0.003261059282433587,0.003261059282433587,0.0,0.003261059282433587,0.003261059282433587,0.003261059282433587
2018-05-15,-0.03837726126468188,-0.01408851327218427,-0.03837726126468188,-0.03837726126468188,-0.03837726126468188,-0.03837726126468188,-0.03837726126468188,-0.03837726126468188,0.0,-0.03837726126468188,-0.03837726126468188,-0.03837726126468188
2018-05-16,0.0018325754711367992,0.0006598574418048714,0.0018325754711367992,0.0018325754711367992,0.0018325754711367992,-0.0005,0.0018325754711367992,0.0018325754711367992,0.0,0.0018325754711367992,0.0018325754711367992,0.0018325754711367992
2018-05-17,0.006910381630512719,0.002536707977080682,0.006910381630512719,0.006910381630512719,0.006910381630512719,0.0,0.006910381630512719,0.006910381630512719,0.0,0.006910381630512719,-0.0005,0.006910381630512719
2018-05-18,-0.007145529959424524,-0.002639225110317531,-0.007145529959424524,-0.007145529959424524,-0.007145529959424523,0.0,-0.007145529959424524,-0.007145529959424524,0.0,-0.0005,0.0,-0.007145529959424524
2018-05-21,-0.006912112970481443,-0.002554496170510405,-0.006912112970481443,-0.006912112970481443,-0.006912112970481443,0.0,-0.006912112970481443,-0.006912112970481443,0.0,0.0,-0.007412112970481444,-0.006912112970481443
2018-05-22,-0.006305422829565588,-0.0023426472543020094,-0.006305422829565588,-0.006305422829565588,-0.006305422829565588,0.0,-0.006305422829565588,-0.006305422829565588,0.0,0.0,-0.006305422829565588,-0.006305422829565588
2018-05-23,0.020572881319004033,0.007724861573994628,0.020572881319004033,0.020572881319004033,0.020572881319004033,0.0,0.020572881319004033,0.020572881319004033,0.0,0.0,-0.0005,0.020572881319004033
2018-05-24,0.000606091441036849,0.0002255722080446236,0.000606091441036849,0.000606091441036849,0.000606091441036849,0.00010609144103684897,0.000606091441036849,0.000606091441036849,0.0,0.0,0.00010609144103684897,0.000606091441036849
2018-05-25,0.006419322878236322,0.002405372600711577,0.006419322878236322,0.006419322878236322,0.006419322878236321,0.006419322878236322,0.006419322878236322,0.006419322878236322,0.0,0.0,0.006419322878236322,0.006419322878236322
2018-05-29,-0.002768064411405091,-0.001037116784492599,-0.002768064411405091,-0.002768064411405091,-0.002768064411405091,-0.002768064411405091,-0.002768064411405091,-0.002768064411405091,0.0,-0.003268064411405091,-0.002768064411405091,-0.002768064411405091
2018-05-30,0.017700018597052836,0.006630904723791119,0.017700018597052836,0.017700018597052836,0.017700018597052836,0.017700018597052836,0.017700018597052836,0.017700018597052836,0.0,0.017700018597052836,0.017700018597052836,0.017700018597052836
2018-05-31,-0.003162470381619653,-0.0011849364181070173,-0.003162470381619653,-0.003162470381619653,-0.003162470381619653,-0.003162470381619653,-0.003162470381619653,-0.003162470381619653,0.0,-0.003162470381619653,-0.003162470381619653,-0.003162470381619653
2018-06-01,0.021531541411557775,0.008245684176743992,0.021531541411557775,0.021531541411557775,0.021531541411557772,0.021531541411557775,0.021531541411557775,0.021531541411557775,0.0,0.021531541411557775,-0.022531541411557776,0.021531541411557775
2018-06-04,0.02806487760733134,0.010737792932940178,0.02806487760733134,0.02806487760733134,0.02806487760733134,0.02806487760733134,0.02806487760733134,0.02806487760733134,0.0,0.02806487760733134,0.02706487760733134,0.02806487760733134
2018-06-05,0.0008305292200643244,0.00031344528716985477,0.0008305292200643244,0.0008305292200643244,0.0008305292200643242,0.0008305292200643244,0.0008305292200643244,0.0008305292200643244,0.0,0.0008305292200643244,0.0008305292200643244,0.0008305292200643244
2018-06-06,0.0003014491167643296,0.00011370642779324711,0.0003014491167643296,0.0003014491167643296,0.00030144911676432956,0.0003014491167643296,0.0003014491167643296,0.0003014491167643296,0.0,0.0003014491167643296,-0.0005,0.0003014491167643296
2018-06-07,-0.008485530293089294,-0.0032472982920708905,-0.008485530293089294,-0.008485530293089294,-0.008485530293089294,-0.008485530293089294,-0.008485530293089294,-0.008485530293089294,0.0,-0.008485530293089294,0.0,-0.008485530293089294
2018-06-08,-0.0023581370805098034,-0.0009016292743941388,-0.0023581370805098034,-0.0023581370805098034,-0.0023581370805098034,-0.0023581370805098034,-0.0023581370805098034,-0.0023581370805098034,0.0,-0.0023581370805098034,0.0,-0.0023581370805098034
2018-06-11,-0.006329383397474242,-0.0024274439792228747,-0.006329383397474242,-0.006329383397474242,-0.006329383397474242,-0.006329383397474242,-0.006329383397474242,-0.006329383397474242,0.0,-0.006329383397474242,0.0,-0.006329383397474242
2018-06-12,0.0075206754562053835,0.0028918414133491215,0.0075206754562053835,0.0075206754562053835,0.007520675456205383,-0.0005,0.0075206754562053835,0.0075206754562053835,0.0,0.0075206754562053835,0.007020675456205383,0.0075206754562053835
2018-06-13,-0.0006855921638887486,-0.0002639549032327513,-0.0006855921638887486,-0.0006855921638887486,-0.0006855921638887487,-0.0011855921638887486,-0.0006855921638887486,-0.0006855921638887486,0.0,-0.0006855921638887486,-0.00031440783611125147,-0.0006855921638887486
2018-06-14,0.017187505282916682,0.006614743529785006,0.017187505282916682,0.017187505282916682,0.017187505282916682,0.017187505282916682,0.017187505282916682,0.017187505282916682,0.0,0.017187505282916682,0.01618750528291668,0.017187505282916682
2018-06-15,-0.006181726977205648,-0.002371756564926174,-0.006181726977205648,-0.006181726977205648,-0.006181726977205648,-0.006181726977205648,-0.006181726977205648,-0.006181726977205648,0.0,-0.006181726977205648,0.005181726977205648,-0.006181726977205648
2018-06-18,-0.0006410021504400509,-0.0002458351692902926,-0.0006410021504400509,-0.0006410021504400509,-0.0006410021504400509,-0.0006410021504400509,-0.0006410021504400509,-0.0006410021504400509,0.0,-0.0006410021504400509,0.0006410021504400509,-0.0006410021504400509
2018-06-19,-0.018559587702791647,-0.007269143718154368,-0.018559587702791647,-0.018559587702791647,-0.018559587702791643,-0.0005,-0.018559587702791647,-0.018559587702791647,0.0,-0.018559587702791647,0.018559587702791647,-0.018559587702791647
2018-06-20,0.008225031622619339,0.0032525596093601955,0.008225031622619337,0.008225031622619339,0.008225031622619339,0.0,0.008225031622619339,0.008225031622619339,0.0,0.008225031622619339,0.007225031622619339,0.008225031622619339
2018-06-21,-0.019823675664984552,-0.007841618893847331,-0.019823675664984552,-0.019823675664984552,-0.01982367566498455,-0.020323675664984553,-0.019823675664984552,-0.019823675664984552,0.0,-0.019823675664984552,0.01882367566498455,-0.019823675664984552
2018-06-22,-0.02395840998798804,-0.009525742680900461,-0.02395840998798804,-0.02395840998798804,-0.02395840998798804,-0.0005,-0.02395840998798804,-0.02395840998798804,0.0,-0.02395840998798804,-0.02495840998798804,-0.02395840998798804
2018-06-25,-0.04714104577902045,-0.0189636527234838,-0.047141045779020445,-0.04714104577902045,-0.04714104577902045,0.0,-0.04714104577902045,-0.04714104577902045,-0.04764104577902045,-0.0005,-0.04714104577902045,-0.04714104577902045
2018-06-26,0.012002374551645989,0.004833354302086718,0.012002374551645989,0.012002374551645989,0.012002374551645989,0.0,0.012002374551645989,0.012002374551645989,0.012002374551645989,0.0,-0.01300237455164599,0.012002374551645989
2018-06-27,-0.025910148429054813,-0.011510879525244646,-0.025910148429054813,-0.025910148429054813,-0.025910148429054813,0.0,-0.025910148429054813,-0.025910148429054813,-0.025910148429054813,0.0,-0.026910148429054814,-0.025910148429054813
2018-06-28,0.021805547509851975,0.009609519301627109,0.021805547509851975,0.021805547509851975,0.021805547509851975,0.0,0.021805547509851975,0.021805547509851975,0.021805547509851975,0.0,0.021805547509851975,0.021805547509851975
2018-06-29,-0.01644100564782469,-0.0074672932587029886,-0.01644100564782469,-0.01644100564782469,-0.01644100564782469,-0.016941005647824692,-0.01644100564782469,-0.01644100564782469,-0.01644100564782469,0.0,-0.01644100564782469,-0.01644100564782469
2018-07-02,0.022540942065828018,0.010594696198299882,0.022540942065828018,0.022540942065828018,0.022540942065828018,-0.0005,0.022540942065828018,-0.02354094206582802,0.022540942065828018,0.0,0.022540942065828018,0.022540942065828018
2018-07-03,-0.02229198039665614,-0.01046109677390611,-0.02229198039665614,-0.02229198039665614,-0.02229198039665614,-0.022791980396656142,-0.02229198039665614,-0.023291980396656142,-0.02229198039665614,0.0,-0.02229198039665614,-0.02229198039665614
2018-07-05,0.024869231565402883,0.011543708575095355,0.024869231565402883,0.024869231565402883,0.024869231565402883,-0.0005,0.024869231565402883,-0.025869231565402884,0.024869231565402883,0.0,0.024869231565402883,0.024869231565402883
2018-07-06,0.018951070315737173,0.008792249520262033,0.018951070315737173,0.018951070315737173,0.018951070315737173,0.018451070315737172,0.018951070315737173,0.017951070315737172,0.018951070315737173,0.0,0.018951070315737173,0.018951070315737173
2018-07-09,0.007762669596633076,0.0036614579648398737,0.007762669596633076,0.007762669596633076,0.007762669596633076,0.007762669596633076,0.007762669596633076,0.007762669596633076,0.007762669596633076,0.0,0.007762669596633076,0.007762669596633076
2018-07-10,0.01604838433233713,0.007575139292011466,0.01604838433233713,0.01604838433233713,0.01604838433233713,0.01604838433233713,0.01604838433233713,0.01604838433233713,0.01604838433233713,0.0,-0.01704838433233713,0.01604838433233713
2018-07-11,-0.02258666599242265,-0.011365969016015205,-0.02258666599242265,-0.02258666599242265,-0.02258666599242265,-0.02258666599242265,-0.02258666599242265,-0.02258666599242265,-0.0005,0.0,-0.02358666599242265,-0.02258666599242265
2018-07-12,0.014947901602720748,0.007423244260426892,0.014947901602720748,0.014947901602720748,0.014947901602720748,-0.0005,0.014947901602720748,0.014947901602720746,0.0,0.014447901602720747,0.014947901602720748,0.014947901602720748
2018-07-13,-0.007602322121415428,-0.003877248970271781,-0.007602322121415428,-0.007602322121415428,-0.007602322121415428,-0.008102322121415428,-0.007602322121415428,-0.007602322121415428,0.0,-0.007602322121415428,-0.007602322121415428,-0.007602322121415428
2018-07-16,-0.004492537784505424,-0.0022954377061616773,-0.004492537784505424,-0.004492537784505424,-0.004492537784505423,-0.004492537784505424,-0.004492537784505424,-0.004492537784505423,0.0,-0.004492537784505424,-0.004492537784505424,-0.004492537784505424
2018-07-17,0.022119421548837392,0.011289234211107948,0.022119421548837392,0.022119421548837392,0.022119421548837392,-0.0005,0.022119421548837392,0.02211942154883739,0.0,0.022119421548837392,0.022119421548837392,0.022119421548837392
2018-07-18,-0.007844334275789788,-0.00402215997370404,-0.007844334275789787,-0.007844334275789788,-0.007844334275789788,-0.008344334275789789,-0.007844334275789788,-0.007844334275789788,0.0,-0.007844334275789788,-0.007844334275789788,-0.007844334275789788
2018-07-19,0.0013111486561818708,0.0006711281976748689,0.0013111486561818708,0.0013111486561818708,0.0013111486561818708,0.0013111486561818708,0.0013111486561818708,0.0013111486561818708,0.0,0.0013111486561818708,0.0013111486561818708,0.0013111486561818708
2018-07-20,-0.004523359479625011,-0.002382891099651255,-0.004523359479625011,-0.004523359479625011,-0.004523359479625011,-0.004523359479625011,-0.004523359479625011,-0.004523359479625011,0.0,-0.004523359479625011,-0.004523359479625011,-0.004523359479625011
2018-07-23,-0.005898961677889281,-0.0030968826949768842,-0.005898961677889281,-0.005898961677889281,-0.005898961677889281,-0.005898961677889281,-0.005898961677889281,-0.00589896167788928,0.0,-0.005898961677889281,-0.005898961677889281,-0.005898961677889281
2018-07-24,-0.002806369331690317,-0.0014936561628698319,-0.002806369331690317,-0.002806369331690317,-0.002806369331690317,-0.0005,-0.002806369331690317,-0.0028063693316903167,0.0,-0.002806369331690317,-0.002806369331690317,-0.002806369331690317
2018-07-25,0.012705496331860022,0.006776826738671546,0.012705496331860022,0.012705496331860022,0.012705496331860022,0.0,0.012705496331860022,0.012705496331860022,0.0,-0.0005,0.012705496331860022,0.012705496331860022
2018-07-26,0.011791681668854803,0.006355336918202052,0.011791681668854803,0.011791681668854803,0.011791681668854803,0.011291681668854803,0.011791681668854803,0.011791681668854801,0.0,0.0,0.011791681668854803,0.011791681668854803
2018-07-27,-0.011065755779298247,-0.00618988929779417,-0.011065755779298247,-0.011065755779298247,-0.011065755779298247,-0.011065755779298247,-0.011065755779298247,-0.011065755779298247,0.0,-0.011565755779298248,-0.011065755779298247,-0.011065755779298247
2018-07-30,-0.031307076109846954,-0.01740718975553472,-0.031307076109846954,-0.031307076109846954,-0.031307076109846954,-0.031307076109846954,-0.031307076109846954,-0.031307076109846954,0.0,-0.031307076109846954,-0.031307076109846954,-0.031307076109846954
2018-07-31,0.0029903871047101127,0.0016094054938475544,0.0029903871047101127,0.0029903871047101127,-0.003990387104710113,-0.0005,0.0029903871047101127,0.0029903871047101127,0.0,-0.0005,0.0029903871047101127,0.0029903871047101127
2018-08-01,0.006575037542105644,0.003561531114311572,0.006575037542105644,0.006575037542105644,0.005575037542105644,0.0,0.006575037542105644,0.006575037542105644,0.0,0.0,0.006575037542105644,0.006575037542105644
2018-08-02,0.01683780387222389,0.009121772220527295,0.01683780387222389,0.01683780387222389,0.01683780387222389,0.0,0.01683780387222389,0.01683780387222389,0.0,0.0,0.01683780387222389,0.01683780387222389
2018-08-03,0.005905392740900517,0.003243012140718397,0.005905392740900517,0.005905392740900517,0.005905392740900517,0.0054053927409005165,0.005905392740900517,0.005905392740900517,0.0,0.0,0.005905392740900517,0.005905392740900517
2018-08-06,0.007655573186436504,0.004275191010889257,0.007655573186436504,0.007655573186436504,0.007655573186436504,0.007655573186436504,0.007655573186436504,0.007655573186436504,0.0,0.0071555731864365035,0.007655573186436504,0.007655573186436504
2018-08-07,0.011494778227462588,0.006706649569040804,0.011494778227462588,0.011494778227462588,0.011494778227462588,0.011494778227462588,0.011494778227462588,0.011494778227462588,0.0,0.011494778227462588,0.011494778227462588,0.011494778227462588
2018-08-08,0.00572073104660209,0.00333522126525939,0.00572073104660209,0.00572073104660209,0.00572073104660209,0.00572073104660209,0.00572073104660209,0.00572073104660209,0.0,0.00572073104660209,0.00572073104660209,0.00572073104660209
2018-08-09,-0.007584403185565747,-0.004484041157855005,-0.007584403185565747,-0.007584403185565747,-0.007584403185565747,-0.007584403185565747,-0.007584403185565747,-0.007584403185565747,0.0,-0.007584403185565747,-0.007584403185565747,-0.007584403185565747
2018-08-10,-0.006511676037442848,-0.0038764671044588268,-0.006511676037442848,-0.006511676037442848,-0.006511676037442848,-0.006511676037442848,-0.006511676037442848,0.005511676037442848,0.0,-0.006511676037442848,-0.006511676037442848,-0.006511676037442848
2018-08-13,0.005220048984891257,0.0031445076540318802,0.005220048984891257,0.005220048984891257,0.005220048984891257,-0.0005,0.005220048984891257,-0.005220048984891257,0.0,0.005220048984891257,0.005220048984891257,0.005220048984891257
2018-08-14,0.020732231871468,0.012498449336938871,0.020732231871468,0.020732231871468,0.020732231871468,0.020232231871468,0.020732231871468,-0.020732231871468,0.0,0.020732231871468,-0.0005,0.020732231871468
2018-08-15,-0.008988866665648576,-0.005641602759581087,-0.008988866665648576,-0.008988866665648576,-0.008988866665648576,-0.008988866665648576,-0.008988866665648576,0.008988866665648576,0.0,-0.008988866665648576,-0.009488866665648577,-0.008988866665648576
2018-08-16,-0.006330214554624902,-0.003951878468447995,-0.006330214554624902,-0.006330214554624902,-0.006330214554624902,-0.006330214554624902,-0.006330214554624902,0.006330214554624902,0.0,-0.006330214554624902,-0.006330214554624902,-0.006330214554624902
2018-08-17,-0.04902104449789568,-0.03057922986933212,-0.04902104449789568,-0.04902104449789568,-0.04902104449789568,-0.0005,-0.04902104449789568,0.04902104449789568,0.0,-0.04902104449789568,-0.04902104449789568,-0.04902104449789568
2018-08-20,0.012335598163147221,0.007097661969230298,0.01233559816314722,0.012335598163147221,0.012335598163147221,0.0,0.012335598163147221,-0.012335598163147221,0.01183559816314722,0.012335598163147221,0.012335598163147221,0.012335598163147221
2018-08-21,0.022110926531952346,0.012726419008629922,0.022110926531952346,0.022110926531952346,0.022110926531952346,0.0,0.022110926531952346,-0.022110926531952346,0.022110926531952346,0.022110926531952346,-0.0005,0.022110926531952346
2018-08-22,0.03750210135473431,0.021319864866845204,0.0375021013547343,0.03750210135473431,0.03750210135473431,0.03700210135473431,0.03750210135473431,-0.03750210135473431,0.03750210135473431,-0.0005,0.03700210135473431,0.03750210135473431
2018-08-23,0.015295497870359887,0.008457503514551245,0.015295497870359887,0.015295497870359887,0.015295497870359887,0.015295497870359887,0.015295497870359887,-0.015295497870359887,0.015295497870359887,0.0,0.015295497870359887,0.015295497870359887
2018-08-24,0.020162146589085772,0.011096340679493846,0.02016214658908577,0.020162146589085772,0.020162146589085772,0.020162146589085772,0.020162146589085772,-0.020162146589085772,-0.0005,0.01966214658908577,0.020162146589085772,0.020162146589085772
2018-08-27,0.013518598434655082,0.007373152382490041,0.013518598434655082,0.013518598434655082,0.013518598434655082,0.013518598434655082,0.013518598434655082,-0.013518598434655082,0.0,0.013518598434655082,-0.0005,0.013518598434655082
2018-08-28,-0.005509348773192646,-0.002997018911005572,-0.005509348773192646,-0.005509348773192646,-0.005509348773192646,-0.005509348773192646,-0.005509348773192646,0.005509348773192646,0.0,-0.005509348773192646,0.0,-0.005509348773192646
2018-08-29,0.015534368076876026,0.008493768533486518,0.015534368076876026,0.015534368076876026,0.015534368076876026,0.015534368076876026,0.015534368076876026,-0.015534368076876026,0.0,0.015534368076876026,0.015034368076876026,0.015534368076876026
2018-08-30,-0.002441767070496925,-0.0013304302032853322,-0.002441767070496925,-0.002441767070496925,-0.002441767070496925,-0.002441767070496925,-0.002441767070496925,0.002441767070496925,0.0,-0.002441767070496925,-0.002441767070496925,-0.002441767070496925
2018-08-31,0.010330871110814543,0.0056793848638074925,0.010330871110814543,0.010330871110814543,0.010330871110814543,0.010330871110814543,0.010330871110814543,-0.010330871110814543,0.0,0.010330871110814543,0.010330871110814543,0.010330871110814543
2018-09-04,0.01075947315474779,0.006018973965940773,0.01075947315474779,0.01075947315474779,0.01075947315474779,0.01075947315474779,0.01075947315474779,-0.01075947315474779,0.0,0.01075947315474779,0.01075947315474779,0.01075947315474779
2018-09-05,-0.018611113602458706,-0.010393414060502594,-0.018611113602458703,-0.018611113602458706,-0.018611113602458706,-0.018611113602458706,-0.018611113602458706,0.018611113602458706,0.0,-0.018611113602458706,-0.0005,-0.018611113602458706
2018-09-06,-0.020472741978107667,-0.011312597337372972,-0.020472741978107667,-0.020472741978107667,-0.020472741978107667,-0.0005,-0.020472741978107667,0.020472741978107667,0.0,-0.020472741978107667,0.019972741978107666,-0.020472741978107667
2018-09-07,-0.0031535219382030633,-0.001727464129451407,-0.0031535219382030633,-0.0031535219382030633,-0.0031535219382030633,0.0,-0.0031535219382030633,0.0031535219382030633,0.0,-0.0031535219382030633,-0.0005,-0.0031535219382030633
2018-09-10,0.01055697661020849,0.00577287022809239,0.01055697661020849,0.01055697661020849,0.01055697661020849,0.0,0.01055697661020849,-0.01055697661020849,0.0,0.01055697661020849,0.01005697661020849,0.01055697661020849
2018-09-11,-0.0070252698097649224,-0.003837581750247136,-0.0070252698097649224,-0.0070252698097649224,-0.0070252698097649224,-0.007525269809764923,-0.0070252698097649224,-0.008025269809764923,0.0,-0.0070252698097649224,-0.0070252698097649224,-0.0070252698097649224
2018-09-12,-0.016861904540501182,-0.00920571503276013,-0.016861904540501182,-0.016861904540501182,-0.016861904540501182,-0.0005,-0.016861904540501182,-0.016861904540501182,0.0,-0.016861904540501182,-0.016861904540501182,-0.016861904540501182
2018-09-13,0.011707688917516501,0.006337737989563473,0.011707688917516501,0.011707688917516501,0.011707688917516501,0.0,0.011707688917516501,0.011707688917516501,0.0,0.011707688917516501,-0.012707688917516502,0.011707688917516501
2018-09-14,0.01875877221741562,0.01019863415822657,0.01875877221741562,0.01875877221741562,0.01875877221741562,0.01825877221741562,0.01875877221741562,0.01875877221741562,0.0,0.01875877221741562,0.01775877221741562,0.01875877221741562
2018-09-17,-0.009044063240104538,-0.004882845414600838,-0.009044063240104538,-0.009044063240104538,-0.009044063240104538,-0.009044063240104538,-0.009044063240104538,-0.009044063240104538,0.0,-0.009044063240104538,0.008044063240104538,-0.009044063240104538
2018-09-18,-0.010622865306087359,-0.005719393370255249,-0.010622865306087359,-0.010622865306087359,-0.010622865306087359,-0.010622865306087359,-0.010622865306087359,-0.010622865306087359,0.0,-0.010622865306087359,-0.01162286530608736,-0.010622865306087359
2018-09-19,0.003542084020813352,0.0019173875355167442,0.0035420840208133515,0.003542084020813352,0.003542084020813352,-0.0005,0.003542084020813352,0.003542084020813352,0.0,0.003542084020813352,-0.004542084020813352,0.003542084020813352
2018-09-20,-0.020957712275816665,-0.011369785125005498,-0.020957712275816665,-0.020957712275816665,-0.020957712275816665,0.0,-0.020957712275816665,-0.020957712275816665,0.0,-0.020957712275816665,-0.021957712275816665,-0.020957712275816665
2018-09-21,-0.010627847404114266,-0.0057585659936700995,-0.010627847404114266,-0.010627847404114266,-0.010627847404114266,0.0,-0.010627847404114266,-0.010627847404114266,0.0,-0.0005,0.009627847404114265,-0.010627847404114266
2018-09-24,0.00854081111364935,0.004684336897862506,0.00854081111364935,0.00854081111364935,0.00854081111364935,0.0,0.00854081111364935,0.00854081111364935,0.0,0.0,-0.00854081111364935,0.00854081111364935
2018-09-25,0.010199209014283062,0.005966591971516489,0.01019920901428306,0.010199209014283062,0.010199209014283062,0.0,0.010199209014283062,0.010199209014283062,0.0,0.0,-0.010199209014283062,0.010199209014283062
2018-09-26,-0.005551263329301559,-0.0032615696087222525,-0.005551263329301559,-0.005551263329301559,-0.005551263329301559,-0.006051263329301559,-0.005551263329301559,-0.005551263329301559,0.0,0.0,0.005551263329301559,-0.005551263329301559
2018-09-27,0.001798354890193643,0.0010742104645648028,0.001798354890193643,0.001798354890193643,0.001798354890193643,0.001798354890193643,0.001798354890193643,0.001798354890193643,0.0,0.0,0.000798354890193643,0.001798354890193643
2018-09-28,0.05093496958838384,0.031016035686158856,0.05093496958838384,0.05093496958838384,0.05093496958838384,0.05093496958838384,0.05093496958838384,0.05093496958838384,0.0,0.0,0.05093496958838384,0.05093496958838384
2018-10-01,0.029677803834285088,0.016948500848726615,0.029677803834285088,0.029677803834285088,0.029677803834285088,0.029677803834285088,0.029677803834285088,0.029677803834285088,0.0,0.0,0.029677803834285088,0.029677803834285088
2018-10-02,-0.009953213700247932,-0.005638306749537554,-0.009953213700247932,-0.009953213700247932,-0.009953213700247932,-0.009953213700247932,-0.009953213700247932,-0.009953213700247932,0.0,-0.010453213700247932,0.00895321370024793,-0.009953213700247932
2018-10-03,0.0008729077767180016,0.0004972006766976595,0.0008729077767180016,0.0008729077767180016,0.0008729077767180016,0.0008729077767180016,0.0008729077767180016,0.0008729077767180016,0.0,0.0008729077767180016,-0.00012709222328199845,0.0008729077767180016
2018-10-04,-0.025947853398987974,-0.015116854931474497,-0.025947853398987974,-0.025947853398987974,-0.025947853398987974,-0.025947853398987974,-0.025947853398987974,-0.025947853398987974,0.0,-0.025947853398987974,-0.025947853398987974,-0.025947853398987974
2018-10-05,-0.03376415728921034,-0.019356668574113747,-0.03376415728921034,-0.03376415728921034,-0.03376415728921034,-0.0005,-0.03376415728921034,-0.03376415728921034,0.0,-0.03376415728921034,-0.03376415728921034,-0.03376415728921034
2018-10-08,-0.01515605098794448,-0.00839720704892169,-0.01515605098794448,-0.01515605098794448,-0.01515605098794448,0.0,-0.01515605098794448,-0.01515605098794448,0.0,-0.01515605098794448,0.01415605098794448,-0.01515605098794448
2018-10-09,-0.0008654250925697049,-0.0004786736090146115,-0.0008654250925697049,-0.0008654250925697049,-0.0008654250925697049,0.0,-0.0008654250925697049,-0.0008654250925697049,0.0,-0.0008654250925697049,0.0008654250925697049,-0.0008654250925697049
2018-10-10,-0.07475344655066174,-0.04197122393113836,-0.07475344655066174,-0.07475344655066174,-0.07475344655066174,0.0,-0.07475344655066174,-0.07475344655066174,0.0,-0.0005,-0.07575344655066174,-0.07475344655066174
2018-10-11,-0.0005,-0.02110910361520629,-0.0005,0.041980853610361746,-0.04298085361036174,0.0,-0.04298085361036175,0.04198085361036174,-0.04348085361036175,0.0,-0.04298085361036175,-0.04298085361036175
2018-10-12,0.0,0.022924211474107788,0.0,-0.04852638014901234,0.04852638014901234,0.0,0.04852638014901234,-0.04852638014901234,0.04852638014901234,0.0,0.04852638014901234,0.04852638014901234
2018-10-15,-0.04576654471051761,-0.020449522842296036,-0.04576654471051761,-0.04626654471051761,-0.04526654471051761,-0.04576654471051761,-0.04526654471051761,-0.04626654471051761,-0.04526654471051761,0.0,0.04426654471051761,-0.04526654471051761
2018-10-16,-0.0005,0.019506951145632563,-0.0005,-0.045396268871780054,0.044396268871780054,-0.0005,0.044396268871780054,-0.045396268871780054,0.044396268871780054,0.0,0.04339626887178005,0.044396268871780054
2018-10-17,0.0,-0.004798123183619352,0.0,0.011268085829783336,-0.011268085829783336,-0.011768085829783337,-0.011268085829783336,0.011268085829783336,-0.011268085829783336,0.010768085829783336,-0.0005,-0.011268085829783336
2018-10-18,0.0,-0.006163323969688813,0.0,0.014523161344235702,-0.014523161344235702,-0.0005,-0.014523161344235702,0.014523161344235702,-0.014523161344235702,0.014523161344235702,0.0,-0.014523161344235702
2018-10-19,0.0,-0.01830005700147482,0.0,0.04325118419337237,-0.043251184193372365,0.0,-0.04325118419337237,0.04325118419337237,-0.04325118419337237,0.04325118419337237,-0.04375118419337237,-0.04325118419337237
2018-10-22,0.0,0.0036746329285649052,0.0,-0.008945444396808222,0.008945444396808222,0.0,0.008945444396808222,-0.008945444396808222,0.008945444396808222,-0.008945444396808222,0.008945444396808222,0.008945444396808222
2018-10-23,0.0,-0.018052898333682177,0.0,0.0439410048267278,-0.0439410048267278,0.0,-0.0439410048267278,0.0439410048267278,-0.0439410048267278,0.0439410048267278,-0.0439410048267278,-0.0439410048267278
2018-10-24,0.0,-0.03928388089011618,0.0,0.09793733122067327,-0.09793733122067327,0.0,0.09693733122067327,0.09793733122067327,-0.09793733122067327,0.09793733122067327,-0.09793733122067327,-0.09793733122067327
2018-10-25,0.0,0.015096490534720173,0.0,-0.04227490345206175,0.04227490345206175,0.0,-0.04227490345206175,-0.04227490345206175,0.04227490345206175,-0.04227490345206175,0.04227490345206175,0.04227490345206175
2018-10-26,0.0,-0.016069823255664657,0.0,0.04594874009350047,-0.04594874009350047,0.0,0.04594874009350047,0.04594874009350047,-0.04594874009350047,0.04594874009350047,-0.04594874009350047,-0.04594874009350047
2018-10-29,0.0,-0.022088835406994793,0.0,0.0638966920685724,-0.0638966920685724,0.0,0.0638966920685724,0.0638966920685724,-0.0638966920685724,0.0638966920685724,-0.0638966920685724,-0.0638966920685724
2018-10-30,0.0,0.031166292497484746,0.0,-0.09363235010521342,-0.09463235010521343,0.0,-0.09363235010521342,-0.09363235010521342,0.09363235010521342,-0.09363235010521342,0.09363235010521342,0.09363235010521342
2018-10-31,0.0,0.011777426538933513,0.0,-0.038571655518259584,-0.038571655518259584,0.038071655518259584,-0.038571655518259584,-0.038571655518259584,0.038571655518259584,-0.038571655518259584,0.038571655518259584,0.038571655518259584
2018-11-01,0.0,0.010439116472228754,0.0,-0.03452999336308049,0.03352999336308049,0.03452999336308049,-0.03452999336308049,-0.03452999336308049,0.03452999336308049,-0.03452999336308049,0.03452999336308049,0.03452999336308049
2018-11-02,0.0,-0.004378160586934675,0.0,0.014625759436526886,-0.014625759436526886,-0.014625759436526886,0.014625759436526886,0.014625759436526886,-0.014625759436526886,-0.0005,-0.014625759436526886,-0.014625759436526886
2018-11-05,0.0,-0.004383580922101237,0.0,0.014656829673999061,-0.014656829673999061,-0.014656829673999061,0.014656829673999061,0.014656829673999061,-0.014656829673999061,0.0,-0.014656829673999061,-0.014656829673999061
2018-11-06,0.0,-0.0010029788740546994,0.0,0.0033523386268892175,-0.0033523386268892175,-0.0005,0.0033523386268892175,0.0033523386268892175,-0.0033523386268892175,0.0,-0.0033523386268892175,-0.0033523386268892175
2018-11-07,0.0,0.003871827410180463,0.0,-0.012934787304279771,0.012934787304279771,0.0,-0.012934787304279771,-0.012934787304279771,0.012934787304279771,0.0,0.012934787304279771,0.012934787304279771
2018-11-08,0.0,-0.01090264647191755,0.0,0.03648436969580082,0.03548436969580082,-0.03698436969580082,0.03648436969580082,-0.03748436969580082,-0.03648436969580082,0.0,-0.0005,-0.03648436969580082
2018-11-09,0.0,-0.00046144178532520107,0.0,0.0015536837361326272,0.0015536837361326272,-0.0005,0.0015536837361326272,0.0005536837361326272,-0.0015536837361326272,0.0,0.0010536837361326272,-0.0015536837361326272
2018-11-12,0.0,-0.023236529332995276,0.0,0.07842646214066062,0.07842646214066062,0.0,0.07842646214066062,0.07842646214066062,-0.07842646214066062,0.0,-0.0005,-0.07842646214066062
2018-11-13,0.0,0.014697361210967187,0.0,-0.05154557186113107,-0.05154557186113107,0.0,-0.05154557186113107,-0.05154557186113107,0.05154557186113107,-0.05204557186113107,-0.05204557186113107,0.05154557186113107
2018-11-14,0.0,-0.002970859297389473,0.0,0.010636314188689933,0.010636314188689933,-0.011136314188689933,0.010636314188689933,-0.011636314188689934,-0.010636314188689933,0.010636314188689933,0.010636314188689933,-0.010636314188689933
2018-11-15,0.0,0.007355637543275344,0.0,-0.02637028509938122,-0.02637028509938122,-0.0005,-0.02637028509938122,-0.02737028509938122,0.02637028509938122,-0.02637028509938122,-0.02637028509938122,0.02637028509938122
2018-11-16,0.0,-0.052783659812971895,0.0,0.18755876494934598,0.18755876494934598,-0.18805876494934598,0.18755876494934598,-0.18855876494934598,-0.18755876494934598,0.18755876494934598,0.18755876494934598,-0.18755876494934598
2018-11-19,0.0,-0.027800103004131264,0.0,0.11998998615623024,0.11998998615623023,-0.0005,0.11998998615623024,0.11898998615623024,-0.11998998615623024,0.11998998615623024,-0.12098998615623024,-0.11998998615623024
2018-11-20,0.0,0.006626215582203488,0.0,-0.030269413660827693,-0.030269413660827693,0.0,-0.030269413660827693,-0.030269413660827693,0.030269413660827693,-0.030269413660827693,0.030269413660827693,0.030269413660827693
2018-11-21,0.0,-0.006440080577049324,0.0,0.029313181987478343,0.029313181987478343,0.0,0.029313181987478343,0.029313181987478343,-0.029313181987478343,0.029313181987478343,-0.029313181987478343,-0.029313181987478343
2018-11-23,0.0,0.00044046223237211203,0.0,-0.002004150431633933,-0.002004150431633933,0.0,-0.002004150431633933,-0.002004150431633933,0.002004150431633933,-0.002004150431633933,0.002004150431633933,0.002004150431633933
2018-11-26,0.0,0.012241205603502085,0.0,-0.05551701416730026,-0.05551701416730026,0.0,-0.05551701416730026,-0.05551701416730026,0.05551701416730026,-0.05551701416730026,-0.05651701416730026,0.05551701416730026
2018-11-27,0.0,0.0009627555284608517,0.0,-0.004443106604016256,-0.004443106604016256,0.0039431066040162555,-0.004443106604016256,0.003443106604016256,0.004443106604016256,-0.004443106604016256,-0.004443106604016256,0.004443106604016256
2018-11-28,0.0,0.008946381262999403,0.0,-0.041241275193242055,-0.041241275193242055,0.041241275193242055,-0.041241275193242055,0.041241275193242055,0.041241275193242055,-0.041241275193242055,-0.041241275193242055,0.041241275193242055
2018-11-29,0.0,-0.003432981756751279,0.0,0.01594657568088953,0.015946575680889526,-0.01594657568088953,0.01594657568088953,-0.01594657568088953,-0.01594657568088953,0.01594657568088953,0.01594657568088953,-0.01594657568088953
2018-11-30,0.0,0.0083009230556975,0.0,-0.038574142504492315,-0.038574142504492315,0.038574142504492315,-0.038574142504492315,-0.039574142504492316,0.038574142504492315,-0.038574142504492315,-0.038574142504492315,0.038574142504492315
2018-12-03,0.0,0.008637349739267412,0.0,-0.04044539755856147,-0.04044539755856147,0.04044539755856147,-0.04044539755856147,0.03944539755856147,0.04044539755856147,-0.0005,-0.04044539755856147,0.04044539755856147
2018-12-04,0.0,-0.016112297391576172,0.0,0.07604111504666111,0.07604111504666111,-0.07604111504666111,0.07604111504666111,-0.07604111504666111,-0.07604111504666111,0.0,0.07604111504666111,-0.07604111504666111
2018-12-06,0.0,0.001560703343903914,0.0,-0.007510597706348099,-0.007510597706348099,-0.0005,-0.007510597706348099,-0.0085105977063481,0.007510597706348099,0.0,-0.007510597706348099,0.007510597706348099
2018-12-07,0.0,-0.014033809346894533,0.0,0.06747092810711008,0.06747092810711008,0.0,0.06747092810711008,0.06747092810711008,-0.06747092810711008,0.0,-0.0005,-0.06747092810711008
2018-12-10,0.0,0.005906764389904077,0.0,-0.028791910743485083,-0.028791910743485083,0.0,-0.028791910743485083,-0.028791910743485083,0.028791910743485083,-0.029291910743485083,-0.029291910743485083,0.028791910743485083
2018-12-11,0.0,-0.004892159923686752,0.0,0.024166824753207417,0.024166824753207417,0.023666824753207416,0.024166824753207417,0.024166824753207417,0.023166824753207416,0.024166824753207417,0.024166824753207417,-0.024166824753207417
2018-12-12,0.0,0.0009718957884676082,0.0,-0.004791175815880511,-0.004791175815880511,-0.004791175815880511,-0.004791175815880511,-0.004791175815880511,-0.004791175815880511,-0.004791175815880511,-0.004791175815880511,0.004791175815880511
2018-12-13,0.0,-1.3753864958774095e-05,0.0,6.725065236368177e-05,6.725065236368177e-05,6.725065236368177e-05,6.725065236368177e-05,6.725065236368177e-05,6.725065236368177e-05,6.725065236368177e-05,6.725065236368177e-05,-6.725065236368177e-05
2018-12-14,0.0,-0.0034221026584834303,0.0,0.016387822829691645,0.016387822829691645,0.016387822829691645,0.016387822829691645,0.016387822829691645,0.016387822829691645,0.016387822829691645,0.016387822829691645,-0.016387822829691645
2018-12-17,0.0,-0.004205531096656309,0.0,0.01959720004120946,0.019597200041209458,0.01959720004120946,0.01959720004120946,0.01959720004120946,0.01959720004120946,0.01959720004120946,0.01959720004120946,-0.01959720004120946
2018-12-18,0.0,0.005017031386354159,0.0,-0.023401546378133187,-0.023401546378133187,-0.023401546378133187,-0.023401546378133187,-0.023401546378133187,-0.023401546378133187,-0.023401546378133187,-0.023401546378133187,0.023401546378133187
2018-12-19,0.0,-0.012320032762750174,0.0,0.05737040306088015,0.05737040306088015,-0.05837040306088015,0.05737040306088015,0.05737040306088015,0.05737040306088015,0.05737040306088015,0.05737040306088015,-0.05737040306088015
2018-12-20,0.0,-0.007003519711091913,0.0,0.024619125362988492,0.024619125362988492,0.02361912536298849,0.024619125362988492,0.024619125362988492,0.024619125362988492,0.024619125362988492,0.024619125362988492,-0.024619125362988492
2018-12-21,0.0,-0.014132821024062943,0.0,0.04093267295190717,0.04093267295190717,0.04093267295190717,0.04093267295190717,0.04093267295190717,0.04093267295190717,0.04093267295190717,0.04093267295190717,-0.04093267295190717
2018-12-24,0.0,-0.006602569880738501,0.0,0.019217434682621604,0.0192174346826216,0.019217434682621604,0.019217434682621604,0.019217434682621604,0.019217434682621604,0.019217434682621604,0.019217434682621604,-0.019217434682621604
2018-12-26,0.0,0.01638770547984825,0.0,-0.047371870051223786,-0.047371870051223786,-0.047371870051223786,-0.047371870051223786,-0.047371870051223786,-0.047371870051223786,-0.047371870051223786,-0.047371870051223786,0.047371870051223786
2018-12-27,0.0,-0.004792260510782592,0.0,0.014500524430413053,0.014500524430413051,0.014500524430413053,0.014500524430413053,0.014500524430413053,0.014500524430413053,0.014500524430413053,0.014500524430413053,-0.014500524430413053
2018-12-28,0.0,0.0066478350905782475,0.0,-0.018906828978971113,-0.018906828978971113,-0.018906828978971113,-0.018906828978971113,-0.018906828978971113,-0.018906828978971113,-0.018906828978971113,-0.018906828978971113,0.018906828978971113
2018-12-31,0.0,-0.0003930962086947187,0.0,0.0011223505459743155,0.0011223505459743155,-0.0021223505459743155,0.0011223505459743155,0.0011223505459743155,0.0011223505459743155,0.0011223505459743155,0.0011223505459743155,-0.0011223505459743155
2019-01-02,0.0,0.007429621503026617,0.0,-0.020374737713964253,-0.020374737713964253,0.020374737713964253,-0.020374737713964253,-0.020374737713964253,-0.020374737713964253,-0.020374737713964253,-0.020374737713964253,0.020374737713964253
2019-01-03,0.0,-0.02175062362349848,0.0,0.060417276163060474,0.060417276163060474,-0.060417276163060474,0.060417276163060474,0.060417276163060474,0.060417276163060474,0.060417276163060474,0.060417276163060474,-0.060417276163060474
2019-01-04,0.0,0.02284809212157588,0.0,-0.06406775552780286,-0.06406775552780286,-0.06506775552780286,-0.06406775552780286,-0.06406775552780286,-0.06406775552780286,-0.06406775552780286,-0.06406775552780286,0.06406775552780286
2019-01-07,0.0,0.017842457507777187,0.0,-0.052940748950192074,-0.05294074895019207,0.05194074895019207,-0.052940748950192074,-0.052940748950192074,-0.052940748950192074,-0.0005,-0.052940748950192074,0.052940748950192074
2019-01-08,0.0,-0.008590573899748193,0.0,0.024895469859222752,0.024895469859222752,-0.024895469859222752,0.024895469859222752,0.024895469859222752,0.024895469859222752,0.0,0.024895469859222752,-0.024895469859222752
2019-01-09,0.0,0.006747972886014339,0.0,-0.019666950730919064,-0.01966695073091906,0.019666950730919064,-0.019666950730919064,-0.019666950730919064,-0.019666950730919064,0.0,-0.019666950730919064,0.019666950730919064
2019-01-10,0.0,0.006840792930676407,0.0,-0.01858564371646687,-0.01858564371646687,0.01858564371646687,-0.01858564371646687,-0.01858564371646687,-0.01858564371646687,0.0,-0.01858564371646687,0.01858564371646687
2019-01-11,0.0,0.009240570639599465,0.0,-0.024788493870301798,-0.024788493870301798,0.024788493870301798,-0.024788493870301798,0.023788493870301797,-0.024788493870301798,0.0,-0.024788493870301798,0.024788493870301798
2019-01-14,0.0,0.004026954880490881,0.0,-0.010817762497797867,-0.010817762497797867,0.010817762497797867,-0.010817762497797867,0.010817762497797867,-0.010817762497797867,0.0,-0.010817762497797867,0.010817762497797867
2019-01-15,0.0,-0.0014083244360992373,0.0,0.003788927065458081,0.003788927065458081,-0.003788927065458081,0.003788927065458081,-0.003788927065458081,0.003788927065458081,0.0,-0.0005,-0.003788927065458081
2019-01-16,0.0,-0.0025528925830679765,0.0,0.0068728623893338225,0.0068728623893338225,-0.0068728623893338225,0.0068728623893338225,-0.0068728623893338225,0.0068728623893338225,0.0,0.006372862389333822,-0.0068728623893338225
2019-01-17,0.0,0.007224237233014577,0.0,-0.019349736950342145,-0.019349736950342145,0.019349736950342145,-0.019349736950342145,0.019349736950342145,-0.019349736950342145,0.0,0.018349736950342144,0.019349736950342145
2019-01-18,0.0,0.012873926241397273,0.0,-0.03433971263809066,-0.03433971263809065,0.03433971263809066,-0.03433971263809066,-0.03533971263809066,-0.03433971263809066,0.0,-0.03533971263809066,0.03433971263809066
2019-01-22,0.0,-0.01926145287814489,0.0,0.05199773697202026,0.05199773697202026,-0.05199773697202026,0.05199773697202026,0.05199773697202026,0.05199773697202026,0.0,-0.05299773697202026,-0.05199773697202026
2019-01-23,0.0,0.0013099653300364977,0.0,-0.003495236013700387,-0.0034952360137003864,-0.004495236013700387,-0.003495236013700387,0.002495236013700387,-0.003495236013700387,0.0,-0.0005,0.003495236013700387
2019-01-24,0.0,0.021922402973390345,0.0,-0.05727113435918496,-0.05727113435918496,-0.05727113435918496,-0.05727113435918496,0.05727113435918496,-0.05727113435918496,0.0,0.0,0.05727113435918496
2019-01-25,0.0,0.005588639434694303,0.0,-0.014635003041232109,-0.014635003041232107,0.013635003041232108,0.013635003041232108,-0.01563500304123211,-0.014635003041232109,0.0,0.0,0.014635003041232109
2019-01-28,0.0,-0.05390592114925613,0.0,0.1382453816490279,0.1382453816490279,-0.1382453816490279,-0.1382453816490279,0.1382453816490279,0.1382453816490279,0.0,0.1377453816490279,-0.1382453816490279
2019-01-29,0.0,-0.013073644714487102,0.0,0.046445979185003594,0.046445979185003594,0.04544597918500359,-0.046445979185003594,-0.047445979185003595,0.046445979185003594,0.0,-0.047445979185003595,-0.046445979185003594
2019-01-30,0.0,0.012024245880321726,0.0,-0.04399698326970203,-0.04399698326970203,-0.04399698326970203,0.04399698326970203,0.04399698326970203,-0.04399698326970203,-0.04449698326970203,-0.04499698326970203,0.04399698326970203
2019-01-31,0.0,0.01243684119566054,0.0,-0.04629192594160858,-0.04629192594160858,-0.04629192594160858,0.04629192594160858,-0.04729192594160858,-0.04629192594160858,-0.04629192594160858,0.04529192594160858,0.04629192594160858
2019-02-01,0.0,0.0017926273654862769,0.0,-0.006817032185051142,-0.006817032185051142,0.005817032185051142,0.006817032185051142,-0.006817032185051142,-0.006817032185051142,-0.006817032185051142,-0.007817032185051143,0.006817032185051142
2019-02-04,0.0,0.008119349364880934,0.0,-0.030747087438063092,-0.030747087438063092,-0.03174708743806309,0.030747087438063092,-0.030747087438063092,-0.030747087438063092,-0.030747087438063092,-0.030747087438063092,0.030747087438063092
2019-02-05,0.0,0.001418365947754195,0.0,-0.005161352616720238,-0.005161352616720238,0.004161352616720238,0.005161352616720238,-0.005161352616720238,-0.005161352616720238,-0.005161352616720238,0.004161352616720238,0.005161352616720238
2019-02-06,0.0,0.005840412887448316,0.0,-0.020340344330568527,-0.020340344330568527,0.020340344330568527,0.020340344330568527,-0.020340344330568527,-0.020340344330568527,-0.0005,0.020340344330568527,0.020340344330568527
2019-02-07,0.0,-0.010781680606621801,0.0,0.03647074423079211,0.03647074423079211,-0.03647074423079211,-0.03647074423079211,0.03647074423079211,0.03647074423079211,0.0,0.035470744230792106,-0.03647074423079211
2019-02-08,0.0,0.0014856719098682485,0.0,-0.005087643901502403,-0.005087643901502403,-0.006087643901502403,0.005087643901502403,0.004087643901502403,-0.005087643901502403,0.0,-0.0005,0.005087643901502403
2019-02-11,0.0,-0.003406357287260776,0.0,0.011608180955448133,0.011608180955448133,0.011608180955448133,-0.011608180955448133,0.010608180955448132,0.011608180955448133,0.0,-0.012108180955448133,-0.011608180955448133
2019-02-12,0.0,0.009027326329929976,0.0,-0.032229216925274695,-0.032229216925274695,-0.032229216925274695,0.032229216925274695,0.031229216925274694,-0.032229216925274695,0.0,0.032229216925274695,0.032229216925274695
2019-02-13,0.0,0.0031706968975194886,0.0,-0.011311765578852384,-0.011311765578852384,0.010311765578852383,0.011311765578852384,-0.012311765578852385,-0.011311765578852384,0.0,0.011311765578852384,0.011311765578852384
2019-02-14,0.0,0.003025232734504615,0.0,-0.010792808212276128,-0.010792808212276126,0.010792808212276128,0.010792808212276128,-0.010792808212276128,-0.010792808212276128,0.0,0.010792808212276128,0.010792808212276128
2019-02-15,0.0,0.005097048133907382,0.0,-0.01818420855049041,-0.01818420855049041,0.01818420855049041,0.01818420855049041,-0.01818420855049041,-0.01818420855049041,0.0,-0.01918420855049041,0.01818420855049041
2019-02-19,0.0,-0.0012470488935499072,0.0,0.004448966648385566,0.004448966648385565,-0.004448966648385566,-0.004448966648385566,0.004448966648385566,0.004448966648385566,0.0,0.004448966648385566,-0.004448966648385566
2019-02-20,0.0,0.003417870176797937,0.0,-0.01219357998209647,-0.01219357998209647,0.01219357998209647,0.01219357998209647,0.011193579982096469,-0.01219357998209647,0.0,-0.01219357998209647,0.01219357998209647
2019-02-21,0.0,-0.004914755134798477,0.0,0.017533860775463705,0.017533860775463702,-0.017533860775463705,-0.017533860775463705,0.016533860775463705,0.017533860775463705,0.0,0.017533860775463705,-0.017533860775463705
2019-02-22,0.0,0.006154092512481574,0.0,-0.02195531585066446,-0.02195531585066446,-0.02295531585066446,0.02195531585066446,0.020955315850664458,-0.02195531585066446,0.0,-0.02195531585066446,0.02195531585066446
2019-02-25,0.0,-0.0008803418774637082,0.0,0.003140704163462238,-0.004140704163462238,-0.004140704163462238,0.002140704163462238,0.002140704163462238,0.003140704163462238,0.0,0.003140704163462238,-0.003140704163462238
2019-02-26,0.0,-0.003223834318253354,0.0,0.010019531822381356,-0.010019531822381356,0.009019531822381355,0.010019531822381356,-0.011019531822381357,0.010019531822381356,0.0,0.010019531822381356,-0.010019531822381356
2019-02-27,0.0,-0.0034401177440665036,0.0,0.010757607757799104,-0.010757607757799104,0.010757607757799104,0.010757607757799104,-0.010757607757799104,0.010757607757799104,0.0,0.010757607757799104,-0.010757607757799104
2019-02-28,0.0,-0.003498570518221852,0.0,0.006376694471617039,-0.006376694471617039,0.006376694471617039,-0.007376694471617039,-0.006376694471617039,0.006376694471617039,0.0,0.006376694471617039,-0.006376694471617039
2019-03-01,0.0,0.00861313106535398,0.0,-0.014196587833176011,0.014196587833176011,-0.014196587833176011,0.014196587833176011,0.014196587833176011,-0.014196587833176011,-0.014696587833176011,-0.014196587833176011,0.014196587833176011
2019-03-04,0.0,0.0012854496002439346,0.0,-0.002109261569091858,0.002109261569091858,-0.002109261569091858,0.002109261569091858,-0.003109261569091858,-0.002109261569091858,-0.002109261569091858,-0.002109261569091858,0.002109261569091858
2019-03-05,0.0,-0.0013237748489589667,0.0,0.001658065698813438,0.0006580656988134379,0.001658065698813438,-0.001658065698813438,0.001658065698813438,0.001658065698813438,0.001658065698813438,0.001658065698813438,-0.001658065698813438
2019-03-06,0.0,-0.021550679279746816,0.0,0.02855883077721011,0.02855883077721011,0.02855883077721011,-0.02855883077721011,-0.02955883077721011,0.02855883077721011,0.02855883077721011,0.02855883077721011,-0.02855883077721011
2019-03-07,0.0,-0.013846452381536527,0.0,0.01834923555289647,0.01834923555289647,0.01834923555289647,-0.01834923555289647,-0.01834923555289647,0.01834923555289647,0.01834923555289647,0.01834923555289647,-0.01834923555289647
2019-03-08,0.0,0.006976679524807254,0.0,-0.009245453813748084,-0.009245453813748084,-0.009245453813748084,0.009245453813748084,0.009245453813748084,-0.009245453813748084,-0.009245453813748084,0.008245453813748083,0.009245453813748084
2019-03-11,0.0,0.052598179461762005,0.0,-0.06970279158901005,-0.06970279158901005,-0.06970279158901005,0.06970279158901005,-0.07070279158901005,-0.06970279158901005,-0.06970279158901005,-0.07070279158901005,0.06970279158901005
2019-03-12,0.0,0.00504282006550169,0.0,-0.008564193367543327,0.007564193367543327,0.007564193367543327,0.008564193367543327,-0.008564193367543327,-0.008564193367543327,-0.008564193367543327,-0.008564193367543327,0.008564193367543327
2019-03-13,0.0,0.022444144385369243,0.0,-0.03753384431932694,0.03753384431932694,0.03753384431932694,0.03753384431932694,-0.03753384431932694,-0.03753384431932694,-0.0005,-0.03753384431932694,0.03753384431932694
2019-03-14,0.0,-0.010851815436141521,0.0,0.018147733509846775,-0.018147733509846775,-0.018147733509846775,-0.018147733509846775,-0.019147733509846773,-0.019147733509846776,0.0,0.018147733509846775,-0.018147733509846775
2019-03-15,0.0,0.015350269391962533,0.0,-0.025670598608037443,0.025670598608037443,0.025670598608037443,0.025670598608037443,0.025670598608037443,0.025670598608037443,0.0,-0.025670598608037443,0.025670598608037443
2019-03-18,0.0,-0.003028333623891063,0.0,0.005064350007488172,-0.005064350007488172,-0.005064350007488172,-0.005064350007488172,-0.005064350007488171,-0.005064350007488172,0.0,0.005064350007488172,-0.005064350007488172
2019-03-19,0.0,0.023925941819694596,0.0,-0.040011887289367776,0.040011887289367776,0.040011887289367776,0.040011887289367776,0.040011887289367776,0.040011887289367776,0.039511887289367775,-0.040011887289367776,0.040011887289367776
2019-03-20,0.0,-0.004040016153036121,0.0,0.007455308765352386,-0.007455308765352386,-0.007455308765352386,-0.007455308765352386,-0.0074553087653523855,-0.007455308765352386,-0.007455308765352386,0.007455308765352386,-0.007455308765352386
2019-03-21,0.0,0.029422144008666443,0.0,-0.05470152765371572,0.05470152765371572,0.05470152765371572,0.05470152765371572,0.05470152765371572,0.05470152765371572,0.05470152765371572,-0.05470152765371572,0.05470152765371572
2019-03-22,0.0,-0.018831481313352123,0.0,0.035011411660528124,-0.035011411660528124,-0.035011411660528124,-0.035011411660528124,-0.03501141166052812,-0.035011411660528124,-0.035011411660528124,0.035011411660528124,-0.035011411660528124
2019-03-25,0.0,-0.00984057511744244,0.0,0.020957864479911104,-0.020957864479911104,0.019957864479911103,-0.020957864479911104,-0.020957864479911104,-0.020957864479911104,-0.020957864479911104,0.020957864479911104,-0.020957864479911104
2019-03-26,0.0,0.008319482686229753,0.0,-0.017781573498391934,0.017781573498391934,-0.017781573498391934,0.017781573498391934,0.017781573498391934,0.017781573498391934,0.017781573498391934,-0.017781573498391934,0.017781573498391934
2019-03-27,0.0,-0.0009788747898262632,0.0,0.002092189463874794,-0.002092189463874794,-0.003092189463874794,-0.002092189463874794,-0.0020921894638747936,-0.002092189463874794,-0.002092189463874794,0.002092189463874794,-0.002092189463874794
2019-03-28,0.0,0.001988167228357617,0.0,-0.004249391822961579,0.004249391822961579,-0.005249391822961579,0.004249391822961579,0.004249391822961579,0.004249391822961579,0.004249391822961579,-0.004249391822961579,0.004249391822961579
2019-03-29,0.0,0.006097286304640708,0.0,-0.013031981513244917,0.013031981513244917,-0.013031981513244917,0.013031981513244917,0.013031981513244915,0.013031981513244917,0.013031981513244917,-0.013031981513244917,0.013031981513244917
2019-04-01,0.0,0.007087420502058161,0.0,-0.015148236173380347,0.015148236173380347,0.014148236173380346,0.015148236173380347,0.015148236173380345,0.015148236173380347,0.015148236173380347,-0.015148236173380347,0.015148236173380347
2019-04-02,0.0,0.00184824349033343,0.0,-0.003950327046257973,0.003950327046257973,0.003950327046257973,0.003950327046257973,0.003950327046257972,0.003950327046257973,0.003950327046257973,-0.003950327046257973,0.003950327046257973
2019-04-03,0.0,0.014368338631202003,0.0,-0.030710042806313842,0.030710042806313842,0.030710042806313842,0.030710042806313842,0.03071004280631384,0.030710042806313842,0.030710042806313842,-0.030710042806313842,0.030710042806313842
2019-04-04,0.0,-0.0008929403328069211,0.0,0.001908518204354892,-0.001908518204354892,-0.001908518204354892,-0.001908518204354892,-0.0019085182043548918,-0.001908518204354892,-0.001908518204354892,0.001908518204354892,-0.001908518204354892
2019-04-05,0.0,0.0066854041349838295,0.0,-0.014288990010091762,0.014288990010091762,0.014288990010091762,0.014288990010091762,0.01428899001009176,0.014288990010091762,0.014288990010091762,-0.014288990010091762,0.014288990010091762
2019-04-08,0.0,0.002058260397621365,0.0,-0.0043992048447569765,0.0043992048447569765,0.0043992048447569765,0.0043992048447569765,0.004399204844756976,0.0043992048447569765,0.0043992048447569765,-0.0043992048447569765,0.0043992048447569765
2019-04-09,0.0,-0.006171998296664119,0.0,0.013191666535436797,-0.013191666535436797,-0.013191666535436797,-0.013191666535436797,-0.013191666535436795,-0.013191666535436797,-0.013191666535436797,-0.0005,-0.013191666535436797
2019-04-10,0.0,0.008578784041182444,0.0,-0.015005497414634528,0.015005497414634528,0.015005497414634528,0.015005497414634528,0.015005497414634528,0.015005497414634528,0.015005497414634528,-0.015505497414634528,0.015005497414634528
2019-04-11,0.0,-0.0016770318226630653,0.0,0.0029151135166833875,-0.0029151135166833875,-0.0029151135166833875,-0.0029151135166833875,-0.002915113516683387,-0.0029151135166833875,-0.0029151135166833875,0.0029151135166833875,-0.0029151135166833875
2019-04-12,-0.008487924608952369,-0.004802618099427727,0.0,-0.008987924608952369,-0.007987924608952368,-0.007987924608952368,-0.007987924608952368,-0.007987924608952368,-0.007987924608952368,-0.007987924608952368,-0.008987924608952369,-0.007987924608952368
2019-04-15,-0.027945950515553708,-0.017157854322746056,0.0,-0.027945950515553708,-0.027945950515553708,0.026945950515553707,-0.027945950515553708,-0.027945950515553708,-0.027945950515553708,-0.027945950515553708,-0.027945950515553708,-0.027945950515553708
2019-04-16,0.01900405115352055,0.011187385328316863,0.0,0.01900405115352055,0.01900405115352055,-0.01900405115352055,0.01900405115352055,0.01900405115352055,0.01900405115352055,0.01900405115352055,-0.020004051153520552,0.01900405115352055
2019-04-17,-0.004887936827029704,-0.0028659331631422694,0.0,-0.004887936827029704,-0.004887936827029704,-0.005887936827029704,-0.004887936827029704,-0.004887936827029704,-0.004887936827029704,-0.004887936827029704,-0.0005,-0.004887936827029704
2019-04-18,-0.0052862326640821244,-0.003339631068155392,0.0,-0.0052862326640821244,-0.0052862326640821244,0.004286232664082124,-0.0052862326640821244,-0.0052862326640821244,-0.0052862326640821244,-0.0052862326640821244,0.0,-0.0052862326640821244
2019-04-22,0.01164792000322179,0.00733089054672581,0.0,0.01164792000322179,0.01164792000322179,-0.01164792000322179,0.01164792000322179,0.01164792000322179,0.01164792000322179,0.01164792000322179,-0.01214792000322179,0.01164792000322179
2019-04-23,0.011672833228864699,0.008917159778262755,0.0,0.011672833228864699,0.011672833228864699,0.010672833228864698,0.011672833228864699,0.011672833228864699,0.011672833228864699,0.011672833228864699,-0.0005,0.011672833228864699
2019-04-24,0.0026227975956141236,0.0022663397329319964,0.0,0.0026227975956141236,0.0026227975956141236,0.0026227975956141236,0.0026227975956141236,0.0026227975956141236,0.0026227975956141236,0.0026227975956141236,0.0021227975956141236,0.0026227975956141236
2019-04-25,-0.022284164607976775,-0.021517165212481558,0.0,-0.022284164607976775,-0.022284164607976775,-0.022284164607976775,-0.022284164607976775,-0.022284164607976775,-0.022284164607976775,-0.022284164607976775,-0.022284164607976775,-0.022284164607976775
2019-04-26,-0.04718837805292242,-0.042645705275742254,0.0,0.04618837805292242,-0.04718837805292242,0.04618837805292242,-0.04718837805292242,-0.04718837805292242,-0.04718837805292242,-0.04718837805292242,0.04618837805292242,-0.04718837805292242
2019-04-29,0.006962809959759619,0.004861304227352241,0.0,-0.006962809959759619,0.006962809959759619,-0.006962809959759619,0.006962809959759619,0.006962809959759619,0.006962809959759619,0.006962809959759619,-0.0005,0.006962809959759619
2019-04-30,0.009312414664894186,0.006614629090112773,0.0,-0.009312414664894186,0.009312414664894186,-0.009312414664894186,0.009312414664894186,0.009312414664894186,0.009312414664894186,-0.0005,0.008812414664894186,0.009312414664894186
2019-05-01,-0.002928190306968448,-0.002095480563850583,0.0,0.002928190306968448,-0.002928190306968448,0.002928190306968448,-0.002928190306968448,-0.002928190306968448,-0.002928190306968448,0.0,-0.002928190306968448,-0.002928190306968448
2019-05-02,0.015071633750942892,0.010961195333525164,0.0,-0.015071633750942892,-0.01607163375094289,-0.015071633750942892,0.015071633750942892,0.015071633750942892,0.015071633750942892,0.0,0.015071633750942892,0.015071633750942892
2019-05-03,-0.0009823869724671086,-0.0007088070257790314,0.0,0.0009823869724671086,-0.0019823869724671086,-0.0019823869724671086,-0.0009823869724671086,-1.7613027532891422e-05,-0.0009823869724671086,0.0,-0.0009823869724671086,-0.0009823869724671086
2019-05-06,-0.017266753765148857,-0.013483756228161444,0.0,0.017266753765148857,0.016266753765148856,-0.017266753765148857,-0.017266753765148857,0.017266753765148857,-0.017266753765148857,0.0,-0.017266753765148857,-0.017266753765148857
2019-05-07,-0.037475676813521375,-0.028548955558146082,0.0,0.037475676813521375,0.037475676813521375,0.036475676813521374,-0.037475676813521375,-0.03847567681352137,-0.037475676813521375,0.0,-0.0005,-0.037475676813521375
2019-05-08,0.0046789883917082165,0.0032854518593806396,0.0,-0.0046789883917082165,-0.0046789883917082165,-0.0046789883917082165,0.0046789883917082165,0.0046789883917082165,-0.0056789883917082165,0.0,-0.005178988391708217,0.0046789883917082165
2019-05-09,-0.02144677848143617,-0.015176378765317964,0.0,0.02144677848143617,0.02144677848143617,0.02144677848143617,0.020446778481436167,-0.02144677848143617,0.02144677848143617,0.0,-0.0005,-0.02144677848143617
2019-05-10,-0.008049668654094067,-0.005610390530327257,0.0,0.008049668654094067,0.008049668654094067,0.008049668654094067,0.008049668654094067,-0.008049668654094067,0.008049668654094067,0.0,0.007549668654094066,-0.008049668654094067
2019-05-13,-0.06142649280692569,-0.044189482042049116,0.0,0.06142649280692569,0.06142649280692569,0.06142649280692569,0.06142649280692569,-0.06142649280692569,0.06142649280692569,0.0,0.06142649280692569,-0.06142649280692569
2019-05-14,-0.0005,0.013364101418136225,0.0,-0.022657031138977768,-0.022657031138977768,-0.022657031138977768,-0.022657031138977768,-0.02365703113897777,-0.022657031138977768,0.0,-0.022657031138977768,0.022657031138977768
2019-05-15,0.0,-0.008997099755824911,0.0,0.015181480773127976,0.015181480773127974,0.015181480773127976,0.015181480773127976,0.015181480773127976,0.015181480773127976,0.0,0.015181480773127976,-0.015181480773127976
2019-05-16,0.0,0.002265338153935943,0.0,-0.0038224748598953973,-0.0038224748598953973,-0.0038224748598953973,-0.0038224748598953973,-0.0038224748598953973,-0.0038224748598953973,0.0,-0.0038224748598953973,0.0038224748598953973
2019-05-17,0.0,-0.013540378330088075,0.0,0.022847695241572152,0.022847695241572152,0.022847695241572152,0.022847695241572152,0.022847695241572152,0.022847695241572152,0.022347695241572152,0.022847695241572152,-0.022847695241572152
2019-05-20,0.0,-0.018097564562039363,0.0,0.030537377143247224,0.030537377143247224,0.030537377143247224,0.030537377143247224,0.030537377143247224,0.030537377143247224,0.030537377143247224,0.030537377143247224,-0.030537377143247224
2019-05-21,0.0,0.012926702055814279,0.0,-0.021812193267418678,-0.021812193267418675,-0.021812193267418678,-0.021812193267418678,-0.021812193267418678,-0.021812193267418678,-0.021812193267418678,-0.021812193267418678,0.021812193267418678
2019-05-22,0.0,-0.010930850874863481,0.0,0.018444443975763614,0.018444443975763614,0.018444443975763614,0.018444443975763614,0.018444443975763614,0.018444443975763614,0.018444443975763614,0.018444443975763614,-0.018444443975763614
2019-05-23,0.0,-0.019001715297618547,0.0,0.032063018447748504,0.032063018447748504,0.032063018447748504,0.032063018447748504,0.032063018447748504,0.032063018447748504,0.032063018447748504,0.032063018447748504,-0.032063018447748504
2019-05-24,0.0,-0.008729508125074368,0.0,0.014729953357900727,0.014729953357900727,0.014729953357900727,0.014729953357900727,0.014729953357900727,0.014729953357900727,0.014729953357900727,0.014729953357900727,-0.014729953357900727
2019-05-28,0.0,-0.0074309112704008355,0.0,0.012538733551928583,0.012538733551928583,0.012538733551928583,0.012538733551928583,0.012538733551928583,0.012538733551928583,0.012538733551928583,0.012538733551928583,-0.012538733551928583
2019-05-29,0.0,-0.012362921399922304,0.0,0.020860883909962213,0.020860883909962213,0.020860883909962213,0.020860883909962213,0.020860883909962213,0.020860883909962213,0.020860883909962213,0.020860883909962213,-0.020860883909962213
2019-05-30,0.0,-0.00452353415178647,0.0,0.007632898224505413,0.0076328982245054125,0.007632898224505413,0.007632898224505413,0.007632898224505413,0.007632898224505413,0.007632898224505413,0.007632898224505413,-0.007632898224505413
2019-05-31,0.0,-0.015549836244525604,0.0,0.026238404194498077,0.026238404194498077,0.026238404194498077,0.026238404194498077,0.026238404194498077,0.026238404194498077,0.026238404194498077,0.026238404194498077,-0.026238404194498077
2019-06-03,0.0,-0.007349967350982745,0.0,0.012402150809745272,0.01240215080974527,0.012402150809745272,0.012402150809745272,0.012402150809745272,0.012402150809745272,0.012402150809745272,0.012402150809745272,-0.012402150809745272
2019-06-04,0.0,0.04542255176175821,0.0,-0.06891922782668991,-0.06891922782668991,-0.06891922782668991,-0.06891922782668991,-0.06891922782668991,-0.06891922782668991,-0.06891922782668991,-0.06891922782668991,0.06891922782668991
2019-06-05,0.0,-0.005847322457567494,0.0,0.01202824904117128,0.01202824904117128,-0.01302824904117128,0.01202824904117128,0.01202824904117128,0.01202824904117128,0.01202824904117128,0.01202824904117128,-0.01202824904117128
2019-06-06,0.0,0.008469205813308204,0.0,-0.017695390470843453,-0.017695390470843453,0.017695390470843453,-0.017695390470843453,-0.017695390470843453,-0.017695390470843453,-0.017695390470843453,-0.017695390470843453,0.017695390470843453
2019-06-07,0.0,0.0057255572551996444,0.0,-0.011962865648479593,-0.011962865648479593,0.011962865648479593,-0.011962865648479593,-0.011962865648479593,-0.011962865648479593,-0.011962865648479593,-0.011962865648479593,0.011962865648479593
2019-06-10,0.0,0.009637949602440105,0.0,-0.020137340538530335,-0.020137340538530335,0.020137340538530335,-0.020137340538530335,-0.020137340538530335,-0.020137340538530335,-0.020137340538530335,-0.020137340538530335,0.020137340538530335
2019-06-11,0.0,0.007480895312801437,0.0,0.014630434133919734,-0.015630434133919735,0.015630434133919735,-0.015630434133919735,-0.015630434133919735,-0.015630434133919735,-0.015630434133919735,0.014630434133919734,0.015630434133919735
2019-06-12,0.0,-0.01444565777754836,0.0,-0.03018247054289558,0.03018247054289558,-0.03018247054289558,0.03018247054289558,0.03018247054289558,0.03018247054289558,0.03018247054289558,-0.03018247054289558,-0.03018247054289558
2019-06-13,0.0,0.006743685889691073,0.0,-0.015090123402513922,-0.014090123402513921,-0.015090123402513922,-0.014090123402513921,-0.014090123402513921,-0.014090123402513921,-0.014090123402513921,-0.015090123402513922,0.014090123402513921
2019-06-14,0.0,-0.011686038774775219,0.0,-0.025416577390541595,0.024416577390541594,-0.025416577390541595,0.024416577390541594,0.024416577390541594,0.024416577390541594,0.024416577390541594,-0.025416577390541595,-0.024416577390541594
2019-06-17,0.0,0.0012906026419057038,0.0,-0.0036965595351735594,-0.002696559535173559,-0.0036965595351735594,-0.0026965595351735594,-0.0026965595351735594,-0.0026965595351735594,-0.0026965595351735594,-0.0036965595351735594,0.0026965595351735594
2019-06-18,0.0,0.02590557279268405,0.0,0.0531265894397176,-0.0541265894397176,-0.0541265894397176,-0.0541265894397176,-0.0541265894397176,-0.0541265894397176,-0.0005,-0.0005,0.0541265894397176
2019-06-19,0.0,0.0007514954695746332,0.0,0.001570159713239816,-0.001570159713239816,0.0005701597132398159,-0.001570159713239816,-0.001570159713239816,-0.001570159713239816,0.0,0.0,0.001570159713239816
2019-06-20,0.0,0.00306307261228779,0.0,0.00639992309902393,0.005399923099023929,0.00639992309902393,-0.00639992309902393,-0.00639992309902393,-0.00639992309902393,0.0,0.005899923099023929,0.00639992309902393
2019-06-21,0.0,-0.0072676478233958735,0.0,-0.015184879063569579,0.014184879063569578,-0.015184879063569579,0.015184879063569579,0.015184879063569579,0.015184879063569579,0.0,-0.015184879063569579,-0.015184879063569579
2019-06-24,0.0,0.0028383071978251174,0.0,0.005930302704747037,-0.005930302704747036,0.005930302704747037,-0.005930302704747037,-0.005930302704747037,-0.005930302704747037,0.0,-0.006930302704747037,0.005930302704747037
2019-06-25,0.0,-0.0036994872507555786,0.0,-0.007729635208670871,-0.008729635208670872,-0.007729635208670871,0.007729635208670871,0.007729635208670871,0.007729635208670871,0.0,-0.008729635208670872,-0.007729635208670871
2019-06-26,0.0,0.02458147044242768,0.0,0.0513600362790505,0.0513600362790505,-0.052360036279050504,-0.0513600362790505,-0.0513600362790505,-0.0513600362790505,0.0,0.0513600362790505,0.0513600362790505
2019-06-27,0.0,0.011930701596873395,0.0,0.024927771033270485,0.024927771033270485,0.023927771033270484,-0.024927771033270485,0.023927771033270484,0.023927771033270484,0.0,-0.025927771033270486,0.024927771033270485
2019-06-28,0.0,0.0029322322049087726,0.0,0.00612654774967325,0.00612654774967325,0.00612654774967325,-0.00612654774967325,0.00612654774967325,0.00612654774967325,0.0,-0.00612654774967325,0.00612654774967325
2019-07-01,0.0,0.005653647487693735,0.0,0.011812618808016095,0.011812618808016095,0.011812618808016095,0.010812618808016095,0.011812618808016095,0.011812618808016095,0.0,-0.011812618808016095,0.011812618808016095
2019-07-02,0.0,-0.011348348046589301,0.0,-0.02371101308789547,-0.02371101308789547,-0.02371101308789547,-0.02371101308789547,-0.02371101308789547,-0.02371101308789547,0.0,0.02371101308789547,-0.02371101308789547
2019-07-03,0.0,0.0015342233414890965,0.0,0.0032055757878113322,0.0032055757878113322,-0.004205575787811332,0.0032055757878113322,-0.004205575787811332,0.0032055757878113322,0.0,-0.0032055757878113322,0.0032055757878113322
2019-07-05,0.0,-0.009044203555266894,0.0,-0.01548373980044282,-0.01548373980044282,0.01548373980044282,-0.01548373980044282,0.01548373980044282,-0.01548373980044282,0.0,0.01548373980044282,-0.01548373980044282
2019-07-08,0.0,-0.010947100904439927,0.0,-0.018848003791474666,-0.018848003791474666,0.018848003791474666,-0.018848003791474666,0.018848003791474666,-0.018848003791474666,0.0,0.018848003791474666,-0.018848003791474666
2019-07-09,0.0,0.0003695397439187283,0.0,0.0006362494102576388,0.0006362494102576386,-0.0006362494102576388,0.0006362494102576388,-0.0006362494102576388,0.0006362494102576388,0.0,-0.0003637505897423612,0.0006362494102576388
2019-07-10,0.0,0.010153203106358042,0.0,0.017481122382514425,0.017481122382514425,-0.017481122382514425,0.017481122382514425,0.016481122382514424,0.017481122382514425,0.0,0.017481122382514425,0.017481122382514425
2019-07-11,0.0,0.022570516280484777,0.0,0.03886044169535152,0.03886044169535152,0.03786044169535152,0.03886044169535152,0.03886044169535152,0.03886044169535152,0.0,-0.03986044169535152,0.03886044169535152
2019-07-12,0.0,0.004645705477599579,0.0,0.00799867245403374,0.00799867245403374,0.00799867245403374,0.00799867245403374,0.00799867245403374,0.00799867245403374,0.007498672454033739,-0.00799867245403374,0.00799867245403374
2019-07-15,0.0,-0.0011680963123448873,0.0,-0.0020283675682220004,-0.0020283675682220004,-0.0020283675682220004,-0.0020283675682220004,-0.002028367568222,-0.0020283675682220004,-0.0020283675682220004,0.0020283675682220004,-0.0020283675682220004
2019-07-16,0.0,-0.0006520295596515126,0.0,-0.0011357729419069207,-0.0011357729419069207,-0.0011357729419069207,-0.0011357729419069207,0.00013577294190692066,-0.0011357729419069207,-0.0011357729419069207,-0.0005,-0.0011357729419069207
2019-07-17,0.0,0.009473519717866858,0.0,0.01574087214575215,0.01574087214575215,0.01574087214575215,0.01574087214575215,-0.01574087214575215,0.01574087214575215,0.01574087214575215,-0.01624087214575215,0.01574087214575215
2019-07-18,0.0,0.001663862181318645,0.0,0.0027692268673655818,0.0027692268673655813,0.0027692268673655818,0.0027692268673655818,0.0017692268673655813,0.0027692268673655818,0.0027692268673655818,-0.0005,0.0027692268673655818
2019-07-19,0.0,-0.007176876635752794,0.0,-0.010224324977987975,-0.010224324977987975,-0.010224324977987975,-0.010224324977987975,-0.010224324977987974,-0.010224324977987975,-0.010224324977987975,0.0,-0.010224324977987975
2019-07-22,0.0,0.011719883384632344,0.0,0.01709781480072836,0.01709781480072836,-0.018097814800728362,0.01709781480072836,-0.018097814800728362,0.01709781480072836,0.01709781480072836,0.0,0.01709781480072836
2019-07-23,0.024832629418632235,0.01718553231947084,0.0,0.025332629418632235,0.025332629418632235,0.024332629418632234,0.025332629418632235,0.024332629418632234,0.025332629418632235,0.025332629418632235,0.0,0.025332629418632235
2019-07-24,0.01707863349491867,0.011662605297172309,0.0,0.01707863349491867,0.01707863349491867,0.01707863349491867,0.01707863349491867,0.01707863349491867,0.01707863349491867,0.01707863349491867,0.0,0.01707863349491867
2019-07-25,-0.029553090969593687,-0.02005333969222034,0.0,-0.029553090969593687,-0.029553090969593687,-0.029553090969593687,-0.029553090969593687,-0.029553090969593687,-0.029553090969593687,-0.029553090969593687,-0.030053090969593688,-0.029553090969593687
2019-07-26,0.009747244367018126,0.006106859843192544,0.0,0.009747244367018126,0.009747244367018126,-0.010747244367018127,0.009747244367018126,-0.010747244367018127,0.009747244367018126,0.009747244367018126,-0.010747244367018127,0.009747244367018126
2019-07-29,-0.001427942205767918,-0.0010937430834583144,0.0,-0.001427942205767918,-0.001427942205767918,-0.002427942205767918,-0.001427942205767918,-0.002427942205767918,-0.001427942205767918,-0.001427942205767918,0.001427942205767918,-0.001427942205767918
2019-07-30,0.00360364796538315,0.002714027410047,0.0,0.00360364796538315,0.00360364796538315,0.00360364796538315,0.00360364796538315,-0.00460364796538315,0.00360364796538315,0.00360364796538315,-0.00360364796538315,0.00360364796538315
2019-07-31,-0.03835878805216064,-0.029049824743809155,0.0,-0.03835878805216064,-0.038358788052160635,-0.03835878805216064,-0.03835878805216064,-0.03935878805216064,-0.03835878805216064,-0.03835878805216064,0.03835878805216064,-0.03835878805216064
2019-08-01,-0.02252229731122546,-0.01512860194036693,0.0,-0.02252229731122546,-0.02252229731122546,0.021522297311225458,-0.02252229731122546,0.021522297311225458,-0.02252229731122546,-0.02252229731122546,-0.0005,-0.02252229731122546
2019-08-02,-0.0005,-0.015211254401057736,0.0,0.021617134181970088,-0.02261713418197009,0.02261713418197009,-0.02261713418197009,0.02261713418197009,-0.02261713418197009,-0.02261713418197009,0.02211713418197009,-0.02261713418197009
2019-08-05,0.0,-0.04188188874419737,0.0,0.06451990524835471,0.06351990524835471,0.06451990524835471,-0.06451990524835471,0.06451990524835471,-0.06451990524835471,-0.06451990524835471,0.06451990524835471,-0.06451990524835471
2019-08-06,0.0,0.0054190173895601835,0.0,-0.01034536015671872,-0.01034536015671872,-0.01034536015671872,0.01034536015671872,-0.01034536015671872,-0.01134536015671872,0.01034536015671872,-0.01034536015671872,0.01034536015671872
2019-08-07,0.0,0.005383960619637508,0.0,-0.010108133002539876,-0.010108133002539876,-0.010108133002539876,0.010108133002539876,0.009108133002539875,-0.010108133002539876,0.010108133002539876,-0.010108133002539876,0.010108133002539876
2019-08-08,0.0,0.015047409847822721,0.0,-0.02839703379762093,-0.028397033797620926,-0.02839703379762093,0.02839703379762093,-0.029397033797620927,-0.02839703379762093,-0.0005,-0.02839703379762093,0.02839703379762093
2019-08-09,0.0,-0.013368657368556563,0.0,0.025780324966028,0.025780324966028,0.025780324966028,-0.025780324966028,0.025780324966027997,0.025780324966028,0.0,-0.026780324966028002,-0.025780324966028
2019-08-12,0.0,-0.009639936128582403,0.0,0.01770658171994066,0.01770658171994066,0.01770658171994066,-0.01770658171994066,0.01770658171994066,0.01770658171994066,0.0,-0.0005,-0.01770658171994066
2019-08-13,0.0,0.016477641557704217,0.0,-0.030373034509030505,-0.030373034509030502,-0.030373034509030505,0.030373034509030505,-0.030373034509030505,-0.030373034509030505,0.0,-0.030873034509030506,0.030373034509030505
2019-08-14,0.0,-0.019765669519456824,0.0,0.03832113620067845,0.038321136200678445,-0.03932113620067845,-0.03832113620067845,0.03832113620067845,0.03832113620067845,0.0,-0.0005,-0.03832113620067845
2019-08-15,0.0,-0.004271903847879938,0.0,0.00866259404579428,0.00866259404579428,0.007662594045794281,-0.00866259404579428,0.00866259404579428,0.00866259404579428,0.0,0.00816259404579428,-0.00866259404579428
2019-08-16,0.0,0.03626907442565731,0.0,-0.07252828098715836,-0.07252828098715834,-0.07252828098715836,-0.07352828098715836,-0.07252828098715836,-0.07252828098715836,0.0,-0.07252828098715836,0.07252828098715836
2019-08-19,0.0,0.029052564672260854,0.0,-0.07031819013853835,-0.07031819013853835,0.06931819013853835,-0.07031819013853835,-0.07031819013853835,-0.07031819013853835,0.0,-0.07031819013853835,0.07031819013853835
2019-08-20,-0.017539518771396756,-0.006286409034422254,0.0,-0.018039518771396756,-0.018039518771396756,-0.017039518771396756,0.017039518771396756,0.017039518771396756,0.017039518771396756,0.0,-0.0005,-0.017039518771396756
2019-08-21,0.020015777832008697,0.007353255052583198,0.0,0.020015777832008697,-0.021015777832008697,0.020015777832008697,-0.020015777832008697,-0.020015777832008697,-0.020015777832008697,0.0,0.019515777832008696,0.020015777832008697
2019-08-22,0.0014596284304690954,0.0005380998153007343,0.0,0.0014596284304690954,-0.0014596284304690954,0.0014596284304690954,-0.0014596284304690954,-0.0014596284304690954,-0.0014596284304690954,0.0,-0.0005,0.0014596284304690954
2019-08-23,-0.052717790622532346,-0.019607161944228825,0.0,-0.052717790622532346,0.052717790622532346,-0.052717790622532346,0.052717790622532346,0.052717790622532346,0.052717790622532346,0.0,0.052217790622532345,-0.052717790622532346
2019-08-26,-0.0005,0.006627226920783736,0.0,0.01853031258679616,-0.018530312586796157,-0.01953031258679616,-0.01853031258679616,-0.01853031258679616,-0.01853031258679616,0.0,-0.01853031258679616,0.01853031258679616
2019-08-27,-0.022561199256802833,-0.007853666342436151,0.0,-0.022061199256802833,0.022061199256802833,0.022061199256802833,0.022061199256802833,0.022061199256802833,0.022061199256802833,0.0,-0.023061199256802833,-0.022061199256802833
2019-08-28,-0.0005,-0.0009192153231959588,0.0,-0.0025980917083501254,0.0025980917083501254,0.0025980917083501254,0.0025980917083501254,0.0025980917083501254,0.0025980917083501254,0.0,-0.0025980917083501254,-0.0025980917083501254
2019-08-29,0.0,0.012677541629292136,0.0,0.035851733171527345,-0.035851733171527345,-0.035851733171527345,-0.035851733171527345,-0.035851733171527345,-0.035851733171527345,0.0,0.035851733171527345,0.035851733171527345
2019-08-30,0.0025536909820135793,0.0010785378138572811,0.0,0.0030536909820135794,-0.0030536909820135794,0.0020536909820135793,-0.0030536909820135794,0.0020536909820135793,-0.0030536909820135794,0.0,0.0030536909820135794,0.0030536909820135794
2019-09-03,-0.019939029603027736,-0.007120959610769497,0.0,-0.019939029603027736,-0.020939029603027737,-0.019939029603027736,0.019939029603027736,-0.019939029603027736,0.019939029603027736,0.0,-0.019939029603027736,-0.019939029603027736
2019-09-04,0.027959088937245413,0.01000660321971839,0.0,0.027959088937245413,0.027959088937245413,-0.028959088937245414,-0.027959088937245413,-0.02895908893724541,-0.027959088937245413,0.0,0.027959088937245413,0.027959088937245413
2019-09-05,0.06506268340529453,0.02545395086032184,0.0,0.06506268340529453,0.06506268340529453,0.06406268340529453,-0.06506268340529453,0.06406268340529453,-0.06506268340529453,0.0,-0.06606268340529453,0.06506268340529453
2019-09-06,-0.006064522702390773,-0.0022173866911234168,0.0,-0.006064522702390773,-0.006064522702390773,-0.006064522702390773,0.006064522702390773,-0.006064522702390772,-0.007064522702390773,0.0,0.006064522702390773,-0.006064522702390773
2019-09-09,0.01035553012536905,0.003746165920973558,0.0,0.01035553012536905,0.01035553012536905,0.01035553012536905,0.00935553012536905,0.010355530125369048,0.01035553012536905,0.0,0.00935553012536905,0.01035553012536905
2019-09-10,0.014847442262221566,0.00541941945464949,0.0,0.014847442262221566,0.014847442262221566,0.014847442262221566,0.014847442262221566,0.014847442262221565,0.014847442262221566,0.0,0.014847442262221566,0.014847442262221566
2019-09-11,0.00627811891800345,0.0023418954062928345,0.0,0.00627811891800345,0.00627811891800345,0.00627811891800345,0.00627811891800345,0.006278118918003449,0.00627811891800345,0.00577811891800345,0.00627811891800345,0.00627811891800345
2019-09-12,-0.00032523061641664963,-0.0001370699534924847,-0.0008252306164166494,-0.00032523061641664963,-0.00032523061641664963,-0.00032523061641664963,-0.00032523061641664963,-0.0006747693835833504,-0.00032523061641664963,-0.00032523061641664963,-0.00032523061641664963,-0.00032523061641664963
2019-09-13,-0.012644888259490727,-0.003632635974121296,-0.012644888259490727,-0.012644888259490727,-0.012644888259490727,-0.012644888259490727,-0.012644888259490727,-0.013644888259490728,-0.012644888259490727,-0.012644888259490727,-0.012644888259490727,-0.012644888259490727
2019-09-16,-0.009508423374262165,-0.0028564321734650586,-0.009508423374262165,-0.009508423374262165,-0.009508423374262165,0.008508423374262164,-0.009508423374262165,-0.009508423374262165,-0.009508423374262165,-0.009508423374262165,-0.009508423374262165,-0.009508423374262165
2019-09-17,0.0047721551563988385,0.0014291921057690519,0.0047721551563988385,0.0047721551563988385,0.0047721551563988385,-0.0047721551563988385,0.0047721551563988385,0.0047721551563988385,0.0047721551563988385,0.0047721551563988385,-0.0057721551563988385,0.0047721551563988385
2019-09-18,-0.006019660343625555,-0.0020446761109888787,-0.006019660343625555,-0.006019660343625555,-0.006019660343625554,0.006019660343625555,-0.006019660343625555,0.005019660343625555,-0.006019660343625555,-0.006019660343625555,0.006019660343625555,-0.006019660343625555
2019-09-19,-0.0168909121568257,-0.006666222944990751,-0.0168909121568257,-0.0168909121568257,-0.0168909121568257,0.0168909121568257,-0.0168909121568257,-0.0178909121568257,-0.0168909121568257,-0.0168909121568257,-0.0005,-0.0168909121568257
2019-09-20,-0.024019454414970776,-0.009441942739306569,-0.0005,-0.024019454414970776,-0.024019454414970776,0.024019454414970776,-0.024019454414970776,-0.024019454414970776,-0.024019454414970776,-0.024019454414970776,-0.024519454414970776,-0.024019454414970776
2019-09-23,0.012450246202582171,0.004822283877300273,0.0,-0.013450246202582172,0.012450246202582171,-0.012450246202582171,0.012450246202582171,0.012450246202582171,-0.013450246202582172,0.012450246202582171,-0.013450246202582172,0.012450246202582171
2019-09-24,-0.013212378061165708,-0.005093494776130561,-0.013712378061165709,-0.014212378061165709,-0.013212378061165708,0.013212378061165708,-0.013212378061165708,0.012212378061165707,0.013212378061165708,-0.013212378061165708,-0.014212378061165709,-0.013212378061165708
2019-09-25,0.03303777791698015,0.014494893319015753,-0.0005,-0.03403777791698015,0.03303777791698015,-0.03303777791698015,0.03303777791698015,0.03203777791698015,-0.03303777791698015,0.03303777791698015,-0.03403777791698015,0.03303777791698015
2019-09-26,-0.004993513483821932,-0.0021292178336126326,-0.005493513483821932,-0.005993513483821932,-0.004993513483821932,-0.005993513483821932,-0.004993513483821932,0.003993513483821932,0.004993513483821932,-0.004993513483821932,-0.005993513483821932,-0.004993513483821932
2019-09-27,-0.03146483296353153,-0.013806974605144715,-0.03146483296353153,-0.03146483296353153,-0.03146483296353153,-0.03146483296353153,-0.03146483296353153,0.03146483296353153,0.03146483296353153,-0.03146483296353153,0.03046483296353153,-0.03146483296353153
2019-09-30,0.013448856291200295,0.0055345759107949324,-0.0005,-0.014448856291200296,0.013448856291200293,-0.014448856291200296,0.013448856291200295,0.012448856291200294,-0.013448856291200295,0.013448856291200295,-0.013448856291200295,0.013448856291200295
2019-10-01,-0.0004022966196497446,-0.00018468647919970928,0.0,0.0004022966196497446,-0.00040229661964974467,-0.0014022966196497446,-0.0004022966196497446,-0.0005977033803502554,0.0004022966196497446,-0.0005,-0.0014022966196497446,-0.0004022966196497446
2019-10-02,-0.005516925322761157,-0.002389676916193647,0.0,0.005516925322761157,-0.005516925322761157,0.004516925322761157,-0.005516925322761157,0.005516925322761157,0.005516925322761157,0.0,0.004516925322761157,-0.005516925322761157
2019-10-03,0.047792497260735534,0.02118656515372648,0.0,-0.047792497260735534,0.047792497260735534,-0.047792497260735534,0.047792497260735534,0.04679249726073553,-0.047792497260735534,0.0,-0.0005,0.047792497260735534
2019-10-04,0.0036399841780327957,0.0014890107791619264,0.0,0.0026399841780327957,0.0036399841780327957,0.0026399841780327957,0.0036399841780327957,-0.004639984178032796,0.0026399841780327957,0.0,0.0031399841780327957,0.0036399841780327957
2019-10-07,0.01296917677728171,0.0067377698573679165,0.0,0.01296917677728171,0.01296917677728171,0.01296917677728171,0.01296917677728171,-0.01296917677728171,0.01296917677728171,0.0,0.01296917677728171,0.01296917677728171
2019-10-08,-0.038517802340806484,-0.020044815648906325,0.0,-0.038517802340806484,-0.038517802340806484,-0.038517802340806484,-0.038517802340806484,0.038517802340806484,-0.038517802340806484,0.0,-0.038517802340806484,-0.038517802340806484
2019-10-09,0.019635305640812506,0.00924187107514795,0.0,-0.020635305640812507,-0.020635305640812507,-0.020635305640812507,0.019635305640812506,0.018635305640812505,0.019635305640812506,0.0,-0.020635305640812507,0.019635305640812506
2019-10-10,0.012838654419021767,0.005992807750056368,0.0,0.011838654419021766,-0.012838654419021767,0.011838654419021766,0.012838654419021767,-0.013838654419021768,0.012838654419021767,0.0,0.011838654419021766,0.012838654419021767
2019-10-11,0.016172090610525824,0.007551894809533253,0.0,0.016172090610525824,-0.01617209061052582,0.016172090610525824,0.016172090610525824,-0.016172090610525824,0.016172090610525824,0.0,0.016172090610525824,0.016172090610525824
2019-10-14,0.0029032209455486235,0.0013557195366780104,0.0,0.0029032209455486235,0.0019032209455486233,0.0029032209455486235,0.0029032209455486235,-0.0029032209455486235,0.0029032209455486235,0.0,0.0029032209455486235,0.0029032209455486235
2019-10-15,0.05275288532300482,0.024634059408460723,0.0,0.05275288532300482,0.05275288532300482,0.05275288532300482,0.05275288532300482,0.051752885323004816,0.05275288532300482,0.0,-0.05375288532300482,0.05275288532300482
2019-10-16,-0.010999622273506815,-0.004518082538907885,0.0,-0.010999622273506815,-0.010999622273506813,-0.010999622273506815,-0.010999622273506815,0.009999622273506814,-0.010999622273506815,0.0,-0.011999622273506816,-0.010999622273506815
2019-10-17,0.0004119756823643961,0.00016811555452314226,0.0,0.0004119756823643961,0.000411975682364396,0.0004119756823643961,0.0004119756823643961,-0.0005880243176356039,0.0004119756823643961,0.0,0.0004119756823643961,0.0004119756823643961
2019-10-18,-0.01955821749642095,-0.007981152093794531,0.0,-0.01955821749642095,-0.01955821749642095,-0.01955821749642095,-0.01955821749642095,-0.01955821749642095,-0.01955821749642095,-0.02005821749642095,-0.01955821749642095,-0.01955821749642095
2019-10-21,0.02897771269200744,0.011824980081518869,0.0,0.02897771269200744,0.02897771269200744,-0.02997771269200744,0.02897771269200744,0.02897771269200744,0.02897771269200744,0.02897771269200744,0.02897771269200744,0.02897771269200744
2019-10-22,-0.002040766159909335,-0.0008327786063881319,0.0,-0.002040766159909335,-0.0020407661599093348,-0.003040766159909335,-0.002040766159909335,0.0010407661599093352,-0.002040766159909335,-0.002040766159909335,-0.002040766159909335,-0.002040766159909335
2019-10-23,-0.0026581856996930053,-0.0010847299538765134,0.0,-0.0026581856996930053,-0.0026581856996930053,-0.0026581856996930053,-0.0026581856996930053,0.0026581856996930053,-0.0026581856996930053,-0.0026581856996930053,-0.0026581856996930053,-0.0026581856996930053
2019-10-24,0.009072861353391026,0.00370237657908116,0.0,0.009072861353391026,0.009072861353391026,-0.010072861353391027,0.009072861353391026,0.008072861353391025,0.009072861353391026,0.009072861353391026,-0.010072861353391027,0.009072861353391026
2019-10-25,0.03901219221205188,0.01591976567464342,0.0,0.03901219221205188,0.03901219221205188,0.038012192212051876,0.03901219221205188,-0.04001219221205188,0.03901219221205188,0.03901219221205188,-0.03901219221205188,0.03901219221205188
2019-10-28,0.011000326694057927,0.004488920344748717,0.010500326694057927,0.011000326694057927,0.011000326694057925,0.011000326694057927,0.011000326694057927,-0.011000326694057927,0.011000326694057927,0.011000326694057927,0.010000326694057926,0.011000326694057927
2019-10-29,-0.018714423101915623,-0.007636823608866361,-0.0005,-0.018714423101915623,-0.018714423101915623,-0.018714423101915623,-0.018714423101915623,0.018714423101915623,-0.018714423101915623,-0.018714423101915623,-0.018714423101915623,-0.018714423101915623
2019-10-30,0.00039400842317172113,0.00016078362724747882,-0.00010599157682827888,0.00039400842317172113,0.00039400842317172113,0.00039400842317172113,0.00039400842317172113,-0.00039400842317172113,0.00039400842317172113,0.00039400842317172113,-0.0013940084231717212,0.00039400842317172113
2019-10-31,-0.00975384881614716,-0.0039802681873127655,-0.00975384881614716,-0.00975384881614716,-0.00975384881614716,-0.00975384881614716,-0.00975384881614716,0.00975384881614716,-0.00975384881614716,-0.00975384881614716,0.00975384881614716,-0.00975384881614716
2019-11-01,0.00781055281689258,0.0031872643802863107,-0.0005,0.00781055281689258,0.00781055281689258,-0.00881055281689258,0.00781055281689258,0.00681055281689258,0.00781055281689258,0.00781055281689258,-0.00781055281689258,0.00781055281689258
2019-11-04,0.03904412587532513,0.0181678506691844,0.0,0.03904412587532513,0.03904412587532513,0.03804412587532513,0.03904412587532513,-0.04004412587532513,0.03904412587532513,0.03904412587532513,-0.03904412587532513,0.03904412587532513
2019-11-05,-0.004227907967995104,-0.0019704521611459704,0.0,-0.004227907967995104,-0.004227907967995104,-0.004227907967995104,-0.004227907967995104,0.004227907967995104,-0.004227907967995104,-0.004227907967995104,-0.005227907967995104,-0.004227907967995104
2019-11-06,-0.009446445734611397,-0.004402595693619109,0.0,-0.009446445734611397,-0.009446445734611397,-0.009446445734611397,-0.009446445734611397,0.009446445734611397,-0.009446445734611397,-0.009446445734611397,-0.009446445734611397,-0.009446445734611397
2019-11-07,0.003419871459430013,0.0015938599324031208,0.0,0.003419871459430013,0.003419871459430013,0.003419871459430013,0.003419871459430013,0.002419871459430013,0.003419871459430013,0.003419871459430013,0.003419871459430013,0.003419871459430013
2019-11-08,-0.0026880586032524967,-0.0012527923796263757,0.0,-0.0026880586032524967,-0.0026880586032524962,-0.0026880586032524967,-0.0026880586032524967,0.0016880586032524967,-0.0026880586032524967,-0.0026880586032524967,-0.0026880586032524967,-0.0026880586032524967
2019-11-11,0.0019251641627890947,0.0008972389923916474,0.0014251641627890947,0.0019251641627890947,0.0019251641627890947,0.0019251641627890947,0.0019251641627890947,0.0009251641627890947,0.0019251641627890947,0.0019251641627890947,-0.0029251641627890948,0.0019251641627890947
2019-11-12,0.0068691590939478075,0.0032014295212635592,0.0068691590939478075,0.0068691590939478075,0.0068691590939478075,0.0068691590939478075,0.0068691590939478075,0.0068691590939478075,0.0068691590939478075,0.0068691590939478075,-0.0068691590939478075,0.0068691590939478075
2019-11-13,-0.004961561339072995,-0.002312377501412538,-0.004961561339072995,-0.004961561339072995,-0.004961561339072994,-0.004961561339072995,-0.004961561339072995,-0.004961561339072995,-0.004961561339072995,-0.004961561339072995,-0.005961561339072995,-0.004961561339072995
2019-11-14,0.005849058201401025,0.003390763038424923,0.005849058201401025,0.005849058201401025,0.005849058201401025,0.005849058201401025,0.005849058201401025,0.005849058201401025,0.005849058201401025,0.005849058201401025,-0.006849058201401025,0.005849058201401025
2019-11-15,-0.02669324739706458,-0.015757945969760195,-0.02669324739706458,-0.02669324739706458,-0.02669324739706458,-0.02669324739706458,-0.02669324739706458,-0.02669324739706458,-0.02669324739706458,-0.02669324739706458,-0.02769324739706458,-0.02669324739706458
2019-11-18,0.039620208562643144,0.02338917766556264,0.039620208562643144,-0.0005,0.039620208562643144,-0.0005,0.039620208562643144,0.039620208562643144,0.039620208562643144,0.039620208562643144,0.039620208562643144,0.039620208562643144
2019-11-19,-0.020209277333612108,-0.010601949241463593,-0.020209277333612108,-0.02070927733361211,-0.020209277333612108,-0.02070927733361211,-0.020209277333612108,-0.020209277333612108,-0.020209277333612108,-0.020209277333612108,-0.020209277333612108,-0.020209277333612108
2019-11-20,0.015337214660737342,0.008020452747641302,0.015337214660737342,0.015337214660737342,0.01533721466073734,-0.0005,0.015337214660737342,0.015337214660737342,0.015337214660737342,0.015337214660737342,0.015337214660737342,0.015337214660737342
2019-11-21,-0.004735513103152789,-0.0024763922211314495,-0.004735513103152788,-0.004735513103152789,-0.004735513103152789,-0.005235513103152789,-0.004735513103152789,-0.004735513103152789,-0.004735513103152789,-0.004735513103152789,-0.004735513103152789,-0.004735513103152789
2019-11-22,0.0033780145921535887,0.0017665010900948133,0.0033780145921535887,0.0033780145921535887,0.0033780145921535887,0.0033780145921535887,0.0033780145921535887,0.0033780145921535887,0.0033780145921535887,0.0033780145921535887,0.0033780145921535887,0.0033780145921535887
2019-11-25,0.048936006949194866,0.025590626464857394,0.04893600694919486,0.048936006949194866,0.048936006949194866,0.048936006949194866,0.048936006949194866,0.048936006949194866,0.048936006949194866,0.048936006949194866,-0.04993600694919487,0.048936006949194866
2019-11-26,-0.019031845252274193,-0.009952525208964391,-0.019031845252274193,-0.019031845252274193,-0.019031845252274193,-0.019031845252274193,-0.019031845252274193,-0.019031845252274193,-0.019031845252274193,-0.019031845252274193,-0.020031845252274194,-0.019031845252274193
2019-11-27,0.006456382990675191,0.003376305009927788,0.006456382990675191,0.006456382990675191,0.00645638299067519,0.006456382990675191,0.006456382990675191,0.006456382990675191,0.006456382990675191,0.006456382990675191,0.006456382990675191,0.006456382990675191
2019-11-29,-0.006873246398838684,-0.0035942998245896093,-0.006873246398838683,-0.006873246398838684,-0.006873246398838684,-0.006873246398838684,-0.006873246398838684,-0.006873246398838684,-0.006873246398838684,-0.006873246398838684,0.005873246398838684,-0.006873246398838684
2019-12-02,-0.0345574334529033,-0.018071486134852394,-0.0345574334529033,-0.0345574334529033,-0.0345574334529033,-0.0345574334529033,-0.0345574334529033,-0.0345574334529033,-0.0345574334529033,-0.0345574334529033,0.0345574334529033,-0.0345574334529033
2019-12-03,-0.007598567556802438,-0.003473110313251488,-0.007598567556802438,-0.0005,-0.007598567556802438,-0.0005,-0.007598567556802438,-0.007598567556802438,-0.007598567556802438,-0.007598567556802438,0.007598567556802438,-0.007598567556802438
2019-12-04,0.008475167297955055,0.003834461819828158,0.008475167297955055,0.0,0.008475167297955055,0.0,0.008475167297955055,0.008475167297955055,0.008475167297955055,0.008475167297955055,0.007475167297955055,0.008475167297955055
2019-12-05,-0.0032468070743334465,-0.0014689689684218416,-0.0032468070743334465,0.0,0.0022468070743334465,0.0,-0.0032468070743334465,-0.0032468070743334465,-0.0032468070743334465,-0.0032468070743334465,0.0022468070743334465,-0.0032468070743334465
2019-12-06,0.016431833419591646,0.007434335590331454,0.016431833419591646,0.0,-0.016431833419591646,0.0,0.016431833419591646,0.016431833419591646,0.016431833419591646,0.016431833419591646,0.015431833419591645,0.016431833419591646
2019-12-09,0.0,0.0,0.0,-0.0005,-0.001,-0.0005,0.0,0.0,0.0,0.0,-0.001,0.0
2019-12-10,0.00853089181130584,0.0038596735367607132,0.00853089181130584,0.00853089181130584,0.00853089181130584,0.00853089181130584,0.00853089181130584,0.00853089181130584,0.00853089181130584,0.00853089181130584,-0.00853089181130584,0.00853089181130584
2019-12-11,0.015702336278651252,0.007560278753325224,0.015702336278651252,0.015702336278651252,0.015702336278651252,0.015702336278651252,0.015702336278651252,-0.016702336278651253,-0.0005,0.015702336278651252,-0.0005,0.015702336278651252
2019-12-12,0.030965151925151257,0.014887706034536125,0.030965151925151257,0.030965151925151257,0.030965151925151257,0.030965151925151257,0.030965151925151257,-0.030965151925151257,0.0,0.030965151925151257,0.030465151925151257,0.030965151925151257
2019-12-13,-0.0003565549481138186,-0.00017217739869407952,-0.0003565549481138186,-0.0003565549481138186,-0.0003565549481138186,-0.0003565549481138186,-0.0003565549481138186,0.0003565549481138186,0.0,-0.0003565549481138186,-0.0005,-0.0003565549481138186
2019-12-16,0.005178442115244097,0.0024702714470533575,0.005178442115244097,0.005178442115244097,0.005178442115244097,0.005178442115244097,0.005178442115244097,-0.005178442115244097,0.0,0.005178442115244097,0.0,0.005178442115244097
2019-12-17,0.013946201471808362,0.0066546544872857155,0.01394620147180836,0.013946201471808362,0.013946201471808362,0.013946201471808362,0.013946201471808362,-0.013946201471808362,0.0,0.013946201471808362,0.013446201471808361,0.013946201471808362
2019-12-18,0.005344070825638481,0.0025496969249984,0.005344070825638481,0.005344070825638481,0.005344070825638481,0.005344070825638481,0.005344070825638481,-0.005344070825638481,0.0,0.005344070825638481,0.005344070825638481,0.005344070825638481
2019-12-19,0.025924902556058393,0.01248080814628544,0.025924902556058393,0.025924902556058393,0.025924902556058393,0.025924902556058393,0.025924902556058393,-0.025924902556058393,0.0,0.025924902556058393,0.025924902556058393,0.025924902556058393
2019-12-20,0.01660592675446826,0.008057931415370416,0.016605926754468255,0.01660592675446826,0.01660592675446826,0.01660592675446826,0.01660592675446826,-0.01660592675446826,0.0,0.01660592675446826,-0.0005,0.01660592675446826
2019-12-23,-0.002297647067402764,-0.0011137453420243736,-0.002297647067402764,-0.002297647067402764,-0.002297647067402764,-0.002297647067402764,-0.002297647067402764,0.002297647067402764,0.0,-0.002297647067402764,0.0017976470674027638,-0.002297647067402764
2019-12-24,-0.0008375781846062802,-0.0004098033960769488,-0.0008375781846062802,-0.0008375781846062802,-0.0008375781846062802,-0.0008375781846062802,-0.0008375781846062802,-0.0018375781846062802,0.0,-0.0008375781846062802,-0.0018375781846062802,-0.0008375781846062802
2019-12-26,0.0023887934109303455,0.001179654414924029,0.0023887934109303455,0.0023887934109303455,0.0023887934109303455,0.0023887934109303455,0.0023887934109303455,0.0023887934109303455,0.0,0.0023887934109303455,-0.0033887934109303455,0.0023887934109303455
2019-12-27,-0.009699691302011315,-0.004816487480942508,-0.009699691302011315,-0.009699691302011315,-0.009699691302011315,-0.009699691302011315,-0.009699691302011315,0.008699691302011314,0.0,-0.009699691302011315,-0.0005,-0.009699691302011315
2019-12-30,-0.01920878123117431,-0.009790633834566298,-0.01920878123117431,-0.01920878123117431,-0.01920878123117431,-0.0005,-0.01920878123117431,-0.02020878123117431,0.0,-0.01920878123117431,-0.01970878123117431,-0.01920878123117431
2019-12-31,0.012827422017370749,0.006453015162481532,0.012827422017370749,0.012827422017370749,0.012827422017370747,0.0,0.012827422017370749,0.012827422017370749,0.0,0.012827422017370749,-0.0005,0.012827422017370749
2020-01-02,0.019591697049795798,0.009852364962999537,0.019591697049795798,0.019591697049795798,0.019591697049795798,0.019091697049795797,0.019591697049795798,-0.0205916970497958,0.0,0.019591697049795798,0.019091697049795797,0.019591697049795798
2020-01-03,-0.016005835451680217,-0.008032739995587613,-0.016005835451680217,-0.016005835451680217,-0.016005835451680217,-0.016005835451680217,-0.016005835451680217,0.016005835451680217,0.0,-0.016005835451680217,-0.016005835451680217,-0.016005835451680217
2020-01-06,0.004193854852465595,0.002166866703396666,0.004193854852465595,0.004193854852465595,0.004193854852465595,-0.0005,0.004193854852465595,0.003193854852465595,0.0,0.004193854852465595,-0.0005,0.004193854852465595
2020-01-07,0.012106312218163051,0.0062794521432746305,0.012106312218163051,0.012106312218163051,0.012106312218163051,0.01160631221816305,0.012106312218163051,-0.013106312218163052,0.0,0.012106312218163051,0.0,0.012106312218163051
2020-01-08,0.0018755130698293598,0.0009730592679956289,0.0018755130698293596,0.0018755130698293598,0.0018755130698293598,0.0018755130698293598,0.0018755130698293598,-0.0018755130698293598,0.0,0.0018755130698293598,0.0,0.0018755130698293598
2020-01-09,0.01098256130968478,0.005962407527080782,0.01098256130968478,0.01098256130968478,0.01098256130968478,0.01098256130968478,0.01098256130968478,-0.01098256130968478,0.0,0.01098256130968478,0.0,0.01098256130968478
2020-01-10,0.005349617112649696,0.0029231753703581474,0.005349617112649696,0.005349617112649696,0.005349617112649696,0.005349617112649696,0.005349617112649696,-0.005349617112649696,0.0,0.005349617112649696,0.004849617112649696,0.005349617112649696
2020-01-13,0.03135235511669787,0.01716875928188184,0.03135235511669787,0.03135235511669787,0.03135235511669787,0.03135235511669787,0.03135235511669787,0.03035235511669787,0.03085235511669787,0.03135235511669787,0.03135235511669787,0.03135235511669787
2020-01-14,-0.01865244828846735,-0.01006357161918923,-0.01865244828846735,-0.01865244828846735,-0.01865244828846735,-0.01865244828846735,-0.01865244828846735,-0.01865244828846735,-0.01865244828846735,-0.01865244828846735,-0.01865244828846735,-0.01865244828846735
2020-01-15,-0.0069151744036539675,-0.0036807079743293863,-0.0069151744036539675,-0.0069151744036539675,-0.0069151744036539675,-0.0069151744036539675,-0.0069151744036539675,-0.0069151744036539675,-0.0069151744036539675,-0.0069151744036539675,-0.0069151744036539675,-0.0069151744036539675
2020-01-16,0.013682396674912667,0.0077134073567274525,0.013682396674912667,0.013682396674912667,0.013682396674912667,-0.0005,0.013682396674912667,0.013682396674912667,0.013682396674912667,0.013682396674912667,0.013682396674912667,0.013682396674912667
2020-01-17,0.0014060778595867962,0.0007962538520288285,0.0014060778595867962,0.0014060778595867962,0.0014060778595867962,0.0009060778595867962,0.0014060778595867962,0.0014060778595867962,0.0014060778595867962,0.0014060778595867962,0.0014060778595867962,0.0014060778595867962
2020-01-21,-0.005375407449359271,-0.003048629962938182,-0.00537540744935927,-0.005375407449359271,-0.005375407449359271,-0.005375407449359271,-0.005375407449359271,-0.005375407449359271,-0.005375407449359271,-0.005375407449359271,-0.005375407449359271,-0.005375407449359271
2020-01-22,0.008752072627209229,0.00502932824608868,0.008752072627209229,0.008752072627209229,0.008752072627209229,-0.0005,0.008752072627209229,0.008752072627209229,0.008752072627209229,0.008752072627209229,-0.00975207262720923,0.008752072627209229
2020-01-23,0.010994918991467761,0.0064332459421113765,0.010994918991467761,0.010994918991467761,0.010994918991467761,0.010494918991467761,0.010994918991467761,0.010994918991467761,0.010994918991467761,0.010994918991467761,0.00999491899146776,0.010994918991467761
2020-01-24,-0.009412074394766878,-0.005510085601493575,-0.009412074394766877,-0.009412074394766878,-0.009412074394766878,-0.009412074394766878,-0.009412074394766878,-0.009412074394766878,-0.009412074394766878,-0.009412074394766878,-0.009412074394766878,-0.009412074394766878
2020-01-27,-0.041041078220091065,-0.023925585635534027,-0.041041078220091065,-0.041041078220091065,-0.041041078220091065,-0.0005,-0.041041078220091065,-0.041041078220091065,-0.041041078220091065,-0.041041078220091065,-0.041041078220091065,-0.041041078220091065
2020-01-28,0.0323479493054013,0.017792154062828365,0.0323479493054013,0.0323479493054013,0.0323479493054013,0.0,0.0323479493054013,0.0323479493054013,-0.0005,0.0323479493054013,0.0323479493054013,0.0323479493054013
2020-01-29,-0.009799888421209602,-0.005463359408169983,-0.009799888421209602,-0.009799888421209602,-0.009799888421209602,-0.010299888421209602,-0.009799888421209602,-0.009799888421209602,0.0,-0.009799888421209602,-0.0005,-0.009799888421209602
2020-01-30,0.0010998005312758963,0.0006102235453643469,0.0010998005312758963,0.0010998005312758963,0.0010998005312758963,-0.0005,0.0010998005312758963,0.0010998005312758963,0.0,0.0010998005312758963,0.0005998005312758963,0.0010998005312758963
2020-01-31,-0.03815957774975243,-0.0214870809747756,-0.03815957774975243,-0.03815957774975243,-0.03815957774975243,-0.03865957774975243,-0.03815957774975243,-0.03815957774975243,0.0,-0.03815957774975243,-0.0005,-0.03815957774975243
2020-02-03,0.016495367115321624,0.008857488460710923,0.016495367115321624,0.016495367115321624,0.016495367115321624,-0.0005,0.016495367115321624,0.016495367115321624,0.0,0.016495367115321624,0.015995367115321624,0.016495367115321624
2020-02-04,0.028294589699316752,0.015202731690431036,0.028294589699316752,0.028294589699316752,0.028294589699316752,0.027794589699316752,0.028294589699316752,0.028294589699316752,0.0,0.028294589699316752,0.028294589699316752,0.028294589699316752
2020-02-05,0.014688362083385309,0.007765418116091992,0.014688362083385307,0.014688362083385309,0.014688362083385309,0.014688362083385309,0.014688362083385309,0.014688362083385309,0.0,0.014688362083385309,0.014688362083385309,0.014688362083385309
2020-02-06,0.013917777696352385,0.0075788888960425385,0.013917777696352385,0.013917777696352385,0.013917777696352385,0.013917777696352385,0.013917777696352385,0.013917777696352385,0.0,-0.0005,0.013917777696352385,0.013917777696352385
2020-02-07,-0.010461972564190125,-0.00569383037247424,-0.010461972564190125,-0.010461972564190125,-0.010461972564190125,-0.010461972564190125,-0.010461972564190125,-0.010461972564190125,0.0,0.0,-0.010461972564190125,-0.010461972564190125
2020-02-10,0.045232330881297855,0.024597461489852205,0.045232330881297855,0.045232330881297855,0.045232330881297855,0.045232330881297855,0.045232330881297855,0.045232330881297855,0.0,0.0,0.045232330881297855,0.045232330881297855
2020-02-11,0.01870937618465418,0.009720737864766484,0.01870937618465418,0.01870937618465418,0.01870937618465418,0.01870937618465418,0.01870937618465418,0.01870937618465418,0.01820937618465418,0.01820937618465418,-0.01970937618465418,0.01870937618465418
2020-02-12,0.017357648500511136,0.008991100690883611,0.017357648500511132,0.017357648500511136,0.017357648500511136,0.017357648500511136,0.017357648500511136,0.017357648500511136,0.017357648500511136,0.017357648500511136,-0.017357648500511136,0.017357648500511136
2020-02-13,-0.006457808836808909,-0.003333311334598001,-0.006457808836808909,-0.006457808836808909,-0.006457808836808909,-0.006457808836808909,-0.006457808836808909,-0.006457808836808909,-0.006457808836808909,-0.006457808836808909,-0.0005,-0.006457808836808909
2020-02-14,0.0702049266816549,0.036129728987047575,0.0702049266816549,0.0702049266816549,0.0702049266816549,0.0702049266816549,0.0702049266816549,0.0702049266816549,0.0702049266816549,0.0702049266816549,0.0,0.0702049266816549
2020-02-18,0.023396224566687884,0.010970202997357,0.023396224566687884,0.023396224566687884,0.023396224566687884,0.023396224566687884,0.023396224566687884,0.023396224566687884,0.023396224566687884,0.023396224566687884,-0.023896224566687885,0.023396224566687884
2020-02-19,0.06113212589743866,0.028541163564914717,0.06113212589743866,0.06113212589743866,0.06113212589743866,0.06113212589743866,0.06113212589743866,0.06113212589743866,0.06113212589743866,0.06113212589743866,-0.0005,0.06113212589743866
2020-02-20,-0.019065694361420804,-0.008595059267916866,-0.019065694361420804,-0.019065694361420804,-0.019065694361420804,-0.019065694361420804,-0.019065694361420804,-0.019065694361420804,-0.019065694361420804,-0.019065694361420804,0.0,-0.019065694361420804
2020-02-21,-0.04739222258787079,-0.021514736564203777,-0.04739222258787079,-0.04739222258787079,-0.047392222587870785,-0.04739222258787079,-0.04739222258787079,-0.04739222258787079,-0.04739222258787079,-0.04739222258787079,0.0,-0.04739222258787079
2020-02-24,-0.07069734359863689,-0.03088226491284003,-0.07069734359863689,-0.07069734359863689,-0.07069734359863689,-0.0005,-0.07069734359863689,-0.07069734359863689,-0.07069734359863689,-0.07069734359863689,-0.07119734359863689,-0.07069734359863689
2020-02-25,-0.04109358176969702,-0.016440755317130934,-0.04109358176969702,-0.04109358176969702,-0.04109358176969702,0.0,-0.04109358176969702,-0.04109358176969702,-0.04109358176969702,-0.04109358176969702,-0.04109358176969702,-0.04109358176969702
2020-02-26,0.02137000046921189,0.008302500325620984,0.02137000046921189,0.02137000046921189,0.02137000046921189,0.0,0.02137000046921189,0.02137000046921189,0.02137000046921189,0.02137000046921189,0.02137000046921189,0.02137000046921189
2020-02-27,-0.05566572186188534,-0.021552772703105974,-0.055665721861885335,-0.05566572186188534,-0.05566572186188534,0.0,-0.05566572186188534,-0.05566572186188534,-0.05566572186188534,-0.05566572186188534,-0.05566572186188534,-0.05566572186188534
2020-02-28,0.069160588581054,0.02628409937927156,0.06916058858105399,0.069160588581054,0.06916058858105399,0.0,0.069160588581054,0.069160588581054,0.069160588581054,0.069160588581054,0.069160588581054,0.069160588581054
2020-03-02,0.02354965049360347,0.008521956996856605,0.023549650493603465,0.02354965049360347,0.02354965049360347,0.02304965049360347,0.02354965049360347,0.02354965049360347,0.02354965049360347,0.02354965049360347,-0.0005,0.02354965049360347
2020-03-03,-0.03812909836037148,-0.013751765331501409,-0.03812909836037148,-0.03812909836037148,-0.03812909836037148,-0.03812909836037148,-0.03812909836037148,-0.03812909836037148,-0.03812909836037148,-0.03812909836037148,-0.03862909836037148,-0.03812909836037148
2020-03-04,0.07002899272975505,0.0247768908734824,0.07002899272975503,0.07002899272975505,0.07002899272975505,0.07002899272975505,0.07002899272975505,0.07002899272975505,0.07002899272975505,0.07002899272975505,0.07002899272975505,0.07002899272975505
2020-03-05,-0.03943611749209819,-0.013540836221095785,-0.03943611749209819,-0.03943611749209819,-0.03943611749209819,-0.03943611749209819,-0.03943611749209819,-0.03943611749209819,-0.03943611749209819,-0.03943611749209819,-0.0005,-0.03943611749209819
2020-03-06,-0.02652862778900833,-0.008937463550876207,-0.02652862778900833,-0.02652862778900833,-0.02652862778900833,-0.02652862778900833,-0.02652862778900833,-0.02652862778900833,-0.02652862778900833,-0.0005,-0.02702862778900833,-0.02652862778900833
2020-03-09,-0.0774321185861152,-0.02582986583742369,-0.07743211858611519,-0.0774321185861152,-0.0774321185861152,-0.0005,-0.0774321185861152,-0.0774321185861152,-0.0774321185861152,0.0,-0.0774321185861152,-0.0774321185861152
2020-03-10,0.06372237012656079,0.019975616912775412,0.06372237012656079,0.06372237012656079,-0.06472237012656079,0.0,0.06372237012656079,0.06372237012656079,0.06372237012656079,0.0,-0.06472237012656079,0.06372237012656079
2020-03-11,-0.05595978905304211,-0.017038527971925763,-0.05595978905304211,-0.05595978905304211,-0.05695978905304211,-0.05645978905304211,0.05495978905304211,-0.05595978905304211,-0.05595978905304211,0.0,0.05595978905304211,-0.05595978905304211
2020-03-12,-0.1223678750532311,-0.03620570261740161,-0.1223678750532311,-0.1223678750532311,0.12136787505323109,-0.0005,0.1223678750532311,-0.1223678750532311,-0.1223678750532311,0.0,0.1223678750532311,-0.1223678750532311
2020-03-13,0.11340212033024355,0.03007295561348893,0.11340212033024354,0.11340212033024355,0.11240212033024355,0.0,-0.11340212033024355,0.11340212033024355,-0.0005,-0.11390212033024355,-0.11340212033024355,0.11340212033024355
2020-03-16,-0.18452095344136066,-0.04553513995693942,-0.18452095344136066,-0.18452095344136066,-0.18452095344136066,-0.18502095344136066,0.18452095344136066,-0.18452095344136066,0.0,0.18452095344136066,-0.18552095344136066,-0.18452095344136066
2020-03-17,-0.0005,0.02240614821203597,-0.0005,-0.0005,-0.1072627502962461,-0.0005,-0.1062627502962461,-0.10726275029624609,0.0,-0.1062627502962461,-0.1072627502962461,0.1062627502962461
2020-03-18,-0.06700703970095051,-0.013439874405251202,-0.06700703970095051,-0.06700703970095051,0.0665070397009505,-0.06700703970095051,0.06650703970095051,-0.06750703970095051,0.0,0.06650703970095051,0.06650703970095051,-0.06650703970095051
2020-03-19,0.050044287440089485,0.009947748713144682,0.050044287440089485,0.050044287440089485,-0.050044287440089485,-0.0005,-0.050044287440089485,0.050044287440089485,0.0,-0.050044287440089485,-0.050044287440089485,0.050044287440089485
2020-03-20,-0.0339013457758679,-0.006685508990969899,-0.0339013457758679,-0.0339013457758679,0.0339013457758679,-0.0344013457758679,0.0339013457758679,-0.0339013457758679,0.0,0.0339013457758679,0.0339013457758679,-0.0339013457758679
2020-03-23,0.033730261517538995,0.0066249867539891405,0.033730261517538995,0.033730261517538995,-0.033730261517538995,0.033730261517538995,-0.033730261517538995,0.033730261517538995,0.0,-0.033730261517538995,-0.033730261517538995,0.033730261517538995
2020-03-24,0.17156398864636957,0.03364334781903851,0.17156398864636954,0.17156398864636957,-0.17156398864636957,0.17156398864636957,-0.17156398864636957,0.17156398864636957,0.0,-0.17156398864636957,-0.17156398864636957,0.17156398864636957
2020-03-25,-0.014286697950882554,-0.0025652035043039674,-0.014286697950882552,-0.014286697950882554,-0.015286697950882555,-0.014286697950882554,0.014286697950882554,-0.014286697950882554,0.0,0.014286697950882554,0.014286697950882554,-0.014286697950882554
2020-03-26,0.047308937261713924,0.00845995340439735,0.047308937261713924,0.047308937261713924,0.047308937261713924,0.047308937261713924,-0.047308937261713924,0.047308937261713924,0.0,-0.047308937261713924,-0.047308937261713924,0.047308937261713924
2020-03-27,-0.01753247053278939,-0.0031175995703154936,-0.01753247053278939,-0.01753247053278939,-0.01753247053278939,-0.01753247053278939,0.01753247053278939,-0.01753247053278939,0.0,0.01753247053278939,0.01753247053278939,-0.01753247053278939
2020-03-30,0.050884401111565,0.009036293055607702,0.050884401111565,0.050884401111565,0.050884401111565,0.050884401111565,-0.050884401111565,0.050884401111565,0.0,-0.050884401111565,-0.050884401111565,0.050884401111565
2020-03-31,-0.007492618576465215,-0.0013230220490796736,-0.007492618576465215,-0.007492618576465215,-0.007492618576465215,-0.007492618576465215,0.007492618576465215,-0.007492618576465215,-0.007992618576465216,0.007492618576465215,0.007492618576465215,-0.007492618576465215
2020-04-01,-0.07788334044109224,-0.013762017948917885,-0.07788334044109224,-0.07788334044109224,-0.07788334044109223,-0.07788334044109224,0.07788334044109224,-0.07788334044109224,-0.07788334044109224,0.07788334044109224,-0.07888334044109224,-0.07788334044109224
2020-04-02,0.05101441575958576,0.008854360467812529,0.05101441575958576,0.05101441575958576,0.05101441575958576,-0.0005,-0.05101441575958576,0.05101441575958576,0.05101441575958576,-0.0005,0.05101441575958576,0.05101441575958576
2020-04-03,-0.04524999200819202,-0.007811674733611417,-0.04524999200819202,-0.04524999200819202,-0.04524999200819201,-0.04574999200819202,0.04524999200819202,-0.04524999200819202,-0.04524999200819202,0.0,-0.04524999200819202,-0.04524999200819202
2020-04-06,0.10040573323970858,0.01724283092423341,0.10040573323970858,0.10040573323970858,0.10040573323970858,-0.0005,0.09940573323970858,0.10040573323970858,0.10040573323970858,0.0,0.10040573323970858,0.10040573323970858
2020-04-07,-0.03491054035201602,-0.0058509209511421086,-0.03491054035201601,-0.03491054035201602,-0.03491054035201602,-0.03541054035201602,-0.03491054035201602,-0.03491054035201602,-0.03491054035201602,0.0,0.033910540352016016,-0.03491054035201602
2020-04-08,0.030575691180590114,0.005104556083374139,0.030575691180590114,0.030575691180590114,0.030575691180590114,0.030575691180590114,0.030575691180590114,0.030575691180590114,0.030575691180590114,0.0,0.029575691180590113,0.030575691180590114
2020-04-09,-0.014984295487985966,-0.0024971491601909535,-0.014984295487985966,-0.014984295487985966,-0.014984295487985966,-0.014984295487985966,-0.014984295487985966,-0.014984295487985966,-0.014984295487985966,0.0,0.013984295487985965,-0.014984295487985966
2020-04-13,0.026240997678459443,0.004369875427721968,0.026240997678459443,0.026240997678459443,0.026240997678459443,-0.0005,0.026240997678459443,0.026240997678459443,0.026240997678459443,0.025740997678459443,0.025240997678459443,0.026240997678459443
2020-04-14,0.0522510500486173,0.008689683576723069,0.0522510500486173,0.0522510500486173,0.0522510500486173,0.0517510500486173,0.0522510500486173,-0.0532510500486173,0.0522510500486173,0.0522510500486173,-0.0532510500486173,0.0522510500486173
2020-04-15,-0.010952586837802869,-0.0018145718487154858,-0.010952586837802869,-0.010952586837802869,-0.010952586837802869,-0.010952586837802869,-0.010952586837802869,0.010952586837802869,-0.010952586837802869,-0.010952586837802869,0.010952586837802869,-0.010952586837802869
2020-04-16,0.04935197557599991,0.008180586773033788,0.04935197557599991,0.04935197557599991,0.04935197557599991,0.04935197557599991,0.04935197557599991,0.0483519755759999,0.04935197557599991,0.04935197557599991,0.048351975575999906,0.04935197557599991
2020-04-17,-0.008076170784884318,-0.001332751786537521,-0.008076170784884318,-0.008076170784884318,-0.008076170784884318,-0.008076170784884318,-0.008076170784884318,0.007076170784884318,-0.008076170784884318,-0.008076170784884318,-0.008076170784884318,-0.008076170784884318
2020-04-20,-0.018027975079544678,-0.002973664005583873,-0.018027975079544678,-0.018027975079544678,-0.018027975079544678,-0.018027975079544678,-0.018027975079544678,-0.019027975079544675,-0.018027975079544678,-0.018027975079544678,0.017027975079544677,-0.018027975079544678
2020-04-21,-0.06110438068422397,-0.010067179355060909,-0.06110438068422397,-0.06110438068422397,-0.06110438068422397,-0.0005,-0.06110438068422397,-0.06110438068422396,-0.06110438068422397,-0.06110438068422397,0.06110438068422397,-0.06110438068422397
2020-04-22,0.0617416518215721,0.010070809008409558,0.0617416518215721,0.0617416518215721,0.0617416518215721,0.0,0.0617416518215721,0.06174165182157209,0.0617416518215721,0.0617416518215721,-0.0617416518215721,0.0617416518215721
2020-04-23,-0.007478572355015034,-0.0012108260001712006,-0.007478572355015034,-0.007478572355015034,-0.007478572355015034,-0.007978572355015034,-0.007478572355015034,0.006478572355015034,-0.007478572355015034,-0.007478572355015034,-0.008478572355015035,-0.007478572355015034
2020-04-24,0.019647134574063196,0.00317872208776872,0.019647134574063193,0.019647134574063196,0.019647134574063196,0.019647134574063196,0.019647134574063196,-0.019647134574063196,0.019647134574063196,0.019647134574063196,-0.020647134574063197,0.019647134574063196
2020-04-27,0.02586397561279319,0.004183781686972203,0.02586397561279319,0.02586397561279319,0.02586397561279319,0.02586397561279319,0.02586397561279319,-0.02586397561279319,0.02586397561279319,-0.0005,-0.02586397561279319,0.02586397561279319
2020-04-28,-0.01925389953559653,-0.003126867618812649,-0.01925389953559653,-0.01925389953559653,-0.01925389953559653,-0.01925389953559653,-0.01925389953559653,0.01925389953559653,-0.01925389953559653,0.0,0.01925389953559653,-0.01925389953559653
2020-04-29,0.02436860955731701,0.003958908873428787,0.02436860955731701,0.02436860955731701,0.02436860955731701,-0.0005,0.02436860955731701,0.023368609557317007,0.02436860955731701,0.02386860955731701,0.02336860955731701,0.02436860955731701
2020-04-30,-0.020706428941815958,-0.003362509350230443,-0.020706428941815958,-0.020706428941815958,-0.020706428941815958,-0.021206428941815958,-0.020706428941815958,0.019706428941815957,-0.020706428941815958,-0.020706428941815958,-0.020706428941815958,-0.020706428941815958
2020-05-01,-0.032503093215180745,-0.00527033886620837,-0.032503093215180745,-0.032503093215180745,-0.032503093215180745,-0.0005,-0.032503093215180745,-0.03350309321518074,-0.032503093215180745,-0.032503093215180745,0.031503093215180744,-0.032503093215180745
2020-05-04,0.03009412217884133,0.00488475660989009,0.03009412217884133,0.03009412217884133,0.03009412217884133,0.0,0.03009412217884133,0.030094122178841328,0.03009412217884133,0.03009412217884133,-0.03009412217884133,0.03009412217884133
2020-05-05,0.0084107998410754,0.0013634886857850836,0.0084107998410754,0.0084107998410754,0.0084107998410754,0.0079107998410754,0.0084107998410754,-0.009410799841075401,0.0084107998410754,0.0084107998410754,-0.0084107998410754,0.0084107998410754
2020-05-06,0.013788021873815115,0.0022381628512143786,0.013788021873815115,0.013788021873815115,0.013788021873815115,0.013788021873815115,0.013788021873815115,-0.013788021873815115,0.013788021873815115,0.013788021873815115,0.012788021873815114,0.013788021873815115
2020-05-07,0.023774895556086584,0.0038596389335650056,0.023774895556086584,0.023774895556086584,0.023774895556086584,0.023774895556086584,0.023774895556086584,-0.023774895556086584,0.023774895556086584,-0.0005,0.023774895556086584,0.023774895556086584
2020-05-08,0.02502690057126289,0.00406010734683267,0.02502690057126289,0.02502690057126289,0.02502690057126289,0.02502690057126289,0.02502690057126289,-0.02502690057126289,-0.0005,0.02452690057126289,0.02502690057126289,0.02502690057126289
2020-05-11,0.03238406501290014,0.005251550896482918,0.03238406501290014,0.03238406501290014,0.03238406501290014,0.03238406501290014,0.03238406501290014,-0.03238406501290014,0.0,0.03238406501290014,0.03238406501290014,0.03238406501290014
2020-05-12,-0.03260800584518164,-0.005298999417280078,-0.03260800584518164,-0.03260800584518164,-0.03260800584518164,-0.03260800584518164,-0.03260800584518164,0.03260800584518164,0.0,-0.03260800584518164,0.03160800584518164,-0.03260800584518164
2020-05-13,-0.0028835734714188765,-0.0012636486998307897,-0.002883573471418876,-0.0028835734714188765,-0.0028835734714188765,-0.0005,-0.0028835734714188765,-0.0038835734714188766,-0.0033835734714188766,-0.0028835734714188765,-0.0038835734714188766,-0.0028835734714188765
2020-05-14,0.03219796069808045,0.013493562213384774,0.03219796069808045,0.03219796069808045,0.03219796069808045,0.0,0.03219796069808045,0.03219796069808045,0.03219796069808045,0.03219796069808045,-0.0005,0.03219796069808045
2020-05-15,0.057312663651525764,0.02376501074813558,0.05731266365152576,0.057312663651525764,0.057312663651525764,0.05681266365152576,0.057312663651525764,-0.058312663651525765,0.057312663651525764,0.057312663651525764,0.0,0.057312663651525764
2020-05-18,0.03056264542479248,0.012424560519890278,0.03056264542479248,0.03056264542479248,0.03056264542479248,0.03056264542479248,0.03056264542479248,-0.03056264542479248,0.03056264542479248,0.03056264542479248,0.030062645424792478,0.03056264542479248
2020-05-19,0.006313953992779897,0.0025505706502656758,0.006313953992779896,0.006313953992779897,0.006313953992779897,0.006313953992779897,0.006313953992779897,-0.006313953992779897,0.006313953992779897,0.006313953992779897,-0.007313953992779897,0.006313953992779897
2020-05-20,0.018681719533744534,0.007697402380260209,0.018681719533744534,0.018681719533744534,0.01868171953374453,0.018681719533744534,0.018681719533744534,-0.018681719533744534,0.018681719533744534,0.018681719533744534,-0.0005,0.018681719533744534
2020-05-21,-0.021711063565776123,-0.010621404942340176,-0.021711063565776123,-0.021711063565776123,-0.021711063565776123,-0.021711063565776123,-0.021711063565776123,0.021711063565776123,-0.021711063565776123,-0.021711063565776123,-0.022211063565776124,-0.021711063565776123
2020-05-22,0.028602896456022764,0.014680823647631286,0.028602896456022764,0.028602896456022764,0.028602896456022764,-0.0005,0.028602896456022764,0.027602896456022763,0.028602896456022764,0.028602896456022764,0.028602896456022764,0.028602896456022764
2020-05-26,-0.03417796486247038,-0.017577140760638855,-0.03417796486247038,-0.03417796486247038,-0.03417796486247038,-0.03467796486247038,-0.03417796486247038,0.03317796486247038,-0.03417796486247038,-0.03417796486247038,0.03317796486247038,-0.03417796486247038
2020-05-27,-0.022081220478722074,-0.010565079441559872,-0.022081220478722074,-0.022081220478722074,-0.022081220478722074,-0.0005,-0.022081220478722074,-0.023081220478722075,-0.022081220478722074,-0.022081220478722074,-0.023081220478722075,-0.022081220478722074
2020-05-28,-0.004486909068667555,-0.0021037869502057607,-0.004486909068667555,-0.004486909068667555,-0.004486909068667555,0.0,-0.004486909068667555,-0.004486909068667555,-0.004486909068667555,-0.004486909068667555,-0.0005,-0.004486909068667555
2020-05-29,0.04577607277188234,0.021838220835965,0.04577607277188234,0.04577607277188234,0.04577607277188234,0.0,0.04577607277188234,-0.04677607277188234,0.04577607277188234,0.04577607277188234,0.045276072771882336,0.04577607277188234
2020-06-01,-0.007802581975547507,-0.0035874480338094613,-0.007802581975547507,-0.007802581975547507,-0.007802581975547506,-0.008302581975547507,-0.007802581975547507,0.007802581975547507,-0.007802581975547507,-0.007802581975547507,-0.007802581975547507,-0.007802581975547507
2020-06-02,0.0021575550727850334,0.0010049755535580258,0.0021575550727850334,0.0021575550727850334,0.0021575550727850334,0.0021575550727850334,0.0021575550727850334,-0.0021575550727850334,0.0021575550727850334,0.0021575550727850334,-0.0005,0.0021575550727850334
2020-06-03,-0.006317425744316374,-0.0031685346089523232,-0.006317425744316374,-0.006317425744316374,-0.006317425744316374,-0.006317425744316374,-0.006317425744316374,0.006317425744316374,-0.006317425744316374,-0.006317425744316374,0.0,-0.006317425744316374
2020-06-04,0.0001145491899141593,5.6154152181391544e-05,0.0001145491899141593,0.0001145491899141593,0.0001145491899141593,0.0001145491899141593,0.0001145491899141593,-0.0008854508100858407,0.0001145491899141593,0.0001145491899141593,0.0,0.0001145491899141593
2020-06-05,0.017509920266283174,0.008757254823363406,0.017509920266283174,0.017509920266283174,0.017509920266283174,0.017509920266283174,0.017509920266283174,0.017509920266283174,0.017509920266283174,0.017509920266283174,0.017009920266283174,0.017509920266283174
2020-06-08,-0.012892781453745616,-0.006436382601424855,-0.012892781453745616,-0.012892781453745616,-0.012892781453745616,-0.012892781453745616,-0.012892781453745616,0.011892781453745616,-0.012892781453745616,-0.012892781453745616,-0.0005,-0.012892781453745616
2020-06-09,0.02737075627925889,0.013557976631015427,0.02737075627925889,0.02737075627925889,0.02737075627925889,-0.0005,0.02737075627925889,0.02637075627925889,0.02737075627925889,0.02737075627925889,0.02687075627925889,0.02737075627925889
2020-06-10,0.03545799803806071,0.01750563353003741,0.03545799803806071,0.03545799803806071,0.03545799803806071,0.03495799803806071,0.03545799803806071,-0.03645799803806071,0.03545799803806071,0.03545799803806071,0.03545799803806071,0.03545799803806071
2020-06-11,-0.06090680461979037,-0.029886266624702187,-0.06090680461979037,-0.06090680461979037,-0.06090680461979037,-0.06090680461979037,-0.06090680461979037,0.06090680461979037,-0.06090680461979037,-0.06090680461979037,-0.0005,-0.06090680461979037
2020-06-12,0.015489257824413238,0.006828842753516592,0.015489257824413237,0.015489257824413238,0.015489257824413237,-0.0005,0.015489257824413238,0.014489257824413238,0.015489257824413238,0.015489257824413238,0.014989257824413238,0.015489257824413238
2020-06-15,0.027008387128260036,0.011952960828419335,0.027008387128260033,0.027008387128260036,0.027008387128260036,0.0,0.027008387128260036,0.027008387128260036,0.027008387128260036,0.027008387128260036,0.027008387128260036,0.027008387128260036
2020-06-16,-0.011473291961792254,-0.005116674781028188,-0.011473291961792254,-0.011473291961792254,-0.011473291961792254,-0.011973291961792254,-0.011473291961792254,-0.011473291961792254,-0.011473291961792254,-0.011473291961792254,-0.011473291961792254,-0.011473291961792254
2020-06-17,0.01847068032531496,0.008929683328895236,0.01847068032531496,0.01847068032531496,0.01847068032531496,0.01847068032531496,0.01847068032531496,0.018470680325314955,0.01847068032531496,0.01847068032531496,0.01847068032531496,0.01847068032531496
2020-06-18,-0.0019487570061009762,-0.000967453355083637,-0.0019487570061009762,-0.0019487570061009762,-0.001948757006100976,-0.0019487570061009762,-0.0019487570061009762,-0.0019487570061009762,-0.0019487570061009762,-0.0019487570061009762,-0.0019487570061009762,-0.0019487570061009762
2020-06-19,0.004692031819299114,0.002317032222697543,0.004692031819299114,0.004692031819299114,0.004692031819299114,0.004692031819299114,0.004692031819299114,0.004692031819299114,0.004692031819299114,0.004692031819299114,0.004692031819299114,0.004692031819299114
2020-06-22,0.028667600214682842,0.014301513344232448,0.028667600214682842,0.028667600214682842,0.028667600214682842,0.028667600214682842,0.028667600214682842,0.028667600214682842,0.028667600214682842,0.028667600214682842,0.028667600214682842,0.028667600214682842
2020-06-23,-0.008056250847919166,-0.00401340195229808,-0.008056250847919166,-0.008056250847919166,-0.008056250847919165,-0.008056250847919166,-0.008056250847919166,-0.008056250847919166,-0.008056250847919166,-0.008056250847919166,-0.008056250847919166,-0.008056250847919166
2020-06-24,-0.02269836866817687,-0.011541873723100081,-0.022698368668176868,-0.02269836866817687,-0.022698368668176868,-0.02269836866817687,-0.02269836866817687,-0.02269836866817687,-0.02269836866817687,-0.02269836866817687,-0.02269836866817687,-0.02269836866817687
2020-06-25,0.02755670176887315,0.014425563795805734,0.027556701768873145,0.02755670176887315,0.02755670176887315,-0.0005,0.02755670176887315,0.02755670176887315,0.02755670176887315,0.02755670176887315,0.02755670176887315,0.02755670176887315
2020-06-26,-0.035300595592049455,-0.01861066226578061,-0.035300595592049455,-0.035300595592049455,-0.035300595592049455,-0.035800595592049456,-0.035300595592049455,-0.035300595592049455,-0.035300595592049455,-0.035300595592049455,-0.035300595592049455,-0.035300595592049455
2020-06-29,0.004915835430392201,0.0024191307642691786,0.004915835430392201,0.004915835430392201,0.0049158354303922005,-0.0005,0.004915835430392201,0.004915835430392201,0.004915835430392201,0.004915835430392201,0.004915835430392201,0.004915835430392201
2020-06-30,0.03236392829765089,0.01728059203113137,0.03236392829765088,0.03236392829765089,0.03236392829765089,0.0,0.03236392829765089,0.03236392829765089,0.03236392829765089,0.03236392829765089,0.03236392829765089,0.03236392829765089
2020-07-01,0.0033953749100568142,0.0017481738316880008,0.003395374910056814,0.0033953749100568142,0.0033953749100568142,0.0028953749100568142,0.0033953749100568142,0.0033953749100568142,0.0033953749100568142,0.0033953749100568142,0.0033953749100568142,0.0033953749100568142
2020-07-02,0.008630973624815796,0.004466139778734514,0.008630973624815796,0.008630973624815796,0.008630973624815796,0.008630973624815796,0.008630973624815796,0.008630973624815796,0.008630973624815796,0.008630973624815796,0.008630973624815796,0.008630973624815796
2020-07-06,0.023615375361031976,0.012268096318700333,0.023615375361031976,0.023615375361031976,0.023615375361031976,0.023615375361031976,0.023615375361031976,0.023615375361031976,0.023615375361031976,0.023615375361031976,0.023615375361031976,0.023615375361031976
2020-07-07,0.0033032358429376796,0.001690529069926998,0.0033032358429376796,0.0033032358429376796,0.0033032358429376796,0.0033032358429376796,0.0033032358429376796,0.003303235842937679,0.0033032358429376796,0.0033032358429376796,0.0033032358429376796,0.0033032358429376796
2020-07-08,0.034872446875106045,0.017985992343436442,0.034872446875106045,0.034872446875106045,0.034872446875106045,0.034872446875106045,0.034872446875106045,0.034872446875106045,0.034872446875106045,0.034872446875106045,0.034872446875106045,0.034872446875106045
2020-07-09,0.02868001643086382,0.01451648116366984,0.02868001643086382,0.02868001643086382,0.02868001643086382,0.02868001643086382,0.02868001643086382,0.02868001643086382,0.02868001643086382,0.02868001643086382,0.02868001643086382,0.02868001643086382
2020-07-10,-0.002830607281410824,-0.0014306283107360501,-0.002830607281410824,-0.002830607281410824,-0.002830607281410824,-0.002830607281410824,-0.002830607281410824,-0.002830607281410824,-0.002830607281410824,-0.002830607281410824,-0.002830607281410824,-0.002830607281410824
2020-07-13,-0.04074733605281511,-0.021242327927512662,-0.04074733605281511,-0.04074733605281511,-0.04074733605281511,-0.04074733605281511,-0.04074733605281511,-0.04074733605281511,-0.04074733605281511,-0.04074733605281511,-0.04074733605281511,-0.04074733605281511
2020-07-14,0.03230621513038967,0.01875053561474294,0.03230621513038967,0.03230621513038967,0.03230621513038967,-0.0005,0.03230621513038967,0.03230621513038967,0.03230621513038967,0.03230621513038967,0.03230621513038967,0.03230621513038967
2020-07-15,-0.014431027378244421,-0.0081548265700975,-0.014431027378244421,-0.014431027378244421,-0.014431027378244421,-0.014931027378244421,-0.014431027378244421,-0.014431027378244421,-0.014431027378244421,-0.014431027378244421,-0.014431027378244421,-0.014431027378244421
2020-07-16,-0.00904408765557263,-0.005102927744835021,-0.00904408765557263,-0.00904408765557263,-0.00904408765557263,-0.0005,-0.00904408765557263,-0.00904408765557263,-0.00904408765557263,-0.00904408765557263,-0.0005,-0.00904408765557263
2020-07-17,0.006585992738174173,0.003729139603211307,0.0065859927381741725,0.006585992738174173,0.006585992738174173,0.0,0.006585992738174173,0.006585992738174173,0.006585992738174173,0.006585992738174173,0.006085992738174173,0.006585992738174173
2020-07-20,0.030314274704554167,0.017318992246001478,0.030314274704554167,0.030314274704554167,0.030314274704554167,0.029814274704554167,0.030314274704554167,0.030314274704554167,0.030314274704554167,0.030314274704554167,-0.0005,0.030314274704554167
2020-07-21,-0.017339499809534642,-0.009649182881619575,-0.01733949980953464,-0.017339499809534642,-0.017339499809534642,-0.017339499809534642,-0.017339499809534642,-0.017339499809534642,-0.017339499809534642,-0.017339499809534642,-0.017839499809534642,-0.017339499809534642
2020-07-22,0.01067477109588455,0.005777696110834341,0.01067477109588455,0.01067477109588455,0.01067477109588455,0.01067477109588455,0.01067477109588455,0.01067477109588455,0.01067477109588455,0.01067477109588455,0.01067477109588455,0.01067477109588455
2020-07-23,-0.029601605454801616,-0.016453877867236944,-0.029601605454801613,-0.029601605454801616,-0.029601605454801616,-0.029601605454801616,-0.029601605454801616,-0.029601605454801616,-0.029601605454801616,-0.029601605454801616,-0.029601605454801616,-0.029601605454801616
2020-07-24,0.006392041491236844,0.003379855226828157,0.006392041491236844,0.006392041491236844,0.006392041491236844,-0.0005,0.006392041491236844,0.006392041491236844,0.006392041491236844,0.006392041491236844,0.006392041491236844,0.006392041491236844
2020-07-27,0.022266796498671138,0.012206527120009778,0.022266796498671138,0.022266796498671138,0.022266796498671138,0.0,0.022266796498671138,0.022266796498671138,0.022266796498671138,0.022266796498671138,0.022266796498671138,0.022266796498671138
2020-07-28,-0.0197665882621173,-0.010957491678997332,-0.0197665882621173,-0.0197665882621173,-0.0197665882621173,-0.020266588262117302,-0.0197665882621173,-0.0197665882621173,-0.0197665882621173,-0.0197665882621173,-0.0197665882621173,-0.0197665882621173
2020-07-29,0.024472496039095404,0.014266186316856102,0.0244724960390954,0.024472496039095404,0.024472496039095404,-0.0005,0.024472496039095404,0.024472496039095404,0.024472496039095404,0.024472496039095404,0.024472496039095404,0.024472496039095404
2020-07-30,0.014189522534046706,0.008126718004915379,0.014189522534046706,0.014189522534046706,0.014189522534046704,0.013689522534046705,0.014189522534046706,0.014189522534046706,0.014189522534046706,0.014189522534046706,0.014189522534046706,0.014189522534046706
2020-07-31,7.05886579552839e-05,3.202395761908376e-05,7.05886579552839e-05,7.05886579552839e-05,7.058865795528389e-05,7.05886579552839e-05,7.05886579552839e-05,7.05886579552839e-05,7.05886579552839e-05,7.05886579552839e-05,7.05886579552839e-05,7.05886579552839e-05
2020-08-03,0.03725969620677727,0.022054334431248906,0.03725969620677727,0.03725969620677727,0.03725969620677727,0.03725969620677727,0.03725969620677727,0.03725969620677727,0.03725969620677727,0.03725969620677727,0.03725969620677727,0.03725969620677727
2020-08-04,0.019753910836470157,0.011099617471899107,0.019753910836470157,0.019753910836470157,0.019753910836470157,0.019753910836470157,0.019753910836470157,0.019753910836470157,0.019753910836470157,0.019753910836470157,0.019753910836470157,0.019753910836470157
2020-08-05,0.005254948006887972,0.0029722626192391823,0.005254948006887972,0.005254948006887972,0.005254948006887972,0.005254948006887972,0.005254948006887972,0.005254948006887972,0.005254948006887972,0.005254948006887972,0.005254948006887972,0.005254948006887972
2020-08-06,0.004319362550233574,0.0024454194175626102,0.004319362550233574,0.004319362550233574,0.004319362550233573,0.004319362550233574,0.004319362550233574,0.004319362550233574,0.004319362550233574,0.004319362550233574,0.004319362550233574,0.004319362550233574
2020-08-07,-0.011997471796483361,-0.007111950346882424,-0.011997471796483361,-0.011997471796483361,-0.011997471796483361,-0.011997471796483361,-0.011997471796483361,-0.011997471796483361,-0.011997471796483361,-0.011997471796483361,-0.011997471796483361,-0.011997471796483361
2020-08-10,-0.0030807450865657504,-0.0018633310202696657,-0.0030807450865657504,-0.0030807450865657504,-0.0030807450865657504,-0.0005,-0.0030807450865657504,-0.0030807450865657504,-0.0030807450865657504,-0.0030807450865657504,-0.0030807450865657504,-0.0030807450865657504
2020-08-11,-0.028213131173751682,-0.017009579522955884,-0.028213131173751682,-0.028213131173751682,-0.028213131173751682,0.0,-0.028213131173751682,-0.028213131173751682,-0.028213131173751682,-0.028213131173751682,-0.028213131173751682,-0.028213131173751682
2020-08-12,0.054401174788667905,0.03473041566008617,0.0544011747886679,0.054401174788667905,0.054401174788667905,0.0,0.054401174788667905,0.054401174788667905,0.054401174788667905,0.054401174788667905,0.054401174788667905,0.054401174788667905
2020-08-13,0.000240020213286396,0.00010831482980142092,0.00024002021328639595,0.000240020213286396,0.000240020213286396,-0.000259979786713604,0.000240020213286396,0.000240020213286396,0.000240020213286396,0.000240020213286396,0.000240020213286396,0.000240020213286396
2020-08-14,0.01057417963722096,0.006225255064433385,0.01057417963722096,0.01057417963722096,0.010574179637220958,0.01057417963722096,0.01057417963722096,0.01057417963722096,0.01057417963722096,0.01057417963722096,-0.0005,0.01057417963722096
2020-08-17,0.0668452387856655,0.03983972014802099,0.06684523878566549,0.0668452387856655,0.0668452387856655,0.0668452387856655,0.0668452387856655,0.0668452387856655,0.0668452387856655,0.0668452387856655,0.0,0.0668452387856655
2020-08-18,-0.006180110789857252,-0.0031717410753171913,-0.006180110789857252,-0.006180110789857252,-0.006180110789857252,-0.006180110789857252,-0.006180110789857252,-0.006180110789857252,-0.006180110789857252,-0.006180110789857252,0.005680110789857251,-0.006180110789857252
2020-08-19,-0.009971203521811356,-0.005100970083702775,-0.009971203521811356,-0.009971203521811356,-0.009971203521811354,-0.009971203521811356,-0.009971203521811356,-0.009971203521811356,-0.009971203521811356,-0.009971203521811356,0.009971203521811356,-0.009971203521811356
2020-08-20,0.0002058495203698385,0.0001032520137165291,0.0002058495203698385,0.0002058495203698385,0.00020584952036983847,0.0002058495203698385,0.0002058495203698385,0.0002058495203698385,0.0002058495203698385,0.0002058495203698385,-0.0005,0.0002058495203698385
2020-08-21,0.04468335330246709,0.023102649957749292,0.04468335330246709,0.04468335330246709,0.04468335330246708,-0.0005,0.04468335330246709,0.04468335330246709,0.04468335330246709,0.04468335330246709,0.04418335330246709,0.04468335330246709
2020-08-24,0.0028975803289352786,0.0015117661791563789,0.0028975803289352786,0.0028975803289352786,0.0028975803289352786,0.0023975803289352786,0.0028975803289352786,0.0028975803289352786,0.0028975803289352786,0.0028975803289352786,-0.0038975803289352786,0.0028975803289352786
2020-08-25,0.0023387683907516443,0.0012196969785939482,0.0023387683907516443,0.0023387683907516443,0.002338768390751644,0.0023387683907516443,0.0023387683907516443,0.0023387683907516443,0.0023387683907516443,0.0023387683907516443,0.0013387683907516443,0.0023387683907516443
2020-08-26,0.0018039935835629795,0.0009434169691841832,0.0018039935835629795,0.0018039935835629795,0.0018039935835629795,0.0018039935835629795,0.0018039935835629795,0.0018039935835629795,0.0018039935835629795,0.0018039935835629795,0.0018039935835629795,0.0018039935835629795
2020-08-27,-0.011332684854089115,-0.006168680297058868,-0.011332684854089115,-0.011332684854089115,-0.011332684854089115,-0.011332684854089115,-0.011332684854089115,-0.011332684854089115,-0.011332684854089115,-0.011332684854089115,-0.011332684854089115,-0.011332684854089115
2020-08-28,0.04113812552065088,0.02209525145244338,0.04113812552065088,0.04113812552065088,0.04113812552065088,-0.0005,0.04113812552065088,0.04113812552065088,0.04113812552065088,0.04113812552065088,0.04113812552065088,0.04113812552065088
2020-08-31,0.017246131013931132,0.00887429199975778,0.017246131013931132,0.017246131013931132,0.017246131013931132,0.01674613101393113,0.017246131013931132,0.017246131013931132,0.017246131013931132,0.017246131013931132,-0.018246131013931133,0.017246131013931132
2020-09-01,0.033693871247075124,0.017415367240195857,0.033693871247075124,0.033693871247075124,0.033693871247075124,0.033693871247075124,0.033693871247075124,0.033693871247075124,0.033693871247075124,0.033693871247075124,-0.033693871247075124,0.033693871247075124
2020-09-02,0.03802170803851079,0.01979577818333948,0.03802170803851079,0.03802170803851079,0.03802170803851079,0.03802170803851079,0.03802170803851079,0.03802170803851079,0.03802170803851079,0.03802170803851079,-0.03802170803851079,0.03802170803851079
2020-09-03,-0.09277531610287004,-0.047062348779258696,-0.09277531610287003,-0.09277531610287004,-0.09277531610287004,-0.09277531610287004,-0.09277531610287004,-0.09277531610287004,-0.09277531610287004,-0.09277531610287004,0.09277531610287004,-0.09277531610287004
2020-09-04,-0.03019448116157375,-0.011328226947079141,-0.03019448116157375,-0.03019448116157375,-0.03019448116157375,-0.0005,-0.03019448116157375,-0.03019448116157375,-0.03019448116157375,-0.03019448116157375,0.03019448116157375,-0.03019448116157375
2020-09-08,-0.05620923067116945,-0.020376817627480257,-0.056209230671169445,-0.05620923067116945,-0.05620923067116945,0.0,-0.05620923067116945,-0.05620923067116945,-0.05620923067116945,-0.05620923067116945,-0.05720923067116945,-0.05620923067116945
2020-09-09,0.06732126754167611,0.022821091465560047,0.06732126754167611,0.06732126754167611,0.06732126754167611,0.0,0.06732126754167611,0.06732126754167611,0.06732126754167611,0.06732126754167611,0.06732126754167611,0.06732126754167611
2020-09-10,-0.0317144749617273,-0.010098778620421862,-0.0317144749617273,-0.0317144749617273,-0.0317144749617273,-0.0322144749617273,-0.0317144749617273,-0.0317144749617273,-0.0317144749617273,-0.0317144749617273,-0.0317144749617273,-0.0317144749617273
2020-09-11,-0.011960131391305362,-0.003789566402380807,-0.01196013139130536,-0.011960131391305362,-0.011960131391305362,-0.0005,-0.011960131391305362,-0.011960131391305362,-0.011960131391305362,-0.0005,0.010960131391305361,-0.011960131391305362
2020-09-14,0.05818161747209882,0.01907731126317818,0.05818161747209882,0.05818161747209882,0.05818161747209882,0.0,0.05818161747209882,0.05818161747209882,0.05818161747209882,0.0,-0.05818161747209882,0.05818161747209882
2020-09-15,0.009225246971292789,0.002884333606078126,0.009225246971292789,0.009225246971292789,0.009225246971292789,0.008725246971292788,0.009225246971292789,0.009225246971292789,0.009225246971292789,0.0,0.008225246971292788,0.009225246971292789
2020-09-16,-0.036679358763533565,-0.011498667255183819,-0.036679358763533565,-0.036679358763533565,-0.036679358763533565,-0.036679358763533565,-0.036679358763533565,-0.036679358763533565,-0.036679358763533565,0.0,-0.0005,-0.036679358763533565
2020-09-17,-0.004075141803377869,-0.0013319595853988635,-0.004075141803377869,-0.004075141803377869,-0.004075141803377869,-0.0005,-0.004075141803377869,-0.004075141803377869,-0.004075141803377869,0.0,0.0035751418033778686,-0.004075141803377869
2020-09-18,-0.0220040517782899,-0.00716328879886093,-0.0220040517782899,-0.0220040517782899,-0.0220040517782899,0.0,-0.0220040517782899,-0.0220040517782899,-0.0220040517782899,0.0,-0.023004051778289902,-0.0220040517782899
2020-09-21,0.02690875671025572,0.008698817091356129,0.02690875671025572,0.02690875671025572,0.02690875671025572,0.0,0.02690875671025572,0.02690875671025572,0.02690875671025572,0.0,-0.027908756710255722,0.02690875671025572
2020-09-22,0.009626682917228901,0.0030784783145197943,0.009626682917228901,0.009626682917228901,0.009626682917228901,0.009126682917228901,0.009626682917228901,0.009626682917228901,0.009626682917228901,0.0,-0.009626682917228901,0.009626682917228901
2020-09-23,-0.040671768596634794,-0.013414828687028243,-0.040671768596634794,-0.040671768596634794,-0.040671768596634794,-0.040671768596634794,-0.040671768596634794,-0.040671768596634794,-0.040671768596634794,0.0,0.040671768596634794,-0.040671768596634794
2020-09-24,0.018496677276954365,0.005933434632562059,0.018496677276954362,0.018496677276954365,0.018496677276954365,-0.0005,-0.019496677276954366,0.018496677276954365,0.018496677276954365,0.0,-0.018496677276954365,0.018496677276954365
2020-09-25,0.04257774743330511,0.013585148274205637,0.04257774743330511,0.04257774743330511,0.04257774743330511,0.04207774743330511,-0.04257774743330511,0.04257774743330511,0.04257774743330511,0.0,-0.04257774743330511,0.04257774743330511
2020-09-28,0.012525519162435828,0.0038822112938796463,0.012525519162435828,0.012525519162435828,0.012525519162435828,0.012525519162435828,-0.012525519162435828,0.012525519162435828,0.012525519162435828,0.0,0.011525519162435827,0.012525519162435828
2020-09-29,0.014633593632088271,0.004544399264522698,0.014633593632088271,0.014633593632088271,0.014633593632088271,0.014633593632088271,-0.014633593632088271,0.014633593632088271,0.014633593632088271,0.0,0.014633593632088271,0.014633593632088271
2020-09-30,0.02304222955528612,0.007308393298172892,0.02304222955528612,0.02304222955528612,0.02304222955528612,0.02304222955528612,-0.02304222955528612,0.02304222955528612,0.02304222955528612,0.0,0.02304222955528612,0.02304222955528612
2020-10-01,0.0062082338222138045,0.001962623716525007,0.0062082338222138045,0.0062082338222138045,0.0062082338222138045,0.0062082338222138045,-0.0062082338222138045,0.0062082338222138045,0.0062082338222138045,0.005708233822213804,0.0062082338222138045,0.0062082338222138045
2020-10-02,-0.040563341201721115,-0.013049229213752336,-0.040563341201721115,-0.040563341201721115,-0.040563341201721115,-0.040563341201721115,-0.041563341201721116,-0.040563341201721115,-0.040563341201721115,-0.040563341201721115,-0.040563341201721115,-0.040563341201721115
2020-10-05,0.04442190885036568,0.014308491963447727,0.04442190885036568,0.04442190885036568,0.04442190885036568,-0.0005,0.04442190885036568,0.04442190885036568,0.04442190885036568,0.04442190885036568,0.04442190885036568,0.04442190885036568
2020-10-06,0.006890302290231132,0.002480965380602696,0.006890302290231132,0.006890302290231132,0.006890302290231132,0.006390302290231131,0.006890302290231132,0.006890302290231132,0.006890302290231132,0.006890302290231132,0.006890302290231132,0.006890302290231132
2020-10-07,0.01656149621392644,0.006155299666805452,0.01656149621392644,0.01656149621392644,0.01656149621392644,0.01656149621392644,0.01656149621392644,0.01656149621392644,0.01656149621392644,0.01656149621392644,-0.0005,0.01656149621392644
2020-10-08,-0.008969310847718348,-0.003670021124441559,-0.008969310847718346,-0.008969310847718348,-0.008969310847718348,-0.008969310847718348,-0.008969310847718348,-0.008969310847718348,-0.008969310847718348,-0.008969310847718348,-0.009469310847718349,-0.008969310847718348
2020-10-09,-0.005491960247758998,-0.0024956504832225903,-0.005491960247758998,-0.005491960247758998,-0.005491960247758998,-0.005491960247758998,-0.005491960247758998,-0.005491960247758998,-0.005491960247758998,-0.005491960247758998,-0.0005,-0.005491960247758998
2020-10-12,0.033659722502048295,0.015792622612174297,0.03365972250204829,0.033659722502048295,0.033659722502048295,-0.0005,0.033659722502048295,0.033659722502048295,0.033659722502048295,0.033659722502048295,0.0,0.033659722502048295
2020-10-13,0.0015640252907536123,0.0007219076194981658,0.0015640252907536123,0.0015640252907536123,0.0015640252907536123,0.0010640252907536123,0.0015640252907536123,0.001564025290753612,0.0015640252907536123,0.0015640252907536123,0.0,0.0015640252907536123
2020-10-14,-0.010738084224778954,-0.005517462919886177,-0.010738084224778953,-0.010738084224778954,-0.010738084224778954,-0.010738084224778954,-0.010738084224778954,-0.010738084224778953,-0.010738084224778954,-0.010738084224778954,0.0,-0.010738084224778954
2020-10-15,-0.008885994420295695,-0.004508162632499297,-0.008885994420295695,-0.008885994420295695,-0.008885994420295695,-0.008885994420295695,-0.008885994420295695,-0.008885994420295695,-0.008885994420295695,-0.008885994420295695,-0.009385994420295696,-0.008885994420295695
2020-10-16,-0.011345779183381977,-0.006165771928061098,-0.011345779183381977,-0.011345779183381977,-0.011345779183381977,-0.0005,-0.011345779183381977,-0.011345779183381977,-0.011345779183381977,-0.011345779183381977,-0.011345779183381977,-0.011345779183381977
2020-10-19,-0.022716389754992794,-0.012205894979442302,-0.022716389754992794,-0.022716389754992794,-0.022716389754992794,0.0,-0.022716389754992794,-0.022716389754992794,-0.022716389754992794,-0.022716389754992794,-0.022716389754992794,-0.022716389754992794
2020-10-20,0.01094599262636553,0.005869409504420668,0.01094599262636553,0.01094599262636553,0.010945992626365529,0.0,0.01094599262636553,0.01094599262636553,0.01094599262636553,0.01094599262636553,0.01094599262636553,0.01094599262636553
2020-10-21,-0.00884890156806939,-0.004851351915267806,-0.00884890156806939,-0.00884890156806939,-0.00884890156806939,0.0,-0.00884890156806939,-0.008848901568069388,-0.00884890156806939,-0.00884890156806939,-0.00884890156806939,-0.00884890156806939
2020-10-22,-0.012107381010384888,-0.006591109355585934,-0.012107381010384888,-0.012107381010384888,-0.012107381010384888,0.0,-0.012107381010384888,-0.012107381010384888,-0.012107381010384888,-0.012107381010384888,-0.012107381010384888,-0.012107381010384888
2020-10-23,0.017158058401256948,0.010181193117581623,0.017158058401256948,0.017158058401256948,0.017158058401256948,0.0,0.017158058401256948,0.017158058401256948,-0.0005,-0.0005,0.017158058401256948,0.017158058401256948
2020-10-26,-0.03303839714651091,-0.019691771354835744,-0.03303839714651091,-0.03303839714651091,-0.03303839714651091,-0.03353839714651091,-0.03303839714651091,-0.033038397146510905,0.0,0.0,-0.03303839714651091,-0.03303839714651091
2020-10-27,0.019442477550379422,0.011762205412022352,0.019442477550379422,0.019442477550379422,0.019442477550379422,-0.0005,0.019442477550379422,0.019442477550379422,0.0,0.0,0.019442477550379422,0.019442477550379422
2020-10-28,-0.05745790048544641,-0.03437851378907958,-0.05745790048544641,-0.05745790048544641,-0.05745790048544641,-0.05795790048544641,-0.05745790048544641,-0.057457900485446405,0.0,0.0,-0.05745790048544641,-0.05745790048544641
2020-10-29,0.03144070586486203,0.01617901228464632,0.03144070586486202,0.03144070586486203,0.03144070586486203,-0.0005,0.03144070586486203,0.03144070586486202,0.0,0.0,0.03144070586486203,0.03144070586486203
2020-10-30,-0.03762283924746079,-0.019030590987820055,-0.03762283924746079,-0.03762283924746079,-0.03762283924746079,-0.038122839247460794,-0.03762283924746079,0.03662283924746079,0.0,0.0,-0.03762283924746079,-0.03762283924746079
2020-11-02,0.0037299697810626586,0.0017933417142694304,0.0037299697810626586,0.0037299697810626586,0.0037299697810626586,-0.0005,-0.004729969781062659,0.0027299697810626586,0.0,0.0,0.0037299697810626586,0.0037299697810626586
2020-11-03,0.034874369012931616,0.01780462248857868,0.034874369012931616,0.034874369012931616,0.034874369012931616,0.0,-0.034874369012931616,0.034874369012931616,0.0,0.0,0.034874369012931616,0.034874369012931616
2020-11-04,0.05950695392130534,0.0314332984371671,0.05950695392130534,0.05950695392130534,0.05950695392130534,0.05900695392130534,-0.05950695392130534,0.05950695392130534,0.0,0.0,0.05950695392130534,0.05950695392130534
2020-11-05,0.02651470834015246,0.012189465073899768,0.026514708340152456,0.02651470834015246,0.02651470834015246,0.02651470834015246,-0.02651470834015246,0.02651470834015246,0.02601470834015246,0.0,0.02651470834015246,0.02651470834015246
2020-11-06,0.028389735408921313,0.012907171781215043,0.02838973540892131,0.028389735408921313,0.028389735408921313,0.028389735408921313,-0.028389735408921313,0.028389735408921313,0.028389735408921313,0.0,0.028389735408921313,0.028389735408921313
2020-11-09,-0.06395052929252742,-0.02854960302809724,-0.06395052929252742,-0.06395052929252742,-0.06395052929252742,-0.06395052929252742,0.06395052929252742,-0.06395052929252742,-0.06395052929252742,-0.06445052929252743,-0.06395052929252742,-0.06395052929252742
2020-11-10,-0.06314780943038656,-0.025084421067335903,-0.06314780943038656,-0.06314780943038656,-0.06314780943038656,-0.0005,-0.06414780943038656,-0.06314780943038656,-0.06314780943038656,-0.06314780943038656,-0.06314780943038656,-0.06314780943038656
2020-11-11,0.05074397195617131,0.019019528586935865,0.05074397195617131,0.05074397195617131,0.05074397195617131,0.0,0.05074397195617131,0.05074397195617131,0.05074397195617131,0.05074397195617131,0.05074397195617131,0.05074397195617131
2020-11-12,0.0028880501011270265,0.0010083886273684344,0.0028880501011270265,0.0028880501011270265,0.0028880501011270265,0.0023880501011270265,0.0028880501011270265,0.0028880501011270265,0.0028880501011270265,0.0028880501011270265,0.0028880501011270265,0.0028880501011270265
2020-11-13,-0.011871470753720859,-0.004195045107374968,-0.011871470753720859,-0.011871470753720859,-0.011871470753720859,-0.0005,-0.011871470753720859,-0.011871470753720859,-0.011871470753720859,-0.011871470753720859,-0.011871470753720859,-0.011871470753720859
2020-11-16,0.016413576074410408,0.005793730452159776,0.016413576074410408,0.016413576074410408,0.016413576074410408,0.015913576074410407,0.016413576074410408,0.016413576074410408,0.016413576074410408,-0.0005,0.016413576074410408,0.016413576074410408
2020-11-17,-0.006881260257329158,-0.002420243179702497,-0.006881260257329158,-0.006881260257329158,-0.006881260257329158,-0.006881260257329158,-0.006881260257329158,-0.006881260257329158,-0.006881260257329158,0.0,-0.006881260257329158,-0.006881260257329158
2020-11-18,0.00048438856611787706,0.00017026753656566935,0.00048438856611787706,0.00048438856611787706,0.00048438856611787706,-0.0005,0.00048438856611787706,0.00048438856611787706,0.00048438856611787706,-1.561143388212295e-05,0.00048438856611787706,0.00048438856611787706
2020-11-19,0.0008563278570241639,0.000304172632098925,0.0008563278570241639,0.0008563278570241639,0.0008563278570241639,0.0003563278570241639,0.0008563278570241639,0.0008563278570241639,0.0008563278570241639,0.0008563278570241639,0.0008563278570241639,0.0008563278570241639
2020-11-20,-0.02622727775138245,-0.009343805802433557,-0.02622727775138245,-0.02622727775138245,-0.02622727775138245,-0.02622727775138245,-0.02622727775138245,-0.02622727775138245,-0.02622727775138245,-0.02622727775138245,-0.02622727775138245,-0.02622727775138245
2020-11-23,0.003992372243978526,0.001405280185480805,0.003992372243978526,0.003992372243978526,0.003992372243978526,-0.0005,0.003992372243978526,0.003992372243978526,0.003992372243978526,0.003992372243978526,0.003992372243978526,0.003992372243978526
2020-11-24,-0.01386988423236335,-0.00491829150531787,-0.01386988423236335,-0.01386988423236335,-0.01386988423236335,0.0,-0.01386988423236335,-0.01386988423236335,-0.01386988423236335,-0.0005,-0.01386988423236335,-0.01386988423236335
2020-11-25,0.021377112647660512,0.007710954554592526,0.021377112647660512,0.021377112647660512,0.021377112647660512,0.0,0.021377112647660512,0.021377112647660512,0.021377112647660512,0.0,0.021377112647660512,0.021377112647660512
2020-11-27,0.002002057783075717,0.0007209987565268831,0.002002057783075717,0.002002057783075717,0.002002057783075717,0.001502057783075717,0.002002057783075717,0.002002057783075717,0.002002057783075717,0.0,0.002002057783075717,0.002002057783075717
2020-11-30,0.010576328810474767,0.004098709522636654,0.010576328810474767,0.010576328810474767,0.010576328810474767,0.010576328810474767,0.010576328810474767,0.010576328810474767,0.010576328810474767,0.0,-0.011576328810474767,0.010576328810474767
2020-12-01,-0.0008581405173471168,-0.0003438013943525545,-0.0008581405173471168,-0.0008581405173471168,-0.0008581405173471168,-0.0008581405173471168,-0.0008581405173471168,-0.0008581405173471168,-0.0008581405173471168,0.0,-0.0018581405173471168,-0.0008581405173471168
2020-12-02,0.011538301418167363,0.004758731744938234,0.011538301418167363,0.011538301418167363,0.011538301418167363,0.011538301418167363,0.011538301418167363,0.011538301418167363,0.011538301418167363,0.0,0.011538301418167363,0.011538301418167363
2020-12-03,-0.010671671058804288,-0.004402321222557696,-0.010671671058804288,-0.010671671058804288,-0.010671671058804288,-0.010671671058804288,-0.010671671058804288,-0.010671671058804288,-0.010671671058804288,0.0,-0.010671671058804288,-0.010671671058804288
2020-12-04,0.012111919514336655,0.005107626550120059,0.012111919514336654,0.012111919514336655,0.012111919514336655,0.012111919514336655,0.012111919514336655,0.012111919514336655,0.012111919514336655,0.0,-0.013111919514336656,0.012111919514336655
2020-12-07,0.0035771195144649326,0.0016514863986148553,0.0035771195144649326,0.0035771195144649326,0.0035771195144649326,0.0035771195144649326,0.0035771195144649326,0.0035771195144649326,0.0035771195144649326,0.0030771195144649326,-0.0035771195144649326,0.0035771195144649326
2020-12-08,-0.0188692509581736,-0.00907248301715422,-0.0188692509581736,-0.0188692509581736,-0.0188692509581736,-0.0188692509581736,-0.0188692509581736,-0.0188692509581736,-0.0188692509581736,-0.0188692509581736,-0.0198692509581736,-0.0188692509581736
2020-12-09,-0.03140444759586147,-0.015496556391145298,-0.031404447595861466,-0.03140444759586147,-0.03140444759586147,-0.0005,-0.03140444759586147,-0.03140444759586147,-0.03140444759586147,-0.03140444759586147,-0.03140444759586147,-0.03140444759586147
2020-12-10,0.0032094029337590424,0.0017624827445375337,0.0032094029337590424,0.0032094029337590424,0.0032094029337590424,0.0,0.0032094029337590424,0.0032094029337590424,0.0032094029337590424,0.0032094029337590424,0.0032094029337590424,0.0032094029337590424
2020-12-11,0.0031606789687594894,0.002175480067173281,0.0031606789687594894,0.0031606789687594894,0.0031606789687594894,0.0,0.0031606789687594894,0.0031606789687594894,0.0031606789687594894,0.0031606789687594894,0.0031606789687594894,0.0031606789687594894
2020-12-14,0.022707482895089726,0.02101826712290059,0.022707482895089726,0.022707482895089726,0.022707482895089726,0.0,0.022707482895089726,-0.023707482895089723,0.022707482895089726,0.022707482895089726,-0.0005,0.022707482895089726
2020-12-15,0.0038884395008644823,0.0033457638896277507,0.0038884395008644823,0.0038884395008644823,0.0038884395008644823,0.0033884395008644823,0.0038884395008644823,-0.003888439500864482,0.0038884395008644823,0.0038884395008644823,0.0033884395008644823,0.0038884395008644823
2020-12-16,-0.00883202736004196,-0.0077925551011439305,-0.00883202736004196,-0.00883202736004196,-0.00883202736004196,-0.00883202736004196,-0.00883202736004196,0.008832027360041959,-0.00883202736004196,-0.00883202736004196,-0.00883202736004196,-0.00883202736004196
2020-12-17,0.007456926845775369,0.006733392312098846,0.007456926845775369,0.007456926845775369,0.007456926845775368,0.007456926845775369,0.007456926845775369,0.006456926845775368,0.007456926845775369,-0.0005,-0.0005,0.007456926845775369
2020-12-18,-0.005190449870807523,-0.004682175227168749,-0.005190449870807523,-0.005190449870807523,-0.005190449870807522,-0.005190449870807523,-0.005190449870807523,0.004190449870807522,-0.005190449870807523,0.0,-0.0056904498708075235,-0.005190449870807523
2020-12-21,0.004539574641235555,0.004080457659449681,0.004539574641235555,0.004539574641235555,0.004539574641235555,-0.0005,0.004539574641235555,0.0035395746412355544,0.004539574641235555,0.0,0.004539574641235555,0.004539574641235555
2020-12-22,-0.004050506144490984,-0.0036329106176860547,-0.004050506144490984,-0.004050506144490984,-0.004050506144490984,-0.0045505061444909845,-0.004050506144490984,0.003050506144490983,-0.004050506144490984,0.0,-0.004050506144490984,-0.004050506144490984
2020-12-23,-0.02025881906015692,-0.020016413809847027,-0.02025881906015692,-0.02025881906015692,-0.020258819060156915,-0.02025881906015692,-0.02025881906015692,0.020258819060156915,-0.02025881906015692,0.0,-0.02025881906015692,-0.02025881906015692
2020-12-24,-0.0011913419923615942,-0.0011358329306098004,-0.0011913419923615942,-0.0011913419923615942,-0.0011913419923615942,-0.0005,-0.0011913419923615942,-0.002191341992361594,-0.0011913419923615942,0.0,-0.0005,-0.0011913419923615942
2020-12-28,-0.007215014871217895,-0.006901916427988446,-0.007215014871217895,-0.007215014871217895,-0.007215014871217895,0.0,-0.007215014871217895,-0.007215014871217894,-0.007215014871217895,0.0,0.0,-0.007215014871217895
2020-12-29,0.003352814345087163,0.0033302530842902393,0.003352814345087163,0.003352814345087163,0.003352814345087163,0.0,0.003352814345087163,0.0033528143450871624,0.003352814345087163,0.0,0.002852814345087163,0.003352814345087163
2020-12-30,0.01564520307626438,0.01564520307626438,0.01564520307626438,0.01564520307626438,0.01564520307626438,0.0,0.01564520307626438,-0.016645203076264378,0.01564520307626438,0.0,0.01564520307626438,0.01564520307626438
2020-12-31,-0.006903312184056487,-0.00687415793261289,-0.006903312184056487,-0.006903312184056487,-0.006903312184056487,-0.0074033121840564875,-0.006903312184056487,0.006903312184056486,-0.006903312184056487,0.0,-0.006903312184056487,-0.006903312184056487
2021-01-04,0.004481176739981052,0.004433765375606485,0.004481176739981052,0.004481176739981052,0.004481176739981052,0.004481176739981052,0.004481176739981052,0.003481176739981051,0.004481176739981052,0.0,0.004481176739981052,0.004481176739981052
2021-01-05,0.022209762093235552,0.022204774530586276,0.022209762093235552,0.022209762093235552,0.022209762093235552,0.022209762093235552,-0.023209762093235553,-0.02320976209323555,0.022209762093235552,0.0,0.022209762093235552,0.022209762093235552
2021-01-06,-0.0589528542173251,-0.05592426190367812,-0.0589528542173251,-0.0589528542173251,-0.0589528542173251,-0.0589528542173251,0.0589528542173251,0.058952854217325094,-0.0589528542173251,0.0,-0.0005,-0.0589528542173251
2021-01-07,0.05783012762463802,0.039871340188418675,0.05783012762463802,0.05783012762463802,0.05783012762463802,-0.0005,-0.05783012762463802,0.056830127624638016,-0.0005,0.0,0.057330127624638016,0.05783012762463802
2021-01-08,-0.005039766899479159,-0.0028807771335089233,-0.005039766899479159,-0.005039766899479159,-0.005039766899479159,-0.005539766899479159,0.005039766899479159,0.004039766899479159,0.0,0.0045397668994791585,-0.0005,-0.005039766899479159
2021-01-11,0.025966469268688952,0.014728763072124751,0.025966469268688952,0.025966469268688952,0.025966469268688952,0.025966469268688952,-0.025966469268688952,-0.025966469268688952,0.0,-0.025966469268688952,0.02546646926868895,0.025966469268688952
2021-01-12,-0.010039244267376124,-0.004442478995404459,-0.010039244267376124,-0.010039244267376124,-0.010039244267376124,-0.010039244267376124,0.010039244267376124,0.010039244267376122,0.0,0.010039244267376124,0.009039244267376123,-0.010039244267376124
2021-01-13,0.003485489836082767,0.0015055024373017084,0.003485489836082767,0.003485489836082767,0.003485489836082767,-0.0005,0.002485489836082767,0.002485489836082767,0.0,-0.0005,-0.003485489836082767,0.003485489836082767
2021-01-14,-0.02449829967955086,-0.010593606389171593,-0.02449829967955086,-0.02449829967955086,-0.02449829967955086,-0.02499829967955086,-0.02449829967955086,0.02349829967955086,0.0,-0.02499829967955086,-0.0005,-0.02449829967955086
2021-01-15,-0.025813387673184196,-0.0110629200325081,-0.025813387673184193,-0.025813387673184196,-0.025813387673184196,-0.0005,-0.025813387673184196,-0.026813387673184197,0.0,-0.025813387673184196,-0.026313387673184196,-0.025813387673184196
2021-01-19,0.012889230148804387,0.0053538591788950055,0.012889230148804387,0.012889230148804387,0.012889230148804387,0.0,0.012889230148804387,0.012889230148804387,0.0,0.012889230148804387,0.012889230148804387,0.012889230148804387
2021-01-20,0.026141444205920017,0.010800123071095414,0.026141444205920017,0.026141444205920017,0.026141444205920013,0.0,0.026141444205920017,-0.027141444205920018,0.0,0.026141444205920017,-0.0005,0.026141444205920017
2021-01-21,0.03753994468530619,0.015057379136755455,0.03753994468530619,0.03753994468530619,0.03753994468530619,0.03703994468530619,0.03753994468530619,-0.03753994468530619,0.0,0.03753994468530619,0.0,0.03753994468530619
2021-01-22,-0.01117727747463415,-0.0042597224079858765,-0.01117727747463415,-0.01117727747463415,-0.01117727747463415,-0.01117727747463415,-0.01117727747463415,0.01117727747463415,0.0,-0.01117727747463415,0.0,-0.01117727747463415
2021-01-25,-0.004320775453397929,-0.001632842186888797,-0.004320775453397929,-0.004320775453397929,-0.004320775453397929,-0.004320775453397929,-0.004320775453397929,0.004320775453397929,0.0,-0.004320775453397929,0.0038207754533979292,-0.004320775453397929
2021-01-26,-0.01596697424463489,-0.006028549096417023,-0.01596697424463489,-0.01596697424463489,-0.01596697424463489,-0.01596697424463489,-0.01596697424463489,-0.01696697424463489,0.0,-0.01596697424463489,-0.0005,-0.01596697424463489
2021-01-27,-0.038517923550700384,-0.014644084485237357,-0.038517923550700384,-0.038517923550700384,-0.038517923550700384,-0.0005,-0.038517923550700384,-0.038517923550700384,0.0,-0.038517923550700384,0.0,-0.038517923550700384
2021-01-28,0.010315025678601097,0.0036850733732689623,0.010315025678601097,0.010315025678601097,0.010315025678601097,0.0,0.010315025678601097,0.010315025678601097,0.0,0.010315025678601097,0.0,0.010315025678601097
2021-01-29,-0.004692969452668394,-0.0016795045714698615,-0.004692969452668394,-0.004692969452668394,-0.004692969452668394,0.0,-0.004692969452668394,0.003692969452668394,0.0,-0.004692969452668394,0.0,-0.004692969452668394
2021-02-01,0.019034205961109496,0.0068054122291891055,0.019034205961109493,0.019034205961109496,0.019034205961109496,0.0,0.019034205961109496,0.018034205961109495,0.0,0.019034205961109496,0.0,0.019034205961109496
2021-02-02,0.024155727890825762,0.008601100552303918,0.024155727890825762,0.024155727890825762,0.024155727890825762,0.023655727890825762,0.024155727890825762,-0.025155727890825763,0.0,0.024155727890825762,-0.024655727890825763,0.024155727890825762
2021-02-03,-0.00193619929157407,-0.0006815219216742725,-0.00193619929157407,-0.00193619929157407,-0.00193619929157407,-0.00193619929157407,-0.00193619929157407,0.00193619929157407,0.0,-0.00193619929157407,-0.0005,-0.00193619929157407
2021-02-04,0.009885047043193929,0.0034641367502522818,0.009885047043193929,0.009885047043193929,0.009885047043193929,0.009885047043193929,0.009885047043193929,-0.009885047043193929,0.0,0.009885047043193929,-0.010385047043193929,0.009885047043193929
2021-02-05,-0.005360669132373097,-0.0019043569963215477,-0.005360669132373097,-0.005360669132373097,-0.005360669132373097,-0.005360669132373097,-0.005360669132373097,0.005360669132373097,0.0,-0.005360669132373097,-0.0005,-0.005360669132373097
2021-02-08,0.062375717041119216,0.02573726123800475,0.06237571704111921,0.062375717041119216,0.062375717041119216,-0.0005,0.062375717041119216,-0.062375717041119216,0.0,-0.0005,-0.06287571704111922,0.062375717041119216
2021-02-09,-0.012154627837926202,-0.0049075062792007336,-0.012154627837926202,-0.012154627837926202,-0.012154627837926202,-0.012654627837926202,-0.012154627837926202,0.012154627837926202,-0.012654627837926202,-0.012654627837926202,-0.013154627837926203,-0.012154627837926202
2021-02-10,0.03512494701595603,0.014053293158448013,0.03512494701595603,0.03512494701595603,0.03512494701595603,0.03512494701595603,0.03512494701595603,-0.03512494701595603,0.03512494701595603,0.03512494701595603,0.03512494701595603,0.03512494701595603
2021-02-11,0.032951418084513406,0.012901574824581919,0.032951418084513406,0.032951418084513406,0.032951418084513406,0.032951418084513406,0.032951418084513406,-0.0329514180845134,-0.0005,0.032951418084513406,0.032951418084513406,0.032951418084513406
2021-02-12,-0.018982878453975283,-0.007271730241685297,-0.018982878453975283,-0.018982878453975283,-0.018982878453975283,-0.018982878453975283,-0.018982878453975283,0.01898287845397528,0.0,-0.018982878453975283,-0.018982878453975283,-0.018982878453975283
2021-02-16,0.024663816610276168,0.009212957697993568,0.024663816610276168,0.024663816610276168,0.024663816610276168,0.024663816610276168,0.024663816610276168,-0.024663816610276168,0.0,0.024663816610276168,0.024663816610276168,0.024663816610276168
2021-02-17,-0.02767401661115565,-0.010602118705101093,-0.027674016611155646,-0.02767401661115565,-0.02767401661115565,-0.02767401661115565,-0.02767401661115565,0.027674016611155646,0.0,-0.02767401661115565,-0.02767401661115565,-0.02767401661115565
2021-02-18,-0.0051656505915782525,-0.0019688921253815457,-0.0051656505915782525,-0.0051656505915782525,-0.0051656505915782525,-0.0005,-0.0051656505915782525,0.0051656505915782525,0.0,-0.0051656505915782525,-0.0051656505915782525,-0.0051656505915782525
2021-02-19,0.006574937172463935,0.0024927776891036754,0.006574937172463935,0.006574937172463935,0.006574937172463935,0.0,0.006574937172463935,-0.006574937172463935,0.0,0.006574937172463935,0.006574937172463935,0.006574937172463935
2021-02-22,-0.03823739877661103,-0.01474736421101245,-0.03823739877661103,-0.03823739877661103,-0.03823739877661103,-0.03873739877661103,-0.03823739877661103,0.038237398776611024,0.0,-0.03823739877661103,-0.03823739877661103,-0.03823739877661103
2021-02-23,-0.014889417075563016,-0.005603101348393477,-0.014889417075563016,-0.014889417075563016,-0.014889417075563016,-0.0005,-0.014889417075563016,0.014889417075563016,0.0,-0.014889417075563016,-0.014889417075563016,-0.014889417075563016
2021-02-24,0.025243876445864455,0.009449404751604995,0.025243876445864455,0.025243876445864455,0.025243876445864455,0.0,0.025243876445864455,-0.025243876445864455,0.0,0.025243876445864455,0.025243876445864455,0.025243876445864455
2021-02-25,-0.08217788696490602,-0.030212502614058844,-0.08217788696490602,-0.08217788696490602,-0.08217788696490602,-0.08267788696490602,-0.08217788696490602,0.08217788696490601,0.0,-0.08217788696490602,0.08117788696490602,-0.08217788696490602
2021-02-26,0.030584091952090997,0.009121872339737986,0.030584091952090994,0.030584091952090997,0.030584091952090997,-0.0005,0.030584091952090997,-0.030584091952090997,0.0,0.030584091952090997,0.029584091952090996,0.030584091952090997
2021-03-01,0.009278428899065716,0.002830634057957407,0.009278428899065716,0.009278428899065716,0.009278428899065716,0.0,0.009278428899065716,-0.009278428899065714,0.0,0.009278428899065716,0.009278428899065716,0.009278428899065716
2021-03-02,-0.031462611563405796,-0.009612180234838846,-0.031462611563405796,-0.031462611563405796,-0.031462611563405796,0.0,-0.031462611563405796,0.03146261156340579,0.0,-0.031462611563405796,-0.031462611563405796,-0.031462611563405796
2021-03-03,-0.044867300679609756,-0.01333094574865183,-0.044867300679609756,-0.044867300679609756,-0.044867300679609756,0.0,-0.044867300679609756,0.044867300679609756,0.0,-0.0005,-0.044867300679609756,-0.044867300679609756
2021-03-04,-0.03393278440774139,-0.009684046461533187,-0.03393278440774139,-0.03393278440774139,0.03293278440774139,0.0,-0.03393278440774139,-0.03493278440774139,-0.03443278440774139,0.0,-0.03393278440774139,-0.03393278440774139
2021-03-05,0.007376569140647993,0.002089458065331105,0.007376569140647993,0.007376569140647993,-0.007376569140647993,0.0,0.007376569140647993,0.007376569140647993,0.007376569140647993,0.0,0.007376569140647993,0.007376569140647993
2021-03-08,-0.06967452447736,-0.01969275370984404,-0.06967452447735999,-0.06967452447736,0.06967452447736,0.0,0.06867452447736,-0.06967452447736,-0.06967452447736,0.0,-0.06967452447736,-0.06967452447736
2021-03-09,-0.0005,0.020932315673358404,0.08033295929662376,-0.0005,-0.08033295929662376,0.0,-0.08033295929662376,0.08033295929662376,0.08033295929662376,0.0,0.08033295929662376,0.08033295929662376
2021-03-10,-0.004653000635082949,-0.000972803691321505,-0.0041530006350829485,-0.004653000635082949,0.0041530006350829485,-0.004653000635082949,0.0041530006350829485,0.0031530006350829485,-0.0041530006350829485,0.0,-0.0041530006350829485,-0.0041530006350829485
2021-03-11,0.04212674189088039,0.010430376055397617,0.04212674189088039,0.04212674189088039,0.04112674189088039,-0.0005,-0.04212674189088039,-0.04212674189088039,0.04212674189088039,0.0,0.04212674189088039,0.04212674189088039
2021-03-12,-0.01058197238429781,-0.0025340938783904796,-0.01058197238429781,-0.01058197238429781,-0.01058197238429781,-0.011081972384297811,0.01058197238429781,0.01058197238429781,-0.01058197238429781,0.0,-0.01058197238429781,-0.01058197238429781
2021-03-15,0.02607708315495172,0.0063921875321591454,0.026077083154951716,0.02607708315495172,0.02607708315495172,0.02607708315495172,-0.02607708315495172,-0.02607708315495172,0.02607708315495172,0.0,0.02607708315495172,0.02607708315495172
2021-03-16,0.007580840261254718,0.0018736248524952339,0.007580840261254718,0.007580840261254718,0.007580840261254718,0.007580840261254718,-0.007580840261254718,-0.007580840261254718,0.007580840261254718,0.0,0.007580840261254718,0.007580840261254718
2021-03-17,0.0037619377627124972,0.0009304006327549723,0.0037619377627124972,0.0037619377627124972,0.0037619377627124972,0.0037619377627124972,-0.0037619377627124972,-0.0037619377627124972,0.0037619377627124972,0.0,0.0037619377627124972,0.0037619377627124972
2021-03-18,-0.04637879450993332,-0.01163694735839639,-0.04637879450993332,-0.04637879450993332,-0.04637879450993332,-0.04637879450993332,0.04637879450993332,0.04637879450993332,-0.04637879450993332,0.0,-0.04637879450993332,-0.04637879450993332
2021-03-19,0.009687711907412577,0.002380203260916521,0.009687711907412577,0.009687711907412577,0.009687711907412577,-0.0005,-0.009687711907412577,-0.009687711907412577,0.009687711907412577,-0.010187711907412578,0.009687711907412577,0.009687711907412577
2021-03-22,0.026506677488131514,0.00649036763947584,0.026506677488131514,0.026506677488131514,0.026506677488131514,0.0,-0.026506677488131514,-0.026506677488131514,0.026506677488131514,-0.026506677488131514,0.026506677488131514,0.026506677488131514
2021-03-23,-0.008759094733603812,-0.002115578164572932,-0.00875909473360381,-0.008759094733603812,-0.008759094733603812,-0.009259094733603812,0.008759094733603812,0.008759094733603812,-0.008759094733603812,0.008759094733603812,-0.0005,-0.008759094733603812
2021-03-24,-0.032725676810370086,-0.008048725002120722,-0.032725676810370086,-0.032725676810370086,-0.032725676810370086,-0.0005,0.032725676810370086,0.032725676810370086,-0.032725676810370086,0.032725676810370086,-0.033225676810370086,-0.032725676810370086
2021-03-25,-0.00852259198543237,-0.0020724979911736214,-0.00852259198543237,-0.00852259198543237,-0.00852259198543237,0.0,0.00852259198543237,0.00852259198543237,-0.00852259198543237,-0.0005,-0.00852259198543237,-0.00852259198543237
2021-03-26,0.024251646685404804,0.005984034160781365,0.024251646685404804,0.024251646685404804,0.024251646685404804,0.0,-0.024251646685404804,-0.024251646685404804,0.024251646685404804,0.0,0.024251646685404804,0.024251646685404804
2021-03-29,0.008489613670577878,0.0023062462896886256,0.008489613670577878,0.008489613670577878,0.008489613670577878,0.007989613670577878,-0.008489613670577878,-0.008489613670577878,0.008489613670577878,0.0,-0.0005,0.008489613670577878
2021-03-30,-0.005908263896096555,-0.0016494785949269198,-0.005908263896096555,-0.005908263896096555,-0.005908263896096555,-0.005908263896096555,0.005908263896096555,0.005908263896096555,-0.005908263896096555,0.0,-0.0064082638960965554,-0.005908263896096555
2021-03-31,0.03701912362098825,0.010346286284878327,-0.0005,0.03701912362098825,-0.03801912362098825,0.03701912362098825,-0.03701912362098825,-0.03701912362098825,0.03701912362098825,0.0,0.03701912362098825,0.03701912362098825
2021-04-01,0.034723889461128365,0.009588085393844677,0.03422388946112836,0.034723889461128365,0.033723889461128365,0.034723889461128365,-0.034723889461128365,-0.034723889461128365,0.034723889461128365,0.0,-0.0005,0.034723889461128365
2021-04-05,0.012724537411143544,0.0036016063857028584,0.012724537411143544,0.012724537411143544,0.012724537411143544,0.012724537411143544,-0.012724537411143544,-0.012724537411143544,-0.0005,0.0,0.0,0.012724537411143544
2021-04-06,-0.009008248242735384,-0.00264668706942522,-0.009008248242735384,-0.009008248242735384,-0.009008248242735384,-0.009008248242735384,0.009008248242735384,0.009008248242735384,0.0,0.0,-0.009508248242735384,-0.009008248242735384
2021-04-07,0.020344215005523525,0.005933501453644216,0.020344215005523525,0.020344215005523525,0.020344215005523525,0.020344215005523525,-0.020344215005523525,-0.020344215005523525,0.0,0.0,0.020344215005523525,0.020344215005523525
2021-04-08,0.012267167622257213,0.004185375450228673,0.012267167622257213,0.012267167622257213,0.012267167622257213,0.012267167622257213,-0.012267167622257213,-0.012267167622257213,0.0,0.0,-0.0005,0.012267167622257213
2021-04-09,0.005797241170808487,0.002412937338277476,0.005797241170808487,0.005797241170808487,0.005797241170808487,0.005797241170808487,0.004797241170808487,-0.005797241170808487,0.0,0.0,-0.0062972411708084874,0.005797241170808487
2021-04-12,0.05618067750341371,0.023914055352615607,0.05618067750341371,0.05618067750341371,0.05618067750341371,0.05618067750341371,0.05618067750341371,-0.05618067750341371,0.0,0.0,0.05518067750341371,0.05618067750341371
2021-04-13,0.03093564299731022,0.01243765818636184,0.03093564299731022,0.03093564299731022,0.03093564299731022,0.03093564299731022,0.03093564299731022,-0.03093564299731022,0.0,0.0,0.03093564299731022,0.03093564299731022
2021-04-14,-0.02567035811974583,-0.010277380270709773,-0.02567035811974583,-0.02567035811974583,-0.02567035811974583,-0.02567035811974583,-0.02567035811974583,-0.02667035811974583,0.0,0.0,-0.02567035811974583,-0.02567035811974583
2021-04-15,0.056310303433730224,0.021710404480640228,0.056310303433730224,0.056310303433730224,0.056310303433730224,0.056310303433730224,0.056310303433730224,0.056310303433730224,0.0,0.0,-0.0005,0.056310303433730224
2021-04-16,-0.013927618733980296,-0.004938880011451889,-0.013927618733980296,-0.013927618733980296,-0.013927618733980296,-0.013927618733980296,-0.013927618733980296,-0.013927618733980296,0.0,-0.014427618733980296,-0.014427618733980296,-0.013927618733980296
2021-04-19,-0.034611287932256096,-0.012025870025112783,-0.034611287932256096,-0.034611287932256096,-0.034611287932256096,-0.034611287932256096,-0.034611287932256096,-0.034611287932256096,0.0,-0.034611287932256096,-0.034611287932256096,-0.034611287932256096
2021-04-20,-0.012400771149920664,-0.004495367608313025,-0.012400771149920664,-0.012400771149920664,-0.012400771149920664,-0.0005,-0.012400771149920664,-0.012400771149920664,0.0,-0.012400771149920664,0.011400771149920663,-0.012400771149920664
2021-04-21,0.012474208572340828,0.00443916453671882,0.012474208572340826,0.012474208572340828,0.012474208572340828,0.0,0.012474208572340828,0.012474208572340828,0.0,0.012474208572340828,-0.012474208572340828,0.012474208572340828
2021-04-22,-0.03321834937575152,-0.011969555441133,-0.03321834937575152,-0.03321834937575152,-0.03321834937575152,0.0,-0.03321834937575152,-0.03321834937575152,0.0,-0.03321834937575152,-0.03421834937575152,-0.03321834937575152
2021-04-23,0.027945675710272955,0.009592567699172995,0.027945675710272955,0.027945675710272955,0.027945675710272955,0.0,0.027945675710272955,0.027945675710272955,0.0,0.027945675710272955,-0.028945675710272956,0.027945675710272955
2021-04-26,0.013936841772602016,0.004991213849798905,0.013936841772602016,0.013936841772602016,0.013936841772602016,0.0,0.013936841772602016,0.013936841772602016,0.0,0.013936841772602016,0.012936841772602015,0.013936841772602016
2021-04-27,-0.00621841027420178,-0.0022588303160277316,-0.006218410274201779,-0.00621841027420178,-0.00621841027420178,-0.00671841027420178,-0.00621841027420178,-0.00621841027420178,0.0,-0.00621841027420178,-0.00621841027420178,-0.00621841027420178
2021-04-28,-0.006826281357467656,-0.0024738647669637283,-0.006826281357467656,-0.006826281357467656,-0.006826281357467656,-0.006826281357467656,-0.006826281357467656,-0.006826281357467656,0.0,-0.006826281357467656,-0.0005,-0.006826281357467656
2021-04-29,0.003141924970869292,0.0011271261101472277,0.0031419249708692916,0.003141924970869292,0.003141924970869292,-0.0005,0.003141924970869292,0.003141924970869292,0.0,0.003141924970869292,0.0,0.003141924970869292
2021-04-30,-0.020571444061644573,-0.007439130469607793,-0.020571444061644573,-0.020571444061644573,-0.020571444061644573,-0.021071444061644573,-0.020571444061644573,-0.020571444061644573,0.0,-0.020571444061644573,0.020071444061644572,-0.020571444061644573
2021-05-03,-0.011509267251481159,-0.0041785432521686,-0.011509267251481159,-0.011509267251481159,-0.011509267251481159,-0.0005,-0.011509267251481159,-0.011509267251481159,0.0,-0.011509267251481159,-0.0005,-0.011509267251481159
2021-05-04,-0.03272289063662781,-0.012167657251369503,-0.03272289063662781,-0.03272289063662781,-0.03272289063662781,0.0,-0.03272289063662781,-0.03272289063662781,0.0,-0.03272289063662781,0.03222289063662781,-0.03272289063662781
2021-05-05,0.007473254138062657,0.0026543423959406835,0.007473254138062657,0.007473254138062657,0.007473254138062657,0.0,0.007473254138062657,0.007473254138062657,0.0,0.007473254138062657,0.006473254138062657,0.007473254138062657
2021-05-06,0.00446113812845117,0.001593633320809646,0.00446113812845117,0.00446113812845117,0.00446113812845117,0.0,0.00446113812845117,0.00446113812845117,0.0,-0.0005,0.00446113812845117,0.00446113812845117
2021-05-07,0.019916757291151832,0.007201101723359659,0.01991675729115183,0.019916757291151832,0.019916757291151832,0.0,0.019916757291151832,0.019916757291151832,0.0,0.0,0.019916757291151832,0.019916757291151832
2021-05-10,-0.03689509196534957,-0.01323937172075591,-0.03689509196534956,-0.03689509196534957,-0.03689509196534957,-0.03739509196534957,-0.03689509196534957,-0.03689509196534957,0.0,0.0,-0.03689509196534957,-0.03689509196534957
2021-05-11,0.0028386821112837968,0.0009620205657305897,0.0028386821112837968,0.0028386821112837968,0.0028386821112837968,-0.0005,0.0028386821112837968,0.0028386821112837968,0.0,0.0,0.0028386821112837968,0.0028386821112837968
2021-05-12,-0.038287229525599153,-0.014800713150737214,-0.0005,-0.038287229525599153,-0.038287229525599153,0.0,-0.038287229525599153,-0.038287229525599153,0.0,0.0,-0.038287229525599153,-0.038287229525599153
2021-05-13,-0.006777604074521326,-0.00262586902397243,-0.007277604074521327,-0.006777604074521326,-0.006777604074521326,0.0,-0.006777604074521326,0.005777604074521326,0.0,0.0,-0.006777604074521326,-0.006777604074521326
2021-05-14,0.04227861229073926,0.016659409383797,0.04227861229073926,0.04227861229073926,0.04227861229073926,0.0,0.04227861229073926,-0.04227861229073926,0.04177861229073926,0.0,0.04227861229073926,0.04227861229073926
2021-05-17,-0.005441070238213386,-0.002318209571895133,-0.005441070238213386,-0.005441070238213386,-0.005441070238213386,-0.005941070238213386,0.004441070238213386,0.005441070238213385,-0.005441070238213386,0.0,0.004441070238213386,-0.005441070238213386
2021-05-18,-0.010571650246428588,-0.00449256078330031,-0.010571650246428588,-0.010571650246428588,-0.010571650246428588,-0.0005,0.010571650246428588,0.010571650246428586,-0.010571650246428588,0.0,-0.011571650246428589,-0.010571650246428588
2021-05-19,0.0035674080031338207,0.0015763673685594305,0.0035674080031338207,0.0035674080031338207,0.0035674080031338207,0.0030674080031338207,-0.0035674080031338207,-0.0035674080031338207,0.0035674080031338207,0.0,0.0035674080031338207,0.0035674080031338207
2021-05-20,0.03887109725889437,0.017303820492244527,0.03887109725889437,0.03887109725889437,0.03887109725889437,0.03887109725889437,-0.03887109725889437,-0.03887109725889437,0.03887109725889437,0.0,0.03887109725889437,0.03887109725889437
2021-05-21,0.025953617328648537,0.010680689082408705,0.025953617328648537,0.025953617328648537,0.025953617328648537,0.025953617328648537,-0.025953617328648537,-0.025953617328648534,0.025953617328648537,0.0,-0.026953617328648538,0.025953617328648537
2021-05-24,0.041373021982656244,0.017336172607437524,0.041373021982656244,0.041373021982656244,0.041373021982656244,0.041373021982656244,-0.041373021982656244,-0.04137302198265624,0.041373021982656244,0.0,0.04037302198265624,0.041373021982656244
2021-05-25,0.0022899161776273047,0.0009109804696986939,0.0022899161776273043,0.0022899161776273047,0.0022899161776273047,0.0022899161776273047,-0.0022899161776273047,-0.0022899161776273043,0.0022899161776273047,0.0,-0.0032899161776273047,0.0022899161776273047
2021-05-26,0.0033389706704116673,0.0013496159358607276,0.0033389706704116673,0.0033389706704116673,0.0033389706704116673,0.0033389706704116673,-0.0033389706704116673,-0.003338970670411667,0.0033389706704116673,0.0,-0.0033389706704116673,0.0033389706704116673
2021-05-27,-0.013503240461898325,-0.005476308436553321,-0.013503240461898325,-0.013503240461898325,-0.013503240461898325,-0.013503240461898325,0.013503240461898325,0.013503240461898323,-0.013503240461898325,-0.014003240461898325,-0.014503240461898326,-0.013503240461898325
2021-05-28,0.0488443143988917,0.019670617452294672,0.04884431439889169,0.0488443143988917,0.0488443143988917,0.0488443143988917,-0.0488443143988917,-0.0488443143988917,0.0488443143988917,0.0488443143988917,-0.0498443143988917,0.0488443143988917
2021-06-01,0.0012313956028959794,0.0004354042348933342,0.0012313956028959794,0.0012313956028959794,0.0012313956028959794,0.0012313956028959794,-0.0012313956028959794,-0.0012313956028959794,-0.0005,0.0012313956028959794,-0.0012313956028959794,0.0012313956028959794
2021-06-02,0.03158719402896182,0.011876591086991968,0.03158719402896182,0.03158719402896182,0.03158719402896182,0.03158719402896182,-0.03158719402896182,-0.03158719402896182,0.0,0.03158719402896182,-0.03158719402896182,0.03158719402896182
2021-06-03,0.011413567714317674,0.004220052154098663,0.011413567714317674,0.011413567714317674,0.011413567714317674,0.011413567714317674,-0.011413567714317674,-0.011413567714317674,0.0,0.011413567714317674,-0.011413567714317674,0.011413567714317674
2021-06-04,0.035857951264945065,0.014139625596323339,0.035857951264945065,0.035857951264945065,0.035857951264945065,0.035857951264945065,-0.035857951264945065,-0.035857951264945065,0.0,0.035857951264945065,-0.035857951264945065,0.035857951264945065
2021-06-07,0.0023180731840262148,0.0008814481843678973,0.0023180731840262148,0.0023180731840262148,0.0023180731840262148,0.0023180731840262148,0.0013180731840262147,-0.0023180731840262148,0.0,0.0023180731840262148,0.0013180731840262147,0.0023180731840262148
2021-06-08,-0.009194674188459095,-0.0035161770792647845,-0.009194674188459095,-0.009194674188459095,-0.009194674188459095,-0.009194674188459095,-0.009194674188459095,0.009194674188459095,0.0,-0.009194674188459095,0.008194674188459095,-0.009194674188459095
2021-06-09,-0.005428860217897902,-0.0020605115435687054,-0.005428860217897902,-0.005428860217897902,-0.005428860217897902,-0.005428860217897902,-0.005428860217897902,0.005428860217897902,0.0,-0.005428860217897902,-0.006428860217897902,-0.005428860217897902
2021-06-10,0.0038452581838261946,0.0015676727858808348,0.0038452581838261946,0.0038452581838261946,0.0038452581838261946,0.0038452581838261946,0.0038452581838261946,-0.0038452581838261946,0.0,0.0038452581838261946,-0.004845258183826195,0.0038452581838261946
2021-06-11,0.02297021185546133,0.009467939748573859,0.02297021185546133,0.02297021185546133,0.02297021185546133,0.02297021185546133,0.02297021185546133,-0.02297021185546133,0.0,0.02297021185546133,0.02197021185546133,0.02297021185546133
2021-06-14,0.010855275307966483,0.005036755148537162,0.010855275307966483,0.010855275307966483,0.010855275307966483,0.010855275307966483,0.010855275307966483,0.009855275307966482,0.0,0.010855275307966483,-0.0005,0.010855275307966483
2021-06-15,-0.012778546513227407,-0.0059610991594990816,-0.012778546513227405,-0.012778546513227407,-0.012778546513227405,-0.012778546513227407,-0.012778546513227407,-0.012778546513227407,0.0,-0.012778546513227407,0.0,-0.012778546513227407
2021-06-16,0.0012227048676221042,0.000570382942312952,0.001222704867622104,0.0012227048676221042,0.001222704867622104,0.0012227048676221042,0.0012227048676221042,0.0012227048676221042,0.0,0.0012227048676221042,0.0,0.0012227048676221042
2021-06-17,0.04755708229702993,0.02218503356509313,0.04755708229702992,0.04755708229702993,0.04755708229702992,0.04755708229702993,0.04755708229702993,0.04755708229702993,0.0,0.04755708229702993,0.0,0.04755708229702993
2021-06-18,-0.0009915824233655002,-0.00046256600031776673,-0.0009915824233655002,-0.0009915824233655002,-0.0009915824233655002,-0.0009915824233655002,-0.0009915824233655002,-0.0009915824233655002,0.0,-0.0009915824233655002,0.0,-0.0009915824233655002
2021-06-21,-0.011347256717717857,-0.00529341286292538,-0.011347256717717857,-0.011347256717717857,-0.011347256717717856,-0.011347256717717857,-0.011347256717717857,-0.011347256717717857,0.0,-0.011347256717717857,0.0,-0.011347256717717857
2021-06-22,0.024935798464564174,0.011632368917285382,0.024935798464564174,0.024935798464564174,0.024935798464564174,-0.0005,0.024935798464564174,0.024935798464564174,0.0,0.024935798464564174,0.024435798464564173,0.024935798464564174
2021-06-23,0.009027292762721961,0.004211166523885265,0.009027292762721961,0.009027292762721961,0.00902729276272196,0.00852729276272196,0.009027292762721961,0.009027292762721961,0.0,0.009027292762721961,0.009027292762721961,0.009027292762721961
2021-06-24,0.007779416483504997,0.0036290413008406032,0.007779416483504997,0.007779416483504997,0.007779416483504997,0.007779416483504997,0.007779416483504997,0.007779416483504997,0.0,0.007779416483504997,0.007779416483504997,0.007779416483504997
2021-06-25,-0.009085948933206023,-0.004238529201495745,-0.009085948933206023,-0.009085948933206023,-0.009085948933206023,-0.009085948933206023,-0.009085948933206023,-0.009085948933206023,0.0,-0.009085948933206023,-0.009085948933206023,-0.009085948933206023
2021-06-28,0.05012866914229552,0.02338466015533355,0.05012866914229552,0.05012866914229552,0.05012866914229552,0.05012866914229552,0.05012866914229552,0.05012866914229552,0.0,0.05012866914229552,0.05012866914229552,0.05012866914229552
2021-06-29,0.0020892035819952692,0.0009745983006567344,0.0020892035819952692,0.0020892035819952692,0.0020892035819952692,0.0020892035819952692,0.0020892035819952692,0.0020892035819952692,0.0,0.0020892035819952692,-0.0005,0.0020892035819952692
2021-06-30,-0.0012110562786606938,-0.0005649489601464092,-0.0012110562786606938,-0.0012110562786606938,-0.0012110562786606938,-0.0012110562786606938,-0.0012110562786606938,-0.0012110562786606938,0.0,-0.0012110562786606938,0.0007110562786606938,-0.0012110562786606938
2021-07-01,0.010473622372611846,0.004885868784658715,0.010473622372611846,0.010473622372611846,0.010473622372611846,0.010473622372611846,0.010473622372611846,0.010473622372611846,0.0,0.010473622372611846,0.009473622372611845,0.010473622372611846
2021-07-02,0.013605760398773592,0.007102673296883797,0.013605760398773592,0.013605760398773592,0.013605760398773592,0.013605760398773592,0.013605760398773592,0.013605760398773592,0.0,0.013605760398773592,0.013605760398773592,0.013605760398773592
2021-07-06,0.010323744387878087,0.005411224189458472,0.010323744387878087,0.010323744387878087,0.010323744387878087,0.010323744387878087,0.010323744387878087,0.010323744387878087,0.0,0.010323744387878087,0.010323744387878087,0.010323744387878087
2021-07-07,-0.0157859287583193,-0.008274245887992466,-0.0157859287583193,-0.0157859287583193,-0.0157859287583193,-0.0157859287583193,-0.0157859287583193,-0.0157859287583193,0.0,-0.0157859287583193,-0.0157859287583193,-0.0157859287583193
2021-07-08,-0.023022402608078862,-0.012067267186367624,-0.023022402608078862,-0.023022402608078862,-0.023022402608078862,-0.0005,-0.023022402608078862,-0.023022402608078862,0.0,-0.023022402608078862,-0.0005,-0.023022402608078862
2021-07-09,0.0074112376203299135,0.0038846242969791996,0.0074112376203299135,0.0074112376203299135,0.0074112376203299135,0.0,0.0074112376203299135,0.0074112376203299135,0.0,0.0074112376203299135,0.006911237620329913,0.0074112376203299135
2021-07-12,0.023054598515006575,0.012084142775671575,0.023054598515006575,0.023054598515006575,0.023054598515006575,0.0,0.023054598515006575,0.023054598515006575,0.0,0.023054598515006575,-0.024054598515006576,0.023054598515006575
2021-07-13,-0.01279724126811499,-0.006707715622024737,-0.01279724126811499,-0.01279724126811499,-0.012797241268114988,-0.01329724126811499,-0.01279724126811499,-0.01279724126811499,0.0,-0.01279724126811499,-0.01379724126811499,-0.01279724126811499
2021-07-14,-0.020172897860964323,-0.010095534706262097,-0.020172897860964323,-0.020172897860964323,-0.020172897860964323,-0.0005,-0.020172897860964323,-0.020172897860964323,0.0,-0.020172897860964323,-0.020172897860964323,-0.020172897860964323
2021-07-15,-0.04411196858124311,-0.021145424155465213,-0.04411196858124311,-0.04411196858124311,-0.04411196858124311,0.0,-0.04411196858124311,-0.04411196858124311,0.0,-0.04411196858124311,-0.04411196858124311,-0.04411196858124311
2021-07-16,-0.04245703189292782,-0.018136530635055045,-0.04245703189292782,-0.04245703189292782,-0.04245703189292782,0.0,-0.04245703189292782,-0.04245703189292782,0.0,-0.04245703189292782,0.04145703189292782,-0.04245703189292782
2021-07-19,0.03407015849151418,0.01322815423966003,0.03407015849151418,0.03407015849151418,0.03407015849151418,0.0,0.03407015849151418,0.03407015849151418,0.0,0.03407015849151418,0.03307015849151418,0.03407015849151418
2021-07-20,-0.008932479703287477,-0.00365265549498068,-0.008932479703287475,-0.008932479703287477,-0.008932479703287475,0.0,-0.008932479703287477,-0.008932479703287477,0.0,-0.008932479703287477,0.007932479703287476,-0.008932479703287477
2021-07-21,0.042875810164749284,0.017417545894976193,0.04287581016474928,0.042875810164749284,0.042875810164749284,0.0,0.042875810164749284,0.042875810164749284,0.0,-0.0005,0.04187581016474928,0.042875810164749284
2021-07-22,0.009479701574336197,0.0035887799835639797,0.009479701574336197,0.009479701574336197,0.009479701574336197,0.008979701574336196,0.009479701574336197,0.009479701574336197,0.0,0.0,0.009479701574336197,0.009479701574336197
2021-07-23,-0.0018372667519088726,-0.0007149904678498786,-0.0018372667519088723,-0.0018372667519088726,-0.0018372667519088723,-0.0018372667519088726,-0.0018372667519088726,-0.0018372667519088726,0.0,0.0,-0.0018372667519088726,-0.0018372667519088726
2021-07-26,-0.01349861102426042,-0.00523556849686829,-0.01349861102426042,-0.01349861102426042,-0.01349861102426042,-0.01349861102426042,-0.01349861102426042,-0.01349861102426042,0.0,0.0,0.01249861102426042,-0.01349861102426042
2021-07-27,-0.004457111941054359,-0.001718089955417144,-0.004457111941054359,-0.004457111941054359,-0.004457111941054359,-0.004457111941054359,-0.004457111941054359,-0.004457111941054359,0.0,0.0,0.004457111941054359,-0.004457111941054359
2021-07-28,0.015358099573806294,0.005931848718477686,0.015358099573806294,0.015358099573806294,0.015358099573806294,0.015358099573806294,0.015358099573806294,0.015358099573806294,0.0,0.0,-0.015358099573806294,0.015358099573806294
2021-07-29,0.00815254805645127,0.0034792690935816777,0.008152548056451268,0.00815254805645127,0.00815254805645127,0.00815254805645127,0.00815254805645127,0.00815254805645127,0.0,0.0,-0.00815254805645127,0.00815254805645127
2021-07-30,-0.008290067075718888,-0.003547590580430289,-0.008290067075718886,-0.008290067075718888,-0.008290067075718888,-0.008290067075718888,-0.008290067075718888,-0.008290067075718888,0.0,0.0,0.008290067075718888,-0.008290067075718888
2021-08-02,0.01287238832362414,0.0054910014884798925,0.01287238832362414,0.01287238832362414,0.012872388323624138,0.01287238832362414,0.01287238832362414,0.01287238832362414,0.0,0.0,-0.01287238832362414,0.01287238832362414
2021-08-03,0.003291211983337483,0.0013991373022186955,0.003291211983337483,0.003291211983337483,0.003291211983337483,0.003291211983337483,0.003291211983337483,0.003291211983337483,0.0,0.0,-0.003291211983337483,0.003291211983337483
2021-08-04,0.02316439641350776,0.009949830266031919,0.02316439641350776,0.02316439641350776,0.02316439641350776,0.02316439641350776,0.02316439641350776,0.02316439641350776,0.0,0.0,-0.02316439641350776,0.02316439641350776
2021-08-05,0.017904464523325725,0.007511814973000229,0.017904464523325725,0.017904464523325725,0.01790446452332572,0.017904464523325725,0.017904464523325725,0.017904464523325725,0.0,0.017404464523325724,-0.017904464523325725,0.017904464523325725
2021-08-06,-0.013131820409768347,-0.005495473327567216,-0.013131820409768347,-0.013131820409768347,-0.013131820409768347,-0.013131820409768347,-0.013131820409768347,-0.013131820409768347,0.0,-0.013131820409768347,0.013131820409768347,-0.013131820409768347
2021-08-09,-0.003485908351989475,-0.0014905183757829242,-0.003485908351989475,-0.003485908351989475,-0.003485908351989475,-0.003485908351989475,-0.003485908351989475,-0.003485908351989475,0.0,-0.003485908351989475,0.003485908351989475,-0.003485908351989475
2021-08-10,-0.017689215389764534,-0.007550999841653141,-0.017689215389764534,-0.017689215389764534,-0.017689215389764534,-0.017689215389764534,-0.017689215389764534,-0.017689215389764534,0.0,-0.017689215389764534,0.017689215389764534,-0.017689215389764534
2021-08-11,-0.011888238842331478,-0.005138175595280264,-0.011888238842331478,-0.011888238842331478,-0.011888238842331478,-0.0005,-0.011888238842331478,-0.011888238842331478,0.0,-0.011888238842331478,0.011888238842331478,-0.011888238842331478
2021-08-12,0.010457478746101367,0.004522132971133918,0.010457478746101367,0.010457478746101367,0.010457478746101367,0.0,0.010457478746101367,0.010457478746101367,0.0,0.010457478746101367,0.009457478746101367,0.010457478746101367
2021-08-13,0.014217624862511657,0.006236024053341116,0.014217624862511657,0.014217624862511657,0.014217624862511657,0.0,0.014217624862511657,0.014217624862511657,0.0,0.014217624862511657,-0.0005,0.014217624862511657
2021-08-16,-0.01178914132388409,-0.005848953225422752,-0.01178914132388409,-0.01178914132388409,-0.01178914132388409,-0.01228914132388409,-0.01178914132388409,-0.01178914132388409,0.0,-0.0005,0.0,-0.01178914132388409
2021-08-17,-0.024661696867038452,-0.014193492920196941,-0.024661696867038452,-0.024661696867038452,-0.024661696867038452,-0.0005,-0.024661696867038452,-0.024661696867038452,0.0,0.0,0.0,-0.024661696867038452
2021-08-18,-0.021481973369022023,-0.012537419243701699,-0.021481973369022023,-0.021481973369022023,-0.021481973369022023,0.0,-0.021481973369022023,-0.021481973369022023,0.0,0.0,-0.021981973369022023,-0.021481973369022023
2021-08-19,0.03981097374396314,0.02233807430140769,0.03981097374396314,0.03981097374396314,0.03981097374396314,0.0,0.03981097374396314,0.03981097374396314,0.0,0.0,0.03981097374396314,0.03981097374396314
2021-08-20,0.051419087464256163,0.02950821607806999,0.05141908746425616,0.051419087464256163,0.051419087464256163,0.05091908746425616,0.051419087464256163,0.051419087464256163,0.0,0.0,0.051419087464256163,0.051419087464256163
2021-08-23,0.05486191563779208,0.026201729779786926,0.05486191563779208,0.05486191563779208,0.05486191563779208,0.05486191563779208,0.05486191563779208,0.05486191563779208,0.0,0.0,0.05486191563779208,0.05486191563779208
2021-08-24,-0.007514576423413022,-0.003159133803064325,-0.007514576423413022,-0.007514576423413022,-0.007514576423413022,-0.007514576423413022,-0.007514576423413022,-0.007514576423413022,0.0,-0.008014576423413022,-0.007514576423413022,-0.007514576423413022
2021-08-25,0.019272424775328867,0.008097951742232492,0.019272424775328867,0.019272424775328867,0.019272424775328867,0.019272424775328867,0.019272424775328867,0.019272424775328867,0.0,0.019272424775328867,-0.020272424775328868,0.019272424775328867
2021-08-26,-0.00652773235056614,-0.002738845390676095,-0.006527732350566139,-0.00652773235056614,-0.00652773235056614,-0.00652773235056614,-0.00652773235056614,-0.00652773235056614,0.0,-0.00652773235056614,-0.00752773235056614,-0.00652773235056614
2021-08-27,0.025738353881854303,0.010744563841779513,0.025738353881854303,0.025738353881854303,0.025738353881854303,0.025738353881854303,0.025738353881854303,0.025738353881854303,0.0,0.025738353881854303,0.025738353881854303,0.025738353881854303
2021-08-30,0.0022973103459122957,0.0009388314074535882,0.0022973103459122957,0.0022973103459122957,0.0022973103459122957,0.0022973103459122957,0.0022973103459122957,0.0022973103459122957,0.0,0.0022973103459122957,0.0022973103459122957,0.0022973103459122957
2021-08-31,-0.013181071371086484,-0.005465613344416935,-0.013181071371086484,-0.013181071371086484,-0.013181071371086484,-0.013181071371086484,-0.013181071371086484,-0.013181071371086484,0.0,-0.013181071371086484,0.012181071371086483,-0.013181071371086484
2021-09-01,0.002501497077013193,0.0010155368824081635,0.0025014970770131924,0.002501497077013193,0.002501497077013193,-0.0005,0.002501497077013193,0.002501497077013193,0.0,0.002501497077013193,-0.002501497077013193,0.002501497077013193
2021-09-02,-0.002005277197851041,-0.0008167831680801022,-0.002005277197851041,-0.002005277197851041,-0.002005277197851041,-0.002505277197851041,-0.002005277197851041,-0.002005277197851041,0.0,-0.002005277197851041,-0.0005,-0.002005277197851041
2021-09-03,0.019959343928474205,0.008223104489692724,0.019959343928474205,0.019959343928474205,0.0199593439284742,-0.0005,0.019959343928474205,0.019959343928474205,0.0,0.019959343928474205,0.0,0.019959343928474205
2021-09-07,-0.007923759937056962,-0.003257224622799596,-0.007923759937056962,-0.007923759937056962,-0.007923759937056962,-0.008423759937056963,-0.007923759937056962,-0.007923759937056962,0.0,-0.007923759937056962,0.007423759937056962,-0.007923759937056962
2021-09-08,-0.014252928149167898,-0.005905579049283397,-0.014252928149167898,-0.014252928149167898,-0.014252928149167898,-0.0005,-0.014252928149167898,-0.014252928149167898,0.0,-0.014252928149167898,0.014252928149167898,-0.014252928149167898
2021-09-09,-0.007251906369825423,-0.0029643916407116533,-0.007251906369825423,-0.007251906369825423,-0.007251906369825423,0.0,-0.007251906369825423,-0.007251906369825423,0.0,-0.007251906369825423,-0.0005,-0.007251906369825423
2021-09-10,0.013572407385180174,0.005636344994194415,0.013572407385180174,0.013572407385180174,0.013572407385180174,0.0,0.013572407385180174,0.013572407385180174,0.0,0.013572407385180174,0.013072407385180174,0.013572407385180174
2021-09-13,-0.014502920173026679,-0.00603737310317963,-0.014502920173026679,-0.014502920173026679,-0.014502920173026679,-0.01500292017302668,-0.014502920173026679,-0.014502920173026679,0.0,-0.014502920173026679,-0.014502920173026679,-0.014502920173026679
2021-09-14,0.00406278971489038,0.0016911848434509114,0.00406278971489038,0.00406278971489038,0.00406278971489038,-0.0005,0.00406278971489038,0.00406278971489038,0.0,0.00406278971489038,-0.00506278971489038,0.00406278971489038
2021-09-15,0.004451062701436692,0.001852808121062822,0.004451062701436692,0.004451062701436692,0.004451062701436692,0.0,0.004451062701436692,0.004451062701436692,0.0,0.004451062701436692,0.003451062701436692,0.004451062701436692
2021-09-16,-0.004431338535762719,-0.0018445977010365818,-0.004431338535762719,-0.004431338535762719,-0.004431338535762719,0.0,-0.004431338535762719,-0.004431338535762719,0.0,-0.004431338535762719,-0.004431338535762719,-0.004431338535762719
2021-09-17,-0.015376406244582475,-0.00640061312852946,-0.015376406244582475,-0.015376406244582475,-0.015376406244582475,0.0,-0.015376406244582475,-0.015376406244582475,0.0,-0.015376406244582475,-0.015376406244582475,-0.015376406244582475
2021-09-20,-0.03593617319853837,-0.014958862188277135,-0.03593617319853836,-0.03593617319853837,-0.03593617319853837,0.0,-0.03593617319853837,-0.03593617319853837,0.0,-0.03593617319853837,-0.03593617319853837,-0.03593617319853837
2021-09-21,0.006299600836756403,0.0026222842437220654,0.006299600836756403,0.006299600836756403,0.006299600836756403,0.0,0.006299600836756403,0.006299600836756403,0.0,-0.0005,0.006299600836756403,0.006299600836756403
2021-09-22,0.03271193444697196,0.01643209592357108,0.03271193444697195,0.03271193444697196,0.03271193444697196,0.0,0.03271193444697196,0.03271193444697196,0.0,0.0,0.03271193444697196,0.03271193444697196
2021-09-23,0.024657303900452954,0.014508546814139886,0.024657303900452954,0.024657303900452954,0.024657303900452954,0.024157303900452953,0.024657303900452954,0.024657303900452954,0.0,0.0,0.024657303900452954,0.024657303900452954
2021-09-24,-0.017836681254078224,-0.010526525904597952,-0.017836681254078224,-0.017836681254078224,-0.017836681254078224,-0.017836681254078224,-0.017836681254078224,-0.017836681254078224,0.0,0.0,0.016836681254078223,-0.017836681254078224
2021-09-27,-0.019066149276206867,-0.011252110827009058,-0.019066149276206867,-0.019066149276206867,-0.019066149276206867,-0.019066149276206867,-0.019066149276206867,-0.019066149276206867,0.0,0.0,-0.02006614927620687,-0.019066149276206867
2021-09-28,-0.04436753689328732,-0.026184020433936386,-0.04436753689328732,-0.04436753689328732,-0.04436753689328732,-0.0005,-0.04436753689328732,-0.04436753689328732,0.0,0.0,-0.04436753689328732,-0.04436753689328732
2021-09-29,-0.008792670912926015,-0.004512732473900904,-0.008792670912926015,-0.008792670912926015,-0.008792670912926013,0.0,-0.008792670912926015,-0.008792670912926015,0.0,0.0,-0.008792670912926015,-0.008792670912926015
2021-09-30,0.009699553090258384,0.004933191770591708,0.009699553090258384,0.009699553090258384,0.009699553090258384,0.0,0.009699553090258384,0.009699553090258384,0.009199553090258383,0.0,0.009699553090258384,0.009699553090258384
2021-10-01,0.0012549855098409335,0.0006382855098321039,0.0012549855098409335,0.0012549855098409335,0.0012549855098409335,0.0,0.0012549855098409335,0.0012549855098409335,0.0012549855098409335,0.0,0.0012549855098409335,0.0012549855098409335
2021-10-04,-0.04869368235265137,-0.024765602170182806,-0.04869368235265137,-0.04869368235265137,-0.04869368235265137,0.0,-0.04869368235265137,-0.04869368235265137,-0.04869368235265137,0.0,-0.04869368235265137,-0.04869368235265137
2021-10-05,0.03643818574534152,0.01629038364241793,0.03643818574534152,0.03643818574534152,0.03643818574534152,0.0,0.03643818574534152,0.03643818574534152,0.03643818574534152,0.0,0.03643818574534152,0.03643818574534152
2021-10-06,0.01217566500738232,0.005453503496018316,0.012175665007382317,0.01217566500738232,0.01217566500738232,0.011675665007382319,0.01217566500738232,0.01217566500738232,0.01217566500738232,0.0,0.01217566500738232,0.01217566500738232
2021-10-07,0.01811595542679023,0.008114170864081026,0.018115955426790228,0.01811595542679023,0.01811595542679023,0.01811595542679023,0.01811595542679023,0.01811595542679023,0.01811595542679023,0.0,0.01811595542679023,0.01811595542679023
2021-10-08,-0.011577898390344288,-0.005185762692222926,-0.011577898390344288,-0.011577898390344288,-0.011577898390344288,-0.011577898390344288,-0.011577898390344288,-0.011577898390344288,-0.011577898390344288,0.0,-0.011577898390344288,-0.011577898390344288
2021-10-11,-0.006528556002063257,-0.0029241526405018787,-0.006528556002063257,-0.006528556002063257,-0.006528556002063257,-0.006528556002063257,-0.006528556002063257,-0.006528556002063257,-0.006528556002063257,0.0,-0.006528556002063257,-0.006528556002063257
2021-10-12,-0.0011598159422124832,-0.000497322933652676,-0.0011598159422124832,-0.0011598159422124832,-0.0011598159422124832,-0.0011598159422124832,-0.0011598159422124832,0.00015981594221248317,-0.0011598159422124832,0.0,-0.0011598159422124832,-0.0011598159422124832
2021-10-13,0.012965066805503911,0.005401501176090279,0.01296506680550391,0.012965066805503911,0.012965066805503911,0.012965066805503911,0.012965066805503911,-0.012965066805503911,0.012965066805503911,0.0,0.012965066805503911,0.012965066805503911
2021-10-14,0.038540583508512194,0.0159028651809226,0.03854058350851219,0.038540583508512194,0.038540583508512194,0.038540583508512194,0.038540583508512194,0.03754058350851219,0.038540583508512194,0.0,-0.0005,0.038540583508512194
2021-10-15,0.005334185859730445,0.002037316323518185,0.005334185859730445,0.005334185859730445,0.005334185859730445,0.005334185859730445,0.005334185859730445,0.005334185859730445,0.005334185859730445,0.0,0.004834185859730444,0.005334185859730445
2021-10-18,0.016467083689002182,0.0063263543373708155,0.016467083689002182,0.016467083689002182,0.016467083689002182,0.016467083689002182,0.016467083689002182,0.016467083689002182,0.016467083689002182,0.0,0.016467083689002182,0.016467083689002182
2021-10-19,0.003060206244656749,0.0011745681070200232,0.003060206244656749,0.003060206244656749,0.003060206244656749,0.003060206244656749,0.003060206244656749,0.003060206244656749,0.003060206244656749,0.0,0.003060206244656749,0.003060206244656749
2021-10-20,-0.008389484581804552,-0.0034418336878618816,-0.008389484581804552,-0.008389484581804552,-0.008389484581804552,-0.008389484581804552,-0.008389484581804552,-0.008389484581804552,-0.008389484581804552,-0.008889484581804552,-0.008389484581804552,-0.008389484581804552
2021-10-21,0.026647923354548464,0.010839342933916769,0.026647923354548464,0.026647923354548464,0.026647923354548464,0.026647923354548464,0.026647923354548464,-0.027647923354548465,0.026647923354548464,0.026647923354548464,0.026647923354548464,0.026647923354548464
2021-10-22,0.0014981161600393644,0.0006158984993900277,0.0014981161600393644,0.0014981161600393644,0.0014981161600393642,0.0014981161600393644,0.0014981161600393644,-0.0014981161600393644,-0.0005,0.0014981161600393644,0.0014981161600393644,0.0014981161600393644
2021-10-25,0.019361163207348264,0.00821316497812591,0.019361163207348264,0.019361163207348264,0.019361163207348264,0.019361163207348264,0.019361163207348264,-0.019361163207348264,0.0,0.019361163207348264,-0.0005,0.019361163207348264
2021-10-26,0.06695143633811007,0.028513869280102633,0.06695143633811006,0.06695143633811007,0.06695143633811007,0.06695143633811007,0.06695143633811007,-0.06695143633811007,0.0,0.06695143633811007,0.06645143633811007,0.06695143633811007
2021-10-27,-0.010761485001315796,-0.003990451108761824,-0.010761485001315796,-0.010761485001315796,-0.010761485001315796,-0.010761485001315796,-0.010761485001315796,0.010761485001315796,0.0,-0.010761485001315796,-0.0005,-0.010761485001315796
2021-10-28,0.020039705940935182,0.008119896789431322,0.020039705940935182,0.020039705940935182,0.020039705940935182,0.020039705940935182,0.020039705940935182,-0.020039705940935182,0.0,0.020039705940935182,0.0,0.020039705940935182
2021-10-29,0.025099265438440987,0.010282286749003578,0.025099265438440987,0.025099265438440987,0.025099265438440987,0.025099265438440987,0.025099265438440987,-0.025099265438440987,0.0,0.025099265438440987,-0.025599265438440988,0.025099265438440987
2021-11-01,0.010169288550980315,0.004120384324607108,0.010169288550980315,0.010169288550980315,0.010169288550980315,0.010169288550980315,0.010169288550980315,-0.010169288550980315,0.0,0.010169288550980315,0.009169288550980315,0.010169288550980315
2021-11-02,0.022225115155883435,0.009044978050594022,0.022225115155883435,0.022225115155883435,0.022225115155883435,0.022225115155883435,0.022225115155883435,-0.022225115155883435,0.0,0.022225115155883435,-0.0005,0.022225115155883435
2021-11-03,0.007461775127788339,0.003685495385211491,0.007461775127788339,0.007461775127788339,0.007461775127788339,0.007461775127788339,0.007461775127788339,-0.007461775127788339,0.0,0.007461775127788339,0.006961775127788339,0.007461775127788339
2021-11-04,0.12042272343508476,0.062417114309551984,0.12042272343508474,0.12042272343508476,0.12042272343508476,0.12042272343508476,0.12042272343508476,-0.12042272343508476,0.0,0.12042272343508476,-0.0005,0.12042272343508476
2021-11-05,-0.0016443636047008825,-0.0006228772568056014,-0.0016443636047008825,-0.0016443636047008825,-0.0016443636047008825,-0.0016443636047008825,-0.0016443636047008825,0.0016443636047008825,0.0,-0.0016443636047008825,0.0011443636047008825,-0.0016443636047008825
2021-11-08,0.035358984897337686,0.011121809459351093,0.035358984897337686,0.035358984897337686,0.035358984897337686,0.035358984897337686,0.035358984897337686,-0.035358984897337686,0.0,0.035358984897337686,-0.0005,0.035358984897337686
2021-11-09,-0.004772093669903277,-0.0015285895402244137,-0.004772093669903277,-0.004772093669903277,-0.004772093669903277,-0.004772093669903277,-0.004772093669903277,0.004772093669903277,0.0,-0.004772093669903277,0.0,-0.004772093669903277
2021-11-10,-0.03907744811513281,-0.012527780163970633,-0.03907744811513281,-0.03907744811513281,-0.03907744811513281,-0.03907744811513281,-0.03907744811513281,-0.04007744811513281,0.0,-0.03907744811513281,0.0,-0.03907744811513281
2021-11-11,0.031603085210164306,0.00936234841300698,0.031603085210164306,0.031603085210164306,0.031603085210164306,-0.0005,0.031603085210164306,0.031603085210164306,0.0,0.031603085210164306,0.031103085210164305,0.031603085210164306
2021-11-12,0.0,-5.911312101537781e-07,0.0,0.0,0.0,-0.0005,0.0,0.0,0.0,0.0,0.0,0.0
2021-11-15,-0.012010459548777552,-0.0035612077623889886,-0.012010459548777552,-0.012010459548777552,-0.012010459548777552,-0.0005,-0.012010459548777552,-0.012010459548777552,0.0,-0.012010459548777552,-0.012010459548777552,-0.012010459548777552
2021-11-16,0.0059284576227036645,0.001726707512690385,0.0059284576227036645,0.0059284576227036645,0.005928457622703664,0.0,0.0059284576227036645,0.0059284576227036645,0.0,0.0059284576227036645,-0.0005,0.0059284576227036645
2021-11-17,-0.031188970195787036,-0.009077611132752695,-0.031188970195787036,-0.031188970195787036,-0.031188970195787036,0.0,-0.031188970195787036,-0.031188970195787036,0.0,-0.031188970195787036,-0.031688970195787036,-0.031188970195787036
2021-11-18,0.08249868157808815,0.022966055402353823,0.08249868157808815,0.08249868157808815,0.08249868157808815,0.0,0.08249868157808815,0.08249868157808815,0.0,-0.0005,-0.0005,0.08249868157808815
2021-11-19,0.04135750886150347,0.010644137224233496,0.04135750886150347,0.04135750886150347,0.04135750886150347,0.040857508861503467,0.04135750886150347,0.04135750886150347,0.0,0.040857508861503467,0.040857508861503467,0.04135750886150347
2021-11-22,-0.0311958543292693,-0.007969448964835311,-0.0311958543292693,-0.0311958543292693,-0.0311958543292693,-0.0311958543292693,-0.0311958543292693,-0.0311958543292693,0.0,-0.0311958543292693,-0.0005,-0.0311958543292693
2021-11-23,-0.006571576686768665,-0.0016213866610977569,-0.0065715766867686645,-0.006571576686768665,-0.006571576686768665,-0.006571576686768665,-0.006571576686768665,-0.006571576686768665,0.0,-0.006571576686768665,-0.007071576686768666,-0.006571576686768665
2021-11-24,0.02923216955200858,0.00712779948344384,0.029232169552008577,0.02923216955200858,0.02923216955200858,-0.0005,0.02923216955200858,0.02923216955200858,0.0,0.02923216955200858,0.02923216955200858,0.02923216955200858
2021-11-26,-0.03583901186268457,-0.009134364506372155,-0.03583901186268457,-0.03583901186268457,-0.03583901186268457,-0.03633901186268457,-0.03583901186268457,-0.03583901186268457,0.0,-0.03583901186268457,-0.03583901186268457,-0.03583901186268457
2021-11-29,0.05945489219057842,0.014657827568318784,0.05945489219057842,0.05945489219057842,0.05945489219057842,-0.0005,0.05945489219057842,0.05945489219057842,0.0,0.05945489219057842,0.05945489219057842,0.05945489219057842
2021-11-30,-0.020973318767222637,-0.005004674902927164,-0.020973318767222634,-0.020973318767222637,-0.020973318767222637,-0.021473318767222638,-0.020973318767222637,-0.020973318767222637,0.0,-0.020973318767222637,-0.0005,-0.020973318767222637
2021-12-01,-0.037861171915893554,-0.00888015158969128,-0.037861171915893554,-0.037861171915893554,-0.037861171915893554,-0.0005,-0.037861171915893554,-0.037861171915893554,0.0,-0.037861171915893554,-0.038361171915893555,-0.037861171915893554
2021-12-02,0.021981616512951607,0.0049684035742430955,0.021981616512951604,0.021981616512951607,0.021981616512951607,0.0,0.021981616512951607,0.021981616512951607,0.0,0.021981616512951607,-0.0005,0.021981616512951607
2021-12-03,-0.0446054044524703,-0.010091201865946196,-0.0446054044524703,-0.0446054044524703,-0.0446054044524703,-0.0451054044524703,-0.0446054044524703,-0.0446054044524703,0.0,-0.0446054044524703,0.0,-0.0446054044524703
2021-12-06,-0.021372775701712365,-0.004652404367014702,-0.021372775701712362,-0.021372775701712365,-0.021372775701712365,-0.0005,-0.021372775701712365,-0.021372775701712365,0.0,-0.0005,0.020872775701712365,-0.021372775701712365
2021-12-07,0.0795679929633808,0.021264374789753387,0.0795679929633808,0.0795679929633808,0.0795679929633808,0.0,0.0795679929633808,0.0795679929633808,0.0,0.0,-0.0005,0.0795679929633808
2021-12-08,-0.01853354309433186,-0.004475931194431734,-0.01853354309433186,-0.01853354309433186,-0.01853354309433186,-0.019033543094331862,-0.01853354309433186,-0.01853354309433186,0.0,0.0,-0.019033543094331862,-0.01853354309433186
2021-12-09,-0.04197855837913067,-0.01019580856229277,-0.04197855837913067,-0.04197855837913067,-0.04197855837913067,-0.04197855837913067,-0.04197855837913067,-0.04197855837913067,0.0,0.0,0.04097855837913067,-0.04197855837913067
2021-12-10,-0.009576600124654888,-0.002261591165065276,-0.009576600124654888,-0.009576600124654888,-0.009576600124654888,-0.0005,-0.009576600124654888,-0.009576600124654888,0.0,0.0,0.009576600124654888,-0.009576600124654888
2021-12-13,-0.0674549571740154,-0.016294542421831832,-0.0674549571740154,-0.0674549571740154,-0.0674549571740154,0.0,-0.0674549571740154,-0.0674549571740154,0.0,0.0,0.0674549571740154,-0.0674549571740154
2021-12-14,0.00624983990666661,0.0014244541154729228,0.00624983990666661,0.00624983990666661,0.00624983990666661,0.0,0.00624983990666661,0.00624983990666661,0.0,0.0,0.00524983990666661,0.00624983990666661
2021-12-15,0.07488452705010307,0.01712470881092535,0.07488452705010307,0.07488452705010307,0.07488452705010305,0.0,0.07488452705010307,0.07488452705010307,0.0,0.0,0.07488452705010307,0.07488452705010307
2021-12-16,-0.06802594811394858,-0.014437792794048715,-0.06802594811394858,-0.06802594811394858,-0.06802594811394858,-0.06852594811394858,-0.06802594811394858,-0.06802594811394858,0.0,0.0,-0.06802594811394858,-0.06802594811394858
2021-12-17,-0.020643304093381998,-0.0041521370610065255,-0.020643304093381998,-0.020643304093381998,-0.020643304093381998,-0.0005,-0.020643304093381998,-0.020643304093381998,0.0,0.0,0.019643304093381997,-0.020643304093381998
2021-12-20,-0.002949449917782898,-0.0005964812685678119,-0.002949449917782898,-0.002949449917782898,-0.002949449917782898,0.0,-0.002949449917782898,-0.002949449917782898,0.0,0.0,-0.0005,-0.002949449917782898
2021-12-21,0.04891946716543205,0.010830893864965765,0.048919467165432044,0.04891946716543205,0.04891946716543205,0.0,0.04891946716543205,0.04891946716543205,0.0,0.0,-0.04941946716543205,0.04891946716543205
2021-12-22,0.01117785674180305,0.0024503227298141397,0.01117785674180305,0.01117785674180305,0.01117785674180305,0.010677856741803049,0.01117785674180305,0.01117785674180305,0.0,0.0,-0.01117785674180305,0.01117785674180305
2021-12-23,0.0081634058274489,0.0018018043589360575,0.0081634058274489,0.0081634058274489,0.0081634058274489,0.0081634058274489,0.0081634058274489,0.0081634058274489,0.0,0.0,-0.0005,0.0081634058274489
2021-12-27,0.04402826474644117,0.00970786717043736,0.04402826474644117,0.04402826474644117,0.04402826474644117,0.04402826474644117,0.04402826474644117,0.04402826474644117,0.0,0.0,0.04352826474644117,0.04402826474644117
2021-12-28,-0.020132569113036403,-0.004373241309606354,-0.020132569113036403,-0.020132569113036403,-0.020132569113036403,-0.020132569113036403,-0.020132569113036403,-0.0201325691130364,0.0,-0.020632569113036403,-0.020132569113036403,-0.020132569113036403
2021-12-29,-0.01058615694163978,-0.0023257454810160947,-0.01058615694163978,-0.01058615694163978,-0.01058615694163978,-0.01058615694163978,-0.01058615694163978,-0.01058615694163978,0.0,-0.01058615694163978,0.009586156941639778,-0.01058615694163978
2021-12-30,-0.013832787263934998,-0.003211859558950809,-0.013832787263934998,-0.013832787263934998,-0.013832787263934998,-0.013832787263934998,-0.013832787263934998,-0.013832787263934998,0.0,-0.013832787263934998,0.013832787263934998,-0.013832787263934998
2021-12-31,-0.0059151878535353974,-0.0013751210382685194,-0.0059151878535353974,-0.0059151878535353974,-0.0059151878535353974,-0.0005,-0.0059151878535353974,-0.0059151878535353974,0.0,-0.0059151878535353974,0.0059151878535353974,-0.0059151878535353974
2022-01-03,0.024140746182830686,0.0057128712926246975,0.024140746182830686,0.024140746182830686,0.024140746182830682,0.0,0.024140746182830686,0.024140746182830686,0.0,0.024140746182830686,-0.024140746182830686,0.024140746182830686
2022-01-04,-0.027588770594372036,-0.006520291609377108,-0.027588770594372033,-0.027588770594372036,-0.027588770594372036,-0.028088770594372037,-0.027588770594372036,-0.027588770594372036,0.0,-0.027588770594372036,-0.0005,-0.027588770594372036
2022-01-05,-0.05756218874597552,-0.01386050198437824,-0.05756218874597552,-0.05756218874597552,-0.05756218874597551,-0.0005,-0.05756218874597552,-0.05756218874597552,0.0,-0.0005,-0.05806218874597552,-0.05756218874597552
2022-01-06,0.02079397535335281,0.004796379656453787,0.02079397535335281,0.02079397535335281,0.02079397535335281,0.0,0.02079397535335281,0.02079397535335281,0.0,0.0,0.02079397535335281,0.02079397535335281
2022-01-07,-0.03303996241426299,-0.008501763957772357,-0.03303996241426299,-0.03303996241426299,-0.03303996241426299,0.0,-0.03303996241426299,-0.03303996241426299,0.0,0.0,-0.0005,-0.03303996241426299
2022-01-10,0.005615476316209289,0.001426637352545069,0.005615476316209288,0.005615476316209289,0.005615476316209289,0.0,0.005615476316209289,0.005615476316209289,0.0,0.0,0.005115476316209289,0.005615476316209289
2022-01-11,0.015218933965836179,0.003954060957336883,0.015218933965836177,-0.0005,0.015218933965836179,0.0,0.015218933965836179,0.015218933965836177,0.0,0.0,0.015218933965836179,0.015218933965836179
2022-01-12,0.00654262878474654,0.0016897141480653993,0.00654262878474654,0.0,0.00654262878474654,0.0,0.00654262878474654,0.00654262878474654,0.0,0.0,0.00654262878474654,0.00654262878474654
2022-01-13,-0.0508589614476177,-0.014351813234652823,-0.050858961447617694,0.0,-0.0508589614476177,-0.0513589614476177,-0.0508589614476177,-0.0508589614476177,0.0,0.0,-0.0508589614476177,-0.0508589614476177
2022-01-14,0.013809845953755229,0.0036924016084040807,0.013809845953755229,0.0,0.013809845953755229,-0.0005,0.013809845953755229,0.013809845953755229,0.0,0.0,0.013809845953755229,0.013809845953755229
2022-01-18,-0.038564132559309905,-0.011845452196880333,-0.038564132559309905,0.0,-0.038564132559309905,-0.039064132559309905,-0.038564132559309905,-0.038564132559309905,0.0,0.0,-0.038564132559309905,-0.038564132559309905
2022-01-19,-0.032274439137929045,-0.01075383784393911,-0.032274439137929045,0.0,-0.032274439137929045,-0.0005,-0.032274439137929045,-0.032274439137929045,0.0,0.0,-0.032274439137929045,-0.032274439137929045
2022-01-20,-0.03658173178134272,-0.01198627352799914,-0.03658173178134272,0.0,-0.03658173178134272,0.0,-0.03658173178134272,-0.03658173178134272,-0.03708173178134272,0.0,-0.03658173178134272,-0.03658173178134272
2022-01-21,-0.032132719543027655,-0.01023631478073823,-0.032132719543027655,0.0,-0.032132719543027655,0.0,-0.032132719543027655,-0.032132719543027655,-0.032132719543027655,0.0,-0.032132719543027655,-0.032132719543027655
2022-01-24,-8.554275115635335e-05,-4.3182639030642286e-05,-8.554275115635335e-05,0.0,-8.554275115635339e-05,0.0,-8.554275115635335e-05,-8.554275115635335e-05,-8.554275115635335e-05,0.0,-8.554275115635335e-05,-8.554275115635335e-05
2022-01-25,-0.04483969758991946,-0.01568878976005244,-0.04483969758991946,0.0,-0.04483969758991946,0.0,0.04383969758991946,-0.04483969758991946,-0.04483969758991946,0.04433969758991946,-0.04483969758991946,-0.04483969758991946
2022-01-26,0.020067797749085958,0.0068549360295675895,0.020067797749085958,0.0,0.020067797749085958,0.0,-0.020067797749085958,0.020067797749085958,0.020067797749085958,-0.020067797749085958,0.020067797749085958,0.020067797749085958
2022-01-27,-0.036360414459134405,-0.013439269514783558,-0.036360414459134405,0.0,-0.036360414459134405,0.0,0.036360414459134405,-0.0363604144591344,-0.036360414459134405,0.036360414459134405,-0.036360414459134405,-0.036360414459134405
2022-01-28,-0.0005,0.014824122446231375,-0.0005,0.0,0.04083132381366261,0.0,-0.04083132381366261,-0.04183132381366261,0.04083132381366261,-0.04083132381366261,0.04083132381366261,0.04083132381366261
2022-01-31,0.07156659815156668,0.02368457921369735,0.07156659815156668,0.0,0.07206659815156669,0.07156659815156668,-0.07206659815156669,0.07106659815156667,0.07206659815156669,-0.07206659815156669,0.07206659815156669,0.07206659815156669
2022-02-01,0.006207486601263801,0.0016921226066658158,0.006207486601263801,0.0,0.006207486601263801,0.006207486601263801,-0.006207486601263801,0.006207486601263801,0.006207486601263801,-0.006207486601263801,0.006207486601263801,0.006207486601263801
2022-02-02,0.024515001015785964,0.006755909012666462,0.024515001015785964,0.0,0.024515001015785964,0.024515001015785964,-0.024515001015785964,0.02451500101578596,0.024515001015785964,-0.0005,0.024515001015785964,0.024515001015785964
2022-02-03,-0.05126367823415923,-0.014121460852368381,-0.05126367823415923,0.0,-0.05126367823415923,-0.05126367823415923,0.05126367823415923,-0.05126367823415922,-0.05126367823415923,0.0,-0.05126367823415923,-0.05126367823415923
2022-02-04,0.015492113763781346,0.004136098160983799,0.015492113763781346,0.0,0.015492113763781346,-0.0005,-0.015492113763781346,0.015492113763781346,0.015492113763781346,0.0,0.015492113763781346,0.015492113763781346
2022-02-07,0.01681792407575422,0.004682159024382297,0.01681792407575422,0.0,0.016817924075754217,0.01631792407575422,-0.01681792407575422,0.01681792407575422,0.01681792407575422,0.0,0.01681792407575422,0.01681792407575422
2022-02-08,0.015367036561398928,0.004301063613873003,0.015367036561398928,0.0,0.015367036561398928,0.015367036561398928,-0.015367036561398928,0.015367036561398926,0.015367036561398928,0.0,0.015367036561398928,0.015367036561398928
2022-02-09,0.06360536936666983,0.017969681084094417,0.06360536936666983,0.06310536936666983,0.06360536936666983,0.06360536936666983,-0.06360536936666983,0.06360536936666981,0.06360536936666983,0.0,-0.0005,0.06360536936666983
2022-02-10,-0.032990208511559094,-0.009134236360300455,-0.032990208511559094,-0.032990208511559094,-0.032990208511559094,-0.032990208511559094,0.032990208511559094,-0.032990208511559094,-0.032990208511559094,0.0,-0.033490208511559094,-0.032990208511559094
2022-02-11,-0.0005,-0.02009683843645111,-0.07260679098215661,-0.07260679098215661,-0.07260679098215661,-0.07260679098215661,0.07260679098215661,0.07160679098215661,-0.07260679098215661,0.0,-0.07260679098215661,-0.07260679098215661
2022-02-14,0.0,0.0031278980601537414,0.013278172594672455,-0.0005,0.013278172594672455,-0.0005,-0.013278172594672455,-0.013278172594672455,0.013278172594672455,0.0,-0.014278172594672456,0.013278172594672455
2022-02-15,0.0,0.021765178757606262,0.09181184325580327,0.09131184325580327,0.09181184325580327,0.0,-0.09181184325580327,-0.09181184325580327,0.09181184325580327,-0.09231184325580327,-0.09181184325580327,0.09181184325580327
2022-02-16,0.0,0.00014319029498756946,0.0006040182378266312,0.0006040182378266312,0.0006040182378266312,0.00010401823782663121,-0.0003959817621733688,-0.0003959817621733688,0.0006040182378266312,-0.0006040182378266312,-0.0003959817621733688,0.0006040182378266312
2022-02-17,0.0,-0.017919874313877017,-0.07559123267454926,-0.07559123267454926,-0.07559123267454926,-0.07559123267454926,-0.07559123267454926,-0.07559123267454926,-0.07559123267454926,-0.0005,-0.07559123267454926,-0.07559123267454926
2022-02-18,0.0,-0.0073175147034543146,-0.03529627434287741,-0.03529627434287741,-0.03529627434287741,-0.0005,0.03429627434287741,-0.03529627434287741,-0.03529627434287741,0.0,0.03429627434287741,-0.03529627434287741
2022-02-22,0.0,-0.002205209523525171,-0.010658876772594805,-0.0005,-0.010658876772594805,0.0,-0.011658876772594806,-0.010658876772594805,-0.010658876772594805,0.010158876772594805,0.010658876772594805,-0.010658876772594805
2022-02-23,0.0,-0.008871716031356166,-0.04288142552029017,0.0,-0.04288142552029017,0.0,-0.04288142552029017,-0.04288142552029017,-0.04288142552029017,0.04288142552029017,0.04288142552029017,-0.04288142552029017
2022-02-24,0.0,0.012577631245348464,0.06079396089356548,0.0,0.06079396089356548,0.0,-0.06179396089356548,0.06079396089356548,-0.0005,-0.06079396089356548,-0.06079396089356548,0.06079396089356548
2022-02-25,0.0,0.0035631468742720798,0.01722246482720169,0.0,0.01722246482720169,0.0,-0.01722246482720169,0.01722246482720169,0.0,-0.01722246482720169,-0.01722246482720169,0.01722246482720169
2022-02-28,0.0,0.0019527386475166838,0.00943855918946479,0.0,0.00943855918946479,0.00893855918946479,-0.00943855918946479,0.00943855918946479,0.0,-0.00943855918946479,-0.00943855918946479,0.00943855918946479
2022-03-01,0.0,-0.007703780462510758,-0.037236210780443924,0.0,-0.037236210780443924,-0.037236210780443924,0.037236210780443924,-0.037236210780443924,0.0,0.037236210780443924,0.037236210780443924,-0.037236210780443924
2022-03-02,0.0,0.006584004399718935,0.031823774937558724,0.0,0.031823774937558724,0.031823774937558724,-0.031823774937558724,0.031823774937558724,0.0,-0.031823774937558724,-0.031823774937558724,0.031823774937558724
2022-03-03,0.0,-0.004322277325205462,-0.020891720670922376,0.0,-0.020891720670922376,-0.020891720670922376,0.020891720670922376,-0.020891720670922376,0.0,0.020891720670922376,-0.021891720670922377,-0.020891720670922376
2022-03-04,0.0,-0.006787572224403516,-0.03280771969883,0.0,-0.03280771969883001,-0.03280771969883001,0.03280771969883001,0.031807719698830006,0.0,-0.0005,0.031807719698830006,-0.03280771969883001
2022-03-07,0.0,-0.014288166548459897,-0.06906183059779758,0.0,-0.06906183059779757,-0.0005,0.06906183059779758,-0.07006183059779758,0.0,0.0,0.06906183059779758,-0.06906183059779758
2022-03-08,0.0,0.0015697010940297642,-0.0005,0.0,-0.008587147775565795,0.0,-0.0075871477755657946,0.0075871477755657946,0.0,-0.008087147775565795,-0.0075871477755657946,0.0075871477755657946
2022-03-09,0.0,0.014424833596901651,0.0,0.0,-0.06972241056204798,0.0,-0.06972241056204798,0.06972241056204798,0.0,-0.06972241056204798,-0.06972241056204798,0.06972241056204798
2022-03-10,0.0,-0.0032004190405253447,-0.01596922041180654,0.0,-0.01646922041180654,-0.01596922041180654,0.015469220411806539,-0.015469220411806539,0.0,0.015469220411806539,-0.01646922041180654,-0.015469220411806539
2022-03-11,0.0,-0.005095062245227487,-0.02462697536956293,0.0,-0.02462697536956293,-0.0005,0.02462697536956293,-0.02462697536956293,0.0,0.02462697536956293,0.02362697536956293,-0.02462697536956293
2022-03-14,0.0,-0.007208367303518129,-0.0005,0.0,-0.03484163205361934,0.0,0.03484163205361934,-0.03484163205361934,0.0,0.03484163205361934,0.03484163205361934,-0.03484163205361934
2022-03-15,0.0,0.015936200087291727,0.0,0.0,0.0770275981224322,0.0,-0.0770275981224322,0.0770275981224322,0.0,-0.0770275981224322,-0.0770275981224322,0.0770275981224322
2022-03-16,0.0,0.013715825504164362,0.0,0.0,0.06629542105803997,0.06579542105803998,-0.06629542105803998,-0.06729542105803997,0.0,-0.06629542105803998,-0.06629542105803998,0.06629542105803998
2022-03-17,0.0,0.0022803462527415156,0.0,0.010522050035393249,0.01102205003539325,0.01102205003539325,-0.01102205003539325,-0.01102205003539325,0.0,-0.0005,-0.01102205003539325,0.01102205003539325
2022-03-18,0.0,0.014092833231578299,0.0,0.06811768731707435,0.06811768731707435,0.06811768731707435,-0.06811768731707435,-0.06811768731707435,0.0,0.0,0.06711768731707435,0.06811768731707435
2022-03-21,0.0,0.002197677199298388,0.0,0.010622469295260784,0.010622469295260784,0.010622469295260784,-0.010622469295260784,-0.010622469295260784,0.0,0.0,-0.011622469295260784,0.010622469295260784
2022-03-22,0.0,-0.00162514471089945,0.0,-0.007855134410729714,-0.007855134410729714,-0.007855134410729714,-0.008855134410729715,0.007855134410729714,0.0,0.0,-0.008855134410729715,-0.007855134410729714
2022-03-23,0.0,-0.0069420608664526465,0.0,-0.03355444030782451,-0.03355444030782451,-0.03355444030782451,-0.03355444030782451,-0.0345544403078245,0.0,0.0,-0.03355444030782451,-0.03355444030782451
2022-03-24,0.0,0.020306349306859914,0.0,0.09815070751965904,0.09815070751965904,-0.0005,0.09815070751965904,0.09815070751965904,0.0,0.09765070751965904,-0.0005,0.09815070751965904
2022-03-25,-0.016769884067893093,-0.003366067931793343,-0.016769884067893093,-0.016269884067893092,-0.016269884067893092,-0.016769884067893093,-0.016269884067893092,0.015269884067893088,0.0,-0.016269884067893092,-0.016769884067893093,-0.016269884067893092
2022-03-28,0.01903086673142984,0.0039372862124637305,0.01903086673142984,0.01903086673142984,0.019030866731429837,0.01903086673142984,0.01903086673142984,-0.019030866731429837,0.0,0.01903086673142984,0.01903086673142984,0.01903086673142984
2022-03-29,0.01548600333920791,0.003203891251728057,0.01548600333920791,0.01548600333920791,0.01548600333920791,0.01548600333920791,0.01548600333920791,-0.015486003339207908,0.0,0.01548600333920791,0.01548600333920791,0.01548600333920791
2022-03-30,-0.03371019948615528,-0.006974285802603011,-0.03371019948615528,-0.03371019948615528,-0.03371019948615528,-0.03371019948615528,-0.03371019948615528,0.03371019948615527,-0.03421019948615528,-0.03371019948615528,-0.03371019948615528,-0.03371019948615528
2022-03-31,-0.014590153763758384,-0.003018549394647337,-0.014590153763758384,-0.014590153763758384,-0.014590153763758384,-0.0005,-0.014590153763758384,-0.015590153763758385,-0.014590153763758384,-0.014590153763758384,-0.014590153763758384,-0.014590153763758384
2022-04-01,-0.02103645070146043,-0.004352220446651729,-0.02103645070146043,-0.02103645070146043,-0.02103645070146043,0.0,-0.02103645070146043,-0.02103645070146043,-0.02103645070146043,-0.02103645070146043,0.02003645070146043,-0.02103645070146043
2022-04-04,-0.0005,0.005018920879478992,-0.0005,0.024258946197662334,0.02425894619766233,0.0,0.024258946197662334,0.024258946197662334,0.024258946197662334,0.024258946197662334,-0.024258946197662334,0.024258946197662334
2022-04-05,-0.05272970784623793,-0.010805777345094716,-0.05272970784623793,-0.05222970784623793,-0.05222970784623793,-0.05272970784623793,-0.05222970784623793,0.05122970784623792,-0.05222970784623793,-0.05222970784623793,0.05222970784623793,-0.05222970784623793
2022-04-06,-0.0005,-0.012159170540435653,-0.0005,-0.058771331732818566,-0.058771331732818566,-0.0005,-0.058771331732818566,-0.05977133173281857,-0.058771331732818566,-0.0005,0.058771331732818566,-0.058771331732818566
2022-04-07,0.0,-0.0016868773803895864,0.0,-0.0005,-0.008153519171868795,0.0,-0.008153519171868795,-0.008153519171868795,-0.008153519171868795,0.0,-0.009153519171868796,-0.008153519171868795
2022-04-08,0.0,-0.009306909610790289,0.0,0.0,-0.04498493300378659,0.0,-0.04498493300378659,-0.04498493300378659,-0.04498493300378659,0.0,-0.0005,-0.04498493300378659
2022-04-11,0.0,-0.010756577123371974,0.0,0.0,-0.0519918986517226,0.0,-0.0519918986517226,-0.0519918986517226,-0.0519918986517226,0.0,0.0514918986517226,-0.0519918986517226
2022-04-12,0.0,-0.003898573302240321,0.0,0.0,-0.018843747940594846,0.0,0.017843747940594845,0.017843747940594845,-0.0005,0.0,0.018843747940594846,-0.018843747940594846
2022-04-13,0.0,0.006725053990088074,0.0,0.0,0.03250553791134014,0.0,-0.03250553791134014,-0.03250553791134014,0.0,0.0,-0.03250553791134014,0.03250553791134014
2022-04-14,0.0,-0.00880559121531708,0.0,0.0,-0.04256181132569681,0.0,0.04256181132569681,-0.04356181132569681,0.0,0.04206181132569681,0.04256181132569681,-0.04256181132569681
2022-04-18,0.0,0.005784640833927629,0.0,0.0,0.024696751984704335,0.0,-0.024696751984704335,0.024696751984704335,0.024196751984704334,-0.024696751984704335,-0.024696751984704335,0.024696751984704335
2022-04-19,0.0,0.004473098569514192,0.0,0.0,0.019051350269467138,0.0,-0.019051350269467138,0.019051350269467138,0.019051350269467138,-0.019051350269467138,-0.019051350269467138,0.019051350269467138
2022-04-20,0.0,-0.0075732470322579385,0.0,0.0,-0.03225517605895689,-0.03275517605895689,0.03225517605895689,-0.03225517605895689,-0.03225517605895689,0.03225517605895689,0.03225517605895689,-0.03225517605895689
2022-04-21,0.0,-0.014197692758865158,0.0,0.0,-0.06046931753547158,-0.0005,0.06046931753547158,-0.06046931753547158,-0.06046931753547158,0.06046931753547158,-0.06146931753547158,-0.06046931753547158
2022-04-22,0.0,-0.007770917913129659,0.0,0.0,-0.033097075053811875,0.0,0.033097075053811875,-0.033097075053811875,-0.033097075053811875,0.033097075053811875,0.032097075053811874,-0.033097075053811875
2022-04-25,0.0,0.004656154496737907,0.0,0.0,0.0198310027931583,0.0,-0.019831002793158303,0.019831002793158303,0.019831002793158303,-0.019831002793158303,-0.019831002793158303,0.019831002793158303
2022-04-26,0.0,-0.017065934259658234,0.0,0.0,-0.055974199707727205,0.0,0.05597419970772721,-0.05597419970772721,-0.05597419970772721,0.05597419970772721,-0.05697419970772721,-0.05597419970772721
2022-04-27,0.0,-0.006040712481931051,0.0,0.0,-0.019853218269424763,0.0,0.019853218269424766,-0.019853218269424766,-0.019853218269424766,0.019853218269424766,-0.019853218269424766,-0.019853218269424766
2022-04-28,0.0,0.022586752018718046,0.0,0.0,0.0742329185781132,0.0,-0.0742329185781132,0.0742329185781132,0.0742329185781132,-0.0742329185781132,0.0742329185781132,0.0742329185781132
2022-04-29,0.0,-0.01613539905162024,0.0,0.0,-0.06243034108871226,-0.06293034108871226,0.06243034108871226,-0.06243034108871226,-0.06243034108871226,0.06243034108871226,-0.06243034108871226,-0.06243034108871226
2022-05-02,0.0,0.013720302191749776,0.0,0.0,0.05316204228984023,-0.0005,-0.05316204228984023,0.05316204228984023,0.05316204228984023,-0.05316204228984023,0.05316204228984023,0.05316204228984023
2022-05-03,0.0,0.000802915761639492,0.0,0.0,0.003532180796728346,0.003032180796728346,-0.003532180796728346,0.003532180796728346,0.003532180796728346,-0.003532180796728346,0.003532180796728346,0.003532180796728346
2022-05-04,0.0,0.008631156878155405,0.0,0.0,0.03734329604797603,0.03734329604797604,-0.03734329604797604,0.03734329604797604,0.03734329604797604,-0.03734329604797604,0.03734329604797604,0.03734329604797604
2022-05-05,0.0,-0.01693627231285203,0.0,0.0,-0.07327595128396479,-0.0732759512839648,0.0732759512839648,-0.0732759512839648,-0.0732759512839648,-0.0005,-0.0732759512839648,-0.0732759512839648
2022-05-06,0.0,-0.0020728903835534667,0.0,0.0,-0.008968503337478784,-0.0005,0.008968503337478784,-0.008968503337478784,-0.008968503337478784,0.0,0.007968503337478783,-0.008968503337478784
2022-05-09,0.0,-0.02134937506256877,0.0,0.0,-0.09236954497010218,0.0,0.09236954497010219,-0.09236954497010219,-0.09236954497010219,0.0,0.09236954497010219,-0.09236954497010219
2022-05-10,0.0,0.008795180833618918,0.0,0.0,0.038052957013974265,0.0,-0.038052957013974265,0.038052957013974265,0.038052957013974265,-0.038552957013974265,0.037052957013974264,0.038052957013974265
2022-05-11,0.0,-0.011227207585793339,0.0,0.0,-0.05484518278175854,0.0,0.05484518278175854,-0.05484518278175854,-0.05484518278175854,0.05484518278175854,-0.05484518278175854,-0.05484518278175854
2022-05-12,0.0,-0.005594149225132671,0.0,0.0,0.0263600469162818,0.0,0.0273600469162818,0.0263600469162818,-0.0005,0.0273600469162818,-0.0273600469162818,-0.0273600469162818
2022-05-13,0.0,0.01935298188155505,0.0,0.0,-0.09465219302167259,0.0,-0.0946521930216726,-0.0946521930216726,0.0,-0.0946521930216726,0.0946521930216726,0.0946521930216726
2022-05-16,0.0,-0.005104101413544035,0.0,0.0,0.024963305146139203,-0.025463305146139203,0.024963305146139203,0.024963305146139203,0.0,0.024963305146139203,0.023963305146139202,-0.024963305146139203
2022-05-17,0.0,0.01081305985496944,0.0,0.0,-0.05288486471032793,0.05288486471032794,-0.05288486471032794,-0.05288486471032794,0.0,-0.05288486471032794,-0.05288486471032794,0.05288486471032794
2022-05-18,0.0,-0.01238773933161206,0.0,0.0,0.06816300554296638,-0.06816300554296639,0.06816300554296639,0.06816300554296639,0.0,0.06816300554296639,0.06816300554296639,-0.06816300554296639
2022-05-19,0.0,0.0019937881577163363,0.0,0.0,-0.01098088149290466,-0.0005,-0.01098088149290466,-0.01098088149290466,0.0,-0.01098088149290466,0.009980881492904659,0.01098088149290466
2022-05-20,0.0,-0.004559328980298156,0.0,0.0,0.02511071751833671,-0.025610717518336712,0.02511071751833671,0.02511071751833671,0.0,-0.0005,-0.02511071751833671,-0.02511071751833671
2022-05-23,0.0,0.002218764121295804,0.0,0.0,-0.012219947130473585,-0.0005,-0.012219947130473585,-0.012219947130473585,0.0,0.0,0.012219947130473585,0.012219947130473585
2022-05-24,0.0,-0.007994299056719867,0.0,0.0,0.044028975807152815,0.0,0.044028975807152815,0.044028975807152815,0.0,0.0,0.043028975807152814,-0.044028975807152815
2022-05-25,0.0,0.009227964027295447,0.0,0.0,-0.050823443309334415,0.0,-0.050823443309334415,-0.050823443309334415,0.0,-0.051323443309334416,0.049823443309334414,0.050823443309334415
2022-05-26,0.0,0.009369925679693891,0.0,0.0,-0.05160530374695971,0.05110530374695971,-0.05160530374695971,-0.05160530374695971,0.0,-0.05160530374695971,-0.05260530374695971,0.05160530374695971
2022-05-27,0.0,0.009764491948672469,0.0,0.0,-0.05377839592025956,0.05377839592025957,-0.05377839592025957,-0.05377839592025957,0.0,-0.05377839592025957,-0.05377839592025957,0.05377839592025957
2022-05-31,0.0,-0.0013416686534808854,0.0,0.0,0.0073893028352085555,-0.0073893028352085555,0.0073893028352085555,0.0073893028352085555,-0.007889302835208556,-0.0005,-0.008389302835208556,-0.0073893028352085555
2022-06-01,0.0,-0.003422885472872424,0.0,0.0,0.01885170176978479,-0.01885170176978479,0.01885170176978479,0.01885170176978479,-0.01885170176978479,0.0,-0.0005,-0.01885170176978479
2022-06-02,0.0,0.012606750439810754,0.0,0.0,-0.06943226744246765,0.06943226744246767,-0.06943226744246767,-0.06943226744246767,0.06943226744246767,0.0,-0.06993226744246767,0.06943226744246767
2022-06-03,0.0,-0.008081285278352569,0.0,0.0,0.04450805648960521,-0.04450805648960521,0.04450805648960521,0.04450805648960521,-0.04450805648960521,0.0,-0.0005,-0.04450805648960521
2022-06-06,0.0,0.0006401489425461182,0.0,0.0,-0.0035256502295402115,0.0035256502295402115,-0.0035256502295402115,-0.0035256502295402115,0.0035256502295402115,0.0,0.0,0.0035256502295402115
2022-06-07,0.0,0.0013531614062151202,0.0,0.0,-0.007452599708205554,-0.0005,-0.007452599708205554,-0.007452599708205554,0.007452599708205554,0.0,-0.007952599708205554,0.007452599708205554
2022-06-08,0.0,-0.002629206456297025,0.0,0.0,0.014480477479636544,-0.014980477479636545,0.014480477479636544,0.014480477479636544,-0.014480477479636544,0.0,0.014480477479636544,-0.014480477479636544
2022-06-09,0.0,-0.006808016081300291,0.0,0.0,0.032175141868761914,-0.0005,0.032175141868761914,0.032175141868761914,-0.032175141868761914,0.0,0.032175141868761914,-0.032175141868761914
2022-06-10,0.0,-0.012564089074662494,0.0,0.0,0.059507937185842574,0.0,0.059507937185842574,0.059507937185842574,-0.059507937185842574,0.059007937185842574,-0.0005,-0.059507937185842574
2022-06-13,0.0,-0.016282923552912793,0.0,0.07767849696668944,0.07817849696668944,0.0,0.07817849696668944,-0.07917849696668944,-0.07817849696668944,-0.0005,0.07767849696668944,-0.07817849696668944
2022-06-14,0.0,0.0024696937230171806,0.0,-0.012079104031355259,-0.012079104031355259,0.0,-0.012079104031355259,0.012079104031355259,-0.0005,-0.01257910403135526,-0.0005,0.012079104031355259
2022-06-15,0.0,0.00914825124612093,0.0,-0.043634873452816025,-0.04363487345281602,0.0,-0.043634873452816025,0.043634873452816025,0.0,-0.043634873452816025,0.043134873452816025,0.043634873452816025
2022-06-16,0.0,-0.011880410881275248,0.0,0.056029739888808106,0.056029739888808106,0.0,0.056029739888808106,0.055029739888808105,0.0,0.056029739888808106,-0.056029739888808106,-0.056029739888808106
2022-06-17,0.0,0.00375659118626179,0.0,-0.01788348490576208,-0.01788348490576208,0.0,-0.01788348490576208,0.01688348490576208,0.0,-0.01788348490576208,-0.0005,0.01788348490576208
2022-06-21,0.0,0.009260846733291365,0.0,-0.043199015060625845,-0.043199015060625845,0.0,-0.043199015060625845,-0.044199015060625846,0.0,-0.043199015060625845,0.0,0.043199015060625845
2022-06-22,0.0,-0.002643342897909968,0.0,0.012435071881167103,0.012435071881167103,-0.012935071881167104,0.012435071881167103,0.012435071881167103,0.0,0.012435071881167103,0.011935071881167103,-0.012435071881167103
2022-06-23,0.0,-0.0017532497100574563,0.0,0.008251842351850502,0.008251842351850502,-0.008251842351850502,0.008251842351850502,-0.009251842351850503,0.0,0.008251842351850502,-0.009251842351850503,-0.008251842351850502
2022-06-24,0.0,0.011833520247172567,0.0,-0.055531389639211115,-0.05553138963921111,-0.0005,-0.055531389639211115,0.055531389639211115,0.0,-0.055531389639211115,0.055531389639211115,0.055531389639211115
2022-06-27,0.0,-0.0032987115284388116,0.0,0.01500631666222918,0.01500631666222918,-0.01550631666222918,0.01500631666222918,0.014006316662229179,0.0,0.01500631666222918,-0.01500631666222918,-0.01500631666222918
2022-06-28,0.0,-0.011548281961200193,0.0,0.05258155353543781,0.0525815535354378,-0.05258155353543781,0.05258155353543781,0.05258155353543781,0.0,0.05258155353543781,-0.05258155353543781,-0.05258155353543781
2022-06-29,0.0,-0.006012433511244114,0.0,0.027531084650465054,0.027531084650465054,-0.0005,0.027531084650465054,-0.028531084650465055,0.0,0.027531084650465054,-0.027531084650465054,-0.027531084650465054
2022-06-30,0.0,-0.0053859441471674555,0.0,0.024642797545239126,0.024642797545239122,0.0,0.024642797545239126,-0.024642797545239126,0.0,0.024642797545239126,0.023642797545239125,-0.024642797545239126
2022-07-01,0.0,-0.009184557465849681,0.0,0.04195539851887764,0.04195539851887763,0.0,0.04195539851887764,-0.04195539851887764,0.0,0.04195539851887764,-0.04295539851887764,-0.04195539851887764
2022-07-05,0.0,0.006616384324611289,0.0,-0.030365776221960905,-0.030365776221960905,0.0,-0.030365776221960905,0.030365776221960905,0.0,-0.030365776221960905,-0.0005,0.030365776221960905
2022-07-06,0.0,0.0024026001045063844,0.0,-0.011093180608138686,-0.011093180608138686,0.0,-0.011093180608138686,-0.012093180608138687,0.0,-0.011093180608138686,0.010593180608138686,0.011093180608138686
2022-07-07,0.0,0.01045403978041844,0.0,-0.048116459666882605,-0.0481164596668826,0.0,-0.048116459666882605,-0.048116459666882605,0.0,-0.048116459666882605,-0.049116459666882606,0.048116459666882605
2022-07-08,0.0,-0.00027325915544792556,0.0,0.0012612859158175338,0.0012612859158175338,-0.0017612859158175338,0.0012612859158175338,0.0012612859158175338,0.0,0.0012612859158175338,0.0012612859158175338,-0.0012612859158175338
2022-07-11,0.0,-0.009477023044251257,0.0,0.043313632062278895,0.04331363206227889,-0.043313632062278895,0.043313632062278895,0.043313632062278895,0.0,0.043313632062278895,-0.0005,-0.043313632062278895
2022-07-12,0.0,-0.001005368265284013,0.0,0.004619782776294046,0.004619782776294045,-0.0005,0.004619782776294046,-0.005619782776294046,0.0,0.004619782776294046,0.0,-0.004619782776294046
2022-07-13,0.0,0.0011894270814952225,0.0,-0.00543699672541198,-0.005436996725411979,0.0049369967254119795,-0.00543699672541198,0.00543699672541198,0.0,-0.00543699672541198,0.0049369967254119795,0.00543699672541198
2022-07-14,0.0,0.0030286232548557995,0.0,-0.013716761837432312,-0.013716761837432312,-0.014716761837432313,-0.013716761837432312,-0.014716761837432313,-0.014216761837432312,-0.013716761837432312,0.013716761837432312,0.013716761837432312
2022-07-15,0.0,0.0056001797105902215,0.0,-0.0253707738032507,-0.0253707738032507,0.0243707738032507,-0.0253707738032507,-0.0253707738032507,-0.0253707738032507,-0.0253707738032507,0.0253707738032507,0.0253707738032507
2022-07-18,0.0,0.004757207114856825,0.0,-0.021507353097319326,-0.021507353097319326,0.021507353097319326,-0.021507353097319326,-0.021507353097319326,-0.021507353097319326,-0.021507353097319326,-0.022507353097319327,0.021507353097319326
2022-07-19,0.0,0.012285811974522219,0.0,-0.05533802396952314,-0.05533802396952314,0.05533802396952314,-0.05533802396952314,-0.05533802396952314,-0.05533802396952314,-0.0005,-0.05533802396952314,0.05533802396952314
2022-07-20,0.0,0.010524135452086162,0.0,0.04696378582887328,-0.047963785828873284,0.047963785828873284,-0.047963785828873284,-0.047963785828873284,-0.047963785828873284,0.0,-0.047963785828873284,0.047963785828873284
2022-07-21,0.0,0.002966657370130058,0.0,0.0136462921964291,-0.0136462921964291,0.0136462921964291,-0.0136462921964291,-0.0136462921964291,0.012646292196429099,0.0,-0.0136462921964291,0.0136462921964291
2022-07-22,0.0,-0.008832127662202163,0.0,-0.04049846580504779,0.04049846580504779,-0.04049846580504779,0.04049846580504779,0.04049846580504779,-0.04049846580504779,0.0,-0.04149846580504779,-0.04049846580504779
2022-07-25,0.0,-0.003747027596534268,0.0,-0.01703334233388054,0.017033342333880538,-0.01703334233388054,0.01703334233388054,0.01703334233388054,-0.01703334233388054,0.0,-0.01703334233388054,-0.01703334233388054
2022-07-26,0.0,-0.006364660477882047,0.0,-0.028841780844079956,0.028841780844079956,0.027841780844079955,0.028841780844079956,0.028841780844079956,-0.028841780844079956,0.0,0.027841780844079955,-0.028841780844079956
2022-07-27,0.0,0.016756238024591464,0.0,-0.07702971938861103,-0.07602971938861103,-0.07602971938861103,-0.07602971938861103,-0.07602971938861103,0.07602971938861103,0.0,-0.07602971938861103,0.07602971938861103
2022-07-28,0.0,0.002371990600450151,0.0,0.009905297874191032,-0.010905297874191033,0.009905297874191032,-0.010905297874191033,-0.010905297874191032,0.010905297874191033,0.0,0.009905297874191032,0.010905297874191033
2022-07-29,0.0,0.002168711687071205,0.0,0.00995300069384375,-0.00995300069384375,0.00995300069384375,-0.00995300069384375,-0.009953000693843748,0.00995300069384375,0.0,0.00995300069384375,0.00995300069384375
2022-08-01,0.0,0.0034128022887829138,0.0,0.015305893035765461,-0.015305893035765461,0.015305893035765461,-0.015305893035765461,-0.01530589303576546,0.015305893035765461,0.0,0.015305893035765461,0.015305893035765461
2022-08-02,0.0,0.0010441509712572935,0.0,0.004609388499408729,-0.004609388499408729,0.004609388499408729,-0.004609388499408729,-0.004609388499408728,0.004609388499408729,0.0,0.004609388499408729,0.004609388499408729
2022-08-03,0.0,0.004553236676944306,0.0,0.019810205751188192,-0.019810205751188192,0.019810205751188192,-0.019810205751188192,-0.01981020575118819,0.019810205751188192,0.0,0.019810205751188192,0.019810205751188192
2022-08-04,0.0,0.003911324688288432,0.0,0.0170432106820535,-0.0170432106820535,0.0170432106820535,-0.0170432106820535,-0.017043210682053497,0.0170432106820535,0.0,-0.0180432106820535,0.0170432106820535
2022-08-05,0.0,-0.002714198968195169,0.0,-0.01176154053884304,0.01176154053884304,-0.01176154053884304,0.01176154053884304,0.011761540538843039,-0.01176154053884304,0.0,-0.012761540538843041,-0.01176154053884304
2022-08-08,0.0,-0.014918333270705141,0.0,-0.0629839840139289,-0.06398398401392891,-0.0629839840139289,0.0629839840139289,0.0629839840139289,-0.0629839840139289,0.0,0.061983984013928906,-0.0629839840139289
2022-08-09,0.0,-0.00922964331071707,0.0,-0.03973479465225038,0.03873479465225038,0.03873479465225038,0.03973479465225038,0.03973479465225038,-0.03973479465225038,0.0,0.03973479465225038,-0.03973479465225038
2022-08-10,0.0,0.014230965572044119,0.0,0.05917151814756294,0.05817151814756293,-0.05917151814756294,-0.05917151814756294,-0.05917151814756294,0.05917151814756294,0.0,-0.05917151814756294,0.05917151814756294
2022-08-11,0.0,-0.002040508420342374,0.0,-0.008565202314618992,-0.008565202314618992,-0.009565202314618992,0.008565202314618992,0.00856520231461899,-0.008565202314618992,0.0,0.008565202314618992,-0.008565202314618992
2022-08-12,0.0,0.011655888210267912,0.0,0.04274858750346855,0.04274858750346855,-0.0005,0.04174858750346855,0.04174858750346854,0.04274858750346855,-0.04324858750346855,0.04174858750346855,0.04274858750346855
2022-08-15,0.0,0.004714568178391568,0.0,0.017265019407582072,0.017265019407582072,0.01676501940758207,0.017265019407582072,0.01726501940758207,0.017265019407582072,-0.0005,-0.0005,0.017265019407582072
2022-08-16,-0.008539393702466536,-0.002195321582237273,0.0,-0.008039393702466535,-0.008039393702466535,-0.008039393702466535,-0.008039393702466535,-0.008039393702466533,-0.008039393702466535,0.0,-0.008539393702466536,-0.008039393702466535
2022-08-17,-0.028815184928944193,-0.007868578118180885,0.0,-0.028815184928944193,-0.028815184928944193,-0.028815184928944193,-0.028815184928944193,-0.028815184928944193,-0.028815184928944193,0.0,0.027815184928944192,-0.028815184928944193
2022-08-18,-0.0005,0.00652335788950238,0.0,0.02388891120104364,0.02388891120104364,-0.0005,0.02388891120104364,0.02388891120104364,0.02388891120104364,0.0,-0.02388891120104364,0.02388891120104364
2022-08-19,-0.04971943078338931,-0.01344037655862742,0.0,-0.049219430783389306,-0.049219430783389306,-0.04971943078338931,-0.049219430783389306,-0.0492194307833893,-0.049219430783389306,0.0,0.049219430783389306,-0.049219430783389306
2022-08-22,-0.0005,-0.012468689312606867,0.0,-0.04566105628844919,-0.04566105628844919,-0.0005,-0.04566105628844919,-0.04566105628844919,-0.04566105628844919,0.0,0.04566105628844919,-0.04566105628844919
2022-08-23,0.0,0.0023565452441190334,0.0,0.008629804010691133,0.008629804010691133,0.0,0.008629804010691133,0.008629804010691133,0.008629804010691133,-0.009129804010691134,-0.008629804010691133,0.008629804010691133
2022-08-24,0.0,0.0006516348539220559,0.0,0.0023863242557793374,0.0023863242557793374,0.0,0.0023863242557793374,0.0023863242557793374,0.0023863242557793374,-0.0023863242557793374,-0.0023863242557793374,0.0023863242557793374
2022-08-25,0.0,0.010956467287980772,0.0,0.040123212393560426,0.040123212393560426,0.0,0.040123212393560426,0.04012321239356042,0.040123212393560426,-0.040123212393560426,-0.040123212393560426,0.040123212393560426
2022-08-26,0.0,-0.025198751206480664,0.0,-0.09227927397905311,-0.09227927397905311,-0.09277927397905311,-0.09227927397905311,-0.0922792739790531,-0.09227927397905311,0.09227927397905311,0.09227927397905311,-0.09227927397905311
2022-08-29,0.0,-0.007708514105209993,0.0,0.02722902132162508,0.02722902132162508,-0.0005,-0.02822902132162508,-0.02822902132162508,-0.0005,0.02822902132162508,0.02822902132162508,-0.02822902132162508
2022-08-30,0.0,-0.005754806337983296,0.0,0.021074431284617612,0.021074431284617612,0.0,-0.021074431284617612,-0.021074431284617612,0.0,0.021074431284617612,0.021074431284617612,-0.021074431284617612
2022-08-31,0.0,-0.006602563982147308,0.0,0.024178968460790373,0.024178968460790373,0.0,-0.024178968460790373,-0.024178968460790373,0.0,0.024178968460790373,0.024178968460790373,-0.024178968460790373
2022-09-01,0.0,-0.020931675429373516,0.0,0.07665299744262766,0.07665299744262766,0.0,0.07565299744262766,-0.07665299744262766,0.0,0.07665299744262766,0.07665299744262766,-0.07665299744262766
2022-09-02,0.0,-0.004959432458241165,0.0,0.020807979171023838,0.020807979171023838,0.0,0.020807979171023838,-0.020807979171023838,0.0,0.020807979171023838,-0.02180797917102384,-0.020807979171023838
2022-09-06,0.0,-0.0031671922467463908,0.0,0.013336231661034703,0.013336231661034703,0.0,0.013336231661034703,-0.013336231661034703,0.0,0.013336231661034703,-0.013336231661034703,-0.013336231661034703
2022-09-07,0.0,0.0044635942863739285,0.0,-0.018795047097347917,-0.018795047097347917,0.0,-0.018795047097347917,0.018795047097347917,0.0,-0.018795047097347917,-0.0005,0.018795047097347917
2022-09-08,0.0,0.004779549853997104,0.0,-0.02012545470008975,-0.02012545470008975,0.0,-0.02012545470008975,0.02012545470008975,0.0,-0.02012545470008975,0.01962545470008975,0.02012545470008975
2022-09-09,0.0,0.006739296727539527,0.0,-0.028377444559372522,-0.028377444559372522,0.0,-0.028377444559372522,0.028377444559372522,0.0,-0.028377444559372522,-0.029377444559372523,0.028377444559372522
2022-09-12,0.0,0.0021347614829364176,0.0,-0.008201777072742056,-0.008201777072742054,0.007701777072742055,-0.008201777072742056,0.008201777072742056,0.0,-0.008201777072742056,-0.008201777072742056,0.008201777072742056
2022-09-13,0.0,-0.02460781693166525,0.0,0.09472605214094154,0.09472605214094154,-0.09472605214094154,0.09472605214094154,0.09372605214094154,0.09422605214094154,0.09472605214094154,0.09472605214094154,-0.09472605214094154
2022-09-14,0.0,-6.0484440411022266e-05,0.0,0.00022832496408764502,0.00022832496408764502,-0.000771675035912355,0.00022832496408764502,0.00022832496408764502,0.00022832496408764502,0.00022832496408764502,-0.001228324964087645,-0.00022832496408764502
2022-09-15,0.0,-0.0038769438501884347,0.0,0.015158384913594669,0.015158384913594667,0.015158384913594669,0.015158384913594669,0.015158384913594669,0.015158384913594669,0.015158384913594669,0.014158384913594668,-0.015158384913594669
2022-09-16,0.0,0.005383568879668051,0.0,-0.02080589349344142,-0.02080589349344142,-0.02080589349344142,-0.02080589349344142,-0.02080589349344142,-0.02080589349344142,-0.02080589349344142,0.019805893493441418,0.02080589349344142
2022-09-19,0.0,0.0036579515800970034,0.0,-0.013941361226052162,-0.013941361226052162,0.012941361226052162,-0.013941361226052162,-0.013941361226052162,-0.013941361226052162,-0.013941361226052162,-0.014941361226052163,0.013941361226052162
2022-09-20,0.0,-0.0040447511176858126,0.0,0.01539376876426346,0.01539376876426346,-0.01539376876426346,0.01539376876426346,0.01539376876426346,0.01539376876426346,0.01539376876426346,0.01539376876426346,-0.01539376876426346
2022-09-21,0.0,0.0017141265040120732,0.0,-0.006451151802221444,-0.006451151802221444,-0.007451151802221444,-0.006451151802221444,-0.006451151802221444,-0.006451151802221444,-0.006451151802221444,-0.006451151802221444,0.006451151802221444
2022-09-22,0.0,-0.014039430550482606,0.0,0.052786326718689214,0.05278632671868921,-0.053786326718689215,0.052786326718689214,0.052786326718689214,0.052786326718689214,0.052786326718689214,-0.053786326718689215,-0.052786326718689214
2022-09-23,0.0,-0.0009402821788411156,0.0,0.003582420989875601,0.003582420989875601,0.002582420989875601,0.003582420989875601,0.003582420989875601,0.003582420989875601,0.003582420989875601,0.002582420989875601,-0.003582420989875601
2022-09-26,0.0,-0.006165820374727765,0.0,0.023010826921491923,0.023010826921491923,0.023010826921491923,0.023010826921491923,0.023010826921491923,0.023010826921491923,0.023010826921491923,-0.024010826921491923,-0.023010826921491923
2022-09-27,0.0,0.004045666830455292,0.0,-0.015129294215938671,-0.015129294215938671,-0.015129294215938671,-0.015129294215938671,-0.015129294215938671,-0.015129294215938671,-0.015129294215938671,0.015129294215938671,0.015129294215938671
2022-09-28,0.0,0.00704864918461454,0.0,-0.02602113064948508,-0.02602113064948508,0.02502113064948508,-0.02602113064948508,-0.02602113064948508,-0.02602113064948508,-0.02602113064948508,0.02602113064948508,0.02602113064948508
2022-09-29,0.0,-0.0109605218196446,0.0,0.040514960349872675,0.040514960349872675,-0.040514960349872675,0.040514960349872675,0.040514960349872675,0.040514960349872675,0.040514960349872675,0.039514960349872674,-0.040514960349872675
2022-09-30,0.0,-0.0017828458483716916,0.0,0.006628424631946905,0.006628424631946905,0.005628424631946905,0.006628424631946905,0.006628424631946905,0.006628424631946905,0.006628424631946905,-0.007628424631946905,-0.006628424631946905
2022-10-03,0.0,0.008343729472421658,0.0,-0.030727411727170972,-0.030727411727170972,-0.030727411727170972,-0.030727411727170972,-0.030727411727170972,-0.030727411727170972,-0.030727411727170972,0.030727411727170972,0.030727411727170972
2022-10-04,0.0,0.014215125051108337,0.0,-0.05234971574457137,-0.05234971574457137,0.05134971574457137,-0.05234971574457137,-0.05234971574457137,-0.05234971574457137,-0.05234971574457137,-0.05334971574457137,0.05234971574457137
2022-10-05,0.0,0.0008481620559893707,0.0,0.0021898422272609306,-0.00318984222726093,0.0031898422272609306,-0.0031898422272609306,-0.0031898422272609306,-0.0031898422272609306,-0.0031898422272609306,-0.0031898422272609306,0.0031898422272609306
2022-10-06,0.0,-0.0016230000852868918,0.0,-0.005980718566341414,0.005980718566341414,-0.005980718566341414,0.005980718566341414,0.005980718566341414,0.005980718566341414,0.005980718566341414,0.005980718566341414,-0.005980718566341414
2022-10-07,0.0,-0.021753310304910747,0.0,-0.08027447383704167,0.08027447383704167,-0.08027447383704167,0.08027447383704167,0.08027447383704167,0.08027447383704167,-0.0005,0.08027447383704167,-0.08027447383704167
2022-10-10,0.0,-0.00886117586727001,0.0,0.032620221264688776,0.03362022126468878,0.032620221264688776,0.03362022126468878,0.03362022126468878,0.03362022126468878,0.033120221264688776,-0.03462022126468878,-0.03362022126468878
2022-10-11,0.0,-0.0018861993902722413,0.0,0.007197973560270077,0.007197973560270077,0.007197973560270077,0.007197973560270077,0.007197973560270077,0.007197973560270077,0.007197973560270077,-0.007197973560270077,-0.007197973560270077
2022-10-12,0.0,-0.0019748994288777385,0.0,0.007422784842715413,0.007422784842715413,0.007422784842715413,0.007422784842715413,0.007422784842715413,0.007422784842715413,0.007422784842715413,0.006422784842715413,-0.007422784842715413
2022-10-13,0.0,0.01266330752364831,0.0,-0.04000004322953932,-0.04000004322953932,-0.04000004322953932,-0.04000004322953932,-0.04000004322953932,-0.04000004322953932,-0.04000004322953932,0.039000043229539316,0.04000004322953932
2022-10-14,0.0,-0.0184416783243658,0.0,0.061287621508133716,0.061287621508133716,-0.06228762150813372,0.061287621508133716,0.061287621508133716,0.061287621508133716,0.061287621508133716,-0.061287621508133716,-0.061287621508133716
2022-10-17,0.0,0.016466290810140588,0.0,-0.05887590489147865,-0.05887590489147865,-0.05987590489147865,-0.05887590489147865,-0.05887590489147865,-0.05887590489147865,-0.05887590489147865,-0.05987590489147865,0.05887590489147865
2022-10-18,0.0,0.0017243364033159108,0.0,-0.006645379919698602,-0.006645379919698602,0.005645379919698602,-0.006645379919698602,-0.006645379919698602,-0.006645379919698602,-0.006645379919698602,-0.006645379919698602,0.006645379919698602
2022-10-19,0.0,0.0018384232317077889,0.0,-0.00701933254386522,-0.00701933254386522,0.00701933254386522,-0.00701933254386522,-0.00701933254386522,-0.00701933254386522,-0.00701933254386522,-0.00701933254386522,0.00701933254386522
2022-10-20,0.0,0.0031088482401796726,0.0,-0.01186610234705654,-0.01186610234705654,0.01186610234705654,-0.01186610234705654,-0.01186610234705654,-0.01186610234705654,-0.01186610234705654,-0.01186610234705654,0.01186610234705654
2022-10-21,0.0,0.00582838719246796,0.0,-0.022306009914444314,-0.022306009914444314,0.022306009914444314,-0.022306009914444314,-0.022306009914444314,-0.022306009914444314,-0.022306009914444314,-0.022306009914444314,0.022306009914444314
2022-10-24,0.0,0.0028988093507544338,0.0,-0.010669110778081858,-0.010669110778081858,0.010669110778081858,-0.010669110778081858,-0.010669110778081858,-0.010669110778081858,-0.0005,0.009669110778081857,0.010669110778081858
2022-10-25,0.0,0.014277654142781185,0.0,-0.05254383933403495,-0.05254383933403495,0.05254383933403495,-0.05254383933403495,-0.05254383933403495,-0.05254383933403495,0.0,-0.05354383933403495,0.05254383933403495
2022-10-26,0.0,-0.007217105874702638,0.0,0.027524317470332793,0.027524317470332793,-0.027524317470332793,0.027524317470332793,0.027524317470332793,-0.028524317470332794,0.0,0.027524317470332793,-0.027524317470332793
2022-10-27,0.0,0.005599037215120756,0.0,-0.021712127766280842,-0.021712127766280842,-0.022712127766280843,-0.021712127766280842,-0.021712127766280842,0.021712127766280842,0.0,-0.021712127766280842,0.021712127766280842
2022-10-28,0.0,0.012927102435646013,0.0,-0.04993934064147987,-0.04993934064147987,0.04893934064147987,-0.04993934064147987,-0.04993934064147987,0.04993934064147987,0.0,-0.04993934064147987,0.04993934064147987
2022-10-31,0.0,-0.006299794204904251,0.0,-0.025360375830555282,0.02436037583055528,-0.02436037583055528,0.02436037583055528,0.02436037583055528,-0.02436037583055528,0.0,-0.025360375830555282,-0.02436037583055528
2022-11-01,0.0,0.0008671936035233035,0.0,0.003408360037513436,-0.003408360037513436,-0.004408360037513436,-0.003408360037513436,-0.003408360037513436,0.003408360037513436,0.0,0.003408360037513436,0.003408360037513436
2022-11-02,0.0,-0.0061754013792843275,0.0,-0.0239238874474631,0.0239238874474631,0.0239238874474631,0.0239238874474631,0.0239238874474631,-0.0239238874474631,0.0,0.022923887447463098,-0.0239238874474631
2022-11-03,0.0,0.004075988104047643,0.0,-0.01628098429881908,-0.015280984298819078,-0.015280984298819078,-0.015280984298819078,-0.015280984298819078,0.015280984298819078,0.0,-0.015280984298819078,0.015280984298819078
2022-11-04,0.0,0.014566098007387887,0.0,0.05376506655508495,-0.05476506655508495,-0.05476506655508495,-0.05476506655508495,-0.05476506655508495,0.05476506655508495,0.0,0.05376506655508495,0.05476506655508495
2022-11-07,0.0,0.0025866654115252073,0.0,0.010242827926839171,-0.010242827926839171,0.00924282792683917,-0.010242827926839171,-0.010242827926839171,0.010242827926839171,0.0,0.010242827926839171,0.010242827926839171
2022-11-08,0.0,0.006211424081077471,0.0,0.021047475597834486,-0.021047475597834486,0.021047475597834486,-0.021047475597834486,-0.021047475597834486,0.021047475597834486,0.0,-0.022047475597834487,0.021047475597834486
2022-11-09,0.0,-0.017536106587041675,0.0,-0.05656743478815396,0.05656743478815396,-0.05656743478815396,0.05656743478815396,0.05656743478815396,-0.05656743478815396,0.0,-0.05756743478815396,-0.05656743478815396
2022-11-10,0.0,0.04440379149796232,0.0,0.1432925508998526,-0.1432925508998526,-0.1442925508998526,0.1422925508998526,0.1422925508998526,0.1432925508998526,0.1427925508998526,0.1432925508998526,0.1432925508998526
2022-11-11,0.0,0.0077439448234547185,0.0,0.03663500876094927,-0.03663500876094927,0.03563500876094927,0.03663500876094927,0.03663500876094927,-0.03763500876094927,0.03663500876094927,0.03663500876094927,0.03663500876094927
2022-11-14,0.0,-0.0004168758212386834,0.0,-0.0019598570680398053,0.0019598570680398053,-0.0019598570680398053,-0.0019598570680398053,-0.0019598570680398053,0.0019598570680398053,-0.0019598570680398053,0.0009598570680398053,-0.0019598570680398053
2022-11-15,0.0,0.004842834479345415,0.0,0.022767603444810325,-0.022767603444810325,0.022767603444810325,0.022767603444810325,0.022767603444810325,-0.022767603444810325,0.022767603444810325,-0.022767603444810325,0.022767603444810325
2022-11-16,0.0,-0.010751937586208838,0.0,-0.04536177652095841,0.04536177652095841,-0.04536177652095841,-0.04536177652095841,-0.04536177652095841,0.04536177652095841,-0.04536177652095841,0.04536177652095841,-0.04536177652095841
2022-11-17,0.0,-0.0034673506674570637,0.0,-0.014644925088637795,0.014644925088637795,0.013644925088637794,-0.014644925088637795,-0.014644925088637795,0.014644925088637795,-0.014644925088637795,0.014644925088637795,-0.014644925088637795
2022-11-18,0.0,-0.004047464330430429,0.0,-0.017095130433276595,0.017095130433276595,0.017095130433276595,-0.017095130433276595,-0.017095130433276595,0.017095130433276595,-0.017095130433276595,0.017095130433276595,-0.017095130433276595
2022-11-21,0.0,-0.0014135550333408027,0.0,-0.005970381872891228,0.005970381872891228,0.005970381872891228,-0.005970381872891228,-0.005970381872891228,0.005970381872891228,-0.005970381872891228,0.005970381872891228,-0.005970381872891228
2022-11-22,0.0,0.011144733103976201,0.0,0.04707161089082845,-0.04707161089082845,-0.04707161089082845,0.04707161089082845,0.04707161089082845,-0.04707161089082845,0.04707161089082845,-0.04707161089082845,0.04707161089082845
2022-11-23,0.0,0.00710074114865025,0.0,0.029991146604175567,-0.029991146604175567,0.028991146604175566,0.029991146604175567,0.029991146604175567,-0.029991146604175567,0.029991146604175567,-0.029991146604175567,0.029991146604175567
2022-11-25,0.0,-0.0035688346125446646,0.0,-0.015073559200398212,0.015073559200398212,-0.015073559200398212,-0.015073559200398212,-0.015073559200398212,0.015073559200398212,-0.015073559200398212,0.015073559200398212,-0.015073559200398212
2022-11-28,0.0,-0.006446476856681643,0.0,-0.027227753898044105,-0.028227753898044106,0.026227753898044104,-0.027227753898044105,-0.027227753898044105,0.027227753898044105,-0.027227753898044105,0.027227753898044105,-0.027227753898044105
2022-11-29,0.0,-0.002812382701576111,0.0,-0.011878560300152552,-0.011878560300152552,0.011878560300152552,-0.011878560300152552,-0.011878560300152552,0.011878560300152552,-0.011878560300152552,0.011878560300152552,-0.011878560300152552
2022-11-30,0.0,0.01950427068926108,0.0,0.0823794910141662,0.0823794910141662,-0.0823794910141662,0.0823794910141662,0.0823794910141662,-0.0823794910141662,0.0823794910141662,-0.0823794910141662,0.0823794910141662
2022-12-01,0.0,0.002611582466741056,0.0,0.012527256740649584,0.012527256740649584,0.011527256740649583,0.012527256740649584,0.012527256740649584,-0.012527256740649584,0.012527256740649584,-0.012527256740649584,0.012527256740649584
2022-12-02,0.0,-0.0031675781099883573,0.0,-0.015115535247604894,-0.015115535247604894,-0.015115535247604894,-0.015115535247604894,-0.015115535247604894,0.015115535247604894,-0.015115535247604894,0.015115535247604894,-0.015115535247604894
2022-12-05,0.0,-0.0033029755664246273,0.0,-0.015761645605150587,-0.015761645605150587,0.014761645605150586,-0.015761645605150587,-0.015761645605150587,0.015761645605150587,-0.015761645605150587,0.015761645605150587,-0.015761645605150587
2022-12-06,0.0,-0.007860022605171072,0.0,-0.037507661882368315,-0.037507661882368315,0.037507661882368315,-0.037507661882368315,-0.037507661882368315,0.037507661882368315,-0.037507661882368315,0.037507661882368315,-0.037507661882368315
2022-12-07,0.0,0.0017433352859141068,0.0,0.008319114808734707,0.008319114808734707,-0.008319114808734707,0.008319114808734707,0.008319114808734707,-0.008319114808734707,0.008319114808734707,-0.008319114808734707,0.008319114808734707
2022-12-08,0.0,0.013636937706265681,0.0,0.06507483175188655,0.06507483175188655,-0.06507483175188655,0.06507483175188655,0.06507483175188655,-0.06507483175188655,0.06507483175188655,-0.06507483175188655,0.06507483175188655
2022-12-09,0.0,-0.0020505829611325577,0.0,-0.009785286408375615,-0.009785286408375615,-0.010785286408375616,-0.009785286408375615,-0.009785286408375615,0.009785286408375615,-0.009785286408375615,0.009785286408375615,-0.009785286408375615
2022-12-12,0.0,0.006582214102304412,0.0,0.03141001920581843,0.03141001920581843,0.03141001920581843,0.03141001920581843,-0.03241001920581843,-0.03141001920581843,0.03141001920581843,-0.03141001920581843,0.03141001920581843
2022-12-13,0.030124411248260985,0.008642641679781798,0.0,0.030624411248260985,0.030624411248260985,0.030624411248260985,0.030624411248260985,-0.030624411248260985,-0.030624411248260985,0.030624411248260985,-0.030624411248260985,0.030624411248260985
2022-12-14,-0.02202322907718668,-0.006241825157229123,0.0,-0.02202322907718668,-0.02202322907718668,-0.02202322907718668,-0.02202322907718668,0.02202322907718668,0.02202322907718668,-0.02202322907718668,0.02202322907718668,-0.02202322907718668
2022-12-15,-0.040851005562465015,-0.01157799491274572,0.0,-0.040851005562465015,-0.040851005562465015,0.039851005562465014,-0.040851005562465015,-0.041851005562465016,0.040851005562465015,-0.040851005562465015,-0.041851005562465016,-0.040851005562465015
2022-12-16,-0.0005,-0.006369871237163679,0.0,-0.022475018110009626,-0.022475018110009626,0.022475018110009626,-0.022475018110009626,0.021475018110009625,0.022475018110009626,-0.022475018110009626,0.021475018110009625,-0.022475018110009626
2022-12-19,0.0,-0.005421776336882938,0.0,0.018129824893308832,-0.019129824893308833,0.019129824893308833,-0.019129824893308833,0.019129824893308833,0.019129824893308833,-0.019129824893308833,0.019129824893308833,-0.019129824893308833
2022-12-20,0.0,-0.0029467689822701955,0.0,0.01039717818095598,-0.01039717818095598,0.01039717818095598,-0.01039717818095598,0.01039717818095598,0.01039717818095598,-0.0005,0.01039717818095598,-0.01039717818095598
2022-12-21,0.0,0.007329903185331576,0.0,-0.025862329190236233,0.025862329190236233,-0.025862329190236233,0.025862329190236233,-0.025862329190236233,-0.025862329190236233,0.0,-0.025862329190236233,0.025862329190236233
2022-12-22,0.0,-0.0199584348499108,0.0,0.07041997679358525,-0.07041997679358525,-0.07141997679358525,-0.07041997679358525,0.07041997679358525,0.07041997679358525,0.0,0.07041997679358525,-0.07041997679358525
2022-12-23,0.0,-0.002457463162397237,0.0,0.00867074498418785,0.007670744984187849,0.00767074498418785,-0.00867074498418785,-0.009670744984187848,0.00867074498418785,0.0,0.00867074498418785,-0.00867074498418785
2022-12-27,0.0,-0.02022296147216055,0.0,0.07135331443955784,0.07135331443955784,0.07135331443955784,-0.07135331443955784,-0.07135331443955782,0.07135331443955784,0.0,0.07135331443955784,-0.07135331443955784
2022-12-28,0.0,-0.0015066356822131186,0.0,0.006019446850115906,0.006019446850115906,0.006019446850115906,-0.006019446850115906,-0.006019446850115906,0.006019446850115906,0.0,0.006019446850115906,-0.006019446850115906
2022-12-29,0.0,0.009989707874992579,0.0,-0.040396091761335295,-0.040396091761335295,-0.040396091761335295,0.040396091761335295,0.040396091761335295,-0.040396091761335295,0.0,-0.040396091761335295,0.040396091761335295
2022-12-30,0.0,0.00018628288424422316,0.0,-0.0007532853392373529,-0.0007532853392373529,-0.00024671466076264716,0.0007532853392373529,-0.0017532853392373529,-0.0007532853392373529,-0.0012532853392373529,-0.0007532853392373529,0.0007532853392373529
2023-01-03,0.0,-0.00570409719835553,0.0,0.020459890034713046,0.020459890034713046,-0.020459890034713046,-0.020459890034713046,0.020459890034713046,0.020459890034713046,0.020459890034713046,0.020459890034713046,-0.020459890034713046
2023-01-04,0.0,0.00842963706488955,0.0,-0.030317780107558923,-0.030317780107558923,-0.031317780107558923,-0.031317780107558923,0.02931778010755892,-0.030317780107558923,-0.030317780107558923,-0.030317780107558923,0.030317780107558923
2023-01-05,0.0,-0.00912414287402454,0.0,0.032815618892632736,0.032815618892632736,-0.03381561889263274,0.032815618892632736,0.031815618892632735,0.032815618892632736,0.032815618892632736,0.032815618892632736,-0.032815618892632736
2023-01-06,0.0,0.011577778906775103,0.0,-0.041640292734731243,-0.041640292734731243,-0.042640292734731244,-0.041640292734731243,0.04064029273473124,-0.041640292734731243,-0.041640292734731243,-0.041640292734731243,0.041640292734731243
2023-01-09,0.0,0.014389616166862523,0.0,-0.051753262379016673,-0.051753262379016673,0.05075326237901667,-0.051753262379016673,-0.052753262379016674,-0.051753262379016673,-0.051753262379016673,-0.051753262379016673,0.051753262379016673
2023-01-10,0.0,0.004473592618753548,0.0,-0.017980570510976346,-0.017980570510976346,0.017980570510976346,-0.017980570510976346,-0.017980570510976346,-0.017980570510976346,-0.017980570510976346,0.016980570510976345,0.017980570510976346
2023-01-11,0.0,0.0014433348209219139,0.0,0.004782762473810932,-0.005782762473810931,0.005782762473810932,-0.005782762473810932,-0.005782762473810932,-0.005782762473810932,-0.005782762473810932,-0.006782762473810932,0.005782762473810932
2023-01-12,0.0,0.007955235722841538,0.0,0.0318728807353128,-0.0318728807353128,0.0318728807353128,-0.0318728807353128,0.030872880735312795,-0.0318728807353128,-0.0005,-0.0318728807353128,0.0318728807353128
2023-01-13,0.0,0.0058653640596089745,0.0,0.023499749806826786,-0.023499749806826786,0.023499749806826786,-0.023499749806826786,0.023499749806826783,-0.023499749806826786,0.0,0.022499749806826785,0.023499749806826786
2023-01-17,0.04701761280526523,0.011860045346757346,0.0,0.04751761280526523,-0.04751761280526523,0.04751761280526523,-0.04751761280526523,0.04751761280526523,-0.04751761280526523,0.0,0.04751761280526523,0.04751761280526523
2023-01-18,-0.018359523608719397,-0.00458240154943446,0.0,-0.018359523608719397,-0.019359523608719398,-0.018359523608719397,0.018359523608719397,0.017359523608719396,0.018359523608719397,0.0,-0.018359523608719397,-0.018359523608719397
2023-01-19,-0.03521930661673833,-0.008790478917105528,0.0,-0.03521930661673833,-0.03521930661673833,0.03421930661673833,-0.036219306616738334,-0.036219306616738334,0.03521930661673833,0.0,0.03421930661673833,-0.03521930661673833
2023-01-20,0.06406228638597589,0.015989473727738308,0.0,0.06406228638597589,0.06406228638597589,-0.06406228638597589,0.06406228638597589,-0.06506228638597589,-0.06406228638597589,0.0,-0.06406228638597589,0.06406228638597589
2023-01-23,0.07590099825997276,0.018944328809541566,0.0,0.07590099825997276,0.07590099825997275,0.07490099825997276,0.07590099825997276,-0.07590099825997276,-0.07590099825997276,0.0,0.07490099825997276,0.07590099825997276
2023-01-24,0.003751363622917836,0.0009363126649967475,0.0,0.003751363622917836,0.003751363622917836,0.003751363622917836,0.003751363622917836,-0.003751363622917836,-0.003751363622917836,0.0,-0.004751363622917836,0.003751363622917836
2023-01-25,0.0030108114555109644,0.0007514763113045071,0.0,0.0030108114555109644,0.0030108114555109644,0.0030108114555109644,0.0030108114555109644,-0.0030108114555109644,-0.0030108114555109644,0.0025108114555109644,-0.0030108114555109644,0.0030108114555109644
2023-01-26,0.02478899389881062,0.0061871498668343945,0.0,0.02478899389881062,0.02478899389881062,0.02478899389881062,0.02478899389881062,-0.02478899389881062,-0.02478899389881062,0.02478899389881062,-0.02478899389881062,0.02478899389881062
2023-01-27,0.02843159618852642,0.007096316506018857,0.0,0.02843159618852642,0.02843159618852642,0.02843159618852642,0.02843159618852642,-0.02843159618852642,-0.02843159618852642,0.02843159618852642,-0.02843159618852642,0.02843159618852642
2023-01-30,-0.05907173391840803,-0.018263535857516826,0.0,-0.05907173391840803,-0.05907173391840803,-0.05907173391840803,-0.05907173391840803,0.05907173391840803,0.05907173391840803,-0.05907173391840803,0.05907173391840803,-0.05907173391840803
2023-01-31,0.019569866171009753,0.005323168682601363,0.0,0.019569866171009753,0.019569866171009753,-0.020569866171009754,0.019569866171009753,-0.019569866171009753,-0.019569866171009753,0.019569866171009753,-0.019569866171009753,0.019569866171009753
2023-02-01,0.07196593996638256,0.01964108251508216,0.0,0.07196593996638256,0.07196593996638255,0.07096593996638256,0.07196593996638256,-0.07196593996638256,-0.07196593996638256,0.07196593996638256,-0.07196593996638256,0.07196593996638256
2023-02-02,0.0365752598550122,0.009982190146594934,0.0,0.0365752598550122,0.0365752598550122,0.0365752598550122,0.0365752598550122,-0.0365752598550122,-0.0365752598550122,0.0365752598550122,-0.0365752598550122,0.0365752598550122
2023-02-03,-0.028052839717896294,-0.007656234879151975,0.0,-0.028052839717896294,-0.028052839717896294,-0.028052839717896294,-0.028052839717896294,0.028052839717896294,0.028052839717896294,-0.028052839717896294,0.028052839717896294,-0.028052839717896294
2023-02-06,-0.0005212018536050467,-0.00014224741062859023,0.0,-0.0005212018536050467,-0.0005212018536050467,-0.00047879814639495335,-0.0005212018536050467,0.0005212018536050467,0.0005212018536050467,-0.0005212018536050467,0.0005212018536050467,-0.0005212018536050467
2023-02-07,0.05140127573864017,0.014028534868504819,0.0,0.05140127573864017,0.05140127573864017,-0.05140127573864017,0.05140127573864017,-0.05140127573864017,-0.05140127573864017,0.05140127573864017,-0.05140127573864017,0.05140127573864017
2023-02-08,0.0014430223429655609,0.00039383242854235497,0.0,0.0014430223429655609,0.0014430223429655609,0.00044302234296556085,0.0014430223429655609,-0.0014430223429655609,-0.0014430223429655609,0.0014430223429655609,-0.0014430223429655609,0.0014430223429655609
2023-02-09,0.0059447293578756,0.0016224469506325985,0.0,0.0059447293578756,0.0059447293578756,0.0059447293578756,0.0059447293578756,-0.0059447293578756,-0.0059447293578756,0.0059447293578756,-0.0059447293578756,0.0059447293578756
2023-02-10,-0.047992230761712995,-0.013098131767805644,0.0,-0.047992230761712995,-0.047992230761712995,0.046992230761712994,-0.047992230761712995,0.047992230761712995,0.047992230761712995,-0.047992230761712995,0.047992230761712995,-0.047992230761712995
2023-02-13,0.024594341774998973,0.006712334980027199,0.024094341774998973,0.024594341774998973,0.024594341774998973,-0.0005,0.024594341774998973,0.023594341774998973,0.023594341774998973,0.024594341774998973,0.023594341774998973,0.024594341774998973
2023-02-14,0.054296069613067655,0.014818587570912988,0.054296069613067655,0.054296069613067655,0.054296069613067655,0.053796069613067654,0.054296069613067655,0.054296069613067655,0.054296069613067655,0.054296069613067655,0.054296069613067655,0.054296069613067655
2023-02-15,-0.009011444804526092,-0.002217953672182132,-0.009011444804526092,-0.009011444804526092,-0.009011444804526092,-0.009011444804526092,-0.009011444804526092,-0.009011444804526092,-0.009011444804526092,-0.009011444804526092,-0.009011444804526092,-0.009011444804526092
2023-02-16,-0.033473847226389464,-0.008186103611016569,-0.033473847226389464,-0.033473847226389464,-0.033473847226389464,-0.033473847226389464,-0.033473847226389464,-0.033473847226389464,-0.033473847226389464,-0.033473847226389464,0.03247384722638946,-0.033473847226389464
2023-02-17,-0.027906368567335194,-0.006824564351818076,-0.02790636856733519,-0.027906368567335194,-0.027906368567335194,-0.0005,-0.027906368567335194,-0.027906368567335194,-0.027906368567335194,-0.027906368567335194,-0.0005,-0.027906368567335194
2023-02-21,-0.03427171893424141,-0.008381224907490242,-0.03427171893424141,-0.03427171893424141,-0.03427171893424141,0.0,-0.03427171893424141,-0.03427171893424141,-0.03427171893424141,-0.03427171893424141,0.03377171893424141,-0.03427171893424141
2023-02-22,0.004792987794720371,0.001172135799884596,0.004792987794720371,-0.005792987794720371,0.004792987794720371,0.0,0.004792987794720371,0.004792987794720371,-0.005792987794720371,0.004792987794720371,-0.004792987794720371,0.004792987794720371
2023-02-23,0.14021388513476474,0.03827352909299615,0.14021388513476474,-0.14021388513476474,0.14021388513476474,0.0,0.14021388513476474,0.14021388513476474,-0.14021388513476474,-0.0005,-0.14021388513476474,0.14021388513476474
2023-02-24,-0.015973511791188555,-0.0033449585138479155,-0.015973511791188555,-0.016973511791188556,-0.015973511791188555,-0.016473511791188555,-0.015973511791188555,-0.015973511791188555,-0.016973511791188556,-0.016473511791188555,0.015973511791188555,-0.015973511791188555
2023-02-27,0.00923293215681742,0.0019144439111759598,0.00923293215681742,0.00923293215681742,0.00923293215681742,-0.0005,0.00923293215681742,0.009232932156817418,0.00923293215681742,0.00923293215681742,-0.00923293215681742,0.00923293215681742
2023-02-28,-0.012127159848625002,-0.0025145605900412575,-0.012127159848625002,-0.012127159848625002,-0.012127159848625002,-0.012627159848625003,-0.012127159848625002,-0.012127159848625002,-0.012127159848625002,-0.012127159848625002,-0.0005,-0.012127159848625002
2023-03-01,-0.022312111009047064,-0.004626405170237507,-0.022312111009047064,-0.022312111009047064,-0.02231211100904706,-0.0005,-0.022312111009047064,-0.022312111009047064,-0.022312111009047064,-0.022312111009047064,-0.022812111009047065,-0.022312111009047064
2023-03-02,0.027139005479746903,0.005627259348776767,0.027139005479746903,0.027139005479746903,0.027139005479746903,0.0,0.027139005479746903,0.027139005479746903,0.027139005479746903,0.027139005479746903,-0.028139005479746904,0.027139005479746903
2023-03-03,0.024706153219474558,0.005122808637197563,0.024706153219474555,0.024706153219474558,0.024706153219474558,0.024206153219474558,0.024706153219474558,0.024706153219474558,0.024706153219474558,0.024706153219474558,0.023706153219474557,0.024706153219474558
2023-03-06,-0.014064444393234066,-0.002916255581150186,-0.014064444393234066,-0.014064444393234066,-0.014064444393234066,-0.014064444393234066,-0.014064444393234066,-0.014064444393234066,-0.014064444393234066,-0.014064444393234066,0.013064444393234065,-0.014064444393234066
2023-03-07,-0.011125329926011895,-0.0025514724839220205,-0.011125329926011895,-0.011125329926011895,-0.011125329926011895,-0.0005,-0.011125329926011895,-0.011125329926011895,-0.011125329926011895,-0.011125329926011895,0.011125329926011895,-0.011125329926011895
2023-03-08,0.03834596715744665,0.008757961225310308,0.03834596715744664,0.03834596715744665,0.03834596715744665,0.0,0.03834596715744665,0.03834596715744664,0.03834596715744665,0.03834596715744665,-0.03834596715744665,0.03834596715744665
2023-03-09,-0.030809328280053894,-0.007036643549676877,-0.030809328280053894,-0.030809328280053894,-0.030809328280053894,-0.031309328280053894,-0.030809328280053894,-0.030809328280053894,-0.030809328280053894,-0.030809328280053894,0.030809328280053894,-0.030809328280053894
2023-03-10,-0.020097365408979218,-0.00459010321111569,-0.020097365408979218,-0.020097365408979218,-0.020097365408979218,-0.0005,-0.020097365408979218,-0.020097365408979214,-0.020097365408979218,-0.020097365408979218,0.020097365408979218,-0.020097365408979218
2023-03-13,4.360990111207386e-05,9.960208368482617e-06,4.3609901112073796e-05,4.360990111207386e-05,4.3609901112073796e-05,0.0,4.360990111207386e-05,4.36099011120738e-05,4.360990111207386e-05,4.360990111207386e-05,-4.360990111207386e-05,4.360990111207386e-05
2023-03-14,0.04776615526578243,0.010909468888402657,0.04776615526578243,0.04776615526578243,0.04776615526578243,0.0,0.04776615526578243,0.04776615526578242,0.04776615526578243,0.04776615526578243,-0.04776615526578243,0.04776615526578243
2023-03-15,0.00685712887791512,0.0015661221578570574,0.00685712887791512,0.00685712887791512,0.00685712887791512,0.006357128877915119,0.00685712887791512,-0.00785712887791512,0.00685712887791512,0.00685712887791512,-0.00685712887791512,0.00685712887791512
2023-03-16,0.05419352324520732,0.012377436544909474,0.05419352324520731,0.05419352324520732,0.05419352324520732,0.05419352324520732,0.05419352324520732,-0.05419352324520732,0.05419352324520732,0.05419352324520732,-0.05419352324520732,0.05419352324520732
2023-03-17,0.0072039931089507014,0.0016453436174015134,0.0072039931089507014,0.0072039931089507014,0.0072039931089507014,0.0072039931089507014,0.0072039931089507014,-0.0072039931089507014,0.0072039931089507014,0.0072039931089507014,-0.0072039931089507014,0.0072039931089507014
2023-03-20,0.006802755962023399,0.0015537037492371493,0.006802755962023398,0.006802755962023399,0.006802755962023399,0.006802755962023399,0.006802755962023399,-0.006802755962023399,0.006802755962023399,0.006802755962023399,-0.006802755962023399,0.006802755962023399
2023-03-21,0.011544392013876248,0.0026366615611017616,0.011544392013876248,0.011544392013876248,0.011544392013876248,-0.0005,0.011544392013876248,-0.011544392013876248,0.011544392013876248,0.011544392013876248,0.010544392013876247,0.011544392013876248
2023-03-22,0.010267443923471786,0.002345015197963297,0.010267443923471786,0.010267443923471786,0.010267443923471786,0.009767443923471786,0.010267443923471786,0.009267443923471785,0.010267443923471786,0.010267443923471786,0.010267443923471786,0.010267443923471786
2023-03-23,0.027316075118646976,0.006950187810409259,0.027316075118646976,0.027316075118646976,0.027316075118646976,0.027316075118646976,0.027316075118646976,0.027316075118646976,0.027316075118646976,0.027316075118646976,-0.028316075118646977,0.027316075118646976
2023-03-24,-0.015152047653416156,-0.003862581064224637,-0.015152047653416156,-0.015152047653416156,-0.015152047653416156,-0.015152047653416156,-0.015152047653416156,0.014152047653416155,-0.015152047653416156,-0.015152047653416156,-0.016152047653416157,-0.015152047653416156
2023-03-27,-0.00926097482292687,-0.00376075648429367,-0.00926097482292687,-0.00926097482292687,-0.00926097482292687,-0.0005,-0.00926097482292687,0.00926097482292687,-0.00926097482292687,-0.00926097482292687,-0.00926097482292687,-0.00926097482292687
2023-03-28,-0.004560562069986784,-0.0018166685307265682,-0.0045605620699867835,-0.004560562069986784,-0.004560562069986784,0.0,-0.004560562069986784,-0.005560562069986784,-0.004560562069986784,-0.004560562069986784,-0.004560562069986784,-0.004560562069986784
2023-03-29,0.021733963926723332,0.008657575033013228,0.021733963926723332,0.021733963926723332,0.021733963926723332,0.0,0.021733963926723332,0.021733963926723332,0.021733963926723332,0.021733963926723332,0.021733963926723332,0.021733963926723332
2023-03-30,0.014786571696630668,0.005890129125833592,0.014786571696630668,0.014786571696630668,0.014786571696630668,0.014286571696630668,0.014786571696630668,0.014786571696630668,0.014786571696630668,0.014786571696630668,0.014786571696630668,0.014786571696630668
2023-03-31,0.014388524860543095,0.005731569906645579,0.014388524860543095,0.014388524860543095,0.014388524860543095,0.014388524860543095,0.014388524860543095,0.014388524860543095,0.014388524860543095,0.014388524860543095,-0.015388524860543096,0.014388524860543095
2023-04-03,0.006768236428710717,0.002696080426023357,0.006768236428710717,0.006768236428710717,0.006768236428710717,0.006768236428710717,0.006768236428710717,-0.007768236428710717,0.006768236428710717,0.006768236428710717,-0.006768236428710717,0.006768236428710717
2023-04-04,-0.018308544335915222,-0.007293082700783353,-0.018308544335915222,-0.018308544335915222,-0.018308544335915222,-0.018308544335915222,-0.018308544335915222,0.018308544335915222,-0.018308544335915222,-0.018308544335915222,0.018308544335915222,-0.018308544335915222
2023-04-05,-0.020835561154813553,-0.008299702468491647,-0.020835561154813553,-0.020835561154813553,-0.020835561154813553,-0.0005,-0.020835561154813553,0.020835561154813553,-0.020835561154813553,-0.020835561154813553,-0.021835561154813554,-0.020835561154813553
2023-04-06,0.005803322258191246,0.0023117135033646477,0.005803322258191246,0.005803322258191246,0.005803322258191246,0.0,0.005803322258191246,0.004803322258191246,0.005803322258191246,0.005803322258191246,0.005803322258191246,0.005803322258191246
2023-04-10,0.020046513005551825,0.008839432797188889,0.02004651300555182,0.020046513005551825,0.020046513005551825,0.019546513005551824,0.020046513005551825,-0.021046513005551826,0.020046513005551825,0.020046513005551825,0.020046513005551825,0.020046513005551825
2023-04-11,-0.014866388370899708,-0.006571477947523943,-0.014866388370899708,-0.014866388370899708,-0.014866388370899708,-0.014866388370899708,-0.014866388370899708,0.014866388370899708,-0.014866388370899708,-0.014866388370899708,-0.014866388370899708,-0.014866388370899708
2023-04-12,-0.024807646230299407,-0.010965871203223648,-0.024807646230299407,-0.024807646230299407,-0.024807646230299407,-0.0005,-0.024807646230299407,0.024807646230299407,-0.024807646230299407,-0.024807646230299407,-0.024807646230299407,-0.024807646230299407
2023-04-13,-0.0012079291513664714,-0.0005339480970316989,-0.0012079291513664714,-0.0012079291513664714,-0.0012079291513664714,0.0,-0.0012079291513664714,0.0012079291513664714,-0.0012079291513664714,-0.0012079291513664714,-0.0012079291513664714,-0.0012079291513664714
2023-04-14,0.011147694145736242,0.003039067081147876,0.011147694145736242,0.011147694145736242,0.011147694145736242,0.0,0.011147694145736242,0.010147694145736241,0.011147694145736242,0.011147694145736242,0.011147694145736242,0.011147694145736242
2023-04-17,0.009118745112560056,0.0025522549142805062,0.009118745112560056,0.009118745112560056,0.009118745112560056,0.008618745112560056,0.009118745112560056,0.009118745112560056,0.009118745112560056,0.009118745112560056,0.009118745112560056,0.009118745112560056
2023-04-18,0.02462776323281224,0.0068930898893208685,0.02462776323281224,0.02462776323281224,0.02462776323281224,0.02462776323281224,0.02462776323281224,0.02462776323281224,0.02462776323281224,-0.0005,0.02462776323281224,0.02462776323281224
2023-04-19,0.009542288346190642,0.002670800863980863,0.009542288346190642,0.009542288346190642,0.009542288346190642,0.009542288346190642,0.009542288346190642,0.009542288346190642,0.009542288346190642,0.0,-0.010542288346190642,0.009542288346190642
2023-04-20,-0.029608786973776002,-0.008287233728642807,-0.029608786973776002,-0.029608786973776002,-0.029608786973776002,-0.029608786973776002,-0.029608786973776002,-0.029608786973776002,-0.029608786973776002,-0.030108786973776003,0.029608786973776002,-0.029608786973776002
2023-04-21,0.0005533380273397004,0.0001548743475229723,0.0005533380273397004,0.0005533380273397004,0.0005533380273397004,-0.0005,0.0005533380273397004,0.0005533380273397004,0.0005533380273397004,0.0005533380273397004,-0.00044666197266029963,0.0005533380273397004
2023-04-24,-0.002839231260834074,-0.0007946753471880069,-0.002839231260834074,-0.002839231260834074,-0.002839231260834074,0.0,-0.002839231260834074,-0.002839231260834074,-0.002839231260834074,-0.002839231260834074,-0.002839231260834074,-0.002839231260834074
2023-04-25,-0.029620604369313908,-0.008290541311590165,-0.029620604369313908,-0.029620604369313908,-0.029620604369313908,-0.030120604369313908,-0.029620604369313908,-0.029620604369313908,-0.029620604369313908,-0.029620604369313908,-0.029620604369313908,-0.029620604369313908
2023-04-26,0.027247338993046544,0.007626285633346997,0.027247338993046544,0.027247338993046544,0.027247338993046544,-0.0005,0.027247338993046544,0.027247338993046544,0.027247338993046544,-0.0005,-0.028247338993046545,0.027247338993046544
2023-04-27,0.01001647219381363,0.0028035206670271443,0.01001647219381363,0.01001647219381363,0.01001647219381363,0.00951647219381363,0.01001647219381363,0.01001647219381363,0.01001647219381363,0.0,-0.01001647219381363,0.01001647219381363
2023-04-28,0.019209566166127567,0.005376585159855539,0.019209566166127567,0.019209566166127567,0.019209566166127567,0.019209566166127567,0.019209566166127567,0.019209566166127567,0.019209566166127567,0.0,-0.019209566166127567,0.019209566166127567
2023-05-01,0.04183934364827535,0.011710456769923052,0.04183934364827535,0.04183934364827535,0.04183934364827535,0.04183934364827535,0.04183934364827535,0.04183934364827535,0.04183934364827535,0.0,-0.04183934364827535,0.04183934364827535
2023-05-02,-0.024213065456064053,-0.007577645632258581,-0.024213065456064053,-0.024213065456064053,-0.024213065456064053,-0.024213065456064053,-0.024213065456064053,-0.024213065456064053,-0.024213065456064053,-0.024713065456064054,-0.025213065456064054,-0.024213065456064053
2023-05-03,-0.014462989234127255,-0.004516616436633679,-0.014462989234127253,-0.014462989234127255,-0.014462989234127255,-0.0005,-0.014462989234127255,-0.014462989234127255,-0.014462989234127255,-0.014462989234127255,0.013462989234127254,-0.014462989234127255
2023-05-04,-0.008632508545579842,-0.002695827906332489,-0.008632508545579842,-0.008632508545579842,-0.008632508545579842,0.0,-0.008632508545579842,-0.008632508545579842,-0.008632508545579842,-0.008632508545579842,-0.009632508545579843,-0.008632508545579842
2023-05-05,0.04056317951586297,0.012667389870633797,0.04056317951586297,0.04056317951586297,0.04056317951586296,0.0,0.04056317951586297,0.04056317951586297,0.04056317951586297,0.04056317951586297,-0.04156317951586297,0.04056317951586297
2023-05-08,0.01642245874126469,0.005128535040717012,0.01642245874126469,0.01642245874126469,0.01642245874126469,0.01592245874126469,0.01642245874126469,0.01642245874126469,0.01642245874126469,0.01642245874126469,-0.01642245874126469,0.01642245874126469
2023-05-09,-0.019896311514963294,-0.006213377204542312,-0.019896311514963294,-0.019896311514963294,-0.019896311514963294,-0.019896311514963294,-0.019896311514963294,-0.019896311514963294,-0.019896311514963294,-0.019896311514963294,0.019896311514963294,-0.019896311514963294
2023-05-10,0.010990208486174824,0.0034321090534700596,0.010990208486174824,0.010990208486174824,0.010990208486174824,-0.0005,0.010990208486174824,0.010990208486174824,0.010990208486174824,0.010990208486174824,-0.010990208486174824,0.010990208486174824
2023-05-11,-0.010628495860961484,-0.0033191505798150058,-0.010628495860961484,-0.010628495860961484,-0.010628495860961484,-0.011128495860961485,-0.010628495860961484,-0.010628495860961484,-0.010628495860961484,-0.010628495860961484,0.010628495860961484,-0.010628495860961484
2023-05-12,-0.008328015354301832,-0.0026007383691485607,-0.008328015354301832,-0.008328015354301832,-0.008328015354301832,-0.0005,-0.008328015354301832,-0.008328015354301832,-0.008328015354301832,-0.008328015354301832,0.008328015354301832,-0.008328015354301832
2023-05-15,0.02163017306970949,0.010289847300866808,0.02163017306970949,0.02163017306970949,0.02163017306970949,0.0,0.02163017306970949,0.02163017306970949,0.02163017306970949,0.02163017306970949,0.02063017306970949,0.02163017306970949
2023-05-16,0.008980153186149975,0.004306742219493602,0.008980153186149975,0.008980153186149975,0.008980153186149975,0.008480153186149975,0.008980153186149975,0.008980153186149975,0.008980153186149975,0.008980153186149975,-0.009980153186149976,0.008980153186149975
2023-05-17,0.03303317409966122,0.015842198077234183,0.03303317409966122,0.03303317409966122,0.03303317409966122,0.03303317409966122,0.03303317409966122,0.03303317409966122,0.03303317409966122,0.03303317409966122,0.03203317409966122,0.03303317409966122
2023-05-18,0.04970510272416617,0.023837796526298347,0.049705102724166166,0.04970510272416617,0.04970510272416617,0.04970510272416617,0.04970510272416617,0.04970510272416617,0.04970510272416617,0.04970510272416617,0.04970510272416617,0.04970510272416617
2023-05-19,-0.013069200503813438,-0.005194949331482552,-0.013069200503813438,-0.013069200503813438,-0.013069200503813438,-0.013069200503813438,-0.013069200503813438,-0.013069200503813438,-0.013069200503813438,-0.013069200503813438,0.012069200503813438,-0.013069200503813438
2023-05-22,-0.002814502755692838,-0.0011095616833624938,-0.002814502755692838,-0.002814502755692838,-0.002814502755692838,-0.0005,-0.002814502755692838,-0.002814502755692838,-0.002814502755692838,-0.002814502755692838,-0.003814502755692838,-0.002814502755692838
2023-05-23,-0.015653086566205232,-0.006170917774049956,-0.015653086566205232,-0.015653086566205232,-0.015653086566205232,0.0,-0.015653086566205232,-0.015653086566205232,-0.015653086566205232,-0.015653086566205232,0.014653086566205231,-0.015653086566205232
2023-05-24,-0.004887831062567849,-0.0019269300947759131,-0.004887831062567849,-0.004887831062567849,-0.004887831062567848,0.0,-0.004887831062567849,-0.004887831062567849,-0.004887831062567849,-0.004887831062567849,-0.005887831062567849,-0.004887831062567849
2023-05-25,0.24369628722127556,0.09607240999551471,0.24369628722127556,0.24369628722127556,0.24369628722127556,0.0,0.24369628722127556,0.24369628722127556,0.24369628722127556,0.24369628722127556,-0.24469628722127557,0.24369628722127556
2023-05-26,0.02543447999329307,0.004168948967158134,0.02543447999329307,0.02543447999329307,0.02543447999329307,0.02493447999329307,0.02543447999329307,0.02543447999329307,0.02543447999329307,0.02543447999329307,0.024434479993293068,0.02543447999329307
2023-05-30,0.02991326739530109,0.005035891999399712,0.02991326739530109,0.02991326739530109,0.02991326739530109,0.02991326739530109,0.02991326739530109,0.02991326739530109,0.02991326739530109,0.02991326739530109,0.02991326739530109,0.02991326739530109
2023-05-31,-0.05676749485315857,-0.009556795296855205,-0.05676749485315857,-0.05676749485315857,-0.05676749485315857,-0.05676749485315857,-0.05676749485315857,-0.05676749485315857,-0.05676749485315857,-0.05676749485315857,-0.05676749485315857,-0.05676749485315857
2023-06-01,0.05117073761657953,0.008614582444684524,0.05117073761657953,0.05117073761657953,0.05117073761657953,-0.0005,0.05117073761657953,0.05117073761657953,0.05117073761657953,0.05117073761657953,0.05117073761657953,0.05117073761657953
2023-06-02,-0.011138953716311795,-0.0018752404129035347,-0.011138953716311795,-0.011138953716311795,-0.011138953716311795,-0.011638953716311795,-0.011138953716311795,-0.011138953716311795,-0.011138953716311795,-0.011138953716311795,-0.011138953716311795,-0.011138953716311795
2023-06-05,-0.0039667666774103605,-0.0006678042993522722,-0.0039667666774103605,-0.0039667666774103605,-0.0039667666774103605,-0.0005,-0.0039667666774103605,-0.0039667666774103605,-0.0039667666774103605,-0.0039667666774103605,-0.0039667666774103605,-0.0039667666774103605
2023-06-06,-0.013198350374538315,-0.002221939388234546,-0.013198350374538315,-0.013198350374538315,-0.013198350374538315,0.0,-0.013198350374538315,-0.013198350374538315,-0.013198350374538315,-0.013198350374538315,-0.013198350374538315,-0.013198350374538315
2023-06-07,-0.03040139364773209,-0.005118067946842364,-0.03040139364773209,-0.03040139364773209,-0.03040139364773209,0.0,-0.03040139364773209,-0.03040139364773209,-0.03040139364773209,-0.03040139364773209,-0.03040139364773209,-0.03040139364773209
2023-06-08,0.02761877311636085,0.004649614391230481,0.02761877311636085,0.02761877311636085,0.02761877311636085,0.0,0.02761877311636085,0.02761877311636085,0.02761877311636085,0.02761877311636085,0.02761877311636085,0.02761877311636085
2023-06-09,0.006751400595045087,0.001136596808099632,0.006751400595045087,0.006751400595045087,0.006751400595045087,0.006251400595045087,0.006751400595045087,0.006751400595045087,0.006751400595045087,0.006751400595045087,0.006751400595045087,0.006751400595045087
2023-06-12,0.01836475013759964,0.0030917016542111484,0.01836475013759964,0.01836475013759964,0.01836475013759964,0.01836475013759964,0.01836475013759964,0.01836475013759964,0.01836475013759964,0.01836475013759964,-0.01936475013759964,0.01836475013759964
2023-06-13,0.039004933954975396,0.0065664720689064555,0.039004933954975396,0.039004933954975396,0.039004933954975396,0.039004933954975396,0.039004933954975396,0.039004933954975396,0.039004933954975396,0.039004933954975396,-0.039004933954975396,0.039004933954975396
2023-06-14,0.04814520251171128,0.008105234273949343,0.04814520251171128,0.04814520251171128,0.04814520251171128,0.04814520251171128,0.04814520251171128,0.04814520251171128,0.04814520251171128,0.04814520251171128,-0.0005,0.04814520251171128
2023-06-15,-0.008000716121162044,-0.0013469188026700581,-0.008000716121162044,-0.008000716121162044,-0.008000716121162044,-0.008000716121162044,-0.008000716121162044,-0.008000716121162044,-0.008000716121162044,-0.008000716121162044,0.0,-0.008000716121162044
2023-06-16,0.0009141995659478486,0.00015390529624104677,0.0009141995659478486,0.0009141995659478486,0.0009141995659478484,0.0009141995659478486,0.0009141995659478486,0.0009141995659478486,0.0009141995659478486,0.0009141995659478486,0.00041419956594784856,0.0009141995659478486
2023-06-20,0.026141099158427883,0.004400848304793368,0.026141099158427883,0.026141099158427883,0.026141099158427883,-0.0005,0.026141099158427883,0.026141099158427883,0.026141099158427883,0.026141099158427883,-0.0005,0.026141099158427883
2023-06-21,-0.017417168985451426,-0.002932176575261239,-0.017417168985451426,-0.017417168985451426,-0.017417168985451426,-0.017917168985451426,-0.017417168985451426,-0.017417168985451426,-0.017417168985451426,-0.017417168985451426,0.0,-0.017417168985451426
2023-06-22,-0.00046465789662253343,-7.822505489409984e-05,-0.00046465789662253343,-0.00046465789662253343,-0.00046465789662253343,-0.0005,-0.00046465789662253343,-0.00046465789662253343,-0.00046465789662253343,-0.00046465789662253343,0.0,-0.00046465789662253343
2023-06-23,-0.01896575372645337,-0.0031928804764615876,-0.01896575372645337,-0.01896575372645337,-0.01896575372645337,-0.019465753726453372,-0.01896575372645337,-0.01896575372645337,-0.01896575372645337,-0.01896575372645337,-0.019465753726453372,-0.01896575372645337
2023-06-26,-0.03736149321734894,-0.006289799181497282,-0.03736149321734894,-0.03736149321734894,-0.03736149321734894,-0.0005,-0.03736149321734894,-0.03736149321734894,-0.03736149321734894,-0.03736149321734894,-0.03736149321734894,-0.03736149321734894
2023-06-27,0.030616062288120194,0.005154207365327363,0.030616062288120194,0.030616062288120194,0.030616062288120194,0.0,0.030616062288120194,0.030616062288120194,0.030616062288120194,0.030616062288120194,0.030616062288120194,0.030616062288120194
2023-06-28,-0.0181249006270241,-0.005985912433593128,-0.0181249006270241,-0.0181249006270241,-0.0181249006270241,-0.0186249006270241,-0.0181249006270241,-0.0181249006270241,-0.0181249006270241,-0.0181249006270241,-0.0181249006270241,-0.0181249006270241
2023-06-29,-0.007174636615652319,-0.0023383035241855174,-0.007174636615652318,-0.007174636615652319,-0.007174636615652318,-0.0005,-0.007174636615652319,-0.007174636615652319,-0.007174636615652319,-0.007174636615652319,-0.007174636615652319,-0.007174636615652319
2023-06-30,0.036254980601915454,0.011815950194019507,0.036254980601915454,-0.0005,0.036254980601915454,0.0,0.036254980601915454,0.036254980601915454,0.036254980601915454,0.036254980601915454,0.036254980601915454,0.036254980601915454
2023-07-03,0.002623771702316313,0.0009322622606976409,0.0026237717023163127,0.002123771702316313,0.002623771702316313,0.002123771702316313,0.002623771702316313,0.002623771702316313,0.002623771702316313,0.002623771702316313,-0.0005,0.002623771702316313
2023-07-05,-0.002263196588100924,-0.0008198107043612816,-0.002263196588100924,-0.002263196588100924,-0.002263196588100924,-0.002263196588100924,-0.002263196588100924,-0.002263196588100924,-0.002263196588100924,-0.002263196588100924,-0.002763196588100924,-0.002263196588100924
2023-07-06,-0.0050570018010076545,-0.001831826819745753,-0.0050570018010076545,-0.0050570018010076545,-0.0050570018010076545,-0.0005,-0.0050570018010076545,-0.0050570018010076545,-0.0050570018010076545,-0.0050570018010076545,-0.0005,-0.0050570018010076545
2023-07-07,0.00950053428817399,0.0034414331249641764,0.00950053428817399,0.00950053428817399,0.00950053428817399,0.0,0.00950053428817399,0.00950053428817399,0.00950053428817399,0.00950053428817399,0.0,0.00950053428817399
2023-07-10,-0.007599652705493454,-0.0030833256478470317,-0.007599652705493453,-0.007599652705493454,-0.007599652705493454,-0.008099652705493454,-0.007599652705493454,-0.007599652705493454,-0.007599652705493454,-0.007599652705493454,0.0,-0.007599652705493454
2023-07-11,0.005334125910054999,0.0021498394313331404,0.005334125910054999,0.005334125910054999,0.005334125910054999,-0.0005,0.005334125910054999,0.005334125910054999,0.005334125910054999,0.005334125910054999,0.004834125910054998,0.005334125910054999
2023-07-12,0.03530239618351305,0.014228101213883496,0.03530239618351305,0.03530239618351305,0.03530239618351305,0.03480239618351305,0.03530239618351305,0.03530239618351305,0.03530239618351305,0.03530239618351305,-0.0005,0.03530239618351305
2023-07-13,0.04726461608458177,0.019049294500888297,0.04726461608458177,0.04726461608458177,0.04726461608458177,0.04726461608458177,0.04726461608458177,0.04726461608458177,0.04726461608458177,0.04726461608458177,0.0,0.04726461608458177
2023-07-14,-0.011048983382964117,-0.0044531270077567365,-0.011048983382964115,-0.011048983382964117,-0.011048983382964117,-0.011048983382964117,-0.011048983382964117,-0.011048983382964117,-0.011048983382964117,-0.011048983382964117,0.0,-0.011048983382964117
2023-07-17,0.021816873231743417,0.008792963483217606,0.021816873231743417,0.021816873231743417,0.021816873231743417,-0.0005,0.021816873231743417,0.021816873231743413,0.021816873231743417,0.021816873231743417,0.021316873231743416,0.021816873231743417
2023-07-18,0.02223384905464809,0.008961019333624747,0.022233849054648088,0.02223384905464809,0.022233849054648088,0.02173384905464809,0.02223384905464809,0.02223384905464809,0.02223384905464809,0.02223384905464809,0.02223384905464809,0.02223384905464809
2023-07-19,-0.008780176500033043,-0.00353871842774724,-0.008780176500033043,-0.008780176500033043,-0.008780176500033043,-0.008780176500033043,-0.008780176500033043,-0.008780176500033043,-0.008780176500033043,-0.008780176500033043,-0.008780176500033043,-0.008780176500033043
2023-07-20,-0.0330735099586692,-0.013329782056270065,-0.0330735099586692,-0.0330735099586692,-0.0330735099586692,-0.0330735099586692,-0.0330735099586692,-0.0330735099586692,-0.0330735099586692,-0.0330735099586692,-0.0330735099586692,-0.0330735099586692
2023-07-21,-0.026603598175319543,-0.010722181166521178,-0.026603598175319543,-0.026603598175319543,-0.026603598175319543,-0.0005,-0.026603598175319543,-0.02660359817531954,-0.026603598175319543,-0.026603598175319543,-0.026603598175319543,-0.026603598175319543
2023-07-24,0.006838409578949101,0.0027561183984649235,0.006838409578949101,0.006838409578949101,0.006838409578949101,0.0,0.006838409578949101,0.0068384095789491,0.006838409578949101,0.006838409578949101,0.006838409578949101,0.006838409578949101
2023-07-25,0.023917347710723735,0.009639528212953103,0.023917347710723735,0.023917347710723735,0.023917347710723735,0.0,0.023917347710723735,0.023917347710723732,0.023917347710723735,0.023917347710723735,0.023917347710723735,0.023917347710723735
2023-07-26,-0.00496954530233551,-0.0020029006864307588,-0.00496954530233551,-0.00496954530233551,-0.00496954530233551,-0.00546954530233551,-0.00496954530233551,-0.00496954530233551,-0.00496954530233551,-0.00496954530233551,-0.00496954530233551,-0.00496954530233551
2023-07-27,0.009856622234376333,0.003972563733314409,0.009856622234376333,0.009856622234376333,0.009856622234376333,-0.0005,0.009856622234376333,0.009856622234376331,0.009856622234376333,0.009856622234376333,0.009856622234376333,0.009856622234376333
2023-07-28,0.018518504640055777,0.008383974791425235,0.018518504640055777,0.018518504640055777,0.018518504640055777,0.018018504640055777,0.018518504640055777,0.018518504640055777,0.018518504640055777,0.018518504640055777,-0.0005,0.018518504640055777
2023-07-31,-0.0004492534135901449,-0.00020401231641385548,-0.0004492534135901449,-0.0004492534135901449,-0.0004492534135901449,-0.0004492534135901449,-0.0004492534135901449,-0.0004492534135901449,-0.0004492534135901449,-0.0004492534135901449,0.0,-0.0004492534135901449
2023-08-01,-0.004750812393581549,-0.0021574109666008035,-0.004750812393581549,-0.004750812393581549,-0.004750812393581549,-0.004750812393581549,-0.004750812393581549,-0.004750812393581549,-0.004750812393581549,-0.004750812393581549,-0.00525081239358155,-0.004750812393581549
2023-08-02,-0.04812166117431327,-0.02185272558621178,-0.04812166117431326,-0.04812166117431327,-0.04812166117431327,-0.0005,-0.04812166117431327,-0.04812166117431326,-0.04812166117431327,-0.04812166117431327,-0.04812166117431327,-0.04812166117431327
2023-08-03,0.005556845839639557,0.002523442131780455,0.005556845839639557,0.005556845839639557,0.005556845839639556,0.0,0.005556845839639557,0.005556845839639556,0.005556845839639557,0.005556845839639557,0.005556845839639557,0.005556845839639557
2023-08-04,0.003706644940249415,0.0016832397874084145,0.003706644940249415,0.003706644940249415,0.003706644940249415,0.003206644940249415,0.003706644940249415,0.003706644940249415,0.003706644940249415,0.003706644940249415,0.003706644940249415,0.003706644940249415
2023-08-07,0.016495205529665435,0.0074907056641750685,0.016495205529665432,0.016495205529665435,0.016495205529665435,0.016495205529665435,0.016495205529665435,0.016495205529665435,0.016495205529665435,0.016495205529665435,0.016495205529665435,0.016495205529665435
2023-08-08,-0.016579807512585365,-0.007529124618793066,-0.016579807512585365,-0.016579807512585365,-0.016579807512585365,-0.016579807512585365,-0.016579807512585365,-0.016579807512585365,-0.016579807512585365,-0.0005,-0.0005,-0.016579807512585365
2023-08-09,-0.04724167749548913,-0.021453112576510575,-0.04724167749548913,-0.04724167749548913,-0.04724167749548913,-0.0005,-0.04724167749548913,-0.047241677495489125,-0.04724167749548913,0.0,-0.04774167749548913,-0.04724167749548913
2023-08-10,-0.003900719857914625,-0.001502645273400079,-0.003900719857914625,-0.003900719857914625,-0.003900719857914625,0.0,0.002900719857914625,-0.0039007198579146247,-0.003900719857914625,0.0,0.002900719857914625,-0.003900719857914625
2023-08-11,-0.03616603443936817,-0.013565647648299858,-0.03616603443936817,-0.03616603443936817,0.035166034439368166,0.0,0.03616603443936817,-0.03616603443936816,-0.03616603443936817,0.0,-0.03716603443936817,-0.03616603443936817
2023-08-14,0.07093357981564341,0.030049250358868972,0.0709335798156434,0.07093357981564341,-0.07093357981564341,0.0,-0.07093357981564341,0.07093357981564341,0.07093357981564341,0.0,-0.07193357981564341,0.07093357981564341
2023-08-15,0.00427420163595138,0.001017204658948689,0.00427420163595138,-0.0005,-0.00427420163595138,0.00377420163595138,-0.00427420163595138,0.00427420163595138,0.00427420163595138,0.0,0.00327420163595138,0.00427420163595138
2023-08-16,-0.01033244689642121,-0.002660242755762992,-0.010332446896421208,0.0,0.01033244689642121,-0.01033244689642121,0.01033244689642121,-0.01033244689642121,-0.01033244689642121,0.0,-0.01033244689642121,-0.01033244689642121
2023-08-17,-0.0032655007792622426,-0.0008407519418250928,-0.0032655007792622426,0.0,0.0032655007792622426,-0.0005,0.0032655007792622426,-0.0032655007792622426,-0.0032655007792622426,0.0,-0.0032655007792622426,-0.0032655007792622426
2023-08-18,-0.0010380700644384566,-0.0002672666403786036,-0.0010380700644384566,0.0,0.0010380700644384564,0.0,0.0010380700644384566,-0.0010380700644384566,-0.0010380700644384566,0.0,-0.0010380700644384566,-0.0010380700644384566
2023-08-21,0.08471348773973042,0.021810752509465205,0.0847134877397304,0.0,-0.08471348773973042,0.0,-0.08471348773973042,0.08471348773973042,0.08471348773973042,0.0,0.08471348773973042,0.08471348773973042
2023-08-22,-0.02765779798147483,-0.00712091312524035,-0.02765779798147483,-0.02815779798147483,-0.02865779798147483,-0.02815779798147483,0.02765779798147483,-0.02765779798147483,-0.02765779798147483,0.0,-0.02765779798147483,-0.02765779798147483
2023-08-23,0.03170706231740095,0.0073340441180233095,0.03170706231740095,0.03170706231740095,0.03170706231740095,-0.0005,-0.03170706231740095,0.03170706231740095,0.03170706231740095,0.0,0.03170706231740095,0.03170706231740095
2023-08-24,0.0009975532081105687,0.00023114547518543612,0.0009975532081105687,0.0009975532081105687,0.0009975532081105687,0.0004975532081105687,-2.446791889431331e-06,0.0009975532081105687,0.0009975532081105687,0.0004975532081105687,0.0009975532081105687,0.0009975532081105687
2023-08-25,-0.024277563546343472,-0.00562541317760184,-0.024277563546343472,-0.024277563546343472,-0.024277563546343472,-0.024277563546343472,-0.024277563546343472,-0.024277563546343472,-0.024277563546343472,-0.024277563546343472,-0.024277563546343472,-0.024277563546343472
2023-08-28,0.017753987225959778,0.006021891931628204,0.017753987225959778,0.017753987225959778,0.017753987225959778,-0.0005,0.017753987225959778,0.017753987225959778,0.017753987225959778,0.017753987225959778,0.017753987225959778,0.017753987225959778
2023-08-29,0.04161415507208743,0.0142445153697579,0.04161415507208743,0.04161415507208743,0.04161415507208743,0.04111415507208743,0.04161415507208743,0.04161415507208743,0.04161415507208743,0.04161415507208743,0.04161415507208743,0.04161415507208743
2023-08-30,0.009839254979485457,0.0033679746360212983,0.009839254979485457,0.009839254979485457,0.009839254979485457,0.009839254979485457,0.009839254979485457,0.009839254979485457,0.009839254979485457,0.009839254979485457,0.009839254979485457,0.009839254979485457
2023-08-31,0.0018472898760135692,0.000632326884582677,0.0018472898760135692,0.0018472898760135692,0.0018472898760135692,0.0018472898760135692,0.0018472898760135692,0.0018472898760135692,0.0018472898760135692,0.0018472898760135692,0.0018472898760135692,0.0018472898760135692
2023-09-01,-0.017141226002213905,-0.005867437577960221,-0.017141226002213905,-0.017141226002213905,-0.017141226002213905,-0.017141226002213905,-0.017141226002213905,-0.017141226002213905,-0.017141226002213905,-0.017141226002213905,-0.017141226002213905,-0.017141226002213905
2023-09-05,0.0008042315802445632,0.00027528827837050975,0.0008042315802445632,0.0008042315802445632,0.0008042315802445632,-0.0005,0.0008042315802445632,0.000804231580244563,0.0008042315802445632,0.0008042315802445632,0.0008042315802445632,0.0008042315802445632
2023-09-06,-0.030549704471601546,-0.010457156564478128,-0.030549704471601546,-0.030549704471601546,-0.030549704471601546,0.0,-0.030549704471601546,-0.030549704471601543,-0.030549704471601546,-0.030549704471601546,-0.030549704471601546,-0.030549704471601546
2023-09-07,-0.01742428893529757,-0.005964329952536476,-0.01742428893529757,-0.01742428893529757,-0.017424288935297568,0.0,-0.01742428893529757,-0.017424288935297568,-0.01742428893529757,-0.01742428893529757,-0.01742428893529757,-0.01742428893529757
2023-09-08,-0.014467616077024403,-0.0049522615373527295,-0.014467616077024403,-0.014467616077024403,-0.014467616077024403,0.0,-0.014467616077024403,-0.014467616077024402,-0.014467616077024403,-0.014467616077024403,-0.014467616077024403,-0.014467616077024403
2023-09-11,-0.008645708359701354,-0.002959423912341198,-0.008645708359701354,-0.0005,-0.008645708359701354,0.0,-0.008645708359701354,-0.008645708359701352,-0.008645708359701354,-0.008645708359701354,-0.008645708359701354,-0.008645708359701354
2023-09-12,-0.006817645988453358,-0.0023336785980602815,-0.006817645988453358,0.0,-0.006817645988453358,0.0,-0.006817645988453358,-0.006817645988453357,-0.006817645988453358,-0.006817645988453358,-0.006817645988453358,-0.006817645988453358
2023-09-13,0.013706404422231921,0.004691698969218232,0.013706404422231921,0.0,0.013706404422231921,0.0,0.013706404422231921,0.01370640442223192,0.013706404422231921,-0.0005,0.013706404422231921,0.013706404422231921
2023-09-14,0.0021106730400253237,0.0007224828788928292,0.0021106730400253233,0.0,0.0021106730400253237,0.0,0.0021106730400253237,0.0021106730400253237,0.0021106730400253237,0.0,0.0021106730400253237,0.0021106730400253237
2023-09-15,-0.03687969106204092,-0.014005670620028401,-0.03687969106204092,0.0,-0.03687969106204092,-0.03737969106204092,0.03587969106204092,-0.03687969106204092,-0.03687969106204092,0.0,-0.03687969106204092,-0.03687969106204092
2023-09-18,0.0015035663015194878,0.0005702505548407852,0.0015035663015194878,0.0,0.0015035663015194878,-0.0005,-0.0015035663015194878,0.0015035663015194878,0.0015035663015194878,0.0,0.0015035663015194878,0.0015035663015194878
2023-09-19,-0.010144071246416808,-0.003847294429761909,-0.010144071246416806,0.0,-0.010144071246416808,0.0,0.010144071246416808,-0.010144071246416808,-0.010144071246416808,0.0,-0.010144071246416808,-0.010144071246416808
2023-09-20,-0.029434814192417114,-0.011163604230753453,-0.029434814192417114,0.0,-0.029434814192417114,0.0,0.029434814192417114,-0.029434814192417114,-0.029434814192417114,0.0,-0.029434814192417114,-0.029434814192417114
2023-09-21,-0.028930657590126474,-0.010972395115536956,-0.028930657590126474,0.0,0.027930657590126473,0.0,0.028930657590126474,-0.028930657590126474,-0.028930657590126474,0.0,-0.028930657590126474,-0.028930657590126474
2023-09-22,0.014457707165018485,0.00548330693780884,0.014457707165018485,0.0,-0.014457707165018485,0.0,-0.014457707165018485,0.014457707165018485,0.014457707165018485,0.0,0.014457707165018485,0.014457707165018485
2023-09-25,0.014707871951906704,0.005578185765819595,0.014707871951906704,0.0,-0.014707871951906704,0.0,-0.014707871951906704,0.014707871951906704,0.014707871951906704,0.0,0.014707871951906704,0.014707871951906704
2023-09-26,-0.0073661014325691054,-0.00279370681870898,-0.0073661014325691054,0.0,0.0073661014325691054,0.0,0.0073661014325691054,-0.0073661014325691054,-0.0073661014325691054,0.0,-0.0073661014325691054,-0.0073661014325691054
2023-09-27,0.01329004053069327,0.00504045147781342,0.01329004053069327,0.0,-0.01329004053069327,0.0,-0.01329004053069327,0.01329004053069327,0.01329004053069327,0.0,0.01329004053069327,0.01329004053069327
2023-09-28,0.014623021474353903,0.0055460049222784144,0.014623021474353903,0.0,-0.014623021474353903,0.014123021474353903,-0.014623021474353903,0.014623021474353903,0.014623021474353903,0.0,0.014623021474353903,0.014623021474353903
2023-09-29,0.009515197583216617,0.003608784458500746,0.009515197583216617,0.0,-0.009515197583216617,0.009515197583216617,-0.009515197583216617,0.009515197583216617,0.009515197583216617,0.0,0.009515197583216617,0.009515197583216617
2023-10-02,0.0294948878333412,0.011186388079416227,0.0294948878333412,0.0,-0.029494887833341196,0.0294948878333412,-0.0294948878333412,0.0294948878333412,0.0294948878333412,0.0,0.0294948878333412,0.0294948878333412
2023-10-03,-0.028247984868409737,-0.010713481027119158,-0.028247984868409737,-0.028747984868409737,0.028247984868409737,-0.028247984868409737,0.028247984868409737,-0.028247984868409737,-0.028247984868409737,0.0,-0.028247984868409737,-0.028247984868409737
2023-10-04,0.012041300215922757,0.004566847582441259,0.012041300215922755,-0.0005,-0.012041300215922757,-0.0005,-0.012041300215922757,0.012041300215922757,0.012041300215922757,0.0,0.012041300215922757,0.012041300215922757
2023-10-05,0.014690913054321797,0.005571753844096218,0.014690913054321797,0.014190913054321797,-0.014690913054321797,0.014190913054321797,-0.014690913054321797,0.014690913054321797,0.014690913054321797,0.0,0.014690913054321797,0.014690913054321797
2023-10-06,0.024033176434407277,0.009114950356666799,0.024033176434407277,0.024033176434407277,-0.024033176434407274,0.024033176434407277,-0.024033176434407277,0.024033176434407277,0.024033176434407277,0.023533176434407277,0.024033176434407277,0.024033176434407277
2023-10-09,-0.010685662434821719,-0.004052701185268911,-0.010685662434821719,-0.010685662434821719,0.010685662434821719,-0.010685662434821719,0.010685662434821719,-0.010685662434821719,-0.010685662434821719,-0.010685662434821719,-0.010685662434821719,-0.010685662434821719
2023-10-10,0.011596372294791824,0.004398101851951912,0.011596372294791824,0.011596372294791824,-0.011596372294791824,0.011596372294791824,-0.011596372294791824,0.011596372294791824,0.011596372294791824,0.011596372294791824,0.011596372294791824,0.011596372294791824
2023-10-11,0.022009600681480723,0.008347478250712732,0.022009600681480723,0.022009600681480723,0.021009600681480722,0.022009600681480723,0.021009600681480722,0.022009600681480723,0.022009600681480723,0.022009600681480723,0.022009600681480723,0.022009600681480723
2023-10-12,0.002969609695842257,0.0011262699722674476,0.002969609695842257,0.002969609695842257,0.002969609695842257,0.002969609695842257,0.002969609695842257,0.002969609695842257,0.002969609695842257,0.002969609695842257,0.002969609695842257,0.002969609695842257
2023-10-13,-0.03161135816021465,-0.01598795263362508,-0.03161135816021465,-0.03161135816021465,-0.03161135816021465,-0.03161135816021465,-0.03161135816021465,-0.031611358160214646,-0.03161135816021465,-0.03161135816021465,-0.03161135816021465,-0.03161135816021465
2023-10-16,0.013946119325906059,0.00702600412557732,0.013946119325906057,0.013946119325906059,-0.01494611932590606,-0.0005,0.013946119325906059,0.013946119325906059,0.013946119325906059,0.013946119325906059,0.013946119325906059,0.013946119325906059
2023-10-17,-0.046794601587857976,-0.02357494985721964,-0.046794601587857976,-0.046794601587857976,0.046794601587857976,-0.047294601587857976,-0.046794601587857976,-0.04679460158785797,-0.046794601587857976,-0.046794601587857976,-0.046794601587857976,-0.046794601587857976
2023-10-18,-0.03964707244388077,-0.01722628463036912,-0.03964707244388077,-0.0005,0.03964707244388077,-0.0005,-0.03964707244388077,-0.03964707244388077,-0.03964707244388077,-0.03964707244388077,-0.03964707244388077,-0.03964707244388077
2023-10-19,-0.0022510990796071884,-0.0009760889724838108,-0.0022510990796071884,0.0,0.0022510990796071884,0.0,-0.0022510990796071884,-0.0022510990796071884,-0.0022510990796071884,-0.0022510990796071884,-0.0022510990796071884,-0.0022510990796071884
2023-10-20,-0.016959370368941462,-0.007353676498451178,-0.016959370368941462,0.0,0.016959370368941462,0.0,0.01595937036894146,-0.016959370368941462,-0.016959370368941462,-0.0005,-0.016959370368941462,-0.016959370368941462
2023-10-23,0.03836958225072307,0.016637262416844243,0.03836958225072307,0.0,-0.03836958225072307,0.0,-0.03836958225072307,0.03836958225072307,0.03836958225072307,0.0,0.03836958225072307,0.03836958225072307
2023-10-24,0.01600937547161263,0.006941753473117095,0.01600937547161263,0.0,-0.01600937547161263,0.01550937547161263,-0.01600937547161263,0.016009375471612627,0.01600937547161263,0.0,0.01600937547161263,0.01600937547161263
2023-10-25,-0.043148863412466376,-0.018709585079421713,-0.04314886341246637,0.0,0.043148863412466376,-0.043148863412466376,0.043148863412466376,-0.04314886341246637,-0.043148863412466376,0.0,-0.043148863412466376,-0.043148863412466376
2023-10-26,-0.03477815337185308,-0.013086969301554764,-0.03477815337185308,0.0,0.03477815337185308,-0.0005,0.03477815337185308,-0.03477815337185308,-0.03477815337185308,0.0,-0.03477815337185308,-0.03477815337185308
2023-10-27,0.004314917622404435,0.0016200904355872547,0.004314917622404435,0.0,-0.004314917622404435,0.0,-0.004314917622404435,0.004314917622404435,-0.0005,-0.0048149176224044354,0.004314917622404435,0.004314917622404435
2023-10-30,0.016320937225720034,0.006127902456797047,0.016320937225720034,0.0,-0.016320937225720034,0.0,-0.016320937225720034,0.016320937225720034,0.0,-0.016320937225720034,0.016320937225720034,0.016320937225720034
2023-10-31,-0.009256345649222286,-0.003475412132303541,-0.009256345649222286,0.0,0.009256345649222286,-0.009756345649222287,0.009256345649222286,-0.009256345649222286,0.0,0.009256345649222286,-0.009256345649222286,-0.009256345649222286
2023-11-01,0.03788628388673421,0.014224884814982587,0.03788628388673421,0.0,-0.03788628388673421,-0.0005,-0.03788628388673421,0.03788628388673421,0.0,-0.03788628388673421,0.03788628388673421,0.03788628388673421
2023-11-02,0.02790307718077023,0.010476563498987176,0.02790307718077023,0.0,-0.02790307718077023,0.02740307718077023,-0.02790307718077023,0.02790307718077023,0.0,-0.02790307718077023,0.02790307718077023,0.02790307718077023
2023-11-03,0.03445509329210439,0.012936600877376584,0.03445509329210439,0.03395509329210439,-0.03445509329210439,0.03445509329210439,-0.03445509329210439,0.03445509329210439,0.0,-0.03445509329210439,0.03445509329210439,0.03445509329210439
2023-11-06,0.01657591150953941,0.00622363577888682,0.01657591150953941,0.01657591150953941,-0.01657591150953941,0.01657591150953941,-0.01657591150953941,0.01657591150953941,0.0,-0.0005,0.01657591150953941,0.01657591150953941
2023-11-07,0.004458852204549446,0.0016741324962450525,0.004458852204549446,0.004458852204549446,0.003458852204549446,0.004458852204549446,-0.004458852204549446,0.004458852204549446,0.0,0.0,0.004458852204549446,0.004458852204549446
2023-11-08,0.013469700554580966,0.00505736956028858,0.013469700554580966,0.013469700554580966,0.013469700554580966,0.013469700554580966,0.012469700554580965,0.013469700554580966,0.0,0.0,0.013469700554580966,0.013469700554580966
2023-11-09,0.008073206437361202,0.0030311875401231986,0.008073206437361202,0.008073206437361202,0.008073206437361202,0.008073206437361202,0.008073206437361202,0.008073206437361202,0.0,0.0,0.008073206437361202,0.008073206437361202
2023-11-10,0.029499355419970952,0.011075906368115711,0.029499355419970952,0.029499355419970952,0.029499355419970952,0.029499355419970952,0.029499355419970952,0.029499355419970952,0.0,0.0,0.029499355419970952,0.029499355419970952
2023-11-13,0.005896434251710048,0.0022344116931432853,0.005896434251710048,0.005896434251710048,0.005896434251710048,0.005896434251710048,0.005896434251710048,-0.006896434251710048,0.0,0.0,0.005896434251710048,0.005896434251710048
2023-11-14,0.021308066495473676,0.008081410663000763,0.021308066495473673,0.021308066495473676,0.021308066495473676,0.021308066495473676,0.021308066495473676,-0.021308066495473676,0.0,0.0,0.021308066495473676,0.021308066495473676
2023-11-15,-0.01546635543747632,-0.005865852247867337,-0.01546635543747632,-0.01546635543747632,-0.01546635543747632,-0.01546635543747632,-0.01546635543747632,0.01546635543747632,-0.01596635543747632,0.0,-0.01546635543747632,-0.01546635543747632
2023-11-16,0.012109446090286413,0.0045926929493045054,0.012109446090286413,0.012109446090286413,0.012109446090286413,-0.0005,0.012109446090286413,-0.012109446090286413,0.012109446090286413,0.0,0.012109446090286413,0.012109446090286413
2023-11-17,-0.0036783794275838666,-0.0013950817515495128,-0.0036783794275838666,-0.0036783794275838666,-0.003678379427583866,-0.004178379427583867,-0.0036783794275838666,0.0036783794275838666,-0.0036783794275838666,-0.004178379427583867,0.0026783794275838666,-0.0036783794275838666
2023-11-20,0.022536436813358707,0.009640763671031378,0.022536436813358707,0.022536436813358707,0.022536436813358707,0.022536436813358707,0.022536436813358707,-0.022536436813358707,0.022536436813358707,0.022536436813358707,0.021536436813358706,0.022536436813358707
2023-11-21,-0.009224544612504326,-0.003956282968394691,-0.009224544612504326,-0.009224544612504326,-0.009224544612504326,-0.009224544612504326,-0.009224544612504326,0.009224544612504326,-0.009224544612504326,-0.009224544612504326,-0.009224544612504326,-0.009224544612504326
2023-11-22,-0.024587735929693433,-0.010545348846616216,-0.024587735929693433,-0.024587735929693433,-0.024587735929693433,-0.0005,-0.024587735929693433,0.024587735929693433,-0.024587735929693433,-0.024587735929693433,-0.024587735929693433,-0.024587735929693433
2023-11-24,-0.01929531471562529,-0.008275500654608383,-0.01929531471562529,-0.01929531471562529,-0.01929531471562529,0.0,-0.01929531471562529,0.01929531471562529,-0.01929531471562529,-0.01929531471562529,-0.01929531471562529,-0.01929531471562529
2023-11-27,0.009753800355191355,0.004183273629579137,0.009753800355191355,0.009753800355191355,0.009753800355191355,0.0,0.009753800355191355,-0.009753800355191355,0.009753800355191355,0.009753800355191355,-0.0005,0.009753800355191355
2023-11-28,-0.008726826262504983,-0.0037428182702576493,-0.008726826262504983,-0.008726826262504983,-0.008726826262504983,-0.009226826262504984,-0.008726826262504983,0.008726826262504983,-0.008726826262504983,-0.008726826262504983,-0.009226826262504984,-0.008726826262504983
2023-11-29,0.00667069192804548,0.0028609699417096184,0.006670691928045479,0.00667069192804548,-0.00767069192804548,-0.0005,0.00667069192804548,-0.00667069192804548,0.00667069192804548,0.00667069192804548,0.00667069192804548,0.00667069192804548
2023-11-30,-0.028458620528412193,-0.012205519126433936,-0.028458620528412193,-0.028458620528412193,0.028458620528412193,-0.028958620528412193,-0.028458620528412193,0.028458620528412193,-0.028458620528412193,-0.028458620528412193,-0.028458620528412193,-0.028458620528412193
2023-12-01,-0.00010696502472495872,-4.587585873449238e-05,-0.00010696502472495872,-0.0005,0.00010696502472495872,-0.0005,-0.00010696502472495872,0.00010696502472495872,-0.00010696502472495872,-0.00010696502472495872,-0.0005,-0.00010696502472495872
2023-12-04,-0.02683630132418724,-0.01150972826557405,-0.02683630132418724,0.0,0.02683630132418724,0.0,-0.02683630132418724,0.02683630132418724,-0.02683630132418724,-0.0005,-0.02733630132418724,-0.02683630132418724
2023-12-05,0.023293750280274805,0.009990375826137515,0.023293750280274805,0.0,-0.023293750280274802,0.0,0.023293750280274805,-0.023293750280274805,0.023293750280274805,0.0,-0.024293750280274806,0.023293750280274805
2023-12-06,-0.022827842540942056,-0.009790554270559932,-0.022827842540942056,0.0,0.022827842540942056,-0.023327842540942056,-0.022827842540942056,0.022827842540942056,-0.022827842540942056,0.0,-0.023827842540942057,-0.022827842540942056
2023-12-07,0.02402030910105113,0.01030198712066991,0.02402030910105113,0.0,-0.02402030910105113,-0.0005,0.02402030910105113,-0.02402030910105113,0.02402030910105113,0.0,0.02402030910105113,0.02402030910105113
2023-12-08,0.019529593080989116,0.008375979490766412,0.019529593080989116,0.0,0.018529593080989115,0.019029593080989116,0.019529593080989116,-0.019529593080989116,0.019529593080989116,0.0,-0.0005,0.019529593080989116
2023-12-11,-0.0185027876372863,-0.007935596462722978,-0.018502787637286296,-0.0190027876372863,-0.0185027876372863,-0.0185027876372863,-0.0185027876372863,0.0185027876372863,-0.0185027876372863,0.0,-0.0190027876372863,-0.0185027876372863
2023-12-12,0.02209026544872006,0.00947421738777437,0.022090265448720055,-0.0005,0.02209026544872006,-0.0005,0.02209026544872006,-0.02209026544872006,0.02209026544872006,0.0,0.02209026544872006,0.02209026544872006
2023-12-13,0.009043662844628209,0.003878705213871031,0.009043662844628209,0.008543662844628208,0.009043662844628209,0.008543662844628208,0.009043662844628209,-0.009043662844628209,-0.0005,0.008543662844628208,0.009043662844628209,0.009043662844628209
2023-12-14,0.0054482758291853894,0.0023366921377239434,0.0054482758291853894,0.0054482758291853894,0.0054482758291853894,0.0054482758291853894,0.0054482758291853894,-0.0054482758291853894,0.0,0.0054482758291853894,0.0054482758291853894,0.0054482758291853894
2023-12-15,0.011168516269892903,0.004790026235107611,0.011168516269892903,0.011168516269892903,0.011168516269892903,0.011168516269892903,0.011168516269892903,-0.011168516269892903,0.0,0.011168516269892903,-0.0005,0.011168516269892903
2023-12-18,0.02427916597197677,0.010413007346894066,0.024279165971976765,0.02427916597197677,0.02427916597197677,0.02427916597197677,0.02427916597197677,-0.02427916597197677,0.0,0.02427916597197677,0.023779165971976768,0.02427916597197677
2023-12-19,-0.009445597688783391,-0.004051089656153415,-0.009445597688783391,-0.009445597688783391,-0.009445597688783391,-0.009445597688783391,-0.009445597688783391,0.009445597688783391,0.0,-0.009445597688783391,-0.009445597688783391,-0.009445597688783391
2023-12-20,-0.030098415154389935,-0.012908804960362992,-0.030098415154389935,-0.030098415154389935,-0.030098415154389935,-0.030098415154389935,-0.030098415154389935,-0.031098415154389936,0.0,-0.030098415154389935,-0.0005,-0.030098415154389935
2023-12-21,0.018270352800650036,0.007835908291211604,0.018270352800650036,0.018270352800650036,0.018270352800650036,-0.0005,0.018270352800650036,-0.019270352800650037,0.0,0.018270352800650036,-0.018770352800650036,0.018270352800650036
2023-12-22,-0.0032660803167138264,-0.0014007778674416367,-0.0032660803167138264,-0.0032660803167138264,-0.0032660803167138264,-0.0037660803167138264,-0.0032660803167138264,0.003266080316713826,0.0,-0.0032660803167138264,-0.004266080316713826,-0.0032660803167138264
2023-12-26,0.009195260709647712,0.003943723496790781,0.009195260709647712,0.009195260709647712,0.009195260709647712,-0.0005,0.009195260709647712,-0.009195260709647712,0.0,0.009195260709647712,-0.0005,0.009195260709647712
2023-12-27,0.002800406009240808,0.0012010564276453443,0.002800406009240808,0.002800406009240808,0.002800406009240808,0.002300406009240808,0.002800406009240808,-0.0028004060092408074,0.0,0.002800406009240808,0.002300406009240808,0.002800406009240808
2023-12-28,0.0021247530716934637,0.0009112779809412203,0.0021247530716934637,0.0021247530716934637,0.0021247530716934637,0.0021247530716934637,0.0021247530716934637,-0.0021247530716934633,0.0,0.0021247530716934637,0.0021247530716934637,0.0021247530716934637
2023-12-29,0.0,0.0,0.0,0.0,0.0,0.0,0.0,0.0,0.0,0.0,0.0,0.0
2024-01-02,-0.02734136896753503,-0.011726344976664098,-0.02734136896753503,-0.02734136896753503,-0.02734136896753503,-0.02734136896753503,-0.02734136896753503,0.02734136896753503,0.0,-0.02734136896753503,0.026341368967535028,-0.02734136896753503
2024-01-03,-0.0124356700454471,-0.005333491426198609,-0.0124356700454471,-0.0124356700454471,-0.0124356700454471,-0.0005,-0.0124356700454471,0.0124356700454471,0.0,-0.0005,0.0124356700454471,-0.0124356700454471
2024-01-04,0.009018539979990026,0.0038679303555272824,0.009018539979990026,0.009018539979990026,0.009018539979990026,0.0,0.009018539979990026,-0.009018539979990026,0.0,0.0,-0.0005,0.009018539979990026
2024-01-05,0.022896620821089897,0.009820052348760511,0.022896620821089893,0.022896620821089897,0.022896620821089897,0.0,0.022896620821089897,-0.022896620821089897,0.0,0.0,0.0,0.022896620821089897
2024-01-08,0.06428103638596516,0.02756927091011281,0.06428103638596516,0.06428103638596516,0.06428103638596516,0.06378103638596516,0.06428103638596516,-0.06428103638596515,0.0,0.0,-0.06478103638596516,0.06428103638596516
2024-01-09,0.01697516350232342,0.007280419041924366,0.01697516350232342,0.01697516350232342,0.01697516350232342,0.01697516350232342,0.01697516350232342,-0.016975163502323417,0.0,0.01647516350232342,0.01597516350232342,0.01697516350232342
2024-01-10,0.022770008894248184,0.009765750198269472,0.022770008894248184,0.022770008894248184,0.022770008894248184,0.022770008894248184,0.022770008894248184,-0.02277000889424818,0.0,0.022770008894248184,0.022770008894248184,0.022770008894248184
2024-01-11,0.008684352057730438,0.0037246016557791572,0.008684352057730438,0.008684352057730438,0.008684352057730438,0.008684352057730438,0.008684352057730438,-0.008684352057730436,0.0,0.008684352057730438,0.008684352057730438,0.008684352057730438
2024-01-12,-0.0020430429678236495,-0.0008762336176836887,-0.0020430429678236495,-0.0020430429678236495,-0.0020430429678236495,-0.0020430429678236495,-0.0020430429678236495,0.002043042967823649,0.0,-0.0020430429678236495,-0.0020430429678236495,-0.0020430429678236495
2024-01-16,0.030561279546345688,0.0138212507401303,0.030561279546345688,0.030561279546345688,0.030561279546345688,0.030561279546345688,0.030561279546345688,0.029561279546345687,0.0,0.030561279546345688,0.030561279546345688,0.030561279546345688
2024-01-17,-0.005835104268150593,-0.0026411763424569667,-0.005835104268150593,-0.005835104268150593,-0.005835104268150593,-0.005835104268150593,-0.005835104268150593,-0.005835104268150593,0.0,-0.005835104268150593,-0.005835104268150593,-0.005835104268150593
2024-01-18,0.01880352637022642,0.008511146797304501,0.018803526370226416,0.01880352637022642,0.01880352637022642,0.01880352637022642,0.01880352637022642,0.01880352637022642,0.0,0.01880352637022642,0.01880352637022642,0.01880352637022642
2024-01-19,0.0417462347832982,0.01889583504070741,0.0417462347832982,0.0417462347832982,0.0417462347832982,0.0417462347832982,0.0417462347832982,0.0417462347832982,0.0,0.0417462347832982,0.0417462347832982,0.0417462347832982
2024-01-22,0.00273986805106885,0.0012401620168871958,0.00273986805106885,0.00273986805106885,0.00273986805106885,0.00273986805106885,0.00273986805106885,0.00273986805106885,0.0,0.00273986805106885,0.00273986805106885,0.00273986805106885
2024-01-23,0.0036711914671638812,0.0016617122173167797,0.0036711914671638812,0.0036711914671638812,0.0036711914671638812,0.0036711914671638812,0.0036711914671638812,0.0036711914671638812,0.0,0.0036711914671638812,0.0036711914671638812,0.0036711914671638812
2024-01-24,0.02486925322286604,0.011256711148303731,0.02486925322286604,0.02486925322286604,0.02486925322286604,0.02486925322286604,0.02486925322286604,0.02486925322286604,0.0,0.02486925322286604,0.02486925322286604,0.02486925322286604
2024-01-25,0.004155846452836176,0.001881084352515521,0.004155846452836176,0.004155846452836176,0.004155846452836176,0.004155846452836176,0.004155846452836176,0.004155846452836176,0.0,0.004155846452836176,0.004155846452836176,0.004155846452836176
2024-01-26,-0.009510558539020608,-0.0043048180567945,-0.009510558539020608,-0.009510558539020608,-0.009510558539020608,-0.009510558539020608,-0.009510558539020608,-0.009510558539020608,0.0,-0.009510558539020608,-0.009510558539020608,-0.009510558539020608
2024-01-29,0.02349616374467911,0.010635201869427843,0.02349616374467911,0.02349616374467911,0.02349616374467911,-0.0005,0.02349616374467911,0.02349616374467911,0.0,0.02349616374467911,-0.0005,0.02349616374467911
2024-01-30,0.004946968536443164,0.0022391744285785993,0.004946968536443164,0.004946968536443164,0.004946968536443164,0.004446968536443163,0.004946968536443164,0.004946968536443164,0.0,0.004946968536443164,0.004446968536443163,0.004946968536443164
2024-01-31,-0.01986493882190077,-0.008991579935792368,-0.01986493882190077,-0.01986493882190077,-0.01986493882190077,-0.01986493882190077,-0.01986493882190077,-0.01986493882190077,0.0,-0.01986493882190077,-0.01986493882190077,-0.01986493882190077
2024-02-01,0.024379521495106138,0.011035041098537854,0.024379521495106134,0.024379521495106138,0.024379521495106138,-0.0005,0.024379521495106138,0.024379521495106138,0.0,0.024379521495106138,0.024379521495106138,0.024379521495106138
2024-02-02,0.04970874017164051,0.02249994901912674,0.04970874017164051,0.04970874017164051,0.04970874017164051,0.04920874017164051,0.04970874017164051,0.04970874017164051,0.0,0.04970874017164051,-0.0005,0.04970874017164051
2024-02-05,0.04794465002282711,0.02170145888889226,0.04794465002282711,0.04794465002282711,0.04794465002282711,0.04794465002282711,0.04794465002282711,0.04794465002282711,0.0,0.04794465002282711,0.0,0.04794465002282711
2024-02-06,-0.015995615211433,-0.007240186042617485,-0.015995615211433,-0.015995615211433,-0.015995615211433,-0.015995615211433,-0.015995615211433,-0.015995615211433,0.0,-0.015995615211433,-0.016495615211433,-0.015995615211433
2024-02-07,0.027497969754182616,0.012446562022337796,0.027497969754182613,0.027497969754182616,0.027497969754182616,-0.0005,0.027497969754182616,0.027497969754182616,0.0,0.027497969754182616,-0.0005,0.027497969754182616
2024-02-08,-0.006533566848417549,-0.0029573254219450056,-0.006533566848417549,-0.006533566848417549,-0.006533566848417549,-0.0070335668484175495,-0.006533566848417549,-0.006533566848417549,0.0,-0.006533566848417549,0.006033566848417549,-0.006533566848417549
2024-02-09,0.035783752235702515,0.016197002745117,0.035783752235702515,0.035783752235702515,0.035783752235702515,0.035783752235702515,0.035783752235702515,0.035783752235702515,0.0,0.035783752235702515,-0.0005,0.035783752235702515
2024-02-12,0.0015940082919370102,0.0007215050146273781,0.0015940082919370102,0.0015940082919370102,0.00159400829193701,0.0015940082919370102,0.0015940082919370102,0.0015940082919370102,0.0,0.0015940082919370102,0.0,0.0015940082919370102
2024-02-13,-0.0016607624739405358,-0.0007517203386671075,-0.0016607624739405358,-0.0016607624739405358,-0.0016607624739405358,-0.0016607624739405358,-0.0016607624739405358,-0.0016607624739405358,0.0,-0.0016607624739405358,0.0011607624739405358,-0.0016607624739405358
2024-02-14,0.024567593651837916,0.01112016926561211,0.024567593651837916,0.024567593651837916,0.024567593651837916,0.024567593651837916,0.024567593651837916,0.024567593651837916,0.0,0.024567593651837916,-0.024567593651837916,0.024567593651837916
2024-02-15,-0.01680684436309432,-0.007607377294944223,-0.016806844363094316,-0.01680684436309432,-0.01680684436309432,-0.01680684436309432,-0.01680684436309432,-0.01680684436309432,0.0,-0.01680684436309432,0.01680684436309432,-0.01680684436309432
2024-02-16,-0.0006192584866130391,-0.00028029848132027455,-0.0006192584866130392,-0.0006192584866130391,-0.0006192584866130391,-0.0005,-0.0006192584866130391,-0.0006192584866130391,0.0,-0.0006192584866130391,-0.001619258486613039,-0.0006192584866130391
2024-02-20,-0.043532101613322216,-0.019704182073678772,-0.043532101613322216,-0.043532101613322216,-0.043532101613322216,-0.044032101613322217,-0.043532101613322216,-0.043532101613322216,0.0,-0.043532101613322216,-0.043532101613322216,-0.043532101613322216
2024-02-21,-0.028508887527001314,-0.011525541729458905,-0.028508887527001314,-0.028508887527001314,-0.028508887527001314,-0.0005,-0.028508887527001314,-0.028508887527001314,0.0,-0.028508887527001314,-0.028508887527001314,-0.028508887527001314
2024-02-22,0.16400885410159205,0.0661637403915109,0.16400885410159205,0.16400885410159205,0.16400885410159205,0.0,0.16400885410159205,0.16400885410159205,0.0,-0.0005,0.16400885410159205,0.16400885410159205
2024-02-23,0.0035523029731110434,0.0007021638108598789,0.0035523029731110434,0.0035523029731110434,0.0035523029731110434,0.0030523029731110434,0.0035523029731110434,0.0035523029731110434,0.0,0.0,0.0035523029731110434,0.0035523029731110434
2024-02-26,0.0034891099739224885,0.0007782506838826837,0.003489109973922488,0.0034891099739224885,0.0034891099739224885,0.0034891099739224885,0.0034891099739224885,0.0034891099739224885,0.0,0.0029891099739224884,0.0034891099739224885,0.0034891099739224885
2024-02-27,-0.004943685241506568,-0.0011026956584512314,-0.004943685241506568,-0.004943685241506568,-0.004943685241506568,-0.004943685241506568,-0.004943685241506568,-0.004943685241506568,0.0,-0.004943685241506568,0.003943685241506568,-0.004943685241506568
2024-02-28,-0.013189224171167413,-0.002941874233775897,-0.013189224171167413,-0.013189224171167413,-0.013189224171167413,-0.013189224171167413,-0.013189224171167413,-0.013189224171167413,0.0,-0.013189224171167413,0.013189224171167413,-0.013189224171167413
2024-02-29,0.018657698332766204,0.004161624768401376,0.018657698332766204,0.018657698332766204,0.018657698332766204,-0.0005,0.018657698332766204,0.018657698332766204,0.0,0.018657698332766204,0.017657698332766203,0.018657698332766204
2024-03-01,0.040031803782640596,0.008929147806674883,0.040031803782640596,0.040031803782640596,0.040031803782640596,0.039531803782640595,0.040031803782640596,0.040031803782640596,0.0,0.040031803782640596,0.040031803782640596,0.040031803782640596
2024-03-04,0.03595065942193365,0.00801884305460842,0.035950659421933644,0.03595065942193365,0.03595065942193365,0.03595065942193365,0.03595065942193365,0.03595065942193365,0.0,0.03595065942193365,0.03595065942193365,0.03595065942193365
2024-03-05,0.008576660776433043,0.001913035749682875,0.008576660776433043,0.008576660776433043,0.008576660776433043,0.008576660776433043,0.008576660776433043,0.008576660776433043,0.0,0.008576660776433043,0.008576660776433043,0.008576660776433043
2024-03-06,0.031827321617541315,0.007099126998040537,0.03182732161754131,0.031827321617541315,0.031827321617541315,0.031827321617541315,0.031827321617541315,0.031827321617541315,0.0,0.031827321617541315,0.031827321617541315,0.031827321617541315
2024-03-07,0.04474632653463906,0.009980728462872563,0.04474632653463906,0.04474632653463906,0.04474632653463906,0.04474632653463906,0.04474632653463906,0.04474632653463906,0.0,0.04474632653463906,0.04474632653463906,0.04474632653463906
2024-03-08,-0.055477010149580286,-0.012374221910850147,-0.055477010149580286,-0.055477010149580286,-0.055477010149580286,-0.055477010149580286,-0.055477010149580286,-0.055477010149580286,0.0,-0.055477010149580286,-0.055477010149580286,-0.055477010149580286
2024-03-11,-0.020039463348751063,-0.004469829318184154,-0.020039463348751063,-0.020039463348751063,-0.020039463348751063,-0.0005,-0.020039463348751063,-0.020039463348751063,0.0,-0.020039463348751063,-0.020039463348751063,-0.020039463348751063
2024-03-12,0.07157199313169471,0.015964229565102715,0.07157199313169471,0.07157199313169471,0.07157199313169471,0.0,0.07157199313169471,0.07157199313169471,0.0,0.07157199313169471,0.07157199313169471,0.07157199313169471
2024-03-13,-0.011152039552950521,-0.0024874774580445165,-0.011152039552950521,-0.011152039552950521,-0.011152039552950521,-0.011652039552950522,-0.011152039552950521,-0.011152039552950521,0.0,-0.011152039552950521,0.01015203955295052,-0.011152039552950521
2024-03-14,-0.03239131972132203,-0.00722492753550036,-0.03239131972132203,-0.03239131972132203,-0.03239131972132203,-0.0005,-0.03239131972132203,-0.03239131972132203,0.0,-0.03239131972132203,0.03239131972132203,-0.03239131972132203
2024-03-15,-0.0012167287559559092,-0.0004035576640855352,-0.0012167287559559092,-0.0012167287559559092,-0.0012167287559559092,0.0,-0.0012167287559559092,-0.0012167287559559092,0.0,-0.0012167287559559092,-0.0022167287559559093,-0.0012167287559559092
2024-03-18,0.007035623078681219,0.0021085996505190744,0.007035623078681219,0.007035623078681219,0.007035623078681219,0.0,0.007035623078681219,0.007035623078681219,0.0,0.007035623078681219,0.007035623078681219,0.007035623078681219
2024-03-19,0.0106609294117892,0.003195654485268857,0.0106609294117892,0.0106609294117892,0.0106609294117892,0.0,0.0106609294117892,0.0106609294117892,0.0,0.0106609294117892,0.0106609294117892,0.0106609294117892
2024-03-20,0.010895133104272592,0.003265894074377641,0.010895133104272592,0.010895133104272592,0.010895133104272592,0.010395133104272591,0.010895133104272592,0.010895133104272592,0.0,0.010895133104272592,0.010895133104272592,0.010895133104272592
2024-03-21,0.011762251414973779,0.003531406889559537,0.011762251414973777,0.011762251414973779,0.011762251414973779,0.011762251414973779,0.011762251414973779,0.011762251414973779,0.0,0.011762251414973779,0.011762251414973779,0.011762251414973779
2024-03-22,0.031213664014708264,0.009400459351193335,0.031213664014708264,0.031213664014708264,0.031213664014708264,0.031213664014708264,0.031213664014708264,0.031213664014708264,0.0,0.031213664014708264,0.031213664014708264,0.031213664014708264
2024-03-25,0.007561865850864047,0.0022995021365862936,0.007561865850864047,0.007561865850864047,0.007561865850864047,0.007561865850864047,0.007561865850864047,0.007561865850864047,0.0,0.007561865850864047,0.007561865850864047,0.007561865850864047
2024-03-26,-0.025694351483823152,-0.007821326179061467,-0.025694351483823152,-0.025694351483823152,-0.025694351483823152,-0.025694351483823152,-0.025694351483823152,-0.025694351483823152,0.0,-0.025694351483823152,-0.025694351483823152,-0.025694351483823152
2024-03-27,-0.024967228670066954,-0.007530131928732454,-0.02496722867006695,-0.024967228670066954,-0.024967228670066954,-0.0005,-0.024967228670066954,-0.024967228670066954,0.0,-0.024967228670066954,-0.024967228670066954,-0.024967228670066954
2024-03-28,0.001174546501837126,0.00034907531906492657,0.001174546501837126,0.001174546501837126,0.001174546501837126,0.0,0.001174546501837126,0.001174546501837126,0.0,0.001174546501837126,0.001174546501837126,0.001174546501837126
2024-04-01,7.747818325154476e-05,2.3090370814962386e-05,7.747818325154476e-05,7.747818325154476e-05,7.747818325154476e-05,0.0,7.747818325154476e-05,7.747818325154476e-05,0.0,7.747818325154476e-05,7.747818325154476e-05,7.747818325154476e-05
2024-04-02,-0.01008161728082968,-0.0030078472556603233,-0.01008161728082968,-0.01008161728082968,-0.01008161728082968,0.0,-0.01008161728082968,-0.01008161728082968,0.0,-0.01008161728082968,-0.01008161728082968,-0.01008161728082968
2024-04-03,-0.005455385232115306,-0.0016240004767716695,-0.005455385232115306,-0.005455385232115306,-0.005455385232115306,0.0,-0.005455385232115306,-0.005455385232115306,0.0,-0.005455385232115306,-0.005455385232115306,-0.005455385232115306
2024-04-04,-0.03438472731433728,-0.010331256203156485,-0.03438472731433728,-0.03438472731433728,-0.034384727314337275,0.0,-0.03438472731433728,-0.03438472731433728,0.0,-0.0005,-0.0005,-0.03438472731433728
2024-04-05,0.02448059831913585,0.007266108651885946,0.02448059831913585,0.02448059831913585,0.02448059831913585,0.0,0.02448059831913585,0.02448059831913585,0.0,0.0,0.02398059831913585,0.02448059831913585
2024-04-08,-0.009942374849528313,-0.002947095695959489,-0.009942374849528313,-0.009942374849528313,-0.009942374849528313,-0.010442374849528313,-0.009942374849528313,-0.009942374849528313,0.0,0.0,-0.009942374849528313,-0.009942374849528313
2024-04-09,-0.020417127775214206,-0.006041025043466876,-0.020417127775214206,-0.020417127775214206,-0.020417127775214206,-0.0005,-0.020417127775214206,-0.020417127775214206,0.0,0.0,-0.0005,-0.020417127775214206
2024-04-10,0.01974142278356239,0.005942434882585128,0.019741422783562387,0.01974142278356239,0.01974142278356239,0.0,0.01974142278356239,0.01974142278356239,0.0,0.0,0.01924142278356239,0.01974142278356239
2024-04-11,0.041096377557059416,0.012370357727554489,0.04109637755705941,0.041096377557059416,0.041096377557059416,0.040596377557059415,0.041096377557059416,0.041096377557059416,0.0,0.0,0.041096377557059416,0.041096377557059416
2024-04-12,-0.02681631256451522,-0.008016820374835214,-0.02681631256451522,-0.02681631256451522,-0.02681631256451522,-0.02681631256451522,-0.02681631256451522,-0.02681631256451522,0.0,0.0,-0.02681631256451522,-0.02681631256451522
2024-04-15,-0.024777298195610142,-0.007334981280572355,-0.024777298195610142,-0.024777298195610142,-0.024777298195610142,-0.024777298195610142,-0.024777298195610142,-0.02477729819561014,0.0,0.0,-0.024777298195610142,-0.024777298195610142
2024-04-16,0.01644179176313476,0.004828430288299527,0.01644179176313476,0.01644179176313476,0.01644179176313476,-0.0005,0.01644179176313476,0.01644179176313476,0.0,0.0,0.01644179176313476,0.01644179176313476
2024-04-17,-0.03866604137520058,-0.011398135391913483,-0.03866604137520058,-0.03866604137520058,-0.03866604137520058,0.0,-0.03866604137520058,-0.03866604137520058,0.0,0.0,-0.03866604137520058,-0.03866604137520058
2024-04-18,0.007568111961784085,0.0021955542941218655,0.007568111961784085,0.007568111961784085,0.007568111961784085,0.0,0.007568111961784085,0.007568111961784085,0.0,0.0,0.007568111961784085,0.007568111961784085
2024-04-19,-0.10004598863146585,-0.029084521513609404,-0.10004598863146585,-0.10004598863146585,-0.10004598863146585,0.0,-0.10004598863146585,-0.10004598863146585,0.0,0.0,-0.10004598863146585,-0.10004598863146585
2024-04-22,0.043543244310452645,0.011790914049286802,0.04354324431045264,0.043543244310452645,0.043543244310452645,0.0,-0.044543244310452645,0.04354324431045264,0.0,0.0,0.043543244310452645,0.043543244310452645
2024-04-23,0.03653266860030269,0.009802845192028098,0.03653266860030268,0.03653266860030269,0.03653266860030269,0.0,-0.03653266860030269,0.03653266860030269,0.0,0.0,0.03653266860030269,0.03653266860030269
2024-04-24,-0.033315854844161,-0.008886148768431535,-0.033315854844161,-0.033315854844161,-0.033315854844161,-0.033815854844161,0.033315854844161,-0.033315854844161,0.0,0.0,-0.033315854844161,-0.033315854844161
2024-04-25,0.03708717108165982,0.009821031815287807,0.03708717108165981,0.03708717108165982,0.03708717108165982,-0.0005,-0.03708717108165982,0.03708717108165981,0.0,0.0,0.03708717108165982,0.03708717108165982
2024-04-26,0.06175573657199673,0.01624881383991965,0.06175573657199673,0.06175573657199673,0.06175573657199673,0.06125573657199673,-0.06175573657199673,0.06175573657199673,0.0,0.0,0.06175573657199673,0.06175573657199673
2024-04-29,0.0002507897175694218,6.251472696641176e-05,0.0002507897175694218,0.0002507897175694218,0.0002507897175694218,0.0002507897175694218,-0.0002507897175694218,0.0002507897175694218,0.0,0.0,0.0002507897175694218,0.0002507897175694218
2024-04-30,-0.015440383968252536,-0.003997865473563286,-0.015440383968252536,-0.015440383968252536,-0.015440383968252536,-0.015440383968252536,0.015440383968252536,-0.015440383968252536,0.0,-0.015940383968252536,-0.015440383968252536,-0.015440383968252536
2024-05-01,-0.038899739237810205,-0.010044287201221101,-0.038899739237810205,-0.038899739237810205,-0.038899739237810205,-0.038899739237810205,0.038899739237810205,-0.0388997392378102,0.0,-0.038899739237810205,-0.038899739237810205,-0.038899739237810205
2024-05-02,0.03342942913315161,0.008562121987588595,0.03342942913315161,0.03342942913315161,0.03342942913315161,-0.0005,-0.03342942913315161,0.033429429133151604,0.0,0.03342942913315161,0.03342942913315161,0.03342942913315161
2024-05-03,0.03463182760363437,0.008848634286868827,0.03463182760363437,0.03463182760363437,0.03463182760363437,0.03413182760363437,-0.03463182760363437,0.03463182760363437,0.0,0.03463182760363437,0.03463182760363437,0.03463182760363437
2024-05-06,0.037741115929833535,0.009706173390326403,0.037741115929833535,0.037741115929833535,0.037741115929833535,0.037741115929833535,-0.037741115929833535,0.037741115929833535,0.0,0.037741115929833535,0.037741115929833535,0.037741115929833535
2024-05-07,-0.017212930438347818,-0.0044481941754461966,-0.017212930438347818,-0.017212930438347818,-0.017212930438347818,-0.017212930438347818,-0.01821293043834782,-0.017212930438347818,0.0,-0.017212930438347818,-0.017212930438347818,-0.017212930438347818
2024-05-08,-0.0015681190757719232,-0.0004050937322811167,-0.0015681190757719232,-0.0015681190757719232,-0.0015681190757719232,-0.0015681190757719232,-0.0015681190757719232,-0.0015681190757719232,0.0,-0.0015681190757719232,-0.0015681190757719232,-0.0015681190757719232
2024-05-09,-0.018415791702627415,-0.004770718054237401,-0.018415791702627415,-0.018415791702627415,-0.018415791702627415,-0.018415791702627415,-0.018415791702627415,-0.018415791702627415,0.0,-0.018415791702627415,0.017415791702627414,-0.018415791702627415
2024-05-10,0.01274406438565956,0.0032927687863958137,0.01274406438565956,0.01274406438565956,0.01274406438565956,-0.0005,0.01274406438565956,0.01274406438565956,0.0,0.01274406438565956,0.011744064385659558,0.01274406438565956
2024-05-13,0.0057968712439320225,0.0015055719728952542,0.0057968712439320225,0.0057968712439320225,0.0057968712439320225,0.005296871243932022,0.0057968712439320225,0.0057968712439320225,0.0,0.0057968712439320225,-0.0067968712439320225,0.0057968712439320225
2024-05-14,0.010586382212368628,0.00275089309211119,0.010586382212368628,0.010586382212368628,0.010586382212368628,0.010586382212368628,0.010586382212368628,0.010586382212368628,0.0,0.010586382212368628,-0.010586382212368628,0.010586382212368628
2024-05-15,0.03583787146355455,0.00931232048931319,0.03583787146355455,0.03583787146355455,0.03583787146355455,0.03583787146355455,0.03583787146355455,0.03583787146355455,0.0,-0.0005,0.03483787146355455,0.03583787146355455
2024-05-16,-0.002863853795821769,-0.0007420004415240492,-0.002863853795821769,-0.002863853795821769,-0.002863853795821769,-0.002863853795821769,-0.002863853795821769,-0.002863853795821769,0.0,0.0,0.0018638537958217691,-0.002863853795821769
2024-05-17,-0.019923934453422554,-0.005171959008154366,-0.019923934453422554,-0.019923934453422554,-0.019923934453422554,-0.019923934453422554,-0.019923934453422554,-0.019923934453422554,0.0,0.0,-0.020923934453422555,-0.019923934453422554
2024-05-20,0.02488135375271061,0.006435470531332492,0.02488135375271061,0.02488135375271061,0.02488135375271061,-0.0005,0.02488135375271061,0.02488135375271061,0.0,0.0,0.02488135375271061,0.02488135375271061
2024-05-21,0.006393801158452561,0.0016722750943283056,0.006393801158452561,0.006393801158452561,0.006393801158452561,0.005893801158452561,0.006393801158452561,0.006393801158452561,0.0,0.0,0.006393801158452561,0.006393801158452561
2024-05-22,-0.004571007903637181,-0.001206454596620257,-0.004571007903637181,-0.004571007903637181,-0.004571007903637181,-0.004571007903637181,-0.004571007903637181,-0.004571007903637181,0.0,-0.005071007903637181,0.003571007903637181,-0.004571007903637181
2024-05-23,0.09319655055230336,0.029721058255718896,0.09319655055230336,0.09319655055230336,0.09319655055230334,0.09319655055230336,0.09319655055230336,0.09319655055230336,0.0,0.09319655055230336,0.09219655055230336,0.09319655055230336
2024-05-24,0.02572281403424026,0.00765984021363102,0.025722814034240257,0.02572281403424026,0.02572281403424026,0.02572281403424026,0.02572281403424026,0.02572281403424026,0.0,0.02572281403424026,0.02572281403424026,0.02572281403424026
2024-05-28,0.06980433131926378,0.02074394428929148,0.06980433131926378,0.06980433131926378,0.06980433131926378,0.06980433131926378,0.06980433131926378,0.06980433131926378,0.0,0.06980433131926378,0.06980433131926378,0.06980433131926378
2024-05-29,0.008112219982471247,0.002333246255351289,0.008112219982471247,0.008112219982471247,0.008112219982471247,0.008112219982471247,0.008112219982471247,0.008112219982471247,0.0,0.008112219982471247,0.008112219982471247,0.008112219982471247
2024-05-30,-0.03766607549269041,-0.010886664311336431,-0.03766607549269041,-0.03766607549269041,-0.03766607549269041,-0.03766607549269041,-0.03766607549269041,-0.03766607549269041,0.0,-0.03766607549269041,-0.03766607549269041,-0.03766607549269041
2024-05-31,-0.007846077936241258,-0.0022397065907876594,-0.007846077936241258,-0.007846077936241258,-0.007846077936241258,-0.0005,-0.007846077936241258,-0.007846077936241258,0.0,-0.007846077936241258,-0.007846077936241258,-0.007846077936241258
2024-06-03,0.048954297081517995,0.014066778473861404,0.048954297081517995,0.048954297081517995,0.048954297081517995,0.0,0.048954297081517995,0.048954297081517995,0.0,0.048954297081517995,0.048954297081517995,0.048954297081517995
2024-06-04,0.012495646211820421,0.003564140852472352,0.012495646211820421,0.012495646211820421,0.012495646211820421,0.011995646211820421,0.012495646211820421,0.012495646211820421,0.0,0.012495646211820421,0.012495646211820421,0.012495646211820421
2024-06-05,0.05155577854695803,0.01470507513127779,0.05155577854695803,0.05155577854695803,0.05155577854695803,0.05155577854695803,0.05155577854695803,0.05155577854695803,0.0,0.05155577854695803,0.05155577854695803,0.05155577854695803
2024-06-06,-0.011777114803493416,-0.0033259465084539068,-0.011777114803493416,-0.011777114803493416,-0.011777114803493416,-0.011777114803493416,-0.011777114803493416,-0.011777114803493416,0.0,-0.011777114803493416,-0.011777114803493416,-0.011777114803493416
2024-06-07,-0.00090910503463415,-0.0002603172130415577,-0.00090910503463415,-0.00090910503463415,-0.00090910503463415,-0.00090910503463415,-0.00090910503463415,-0.00090910503463415,0.0,-0.00090910503463415,-0.00090910503463415,-0.00090910503463415
2024-06-10,0.0074614065884961445,0.002181020403956638,0.0074614065884961445,0.0074614065884961445,0.0074614065884961445,-0.0005,0.0074614065884961445,0.0074614065884961445,0.0,0.0074614065884961445,0.0074614065884961445,0.0074614065884961445
2024-06-11,-0.0071438419049877355,-0.0021036759487342146,-0.0071438419049877355,-0.0071438419049877355,-0.0071438419049877355,-0.007643841904987736,-0.0071438419049877355,-0.0071438419049877355,0.0,-0.0071438419049877355,-0.0071438419049877355,-0.0071438419049877355
2024-06-12,0.035480637177430774,0.010801533925407803,0.035480637177430774,0.035480637177430774,0.035480637177430774,0.035480637177430774,0.035480637177430774,0.035480637177430774,0.0,0.035480637177430774,0.035480637177430774,0.035480637177430774
2024-06-13,0.03522374430896025,0.010669707705222863,0.03522374430896025,0.03522374430896025,0.03522374430896025,0.03522374430896025,0.03522374430896025,0.03522374430896025,0.0,0.03522374430896025,0.03522374430896025,0.03522374430896025
2024-06-14,0.017514089383387832,0.005332992418788818,0.017514089383387832,0.017514089383387832,0.017514089383387832,0.017514089383387832,0.017514089383387832,0.017514089383387832,0.0,0.017514089383387832,0.017514089383387832,0.017514089383387832
2024-06-17,-0.006824461625933864,-0.002077527253346725,-0.006824461625933864,-0.006824461625933864,-0.006824461625933864,-0.006824461625933864,-0.006824461625933864,-0.006824461625933864,0.0,-0.006824461625933864,-0.006824461625933864,-0.006824461625933864
2024-06-18,0.035119921398215626,0.010674106675102041,0.035119921398215626,0.035119921398215626,0.035119921398215626,-0.0005,0.035119921398215626,0.035119921398215626,0.0,0.035119921398215626,0.035119921398215626,0.035119921398215626
2024-06-20,-0.03540343262971002,-0.010692033295566686,-0.03540343262971002,-0.03540343262971002,-0.03540343262971002,-0.03590343262971002,-0.03540343262971002,-0.03540343262971002,0.0,-0.03540343262971002,-0.03540343262971002,-0.03540343262971002
2024-06-21,-0.032191517869925246,-0.009585376633664057,-0.032191517869925246,-0.032191517869925246,-0.032191517869925246,-0.0005,-0.032191517869925246,-0.032191517869925246,0.0,-0.032191517869925246,-0.032191517869925246,-0.032191517869925246
2024-06-24,-0.06684051740065078,-0.01967608316464847,-0.06684051740065078,-0.06684051740065078,-0.06684051740065078,0.0,-0.06684051740065078,-0.06684051740065078,0.0,-0.06684051740065078,-0.06684051740065078,-0.06684051740065078
2024-06-25,0.06756417595126218,0.01922345813099601,0.06756417595126218,0.06756417595126218,0.06756417595126218,0.0,0.06756417595126218,0.06756417595126218,0.0,-0.0005,0.06756417595126218,0.06756417595126218
2024-06-26,0.0024586547866736197,0.0006763617305876168,0.0024586547866736197,0.0024586547866736197,0.0024586547866736197,0.0019586547866736197,0.0024586547866736197,0.0024586547866736197,0.0,0.0,0.0024586547866736197,0.0024586547866736197
2024-06-27,-0.019066470619531484,-0.00531170904465737,-0.019066470619531484,-0.019066470619531484,-0.019066470619531484,-0.019066470619531484,-0.019066470619531484,-0.019066470619531484,0.0,0.0,-0.019066470619531484,-0.019066470619531484
2024-06-28,-0.003629303545987006,-0.0010135421309617522,-0.003629303545987006,-0.003629303545987006,-0.003629303545987006,-0.0005,-0.003629303545987006,-0.003629303545987006,0.0,0.0,0.002629303545987006,-0.003629303545987006
2024-07-01,0.006151865357341801,0.0017166135859245722,0.006151865357341801,0.006151865357341801,0.006151865357341801,0.0,0.006151865357341801,0.006151865357341801,0.0,0.0,-0.006151865357341801,0.006151865357341801
2024-07-02,-0.01311344628691924,-0.0036601107513708968,-0.01311344628691924,-0.01311344628691924,-0.01311344628691924,0.0,-0.01311344628691924,-0.01311344628691924,0.0,0.0,0.01311344628691924,-0.01311344628691924
2024-07-03,0.04573245222165312,0.012754874208431582,0.04573245222165312,0.04573245222165312,0.04573245222165312,0.04523245222165312,0.04573245222165312,0.04573245222165312,0.0,0.0,-0.04573245222165312,0.04573245222165312
2024-07-05,-0.019098905354084428,-0.005274794146330564,-0.019098905354084428,-0.019098905354084428,-0.019098905354084428,-0.019098905354084428,-0.019098905354084428,-0.019098905354084428,0.0,-0.019598905354084428,-0.02009890535408443,-0.019098905354084428
2024-07-08,0.018834845946874568,0.0052363168127458224,0.018834845946874568,0.018834845946874568,0.018834845946874568,-0.0005,0.018834845946874568,0.018834845946874568,0.0,0.018834845946874568,-0.01983484594687457,0.018834845946874568
2024-07-09,0.024805226630608246,0.006905480824730344,0.024805226630608242,0.024805226630608246,0.024805226630608246,0.024305226630608245,0.024805226630608246,0.024805226630608246,0.0,0.024805226630608246,0.023805226630608245,0.024805226630608246
2024-07-10,0.026868574083641406,0.007477851320735727,0.026868574083641406,0.026868574083641406,0.026868574083641406,0.026868574083641406,0.026868574083641406,0.026868574083641406,0.0,0.026868574083641406,0.026868574083641406,0.026868574083641406
2024-07-11,-0.05566673698191693,-0.015537036875602593,-0.05566673698191693,-0.05566673698191693,-0.05566673698191693,-0.05566673698191693,-0.05566673698191693,-0.05566673698191693,0.0,-0.05566673698191693,-0.05566673698191693,-0.05566673698191693
2024-07-12,0.014442540883782273,0.003923597220437673,0.014442540883782273,0.014442540883782273,0.014442540883782273,-0.0005,0.014442540883782273,0.014442540883782273,0.0,0.014442540883782273,0.014442540883782273,0.014442540883782273
2024-07-15,-0.006189971895479318,-0.0016971317772125063,-0.006189971895479318,-0.006189971895479318,-0.006189971895479318,0.0,-0.006189971895479318,-0.006189971895479318,0.0,-0.006189971895479318,-0.006189971895479318,-0.006189971895479318
2024-07-16,-0.016194442067815507,-0.004466966626167141,-0.016194442067815507,-0.016194442067815507,-0.016194442067815507,0.0,-0.016194442067815507,-0.016194442067815507,0.0,-0.016194442067815507,0.015194442067815506,-0.016194442067815507
2024-07-17,-0.0662392985353556,-0.01832652205394513,-0.0662392985353556,-0.0662392985353556,-0.0662392985353556,0.0,-0.0662392985353556,-0.0662392985353556,0.0,-0.0662392985353556,-0.0005,-0.0662392985353556
2024-07-18,0.026273441462988822,0.0070200184985318775,0.02627344146298882,0.026273441462988822,0.026273441462988822,0.0,0.026273441462988822,0.026273441462988822,0.0,-0.0005,0.025773441462988822,0.026273441462988822
2024-07-19,-0.026096232021033727,-0.007050568275374582,-0.026096232021033724,-0.026096232021033727,-0.026096232021033727,-0.026596232021033728,-0.026096232021033727,-0.026096232021033727,0.0,0.0,-0.026096232021033727,-0.026096232021033727
2024-07-22,0.04757065986620179,0.0127619944730351,0.04757065986620179,0.04757065986620179,0.04757065986620179,-0.0005,0.04757065986620179,0.04757065986620179,0.0,0.0,-0.0005,0.04757065986620179
2024-07-23,-0.007689970877751917,-0.0022186784637086435,-0.007689970877751917,-0.007689970877751917,-0.007689970877751917,-0.008189970877751918,-0.007689970877751917,-0.007689970877751917,0.0,0.0,-0.008189970877751918,-0.007689970877751917
2024-07-24,-0.06803154907451991,-0.019697915341841267,-0.06803154907451991,-0.06803154907451991,-0.06803154907451991,-0.06803154907451991,-0.06803154907451991,-0.06803154907451991,0.0,0.0,-0.0005,-0.06803154907451991
2024-07-25,-0.0172429581009389,-0.004829412921859443,-0.0172429581009389,-0.0172429581009389,-0.0172429581009389,-0.0005,-0.0172429581009389,-0.0172429581009389,0.0,0.0,-0.0177429581009389,-0.0172429581009389
2024-07-26,0.0069469234980157335,0.0019566522453924105,0.0069469234980157335,0.0069469234980157335,0.0069469234980157335,0.0,0.0069469234980157335,0.0069469234980157335,0.0,0.0,0.0069469234980157335,0.0069469234980157335
2024-07-29,-0.013001892918470648,-0.0036909632652327834,-0.013001892918470648,-0.013001892918470648,-0.013001892918470648,-0.013501892918470648,-0.013001892918470648,-0.013001892918470648,0.0,0.0,-0.013001892918470648,-0.013001892918470648
2024-07-30,-0.0704364400653954,-0.020429622046378198,-0.0704364400653954,-0.0704364400653954,-0.0704364400653954,-0.0005,-0.0704364400653954,-0.0704364400653954,0.0,0.0,-0.0704364400653954,-0.0704364400653954
2024-07-31,0.12812104797164747,0.03568891005152615,0.12812104797164747,0.12812104797164747,0.12812104797164747,0.0,0.12812104797164747,0.12812104797164747,0.0,0.0,0.12812104797164747,0.12812104797164747
2024-08-01,-0.06674067443942022,-0.016921497533787515,-0.06674067443942022,-0.06674067443942022,-0.06674067443942022,-0.06724067443942022,-0.06674067443942022,-0.06674067443942022,0.0,0.0,-0.06674067443942022,-0.06674067443942022
2024-08-02,-0.017764062367594202,-0.0044207574443283024,-0.017764062367594202,-0.017764062367594202,-0.017764062367594202,-0.0005,-0.017764062367594202,-0.0177640623675942,0.0,0.0,-0.017764062367594202,-0.017764062367594202
2024-08-05,-0.063577744348561,-0.01584271616117156,-0.063577744348561,-0.063577744348561,-0.06357774434856099,0.0,-0.063577744348561,-0.063577744348561,0.0,0.063077744348561,-0.063577744348561,-0.063577744348561
2024-08-06,0.037829686870222146,0.009243155804119876,0.037829686870222146,0.037829686870222146,0.037829686870222146,0.0,0.037829686870222146,0.037829686870222146,0.0,-0.037829686870222146,0.037829686870222146,0.037829686870222146
2024-08-07,-0.05122296804425175,-0.012518439948434146,-0.05122296804425175,-0.05122296804425175,-0.05122296804425175,-0.05172296804425175,-0.05122296804425175,-0.05122296804425175,0.0,0.05122296804425175,-0.05122296804425175,-0.05122296804425175
2024-08-08,0.061267717010563105,0.014774332424162755,0.061267717010563105,0.061267717010563105,0.061267717010563105,-0.0005,-0.062267717010563106,0.061267717010563105,0.0,-0.061267717010563105,0.061267717010563105,0.061267717010563105
2024-08-09,-0.0020957358215321076,-0.0004986987837064446,-0.0020957358215321076,-0.0020957358215321076,-0.0020957358215321076,-0.0025957358215321076,0.0020957358215321076,-0.0020957358215321076,0.0,0.0020957358215321076,-0.0020957358215321076,-0.0020957358215321076
2024-08-12,0.04076368623788951,0.009680506109400654,0.04076368623788951,0.04076368623788951,0.04076368623788951,0.04076368623788951,-0.04076368623788951,0.04076368623788951,0.0,-0.04076368623788951,0.04076368623788951,0.04076368623788951
2024-08-13,0.06530911773455639,0.015407792392955299,0.06530911773455639,0.06530911773455639,0.06530911773455639,0.06530911773455639,-0.06530911773455639,0.06530911773455639,0.0,-0.06530911773455639,0.06530911773455639,0.06530911773455639
2024-08-14,0.016703895002734948,0.0038672075712272466,0.016703895002734948,0.016703895002734948,0.016703895002734948,0.016703895002734948,0.015703895002734947,0.016703895002734948,0.0,-0.016703895002734948,0.016703895002734948,0.016703895002734948
2024-08-15,0.04048114899815958,0.009372253922126752,0.04048114899815958,0.04048114899815958,0.04048114899815958,0.04048114899815958,0.04048114899815958,0.04048114899815958,0.0,0.039481148998159576,0.04048114899815958,0.04048114899815958
2024-08-16,0.013999619829759391,0.0032362289196382144,0.013999619829759391,0.013999619829759391,0.01399961982975939,0.013999619829759391,0.013999619829759391,0.013999619829759391,0.0,0.013999619829759391,0.013999619829759391,0.013999619829759391
2024-08-19,0.043506472793655826,0.010056959339702558,0.043506472793655826,0.043506472793655826,0.043506472793655826,0.043506472793655826,0.043506472793655826,0.043506472793655826,0.0,0.043506472793655826,0.043506472793655826,0.043506472793655826
2024-08-20,-0.021154141658328074,-0.004872402600326094,-0.02115414165832807,-0.021154141658328074,-0.02115414165832807,-0.021154141658328074,-0.021154141658328074,-0.021154141658328074,0.0,-0.021154141658328074,-0.021154141658328074,-0.021154141658328074
2024-08-21,0.009823279223583059,0.002258185816342051,0.009823279223583059,0.009823279223583059,0.009823279223583059,0.009823279223583059,0.009823279223583059,0.009823279223583059,0.0,0.009823279223583059,0.009823279223583059,0.009823279223583059
2024-08-22,-0.037042794669866375,-0.008515496752116018,-0.037042794669866375,-0.037042794669866375,-0.037042794669866375,-0.037042794669866375,-0.037042794669866375,-0.037042794669866375,0.0,-0.037042794669866375,-0.037042794669866375,-0.037042794669866375
2024-08-23,0.04549855664734581,0.010374740446325859,0.04549855664734581,0.04549855664734581,0.04549855664734581,-0.0005,0.04549855664734581,0.04549855664734581,0.0,0.04549855664734581,0.04549855664734581,0.04549855664734581
2024-08-26,-0.022493629526155412,-0.005288431838384085,-0.022493629526155412,-0.022493629526155412,-0.022493629526155412,-0.022993629526155412,-0.022493629526155412,-0.022493629526155412,0.0,-0.022493629526155412,-0.022493629526155412,-0.022493629526155412
2024-08-27,0.014550077984830878,0.0034147064004743355,0.014550077984830878,0.014550077984830878,0.014550077984830878,-0.0005,0.014550077984830878,0.014550077984830878,0.0,0.014550077984830878,-0.015550077984830879,0.014550077984830878
2024-08-28,-0.02096651435540675,-0.005032632726517062,-0.02096651435540675,-0.02096651435540675,-0.02096651435540675,-0.02146651435540675,-0.02096651435540675,-0.02096651435540675,0.0,-0.02096651435540675,-0.021966514355406752,-0.02096651435540675
2024-08-29,-0.06384837933177268,-0.015277221878650986,-0.06384837933177268,-0.06384837933177268,-0.06384837933177268,-0.0005,-0.06384837933177268,-0.06384837933177268,0.0,-0.06384837933177268,-0.06384837933177268,-0.06384837933177268
2024-08-30,0.01513732506379406,0.0035695720265546144,0.01513732506379406,0.01513732506379406,0.01513732506379406,0.0,0.01513732506379406,0.01513732506379406,0.0,-0.0005,0.01513732506379406,0.01513732506379406
2024-09-03,-0.09525010340697904,-0.02246297956828984,-0.09525010340697904,-0.09525010340697904,-0.09525010340697904,0.0,-0.09525010340697904,-0.09525010340697904,0.0,0.0,-0.09525010340697904,-0.09525010340697904
2024-09-04,-0.016574017217923953,-0.0037826521455905783,-0.01657401721792395,-0.016574017217923953,0.015574017217923952,0.0,-0.016574017217923953,-0.016574017217923953,0.0,0.0,-0.016574017217923953,-0.016574017217923953
2024-09-05,0.009415358048675104,0.0021455973639451648,0.009415358048675104,0.009415358048675104,-0.009415358048675104,0.0,0.009415358048675104,0.009415358048675104,0.0,0.0,0.009415358048675104,0.009415358048675104
2024-09-06,-0.040854417889891304,-0.009429573935820381,-0.040854417889891304,-0.040854417889891304,0.040854417889891304,0.0,-0.040854417889891304,-0.040854417889891304,0.0,0.0,-0.040854417889891304,-0.040854417889891304
2024-09-09,0.035398228115490316,0.008112092792066218,0.035398228115490316,0.035398228115490316,-0.035398228115490316,0.0,0.035398228115490316,0.035398228115490316,0.0,0.0,0.035398228115490316,0.035398228115490316
2024-09-10,0.01530934686680352,0.0034856164092608266,0.01530934686680352,0.01530934686680352,-0.01530934686680352,0.0,0.01530934686680352,0.01530934686680352,0.0,0.0,0.01530934686680352,0.01530934686680352
2024-09-11,0.08149874798231838,0.018542321821047,0.08149874798231836,0.08149874798231838,-0.08149874798231838,0.08099874798231838,0.08149874798231838,0.08149874798231838,0.0,0.0,0.08149874798231838,0.08149874798231838
2024-09-12,0.01916166075526915,0.004226686549157028,0.01916166075526915,0.01916166075526915,-0.01916166075526915,0.01916166075526915,0.01916166075526915,0.01916166075526915,0.0,0.0,0.01916166075526915,0.01916166075526915
2024-09-13,-0.0003358228004953778,-7.485734628715559e-05,-0.0003358228004953778,-0.0003358228004953778,0.0003358228004953778,-0.0003358228004953778,-0.0006641771995046222,-0.0003358228004953778,0.0,0.0,-0.0003358228004953778,-0.0003358228004953778
2024-09-16,-0.01947938961858864,-0.004341859910965738,-0.01947938961858864,-0.01947938961858864,-0.02047938961858864,-0.01947938961858864,0.01947938961858864,-0.01947938961858864,0.0,0.0,-0.01947938961858864,-0.01947938961858864
2024-09-17,-0.010190078878690834,-0.002270827415622807,-0.010190078878690834,-0.010190078878690834,-0.010190078878690832,-0.010190078878690834,0.010190078878690834,0.009190078878690833,0.0,0.0,-0.010190078878690834,-0.010190078878690834
2024-09-18,-0.019205821441112936,-0.004279005933968779,-0.019205821441112936,-0.019205821441112936,-0.019205821441112936,-0.019205821441112936,0.019205821441112936,0.019205821441112936,0.0,0.0,-0.019205821441112936,-0.019205821441112936
2024-09-19,0.0396930532573494,0.008884088404928684,0.0396930532573494,0.0396930532573494,0.0396930532573494,-0.0005,-0.0396930532573494,-0.0396930532573494,0.0,0.0,0.0396930532573494,0.0396930532573494
2024-09-20,-0.015864919534423705,-0.0035429157188161214,-0.015864919534423705,-0.015864919534423705,-0.015864919534423705,-0.016364919534423705,0.015864919534423705,-0.016864919534423706,0.0,0.0,-0.015864919534423705,-0.015864919534423705
2024-09-23,0.0022414086580848647,0.0005018529195392249,0.0022414086580848642,0.0022414086580848647,0.0022414086580848642,-0.0005,0.0012414086580848646,-0.0032414086580848647,0.0,0.0017414086580848647,0.0022414086580848647,0.0022414086580848647
2024-09-24,0.03965248512322783,0.009068401781955733,0.039652485123227825,0.03965248512322783,0.03965248512322783,0.0,0.03965248512322783,-0.03965248512322783,0.0,0.03965248512322783,-0.0005,0.03965248512322783
2024-09-25,0.02184163226641722,0.005066466977816144,0.02184163226641722,0.02184163226641722,0.021841632266417218,0.02134163226641722,0.02184163226641722,0.02084163226641722,0.0,0.02184163226641722,0.02134163226641722,0.02184163226641722
2024-09-26,0.004291102015554049,0.000993226870265819,0.004291102015554049,0.004291102015554049,0.004291102015554049,0.004291102015554049,0.004291102015554049,0.004291102015554049,0.0,0.004291102015554049,0.004291102015554049,0.004291102015554049
2024-09-27,-0.021283442924162288,-0.004936767657745896,-0.021283442924162288,-0.021283442924162288,-0.021283442924162288,-0.021283442924162288,-0.021283442924162288,-0.021283442924162288,0.0,-0.021283442924162288,-0.021283442924162288,-0.021283442924162288
2024-09-30,0.00032957108677145186,7.600959964757028e-05,0.00032957108677145186,0.00032957108677145186,0.00032957108677145186,-0.0005,0.00032957108677145186,-0.0013295710867714519,0.0,0.00032957108677145186,-0.0013295710867714519,0.00032957108677145186
2024-10-01,-0.036561340179978696,-0.008462440857211026,-0.036561340179978696,-0.036561340179978696,-0.03656134017997869,-0.0370613401799787,-0.036561340179978696,0.036561340179978696,0.0,-0.036561340179978696,-0.0375613401799787,-0.036561340179978696
2024-10-02,0.01581190711634428,0.0036384724950846606,0.01581190711634428,0.01581190711634428,0.01581190711634428,-0.0005,0.01581190711634428,-0.01581190711634428,0.0,0.01581190711634428,0.01581190711634428,0.01581190711634428
2024-10-03,0.03365593168348191,0.007814434491280853,0.0336559316834819,0.03365593168348191,0.03365593168348191,0.0,0.03365593168348191,-0.03365593168348191,0.0,-0.0005,0.03365593168348191,0.03365593168348191
2024-10-04,0.016849707851067874,0.003897841122787025,0.016849707851067874,0.016849707851067874,0.016849707851067874,0.016349707851067874,0.016849707851067874,-0.016849707851067874,0.0,0.0,0.016849707851067874,0.016849707851067874
2024-10-07,0.022414467657387194,0.005187405104797838,0.022414467657387194,0.022414467657387194,0.022414467657387194,0.022414467657387194,0.022414467657387194,-0.022414467657387194,0.0,0.021914467657387193,0.022414467657387194,0.022414467657387194
2024-10-08,0.04047905042831634,0.009373155137145239,0.040479050428316336,0.04047905042831634,0.04047905042831634,0.04047905042831634,0.04047905042831634,-0.04047905042831634,0.0,0.04047905042831634,0.04047905042831634,0.04047905042831634
2024-10-09,-0.001805878471957456,-0.000416849591156677,-0.0018058784719574559,-0.001805878471957456,-0.001805878471957456,-0.001805878471957456,-0.001805878471957456,0.001805878471957456,0.0,-0.001805878471957456,-0.0005,-0.001805878471957456
2024-10-10,0.016283577432997243,0.0038115022145577735,0.016283577432997243,0.016283577432997243,0.016283577432997243,0.016283577432997243,0.016283577432997243,-0.016283577432997243,0.0,0.016283577432997243,0.0,0.016283577432997243
2024-10-11,-7.414019480056488e-05,-1.7387571559144497e-05,-7.414019480056488e-05,-7.414019480056488e-05,-7.414019480056488e-05,-7.414019480056488e-05,-7.414019480056488e-05,7.414019480056488e-05,0.0,-7.414019480056488e-05,-0.0005741401948005649,-7.414019480056488e-05
2024-10-14,0.024257998891669352,0.005680909608909603,0.024257998891669352,0.024257998891669352,0.024257998891669352,0.024257998891669352,0.024257998891669352,-0.024257998891669352,0.0,0.024257998891669352,-0.0005,0.024257998891669352
2024-10-15,-0.04686013154773638,-0.010964789469769273,-0.04686013154773638,-0.04686013154773638,-0.04686013154773638,-0.04686013154773638,-0.04686013154773638,-0.047860131547736384,0.0,-0.04686013154773638,-0.047360131547736384,-0.04686013154773638
2024-10-16,0.03130674372703823,0.007408190354423855,0.031306743727038226,0.03130674372703823,0.03130674372703823,-0.0005,0.03130674372703823,0.03130674372703823,0.0,0.03130674372703823,0.03130674372703823,0.03130674372703823
2024-10-17,0.008915431934238383,0.002107091591448279,0.008915431934238383,0.008915431934238383,0.008915431934238383,0.008415431934238382,0.008915431934238383,0.008915431934238383,0.0,0.008915431934238383,-0.009915431934238383,0.008915431934238383
2024-10-18,0.00781419855077825,0.0018540088363420372,0.00781419855077825,0.00781419855077825,0.00781419855077825,0.00781419855077825,0.00781419855077825,0.00781419855077825,0.0,0.00781419855077825,0.006814198550778251,0.00781419855077825
2024-10-21,0.04137695188562218,0.009918736197874378,0.04137695188562218,0.04137695188562218,0.04137695188562218,-0.0005,0.04137695188562218,0.04137695188562218,0.0,0.04137695188562218,0.04137695188562218,0.04137695188562218
2024-10-22,-0.0008352221718626041,-0.0001996765183222308,-0.0008352221718626041,-0.0008352221718626041,-0.0008352221718626041,-0.001335222171862604,-0.0008352221718626041,-0.0008352221718626041,0.0,-0.0008352221718626041,-0.0008352221718626041,-0.0008352221718626041
2024-10-23,-0.028065914033244432,-0.006867851721120056,-0.028065914033244432,-0.028065914033244432,-0.02806591403324443,-0.028065914033244432,-0.028065914033244432,-0.028065914033244432,0.0,-0.028065914033244432,-0.028065914033244432,-0.028065914033244432
2024-10-24,0.006090713523475566,0.001484661269221124,0.006090713523475566,0.006090713523475566,0.006090713523475566,-0.0005,0.006090713523475566,0.006090713523475566,0.0,0.006090713523475566,0.006090713523475566,0.006090713523475566
2024-10-25,0.00804773413601323,0.0019622471759160646,0.00804773413601323,0.00804773413601323,0.00804773413601323,0.007547734136013229,0.00804773413601323,0.00804773413601323,0.0,0.00804773413601323,-0.0005,0.00804773413601323
2024-10-28,-0.007206504695678739,-0.0017600424442762949,-0.007206504695678739,-0.007206504695678739,-0.007206504695678739,-0.007206504695678739,-0.007206504695678739,-0.007206504695678739,0.0,-0.007206504695678739,-0.00770650469567874,-0.007206504695678739
2024-10-29,0.005195137965128049,0.001304524369684729,0.005195137965128049,0.005195137965128049,0.005195137965128049,-0.0005,0.005195137965128049,0.005195137965128049,0.0,0.005195137965128049,0.005195137965128049,0.005195137965128049
2024-10-30,-0.013522287592808824,-0.003761892049631502,-0.013522287592808824,-0.013522287592808824,-0.013522287592808824,-0.014022287592808824,-0.013522287592808824,-0.013522287592808824,0.0,-0.013522287592808824,-0.0005,-0.013522287592808824
2024-10-31,-0.04722261127701233,-0.013546690410452315,-0.04722261127701233,-0.04722261127701233,-0.04722261127701233,-0.0005,-0.04722261127701233,-0.04722261127701233,0.0,-0.0005,-0.04772261127701233,-0.04722261127701233
2024-11-01,0.019885495370373096,0.005610903295865618,0.019885495370373096,0.019885495370373096,0.019885495370373096,0.0,0.019885495370373096,0.019885495370373096,0.0,0.0,-0.0005,0.019885495370373096
2024-11-04,0.004800597760879821,0.0013956045422871411,0.004800597760879821,0.004800597760879821,0.004800597760879821,0.004300597760879821,0.004800597760879821,0.004800597760879821,0.0,0.0,0.004300597760879821,0.004800597760879821
2024-11-05,0.028372002531491525,0.008344154486443676,0.028372002531491525,0.028372002531491525,0.028372002531491525,0.028372002531491525,0.028372002531491525,0.028372002531491525,0.0,0.0,0.028372002531491525,0.028372002531491525
2024-11-06,0.040740430441306597,0.012238911489078696,0.040740430441306597,0.040740430441306597,0.040740430441306597,0.040740430441306597,0.040740430441306597,0.040740430441306597,0.0,0.0,0.040740430441306597,0.040740430441306597
2024-11-07,0.022457524075052193,0.006850338602331878,0.022457524075052193,0.022457524075052193,0.022457524075052193,0.022457524075052193,0.022457524075052193,0.022457524075052193,0.0,0.021957524075052193,-0.023457524075052194,0.022457524075052193
2024-11-08,-0.008396412154657584,-0.0025578023694744554,-0.008396412154657584,-0.008396412154657584,-0.008396412154657584,-0.008396412154657584,-0.008396412154657584,-0.008396412154657584,0.0,-0.008396412154657584,0.008396412154657584,-0.008396412154657584
2024-11-11,-0.016053442738621526,-0.004934044470263422,-0.016053442738621526,-0.016053442738621526,-0.016053442738621526,-0.0005,-0.016053442738621526,-0.016053442738621526,0.0,-0.016053442738621526,-0.017053442738621527,-0.016053442738621526
2024-11-12,0.020859118257641196,0.006590345503037596,0.020859118257641196,0.020859118257641196,0.020859118257641196,0.0,0.020859118257641196,0.020859118257641196,0.0,0.020859118257641196,0.020859118257641196,0.020859118257641196
2024-11-13,-0.013621937238667892,-0.004302110950392029,-0.013621937238667892,-0.013621937238667892,-0.013621937238667892,-0.014121937238667892,-0.013621937238667892,-0.013621937238667892,-0.014121937238667892,-0.013621937238667892,-0.013621937238667892,-0.013621937238667892
2024-11-14,0.0033499125900795512,0.0010666485731667629,0.0033499125900795512,0.0033499125900795512,0.0033499125900795512,-0.0005,0.0033499125900795512,0.0033499125900795512,0.0033499125900795512,0.0033499125900795512,0.0033499125900795512,0.0033499125900795512
2024-11-15,-0.032570250018275404,-0.01039705305137341,-0.032570250018275404,-0.032570250018275404,-0.032570250018275404,0.0,-0.032570250018275404,-0.032570250018275404,-0.032570250018275404,-0.032570250018275404,-0.032570250018275404,-0.032570250018275404
2024-11-18,-0.01288905699761167,-0.004132627815036918,-0.01288905699761167,-0.01288905699761167,-0.01288905699761167,0.0,-0.01288905699761167,-0.01288905699761167,-0.01288905699761167,-0.01288905699761167,-0.0005,-0.01288905699761167
2024-11-19,0.048947493937380626,0.015736767186522903,0.04894749393738062,0.048947493937380626,0.048947493937380626,0.0,0.048947493937380626,0.048947493937380626,0.048947493937380626,-0.0005,-0.04944749393738063,0.048947493937380626
2024-11-20,-0.007618445859915002,-0.0024053989912825786,-0.007618445859915002,-0.007618445859915002,-0.007618445859915002,-0.008118445859915002,-0.007618445859915002,-0.007618445859915002,-0.007618445859915002,0.0,-0.008618445859915003,-0.007618445859915002
2024-11-21,0.005346563963976703,0.0017066466860644496,0.005346563963976703,0.005346563963976703,0.005346563963976703,0.005346563963976703,0.005346563963976703,0.005346563963976703,0.005346563963976703,0.0,0.005346563963976703,0.005346563963976703
2024-11-22,-0.03218125759989665,-0.01046541026865347,-0.03218125759989665,-0.03218125759989665,-0.03218125759989665,-0.03218125759989665,-0.03218125759989665,-0.03218125759989665,-0.03218125759989665,-0.03268125759989665,-0.03218125759989665,-0.03218125759989665
2024-11-25,-0.04177514967452134,-0.013508724716684756,-0.04177514967452134,-0.04177514967452134,-0.04177514967452134,-0.0005,-0.04177514967452134,-0.04177514967452134,-0.04177514967452134,-0.0005,-0.0005,-0.04177514967452134
2024-11-26,0.00661663090008191,0.0021026042740330464,0.00661663090008191,0.00661663090008191,0.00661663090008191,0.0,0.00661663090008191,0.00661663090008191,0.00661663090008191,0.0,0.0,0.00661663090008191
2024-11-27,-0.011539659277233771,-0.0036885797994310344,-0.011539659277233771,-0.011539659277233771,-0.011539659277233771,0.0,-0.011539659277233771,-0.011539659277233771,-0.011539659277233771,0.0,0.0,-0.011539659277233771
2024-11-29,0.021501492128777944,0.007146003088434223,0.021501492128777944,0.021501492128777944,0.021501492128777944,0.0,0.021501492128777944,0.021501492128777944,0.021501492128777944,0.0,-0.022001492128777944,0.021501492128777944
2024-12-02,0.0027486627835702215,0.0009122082608025345,0.0027486627835702215,0.0027486627835702215,0.0027486627835702215,0.0022486627835702215,0.0027486627835702215,0.0027486627835702215,0.0027486627835702215,0.0,-0.0027486627835702215,0.0027486627835702215
2024-12-03,0.011757803534352407,0.00432961012744769,0.011757803534352405,0.011757803534352407,0.011757803534352407,0.011757803534352407,0.011757803534352407,0.011757803534352407,0.011757803534352407,0.0,-0.011757803534352407,0.011757803534352407
2024-12-04,0.03479255999680975,0.012929696857472002,0.03479255999680974,0.03479255999680975,0.03479255999680974,0.03479255999680975,0.03479255999680975,0.03479255999680975,0.03479255999680975,0.0,-0.0005,0.03479255999680975
2024-12-05,-0.00048225476213414886,-0.00017929973512524698,-0.0004822547621341489,-0.00048225476213414886,-0.0004822547621341489,-0.00048225476213414886,-0.00048225476213414886,-0.00048225476213414886,-0.00048225476213414886,-0.0009822547621341489,-0.0009822547621341489,-0.00048225476213414886
2024-12-06,-0.018061464475808475,-0.006823675202976451,-0.018061464475808475,-0.018061464475808475,-0.018061464475808475,-0.018061464475808475,-0.018061464475808475,-0.018061464475808475,-0.018061464475808475,-0.018061464475808475,-0.018061464475808475,-0.018061464475808475
2024-12-09,-0.025484423551181634,-0.009666108788569449,-0.025484423551181634,-0.025484423551181634,-0.025484423551181634,-0.0005,-0.025484423551181634,-0.025484423551181634,-0.025484423551181634,-0.025484423551181634,-0.025484423551181634,-0.025484423551181634
2024-12-10,-0.026943290274240583,-0.010116981454540383,-0.02694329027424058,-0.026943290274240583,-0.026943290274240583,0.0,-0.026943290274240583,-0.026943290274240583,-0.026943290274240583,-0.026943290274240583,-0.026943290274240583,-0.026943290274240583
2024-12-11,0.031391214161916814,0.012633335544797368,0.031391214161916814,0.031391214161916814,0.031391214161916814,0.0,0.031391214161916814,0.031391214161916814,0.031391214161916814,-0.0005,0.031391214161916814,0.031391214161916814
2024-12-12,-0.014141189876578086,-0.005653253998485339,-0.014141189876578086,-0.014141189876578086,-0.014141189876578086,-0.014641189876578087,-0.014141189876578086,-0.014141189876578086,-0.014141189876578086,0.0,-0.014141189876578086,-0.014141189876578086
2024-12-13,-0.022498990797227947,-0.008957466852916386,-0.022498990797227947,-0.022498990797227947,-0.022498990797227947,-0.0005,-0.022498990797227947,-0.022498990797227947,-0.022498990797227947,0.0,-0.022498990797227947,-0.022498990797227947
2024-12-16,-0.016759879554977708,-0.006658871823445901,-0.016759879554977708,-0.016759879554977708,-0.016759879554977708,0.0,-0.016759879554977708,-0.016759879554977708,-0.016759879554977708,0.0,-0.016759879554977708,-0.016759879554977708
2024-12-17,-0.01219690084916969,-0.004831865980905939,-0.01219690084916969,-0.01219690084916969,-0.01219690084916969,0.0,-0.01219690084916969,-0.01219690084916969,-0.01219690084916969,0.0,-0.01219690084916969,-0.01219690084916969
2024-12-18,-0.011350490096976307,-0.00451302172974028,-0.011350490096976307,-0.011350490096976307,0.010350490096976306,0.0,-0.011350490096976307,-0.011350490096976307,-0.011350490096976307,0.0,-0.011350490096976307,-0.011350490096976307
2024-12-19,0.013730304267117965,0.00555344635210312,0.013730304267117965,0.013730304267117965,-0.013730304267117965,0.0,0.013730304267117965,0.013730304267117965,0.013730304267117965,0.0,0.013730304267117965,0.013730304267117965
2024-12-20,0.030762309782726316,0.01248260505971629,0.030762309782726316,0.030762309782726316,0.029762309782726315,0.0,0.030762309782726316,0.030762309782726316,0.030762309782726316,0.0,0.030762309782726316,0.030762309782726316
2024-12-23,0.03689667542265984,0.014793903837222306,0.03689667542265984,0.03689667542265984,0.03689667542265984,0.03639667542265984,0.03689667542265984,0.03689667542265984,0.03689667542265984,0.0,-0.03789667542265984,0.03689667542265984
2024-12-24,0.00393795855274548,0.0015831540770909836,0.003937958552745479,0.00393795855274548,0.00393795855274548,0.00393795855274548,0.00393795855274548,0.00393795855274548,0.00393795855274548,0.0034379585527454797,0.0029379585527454797,0.00393795855274548
2024-12-26,-0.002068277121234585,-0.0008374986898321939,-0.0020682771212345847,-0.002068277121234585,-0.0020682771212345847,-0.002068277121234585,-0.002068277121234585,-0.002068277121234585,-0.002068277121234585,-0.002068277121234585,-0.0005,-0.002068277121234585
2024-12-27,-0.02086739053869946,-0.0084368105499875,-0.02086739053869946,-0.02086739053869946,-0.02086739053869946,-0.0005,-0.02086739053869946,-0.02086739053869946,-0.02086739053869946,-0.02086739053869946,0.0,-0.02086739053869946
2024-12-30,0.0035032412984734584,0.0014167213807702065,0.003503241298473458,0.0035032412984734584,0.0035032412984734584,0.0,0.0035032412984734584,0.0035032412984734584,0.0035032412984734584,0.0035032412984734584,0.0030032412984734584,0.0035032412984734584
2024-12-31,-0.02327437289279466,-0.00941288163411043,-0.02327437289279466,-0.02327437289279466,-0.02327437289279466,-0.02377437289279466,-0.02327437289279466,-0.02327437289279466,-0.02327437289279466,-0.02327437289279466,-0.02327437289279466,-0.02327437289279466
2025-01-02,0.029935350576214326,0.012260504279362617,0.029935350576214326,0.029935350576214326,0.029935350576214326,-0.0005,0.029935350576214326,0.029935350576214326,0.029935350576214326,0.029935350576214326,0.029935350576214326,0.029935350576214326
2025-01-03,0.044537551347858084,0.018086592658261937,0.04453755134785808,0.044537551347858084,0.04453755134785808,0.044037551347858084,0.044537551347858084,0.044537551347858084,0.044537551347858084,0.044537551347858084,0.044537551347858084,0.044537551347858084
2025-01-06,0.03433251539634674,0.013779937048450822,0.03433251539634674,0.03433251539634674,0.03433251539634674,0.03433251539634674,0.03433251539634674,0.03433251539634674,0.03433251539634674,0.03433251539634674,-0.0005,0.03433251539634674
2025-01-07,-0.06216962397175585,-0.024677127931915215,-0.06216962397175584,-0.06216962397175585,-0.06216962397175585,-0.06216962397175585,-0.06216962397175585,-0.06216962397175585,-0.06216962397175585,-0.06216962397175585,-0.06266962397175585,-0.06216962397175585
2025-01-08,-0.00021405549675002078,-9.060683507163788e-05,-0.00021405549675002083,-0.00021405549675002078,-0.00021405549675002078,-0.0005,-0.00021405549675002078,-0.0002140554967500208,-0.00021405549675002078,-0.00021405549675002078,-0.0005,-0.00021405549675002078
2025-01-10,-0.029976367052783504,-0.011536447946173431,-0.029976367052783504,-0.029976367052783504,-0.029976367052783504,0.0,-0.029976367052783504,-0.0299763670527835,-0.029976367052783504,-0.029976367052783504,0.0,-0.029976367052783504
2025-01-13,-0.0197190915473352,-0.007494566356104064,-0.0197190915473352,-0.0197190915473352,-0.0197190915473352,0.0,-0.0197190915473352,-0.019719091547335196,-0.0197190915473352,-0.0005,-0.0202190915473352,-0.0197190915473352
2025-01-14,-0.011033751838079309,-0.004184266518630999,-0.011033751838079309,-0.011033751838079309,-0.011033751838079309,0.0,-0.011033751838079309,-0.011033751838079307,-0.011033751838079309,0.0,-0.011033751838079309,-0.011033751838079309
2025-01-15,0.034001519807602465,0.012872280095510202,0.03400151980760246,0.034001519807602465,0.03400151980760246,0.0,0.034001519807602465,0.03400151980760246,0.034001519807602465,0.0,-0.0005,0.034001519807602465
2025-01-16,-0.019597860309961135,-0.007367009901617709,-0.019597860309961135,-0.019597860309961135,-0.019597860309961135,-0.020097860309961135,-0.019597860309961135,0.018597860309961134,-0.019597860309961135,0.0,-0.020097860309961135,-0.019597860309961135
2025-01-17,0.030995050791199574,0.011926346996798393,0.030995050791199574,0.030995050791199574,0.030995050791199574,-0.0005,0.030995050791199574,-0.030995050791199574,0.030995050791199574,0.0,0.030995050791199574,0.030995050791199574
2025-01-21,0.02265626248404251,0.008723230659148333,0.02265626248404251,0.02265626248404251,0.02265626248404251,0.02215626248404251,0.02265626248404251,-0.02265626248404251,0.02265626248404251,0.0,0.02265626248404251,0.02265626248404251
2025-01-22,0.04430887343960088,0.01696475338191402,0.04430887343960088,0.04430887343960088,0.044308873439600875,0.04430887343960088,0.04430887343960088,-0.04430887343960088,0.04430887343960088,0.0,0.04430887343960088,0.04430887343960088
2025-01-23,0.001019845476005976,0.00037691246399750814,0.001019845476005976,0.001019845476005976,0.001019845476005976,0.001019845476005976,0.001019845476005976,-0.001019845476005976,0.001019845476005976,0.0005198454760059761,-0.002019845476005976,0.001019845476005976
2025-01-24,-0.031245750648081327,-0.011936887643275045,-0.031245750648081327,-0.031245750648081327,-0.031245750648081324,-0.031245750648081327,-0.031245750648081327,0.031245750648081327,-0.031245750648081327,-0.031245750648081327,-0.03224575064808133,-0.031245750648081327
2025-01-27,-0.16968176559118442,-0.06396550531023673,-0.16968176559118442,-0.16968176559118442,-0.16968176559118442,-0.0005,-0.16968176559118442,0.16968176559118442,-0.16968176559118442,-0.16968176559118442,-0.16968176559118442,-0.16968176559118442
2025-01-28,-0.0005,0.025669772156763245,-0.0005,-0.09025864466766176,0.08925864466766176,0.0,0.08925864466766176,0.08825864466766176,-0.09025864466766176,-0.0005,0.08925864466766176,0.08925864466766176
2025-01-29,-0.04151093937813605,-0.01116025150794134,-0.04151093937813605,-0.04201093937813605,-0.041010939378136047,-0.04151093937813605,-0.041010939378136047,-0.041010939378136047,0.041010939378136047,0.0,-0.041010939378136047,-0.041010939378136047
2025-01-30,0.007679888855856465,0.0020663371530483857,0.007679888855856465,0.007679888855856465,0.007679888855856465,-0.0005,0.007679888855856465,0.007679888855856465,-0.007679888855856465,0.0,0.007679888855856465,0.007679888855856465
2025-01-31,-0.03674290905346167,-0.009889350725287429,-0.03674290905346166,-0.03674290905346167,-0.03674290905346167,-0.03724290905346167,-0.03674290905346167,-0.03674290905346167,0.03674290905346167,0.0,-0.03674290905346167,-0.03674290905346167
2025-02-03,-0.0005,-0.007586079533522591,-0.0004999999999999999,0.027399974672822847,-0.028399974672822847,-0.0005,0.027399974672822847,-0.028399974672822847,0.028399974672822847,0.027899974672822847,-0.028399974672822847,-0.028399974672822847
2025-02-04,0.0,0.004538921035098117,0.0,-0.017057965066677117,0.017057965066677117,0.0,-0.017057965066677117,0.017057965066677117,-0.017057965066677117,-0.017057965066677117,0.017057965066677117,0.017057965066677117
2025-02-05,0.0,0.014015015101645937,0.0,-0.05208597095662815,0.05208597095662815,0.05158597095662815,-0.05208597095662815,0.05208597095662815,-0.05208597095662815,-0.05208597095662815,0.05208597095662815,0.05208597095662815
2025-02-06,0.03034184508386545,0.008171595524456747,0.03034184508386545,0.029841845083865448,0.030841845083865446,0.03084184508386545,-0.03084184508386545,0.03084184508386545,-0.03084184508386545,-0.03084184508386545,0.03084184508386545,0.03084184508386545
2025-02-07,0.009014683641714205,0.002373981476870413,0.009014683641714205,0.009014683641714205,0.009014683641714205,0.009014683641714205,-0.009014683641714205,0.009014683641714205,-0.009014683641714205,-0.009014683641714205,0.009014683641714205,0.009014683641714205
2025-02-10,0.028727697886095305,0.007602505636632254,0.028727697886095305,0.028727697886095305,0.028727697886095305,0.028727697886095305,-0.028727697886095305,0.028727697886095305,-0.028727697886095305,-0.0005,0.028727697886095305,0.028727697886095305
2025-02-11,-0.005764714483200151,-0.0015346831340993824,-0.005764714483200151,-0.005764714483200151,-0.005764714483200151,-0.005764714483200151,0.005764714483200151,-0.005764714483200151,0.005764714483200151,0.0,-0.005764714483200151,-0.005764714483200151
2025-02-12,-0.012500054659258741,-0.0033378746991471944,-0.012500054659258741,-0.012500054659258741,-0.012500054659258741,-0.0005,0.012500054659258741,-0.012500054659258741,0.012500054659258741,0.0,-0.012500054659258741,-0.012500054659258741
2025-02-13,0.031645476692271135,0.008444928269870805,0.031645476692271135,0.031645476692271135,0.031645476692271135,0.0,-0.031645476692271135,0.031645476692271135,-0.031645476692271135,0.0,0.031645476692271135,0.031645476692271135
2025-02-14,0.02631393464602727,0.006984509474173598,0.02631393464602727,0.02631393464602727,0.02631393464602727,0.02581393464602727,-0.02631393464602727,0.02631393464602727,-0.02631393464602727,0.0,0.02631393464602727,0.02631393464602727
2025-02-18,0.0039611041169134165,0.0010495315737678278,0.0039611041169134165,0.0039611041169134165,0.0039611041169134165,0.0039611041169134165,-0.0039611041169134165,0.0039611041169134165,0.0029611041169134164,-0.004461104116913417,0.0039611041169134165,0.0039611041169134165
2025-02-19,-0.00121945684839464,-0.0003236405796641176,-0.00121945684839464,-0.00121945684839464,-0.00121945684839464,-0.00121945684839464,0.00121945684839464,-0.00121945684839464,-0.00121945684839464,-0.0005,-0.00121945684839464,-0.00121945684839464
2025-02-20,0.0063205125250109795,0.0016768535203744877,0.0063205125250109795,0.0063205125250109795,0.0063205125250109795,-0.0005,-0.0063205125250109795,-0.0073205125250109795,0.0063205125250109795,0.0,0.0063205125250109795,0.0063205125250109795
2025-02-21,-0.04053964441074476,-0.010827404348034236,-0.04053964441074476,-0.04053964441074476,-0.04053964441074476,-0.04103964441074476,0.04053964441074476,0.04053964441074476,-0.04053964441074476,0.0,-0.04053964441074476,-0.04053964441074476
2025-02-24,-0.030870994283646036,-0.008167712236277096,-0.030870994283646036,-0.030870994283646036,-0.030870994283646036,-0.0005,0.030870994283646036,0.030870994283646036,-0.030870994283646036,0.0,-0.030870994283646036,-0.030870994283646036
2025-02-25,-0.028016615958761815,-0.007486133850654183,-0.028016615958761815,-0.028016615958761815,-0.028016615958761815,0.0,0.028016615958761815,0.028016615958761815,-0.028016615958761815,0.0,-0.028016615958761815,-0.028016615958761815
2025-02-26,0.03672116207088982,0.009767732701149105,0.03672116207088982,0.03672116207088982,0.03672116207088982,0.0,-0.03672116207088982,-0.03672116207088982,0.03672116207088982,0.03622116207088982,0.03672116207088982,0.03672116207088982
2025-02-27,-0.08478062880758996,-0.022354159123531028,-0.08478062880758996,-0.08478062880758996,-0.08478062880758996,-0.08528062880758996,0.08478062880758996,0.08478062880758995,-0.08478062880758996,-0.08478062880758996,0.08378062880758996,-0.08478062880758996
2025-02-28,-0.0005,0.010089621119492001,0.0397002419614958,-0.0005,0.0397002419614958,-0.0005,-0.0397002419614958,0.03870024196149579,0.0397002419614958,0.0397002419614958,0.038700241961495796,0.0397002419614958
2025-03-03,0.0,-0.022099298941877055,-0.08693557655637818,0.0,-0.08693557655637817,0.0,0.08693557655637818,-0.08693557655637817,-0.08693557655637818,-0.08693557655637818,-0.08693557655637818,-0.08693557655637818
2025-03-04,0.0,0.004124956067153957,0.01692093873052891,0.0,0.01692093873052891,0.0,-0.01692093873052891,0.01692093873052891,0.01692093873052891,0.01692093873052891,0.01692093873052891,0.01692093873052891
2025-03-05,0.0,0.0027526016288029025,0.01129412598600199,0.0,0.01129412598600199,0.0,-0.01129412598600199,0.01129412598600199,0.01129412598600199,-0.0005,0.01129412598600199,0.01129412598600199
2025-03-06,0.0,-0.014012241386554974,-0.057374247141283245,0.0,-0.05737424714128325,-0.05787424714128325,0.05737424714128325,-0.05737424714128325,-0.05737424714128325,0.0,-0.05737424714128325,-0.05737424714128325
2025-03-07,0.0,0.004606553616982626,0.019173286967559156,0.0,0.019173286967559156,-0.0005,-0.019173286967559156,0.019173286967559156,0.019173286967559156,0.0,0.019173286967559156,0.019173286967559156
2025-03-10,0.0,-0.012162087728872966,-0.05067004889183124,0.0,-0.050670048891831236,-0.051170048891831243,0.05067004889183124,-0.05067004889183124,-0.05067004889183124,0.05017004889183124,-0.05067004889183124,-0.05067004889183124
2025-03-11,0.0,0.003976981980577576,0.01663875233284084,0.0,0.016638752332840845,-0.0005,-0.016638752332840845,0.016638752332840845,0.016638752332840845,-0.016638752332840845,0.016638752332840845,0.016638752332840845
2025-03-12,0.0,0.01533238603099808,0.06427585468506258,0.0,0.06427585468506258,0.06377585468506258,-0.06427585468506258,0.06427585468506258,0.06427585468506258,-0.06427585468506258,0.06427585468506258,0.06427585468506258
2025-03-13,0.0,-0.0003252432180416854,-0.0013823975547497813,0.0,-0.0013823975547497813,-0.0013823975547497813,0.0013823975547497813,-0.0013823975547497813,-0.0013823975547497813,0.0013823975547497813,-0.0013823975547497813,-0.0013823975547497813
2025-03-14,0.0,0.012331605928708616,0.05269075080871022,0.0,0.05269075080871022,0.05269075080871022,-0.05269075080871022,0.05269075080871022,0.05269075080871022,-0.05269075080871022,0.05269075080871022,0.05269075080871022
2025-03-17,0.0,-0.004072126821252779,-0.0175885256660947,0.0,-0.0175885256660947,-0.0175885256660947,0.0175885256660947,-0.0175885256660947,-0.0175885256660947,0.0175885256660947,-0.0175885256660947,-0.0175885256660947
2025-03-18,0.0,-0.007969979193819744,-0.03430100304178096,0.0,-0.034301003041780964,-0.0005,0.034301003041780964,-0.034301003041780964,-0.034301003041780964,0.034301003041780964,-0.034301003041780964,-0.034301003041780964
2025-03-19,0.0,0.004187821301525166,-0.0004999999999999999,0.0,-0.01910613756470869,0.0,-0.01810613756470869,0.01810613756470869,0.01810613756470869,-0.0005,0.01810613756470869,0.01810613756470869
2025-03-20,0.0,0.00198848533773239,0.008094252615910624,0.0,0.007594252615910625,0.008094252615910624,-0.008594252615910625,0.008594252615910625,0.008594252615910625,0.0,0.008594252615910625,0.008594252615910625
2025-03-21,0.0,-0.0016214880975351585,-0.007002414107675769,0.0,-0.0070024141076757696,-0.0070024141076757696,0.0070024141076757696,-0.0070024141076757696,-0.0070024141076757696,0.0,-0.0070024141076757696,-0.0070024141076757696
2025-03-24,0.0,0.007301812633164022,0.031520908262874014,0.0,0.031520908262874014,-0.0005,-0.031520908262874014,0.031520908262874014,0.031520908262874014,0.0,0.031520908262874014,0.031520908262874014
2025-03-25,0.0,-0.0013683076391864644,-0.005930332935586535,0.0,-0.005930332935586535,-0.006430332935586536,0.005930332935586535,-0.005930332935586535,-0.005930332935586535,0.0,0.004930332935586535,-0.005930332935586535
2025-03-26,0.0,-0.013254111589503757,-0.057419847461616325,0.0,-0.057419847461616325,-0.0005,0.057419847461616325,-0.057419847461616325,-0.057419847461616325,0.0,-0.058419847461616325,-0.057419847461616325
2025-03-27,0.0,-0.004680591838225913,-0.0005,0.0,0.01948169079087525,0.0,0.02048169079087525,-0.02048169079087525,-0.02048169079087525,0.0,-0.02048169079087525,-0.02048169079087525
2025-03-28,0.0,-0.003629841659067534,0.0,0.0,0.015794676608994695,0.0,0.015794676608994695,-0.015794676608994695,-0.015794676608994695,0.015294676608994695,-0.015794676608994695,-0.015794676608994695
2025-03-31,0.0,-0.002701242169803569,0.0,0.0,0.011762611854777782,0.0,0.011762611854777782,-0.011762611854777782,-0.011762611854777782,0.011762611854777782,-0.011762611854777782,-0.011762611854777782
2025-04-01,0.0,0.0037490229586242675,0.0,0.0,-0.016331513496370187,0.0,-0.016331513496370187,0.016331513496370187,0.016331513496370187,-0.016331513496370187,0.016331513496370187,0.016331513496370187
2025-04-02,0.0,0.0005625354214807332,0.0,0.0,-0.0024511393438626516,0.0019511393438626516,-0.0024511393438626516,0.0024511393438626516,0.0024511393438626516,-0.0024511393438626516,0.0024511393438626516,0.0024511393438626516
2025-04-03,0.0,-0.0179177975455434,0.0,0.0,0.07806546534229275,-0.07806546534229275,0.07806546534229275,-0.07806546534229275,-0.07806546534229275,0.07806546534229275,-0.07806546534229275,-0.07806546534229275
2025-04-04,0.0,-0.016485674278484363,0.0,0.0,0.07357575069845246,-0.0005,0.07357575069845246,-0.07357575069845246,-0.07357575069845246,0.07357575069845246,-0.07357575069845246,-0.07357575069845246
2025-04-07,0.0,0.00778141754036987,0.0,0.0,-0.03530901116249784,0.0,-0.03530901116249785,0.03530901116249785,0.03530901116249785,-0.03530901116249785,0.03530901116249785,0.03530901116249785
2025-04-08,0.0,-0.003036668095106114,0.0,0.0,0.013723752947877199,-0.0142237529478772,0.013723752947877199,-0.013723752947877199,-0.013723752947877199,0.013723752947877199,-0.013723752947877199,-0.013723752947877199
2025-04-09,0.0,0.041705384328505554,0.0,0.0,-0.18722741037576052,0.18722741037576052,-0.18722741037576052,0.18722741037576052,0.18722741037576052,-0.18722741037576052,0.18722741037576052,0.18722741037576052
2025-04-10,0.0,-0.011575634583110133,0.0,0.0,0.059127169778110056,-0.059127169778110056,0.059127169778110056,-0.059127169778110056,-0.059127169778110056,0.059127169778110056,-0.059127169778110056,-0.059127169778110056
2025-04-11,0.0,0.006040546200335356,0.0,0.0,-0.031235504378898323,-0.0005,-0.031235504378898327,0.031235504378898327,0.031235504378898327,-0.0005,-0.03223550437889833,0.031235504378898327
2025-04-14,0.0,-0.00038323293998969714,0.0,0.0,0.0019832681208934444,-0.0024832681208934444,0.0019832681208934444,-0.0019832681208934444,-0.0019832681208934444,0.0,0.0019832681208934444,-0.0019832681208934444
2025-04-15,0.0,0.0026024753588700916,0.0,0.0,-0.013458588155291329,0.013458588155291329,-0.013458588155291329,0.013458588155291329,0.013458588155291329,0.0,0.012458588155291328,0.013458588155291329
2025-04-16,0.0,-0.013282138247244042,0.0,0.0,0.06871652057100186,-0.06871652057100186,0.06871652057100186,-0.06871652057100186,-0.06871652057100186,0.0,-0.06871652057100186,-0.06871652057100186
2025-04-17,0.0,-0.004846094581990776,0.0,0.0,0.02871097507287479,-0.0005,0.02871097507287479,0.02771097507287479,-0.02871097507287479,0.0,-0.0005,-0.02871097507287479
2025-04-21,0.0,-0.007592485053781675,0.0,0.0,0.04512747781521664,0.0,0.04512747781521664,0.04512747781521664,-0.04512747781521664,0.0,-0.045627477815216644,-0.04512747781521664
2025-04-22,0.0,0.0034035717539961687,0.0,0.0,-0.020431219042711612,0.0,-0.020431219042711612,-0.020431219042711612,0.020431219042711612,-0.020931219042711613,0.020431219042711612,0.020431219042711612
2025-04-23,0.0,0.006397582135793529,0.0,0.0,-0.038628832694534765,0.038128832694534764,-0.038628832694534765,-0.038628832694534765,0.038628832694534765,-0.038628832694534765,0.038628832694534765,0.038628832694534765
2025-04-24,0.0,0.00597133840805651,0.0,0.0,-0.036218369160263775,0.036218369160263775,-0.036218369160263775,-0.036218369160263775,0.036218369160263775,-0.036218369160263775,0.036218369160263775,0.036218369160263775
2025-04-25,0.0,0.007002377197816094,0.0,0.0,-0.043033224509526624,0.043033224509526624,-0.043033224509526624,-0.043033224509526624,0.043033224509526624,-0.043033224509526624,0.043033224509526624,0.043033224509526624
2025-04-28,0.0,-0.003369156830077212,0.0,0.0,0.020538829404824877,-0.020538829404824877,0.020538829404824877,0.020538829404824877,-0.020538829404824877,-0.0005,-0.0005,-0.020538829404824877
2025-04-29,0.0,0.00043741701702551035,0.0,0.0,-0.0026671090651353424,-0.0005,-0.0026671090651353424,-0.0026671090651353424,0.0026671090651353424,0.0,0.0,0.0026671090651353424
2025-04-30,0.0,-0.0001509133957318339,0.0,0.0,0.0009172729668814883,-0.0014172729668814883,0.0009172729668814883,0.0009172729668814883,-0.0009172729668814883,0.0,0.0,-0.0009172729668814883
2025-05-01,0.0,0.004063848214786837,0.0,0.0,-0.024697079525506593,0.024697079525506593,-0.024697079525506593,-0.024697079525506593,0.024697079525506593,0.0,-0.025197079525506594,0.024697079525506593
2025-05-02,0.0,0.00425067951340693,0.0,0.0,-0.02589380833985855,0.02589380833985855,-0.02589380833985855,-0.02589380833985855,0.02589380833985855,0.0,-0.0005,0.02589380833985855
2025-05-05,0.0,-0.0009713618446822135,0.0,0.0,0.005938915876446016,-0.005938915876446016,0.005938915876446016,0.005938915876446016,-0.005938915876446016,0.0,0.0054389158764460155,-0.005938915876446016
2025-05-06,0.0,-0.00042878844980937414,0.0,0.0,0.002459903809551744,-0.0005,0.0024599038095517445,0.0024599038095517445,-0.0024599038095517445,0.0,0.0024599038095517445,-0.0024599038095517445
2025-05-07,0.0,0.005662933090678919,0.0,0.0,-0.031002234694763375,0.0,-0.031002234694763375,-0.031002234694763375,0.031002234694763375,0.0,-0.0005,0.031002234694763375
2025-05-08,0.0,0.00048491280282792615,0.0,0.0,-0.0026482498779354375,0.002148249877935438,-0.002648249877935438,0.001648249877935438,-0.0005,0.0,-0.003148249877935438,0.002648249877935438
2025-05-09,0.0,-0.0011296195172340237,0.0,0.0,0.006134526046820965,-0.006134526046820965,0.006134526046820965,-0.006134526046820965,0.0,0.0,0.006134526046820965,-0.006134526046820965
2025-05-12,0.0,0.01619792405442488,0.0,0.0,-0.054436319470752004,-0.0005,-0.054436319470752004,-0.055436319470752005,0.0,0.0,-0.0005,0.054436319470752004
2025-05-13,0.0,0.017473891658723466,0.0,0.0,-0.056341476837431514,0.055841476837431514,-0.056341476837431514,0.055341476837431514,0.0,0.0,0.0,0.056341476837431514
2025-05-14,0.041137736299942496,0.012318854304857888,0.0,0.041137736299942496,-0.041637736299942496,0.041637736299942496,-0.041637736299942496,0.041637736299942496,0.0,0.0,0.0,0.041637736299942496
2025-05-15,-0.003768334317651667,-0.0010940211046975548,0.0,-0.003768334317651667,0.003768334317651667,-0.003768334317651667,0.003768334317651667,-0.003768334317651667,0.0,0.0,-0.0042683343176516675,-0.003768334317651667
2025-05-16,0.004227632104436996,0.0012183215865306824,0.0,0.004227632104436996,-0.004227632104436996,0.004227632104436996,-0.004227632104436996,0.004227632104436996,0.0,0.0,0.004227632104436996,0.004227632104436996
2025-05-19,0.0012555923854631335,0.00040341495921738125,0.0007555923854631333,0.0012555923854631335,0.0002555923854631332,0.0012555923854631335,0.00025559238546313343,0.0012555923854631332,0.0007555923854631334,0.0007555923854631334,-0.0022555923854631335,0.0012555923854631335
2025-05-20,-0.008777674109096134,-0.003198119846252149,-0.008777674109096134,-0.008777674109096134,-0.008777674109096134,-0.008777674109096134,-0.008777674109096134,-0.008777674109096132,-0.008777674109096134,-0.008777674109096134,0.008777674109096134,-0.008777674109096134
2025-05-21,-0.01919948185232334,-0.007949339942672272,-0.01919948185232334,-0.01919948185232334,-0.01919948185232334,-0.01919948185232334,-0.01919948185232334,0.018199481852323337,-0.01919948185232334,-0.01919948185232334,0.01919948185232334,-0.01919948185232334
2025-05-22,0.00781503244544468,0.0030530864326815802,0.00781503244544468,0.00781503244544468,0.00781503244544468,-0.0005,0.00781503244544468,-0.007815032445444679,0.00781503244544468,0.00781503244544468,0.006815032445444681,0.00781503244544468
2025-05-23,-0.011593857791904139,-0.004674457505044497,-0.011593857791904139,-0.011593857791904139,-0.011593857791904139,0.0,-0.011593857791904139,0.011593857791904137,-0.011593857791904139,-0.011593857791904139,-0.011593857791904139,-0.011593857791904139
2025-05-27,0.0320663673247068,0.012962258913526169,0.0320663673247068,0.0320663673247068,0.0320663673247068,0.0,0.0320663673247068,-0.032066367324706795,0.0320663673247068,0.0320663673247068,-0.0330663673247068,0.0320663673247068
2025-05-28,-0.005092188504347228,-0.0021236761396511614,-0.005092188504347227,-0.005092188504347228,-0.005092188504347228,-0.005592188504347229,-0.005092188504347228,-0.006092188504347228,-0.005092188504347228,-0.005092188504347228,-0.006092188504347228,-0.005092188504347228
2025-05-29,0.03249028851542146,0.013994900225974789,0.03249028851542146,0.03249028851542146,0.03249028851542146,0.03249028851542146,0.03249028851542146,-0.033490288515421456,0.03249028851542146,0.03249028851542146,0.03249028851542146,0.03249028851542146
2025-05-30,-0.029168891068372615,-0.012334444686587748,-0.029168891068372615,-0.029168891068372615,-0.029168891068372612,-0.029168891068372615,-0.029168891068372615,-0.030168891068372613,-0.029168891068372615,-0.029168891068372615,0.028168891068372615,-0.029168891068372615
2025-06-02,0.01665067372753226,0.0065529846369412476,0.016650673727532258,0.01665067372753226,0.01665067372753226,-0.0005,0.01665067372753226,-0.017650673727532262,0.01665067372753226,0.01665067372753226,-0.01665067372753226,0.01665067372753226
2025-06-03,0.02795166046472719,0.011103168962320642,0.02795166046472719,0.02795166046472719,0.02795166046472719,0.02745166046472719,0.02795166046472719,0.026951660464727186,0.02795166046472719,0.02795166046472719,-0.02795166046472719,0.02795166046472719
2025-06-04,0.004956696799257143,0.0019626489279921705,0.004956696799257143,0.004956696799257143,0.004956696799257143,0.004956696799257143,0.004956696799257143,0.004956696799257142,0.004956696799257143,0.004956696799257143,0.003956696799257143,0.004956696799257143
2025-06-05,-0.013599053903959657,-0.005446359863561426,-0.013599053903959657,-0.013599053903959657,-0.013599053903959657,-0.013599053903959657,-0.013599053903959657,-0.013599053903959657,-0.013599053903959657,-0.013599053903959657,0.012599053903959656,-0.013599053903959657
2025-06-06,0.01235795792544181,0.004854301541394866,0.01235795792544181,0.01235795792544181,0.01235795792544181,0.01235795792544181,0.01235795792544181,-0.013357957925441807,0.01235795792544181,0.01235795792544181,-0.01235795792544181,0.01235795792544181
2025-06-09,0.006421187644235493,0.0025699179475043676,0.006421187644235493,0.006421187644235493,0.006421187644235493,0.006421187644235493,0.006421187644235493,0.005421187644235492,0.006421187644235493,0.006421187644235493,-0.006421187644235493,0.006421187644235493
2025-06-10,0.009324836659214242,0.003743610253343332,0.009324836659214242,0.009324836659214242,0.009324836659214242,0.009324836659214242,0.009324836659214242,0.00932483665921424,0.009324836659214242,0.009324836659214242,-0.009324836659214242,0.009324836659214242
2025-06-11,-0.007780617660295364,-0.0031634096980137096,-0.007780617660295364,-0.007780617660295364,-0.007780617660295364,-0.007780617660295364,-0.007780617660295364,-0.007780617660295363,-0.007780617660295364,-0.007780617660295364,0.007780617660295364,-0.007780617660295364
2025-06-12,0.015192891441814238,0.006742039488698118,0.015192891441814238,0.015192891441814238,0.015192891441814238,0.015192891441814238,0.015192891441814238,-0.016192891441814235,0.015192891441814238,0.015192891441814238,-0.015192891441814238,0.015192891441814238
2025-06-13,-0.020896557247146452,-0.010909210090953839,-0.020896557247146452,-0.020896557247146452,-0.020896557247146452,-0.020896557247146452,-0.020896557247146452,-0.02189655724714645,-0.020896557247146452,-0.020896557247146452,0.020896557247146452,-0.020896557247146452
2025-06-16,0.019158890071536483,0.010622917434674434,0.01915889007153648,0.019158890071536483,0.019158890071536483,-0.0005,0.019158890071536483,-0.02015889007153648,0.019158890071536483,0.019158890071536483,-0.019158890071536483,0.019158890071536483
2025-06-17,-0.003939474898598583,-0.0021531106778369612,-0.003939474898598583,-0.003939474898598583,-0.003939474898598583,-0.004439474898598583,-0.003939474898598583,-0.004939474898598582,-0.003939474898598583,-0.003939474898598583,0.003939474898598583,-0.003939474898598583
2025-06-18,0.009436644684475581,0.005122225145234151,0.009436644684475581,0.009436644684475581,0.00943664468447558,0.009436644684475581,0.009436644684475581,0.009436644684475581,-0.0005,0.009436644684475581,-0.0005,0.009436644684475581
2025-06-20,-0.01120433293301104,-0.00606726736012648,-0.01120433293301104,-0.01120433293301104,-0.01120433293301104,-0.01120433293301104,-0.01120433293301104,-0.01120433293301104,0.0,-0.01120433293301104,0.0,-0.01120433293301104
2025-06-23,0.0022245795004107727,0.0011966473178637743,0.0022245795004107727,0.0022245795004107727,0.0022245795004107727,-0.0005,0.0022245795004107727,0.0022245795004107727,0.0,0.0022245795004107727,0.0017245795004107727,0.0022245795004107727
2025-06-24,0.02587222201673911,0.014564448303421821,0.02587222201673911,0.02587222201673911,0.02587222201673911,0.02537222201673911,0.02587222201673911,0.02587222201673911,0.0,0.02587222201673911,-0.0005,0.02587222201673911
2025-06-25,0.043340202219428026,0.023519155792327252,0.043340202219428026,0.043340202219428026,0.043340202219428026,0.043340202219428026,0.043340202219428026,0.043340202219428026,0.0,0.043340202219428026,0.0,0.043340202219428026
2025-06-26,0.00460106130962723,0.0022905579734276275,0.00460106130962723,0.00460106130962723,0.00460106130962723,0.00460106130962723,0.00460106130962723,0.00460106130962723,0.0,0.00460106130962723,0.0,0.00460106130962723
2025-06-27,0.017610601823775385,0.009240566967029455,0.017610601823775385,0.017610601823775385,0.017610601823775385,0.017610601823775385,0.017610601823775385,0.017610601823775385,0.0,0.017610601823775385,0.0,0.017610601823775385
2025-06-30,0.0015215188029467086,0.0008010046145815859,0.0015215188029467086,0.0015215188029467086,0.0015215188029467086,0.0015215188029467086,0.0015215188029467086,0.0015215188029467086,0.0,0.0015215188029467086,0.0010215188029467086,0.0015215188029467086
2025-07-01,-0.02968532419055958,-0.01647664962461655,-0.02968532419055958,-0.02968532419055958,-0.02968532419055958,-0.02968532419055958,-0.02968532419055958,-0.02968532419055958,0.0,-0.02968532419055958,-0.0005,-0.02968532419055958
2025-07-02,0.0257662802503702,0.01424351474922306,0.025766280250370196,0.0257662802503702,0.0257662802503702,-0.0005,0.0257662802503702,0.0257662802503702,0.0,0.0257662802503702,0.0,0.0257662802503702
2025-07-03,0.013291030514695823,0.007177254710867175,0.013291030514695823,0.013291030514695823,0.013291030514695823,0.012791030514695823,0.013291030514695823,0.013291030514695823,0.0,0.013291030514695823,0.0,0.013291030514695823
2025-07-07,-0.006903504079208256,-0.00387660211748215,-0.006903504079208256,-0.006903504079208256,-0.006903504079208256,-0.006903504079208256,-0.006903504079208256,-0.006903504079208256,0.0,-0.006903504079208256,0.0,-0.006903504079208256
2025-07-08,0.01112225481221052,0.006142130043854867,0.01112225481221052,0.01112225481221052,0.01112225481221052,0.01112225481221052,0.01112225481221052,0.01112225481221052,0.0,0.01112225481221052,0.0,0.01112225481221052
2025-07-09,0.018000132164328386,0.0102533836599328,0.018000132164328386,0.018000132164328386,0.018000132164328386,0.018000132164328386,0.018000132164328386,0.018000132164328386,0.0,0.018000132164328386,0.0,0.018000132164328386
2025-07-10,0.007490216509732361,0.0042309045723628045,0.007490216509732361,0.007490216509732361,0.007490216509732361,0.007490216509732361,0.007490216509732361,0.007490216509732361,0.0,0.007490216509732361,0.0,0.007490216509732361
2025-07-11,0.0049968557247874745,0.0028240686736147598,0.0049968557247874745,0.0049968557247874745,0.0049968557247874745,0.0049968557247874745,0.0049968557247874745,0.0049968557247874745,0.0,0.0049968557247874745,0.0,0.0049968557247874745
2025-07-14,-0.005153967255895786,-0.002913931906083334,-0.005153967255895786,-0.005153967255895786,-0.005153967255895786,-0.005153967255895786,-0.005153967255895786,-0.005153967255895786,0.0,-0.005153967255895786,-0.0056539672558957865,-0.005153967255895786
2025-07-15,0.04040941722953306,0.022986701352177924,0.04040941722953306,0.04040941722953306,0.04040941722953306,0.04040941722953306,0.04040941722953306,0.04040941722953306,0.0,0.04040941722953306,-0.0005,0.04040941722953306
2025-07-16,0.003925130015680178,0.0020262852555131567,0.003925130015680178,0.003925130015680178,0.003925130015680178,0.003925130015680178,0.003925130015680178,0.003925130015680178,0.0,0.003925130015680178,0.0034251300156801783,0.003925130015680178
2025-07-17,0.009511619418247186,0.0053035716249004395,0.009511619418247186,0.009511619418247186,0.009511619418247186,0.009511619418247186,0.009511619418247186,0.009511619418247186,0.0,0.009511619418247186,-0.0005,0.009511619418247186
2025-07-18,-0.00341042130780711,-0.001928682114345583,-0.00341042130780711,-0.00341042130780711,-0.00341042130780711,-0.00341042130780711,-0.00341042130780711,-0.00341042130780711,0.0,-0.00341042130780711,0.0,-0.00341042130780711
2025-07-21,-0.005974105180302058,-0.003378229493530602,-0.005974105180302058,-0.005974105180302058,-0.005974105180302058,-0.005974105180302058,-0.005974105180302058,-0.005974105180302058,-0.006474105180302059,-0.005974105180302058,-0.006474105180302059,-0.005974105180302058
2025-07-22,-0.025382243012400996,-0.014102138380171917,-0.025382243012400996,-0.025382243012400996,-0.025382243012400992,-0.025382243012400996,-0.025382243012400996,-0.025382243012400996,-0.025382243012400996,-0.025382243012400996,-0.025382243012400996,-0.025382243012400996
2025-07-23,0.02245104655925889,0.011729571757123755,0.02245104655925889,0.02245104655925889,0.02245104655925889,-0.0005,0.02245104655925889,0.02245104655925889,0.02245104655925889,0.02245104655925889,0.02245104655925889,0.02245104655925889
2025-07-24,0.017332282040708913,0.00893848887637342,0.017332282040708913,0.017332282040708913,0.017332282040708913,0.016832282040708912,0.017332282040708913,0.017332282040708913,0.017332282040708913,0.017332282040708913,0.017332282040708913,0.017332282040708913
2025-07-25,-0.0013813991283150306,-0.0007298810301877154,-0.0013813991283150306,-0.0013813991283150306,-0.0013813991283150306,-0.0013813991283150306,-0.0013813991283150306,-0.0013813991283150306,-0.0013813991283150306,-0.0013813991283150306,-0.0013813991283150306,-0.0013813991283150306
2025-07-28,0.01873201512024436,0.010938611410120034,0.01873201512024436,0.01873201512024436,0.01873201512024436,0.01873201512024436,0.01873201512024436,0.01873201512024436,0.01873201512024436,0.01873201512024436,0.01873201512024436,0.01873201512024436
2025-07-29,-0.007015683932365291,-0.004051382165309355,-0.007015683932365291,-0.007015683932365291,-0.007015683932365291,-0.007015683932365291,-0.007015683932365291,-0.007015683932365291,-0.007015683932365291,-0.007015683932365291,-0.007015683932365291,-0.007015683932365291
2025-07-30,0.021423404683743374,0.012328682696445907,0.021423404683743374,0.021423404683743374,0.02142340468374337,0.021423404683743374,0.021423404683743374,0.021423404683743374,0.021423404683743374,0.021423404683743374,0.021423404683743374,0.021423404683743374
2025-07-31,-0.0078095036466339085,-0.0044074935838378515,-0.0078095036466339085,-0.0078095036466339085,-0.007809503646633908,-0.0078095036466339085,-0.0078095036466339085,-0.0078095036466339085,-0.0078095036466339085,-0.0078095036466339085,-0.0078095036466339085,-0.0078095036466339085
2025-08-01,-0.023331592131278556,-0.014716467786473182,-0.023331592131278556,-0.023331592131278556,-0.023331592131278552,-0.023331592131278556,-0.023331592131278556,-0.023331592131278556,-0.023331592131278556,-0.023331592131278556,-0.023331592131278556,-0.023331592131278556
2025-08-04,0.036150068457843076,0.02162691655715841,0.036150068457843076,0.036150068457843076,0.036150068457843076,-0.0005,0.036150068457843076,0.036150068457843076,0.036150068457843076,0.036150068457843076,0.036150068457843076,0.036150068457843076
2025-08-05,-0.009666585149772255,-0.005357442457707926,-0.009666585149772255,-0.009666585149772255,-0.009666585149772255,-0.010166585149772256,-0.009666585149772255,-0.009666585149772255,-0.009666585149772255,-0.009666585149772255,-0.009666585149772255,-0.009666585149772255
2025-08-06,0.006507207693143169,0.003565088611028505,0.006507207693143169,0.006507207693143169,0.006507207693143169,0.006507207693143169,0.006507207693143169,0.006507207693143169,0.006507207693143169,0.006507207693143169,0.006507207693143169,0.006507207693143169
2025-08-07,0.007524337408331361,0.004133739088682057,0.007524337408331361,0.007524337408331361,0.007524337408331361,0.007524337408331361,0.007524337408331361,0.007524337408331361,0.007524337408331361,0.007524337408331361,0.007524337408331361,0.007524337408331361
2025-08-08,0.010676529865774276,0.005941218697286073,0.010676529865774276,0.010676529865774276,0.010676529865774276,0.010676529865774276,0.010676529865774276,0.010676529865774276,0.010676529865774276,0.010676529865774276,0.010676529865774276,0.010676529865774276
2025-08-11,-0.003502989462430328,-0.0019469374843761565,-0.003502989462430328,-0.003502989462430328,-0.003502989462430328,-0.003502989462430328,-0.003502989462430328,-0.003502989462430328,-0.003502989462430328,-0.003502989462430328,-0.003502989462430328,-0.003502989462430328
2025-08-12,0.006041988268502108,0.0033342418967861175,0.006041988268502108,0.006041988268502108,0.006041988268502108,0.006041988268502108,0.006041988268502108,0.006041988268502108,0.006041988268502108,0.006041988268502108,0.006041988268502108,0.006041988268502108
2025-08-13,-0.008571768446215433,-0.004778181898354297,-0.008571768446215433,-0.008571768446215433,-0.008571768446215433,-0.008571768446215433,-0.008571768446215433,-0.008571768446215433,-0.008571768446215433,-0.008571768446215433,-0.008571768446215433,-0.008571768446215433
2025-08-14,0.0023679720733609244,0.001441503245039918,0.0023679720733609244,0.0023679720733609244,0.0023679720733609244,0.0023679720733609244,0.0023679720733609244,0.0023679720733609244,0.0023679720733609244,0.0023679720733609244,0.0023679720733609244,0.0023679720733609244
2025-08-15,-0.008625454083926454,-0.005370141422443033,-0.008625454083926454,-0.008625454083926454,-0.008625454083926454,-0.008625454083926454,-0.008625454083926454,-0.008625454083926454,-0.008625454083926454,-0.008625454083926454,-0.008625454083926454,-0.008625454083926454
2025-08-18,0.00864495483199712,0.005335565772654294,0.00864495483199712,0.00864495483199712,0.00864495483199712,-0.0005,0.00864495483199712,0.00864495483199712,0.00864495483199712,0.00864495483199712,0.00864495483199712,0.00864495483199712
2025-08-19,-0.034997993677144845,-0.021599214047000673,-0.034997993677144845,-0.034997993677144845,-0.034997993677144845,-0.035497993677144846,-0.034997993677144845,-0.034997993677144845,-0.034997993677144845,-0.034997993677144845,-0.034997993677144845,-0.034997993677144845
2025-08-20,-0.0013663688324196954,-0.0007814577257242837,-0.0013663688324196954,-0.0013663688324196954,-0.0013663688324196954,-0.0005,-0.0013663688324196954,-0.0013663688324196954,-0.0013663688324196954,-0.0013663688324196954,0.0003663688324196954,-0.0013663688324196954
2025-08-21,-0.0023945695563264424,-0.0014134674080813095,-0.0023945695563264424,-0.0023945695563264424,-0.0023945695563264424,0.0,-0.0023945695563264424,-0.0023945695563264424,-0.0023945695563264424,-0.0023945695563264424,-0.0033945695563264424,-0.0023945695563264424
2025-08-22,0.017201968244454635,0.010420206171246862,0.017201968244454635,0.017201968244454635,0.017201968244454635,0.016701968244454635,0.017201968244454635,0.017201968244454635,0.017201968244454635,0.017201968244454635,0.017201968244454635,0.017201968244454635
2025-08-25,0.01022530488477491,0.006203668340992705,0.01022530488477491,0.01022530488477491,0.01022530488477491,0.01022530488477491,0.01022530488477491,0.01022530488477491,0.01022530488477491,0.01022530488477491,-0.011225304884774912,0.01022530488477491
2025-08-26,0.010900419888796753,0.006566247148735559,0.010900419888796753,0.010900419888796753,0.010900419888796753,0.010900419888796753,0.010900419888796753,0.010900419888796753,0.010900419888796753,0.010900419888796753,-0.010900419888796753,0.010900419888796753
2025-08-27,-0.0009352225175625062,-0.000582289043517859,-0.0009352225175625062,-0.0009352225175625062,-0.0009352225175625062,-0.0009352225175625062,-0.0009352225175625062,-0.0009352225175625062,-0.0009352225175625062,-0.0005,0.0009352225175625062,-0.0009352225175625062
2025-08-28,-0.007874463590449854,-0.004885256645136715,-0.007874463590449854,-0.007874463590449854,-0.007874463590449854,-0.007874463590449854,-0.007874463590449854,-0.007874463590449854,-0.007874463590449854,0.0,0.007874463590449854,-0.007874463590449854
2025-08-29,-0.03324642068345807,-0.021417395217626034,-0.03324642068345806,-0.03324642068345807,-0.03324642068345807,-0.0005,-0.03324642068345807,-0.03324642068345807,-0.03324642068345807,0.0,0.03324642068345807,-0.03324642068345807
2025-09-02,-0.01952003517230927,-0.011322173334962896,-0.01952003517230927,-0.01952003517230927,-0.01952003517230927,0.0,-0.01952003517230927,-0.01952003517230927,-0.01952003517230927,0.0,-0.02052003517230927,-0.01952003517230927
2025-09-03,-0.0009368051517751885,-0.0005543287953436406,-0.0009368051517751885,-0.0005,-0.0009368051517751885,0.0,-0.0009368051517751885,-0.0009368051517751885,-0.0009368051517751885,0.0004368051517751885,-0.0009368051517751885,-0.0009368051517751885
2025-09-04,0.0060954357886893185,0.00415027574673102,0.0060954357886893185,0.0,0.0060954357886893185,0.005595435788689318,0.0060954357886893185,0.0060954357886893185,0.0060954357886893185,-0.0060954357886893185,0.0060954357886893185,0.0060954357886893185
2025-09-05,-0.027030212069536264,-0.01860850551416008,-0.027030212069536264,0.0,-0.027030212069536264,-0.027030212069536264,-0.027030212069536264,-0.027030212069536264,-0.027030212069536264,0.027030212069536264,-0.027030212069536264,-0.027030212069536264
2025-09-08,0.007723626471741962,0.0049624573033080445,0.007723626471741962,0.0,0.007723626471741962,-0.0005,0.007723626471741962,0.007723626471741962,0.007723626471741962,-0.007723626471741962,0.007723626471741962,0.007723626471741962
2025-09-09,0.014556415107065845,0.009388257114702831,0.014556415107065845,0.0,0.014556415107065845,0.014056415107065845,0.014556415107065845,0.014556415107065844,0.014556415107065845,-0.014556415107065845,0.014556415107065845,0.014556415107065845
2025-09-10,0.03847507015453244,0.024463378579290995,0.038475070154532436,0.0,0.03847507015453244,0.03847507015453244,0.03847507015453244,0.038475070154532436,0.03847507015453244,-0.03847507015453244,-0.03947507015453244,0.03847507015453244
2025-09-11,-0.0008459387658548145,-0.0005057519631151323,-0.0008459387658548146,-0.0013459387658548145,-0.0008459387658548145,-0.0008459387658548145,-0.0008459387658548145,-0.0008459387658548144,-0.0008459387658548145,0.0008459387658548145,0.0008459387658548145,-0.0008459387658548145
2025-09-12,0.0036687807745676704,0.0019990900844680574,0.0036687807745676704,0.0036687807745676704,0.0036687807745676704,-0.0005,0.0036687807745676704,0.0036687807745676704,0.0036687807745676704,-0.0036687807745676704,-0.0036687807745676704,0.0036687807745676704
2025-09-15,-0.00039368431381092694,-0.0002159473665156468,-0.00039368431381092694,-0.00039368431381092694,-0.00039368431381092694,0.0,-0.00039368431381092694,-0.00039368431381092694,-0.00039368431381092694,0.00039368431381092694,-0.001393684313810927,-0.00039368431381092694
2025-09-16,-0.016146210499489166,-0.008834799358606529,-0.016146210499489166,-0.016146210499489166,-0.016146210499489166,-0.016646210499489167,-0.016146210499489166,-0.016146210499489163,-0.016146210499489166,0.016146210499489166,-0.016146210499489166,-0.016146210499489166
2025-09-17,-0.02624656254660329,-0.01416586072697627,-0.02624656254660329,-0.02624656254660329,-0.02624656254660329,-0.0005,-0.02624656254660329,-0.02624656254660329,-0.02624656254660329,0.02624656254660329,-0.02624656254660329,-0.02624656254660329
2025-09-18,0.03494044003585173,0.01817050199200602,0.03494044003585173,0.03494044003585173,0.03494044003585173,0.0,-0.03594044003585173,0.03494044003585173,-0.0005,-0.03494044003585173,0.03494044003585173,0.03494044003585173
2025-09-19,0.0024397172760990404,0.0012486115615169162,0.0024397172760990404,0.0024397172760990404,0.0024397172760990404,0.0019397172760990404,-0.0024397172760990404,0.0024397172760990404,0.0,-0.0024397172760990404,-0.0034397172760990405,0.0024397172760990404
2025-09-22,0.03928241078649575,0.020159796940551086,0.03928241078649575,0.03928241078649575,0.03928241078649575,0.03928241078649575,-0.03928241078649575,0.03928241078649575,0.0,-0.03928241078649575,-0.03928241078649575,0.03928241078649575
2025-09-23,-0.02821204789120879,-0.013194620614902812,-0.02821204789120879,-0.02821204789120879,-0.02821204789120879,-0.02821204789120879,0.02821204789120879,-0.02821204789120879,-0.028712047891208792,-0.0005,0.02821204789120879,-0.02821204789120879
2025-09-24,-0.008182508094013552,-0.0036901229802392167,-0.008182508094013552,-0.008182508094013552,-0.008182508094013552,-0.0005,0.008182508094013552,0.007182508094013552,-0.008182508094013552,0.0,0.008182508094013552,-0.008182508094013552
2025-09-25,0.004068588702951903,0.0018344310828411839,0.004068588702951903,0.004068588702951903,0.004068588702951903,0.0,-0.004068588702951903,-0.004068588702951903,0.004068588702951903,0.0,0.003068588702951903,0.004068588702951903
2025-09-26,0.0028138668279011902,0.0012757936583235286,0.0028138668279011902,0.0028138668279011902,0.0028138668279011902,0.0023138668279011902,-0.0028138668279011902,-0.0028138668279011902,0.0028138668279011902,0.0,-0.0038138668279011903,0.0028138668279011902
2025-09-29,0.02053993896073769,0.009316199774094728,0.020539938960737688,0.02053993896073769,0.02053993896073769,0.02053993896073769,-0.02053993896073769,-0.02053993896073769,0.02053993896073769,0.0,0.01953993896073769,0.02053993896073769
2025-09-30,0.026010326197546618,0.011555169449062192,0.026010326197546618,0.026010326197546618,0.026010326197546615,0.026010326197546618,-0.026010326197546618,-0.026010326197546618,0.026010326197546618,0.025510326197546618,-0.02701032619754662,0.026010326197546618
2025-10-01,0.003537466147390589,0.0016254826785988576,0.003537466147390589,0.003537466147390589,0.003537466147390589,0.003537466147390589,-0.003537466147390589,-0.003537466147390589,0.003537466147390589,0.003537466147390589,-0.003537466147390589,0.003537466147390589
2025-10-02,0.008812165089625124,0.0042050124227132075,0.008812165089625124,0.008812165089625124,0.008812165089625124,0.008812165089625124,-0.008812165089625124,-0.008812165089625124,0.008812165089625124,0.008812165089625124,-0.008812165089625124,0.008812165089625124
2025-10-03,-0.006723594708770597,-0.0032182990894969107,-0.006723594708770597,-0.006723594708770597,-0.006723594708770597,-0.006723594708770597,0.006723594708770597,0.006723594708770597,-0.006723594708770597,-0.006723594708770597,0.006723594708770597,-0.006723594708770597
2025-10-06,-0.011086219191363433,-0.005264495044093139,-0.011086219191363433,-0.011086219191363433,-0.011086219191363433,-0.0005,-0.012086219191363434,0.011086219191363433,-0.011086219191363433,-0.011086219191363433,0.011086219191363433,-0.011086219191363433
2025-10-07,-0.0026948154076972264,-0.001357743613985834,-0.002694815407697226,-0.0026948154076972264,-0.0026948154076972264,0.0,-0.0026948154076972264,0.0026948154076972264,-0.0026948154076972264,-0.0026948154076972264,0.0026948154076972264,-0.0026948154076972264
2025-10-08,0.021995264931179426,0.010942194992903057,0.021995264931179426,0.021995264931179426,0.021995264931179426,0.0,0.021995264931179426,-0.021995264931179426,0.021995264931179426,0.021995264931179426,0.020995264931179425,0.021995264931179426
2025-10-09,0.0182962524780399,0.00897612204212127,0.0182962524780399,0.0182962524780399,0.0182962524780399,0.017796252478039898,0.0182962524780399,-0.0182962524780399,0.0182962524780399,0.0182962524780399,-0.0192962524780399,0.0182962524780399
2025-10-10,-0.04886532988389891,-0.02572412085200457,-0.04886532988389891,-0.04886532988389891,-0.04886532988389891,-0.04886532988389891,-0.04886532988389891,0.04886532988389891,-0.04886532988389891,-0.04886532988389891,0.04886532988389891,-0.04886532988389891
2025-10-13,0.028172088682583807,0.012422466634823513,0.028172088682583803,0.028172088682583807,0.028172088682583807,-0.0005,0.028172088682583807,-0.028172088682583807,0.028172088682583807,0.028172088682583807,-0.028172088682583807,0.028172088682583807
2025-10-14,-0.04402086350832335,-0.018812317895253557,-0.04402086350832334,-0.04402086350832335,-0.04402086350832335,-0.04452086350832335,-0.04402086350832335,0.04402086350832335,-0.04402086350832335,-0.04402086350832335,0.04402086350832335,-0.04402086350832335
2025-10-15,-0.0011108832013667636,-0.0004503098361032521,-0.0011108832013667636,-0.0011108832013667636,-0.0011108832013667636,-0.0005,-0.0011108832013667636,0.0011108832013667636,-0.0005,-0.0011108832013667636,0.0011108832013667636,-0.0011108832013667636
2025-10-16,0.01101039928627312,0.00431844739312091,0.01101039928627312,0.01101039928627312,0.011010399286273119,0.0,0.01101039928627312,-0.01101039928627312,0.0,0.01101039928627312,-0.01101039928627312,0.01101039928627312
2025-10-17,0.007755344299286593,0.0031407946107658105,0.007755344299286593,0.007755344299286593,0.007755344299286593,0.007255344299286592,0.007755344299286593,-0.007755344299286593,0.0,0.007755344299286593,-0.0005,0.007755344299286593
2025-10-20,-0.0031655547088021985,-0.001359444352170476,-0.0031655547088021985,-0.0031655547088021985,-0.0031655547088021985,-0.0031655547088021985,-0.0031655547088021985,0.0031655547088021985,0.0,-0.0031655547088021985,0.0,-0.0031655547088021985
2025-10-21,-0.008103394868217983,-0.0034496354338470693,-0.008103394868217983,-0.008103394868217983,-0.008103394868217983,-0.008103394868217983,-0.008103394868217983,0.008103394868217983,0.0,-0.008103394868217983,-0.008603394868217984,-0.008103394868217983
2025-10-22,-0.004857650244628253,-0.002251045860632588,-0.004857650244628253,-0.004857650244628253,-0.004857650244628253,-0.0005,-0.004857650244628253,-0.005857650244628253,0.0,-0.004857650244628253,-0.004857650244628253,-0.004857650244628253
2025-10-23,0.010428245272369407,0.005021830928637718,0.010428245272369407,0.010428245272369407,0.010428245272369407,0.0,0.010428245272369407,0.010428245272369407,0.0,-0.0005,-0.0005,0.010428245272369407
2025-10-24,0.022507573914282597,0.010863237752625777,0.022507573914282597,0.022507573914282597,0.022507573914282597,0.022007573914282597,0.022507573914282597,-0.023507573914282598,0.0,0.0,0.022007573914282597,0.022507573914282597
2025-10-27,0.02807914078902085,0.013192457104823738,0.02807914078902085,0.02807914078902085,0.02807914078902085,0.02807914078902085,0.02807914078902085,-0.02807914078902085,0.0,0.0,-0.029079140789020852,0.02807914078902085
2025-10-28,0.04981991068259206,0.022551017906602973,0.04981991068259206,0.04981991068259206,0.04981991068259206,0.04981991068259206,0.04981991068259206,-0.04981991068259206,0.0,0.0,-0.04981991068259206,0.04981991068259206
2025-10-29,0.0298959843276152,0.012299945987775162,0.0298959843276152,0.0298959843276152,0.0298959843276152,0.0298959843276152,0.0298959843276152,-0.0298959843276152,0.0,-0.0303959843276152,-0.0298959843276152,0.0298959843276152
2025-10-30,-0.020044438573744605,-0.008193343283758434,-0.020044438573744605,-0.020044438573744605,-0.020044438573744605,-0.020044438573744605,-0.020044438573744605,0.020044438573744605,0.0,-0.0005,0.020044438573744605,-0.020044438573744605
2025-10-31,-0.0019715110218919696,-0.000789272967347112,-0.0019715110218919696,-0.0019715110218919696,-0.0019715110218919696,-0.0005,-0.0019715110218919696,-0.0029715110218919696,0.0,0.0,-0.0005,-0.0019715110218919696
2025-11-03,0.021680040134361755,0.00861441758019744,0.021680040134361755,0.021680040134361755,0.021680040134361755,0.0,0.021680040134361755,0.021680040134361755,0.0,0.021180040134361755,0.021180040134361755,0.021680040134361755
2025-11-04,-0.03958815778988811,-0.015606314106119273,-0.03958815778988811,-0.03958815778988811,-0.03958815778988811,-0.04008815778988811,-0.03958815778988811,0.03858815778988811,0.0,-0.03958815778988811,-0.03958815778988811,-0.03958815778988811
2025-11-05,-0.01751466251475131,-0.006459911270599817,-0.017514662514751308,-0.01751466251475131,-0.01751466251475131,-0.0005,-0.01751466251475131,-0.018514662514751312,0.0,-0.01751466251475131,-0.0005,-0.01751466251475131
2025-11-06,-0.036524729969592995,-0.013249723202505153,-0.036524729969592995,-0.036524729969592995,-0.036524729969592995,0.0,-0.036524729969592995,-0.036524729969592995,0.0,-0.036524729969592995,0.0,-0.036524729969592995
2025-11-07,0.0003720458402716176,0.00012364441048606838,0.0003720458402716176,0.0003720458402716176,0.0003720458402716176,0.0,0.0003720458402716176,0.0003720458402716176,0.0,0.0003720458402716176,-0.0008720458402716176,0.0003720458402716176
2025-11-10,0.05793262806792199,0.020504091267147015,0.05793262806792199,0.05793262806792199,0.05793262806792199,0.0,0.05793262806792199,0.05793262806792199,0.0,0.05793262806792199,-0.05793262806792199,0.05793262806792199
2025-11-11,-0.029590603550341266,-0.010267872873703166,-0.029590603550341266,-0.029590603550341266,-0.029590603550341266,-0.030090603550341266,-0.029590603550341266,0.028590603550341265,0.0,-0.029590603550341266,0.029590603550341266,-0.029590603550341266
2025-11-12,0.0033132668539088694,0.001130872286169202,0.0033132668539088694,0.0033132668539088694,0.0033132668539088694,-0.0005,0.0033132668539088694,0.0023132668539088694,0.0,0.0033132668539088694,-0.0005,0.0033132668539088694
2025-11-13,-0.035810076045957095,-0.013244720614707935,-0.035810076045957095,-0.035810076045957095,-0.035810076045957095,-0.036310076045957096,-0.035810076045957095,0.034810076045957095,0.0,-0.035810076045957095,-0.036310076045957096,-0.035810076045957095
2025-11-14,0.01771372748265021,0.00619162991154867,0.01771372748265021,0.01771372748265021,0.01771372748265021,-0.0005,0.01771372748265021,0.01671372748265021,0.0,0.01771372748265021,-0.0005,0.01771372748265021
2025-11-17,-0.01877255795624766,-0.006536893466543305,-0.01877255795624766,-0.01877255795624766,-0.01877255795624766,-0.01927255795624766,-0.01877255795624766,0.01777255795624766,0.0,-0.01877255795624766,-0.01927255795624766,-0.01877255795624766
2025-11-18,-0.02808152100624217,-0.009652036458079568,-0.02808152100624217,-0.02808152100624217,-0.02808152100624217,-0.0005,-0.02808152100624217,0.028081521006242168,0.0,-0.0005,-0.02808152100624217,-0.02808152100624217
2025-11-19,0.028451698075282472,0.009520716413041749,0.02845169807528247,0.028451698075282472,0.02845169807528247,0.0,0.028451698075282472,-0.02845169807528247,0.0,0.0,0.028451698075282472,0.028451698075282472
2025-11-20,-0.03152478448099327,-0.010340041364981987,-0.03152478448099327,-0.03152478448099327,-0.03152478448099327,-0.032024784480993274,-0.03152478448099327,0.03152478448099327,0.0,0.0,-0.03152478448099327,-0.03152478448099327
2025-11-21,-0.009743183463424843,-0.0031047373552283053,-0.009743183463424843,-0.009743183463424843,-0.009743183463424843,-0.0005,-0.009743183463424843,0.009743183463424843,0.0,0.0,0.008743183463424842,-0.009743183463424843
2025-11-24,-0.0005,0.006529770201464046,0.020516570258006794,-0.0005,0.020516570258006794,0.0,0.020516570258006794,0.01951657025800679,0.020016570258006794,0.0,-0.020516570258006794,0.020516570258006794
2025-11-25,-0.02641067541754899,-0.008267583974541576,-0.02591067541754899,-0.02641067541754899,-0.02591067541754899,-0.02641067541754899,-0.02591067541754899,-0.02591067541754899,-0.02591067541754899,0.0,-0.02691067541754899,-0.02591067541754899
2025-11-26,-0.0005,0.0044164230211045106,0.013721642507320553,-0.0005,0.013721642507320553,-0.0005,0.013721642507320553,0.013721642507320553,0.013721642507320553,-0.014221642507320553,-0.014721642507320554,0.013721642507320553
2025-11-28,0.0,-0.006328453940550501,-0.018084887277757256,0.0,-0.018084887277757256,-0.018584887277757256,-0.018084887277757256,-0.018084887277757256,-0.018084887277757256,0.018084887277757256,-0.019084887277757256,-0.018084887277757256
2025-12-01,0.0,0.005991452581354691,0.016497230579703537,0.0,0.016497230579703537,-0.0005,0.016497230579703537,0.016497230579703537,0.016497230579703537,-0.016497230579703537,-0.017497230579703538,0.016497230579703537
2025-12-02,0.0,0.003073170226281646,0.008559369400260808,0.0,0.008559369400260808,0.008059369400260807,0.008559369400260808,0.008559369400260808,0.008559369400260808,-0.008559369400260808,0.007559369400260808,0.008559369400260808
2025-12-03,-0.010805367131387855,-0.003680289683003207,-0.010305367131387855,-0.010805367131387855,-0.010305367131387855,-0.010305367131387855,-0.010305367131387855,-0.010305367131387855,-0.010305367131387855,0.010305367131387855,-0.010305367131387855,-0.010305367131387855
2025-12-04,-0.0005,0.007752982618292967,0.02116044945059037,-0.0005,0.02116044945059037,-0.0005,0.02116044945059037,0.02116044945059037,0.02116044945059037,-0.02116044945059037,0.02116044945059037,0.02116044945059037
2025-12-05,-0.0057895229007299265,-0.001981838749192742,-0.005289522900729926,-0.0057895229007299265,-0.005289522900729926,-0.0057895229007299265,-0.005289522900729926,-0.005289522900729926,-0.005289522900729926,0.005289522900729926,-0.005289522900729926,-0.005289522900729926
2025-12-08,0.017214022376646154,0.0064872289418616905,0.017214022376646154,0.017214022376646154,0.017214022376646154,-0.0005,0.017214022376646154,0.017214022376646154,0.017214022376646154,-0.017214022376646154,0.017214022376646154,0.017214022376646154
2025-12-09,-0.003125876875773148,-0.001227647809465024,-0.003125876875773148,-0.003125876875773148,-0.003125876875773148,-0.003625876875773148,-0.003125876875773148,-0.003125876875773148,-0.003125876875773148,0.003125876875773148,0.002125876875773148,-0.003125876875773148
2025-12-10,-0.006433489130266867,-0.0025120153810429735,-0.006433489130266867,-0.006433489130266867,-0.006433489130266867,-0.0005,-0.006433489130266867,-0.006433489130266867,-0.006433489130266867,0.006433489130266867,-0.007433489130266867,-0.006433489130266867
2025-12-11,-0.015507749510496383,-0.007305718114608614,-0.015507749510496383,-0.015507749510496383,-0.015507749510496383,0.0,-0.015507749510496383,-0.015507749510496383,-0.015507749510496383,0.015507749510496383,-0.015507749510496383,-0.015507749510496383
2025-12-12,-0.0005,-0.015852569674100703,-0.03266449001911087,-0.0005,-0.03266449001911087,0.0,-0.03266449001911087,-0.03266449001911087,-0.03266449001911087,0.03266449001911087,-0.03266449001911087,-0.03266449001911087
2025-12-15,0.0,0.00333929516560434,0.007256197507397255,0.0,0.007256197507397255,0.0,-0.008256197507397256,0.007256197507397255,0.007256197507397255,-0.007256197507397255,-0.008256197507397256,0.007256197507397255
2025-12-16,0.0,0.003956240716346877,0.008111694452662688,0.0,0.008111694452662688,0.0,-0.008111694452662688,0.008111694452662688,0.008111694452662688,-0.0005,0.007111694452662688,0.008111694452662688
2025-12-17,0.0,-0.01906674866982227,-0.038149918132835525,0.0,-0.03814991813283552,0.0,0.038149918132835525,-0.038149918132835525,-0.0005,0.0,-0.0005,-0.038149918132835525
2025-12-18,0.0,0.008763473802748351,0.018720044443348183,0.0,0.018720044443348183,0.0,-0.018720044443348183,0.018720044443348183,0.0,-0.019220044443348183,-0.019220044443348183,0.018720044443348183
2025-12-19,0.0,0.018641720427218882,0.039336279676618124,0.0,0.03933627967661812,0.0,-0.039336279676618124,0.039336279676618124,0.0,-0.039336279676618124,-0.0005,0.039336279676618124
2025-12-22,0.0,0.006740473433252502,0.014917895904012823,0.0,0.014917895904012823,0.014417895904012823,-0.014917895904012823,0.014917895904012823,0.0,-0.014917895904012823,-0.015417895904012824,0.014917895904012823
2025-12-23,0.02955070925675346,0.014224049197436842,0.030050709256753457,0.02955070925675346,0.03005070925675346,0.03005070925675346,-0.03005070925675346,0.03005070925675346,0.0,-0.03005070925675346,0.02905070925675346,0.03005070925675346
2025-12-24,-0.0031711845381520165,-0.0014531651479309515,-0.0031711845381520165,-0.0031711845381520165,-0.0031711845381520165,-0.0031711845381520165,0.0031711845381520165,0.0021711845381520165,-0.0036711845381520165,0.0031711845381520165,-0.0005,-0.0031711845381520165
2025-12-26,0.010179749413702144,0.004714418162010289,0.010179749413702144,0.010179749413702144,0.010179749413702144,0.010179749413702144,-0.010179749413702144,-0.010179749413702144,0.010179749413702144,-0.010179749413702144,0.009679749413702143,0.010179749413702144
2025-12-29,-0.012124095818556446,-0.005905759915266091,-0.012124095818556445,-0.012124095818556446,-0.012124095818556445,-0.012124095818556446,0.012124095818556446,0.012124095818556446,-0.012124095818556446,0.012124095818556446,-0.0005,-0.012124095818556446
2025-12-30,-0.00361277804937421,-0.0017458797922595705,-0.00361277804937421,-0.00361277804937421,-0.00361277804937421,-0.00361277804937421,0.00361277804937421,-0.00461277804937421,-0.00361277804937421,-0.00461277804937421,-0.0041127780493742105,-0.00361277804937421
2025-12-31,-0.005545531645618107,-0.0027543169761804964,-0.005545531645618107,-0.005545531645618107,-0.005545531645618107,-0.0005,0.005545531645618107,-0.005545531645618107,-0.005545531645618107,-0.005545531645618107,-0.005545531645618107,-0.005545531645618107
2026-01-02,0.012600619910229538,0.0063004326310341415,0.012600619910229538,0.012600619910229538,0.012600619910229536,0.0,-0.012600619910229538,0.012600619910229538,0.012600619910229538,0.012600619910229538,0.012600619910229538,0.012600619910229538
2026-01-05,-0.0038655016095672234,-0.0019253677368470505,-0.0038655016095672234,-0.0038655016095672234,-0.0038655016095672234,-0.004365501609567224,0.0038655016095672234,0.0028655016095672234,-0.0038655016095672234,-0.0038655016095672234,-0.0038655016095672234,-0.0038655016095672234
2026-01-06,-0.004677830570294028,-0.002350244862972918,-0.004677830570294027,-0.004677830570294028,-0.004677830570294028,-0.0005,-0.005677830570294028,-0.005677830570294028,-0.004677830570294028,-0.004677830570294028,-0.0005,-0.004677830570294028
2026-01-07,0.009987097761727348,0.005129787815853029,0.009987097761727348,0.009987097761727348,0.009987097761727348,0.0,0.009987097761727348,0.009987097761727348,0.009987097761727348,0.009987097761727348,0.0,0.009987097761727348
2026-01-08,-0.021521899209228312,-0.011047488969665318,-0.021521899209228312,-0.021521899209228312,-0.021521899209228312,-0.022021899209228313,-0.021521899209228312,0.02052189920922831,-0.021521899209228312,-0.021521899209228312,0.0,-0.021521899209228312
2026-01-09,-0.0009727536507572188,-0.0004951015346596711,-0.0009727536507572188,-0.0009727536507572188,-0.0009727536507572188,-0.0005,-0.0009727536507572188,-0.0019727536507572188,-0.0009727536507572188,-0.0009727536507572188,-0.0014727536507572188,-0.0009727536507572188
2026-01-12,0.00043280183361860125,0.00021828197777393963,0.0004328018336186012,0.00043280183361860125,0.00043280183361860125,0.0,0.00043280183361860125,0.00043280183361860125,0.00043280183361860125,0.00043280183361860125,0.00043280183361860125,0.00043280183361860125
2026-01-13,0.004704239730442428,0.0023812623757421725,0.004704239730442428,0.004704239730442428,0.004704239730442428,0.0,0.004704239730442428,0.004704239730442428,0.004704239730442428,0.004704239730442428,0.004704239730442428,0.004704239730442428
2026-01-14,-0.014369520514437517,-0.007418973453899258,-0.014369520514437517,-0.014369520514437517,-0.014369520514437517,0.0,-0.014369520514437517,0.013369520514437516,-0.014369520514437517,-0.014369520514437517,-0.014369520514437517,-0.014369520514437517
2026-01-15,-0.0005,0.011847920738275017,0.02134973667048112,-0.0005,0.021349736670481123,0.0,0.021349736670481123,0.020349736670481122,0.021349736670481123,0.021349736670481123,0.021349736670481123,0.021349736670481123
2026-01-16,-0.004883850305160087,-0.002377961323978151,-0.004383850305160086,-0.004883850305160087,-0.004383850305160086,-0.004883850305160087,-0.004383850305160086,0.0033838503051600863,-0.004383850305160086,-0.004383850305160086,0.0033838503051600863,-0.004383850305160086
2026-01-20,-0.04381668070971212,-0.023653277791304196,-0.04381668070971212,-0.04381668070971212,-0.04381668070971212,-0.04381668070971212,-0.04381668070971212,-0.04481668070971212,-0.04381668070971212,-0.04381668070971212,-0.0005,-0.04381668070971212
2026-01-21,-0.0005,0.015304661735330632,0.02948279737606585,-0.0005,0.02948279737606585,-0.0005,0.02948279737606585,0.02948279737606585,-0.0005,-0.0005,0.0,0.02948279737606585
2026-01-22,0.0,0.004153599574721709,0.008291397296120495,0.0,0.008291397296120495,0.007791397296120495,0.008291397296120495,-0.009291397296120496,0.0,0.0,0.007791397296120495,0.008291397296120495
2026-01-23,0.014810543910665774,0.008523331094517575,0.015310543910665775,0.014810543910665774,0.015310543910665775,0.015310543910665775,0.015310543910665775,-0.015310543910665775,0.0,0.0,0.015310543910665775,0.015310543910665775
2026-01-26,-0.006394170442939551,-0.0035682712092867147,-0.006394170442939551,-0.006394170442939551,-0.00639417044293955,-0.006394170442939551,-0.006394170442939551,0.006394170442939551,0.0,0.00589417044293955,-0.0005,-0.006394170442939551
2026-01-27,0.010993714284356582,0.006617759505473643,0.010993714284356582,0.010993714284356582,0.01099371428435658,0.010993714284356582,0.010993714284356582,0.00999371428435658,0.0,-0.010993714284356582,0.010493714284356581,0.010993714284356582
2026-01-28,0.015913391112786668,0.0094955116251866,0.015913391112786668,0.015913391112786668,0.015913391112786668,0.015913391112786668,0.015913391112786668,-0.01691339111278667,0.0,-0.015913391112786668,-0.0005,0.015913391112786668
2026-01-29,0.005169204870006494,0.003037078617038369,0.005169204870006494,0.005169204870006494,0.005169204870006493,0.005169204870006494,0.005169204870006494,-0.005169204870006494,0.004669204870006494,-0.005169204870006494,0.0,0.005169204870006494
2026-01-30,-0.007168418675203125,-0.004283463389845644,-0.007168418675203125,-0.007168418675203125,-0.007168418675203125,-0.007168418675203125,-0.007168418675203125,0.007168418675203125,-0.007168418675203125,-0.0005,0.006668418675203125,-0.007168418675203125
2026-02-02,-0.028880943472342824,-0.01716280936829378,-0.028880943472342824,-0.028880943472342824,-0.02888094347234282,-0.028880943472342824,-0.028880943472342824,0.028880943472342824,-0.028880943472342824,-0.029380943472342824,-0.0005,-0.028880943472342824
2026-02-03,-0.028392869459833103,-0.015664942694462544,-0.028392869459833103,-0.028392869459833103,-0.028392869459833103,-0.0005,-0.028392869459833103,-0.029392869459833104,-0.028392869459833103,-0.028392869459833103,0.0,-0.028392869459833103
2026-02-04,-0.0005,-0.017965633340168947,-0.03410213375324578,-0.0005,-0.03410213375324578,0.0,-0.03410213375324578,-0.03410213375324578,-0.03410213375324578,-0.03410213375324578,0.0,-0.03410213375324578
2026-02-05,0.0,-0.006521899516232832,-0.013261403233346236,0.0,-0.013261403233346236,0.0,-0.013261403233346236,-0.013261403233346236,-0.0005,-0.013261403233346236,0.0,-0.013261403233346236
2026-02-06,0.0,0.038370790072468235,0.07871771529462501,0.0,0.07871771529462501,0.0,0.07871771529462501,0.07871771529462501,0.0,0.07871771529462501,0.0,0.07871771529462501
2026-02-09,0.02447159743538102,0.008879043021872061,0.02497159743538102,0.02447159743538102,0.02497159743538102,0.02447159743538102,0.02497159743538102,0.02497159743538102,0.0,0.02497159743538102,-0.02547159743538102,0.02497159743538102
2026-02-10,-0.007893055623999112,-0.0028161071111661644,-0.007893055623999112,-0.007893055623999112,-0.007893055623999112,-0.007893055623999112,-0.007893055623999112,-0.007893055623999112,0.0,-0.007893055623999112,0.007893055623999112,-0.007893055623999112
2026-02-11,0.008009007297158588,0.002847990433128038,0.008009007297158588,0.008009007297158588,0.008009007297158588,0.008009007297158588,0.008009007297158588,0.008009007297158588,0.0,0.008009007297158588,-0.0005,0.008009007297158588
2026-02-12,-0.01636413987360874,-0.005811742020594382,-0.016364139873608737,-0.01636413987360874,-0.01636413987360874,-0.01636413987360874,-0.01636413987360874,-0.01636413987360874,0.0,0.01536413987360874,0.0,-0.01636413987360874
2026-02-13,-0.022092733992482794,-0.007767705446082059,-0.022092733992482794,-0.022092733992482794,-0.022092733992482794,-0.022092733992482794,-0.022092733992482794,-0.022092733992482794,0.0,0.022092733992482794,-0.022592733992482794,-0.022092733992482794
2026-02-17,-0.0005,0.004110776369557866,0.011815603840902744,-0.0005,0.011815603840902744,-0.0005,-0.012815603840902745,0.011815603840902744,0.0,-0.011815603840902744,0.011815603840902744,0.011815603840902744
2026-02-18,0.0,0.005723596847355249,0.016272821632540065,0.0,0.01627282163254007,0.0,-0.01627282163254007,0.01627282163254007,0.0,-0.01627282163254007,-0.0005,0.01627282163254007
2026-02-19,-0.0009255371370144312,-0.00015556376246642797,-0.00042553713701443124,-0.0009255371370144312,-0.0004255371370144312,-0.0009255371370144312,0.0004255371370144312,-0.0004255371370144312,-0.0009255371370144312,0.0004255371370144312,-7.446286298556882e-05,-0.0004255371370144312
2026-02-20,0.010218296081220712,0.003659732412405224,0.010218296081220712,0.010218296081220712,0.010218296081220712,0.010218296081220712,-0.010218296081220712,0.010218296081220712,0.010218296081220712,-0.010218296081220712,0.009218296081220712,0.010218296081220712
2026-02-23,0.009113803019584088,0.003264152853463206,0.009113803019584088,0.009113803019584088,0.009113803019584086,0.009113803019584088,0.008113803019584087,-0.010113803019584089,0.009113803019584088,0.008113803019584087,-0.010113803019584089,0.009113803019584088
2026-02-24,0.006786818574511244,0.0024307320630393586,0.006786818574511244,0.006786818574511244,0.006786818574511244,0.006786818574511244,0.006786818574511244,-0.006786818574511244,0.006786818574511244,0.006786818574511244,-0.006786818574511244,0.006786818574511244
2026-02-25,0.014052276035389388,0.0050328909698842865,0.014052276035389388,0.014052276035389388,0.014052276035389388,0.014052276035389388,0.014052276035389388,-0.014052276035389388,0.014052276035389388,0.014052276035389388,-0.014052276035389388,0.014052276035389388
2026-02-26,-0.05456124072866231,-0.019541373587980342,-0.05456124072866231,-0.05456124072866231,-0.05456124072866231,-0.05456124072866231,-0.05456124072866231,0.05456124072866231,-0.05456124072866231,-0.05456124072866231,0.05456124072866231,-0.05456124072866231
2026-02-27,-0.0005,-0.014915841495747489,-0.041646346652961186,-0.0005,-0.041646346652961186,-0.0005,-0.041646346652961186,0.041646346652961186,-0.041646346652961186,-0.041646346652961186,-0.0005,-0.041646346652961186
2026-03-02,0.0,0.010692694716958691,0.029854947906472917,0.0,0.029854947906472917,0.0,0.029854947906472917,-0.029854947906472917,0.029854947906472917,0.029854947906472917,0.029354947906472917,0.029854947906472917
2026-03-03,0.0,-0.004769394736208717,-0.013316571281988043,0.0,-0.013316571281988043,0.0,-0.013316571281988043,0.013316571281988043,-0.013316571281988043,-0.013316571281988043,-0.0005,-0.013316571281988043
2026-03-04,0.0,0.005947700334322368,0.016606504566419655,0.0,0.016606504566419655,0.0,0.016606504566419655,-0.016606504566419655,0.016606504566419655,0.016606504566419655,0.016106504566419655,0.016606504566419655
2026-03-05,0.0,0.0005869854352365478,0.001638915171032762,0.0,0.001638915171032762,0.0,0.001638915171032762,-0.001638915171032762,0.001638915171032762,0.001638915171032762,0.001638915171032762,0.001638915171032762
2026-03-06,0.0,-0.010783265699896785,-0.030107830089031284,0.0,-0.030107830089031284,0.0,-0.030107830089031284,0.030107830089031284,-0.030107830089031284,-0.030107830089031284,-0.030107830089031284,-0.030107830089031284
2026-03-09,0.0,0.009728269494623035,0.027162187518686483,0.0,0.027162187518686483,0.0,-0.028162187518686488,0.026162187518686483,0.027162187518686487,-0.028162187518686488,0.027162187518686487,0.027162187518686487
2026-03-10,0.0,0.00415706519283589,0.011606893122936501,0.0,0.011606893122936501,0.011106893122936501,-0.011606893122936501,-0.012606893122936502,0.011606893122936501,-0.011606893122936501,0.011606893122936501,0.011606893122936501
2026-03-11,0.0,0.0028487368676299975,0.006873796699033097,0.0,0.006873796699033097,0.006873796699033097,-0.006873796699033097,-0.006873796699033097,0.006873796699033097,-0.006873796699033097,0.006873796699033097,0.006873796699033097
2026-03-12,-0.01603508368610912,-0.006506856859065673,-0.015535083686109117,-0.01603508368610912,-0.015535083686109119,-0.015535083686109119,0.015535083686109119,0.015535083686109119,-0.015535083686109119,0.015535083686109119,-0.0005,-0.015535083686109119
2026-03-13,-0.0005,-0.0066095715008817005,-0.015780314308353027,-0.0005,-0.015780314308353024,-0.015780314308353027,0.015780314308353027,-0.016780314308353025,-0.015780314308353027,0.015780314308353027,0.0,-0.015780314308353027
2026-03-16,0.0,0.00690144984001637,0.01647717218041489,0.0,0.01647717218041489,-0.0005,-0.01647717218041489,0.016477172180414886,0.01647717218041489,-0.01647717218041489,0.01597717218041489,0.01647717218041489
2026-03-17,0.0,-0.002949032098523063,-0.007040797336696935,0.0,-0.007040797336696936,-0.007540797336696936,0.007040797336696936,0.006040797336696936,-0.007040797336696936,0.007040797336696936,-0.0005,-0.007040797336696936
2026-03-18,0.0,-0.003522437209173925,-0.008409798772097021,0.0,-0.008409798772097021,-0.0005,0.008409798772097021,-0.009409798772097019,-0.008409798772097021,0.008409798772097021,-0.008909798772097022,-0.008409798772097021
2026-03-19,0.0,-0.004272080745659193,-0.010199568445272478,0.0,-0.010199568445272476,0.0,0.010199568445272478,-0.010199568445272476,-0.010199568445272478,0.010199568445272478,-0.0005,-0.010199568445272478
2026-03-20,-0.03331811115811839,-0.013745838516578068,-0.03281811115811839,-0.03331811115811839,-0.03281811115811839,0.0,0.03281811115811839,-0.03281811115811839,-0.03281811115811839,0.03281811115811839,-0.03331811115811839,-0.03281811115811839
2026-03-23,-0.0005,0.007130396910595362,0.0170237820072745,-0.0005,0.017023782007274498,0.0,-0.0170237820072745,0.017023782007274498,0.0170237820072745,-0.0170237820072745,0.0170237820072745,0.0170237820072745
2026-03-24,0.0,-0.0010492956984183139,-0.00250518750288653,0.0,-0.00250518750288653,0.0,0.00250518750288653,-0.00250518750288653,-0.00250518750288653,0.00250518750288653,-0.00250518750288653,-0.00250518750288653
2026-03-25,0.0,0.008319615244074026,0.019863034004328428,0.0,0.019863034004328428,0.0,-0.019863034004328428,0.019863034004328425,0.019863034004328428,-0.019863034004328428,0.019863034004328428,0.019863034004328428
2026-03-26,0.0,-0.017440284943512,-0.04163858095780393,0.0,-0.04163858095780393,-0.04213858095780393,0.04163858095780393,-0.04163858095780393,-0.04163858095780393,0.04163858095780393,-0.04163858095780393,-0.04163858095780393
2026-03-27,0.0,-0.009099068487007249,-0.021723974181843797,0.0,-0.021723974181843794,-0.0005,0.021723974181843797,-0.021723974181843794,-0.021723974181843797,0.021723974181843797,-0.021723974181843797,-0.021723974181843797
2026-03-30,0.0,-0.0058756778877670675,-0.014028147487508913,0.0,-0.014028147487508913,0.0,0.014028147487508913,-0.014028147487508911,-0.014028147487508913,0.014028147487508913,-0.014028147487508913,-0.014028147487508913
2026-03-31,0.0,0.02617718631451289,0.05588180888236938,0.0,0.05588180888236938,0.0,-0.05588180888236938,0.05588180888236937,0.05588180888236938,-0.05588180888236938,0.05588180888236938,0.05588180888236938
2026-04-01,0.0,0.0031664512769579985,0.007740860269023652,0.0,0.007740860269023652,0.007240860269023652,-0.007740860269023653,0.007740860269023653,0.007740860269023653,-0.007740860269023653,0.007740860269023653,0.007740860269023653
2026-04-02,0.0,0.0038509276990265576,0.009331356375359201,0.0,0.009331356375359201,0.009331356375359201,-0.009331356375359201,0.009331356375359201,0.009331356375359201,-0.009331356375359201,0.009331356375359201,0.009331356375359201
2026-04-06,0.0,0.0005816120873100947,0.0014093304479019242,0.0,0.0014093304479019242,0.0014093304479019242,-0.0014093304479019242,0.0014093304479019242,0.0014093304479019242,-0.0014093304479019242,-0.002409330447901924,0.0014093304479019242
2026-04-07,0.0,0.0010686743413620354,0.00258955293576979,0.0,0.00258955293576979,0.00258955293576979,-0.00258955293576979,0.00258955293576979,0.00258955293576979,-0.00258955293576979,0.00158955293576979,0.00258955293576979
2026-04-08,0.0,0.009222323345193656,0.0223470271240227,0.0,0.0223470271240227,0.0223470271240227,-0.0223470271240227,0.0223470271240227,0.0223470271240227,-0.0223470271240227,0.0223470271240227,0.0223470271240227
2026-04-09,0.009550504643715596,0.0041477107040818135,0.010050504643715596,0.009550504643715596,0.010050504643715596,0.010050504643715596,-0.010050504643715596,0.010050504643715596,-0.0005,-0.010050504643715596,-0.011050504643715597,0.010050504643715596
2026-04-10,0.025664741901011645,0.010591500474245768,0.025664741901011645,0.025664741901011645,0.025664741901011645,0.025664741901011645,-0.025664741901011645,0.025664741901011645,0.0,-0.025664741901011645,0.024664741901011644,0.025664741901011645
2026-04-13,0.003604892099032586,0.001487691422098558,0.003604892099032586,0.003604892099032586,0.003604892099032586,0.003604892099032586,-0.003604892099032586,0.003604892099032586,0.0,-0.003604892099032586,-0.004604892099032586,0.003604892099032586
2026-04-14,0.038032865411783634,0.01569566191623978,0.038032865411783634,0.038032865411783634,0.038032865411783634,0.038032865411783634,-0.038032865411783634,0.038032865411783634,0.0,-0.0005,0.03703286541178363,0.038032865411783634
2026-04-15,0.01200957407583192,0.004956192819326562,0.01200957407583192,0.01200957407583192,0.012009574075831917,0.01200957407583192,0.011009574075831918,-0.01300957407583192,0.0,0.0,0.01200957407583192,0.01200957407583192
2026-04-16,-0.002614769796708716,-0.00107908100727061,-0.002614769796708716,-0.002614769796708716,-0.0026147697967087154,-0.002614769796708716,-0.002614769796708716,0.002614769796708716,0.0,0.0,-0.002614769796708716,-0.002614769796708716
2026-04-17,0.016788441530004805,0.006928368386197727,0.016788441530004805,0.016788441530004805,0.016788441530004805,0.016788441530004805,0.016788441530004805,-0.016788441530004805,0.0,0.0,0.016788441530004805,0.016788441530004805
2026-04-20,0.00188419663120043,0.0007775830978508689,0.00188419663120043,0.00188419663120043,0.0018841966312004297,0.00188419663120043,0.00188419663120043,-0.00188419663120043,0.0,0.00138419663120043,-0.00288419663120043,0.00188419663120043
2026-04-21,-0.010788787118989118,-0.004452390143958769,-0.010788787118989118,-0.010788787118989118,-0.010788787118989118,-0.010788787118989118,-0.010788787118989118,-0.011788787118989119,0.0,-0.010788787118989118,-0.011788787118989119,-0.010788787118989118
2026-04-22,0.013107830909409257,0.005965391684813495,0.013107830909409257,0.013107830909409257,0.013107830909409257,-0.0005,0.013107830909409257,-0.014107830909409258,0.0,0.013107830909409257,-0.014107830909409258,0.013107830909409257
2026-04-23,-0.014123474389033275,-0.006451369110748137,-0.014123474389033275,-0.014123474389033275,-0.014123474389033275,-0.014623474389033275,-0.014123474389033275,-0.015123474389033276,0.0,-0.014123474389033275,-0.015123474389033276,-0.014123474389033275
2026-04-24,0.043227788976992976,0.01974573782982588,0.043227788976992976,0.043227788976992976,0.04322778897699297,-0.0005,0.043227788976992976,-0.04422778897699298,0.0,0.043227788976992976,-0.04422778897699298,0.043227788976992976
2026-04-27,0.04004417714781017,0.01829151669063152,0.04004417714781017,0.04004417714781017,0.04004417714781017,0.03954417714781017,0.04004417714781017,0.039044177147810166,0.0,0.04004417714781017,-0.04004417714781017,0.04004417714781017
2026-04-28,-0.01588104908680843,-0.0072542001141352045,-0.01588104908680843,-0.01588104908680843,-0.01588104908680843,-0.01588104908680843,-0.01588104908680843,-0.01588104908680843,0.0,-0.01588104908680843,0.01588104908680843,-0.01588104908680843
2026-04-29,-0.018389075111261644,-0.008399824850473005,-0.018389075111261644,-0.018389075111261644,-0.018389075111261644,-0.018389075111261644,-0.018389075111261644,0.017389075111261643,0.0,-0.018389075111261644,0.018389075111261644,-0.018389075111261644
2026-04-30,-0.04626045560032954,-0.021131009699769037,-0.04626045560032954,-0.04626045560032954,-0.04626045560032954,-0.0005,-0.04626045560032954,0.04626045560032954,0.0,-0.04626045560032954,-0.04726045560032954,-0.04626045560032954
2026-05-01,-0.00561207563438304,-0.002563503171921651,-0.00561207563438304,-0.00561207563438304,-0.00561207563438304,0.0,-0.00561207563438304,0.00561207563438304,0.0,-0.00561207563438304,-0.00561207563438304,-0.00561207563438304
2026-05-04,0.0001511106711307164,6.902485105181348e-05,0.0001511106711307164,-0.0005,0.0001511106711307164,0.0,0.0001511106711307164,-0.0001511106711307164,0.0,-0.0005,0.0001511106711307164,0.0001511106711307164
2026-05-05,-0.009975799776516192,-0.004556780064202735,-0.009975799776516192,0.0,-0.009975799776516192,0.0,-0.009975799776516192,0.009975799776516192,0.0,0.0,-0.009975799776516192,-0.009975799776516192
2026-05-06,0.057659075388685865,0.026337710372860135,0.057659075388685865,0.0,0.057659075388685865,0.0,0.057659075388685865,-0.057659075388685865,0.0,0.0,0.057659075388685865,0.057659075388685865
2026-05-07,0.01765865404299216,0.006756785772679399,0.01765865404299216,0.01715865404299216,0.01765865404299216,0.01715865404299216,0.01765865404299216,0.01665865404299216,0.0,0.0,-0.018658654042992162,0.01765865404299216
2026-05-08,0.017494095947569344,0.006729538704417434,0.017494095947569344,0.017494095947569344,0.017494095947569344,0.017494095947569344,0.017494095947569344,0.017494095947569344,0.0,0.0,0.016494095947569343,0.017494095947569344
2026-05-11,0.01970259096216065,0.007579091189081274,0.01970259096216065,0.01970259096216065,0.01970259096216065,0.01970259096216065,0.01970259096216065,0.01970259096216065,0.0,0.01920259096216065,0.01970259096216065,0.01970259096216065
2026-05-12,0.006106452319395217,0.00234899861948907,0.006106452319395217,0.006106452319395217,0.006106452319395216,0.006106452319395217,0.006106452319395217,0.006106452319395217,0.0,0.006106452319395217,0.006106452319395217,0.006106452319395217
2026-05-13,0.022873482047085725,0.008798853236085497,0.022873482047085725,0.022873482047085725,0.022873482047085725,0.022873482047085725,0.022873482047085725,0.022873482047085725,0.0,0.022873482047085725,0.022873482047085725,0.022873482047085725
2026-05-14,0.04388258597883499,0.01688052710351841,0.04388258597883499,0.04388258597883499,0.04388258597883499,0.04388258597883499,0.04388258597883499,0.04388258597883499,0.0,0.04388258597883499,0.04388258597883499,0.04388258597883499
2026-05-15,-0.04420122720632225,-0.01700310036935765,-0.04420122720632225,-0.04420122720632225,-0.04420122720632225,-0.04420122720632225,-0.04420122720632225,-0.04420122720632225,0.0,-0.04420122720632225,-0.04420122720632225,-0.04420122720632225
2026-05-18,-0.013314388358780072,-0.00461299961779314,-0.013314388358780072,-0.013314388358780072,-0.013314388358780072,-0.0005,-0.013314388358780072,0.01231438835878007,0.0,-0.013314388358780072,-0.013314388358780072,-0.013314388358780072
2026-05-19,-0.007691677106092865,-0.002653447455835593,-0.007691677106092865,-0.007691677106092865,-0.007691677106092865,0.0,-0.007691677106092865,0.007691677106092865,0.0,-0.007691677106092865,-0.007691677106092865,-0.007691677106092865
2026-05-20,0.012964070657941695,0.00447229906171427,0.012964070657941695,0.012964070657941695,0.012964070657941695,0.0,0.012964070657941695,0.011964070657941694,0.0,0.012964070657941695,-0.0005,0.012964070657941695
2026-05-21,-0.017720537361840427,-0.006113168055581577,-0.017720537361840427,-0.017720537361840427,-0.017720537361840427,-0.018220537361840428,-0.017720537361840427,-0.017720537361840427,0.0,-0.017720537361840427,-0.018220537361840428,-0.017720537361840427
2026-05-22,-0.01904237298751621,-0.0065691702160471915,-0.019042372987516206,-0.01904237298751621,-0.01904237298751621,-0.0005,-0.01904237298751621,-0.01904237298751621,0.0,-0.01904237298751621,-0.01904237298751621,-0.01904237298751621
2026-05-26,-0.0021826918622399605,-0.0007529772881581166,-0.00218269186223996,-0.0021826918622399605,-0.0021826918622399605,0.0,-0.0021826918622399605,-0.0021826918622399605,0.0,-0.0021826918622399605,-0.0021826918622399605,-0.0021826918622399605
2026-05-27,-0.010518481304186755,-0.003628628330450826,-0.010518481304186754,-0.010518481304186755,-0.010518481304186755,0.0,-0.010518481304186755,-0.010518481304186755,0.0,-0.010518481304186755,-0.010518481304186755,-0.010518481304186755
2026-05-28,0.007761016341909066,0.002677367859192143,0.007761016341909066,0.007761016341909066,0.007761016341909065,0.0,0.007761016341909066,0.007761016341909066,0.0,0.007761016341909066,-0.0005,0.007761016341909066
2026-05-29,-0.014515703746992292,-0.005007575935111654,-0.01451570374699229,-0.014515703746992292,-0.01451570374699229,-0.015015703746992293,-0.014515703746992292,-0.014515703746992292,0.0,-0.014515703746992292,0.014015703746992292,-0.014515703746992292
2026-06-01,0.0626124588791841,0.021599823734797307,0.0626124588791841,0.0626124588791841,0.0626124588791841,-0.0005,0.0626124588791841,0.0626124588791841,0.0,0.0626124588791841,-0.0626124588791841,0.0626124588791841
2026-06-02,-0.006863972045151545,-0.00236790870299361,-0.006863972045151545,-0.006863972045151545,-0.006863972045151544,-0.007363972045151546,-0.006863972045151545,-0.006863972045151545,0.0,-0.006863972045151545,-0.007863972045151546,-0.006863972045151545
2026-06-03,-0.03621758578863232,-0.012494214141052307,-0.03621758578863232,-0.03621758578863232,-0.03621758578863232,-0.03621758578863232,-0.03621758578863232,-0.03621758578863232,0.0,-0.0005,-0.0005,-0.03621758578863232
2026-06-04,0.01939395646671027,0.006690458236268727,0.019393956466710268,0.01939395646671027,0.01939395646671027,-0.0005,0.01939395646671027,0.01939395646671027,0.0,0.0,0.0,0.01939395646671027
2026-06-05,-0.062014073591381225,-0.021393394903005573,-0.062014073591381225,-0.062014073591381225,-0.062014073591381225,0.0,-0.062014073591381225,-0.062014073591381225,0.0,0.0,0.061514073591381224,-0.062014073591381225
2026-06-08,0.017259839984335112,0.005954238310171013,0.017259839984335112,0.017259839984335112,0.01725983998433511,0.0,0.017259839984335112,0.017259839984335112,0.016759839984335112,0.0,-0.0005,0.017259839984335112
2026-06-09,-0.0021568105327770537,-0.0007440488390215047,-0.0021568105327770533,-0.0021568105327770537,-0.0021568105327770537,0.0,-0.0021568105327770537,-0.0021568105327770537,-0.0021568105327770537,0.0,-0.0026568105327770537,-0.0021568105327770537
2026-06-10,-0.03732169739825886,-0.01287510664357316,-0.03732169739825886,-0.03732169739825886,-0.03732169739825886,0.0,-0.03732169739825886,-0.03732169739825886,-0.03732169739825886,0.0,-0.03732169739825886,-0.03732169739825886
2026-06-11,0.022203357892913722,0.007659635564432356,0.022203357892913722,0.022203357892913722,0.022203357892913722,0.0,0.022203357892913722,0.022203357892913722,0.022203357892913722,0.0,0.022203357892913722,0.022203357892913722
2026-06-12,0.0015620019126554308,0.0005388538733461288,0.0015620019126554305,0.0015620019126554308,0.0015620019126554305,0.0010620019126554307,0.0015620019126554308,0.0015620019126554305,0.0015620019126554308,0.0,0.0015620019126554308,0.0015620019126554308
2026-06-15,0.03538181402824003,0.012205892566877612,0.035381814028240026,0.03538181402824003,0.03538181402824003,-0.0005,0.03538181402824003,0.035381814028240026,0.03538181402824003,0.0,0.03538181402824003,0.03538181402824003
2026-06-16,-0.023723197733726886,-0.008183944515946806,-0.023723197733726886,-0.023723197733726886,-0.023723197733726883,-0.024223197733726887,-0.023723197733726886,-0.023723197733726883,-0.023723197733726886,0.0,-0.023723197733726886,-0.023723197733726886
2026-06-17,-0.013307023368657411,-0.004590609670072971,-0.013307023368657411,-0.013307023368657411,-0.013307023368657411,-0.0005,-0.013307023368657411,-0.013307023368657411,-0.013307023368657411,0.0,-0.013307023368657411,-0.013307023368657411
2026-06-18,0.029513846689763534,0.01018158203089932,0.029513846689763534,0.029513846689763534,0.029513846689763534,0.0,-0.030513846689763535,0.029513846689763534,0.029513846689763534,0.0,0.029513846689763534,0.029513846689763534
2026-06-22,-0.00968251232276296,-0.0033402387196649905,-0.00968251232276296,-0.00968251232276296,-0.00968251232276296,-0.01018251232276296,0.00968251232276296,-0.00968251232276296,-0.0005,0.0,-0.00968251232276296,-0.00968251232276296
2026-06-23,-0.04126528091164561,-0.014235550080828512,-0.04126528091164561,-0.04126528091164561,-0.04126528091164561,-0.04126528091164561,0.04126528091164561,-0.0412652809116456,0.0,0.0,-0.04126528091164561,-0.04126528091164561
2026-06-24,-0.00519892681982459,-0.0017935073135365224,-0.00519892681982459,-0.00519892681982459,-0.005198926819824589,-0.0005,0.00519892681982459,-0.005198926819824589,0.0,0.0,-0.00519892681982459,-0.00519892681982459
2026-06-25,-0.016381881943899224,-0.005651363462905306,-0.016381881943899224,-0.016381881943899224,-0.016381881943899224,0.0,0.016381881943899224,-0.01638188194389922,0.0,0.0,-0.016381881943899224,-0.016381881943899224
2026-06-26,-0.016399339040476746,-0.005657385750094559,-0.016399339040476746,-0.016399339040476746,-0.016399339040476746,0.0,0.016399339040476746,-0.016399339040476742,0.0,0.0,-0.016399339040476746,-0.016399339040476746
2026-06-29,0.012673362368860186,0.004372011548417253,0.012673362368860186,0.012673362368860186,0.012673362368860186,0.0,-0.012673362368860186,0.012673362368860184,0.0,0.0,0.012673362368860186,0.012673362368860186
2026-06-30,0.026260425117358155,0.009059228209361317,0.026260425117358155,0.026260425117358155,0.02626042511735815,0.0,-0.026260425117358155,0.026260425117358155,0.0,0.0,0.026260425117358155,0.026260425117358155
2026-07-01,-0.012544327816355838,-0.004327497666680547,-0.012544327816355838,-0.012544327816355838,-0.012544327816355838,-0.013044327816355838,0.012544327816355838,-0.012544327816355838,0.0,0.0,-0.012544327816355838,-0.012544327816355838
2026-07-02,-0.013918412665829716,-0.004801524578841292,-0.013918412665829716,-0.013918412665829716,-0.013918412665829716,-0.013918412665829716,0.013918412665829716,-0.013918412665829714,0.0,0.0,-0.013918412665829716,-0.013918412665829716
2026-07-06,0.0036955356666652506,0.0012748727718815672,0.00369553566666525,0.0036955356666652506,0.0036955356666652506,-0.0005,-0.0036955356666652506,0.00369553566666525,0.0,0.0,0.0036955356666652506,0.0036955356666652506
2026-07-07,0.007056965494693257,0.0024344868979198813,0.007056965494693257,0.007056965494693257,0.007056965494693257,0.0,-0.007056965494693257,0.007056965494693256,0.0,0.0,0.007056965494693257,0.007056965494693257
2026-07-08,0.03651044893523969,0.014026396744999016,0.03651044893523969,0.03651044893523969,0.03651044893523969,0.03601044893523969,-0.03651044893523969,0.03651044893523969,0.0,0.0,0.03651044893523969,0.03651044893523969
2026-07-09,-0.006564748040099211,-0.0025255841428365477,-0.006564748040099211,-0.006564748040099211,-0.006564748040099211,-0.006564748040099211,0.006564748040099211,-0.006564748040099211,0.0,0.0,0.005564748040099211,-0.006564748040099211
2026-07-10,0.04033932332484791,0.01725861675390119,0.0403393233248479,0.04033932332484791,0.04033932332484791,0.04033932332484791,-0.04033932332484791,0.04033932332484791,0.0,0.0,0.03933932332484791,0.04033932332484791
2026-07-13,-0.03521998340020871,-0.015087437354981567,-0.03521998340020871,-0.03521998340020871,-0.03521998340020871,-0.03521998340020871,0.03521998340020871,-0.03521998340020871,0.0,0.0,-0.03521998340020871,-0.03521998340020871
2026-07-14,0.040632851776453593,0.017406186674348696,0.040632851776453593,0.040632851776453593,0.040632851776453593,-0.0005,-0.040632851776453593,0.04063285177645359,0.0,0.0,0.040632851776453593,0.040632851776453593
2026-07-15,0.0033049902651376417,0.0012349148892070875,0.0033049902651376417,0.0033049902651376417,0.0033049902651376417,0.0028049902651376417,0.0023049902651376417,0.0033049902651376417,0.0,0.0,0.0033049902651376417,0.0033049902651376417
2026-07-16,-0.02400002872242646,-0.009140240253669534,-0.02400002872242646,-0.02400002872242646,-0.02400002872242646,-0.02400002872242646,-0.02400002872242646,-0.02400002872242646,0.0,-0.02450002872242646,-0.02400002872242646,-0.02400002872242646
2026-07-17,-0.022131130535045007,-0.008428483670380458,-0.022131130535045007,-0.022131130535045007,-0.022131130535045007,-0.0005,-0.022131130535045007,-0.022131130535045004,0.0,-0.022131130535045007,-0.022131130535045007,-0.022131130535045007
2026-07-20,0.0023174460152899368,0.0008825828335307756,0.0023174460152899368,0.0023174460152899368,0.0023174460152899363,0.0,0.0023174460152899368,0.0023174460152899368,0.0,0.0023174460152899368,0.0023174460152899368,0.0023174460152899368
2026-07-21,0.019726458731385677,0.007512681515688328,0.019726458731385673,0.019726458731385677,0.019726458731385677,0.0,0.019726458731385677,0.019726458731385677,0.0,0.019726458731385677,0.019726458731385677,0.019726458731385677
2026-07-22,0.02301126164771805,0.008763675345257245,0.02301126164771805,0.02301126164771805,0.02301126164771805,0.02251126164771805,-0.024011261647718052,0.023011261647718047,0.0,0.02301126164771805,0.02301126164771805,0.02301126164771805
2026-07-23,-0.01556164807012217,-0.005926542994969757,-0.01556164807012217,-0.01556164807012217,-0.01556164807012217,-0.01556164807012217,0.01556164807012217,-0.015561648070122168,0.0,-0.01556164807012217,-0.01556164807012217,-0.01556164807012217
2026-07-24,-0.009197155678610791,-0.003936592480106497,-0.009197155678610791,-0.009197155678610791,-0.009197155678610791,-0.0005,0.009197155678610791,-0.00919715567861079,0.0,-0.009197155678610791,-0.009197155678610791,-0.009197155678610791
2026-07-27,-0.049941993879074276,-0.02125482058561371,-0.049941993879074276,-0.049941993879074276,-0.04994199387907427,0.0,0.049941993879074276,-0.04994199387907427,0.0,-0.049941993879074276,-0.049941993879074276,-0.049941993879074276
2026-07-28,0.002544399847217882,0.0009497792206373032,0.002544399847217882,0.002544399847217882,0.002544399847217882,0.0,-0.002544399847217882,0.0025443998472178815,0.0,0.002544399847217882,0.002544399847217882,0.002544399847217882
2026-07-29,-0.03553119230079016,-0.013568405237995766,-0.03553119230079016,-0.03553119230079016,-0.03553119230079016,0.0,0.03553119230079016,-0.03553119230079015,0.0,-0.03553119230079016,-0.03553119230079016,-0.03553119230079016
2026-07-30,-0.0005,0.0101090526633198,0.026472285272951313,-0.0005,0.026472285272951313,0.0,-0.026472285272951313,-0.027472285272951313,0.0,0.026472285272951313,0.026472285272951313,0.026472285272951313
2026-07-31,0.028776081370092743,0.011179746867124491,0.029276081370092744,0.028776081370092743,0.029276081370092744,0.0,-0.029276081370092744,0.028276081370092743,0.0,-0.0005,0.029276081370092744,0.029276081370092744
2026-08-03,0.029339972053043173,0.011204144997923621,0.029339972053043173,0.029339972053043173,0.029339972053043173,0.028839972053043172,-0.029339972053043173,0.029339972053043173,0.0,0.0,0.029339972053043173,0.029339972053043173
2026-08-04,0.025648485614655492,0.00979446576446047,0.025648485614655492,0.025648485614655492,0.02564848561465549,0.025648485614655492,-0.025648485614655492,0.02564848561465549,0.0,0.0,0.025648485614655492,0.025648485614655492
2026-08-05,0.0343493379986608,0.013117086915553678,0.0343493379986608,0.0343493379986608,0.0343493379986608,0.0343493379986608,-0.0343493379986608,0.034349337998660794,0.0,0.0,0.0343493379986608,0.0343493379986608
2026-08-06,-0.0010491548501886383,-0.000376682445078687,-0.0010491548501886383,-0.0010491548501886383,-0.0010491548501886383,-0.0010491548501886383,0.0010491548501886383,-0.0010491548501886383,0.0,0.0,-0.0010491548501886383,-0.0010491548501886383
2026-08-07,0.022695105237842794,0.00767638318056276,0.022695105237842794,0.022695105237842794,0.022695105237842794,0.022695105237842794,-0.022695105237842794,0.022695105237842794,0.0,0.0,0.022695105237842794,0.022695105237842794
2026-08-10,-0.028621197847608748,-0.009680822338668581,-0.028621197847608748,-0.028621197847608748,-0.028621197847608748,-0.028621197847608748,0.028621197847608748,-0.028621197847608748,0.0,0.0,-0.028621197847608748,-0.028621197847608748
2026-08-11,-0.00022984624709898593,-7.774310129234878e-05,-0.00022984624709898593,-0.00022984624709898593,-0.00022984624709898593,-0.0005,-0.001229846247098986,-0.00022984624709898593,0.0,-0.0007298462470989859,-0.00022984624709898593,-0.00022984624709898593
2026-08-12,0.030298833737428144,0.01024826522085643,0.030298833737428144,0.030298833737428144,0.030298833737428144,0.0,0.030298833737428144,0.030298833737428144,0.0,0.030298833737428144,0.030298833737428144,0.030298833737428144
2026-08-13,0.005399646274448999,0.002027480200861141,0.005399646274448998,0.005399646274448999,0.005399646274448999,0.004899646274448999,0.005399646274448999,0.005399646274448999,0.0,0.005399646274448999,0.005399646274448999,0.005399646274448999
2026-08-14,-0.0006213909798140627,-0.00023568403258758465,-0.0006213909798140628,-0.0006213909798140627,-0.0006213909798140627,-0.0006213909798140627,-0.0006213909798140627,-0.0006213909798140627,0.0,-0.0006213909798140627,-0.0006213909798140627,-0.0006213909798140627
2026-08-17,-0.0006662335798259811,-0.00025269214043891435,-0.0006662335798259811,-0.0006662335798259811,-0.0006662335798259811,-0.0006662335798259811,-0.0006662335798259811,-0.0006662335798259811,0.0,-0.0006662335798259811,-0.0006662335798259811,-0.0006662335798259811
2026-08-18,-0.023421133026656604,-0.008883275198401533,-0.023421133026656604,-0.023421133026656604,-0.023421133026656604,-0.023421133026656604,-0.023421133026656604,-0.023421133026656604,0.0,-0.023421133026656604,-0.023421133026656604,-0.023421133026656604
