date,6.5.volatility_targeting,4.6.multi_asset_trend,4.1.2.dual_momentum,3.20.alpha_combo,3.11.single_moving_average,3.12.two_moving_averages,10.4.trend_following,3.15.channel,3.17.single_stock_knn,3.14.support_resistance,3.13.three_moving_averages,__benchmark__
2016-03-11,-0.0040254377105343065,-0.004060305432980915,-0.004060305432980915,0.0030603054329809147,-0.004060305432980915,-0.004060305432980915,-0.004060305432980914,-0.004060305432980915,-0.004060305432980915,0.0030603054329809147,-0.004060305432980915,-0.004060305432980915
2016-03-14,0.002804700945034928,0.0028289948333346526,0.0028289948333346526,-0.0028289948333346526,0.0028289948333346526,0.0028289948333346526,0.0028289948333346526,0.0028289948333346526,-0.0005,-0.0028289948333346526,0.0028289948333346526,0.0028289948333346526
2016-03-15,0.010743718937262127,0.010836779378607051,0.010836779378607053,-0.010836779378607053,0.010836779378607053,0.010836779378607053,0.010836779378607051,0.010836779378607053,0.010336779378607053,0.009836779378607052,0.010836779378607053,0.010836779378607053
2016-03-16,-0.001455651097963198,-0.0014682597239344952,-0.0014682597239344952,0.0014682597239344952,-0.0014682597239344952,-0.0014682597239344952,-0.0014682597239344952,-0.0014682597239344952,-0.0014682597239344952,-0.0014682597239344952,-0.0014682597239344952,-0.0014682597239344952
2016-03-17,-0.007874494330389392,-0.007942701989397727,-0.007942701989397727,0.007942701989397727,-0.007942701989397727,-0.007942701989397727,-0.007942701989397727,-0.007942701989397727,-0.007942701989397727,-0.007942701989397727,-0.007942701989397727,-0.007942701989397727
2016-03-18,-0.007349129632203825,-0.007412786662983172,-0.007412786662983173,0.007412786662983173,-0.007412786662983173,-0.007412786662983173,-0.007412786662983172,-0.007412786662983173,-0.007412786662983173,0.006412786662983173,-0.007412786662983173,-0.007412786662983173
2016-03-21,0.015104379509758572,0.01523521132243233,0.01523521132243233,-0.01523521132243233,0.01523521132243233,0.01523521132243233,0.01523521132243233,0.01523521132243233,0.01523521132243233,-0.01523521132243233,0.01523521132243233,0.01523521132243233
2016-03-22,-0.0014587210617812438,-0.0014713562793070567,-0.0014713562793070567,0.0014713562793070567,-0.0014713562793070567,-0.0014713562793070567,-0.0014713562793070567,-0.0014713562793070567,-0.0014713562793070567,-0.0024713562793070567,-0.0014713562793070567,-0.0014713562793070567
2016-03-23,-0.005988647458600265,-0.006040520201996746,-0.006040520201996746,0.006040520201996746,-0.006040520201996746,-0.006040520201996746,-0.006040520201996746,-0.006040520201996746,-0.0005,-0.006040520201996746,-0.006040520201996746,-0.006040520201996746
2016-03-24,0.007935654509737109,0.008004391928814192,0.008004391928814192,-0.008004391928814192,0.008004391928814192,0.008004391928814192,0.00800439192881419,0.008004391928814192,0.007504391928814191,-0.009004391928814193,0.008004391928814192,0.008004391928814192
2016-03-28,0.0017494530736624821,0.0017646065671685918,0.0017646065671685918,-0.0017646065671685918,0.0017646065671685918,0.0017646065671685918,0.0017646065671685918,0.0017646065671685918,-0.0005,0.0007646065671685917,0.0017646065671685918,0.0017646065671685918
2016-03-29,-0.00130957893046131,-0.0013209223017796035,-0.0013209223017796035,0.0013209223017796035,-0.0013209223017796035,-0.0013209223017796035,-0.0013209223017796035,-0.0013209223017796035,-0.0018209223017796035,-0.0013209223017796035,-0.0013209223017796035,-0.0013209223017796035
2016-03-30,0.011221104716837725,0.01131830020039648,0.01131830020039648,-0.01131830020039648,0.01131830020039648,0.01131830020039648,0.01131830020039648,0.01131830020039648,0.01131830020039648,-0.012318300200396481,0.01131830020039648,0.01131830020039648
2016-03-31,-0.0044668692912780755,-0.004505560626197003,-0.004505560626197003,0.004505560626197003,-0.004505560626197003,-0.004505560626197003,-0.004505560626197002,-0.004505560626197003,-0.004505560626197003,-0.005505560626197003,-0.004505560626197003,-0.004505560626197003
2016-04-01,0.008250746519037597,0.008322213216646723,0.008322213216646723,-0.008322213216646723,0.008322213216646723,0.008322213216646723,0.008322213216646723,0.008322213216646723,0.008322213216646723,-0.009322213216646724,0.008322213216646723,0.008322213216646723
2016-04-04,0.0005742986954832146,0.0005792731824720843,0.0005792731824720843,-0.0005792731824720843,0.0005792731824720843,0.0005792731824720843,0.0005792731824720843,0.0005792731824720843,0.0005792731824720843,-0.00042072681752791576,0.0005792731824720843,0.0005792731824720843
2016-04-05,-0.006599676642469643,-0.006656842026697252,-0.006656842026697252,0.006656842026697252,-0.006656842026697252,-0.006656842026697252,-0.006656842026697252,-0.006656842026697252,-0.006656842026697252,-0.006656842026697252,-0.006656842026697252,-0.006656842026697252
2016-04-06,0.005777531840268646,0.005827575932642937,0.005827575932642937,-0.005827575932642937,0.005827575932642937,0.005827575932642937,0.005827575932642936,0.005827575932642937,0.005827575932642937,-0.006827575932642937,0.005827575932642937,0.005827575932642937
2016-04-07,-0.011775397496902495,-0.011877394179287126,-0.011877394179287126,0.011877394179287126,-0.011877394179287126,-0.011877394179287126,-0.011877394179287126,-0.011877394179287126,-0.011877394179287126,-0.012877394179287127,-0.011877394179287126,-0.011877394179287126
2016-04-08,-0.0023253805029634215,-0.0023455225913002753,-0.0023455225913002753,0.0023455225913002753,-0.0023455225913002753,-0.0023455225913002753,-0.0023455225913002753,-0.0023455225913002753,-0.0023455225913002753,0.0013455225913002753,-0.0023455225913002753,-0.0023455225913002753
2016-04-11,-0.009613609777271954,-0.009696881386852872,-0.009696881386852874,0.009696881386852874,-0.009696881386852874,-0.009696881386852874,-0.009696881386852874,-0.009696881386852874,-0.009696881386852874,0.009696881386852874,-0.009696881386852874,-0.009696881386852874
2016-04-12,0.02059267774950286,0.02077104835757937,0.02077104835757937,0.01977104835757937,0.02077104835757937,0.02077104835757937,0.020771048357579366,0.02077104835757937,-0.0005,-0.02077104835757937,0.02077104835757937,0.02077104835757937
2016-04-13,0.005043832495899558,0.005087521397375783,0.005087521397375783,-0.006087521397375783,0.005087521397375783,0.005087521397375783,0.005087521397375783,0.005087521397375783,0.004587521397375782,0.004087521397375783,0.005087521397375783,0.005087521397375783
2016-04-14,-0.005018301778224263,-0.005061769536549909,-0.005061769536549909,0.005061769536549909,-0.005061769536549909,-0.005061769536549909,-0.005061769536549909,-0.005061769536549909,-0.0005,-0.005061769536549909,-0.005061769536549909,-0.005061769536549909
2016-04-15,0.0037467029891065963,0.003779156354257962,0.003779156354257962,0.002779156354257962,0.003779156354257962,0.003779156354257962,0.003779156354257962,0.003779156354257962,0.0,0.003779156354257962,0.003779156354257962,0.003779156354257962
2016-04-18,0.01148469397085995,0.01158417262400424,0.01158417262400424,-0.012584172624004242,0.01158417262400424,0.01158417262400424,0.01158417262400424,0.01158417262400424,0.01108417262400424,0.01158417262400424,0.01158417262400424,0.01158417262400424
2016-04-19,-0.0012770584150059324,-0.0012881200986201158,-0.0012881200986201158,0.0012881200986201158,-0.0012881200986201158,-0.0012881200986201158,-0.0012881200986201158,-0.0012881200986201158,-0.0005,-0.0012881200986201158,-0.0012881200986201158,-0.0012881200986201158
2016-04-20,-0.007957678604983113,-0.008026606793386515,-0.008026606793386515,0.008026606793386515,-0.008026606793386515,-0.008026606793386515,-0.008026606793386515,-0.008026606793386515,-0.008526606793386515,-0.008026606793386515,-0.008026606793386515,-0.008026606793386515
2016-04-21,-0.010600074865653309,-0.010691891084138483,-0.010691891084138483,-0.011691891084138484,-0.010691891084138483,-0.010691891084138483,-0.010691891084138483,-0.010691891084138483,-0.0005,0.009691891084138482,-0.010691891084138483,-0.010691891084138483
2016-04-22,0.003619774085838899,0.003651128012348348,0.003651128012348348,0.003651128012348348,0.003651128012348348,0.003651128012348348,0.003651128012348348,0.003651128012348348,0.003151128012348348,-0.003651128012348348,0.003651128012348348,0.003651128012348348
2016-04-25,0.010820213493756526,0.01091393651918704,0.01091393651918704,0.01091393651918704,0.01091393651918704,0.01091393651918704,0.01091393651918704,0.01091393651918704,0.01091393651918704,-0.01091393651918704,0.01091393651918704,0.01091393651918704
2016-04-26,-0.002425948090723799,-0.002446961280041293,-0.002446961280041293,0.0014469612800412932,-0.002446961280041293,-0.002446961280041293,-0.002446961280041293,-0.002446961280041293,-0.0005,-0.0034469612800412932,-0.002446961280041293,-0.002446961280041293
2016-04-27,0.001716732600334428,0.0017316026741320822,0.0017316026741320822,-0.0017316026741320822,0.0017316026741320822,0.0017316026741320822,0.0017316026741320822,0.0017316026741320822,0.0012316026741320822,0.0017316026741320822,0.0017316026741320822,0.0017316026741320822
2016-04-28,-0.007283770772993516,-0.007346861675384786,-0.007346861675384786,-0.008346861675384787,-0.007346861675384786,-0.007346861675384786,-0.007346861675384786,-0.007346861675384786,-0.0005,-0.007346861675384786,-0.007346861675384786,-0.007346861675384786
2016-04-29,-0.029349238695623916,-0.029603457288096546,-0.029603457288096546,-0.029603457288096546,-0.029603457288096546,-0.029603457288096546,-0.029603457288096546,-0.029603457288096546,-0.030103457288096547,0.028603457288096545,-0.029603457288096546,-0.029603457288096546
2016-05-02,0.01067449886306431,0.010766959730770687,0.010766959730770687,0.010766959730770687,0.010766959730770687,0.010766959730770687,0.010766959730770687,0.010766959730770687,0.010766959730770687,-0.010766959730770687,0.010766959730770687,0.010766959730770687
2016-05-03,-0.008654154970226915,-0.008729115929807074,-0.008729115929807074,0.007729115929807074,-0.008729115929807074,-0.008729115929807074,-0.008729115929807074,-0.008729115929807074,0.007729115929807074,0.008729115929807074,-0.008729115929807074,-0.008729115929807074
2016-05-04,0.002811309528352852,0.0028356606591850575,0.0028356606591850575,0.0018356606591850575,0.0028356606591850575,0.0028356606591850575,0.0028356606591850575,0.0028356606591850575,-0.0005,-0.0028356606591850575,-0.0005,0.0028356606591850575
2016-05-05,0.0002949893451017961,0.0002975444974477881,0.0002975444974477881,-0.0012975444974477881,0.0002975444974477881,0.0002975444974477881,0.0002975444974477881,0.0002975444974477881,-0.0002024555025522119,-0.0002975444974477881,0.0,0.0002975444974477881
2016-05-06,0.015340953150955816,0.015473834128131081,0.015473834128131081,-0.015473834128131081,0.015473834128131081,0.015473834128131081,0.015473834128131081,0.015473834128131081,-0.016473834128131082,-0.015473834128131081,0.0,0.015473834128131081
2016-05-09,0.01016836028015415,0.010256437053285604,0.010256437053285605,-0.010256437053285605,0.010256437053285605,0.010256437053285605,0.010256437053285605,0.010256437053285605,-0.010256437053285605,0.009256437053285604,0.0,0.010256437053285605
2016-05-10,-0.0023002681997389327,-0.00232019276916684,-0.00232019276916684,0.00232019276916684,-0.00232019276916684,-0.00232019276916684,-0.00232019276916684,-0.00232019276916684,0.00232019276916684,-0.00232019276916684,0.0,-0.00232019276916684
2016-05-11,-0.027293290420679853,-0.02752970070534344,-0.02752970070534344,-0.02852970070534344,-0.02752970070534344,-0.02752970070534344,-0.02752970070534344,-0.02752970070534344,0.02752970070534344,-0.02752970070534344,0.0,-0.02752970070534344
2016-05-12,0.006568677681861778,0.006625574557859392,0.006625574557859393,0.006625574557859393,0.006625574557859393,0.006625574557859393,0.006625574557859393,0.006625574557859393,0.005625574557859393,-0.007625574557859393,0.0,0.006625574557859393
2016-05-13,-0.028326193654207604,-0.028571550787847788,-0.028571550787847788,-0.028571550787847788,-0.028571550787847788,-0.028571550787847788,-0.028571550787847785,-0.028571550787847788,0.027571550787847787,0.028571550787847788,0.0,-0.028571550787847788
2016-05-16,0.016488143036258122,0.0166309607958135,-0.0005,0.0166309607958135,-0.0176309607958135,0.0166309607958135,-0.0176309607958135,0.0166309607958135,-0.0166309607958135,-0.0166309607958135,0.0,0.0166309607958135
2016-05-17,-0.01381583471230387,-0.013935505348084964,-0.014435505348084965,-0.013935505348084964,-0.014935505348084965,0.012935505348084964,-0.014935505348084965,-0.013935505348084964,-0.014935505348084965,0.013935505348084964,0.0,-0.013935505348084964
2016-05-18,-0.029696506132186218,-0.029953732701794133,-0.0005,-0.029953732701794133,0.028953732701794133,0.029953732701794133,0.028953732701794133,-0.029953732701794133,0.028953732701794133,0.029953732701794133,0.029453732701794133,-0.029953732701794133
2016-05-19,0.08129230266343813,0.09580357613582091,0.0,0.09580357613582091,-0.09580357613582091,-0.09580357613582091,-0.09580357613582091,0.09580357613582091,-0.09580357613582091,-0.09580357613582091,-0.09580357613582091,0.09580357613582091
2016-05-20,0.004373712510659744,0.00953747144893069,0.00903747144893069,0.00953747144893069,0.008537471448930689,-0.00953747144893069,0.008537471448930689,-0.010537471448930691,-0.00953747144893069,0.008537471448930689,-0.00953747144893069,0.00953747144893069
2016-05-23,-0.002463423696210866,-0.005153136098734357,-0.005153136098734357,-0.005153136098734356,-0.005153136098734357,0.005153136098734357,-0.005153136098734357,0.005153136098734357,-0.006153136098734357,-0.005153136098734357,0.005153136098734357,-0.005153136098734357
2016-05-24,0.0050899099684444385,0.010647376185445978,0.010647376185445978,0.010647376185445976,0.010647376185445978,-0.010647376185445978,0.010647376185445978,-0.010647376185445978,0.010647376185445978,0.010647376185445978,-0.010647376185445978,0.010647376185445978
2016-05-25,0.00163353681727926,0.0034171294019300635,0.0034171294019300635,0.003417129401930063,0.0034171294019300635,-0.0034171294019300635,0.0034171294019300635,-0.0034171294019300635,0.0034171294019300635,0.0034171294019300635,-0.0034171294019300635,0.0034171294019300635
2016-05-26,0.0025097294754918404,0.005250001279969663,0.005250001279969663,0.005250001279969662,0.005250001279969663,-0.005250001279969663,0.005250001279969663,-0.005250001279969663,0.005250001279969663,0.005250001279969663,-0.0005,0.005250001279969663
2016-05-27,-0.0006748372532425319,-0.0014116646745762074,-0.0014116646745762074,0.00041166467457620735,-0.0014116646745762074,0.0014116646745762074,-0.0014116646745762074,0.0014116646745762074,-0.0014116646745762074,-0.0014116646745762074,0.0,-0.0014116646745762074
2016-05-31,0.00020259936269558743,0.00042380938816699576,0.00042380938816699576,-0.00042380938816699576,0.00042380938816699576,-0.00042380938816699576,0.00042380938816699576,-0.00042380938816699576,0.00042380938816699576,0.00042380938816699576,0.0,0.00042380938816699576
2016-06-01,-0.0018910000278729146,-0.003955706247905422,-0.003955706247905422,0.003955706247905422,-0.003955706247905422,0.003955706247905422,-0.003955706247905422,0.003955706247905422,-0.003955706247905422,-0.003955706247905422,0.0,-0.003955706247905422
2016-06-02,0.003051244347697077,0.006382774274016345,0.006382774274016345,-0.006382774274016344,0.006382774274016345,0.005382774274016345,0.006382774274016345,-0.006382774274016345,0.006382774274016345,-0.007382774274016345,0.0,0.006382774274016345
2016-06-03,-0.0005389256286583001,-0.001127356660506229,-0.001127356660506229,0.001127356660506229,-0.001127356660506229,-0.001127356660506229,-0.001127356660506229,0.001127356660506229,-0.001127356660506229,-0.002127356660506229,-0.001627356660506229,-0.001127356660506229
2016-06-06,0.0012140889972564331,0.002539703522565606,0.002539703522565606,-0.002539703522565606,0.002539703522565606,0.002539703522565606,0.002539703522565606,-0.002539703522565606,0.002539703522565606,0.002539703522565606,0.002539703522565606,0.002539703522565606
2016-06-07,-0.00013449596347567697,-0.0002813466500247719,-0.0002813466500247719,0.0002813466500247719,-0.0002813466500247719,-0.0002813466500247719,-0.0002813466500247719,0.0002813466500247719,-0.0002813466500247719,-0.0002813466500247719,-0.0002813466500247719,-0.0002813466500247719
2016-06-08,0.0016825891192954732,0.003519739922659637,0.003519739922659637,-0.0035197399226596367,0.003519739922659637,0.003519739922659637,0.003519739922659637,-0.003519739922659637,-0.004519739922659637,0.003519739922659637,0.003519739922659637,0.003519739922659637
2016-06-09,-0.0012742734550835776,-0.0026656009484484766,-0.0026656009484484766,0.0026656009484484766,-0.0026656009484484766,-0.0026656009484484766,-0.0026656009484484766,0.0026656009484484766,-0.0036656009484484766,-0.0026656009484484766,-0.0026656009484484766,-0.0026656009484484766
2016-06-10,0.0003361422211605129,0.0007031622764834822,0.0007031622764834822,-0.00029683772351651785,0.0007031622764834822,0.0007031622764834822,0.0007031622764834822,-0.0007031622764834822,0.0007031622764834822,0.0007031622764834822,0.0007031622764834822,0.0007031622764834822
2016-06-13,-0.004098995978253617,-0.008574523406832402,-0.008574523406832402,-0.008574523406832402,-0.008574523406832402,-0.008574523406832402,-0.008574523406832402,0.008574523406832402,-0.008574523406832402,-0.008574523406832402,-0.008574523406832402,-0.008574523406832402
2016-06-14,0.002846622959935043,0.005954735093638419,0.005954735093638419,0.005954735093638419,0.005954735093638419,0.005954735093638419,0.005954735093638419,-0.005954735093638419,0.005954735093638419,-0.0005,0.005954735093638419,0.005954735093638419
2016-06-15,0.0012769881969646657,0.0023960647306928706,0.0023960647306928706,0.0023960647306928706,0.0023960647306928706,0.0023960647306928706,0.0023960647306928706,-0.0023960647306928706,0.0023960647306928706,0.0018960647306928706,0.0023960647306928706,0.0023960647306928706
2016-06-16,0.001385689913900648,0.0025312551276559514,0.0025312551276559514,0.0025312551276559514,0.0025312551276559514,0.0025312551276559514,0.0025312551276559514,-0.0025312551276559514,0.0025312551276559514,0.0025312551276559514,0.0025312551276559514,0.0025312551276559514
2016-06-17,-0.002687434340764528,-0.004909166103511553,-0.004909166103511553,-0.004909166103511553,-0.004909166103511553,-0.004909166103511553,-0.004909166103511553,0.004909166103511553,-0.004909166103511553,-0.004909166103511553,-0.004909166103511553,-0.004909166103511553
2016-06-20,0.001157394610249832,0.0021142255655663966,0.0021142255655663966,0.0021142255655663966,0.0021142255655663966,0.0021142255655663966,0.0021142255655663966,-0.0021142255655663966,-0.0031142255655663966,-0.0005,0.0021142255655663966,0.0021142255655663966
2016-06-21,0.004837075475708101,0.005063359503983067,0.005063359503983067,0.005063359503983067,0.005063359503983067,0.005063359503983067,0.005063359503983067,-0.005063359503983067,0.004063359503983067,0.0045633595039830666,0.005063359503983067,0.005063359503983067
2016-06-22,0.004058501802397085,0.004058501802397085,0.004058501802397085,0.004058501802397085,0.004058501802397085,0.004058501802397085,0.004058501802397085,-0.004058501802397085,0.004058501802397085,0.004058501802397085,0.004058501802397085,0.004058501802397085
2016-06-23,0.004877712262517209,0.004877712262517209,0.004877712262517209,0.004877712262517209,0.004877712262517209,0.004877712262517209,0.004877712262517209,-0.004877712262517209,0.004877712262517209,0.004877712262517209,0.004877712262517209,0.004877712262517209
2016-06-24,-0.001941500952100328,-0.001941500952100328,-0.001941500952100328,-0.001941500952100328,-0.001941500952100328,-0.001941500952100328,-0.001941500952100328,0.001941500952100328,-0.001941500952100328,-0.001941500952100328,-0.001941500952100328,-0.001941500952100328
2016-06-27,-0.006392924336171668,-0.006392924336171668,-0.006392924336171668,-0.006392924336171668,-0.006392924336171668,-0.006392924336171668,-0.006392924336171668,0.006392924336171668,-0.006392924336171668,-0.006392924336171668,-0.006392924336171668,-0.006392924336171668
2016-06-28,0.00014007366675050648,0.0001400736667505064,0.00014007366675050648,0.00014007366675050648,0.00014007366675050648,0.00014007366675050648,0.00014007366675050648,-0.00014007366675050648,0.00014007366675050648,-0.0005,0.00014007366675050648,0.00014007366675050648
2016-06-29,0.013284759682104852,0.013284759682104852,0.013284759682104852,0.013284759682104852,0.013284759682104852,0.013284759682104852,0.013284759682104852,-0.013284759682104852,0.013284759682104852,0.0,0.013284759682104852,0.013284759682104852
2016-06-30,0.007728360848020532,0.007728360848020532,0.007728360848020532,0.007728360848020532,0.007728360848020532,0.007728360848020532,0.007728360848020532,-0.007728360848020532,0.007728360848020532,0.007228360848020532,0.007728360848020532,0.007728360848020532
2016-07-01,-0.002875839322606155,-0.0028758393226061547,-0.002875839322606155,-0.002875839322606155,-0.002875839322606155,-0.002875839322606155,-0.002875839322606155,0.002875839322606155,-0.002875839322606155,-0.002875839322606155,-0.002875839322606155,-0.002875839322606155
2016-07-05,0.004531969531400115,0.004531969531400115,0.004531969531400115,0.004531969531400115,0.004531969531400115,0.004531969531400115,0.004531969531400115,-0.004531969531400115,0.004531969531400115,0.004531969531400115,0.004531969531400115,0.004531969531400115
2016-07-06,0.009297378047605553,0.009297378047605553,0.009297378047605553,0.009297378047605553,0.009297378047605553,0.009297378047605553,0.009297378047605553,-0.009297378047605553,0.009297378047605553,0.009297378047605553,0.009297378047605553,0.009297378047605553
2016-07-07,-0.0039280164628243686,-0.0039280164628243686,-0.0039280164628243686,-0.0039280164628243686,-0.0039280164628243686,-0.0039280164628243686,-0.0039280164628243686,0.0039280164628243686,-0.0039280164628243686,-0.0039280164628243686,-0.0039280164628243686,-0.0039280164628243686
2016-07-08,0.004215827009052653,0.004215827009052653,0.004215827009052653,0.004215827009052653,0.004215827009052653,0.004215827009052653,0.004215827009052653,-0.004215827009052653,0.004215827009052653,0.004215827009052653,0.004215827009052653,0.004215827009052653
2016-07-11,0.0029794448456932354,0.0029794448456932354,0.0029794448456932354,0.0029794448456932354,0.0029794448456932354,0.0029794448456932354,0.0029794448456932354,-0.0029794448456932354,0.0029794448456932354,0.0029794448456932354,0.0029794448456932354,0.0029794448456932354
2016-07-12,-0.010666945404059769,-0.010666945404059769,-0.010666945404059769,-0.010666945404059769,-0.010666945404059769,-0.010666945404059769,-0.010666945404059769,0.010666945404059769,-0.010666945404059769,-0.010666945404059769,-0.010666945404059769,-0.010666945404059769
2016-07-13,0.004776802983871065,0.004776802983871065,0.004776802983871065,0.004776802983871065,0.004776802983871065,0.004776802983871065,0.004776802983871065,-0.004776802983871065,0.004776802983871065,-0.0005,0.004776802983871065,0.004776802983871065
2016-07-14,0.0010868402164543323,0.0010868402164543323,0.0010868402164543323,0.0010868402164543323,0.0010868402164543323,0.0010868402164543323,0.0010868402164543323,-0.0010868402164543323,0.0010868402164543323,0.0005868402164543323,0.0010868402164543323,0.0010868402164543323
2016-07-15,-0.0004071226039513709,-0.0004071226039513709,-0.0004071226039513709,-0.0004071226039513709,-0.0004071226039513709,-0.0004071226039513709,-0.0004071226039513709,0.0004071226039513709,-0.0004071226039513709,-0.0004071226039513709,-0.0004071226039513709,-0.0004071226039513709
2016-07-18,0.002307413203760156,0.0023074132037601554,0.002307413203760156,0.002307413203760156,0.002307413203760156,0.002307413203760156,0.002307413203760156,-0.002307413203760156,0.002307413203760156,0.002307413203760156,0.002307413203760156,0.002307413203760156
2016-07-19,-0.002438012600655237,-0.002438012600655237,-0.002438012600655237,-0.002438012600655237,-0.002438012600655237,-0.002438012600655237,-0.002438012600655237,0.002438012600655237,-0.002438012600655237,-0.002438012600655237,-0.002438012600655237,-0.002438012600655237
2016-07-20,0.001765064515067527,0.001765064515067527,0.001765064515067527,0.001765064515067527,0.001765064515067527,0.001765064515067527,0.001765064515067527,-0.001765064515067527,0.001765064515067527,0.001765064515067527,0.001765064515067527,0.001765064515067527
2016-07-21,-0.0036590820932788093,-0.0036590820932788093,-0.0036590820932788093,-0.0036590820932788093,-0.0036590820932788093,-0.0036590820932788093,-0.0036590820932788093,0.0036590820932788093,-0.0036590820932788093,-0.0036590820932788093,-0.0036590820932788093,-0.0036590820932788093
2016-07-22,0.0004083973533999252,0.0004083973533999252,0.0004083973533999252,0.0004083973533999252,0.0004083973533999252,0.0004083973533999252,0.0004083973533999252,-0.0004083973533999252,0.0004083973533999252,-0.0005,0.0004083973533999252,0.0004083973533999252
2016-07-25,0.0027191307520135766,0.0027191307520135766,0.0027191307520135766,0.0027191307520135766,0.0027191307520135766,0.0027191307520135766,0.0027191307520135766,-0.0027191307520135766,0.0027191307520135766,0.0,0.0027191307520135766,0.0027191307520135766
2016-07-26,-0.00027123110394844385,-0.00027123110394844385,-0.00027123110394844385,-0.00027123110394844385,-0.00027123110394844385,-0.00027123110394844385,-0.00027123110394844385,0.00027123110394844385,-0.00027123110394844385,-0.0007712311039484439,-0.00027123110394844385,-0.00027123110394844385
2016-07-27,-0.005561007402887341,-0.005561007402887341,-0.005561007402887341,-0.005561007402887341,-0.005561007402887341,-0.005561007402887341,-0.00556100740288734,0.005561007402887341,-0.005561007402887341,-0.005561007402887341,-0.005561007402887341,-0.005561007402887341
2016-07-28,-0.0010908231196928853,-0.0010908231196928853,-0.0010908231196928853,-0.0010908231196928853,-0.0010908231196928853,-0.0010908231196928853,-0.0010908231196928853,0.0010908231196928853,9.082311969288524e-05,-0.0005,-0.0010908231196928853,-0.0010908231196928853
2016-07-29,-0.0036867451847300003,-0.0036867451847300003,-0.0036867451847300003,-0.0036867451847300003,-0.0036867451847300003,-0.0036867451847300003,-0.0036867451847300003,0.0036867451847300003,0.0036867451847300003,0.0,-0.0036867451847300003,-0.0036867451847300003
2016-08-01,0.01110050957655706,0.01110050957655706,0.01110050957655706,0.01110050957655706,0.01110050957655706,0.01110050957655706,0.01110050957655706,-0.01110050957655706,0.01010050957655706,0.0,0.01110050957655706,0.01110050957655706
2016-08-02,-0.008809766551844844,-0.008809766551844844,-0.008809766551844844,-0.008809766551844844,-0.008809766551844844,-0.008809766551844844,-0.008809766551844844,0.008809766551844844,0.007809766551844844,-0.009309766551844845,-0.0005,-0.008809766551844844
2016-08-03,-0.002598261302525162,-0.002598261302525162,-0.002598261302525162,-0.002598261302525162,-0.002598261302525162,-0.002598261302525162,-0.002598261302525162,0.002598261302525162,0.002598261302525162,-0.0005,0.0,-0.002598261302525162
2016-08-04,0.004935256495282703,0.004935256495282703,0.004935256495282703,0.004935256495282703,0.004935256495282703,0.004935256495282703,0.004935256495282703,-0.004935256495282703,-0.004935256495282703,0.0,0.0,0.004935256495282703
2016-08-05,0.006276058325507039,0.006276058325507038,0.006276058325507039,0.006276058325507039,0.006276058325507039,0.006276058325507039,0.006276058325507039,-0.006276058325507039,-0.006276058325507039,0.005776058325507039,0.0,0.006276058325507039
2016-08-08,-0.005694157258172128,-0.005694157258172128,-0.005694157258172128,-0.005694157258172128,-0.005694157258172128,-0.005694157258172128,-0.005694157258172128,0.005694157258172128,0.005694157258172128,-0.005694157258172128,0.0,-0.005694157258172128
2016-08-09,0.002726638162183992,0.002726638162183992,0.002726638162183992,0.002726638162183992,0.002726638162183992,0.002726638162183992,0.002726638162183992,-0.002726638162183992,-0.002726638162183992,-0.0005,0.0,0.002726638162183992
2016-08-10,0.012459120449459293,0.012459120449459293,0.012459120449459293,0.012459120449459293,0.012459120449459293,0.012459120449459293,0.012459120449459293,-0.012459120449459293,-0.012459120449459293,0.011959120449459293,0.0,0.012459120449459293
2016-08-11,-0.002028380501577498,-0.002028380501577498,-0.002028380501577498,-0.002028380501577498,-0.002028380501577498,-0.002028380501577498,-0.002028380501577498,0.002028380501577498,-0.003028380501577498,-0.002028380501577498,0.0,-0.002028380501577498
2016-08-12,0.0012193919606628967,0.0012193919606628967,0.0012193919606628967,0.0012193919606628965,0.0012193919606628967,0.0012193919606628967,0.0012193919606628967,-0.0012193919606628967,-0.0022193919606628967,0.0012193919606628967,0.0,0.0012193919606628967
2016-08-15,-0.007713776148207563,-0.007713776148207563,-0.007713776148207563,-0.007713776148207562,-0.007713776148207563,-0.007713776148207563,-0.007713776148207563,0.007713776148207563,0.007713776148207563,-0.007713776148207563,-0.008213776148207563,-0.007713776148207563
2016-08-16,-0.005864891406681116,-0.005864891406681116,-0.005864891406681116,-0.0058648914066811155,-0.005864891406681116,-0.005864891406681116,-0.005864891406681116,0.005864891406681116,-0.0068648914066811164,-0.0005,-0.005864891406681116,-0.005864891406681116
2016-08-17,0.0005487488942685914,0.0005487488942685914,0.0005487488942685914,0.0005487488942685913,0.0005487488942685914,0.0005487488942685914,0.0005487488942685914,-0.0005487488942685914,0.0005487488942685914,0.0,0.0005487488942685914,0.0005487488942685914
2016-08-18,0.01878492125159248,0.01878492125159248,0.01878492125159248,0.01878492125159248,0.01878492125159248,0.01878492125159248,0.01878492125159248,-0.01878492125159248,0.01878492125159248,0.0,0.01878492125159248,0.01878492125159248
2016-08-19,-0.02005374252280412,-0.02005374252280412,-0.02005374252280412,-0.02005374252280412,-0.02005374252280412,-0.02005374252280412,-0.020053742522804115,0.02005374252280412,-0.02005374252280412,-0.02055374252280412,-0.02005374252280412,-0.02005374252280412
2016-08-22,-0.0015107874047121106,-0.0015107874047121106,-0.0015107874047121106,-0.0015107874047121104,-0.0015107874047121106,-0.0015107874047121106,-0.0015107874047121106,0.0015107874047121106,-0.0015107874047121106,-0.0005,-0.0015107874047121106,-0.0015107874047121106
2016-08-23,-0.010041237224636346,-0.010041237224636346,-0.010041237224636346,-0.010041237224636346,-0.010041237224636346,-0.010041237224636346,-0.010041237224636346,0.010041237224636346,-0.010041237224636346,0.0,-0.010041237224636346,-0.010041237224636346
2016-08-24,0.003612792730780301,0.003612792730780301,0.003612792730780301,0.0036127927307803005,0.003612792730780301,0.003612792730780301,0.003612792730780301,0.002612792730780301,0.003612792730780301,0.0,0.003612792730780301,0.003612792730780301
2016-08-25,-0.013983195561956707,-0.013983195561956705,-0.013983195561956707,-0.013983195561956707,-0.013983195561956707,-0.013983195561956707,-0.013983195561956707,-0.013983195561956707,-0.013983195561956707,0.0,-0.013983195561956707,-0.013983195561956707
2016-08-26,-0.0011234223592382353,-0.0011234223592382353,-0.0011234223592382353,-0.0011234223592382353,-0.0011234223592382353,-0.0011234223592382353,-0.0011234223592382353,-0.0011234223592382353,-0.0011234223592382353,0.0,-0.0005,-0.0011234223592382353
2016-08-29,0.0036549438697919268,0.0036549438697919268,0.0036549438697919268,0.0036549438697919268,0.0036549438697919268,0.0036549438697919268,0.0036549438697919268,0.0036549438697919268,0.0036549438697919268,0.0,0.0,0.0036549438697919268
2016-08-30,-0.001260569224192043,-0.001260569224192043,-0.001260569224192043,-0.001260569224192043,-0.001260569224192043,-0.001260569224192043,-0.001260569224192043,-0.001260569224192043,-0.001260569224192043,0.0,0.0,-0.001260569224192043
2016-08-31,0.0018229728719940663,0.0018229728719940663,0.0018229728719940663,0.0018229728719940663,0.0018229728719940663,0.0018229728719940663,0.0018229728719940663,0.0018229728719940663,0.0018229728719940663,0.0,0.0,0.0018229728719940663
2016-09-01,0.01959698374842267,0.01959698374842267,0.01959698374842267,0.01959698374842267,0.01959698374842267,0.01959698374842267,0.019596983748422666,0.01959698374842267,0.01959698374842267,0.0,0.0,0.01959698374842267
2016-09-02,-0.004667985125056284,-0.004667985125056284,-0.004667985125056284,-0.004667985125056284,-0.004667985125056284,-0.004667985125056284,-0.004667985125056284,-0.004667985125056284,0.0036679851250562842,-0.005167985125056285,0.0,-0.004667985125056284
2016-09-06,0.006896494474736503,0.006896494474736503,0.006896494474736503,0.006896494474736503,0.006896494474736503,0.006896494474736503,0.006896494474736503,0.006896494474736503,0.005896494474736503,0.006896494474736503,0.0,0.006896494474736503
2016-09-07,-0.012876495010017752,-0.012876495010017752,-0.012876495010017752,-0.012876495010017752,-0.012876495010017752,-0.012876495010017752,-0.012876495010017752,-0.012876495010017752,0.011876495010017751,-0.012876495010017752,0.0,-0.012876495010017752
2016-09-08,-0.003191720070797377,-0.003191720070797377,-0.003191720070797377,-0.003191720070797377,-0.003191720070797377,-0.003191720070797377,-0.003191720070797377,-0.003191720070797377,-0.004191720070797377,-0.0005,0.0,-0.003191720070797377
2016-09-09,-0.021300449591430737,-0.021300449591430737,-0.021300449591430737,0.020300449591430736,-0.021300449591430737,0.020300449591430736,-0.021300449591430737,-0.021300449591430737,-0.021300449591430737,0.0,0.0,-0.021300449591430737
2016-09-12,0.023328569665539423,0.023328569665539423,-0.0005,-0.023328569665539423,-0.0005,-0.023328569665539423,0.023328569665539423,0.023328569665539423,0.023328569665539423,0.0,0.0,0.023328569665539423
2016-09-13,-0.006672039566197552,-0.006672039566197552,-0.007172039566197552,0.006672039566197552,-0.007172039566197552,0.006672039566197552,-0.006672039566197552,-0.006672039566197552,-0.006672039566197552,-0.007172039566197552,0.0,-0.006672039566197552
2016-09-14,0.0008394530638238251,0.0008394530638238251,0.0008394530638238251,-0.0008394530638238251,0.0008394530638238251,-0.0008394530638238251,0.0008394530638238251,0.0008394530638238251,0.0008394530638238251,-0.0005,0.0,0.0008394530638238251
2016-09-15,0.012304204447875167,0.012304204447875167,0.012304204447875167,-0.012304204447875167,0.012304204447875167,-0.012304204447875167,0.012304204447875167,0.012304204447875167,0.012304204447875167,0.0,0.0,0.012304204447875167
2016-09-16,0.006491882904761326,0.006491882904761326,0.006491882904761326,-0.006491882904761326,0.006491882904761326,-0.006491882904761326,0.006491882904761326,0.006491882904761326,0.006491882904761326,0.005991882904761325,0.0,0.006491882904761326
2016-09-19,-0.010704143899090801,-0.010704143899090801,-0.010704143899090801,0.010704143899090801,-0.010704143899090801,0.010704143899090801,-0.010704143899090801,-0.010704143899090801,0.0097041438990908,-0.010704143899090801,0.0,-0.010704143899090801
2016-09-20,-0.0016645157877142047,-0.0016645157877142047,-0.0016645157877142047,0.0016645157877142047,-0.0016645157877142047,0.0016645157877142047,-0.0016645157877142047,-0.0016645157877142047,-0.0026645157877142047,-0.0005,0.0,-0.0016645157877142047
2016-09-21,0.003056935099111424,0.003056935099111424,0.003056935099111424,-0.003056935099111424,0.003056935099111424,-0.003056935099111424,0.003056935099111424,0.003056935099111424,0.003056935099111424,0.0,0.0,0.003056935099111424
2016-09-22,0.001107952491057107,0.001107952491057107,0.001107952491057107,-0.001107952491057107,0.001107952491057107,-0.001107952491057107,0.001107952491057107,0.001107952491057107,-0.002107952491057107,0.000607952491057107,0.0,0.001107952491057107
2016-09-23,0.0011073812692656837,0.0011073812692656837,0.0011073812692656837,-0.0011073812692656837,0.0011073812692656837,-0.0011073812692656837,0.0011073812692656837,0.0011073812692656837,0.00010738126926568368,0.0011073812692656837,0.0,0.0011073812692656837
2016-09-26,-0.010090183285477727,-0.010090183285477726,-0.010090183285477727,0.010090183285477727,-0.010090183285477727,0.010090183285477727,-0.010090183285477727,-0.010090183285477727,-0.010090183285477727,-0.010090183285477727,-0.010590183285477728,-0.010090183285477727
2016-09-27,0.009913556978238924,0.009913556978238924,0.009913556978238924,-0.009913556978238924,0.009913556978238924,-0.009913556978238924,0.009913556978238924,0.009913556978238924,0.009913556978238924,-0.0005,0.009913556978238924,0.009913556978238924
2016-09-28,-0.00746588687943095,-0.00746588687943095,-0.00746588687943095,0.00746588687943095,-0.00746588687943095,0.00746588687943095,-0.00746588687943095,-0.00746588687943095,-0.00746588687943095,-0.00796588687943095,-0.00746588687943095,-0.00746588687943095
2016-09-29,-0.014765277174151548,-0.014765277174151548,-0.014765277174151548,0.014765277174151548,-0.014765277174151548,0.014765277174151548,-0.014765277174151548,-0.014765277174151548,-0.014765277174151548,-0.0005,-0.014765277174151548,-0.014765277174151548
2016-09-30,0.019652206003265782,0.019652206003265782,-0.0005,-0.019652206003265782,-0.0005,-0.019652206003265782,0.019652206003265782,0.019652206003265782,0.019652206003265782,0.0,0.019652206003265782,0.019652206003265782
2016-10-03,-0.00152514792275249,-0.00152514792275249,-0.00202514792275249,0.00152514792275249,-0.00202514792275249,0.00152514792275249,-0.00152514792275249,-0.00152514792275249,0.00052514792275249,-0.00202514792275249,-0.0005,-0.00152514792275249
2016-10-04,-0.003610691741864347,-0.003610691741864347,-0.003610691741864347,0.003610691741864347,-0.003610691741864347,0.003610691741864347,-0.003610691741864347,-0.003610691741864347,-0.004610691741864347,-0.003610691741864347,0.0,-0.003610691741864347
2016-10-05,-0.0011146527880597779,-0.0011146527880597779,-0.0011146527880597779,0.0011146527880597779,-0.0011146527880597779,0.0011146527880597779,-0.0011146527880597779,-0.0011146527880597779,-0.0011146527880597779,-0.0011146527880597779,0.0,-0.0011146527880597779
2016-10-06,-0.03223126865567427,-0.03223126865567427,-0.0005,0.03223126865567427,-0.0005,0.03223126865567427,-0.03223126865567427,-0.03223126865567427,-0.03223126865567427,-0.03223126865567427,0.0,-0.03223126865567427
2016-10-07,-0.009515802018593256,-0.009515802018593256,0.0,0.009515802018593256,0.0,0.009515802018593256,-0.009515802018593256,-0.009515802018593256,-0.009515802018593256,-0.0005,0.0,-0.009515802018593256
2016-10-10,-0.010480203633271179,-0.010480203633271179,0.0,0.010480203633271179,0.0,0.010480203633271179,-0.010480203633271177,-0.010480203633271179,-0.010480203633271179,0.0,0.009980203633271179,-0.010480203633271179
2016-10-11,-0.008678930309827915,-0.008678930309827915,0.0,-0.009678930309827916,0.0,0.008678930309827915,-0.008678930309827913,-0.008678930309827915,-0.008678930309827915,0.0,0.008678930309827915,-0.008678930309827915
2016-10-12,0.0010388614247363037,-0.0005,0.0,0.0010388614247363037,0.0,-0.0010388614247363037,-0.0020388614247363037,0.0010388614247363037,0.0010388614247363037,0.0,-0.0010388614247363037,0.0010388614247363037
2016-10-13,0.011414413550184133,0.0,0.0,0.011414413550184133,0.0,-0.011414413550184133,-0.011414413550184133,0.011414413550184133,0.011414413550184133,0.0,-0.011414413550184133,0.011414413550184133
2016-10-14,0.003224002675139337,0.002724002675139337,0.0,0.003224002675139337,0.0,-0.003224002675139337,0.0022240026751393365,0.003224002675139337,0.003224002675139337,0.002724002675139337,-0.003224002675139337,0.003224002675139337
2016-10-17,-0.003360147600309449,-0.0005,0.0,-0.003360147600309449,0.0,0.003360147600309449,0.002360147600309449,-0.003360147600309449,-0.003360147600309449,-0.003360147600309449,0.003360147600309449,-0.003360147600309449
2016-10-18,0.009528115245351243,0.0,0.0,0.009528115245351243,0.0,-0.009528115245351243,-0.009528115245351243,0.009528115245351243,0.009528115245351243,0.009528115245351243,-0.009528115245351243,0.009528115245351243
2016-10-19,0.0002901444271208309,-0.00020985557287916913,0.0,-0.001290144427120831,0.0,-0.0002901444271208309,-0.0007098555728791691,0.0002901444271208309,0.0002901444271208309,0.0002901444271208309,-0.0002901444271208309,0.0002901444271208309
2016-10-20,-0.0023225434840096204,-0.0023225434840096204,0.0,0.0023225434840096204,0.0,0.0023225434840096204,-0.0023225434840096204,-0.0023225434840096204,-0.0023225434840096204,-0.0023225434840096204,0.0023225434840096204,-0.0023225434840096204
2016-10-21,-0.005674409479768383,-0.005674409479768383,0.0,-0.006674409479768383,0.0,0.005674409479768383,-0.005674409479768383,-0.005674409479768383,-0.005674409479768383,-0.005674409479768383,0.005674409479768383,-0.005674409479768383
2016-10-24,0.012437806760857706,-0.0005,0.0,0.012437806760857706,0.0,-0.012437806760857706,-0.013437806760857707,0.012437806760857706,0.012437806760857706,-0.0005,-0.012437806760857706,0.012437806760857706
2016-10-25,0.002457216654342398,0.0019572166543423974,0.0,-0.003457216654342398,0.0,-0.002457216654342398,0.0014572166543423979,0.002457216654342398,0.002457216654342398,0.001957216654342398,-0.002457216654342398,0.002457216654342398
2016-10-26,0.0033163550824195642,0.0033163550824195642,0.0,-0.0033163550824195642,0.0,-0.0033163550824195642,0.0033163550824195642,0.0033163550824195642,-0.004316355082419564,0.0033163550824195642,-0.0033163550824195642,0.0033163550824195642
2016-10-27,0.003448429996521174,0.003448429996521174,0.0,-0.003448429996521174,0.0,-0.003448429996521174,0.003448429996521174,0.003448429996521174,-0.003448429996521174,0.003448429996521174,-0.003448429996521174,0.003448429996521174
2016-10-28,0.0022909882373083335,0.0022909882373083335,0.0,-0.0022909882373083335,0.0,-0.0022909882373083335,0.0022909882373083335,0.0022909882373083335,-0.0022909882373083335,0.0022909882373083335,-0.0022909882373083335,0.0022909882373083335
2016-10-31,0.0004287837362850766,0.0004287837362850766,0.0,-0.0004287837362850766,0.0,-0.0004287837362850766,0.0004287837362850765,0.0004287837362850766,-0.0004287837362850766,0.0004287837362850766,-0.0004287837362850766,0.0004287837362850766
2016-11-01,-0.010282632604269204,-0.010282632604269204,0.0,0.010282632604269204,0.0,0.010282632604269204,-0.010282632604269204,-0.010282632604269204,0.010282632604269204,-0.010282632604269204,-0.0005,-0.010282632604269204
2016-11-02,0.0021644837893513014,0.002164483789351301,0.0,-0.0021644837893513014,0.0,-0.0021644837893513014,0.0021644837893513014,0.0021644837893513014,0.0011644837893513013,-0.0005,0.0,0.0021644837893513014
2016-11-03,0.0025916343868608305,0.0025916343868608305,0.0,-0.0025916343868608305,0.0,-0.0025916343868608305,0.0025916343868608305,0.0025916343868608305,0.0025916343868608305,0.0,0.0,0.0025916343868608305
2016-11-04,-0.00674984971307091,-0.00674984971307091,0.0,0.00674984971307091,0.0,0.00674984971307091,-0.00674984971307091,-0.00674984971307091,0.00574984971307091,-0.0072498497130709105,0.0,-0.00674984971307091
2016-11-07,0.008964780820118978,0.008964780820118978,0.0,0.007964780820118977,0.0,-0.008964780820118978,0.008964780820118978,0.008964780820118978,0.007964780820118977,-0.0005,0.0,0.008964780820118978
2016-11-08,-2.6993603579510486e-07,0.00014313188852499437,0.0,-0.0011431318885249944,0.0,-0.00014313188852499437,-0.0011431318885249944,0.00014313188852499437,-0.0011431318885249944,-0.00035686811147500564,0.0,0.00014313188852499437
2016-11-09,0.02631307460771128,0.01877046083713285,0.0,-0.018770460837132852,0.0,-0.018770460837132852,-0.018770460837132852,0.018770460837132852,-0.018770460837132852,0.018770460837132852,0.0,0.018770460837132852
2016-11-10,0.0057176752054205636,0.004078709923595936,0.0,-0.004078709923595935,0.0035787099235959356,-0.004078709923595936,-0.004078709923595936,-0.0005,-0.004078709923595936,0.004078709923595936,0.0,0.004078709923595936
2016-11-11,-0.003141540715827791,-0.0022410215398174227,0.0,0.0022410215398174223,-0.0022410215398174227,0.0022410215398174227,0.0022410215398174223,0.0,0.0022410215398174227,-0.0022410215398174227,0.0,-0.0022410215398174227
2016-11-14,-0.014563740691201539,-0.010389060509342516,0.0,0.010389060509342518,-0.010389060509342518,0.010389060509342518,0.010389060509342518,0.0,0.010389060509342518,-0.010389060509342518,0.0,-0.010389060509342518
2016-11-15,0.01849577637738719,0.013193982509454472,0.0,-0.013193982509454472,0.013193982509454472,-0.013193982509454472,-0.013193982509454472,0.0,-0.013193982509454472,-0.0005,0.0,0.013193982509454472
2016-11-16,-0.000589711894941096,-0.0004206716316587089,0.0,0.0004206716316587089,-0.0004206716316587089,0.0004206716316587089,0.0004206716316587089,0.0,-0.001420671631658709,-0.0009206716316587089,0.0,-0.0004206716316587089
2016-11-17,-0.04319960403504984,-0.030816485257177617,0.0,0.030816485257177614,-0.030816485257177617,-0.03181648525717762,0.030816485257177617,0.0,-0.030816485257177617,-0.030816485257177617,0.0,-0.030816485257177617
2016-11-18,-0.008953616409490016,-0.0005,0.0,-0.010394343300004216,-0.0005,-0.009394343300004215,0.009394343300004215,0.0,-0.009394343300004215,-0.0005,0.0,-0.009394343300004215
2016-11-21,0.011236166154325449,0.0,0.0,0.012109773495478482,0.0,0.012109773495478482,-0.012109773495478482,0.0,0.012109773495478482,0.0,0.0,0.012109773495478482
2016-11-22,0.010031550037610056,0.0,0.0,0.010811498966420308,0.0,0.010811498966420308,-0.010811498966420308,0.0,0.010811498966420308,0.0,0.0,0.010811498966420308
2016-11-23,0.00939515728715805,0.009625626938871867,0.0,-0.011125626938871865,0.0,0.010125626938871868,-0.010125626938871868,0.0,-0.011125626938871869,0.009625626938871867,0.0,0.010125626938871868
2016-11-25,0.005239789816702821,0.00564718134038622,0.0,-0.0056471813403862195,0.00514718134038622,0.00564718134038622,-0.00564718134038622,0.0,0.00464718134038622,0.00564718134038622,0.0,0.00564718134038622
2016-11-28,-0.0005210277849569202,-0.0005615374829830433,0.0,0.0005615374829830432,-0.0005615374829830433,-0.0005615374829830433,-0.0015615374829830433,0.0,-0.0005615374829830433,-0.0005615374829830433,0.0,-0.0005615374829830433
2016-11-29,0.00234607456988519,0.002528480911959008,0.0,-0.002528480911959008,0.002528480911959008,0.002528480911959008,-0.003528480911959008,0.0,-0.003528480911959008,0.002528480911959008,0.0,0.002528480911959008
2016-11-30,-0.012220705419676623,-0.013170860287632924,0.0,0.013170860287632922,-0.013170860287632924,-0.013170860287632924,-0.014170860287632925,0.0,0.013170860287632924,-0.013170860287632924,0.0,-0.013170860287632924
2016-12-01,0.0031616762044589975,-0.0005,0.0,-0.0034074952413643,0.0034074952413643,0.0034074952413643,-0.0044074952413643,0.0,-0.0034074952413643,-0.0005,0.0,0.0034074952413643
2016-12-02,0.0027572717329839955,0.002471648486976841,0.0,-0.0029716484869768407,0.002971648486976841,0.002971648486976841,-0.002971648486976841,0.0,-0.002971648486976841,0.0,-0.003471648486976841,0.002971648486976841
2016-12-05,-0.012305012646273377,-0.013261722366752826,0.0,0.013261722366752824,-0.013261722366752826,-0.013261722366752826,0.013261722366752826,0.0,0.013261722366752826,-0.013761722366752827,-0.0005,-0.013261722366752826
2016-12-06,0.004934511412301437,-0.0005,0.0,-0.006005135546283569,-0.0005,0.006005135546283569,-0.006005135546283568,0.0,0.005005135546283569,-0.0005,0.0,0.006005135546283569
2016-12-07,0.008790424877415964,0.0,0.0,-0.010592484865819207,0.010092484865819207,0.010592484865819207,-0.010592484865819207,0.0,-0.011592484865819208,0.010092484865819207,0.0,0.010592484865819207
2016-12-08,-0.00217414139956438,-0.004182595511347531,0.0,0.0036825955113475306,-0.0036825955113475306,-0.0036825955113475306,0.0036825955113475306,0.0,0.0036825955113475306,-0.0036825955113475306,0.0,-0.0036825955113475306
2016-12-09,-0.0020363373773321534,-0.003696302599696555,0.0,0.0036963025996965544,-0.003696302599696555,-0.003696302599696555,-0.004696302599696555,0.0,0.003696302599696555,-0.003696302599696555,0.0,-0.003696302599696555
2016-12-12,0.013338065666880311,0.022688447090453145,0.0,-0.022688447090453145,0.022688447090453145,0.022688447090453145,-0.023688447090453146,0.0,-0.022688447090453145,-0.0005,0.0,0.022688447090453145
2016-12-13,0.0009413098317021163,0.0018136670680590772,0.0013136670680590772,-0.0018136670680590772,0.0018136670680590772,0.0018136670680590772,0.0008136670680590772,0.0,0.0008136670680590772,0.0013136670680590772,0.0,0.0018136670680590772
2016-12-14,-0.003426444833279087,-0.006406569897172809,-0.006406569897172809,0.006406569897172809,-0.006406569897172809,-0.006406569897172809,-0.006406569897172809,0.0,-0.006406569897172809,-0.006406569897172809,0.0,-0.006406569897172809
2016-12-15,-0.001979158527383444,-0.0036445841103661665,-0.003644584110366167,0.0036445841103661665,-0.003644584110366167,-0.003644584110366167,0.002644584110366167,0.0,-0.003644584110366167,-0.003644584110366167,0.0,-0.003644584110366167
2016-12-16,-0.0007904959783269628,-0.0014063965586782465,-0.0014063965586782468,0.0014063965586782465,-0.0014063965586782468,-0.0014063965586782468,0.0014063965586782468,0.0,0.00040639655867824673,-0.0005,0.0,-0.0014063965586782468
2016-12-19,0.004704649865814648,0.008452817752534703,0.008452817752534703,-0.008452817752534703,0.008452817752534703,0.008452817752534703,-0.008452817752534703,0.0,0.0074528177525347026,0.0,0.0,0.008452817752534703
2016-12-20,0.0022876263312130926,0.003353218081958209,0.003353218081958209,-0.003353218081958209,0.003353218081958209,0.003353218081958209,0.002353218081958209,0.0,0.003353218081958209,0.002853218081958209,0.0,0.003353218081958209
2016-12-21,-0.005960895989251121,-0.00807602162542975,-0.008076021625429752,0.008076021625429752,-0.008076021625429752,-0.008076021625429752,-0.008076021625429752,0.0,-0.008076021625429752,-0.008076021625429752,0.0,-0.008076021625429752
2016-12-22,-0.017025147581946114,-0.02316119475653422,-0.02316119475653422,0.023161194756534217,-0.02316119475653422,-0.02316119475653422,0.022161194756534216,0.0,-0.02316119475653422,-0.0005,-0.02366119475653422,-0.02316119475653422
2016-12-23,-0.0005072157050678169,-0.0005,-0.0005,-0.001718688565586767,-0.0005,-0.000718688565586767,0.0007186885655867669,-0.001218688565586767,-0.000718688565586767,0.0,-0.000718688565586767,-0.000718688565586767
2016-12-27,0.0015027096312159659,0.0,0.0,0.0023008008969165328,0.0,0.0023008008969165328,-0.0023008008969165328,0.0023008008969165328,0.0023008008969165328,0.0,0.0023008008969165328,0.0023008008969165328
2016-12-28,-0.0037104011879447074,0.0,0.0,-0.005595460901853033,0.0,-0.005595460901853033,0.005595460901853032,-0.005595460901853033,0.004595460901853033,0.0,-0.005595460901853033,-0.005595460901853033
2016-12-29,-0.00047707714760385786,0.0,0.0,-0.0007213983988771933,0.0,-0.0007213983988771933,0.0007213983988771932,-0.0007213983988771933,-0.0017213983988771933,0.0,-0.0007213983988771933,-0.0007213983988771933
2016-12-30,-0.0013360559579325198,0.0,0.0,-0.0020208308633589134,0.0,-0.0020208308633589134,0.0020208308633589134,-0.0020208308633589134,0.0010208308633589134,0.0,0.0010208308633589134,-0.0020208308633589134
2017-01-03,-0.004607411480153128,0.0,0.0,-0.006655455086508999,0.0,-0.006655455086508999,0.006655455086508999,-0.006655455086508999,-0.007655455086508999,0.0,0.006655455086508999,-0.006655455086508999
2017-01-04,0.003997501908105655,0.0,0.0,0.0058259194498209155,0.0,0.0058259194498209155,-0.0058259194498209155,0.0058259194498209155,-0.0068259194498209155,0.0,-0.0058259194498209155,0.0058259194498209155
2017-01-05,0.001474760478661231,0.0,0.0,0.0021721262784890616,0.0,-0.0031721262784890616,-0.0021721262784890616,0.0021721262784890616,0.0011721262784890616,0.0016721262784890616,-0.0021721262784890616,0.0021721262784890616
2017-01-06,-0.009811907314718236,0.0,0.0,-0.013726659653422568,0.0,0.013726659653422568,0.013726659653422568,-0.013726659653422568,0.012726659653422567,-0.013726659653422568,0.013726659653422568,-0.013726659653422568
2017-01-09,0.004507174981252181,0.0,0.0,0.006592554851071464,0.0,-0.006592554851071464,-0.006592554851071464,0.006592554851071464,0.005592554851071464,-0.0005,-0.006592554851071464,0.006592554851071464
2017-01-10,-0.006874076009450464,0.0,0.0,0.005985585975044617,0.0,0.006985585975044617,-0.007985585975044618,-0.006985585975044617,-0.006985585975044617,-0.007485585975044617,0.006985585975044617,-0.006985585975044617
2017-01-11,0.004239025765900246,0.0,0.0,0.00339680319806146,0.0,-0.004396803198061461,0.004396803198061461,0.004396803198061461,0.004396803198061461,-0.0005,-0.004396803198061461,0.004396803198061461
2017-01-12,-0.007878631072642505,0.0,0.0,-0.00817187538117836,0.0,0.008171875381178362,-0.008171875381178362,-0.008171875381178362,-0.008171875381178362,-0.008671875381178362,0.008171875381178362,-0.008171875381178362
2017-01-13,-0.011914698060988735,0.0,0.0,-0.012358165633222227,0.0,0.012358165633222229,-0.012358165633222229,-0.012358165633222229,-0.012358165633222229,-0.0005,0.012358165633222229,-0.012358165633222229
2017-01-17,0.018526467352478104,0.0,0.0,0.01921602637082764,0.0,-0.019216026370827644,-0.020216026370827644,0.019216026370827644,0.019216026370827644,0.0,-0.019216026370827644,0.019216026370827644
2017-01-18,-0.00436803568394224,0.0,0.0,0.003530614892435114,0.0,0.004530614892435114,-0.005530614892435114,-0.004530614892435114,0.003530614892435114,-0.005030614892435115,0.004530614892435114,-0.004530614892435114
2017-01-19,-0.006936326261038217,0.0,0.0,-0.008194497785944386,0.0,0.007194497785944387,-0.007194497785944387,-0.007194497785944387,0.007194497785944387,-0.0005,0.007194497785944387,-0.007194497785944387
2017-01-20,-0.0062728356819501075,0.0,0.0,-0.006506311947706455,0.0,0.006506311947706456,0.005506311947706456,-0.006506311947706456,-0.007506311947706456,0.0,0.006506311947706456,-0.006506311947706456
2017-01-23,-0.0076066273432100475,0.0,0.0,-0.007889747615625773,0.0,0.007889747615625775,0.007889747615625775,-0.007889747615625775,-0.007889747615625775,0.0,0.007889747615625775,-0.007889747615625775
2017-01-24,0.01084893984511635,0.0,0.0,0.011252739672001908,0.0,-0.01125273967200191,-0.01125273967200191,0.01125273967200191,0.01125273967200191,0.0,-0.01125273967200191,0.01125273967200191
2017-01-25,-0.007295119090681038,0.0,0.0,0.006566644960303459,0.0,0.007566644960303459,0.007566644960303459,-0.007566644960303459,-0.007566644960303459,-0.00806664496030346,0.007566644960303459,-0.007566644960303459
2017-01-26,-0.002305924608947246,0.0,0.0,-0.0033917516087460507,0.0,0.002391751608746051,0.002391751608746051,-0.002391751608746051,-0.002391751608746051,-0.0005,0.002391751608746051,-0.002391751608746051
2017-01-27,-0.015459418484594317,0.0,0.0,-0.016034821297860043,0.0,0.016034821297860047,0.016034821297860047,-0.016034821297860047,-0.016034821297860047,0.0,0.016034821297860047,-0.016034821297860047
2017-01-30,0.011159112312423019,0.0,0.0,0.011574456823894462,0.0,-0.011574456823894463,-0.011574456823894463,0.011574456823894463,0.011574456823894463,0.0,-0.011574456823894463,0.011574456823894463
2017-01-31,0.0046454587283664495,0.0,0.0,-0.005818363681025284,0.0,-0.004818363681025284,-0.004818363681025284,0.004818363681025284,0.004818363681025284,0.0043183636810252835,-0.004818363681025284,0.004818363681025284
2017-02-01,-0.007367645557125329,0.0,0.0,0.007641870877109991,0.0,0.007641870877109991,0.007641870877109991,-0.007641870877109991,-0.007641870877109991,-0.007641870877109991,0.007641870877109991,-0.007641870877109991
2017-02-02,0.00684166715794684,0.0,0.0,0.006096315451091461,0.0,-0.007096315451091462,-0.007096315451091462,0.007096315451091462,0.007096315451091462,-0.0005,-0.007096315451091462,0.007096315451091462
2017-02-03,-0.002890713697532153,0.0,0.0,0.001998306670422002,0.0,0.002998306670422002,0.002998306670422002,-0.002998306670422002,-0.002998306670422002,-0.003498306670422002,0.002998306670422002,-0.002998306670422002
2017-02-06,-0.001449800845721638,0.0,0.0,-0.0025037627386695896,0.0,0.0015037627386695895,0.0015037627386695895,-0.0015037627386695895,-0.0015037627386695895,-0.0005,0.0015037627386695895,-0.0015037627386695895
2017-02-07,0.007114567018791897,0.0,0.0,0.007379372702256636,0.0,-0.007379372702256637,-0.007379372702256637,0.007379372702256637,0.007379372702256637,0.0,-0.007379372702256637,0.007379372702256637
2017-02-08,0.013260518107504114,0.0,0.0,-0.014754077385430553,0.0,-0.013754077385430552,-0.013754077385430552,0.013754077385430552,-0.014754077385430553,0.013254077385430552,-0.013754077385430552,0.013754077385430552
2017-02-09,0.01230710511746006,0.0,0.0,-0.01872876338951679,0.0,-0.01872876338951679,-0.01872876338951679,-0.0005,0.01772876338951679,0.01872876338951679,-0.01872876338951679,0.01872876338951679
2017-02-10,-0.009470075086739927,0.0,0.0,0.015344718193226914,-0.015844718193226914,0.015344718193226914,0.015344718193226914,0.0,0.014344718193226913,-0.015344718193226914,0.015344718193226914,-0.015344718193226914
2017-02-13,-0.0021660767363429383,0.0,0.0,-0.004675497296679486,-0.0005,0.0036754972966794863,0.0036754972966794863,0.0,0.0036754972966794863,-0.0005,0.0036754972966794863,-0.0036754972966794863
2017-02-14,0.007768997680270722,0.0,0.0,0.013132925908379223,0.0,-0.013132925908379223,-0.013132925908379223,0.0,0.012132925908379222,0.0,-0.0005,0.013132925908379223
2017-02-15,0.0002585195147924211,0.0,0.0,-0.0014369170670190936,0.0,-0.0004369170670190936,-0.0004369170670190936,0.0,-0.0014369170670190936,-6.30829329809064e-05,0.0,0.0004369170670190936
2017-02-16,0.0016613898156555892,0.0,0.0,-0.002620748504618131,0.0,-0.002620748504618131,-0.002620748504618131,0.0,-0.002620748504618131,0.002620748504618131,0.0,0.002620748504618131
2017-02-17,0.0046951089493194485,0.0,0.0,-0.007259874918559506,0.006759874918559505,-0.007259874918559506,-0.007259874918559506,0.0,-0.007259874918559506,0.007259874918559506,0.0,0.007259874918559506
2017-02-21,0.01952825444200668,0.0,0.029484286598505827,-0.029984286598505827,0.029984286598505827,-0.029984286598505827,-0.029984286598505827,0.0,-0.029984286598505827,0.029984286598505827,0.0,0.029984286598505827
2017-02-22,0.001973503050327633,0.0,0.00363887826249476,-0.00363887826249476,0.00363887826249476,-0.00363887826249476,-0.00363887826249476,0.0,-0.00363887826249476,0.00363887826249476,0.0,0.00363887826249476
2017-02-23,-0.003183511724594002,0.0,-0.005578127918587805,0.005578127918587805,-0.005578127918587805,-0.006578127918587805,0.005578127918587805,0.0,0.005578127918587805,-0.005578127918587805,0.0,-0.005578127918587805
2017-02-24,0.008605631325231795,0.0,0.01514515547099271,0.01414515547099271,0.01514515547099271,0.01514515547099271,-0.01514515547099271,0.0,-0.01514515547099271,0.01514515547099271,0.0,0.01514515547099271
2017-02-27,-0.005080292606675965,-0.009479253168991286,-0.008979253168991286,0.007979253168991285,-0.008979253168991286,-0.008979253168991286,-0.009979253168991287,0.0,-0.009979253168991287,-0.008979253168991286,0.0,-0.008979253168991286
2017-02-28,-0.0062402656323415325,-0.011290854381745706,-0.011290854381745707,-0.012290854381745708,-0.011290854381745707,-0.011290854381745707,-0.011290854381745707,0.0,-0.011290854381745707,-0.0005,0.0,-0.011290854381745707
2017-03-01,-0.0038688210315624603,-0.006767327171757653,-0.006767327171757653,-0.006767327171757653,-0.006767327171757653,-0.006767327171757653,-0.006767327171757653,0.0,0.005767327171757653,0.0,0.0,-0.006767327171757653
2017-03-02,0.002491028089748072,-0.0005,0.004400447278261499,0.004400447278261499,0.004400447278261499,0.004400447278261499,-0.005400447278261499,0.0,-0.004400447278261499,0.0,0.0,0.004400447278261499
2017-03-03,-0.0058463524272130635,0.0,-0.010316567937853516,0.009316567937853515,-0.010316567937853516,-0.010316567937853516,0.010316567937853516,0.0,0.010316567937853516,0.0,-0.010816567937853516,-0.010316567937853516
2017-03-06,-0.0012021886219337977,0.0,-0.0021419441386031357,-0.0031419441386031357,-0.0021419441386031357,-0.0021419441386031357,0.0021419441386031357,0.0,-0.0031419441386031357,0.0,-0.0021419441386031357,-0.0021419441386031357
2017-03-07,-8.00767059291323e-05,0.0,-0.00014306436176436677,-0.00014306436176436677,-0.00014306436176436677,-0.00014306436176436677,0.00014306436176436677,0.0,-0.00014306436176436677,0.0,-0.00014306436176436677,-0.00014306436176436677
2017-03-08,0.003564262923314627,0.0,0.006343779903432711,0.006343779903432711,0.006343779903432711,0.006343779903432711,-0.006343779903432711,0.0,-0.007343779903432711,0.0,0.006343779903432711,0.006343779903432711
2017-03-09,0.000483300053948664,0.0,0.0008596858608747038,-0.0018596858608747038,0.0008596858608747038,0.0008596858608747038,-0.0008596858608747038,0.0,-0.0008596858608747038,0.00035968586087470377,0.0008596858608747038,0.0008596858608747038
2017-03-10,0.0019383192026692043,0.0,0.0034353127096267144,-0.0034353127096267144,0.0034353127096267144,0.0034353127096267144,-0.0034353127096267144,0.0,-0.0034353127096267144,0.0034353127096267144,0.0034353127096267144,0.0034353127096267144
2017-03-13,-0.0012490325089981038,-0.002639969422216836,-0.0021399694222168364,0.0021399694222168364,-0.0021399694222168364,-0.0021399694222168364,-0.0031399694222168364,-0.0026399694222168364,0.0021399694222168364,-0.0021399694222168364,-0.0021399694222168364,-0.0021399694222168364
2017-03-14,0.006788839045116917,0.011007978802723084,0.011007978802723084,-0.011007978802723084,0.011007978802723084,0.011007978802723084,0.011007978802723084,0.011007978802723084,-0.011007978802723084,-0.0005,0.011007978802723084,0.011007978802723084
2017-03-15,-0.0013039020233711672,-0.001979555836452373,-0.0019795558364523735,0.0019795558364523735,-0.0019795558364523735,-0.0019795558364523735,-0.0019795558364523735,-0.0019795558364523735,0.0019795558364523735,-0.0024795558364523736,-0.0019795558364523735,-0.0019795558364523735
2017-03-16,-0.0012979934373425997,-0.0019835766838658397,-0.0019835766838658397,0.0019835766838658397,-0.0019835766838658397,-0.0019835766838658397,-0.0019835766838658397,-0.0019835766838658397,0.0019835766838658397,-0.0019835766838658397,-0.0005,-0.0019835766838658397
2017-03-17,-0.0052700875188471065,-0.007808144466190491,-0.007808144466190492,0.007808144466190492,-0.007808144466190492,-0.007808144466190492,-0.007808144466190492,-0.007808144466190492,0.007808144466190492,-0.0005,0.0,-0.007808144466190492
2017-03-20,0.0008395425953809499,0.0012877253066299055,0.0012877253066299055,-0.0012877253066299055,0.0012877253066299055,0.0012877253066299055,0.0012877253066299055,0.0012877253066299055,0.00028772530662990545,0.0,0.0,0.0012877253066299055
2017-03-21,-0.0007529285476816536,-0.0011432996156459652,-0.0011432996156459652,0.0011432996156459652,-0.0011432996156459652,-0.0011432996156459652,-0.0011432996156459652,-0.0011432996156459652,0.00014329961564596514,0.0,0.0,-0.0011432996156459652
2017-03-22,0.003326018009264584,0.00500751804707944,0.00500751804707944,-0.00500751804707944,0.00500751804707944,0.00500751804707944,0.005007518047079439,0.00500751804707944,0.00400751804707944,0.0,0.0,0.00500751804707944
2017-03-23,-0.005259641177272423,-0.005551640819446257,-0.005551640819446257,0.005551640819446257,-0.005551640819446257,-0.005551640819446257,-0.005551640819446257,-0.005551640819446257,0.004551640819446257,-0.006051640819446258,0.0,-0.005551640819446257
2017-03-24,-0.003298738130163972,-0.0035789953530208636,-0.003578995353020864,0.003578995353020864,-0.003578995353020864,-0.003578995353020864,-0.003578995353020864,-0.003578995353020864,0.003578995353020864,-0.0005,0.0,-0.003578995353020864
2017-03-27,0.000663511220935816,0.0007184084136990786,0.0007184084136990787,-0.0002815915863009213,0.0007184084136990787,0.0007184084136990787,0.0007184084136990787,0.0007184084136990787,-0.0007184084136990787,0.0,0.0,0.0007184084136990787
2017-03-28,0.0103151531996208,0.009474882032810328,0.009474882032810328,0.009474882032810328,0.009474882032810328,-0.010474882032810329,0.009474882032810328,0.009474882032810328,-0.009474882032810328,0.0,0.008974882032810327,0.009474882032810328
2017-03-29,0.0063147098669301726,0.005972447238975276,0.005972447238975276,-0.006972447238975276,0.005972447238975276,-0.005972447238975276,0.005972447238975276,0.005972447238975276,-0.005972447238975276,0.005472447238975275,0.005972447238975276,0.005972447238975276
2017-03-30,0.013559124244495341,0.012015873050270853,0.012015873050270853,-0.012015873050270853,0.012015873050270853,-0.012015873050270853,0.012015873050270853,0.012015873050270853,-0.012015873050270853,0.012015873050270853,0.012015873050270853,0.012015873050270853
2017-03-31,0.007294535553532659,0.006844619830702836,0.006844619830702836,-0.006844619830702836,0.006844619830702836,0.005844619830702836,0.006844619830702836,0.006844619830702836,-0.006844619830702836,0.006844619830702836,0.006844619830702836,0.006844619830702836
2017-04-03,-0.0036634349416310866,-0.003468488490785848,-0.003468488490785848,0.003468488490785848,-0.003468488490785848,-0.003468488490785848,-0.003468488490785848,-0.003468488490785848,0.003468488490785848,-0.003468488490785848,-0.003468488490785848,-0.003468488490785848
2017-04-04,0.002832068255962302,0.002505799620098337,0.002505799620098337,-0.002505799620098337,0.002505799620098337,0.002505799620098337,0.002505799620098337,0.002505799620098337,0.0015057996200983368,0.002505799620098337,0.002505799620098337,0.002505799620098337
2017-04-05,-0.005820049027482031,-0.004999257682614666,-0.004999257682614666,0.004999257682614666,-0.004999257682614666,-0.004999257682614666,-0.004999257682614666,-0.004999257682614666,-0.004999257682614666,-0.004999257682614666,-0.004999257682614666,-0.004999257682614666
2017-04-06,-0.0034703989991478074,-0.0030703278662904676,-0.0030703278662904676,0.0030703278662904676,-0.0030703278662904676,-0.0030703278662904676,-0.0030703278662904676,-0.0030703278662904676,-0.0030703278662904676,-0.0005,-0.0030703278662904676,-0.0030703278662904676
2017-04-07,0.02323260963828247,0.02057976001834838,0.02057976001834838,-0.02057976001834838,0.02057976001834838,0.02057976001834838,0.02057976001834838,0.02057976001834838,0.02057976001834838,0.0,0.02057976001834838,0.02057976001834838
2017-04-10,0.0018564993019633063,0.002194277890117613,0.002194277890117613,-0.002194277890117613,0.002194277890117613,0.002194277890117613,0.002194277890117613,-0.003194277890117613,-0.003194277890117613,0.001694277890117613,0.002194277890117613,0.002194277890117613
2017-04-11,0.004555126642531515,0.005064708523137229,0.005064708523137229,0.004064708523137229,0.005064708523137229,0.005064708523137229,0.005064708523137229,-0.005064708523137229,0.004064708523137229,0.005064708523137229,0.005064708523137229,0.005064708523137229
2017-04-12,0.00012059679754840488,0.00013597098898299187,0.00013597098898299187,0.00013597098898299187,0.00013597098898299187,0.00013597098898299187,0.00013597098898299187,-0.00013597098898299187,0.00013597098898299187,0.00013597098898299187,0.00013597098898299187,0.00013597098898299187
2017-04-13,-0.003737575289406062,-0.003948794006908728,-0.003948794006908729,-0.003948794006908729,-0.003948794006908729,-0.003948794006908729,-0.003948794006908729,0.003948794006908729,-0.003948794006908729,-0.003948794006908729,-0.003948794006908729,-0.003948794006908729
2017-04-17,0.004327663422318295,0.004648181820501085,0.004648181820501085,0.004648181820501085,0.004648181820501085,0.004648181820501085,0.004648181820501085,-0.004648181820501085,-0.005648181820501085,-0.0005,0.004648181820501085,0.004648181820501085
2017-04-18,0.005091744848736623,0.005442833694508042,0.0054428336945080424,0.0054428336945080424,0.0054428336945080424,0.0054428336945080424,0.0054428336945080424,-0.0054428336945080424,-0.0054428336945080424,0.004942833694508042,0.0054428336945080424,0.0054428336945080424
2017-04-19,0.002381586953675818,0.0024361200645386383,0.0024361200645386383,0.0024361200645386383,0.0024361200645386383,0.0024361200645386383,0.0024361200645386383,-0.0024361200645386383,0.0014361200645386383,0.0024361200645386383,0.0024361200645386383,0.0024361200645386383
2017-04-20,0.009752189375651303,0.009855505378437934,0.009855505378437934,0.009855505378437934,0.009855505378437934,0.009855505378437934,0.009855505378437934,-0.009855505378437934,0.009855505378437934,0.009855505378437934,0.009855505378437934,0.009855505378437934
2017-04-21,0.001809894516353492,0.0018717582721228254,0.0018717582721228254,0.0018717582721228254,0.0018717582721228254,0.0018717582721228254,0.0018717582721228254,-0.0018717582721228254,0.0018717582721228254,0.0018717582721228254,0.0018717582721228254,0.0018717582721228254
2017-04-24,-0.0020771261538080005,-0.0021349906422395426,-0.0021349906422395426,-0.0021349906422395426,-0.0021349906422395426,-0.0021349906422395426,-0.0021349906422395426,0.0021349906422395426,-0.0021349906422395426,-0.0021349906422395426,-0.0021349906422395426,-0.0021349906422395426
2017-04-25,0.00360202759944601,0.0036101987200261028,0.003610198720026103,0.003610198720026103,0.003610198720026103,0.003610198720026103,0.003610198720026103,-0.003610198720026103,-0.004610198720026103,0.003610198720026103,0.003610198720026103,0.003610198720026103
2017-04-26,0.005221706342225043,0.00506362771443869,0.00506362771443869,0.00506362771443869,0.00506362771443869,0.00506362771443869,0.00506362771443869,-0.00506362771443869,0.00406362771443869,0.00506362771443869,0.00506362771443869,0.00506362771443869
2017-04-27,0.00013517773611777624,0.00013245412306983617,0.00013245412306983617,0.00013245412306983617,0.00013245412306983617,0.00013245412306983617,0.0001324541230698361,-0.00013245412306983617,0.00013245412306983617,0.00013245412306983617,0.00013245412306983617,0.00013245412306983617
2017-04-28,-0.0036470446267325347,-0.003446355012203361,-0.0034463550122033615,-0.0034463550122033615,-0.0034463550122033615,-0.0034463550122033615,-0.0034463550122033615,0.0034463550122033615,-0.0034463550122033615,-0.0034463550122033615,-0.0034463550122033615,-0.0034463550122033615
2017-05-01,0.0006725280199709623,0.0006649161935197155,0.0006649161935197156,0.0006649161935197156,0.0006649161935197156,0.0006649161935197156,0.0006649161935197156,-0.0006649161935197156,0.0006649161935197156,-0.0005,0.0006649161935197156,0.0006649161935197156
2017-05-02,0.004184265617375196,0.0038549259301556837,0.0038549259301556837,0.0038549259301556837,0.0038549259301556837,0.0038549259301556837,0.0038549259301556837,-0.0038549259301556837,0.0038549259301556837,0.0,0.0038549259301556837,0.0038549259301556837
2017-05-03,0.003516417882222872,0.0031779350623812874,0.0031779350623812874,0.0031779350623812874,0.0031779350623812874,0.0031779350623812874,0.0031779350623812874,-0.0031779350623812874,0.0031779350623812874,0.0026779350623812874,0.0031779350623812874,0.0031779350623812874
2017-05-04,0.008705569465325354,0.007655563176299562,0.007655563176299562,0.007655563176299562,0.007655563176299562,0.007655563176299562,0.007655563176299562,-0.007655563176299562,0.007655563176299562,0.007655563176299562,0.007655563176299562,0.007655563176299562
2017-05-05,0.002329826352199767,0.0020962742544867736,0.002096274254486774,0.002096274254486774,0.002096274254486774,0.002096274254486774,0.002096274254486774,-0.002096274254486774,0.002096274254486774,0.002096274254486774,0.002096274254486774,0.002096274254486774
2017-05-08,-0.005872369585137549,-0.004967299966264882,-0.004967299966264882,-0.004967299966264882,-0.004967299966264882,-0.004967299966264882,-0.004967299966264882,0.004967299966264882,-0.004967299966264882,-0.004967299966264882,-0.004967299966264882,-0.004967299966264882
2017-05-09,0.009046941042479148,0.00788194998691405,0.00788194998691405,0.00788194998691405,0.00788194998691405,0.00788194998691405,0.00788194998691405,-0.00788194998691405,0.00788194998691405,0.00788194998691405,0.00788194998691405,0.00788194998691405
2017-05-10,0.010078704750951734,0.00642960078424637,0.00642960078424637,0.00642960078424637,0.00642960078424637,0.00642960078424637,0.00642960078424637,-0.00642960078424637,0.00642960078424637,0.00642960078424637,0.00642960078424637,0.00642960078424637
2017-05-11,-0.011651153183253302,-0.007431454498040835,-0.007431454498040835,-0.007431454498040835,-0.007431454498040835,-0.007431454498040835,-0.007431454498040835,-0.008431454498040836,-0.007431454498040835,-0.007431454498040835,-0.007431454498040835,-0.007431454498040835
2017-05-12,-0.007744473103634375,-0.0055168522460066205,-0.0055168522460066205,-0.0055168522460066205,-0.0055168522460066205,-0.0055168522460066205,-0.0055168522460066205,-0.0055168522460066205,-0.0005,-0.0005,-0.0055168522460066205,-0.0055168522460066205
2017-05-15,0.00997684093277719,0.007660765271990222,0.007660765271990222,0.007660765271990222,0.007660765271990222,0.007660765271990222,0.007660765271990222,0.007660765271990222,0.0071607652719902215,0.0,0.007660765271990222,0.007660765271990222
2017-05-16,-0.020329553104095014,-0.015467138405825254,-0.015467138405825254,-0.015467138405825254,-0.015467138405825254,-0.015467138405825254,-0.015467138405825254,-0.015467138405825254,-0.0005,-0.015967138405825254,-0.015467138405825254,-0.015467138405825254
2017-05-17,-6.753513699825781e-06,0.0001329275224142279,0.0001329275224142279,0.0001329275224142279,0.0001329275224142279,0.0001329275224142279,0.0001329275224142279,0.0001329275224142279,0.0,-0.0005,0.0001329275224142279,0.0001329275224142279
2017-05-18,0.0334609799212973,0.032215215957361654,0.032215215957361654,0.032215215957361654,0.032215215957361654,0.032215215957361654,0.032215215957361654,0.032215215957361654,0.0,0.0,0.032215215957361654,0.032215215957361654
2017-05-19,0.010800567100993249,0.015862715365368762,0.015862715365368762,0.015862715365368762,0.015862715365368762,0.015862715365368762,0.015862715365368762,0.015862715365368762,0.0,0.015362715365368762,0.015862715365368762,0.015862715365368762
2017-05-22,-0.0018767408939633302,-0.00279289601833288,-0.00279289601833288,-0.00279289601833288,-0.00279289601833288,-0.00279289601833288,-0.00279289601833288,-0.00279289601833288,0.0,-0.00279289601833288,-0.00279289601833288,-0.00279289601833288
2017-05-23,-0.0005085644558404561,-0.0007639011808734386,-0.0007639011808734386,-0.0007639011808734386,-0.0007639011808734386,-0.0007639011808734386,-0.0007639011808734386,-0.0007639011808734386,-0.0012639011808734386,-0.0007639011808734386,-0.0007639011808734386,-0.0007639011808734386
2017-05-24,-0.002878181390627845,-0.00433166087967507,-0.00433166087967507,-0.00433166087967507,-0.00433166087967507,-0.00433166087967507,-0.00433166087967507,-0.00433166087967507,-0.0005,-0.00433166087967507,-0.00433166087967507,-0.00433166087967507
2017-05-25,0.00133903496511257,0.002047326745842515,0.002047326745842515,0.002047326745842515,0.002047326745842515,0.002047326745842515,0.002047326745842515,0.002047326745842515,0.0,-0.0005,0.002047326745842515,0.002047326745842515
2017-05-26,-0.0015120777886299664,-0.002298726962319697,-0.002298726962319697,-0.002298726962319697,-0.002298726962319697,-0.002298726962319697,-0.0022987269623196967,-0.002298726962319697,-0.002798726962319697,0.0,-0.002298726962319697,-0.002298726962319697
2017-05-30,0.00016635146702733084,0.0002561720689906455,0.0002561720689906455,0.0002561720689906455,0.0002561720689906455,0.0002561720689906455,0.00025617206899064543,0.0002561720689906455,0.0002561720689906455,0.0,0.0002561720689906455,0.0002561720689906455
2017-05-31,0.003795940499859739,0.005758201781901118,0.005758201781901118,0.005758201781901118,0.005758201781901118,0.005758201781901118,0.005758201781901118,0.005758201781901118,0.005758201781901118,0.0,0.005758201781901118,0.005758201781901118
2017-06-01,0.010129128089177307,0.015394317876373131,0.015394317876373131,0.015394317876373131,0.015394317876373131,0.015394317876373131,0.015394317876373131,0.015394317876373131,0.015394317876373131,0.014894317876373131,0.015394317876373131,0.015394317876373131
2017-06-02,-0.0015159842902828392,-0.002380539767648515,-0.002380539767648515,-0.002380539767648515,-0.002380539767648515,-0.002380539767648515,-0.002380539767648515,-0.002380539767648515,-0.0005,-0.002380539767648515,-0.002380539767648515,-0.002380539767648515
2017-06-05,0.005036633711473793,0.008037860208371939,0.008037860208371939,0.008037860208371939,0.008037860208371939,0.008037860208371939,0.008037860208371939,0.008037860208371939,0.0,0.008037860208371939,0.008037860208371939,0.008037860208371939
2017-06-06,-0.010378343430362917,-0.016571011585684414,-0.016571011585684414,-0.016571011585684414,-0.016571011585684414,-0.016571011585684414,-0.016571011585684414,-0.016571011585684414,0.0,-0.016571011585684414,-0.016571011585684414,-0.016571011585684414
2017-06-07,0.001585223414392638,0.002787318435088837,0.002787318435088837,0.002787318435088837,0.002787318435088837,0.002787318435088837,0.002787318435088837,0.002787318435088837,0.0,-0.0005,0.002787318435088837,0.002787318435088837
2017-06-08,-0.0016248220280415337,-0.002779570885916849,-0.002779570885916849,-0.002779570885916849,-0.002779570885916849,-0.002779570885916849,-0.002779570885916849,-0.002779570885916849,0.0,0.0,-0.002779570885916849,-0.002779570885916849
2017-06-09,0.0036310422924299653,0.006208114519874686,0.006208114519874686,0.006208114519874686,0.006208114519874686,0.006208114519874686,0.006208114519874686,0.006208114519874686,0.005708114519874685,0.0,0.006208114519874686,0.006208114519874686
2017-06-12,-0.0021360736339685257,-0.0022663491254723,-0.0022663491254723,-0.0022663491254723,-0.0022663491254723,-0.0022663491254723,-0.0022663491254723,-0.0022663491254723,-0.0022663491254723,-0.0027663491254723,-0.0022663491254723,-0.0022663491254723
2017-06-13,0.00314251968289785,0.0035333285763297084,0.0035333285763297084,0.0035333285763297084,0.0035333285763297084,0.0035333285763297084,0.0035333285763297084,0.0035333285763297084,0.0035333285763297084,0.0035333285763297084,0.0035333285763297084,0.0035333285763297084
2017-06-14,0.00430902119141605,0.004778942877653236,0.004778942877653236,0.004778942877653236,0.004778942877653236,0.004778942877653236,0.004778942877653236,0.004778942877653236,-0.0005,0.004778942877653236,0.004778942877653236,0.004778942877653236
2017-06-15,-0.011247445552566572,-0.012390698577826154,-0.012390698577826154,-0.012390698577826154,-0.012390698577826154,-0.012390698577826154,-0.012390698577826154,-0.012390698577826154,0.0,-0.012390698577826154,-0.012390698577826154,-0.012390698577826154
2017-06-16,-0.04322826613989055,-0.046508642508146784,-0.04650864250814679,-0.04650864250814679,-0.04650864250814679,-0.04650864250814679,-0.04650864250814679,-0.04650864250814679,-0.04700864250814679,-0.0005,-0.04650864250814679,-0.04650864250814679
2017-06-19,0.0020692133205097592,0.003455424469963164,0.003455424469963164,0.003455424469963164,0.003455424469963164,0.003455424469963164,0.003455424469963164,-0.0005,-0.004455424469963164,0.0,0.003455424469963164,0.003455424469963164
2017-06-20,0.00034226038811707916,0.0005298406295159985,0.0005298406295159985,0.0005298406295159985,0.0005298406295159985,0.0005298406295159985,0.0005298406295159985,0.0,-0.0004701593704840015,2.984062951599852e-05,-0.0005,0.0005298406295159985
2017-06-21,0.0071343956621556575,0.00926686259161369,0.00926686259161369,0.00926686259161369,0.00926686259161369,0.00926686259161369,0.00926686259161369,0.0,-0.0005,0.00926686259161369,0.0,0.00926686259161369
2017-06-22,-0.007157495437947306,-0.009443777837659928,-0.009443777837659928,-0.009443777837659926,-0.009443777837659928,0.008443777837659927,-0.009443777837659928,0.0,0.0,-0.009443777837659928,0.0,-0.009443777837659928
2017-06-23,-0.006754727848291106,-0.009004463613319302,-0.009004463613319302,-0.009004463613319302,-0.009004463613319302,0.009004463613319302,-0.009004463613319302,0.0,-0.009504463613319303,-0.0005,0.0,-0.009004463613319302
2017-06-26,0.0065629374756249895,0.008818670272551232,0.008818670272551232,0.008818670272551232,0.008818670272551232,-0.008818670272551232,0.00881867027255123,0.0,-0.0005,0.0,0.0,0.008818670272551232
2017-06-27,0.004948824843045269,0.006755248794025004,0.006755248794025004,0.006755248794025003,0.006755248794025004,-0.006755248794025004,0.006755248794025004,0.0,0.0,0.0062552487940250034,0.0,0.006755248794025004
2017-06-28,0.004773019692121181,0.006577784064787595,0.006577784064787595,0.006577784064787595,0.006577784064787595,-0.006577784064787595,0.006577784064787595,0.0,0.0,0.006577784064787595,0.0,0.006577784064787595
2017-06-29,-0.005462060913905618,-0.007580319034875327,-0.007580319034875327,-0.007580319034875327,-0.007580319034875327,0.007580319034875327,-0.007580319034875327,0.0,0.0,-0.007580319034875327,0.0,-0.007580319034875327
2017-06-30,-0.00237486622600884,-0.0032927928792034766,-0.0032927928792034766,-0.0032927928792034766,-0.0032927928792034766,0.0032927928792034766,-0.0032927928792034766,0.0,0.0,-0.0005,0.0,-0.0032927928792034766
2017-07-03,-0.0032091943461842226,-0.004228468157055686,-0.004228468157055687,-0.004228468157055687,-0.004228468157055687,0.004228468157055687,-0.004228468157055687,0.0,0.0,0.0,0.0,-0.004228468157055687
2017-07-05,-0.0004002028886981114,-0.0005301221204919716,-0.0005301221204919715,-0.0005301221204919715,-0.0005301221204919715,0.0005301221204919715,-0.0005301221204919715,0.0,0.0,0.0,0.0,-0.0005301221204919715
2017-07-06,0.0015230933543167546,0.0019912538834196965,0.001991253883419697,0.001991253883419697,0.001991253883419697,-0.001991253883419697,0.001991253883419697,0.0,0.0,0.0,0.0,0.001991253883419697
2017-07-07,-0.0014811573429361247,-0.0018553541384951353,-0.0018553541384951355,-0.0018553541384951355,-0.0018553541384951355,0.0018553541384951355,-0.0018553541384951355,0.0,0.0,0.0,0.0013553541384951355,-0.0018553541384951355
2017-07-10,-0.02217473708551153,-0.027877121255840187,-0.027877121255840187,-0.027877121255840187,-0.027877121255840187,0.027877121255840187,-0.027877121255840184,0.0,0.0,0.0,0.027877121255840187,-0.027877121255840187
2017-07-11,0.0023208229615424803,0.0032772259378219815,-0.0005,0.0032772259378219815,-0.0005,-0.0032772259378219815,0.0032772259378219815,0.0,0.0,0.0,-0.0032772259378219815,0.0032772259378219815
2017-07-12,0.00470019327358277,0.006397327090585048,0.0,-0.007397327090585048,0.0,-0.006397327090585048,0.006397327090585048,-0.006897327090585048,0.0,0.0,-0.006397327090585048,0.006397327090585048
2017-07-13,0.011048642045855518,0.01501207219462497,0.0,-0.01501207219462497,0.0,-0.01501207219462497,0.01501207219462497,-0.01501207219462497,0.0,0.01451207219462497,-0.01501207219462497,0.01501207219462497
2017-07-14,0.012650352292812998,0.01718835682421127,0.01668835682421127,-0.01718835682421127,0.0,-0.01718835682421127,0.01718835682421127,-0.01718835682421127,0.0,0.01718835682421127,-0.01718835682421127,0.01718835682421127
2017-07-17,0.00022117804294554742,0.00039331146747056955,0.00039331146747056955,-0.00039331146747056955,-0.00010668853252943046,-0.00039331146747056955,0.00039331146747056945,-0.0006066885325294305,0.0,0.00039331146747056955,-0.00039331146747056955,0.00039331146747056955
2017-07-18,-0.0014682074011977237,-0.0022261259521916266,-0.0022261259521916266,0.0022261259521916266,-0.0022261259521916266,0.0022261259521916266,-0.0022261259521916266,-0.0022261259521916266,0.0,-0.0022261259521916266,0.0022261259521916266,-0.0022261259521916266
2017-07-19,-0.004384905261399091,-0.004330811660521849,-0.004330811660521849,0.004330811660521849,-0.004330811660521849,0.004330811660521849,-0.004330811660521849,-0.004330811660521849,0.0038308116605218494,-0.0005,0.004330811660521849,-0.004330811660521849
2017-07-20,0.001929805403817632,0.0019773433228775783,0.0019773433228775783,-0.0019773433228775783,0.0019773433228775783,-0.0019773433228775783,0.0019773433228775783,0.0019773433228775783,-0.0019773433228775783,0.0,-0.0019773433228775783,0.0019773433228775783
2017-07-21,0.00166870444482443,0.001709810525611699,0.001709810525611699,-0.001709810525611699,0.001709810525611699,-0.001709810525611699,0.001709810525611699,0.001709810525611699,-0.001709810525611699,0.001209810525611699,-0.001709810525611699,0.001709810525611699
2017-07-24,0.00948406049473769,0.009717686382232138,0.009717686382232138,-0.009717686382232138,0.009717686382232138,-0.009717686382232138,0.009717686382232138,0.009717686382232138,-0.0005,0.009717686382232138,-0.009717686382232138,0.009717686382232138
2017-07-25,0.020689437683494637,0.02119909156468291,0.021199091564682915,0.020199091564682914,0.021199091564682915,-0.021199091564682915,0.021199091564682915,0.021199091564682915,0.0,0.021199091564682915,-0.0005,0.021199091564682915
2017-07-26,0.004723203168124384,0.004839552334452657,0.004839552334452657,0.004839552334452657,0.004839552334452657,0.003839552334452657,0.004839552334452657,0.004839552334452657,0.0,0.004839552334452657,0.0,0.004839552334452657
2017-07-27,0.010885367820541276,0.011153512853904202,0.011153512853904202,0.011153512853904202,0.011153512853904202,0.011153512853904202,0.011153512853904202,0.011153512853904202,0.0,0.011153512853904202,0.0,0.011153512853904202
2017-07-28,0.0003668993586212613,0.00037593738493146844,0.00037593738493146844,0.00037593738493146844,0.00037593738493146844,0.00037593738493146844,0.00037593738493146844,0.00037593738493146844,0.0,0.00037593738493146844,0.0,0.00037593738493146844
2017-07-31,0.002201054652412599,0.0022552743979402656,0.0022552743979402656,0.0022552743979402656,0.0022552743979402656,0.0022552743979402656,0.0022552743979402656,0.0022552743979402656,0.0,0.0022552743979402656,0.0,0.0022552743979402656
2017-08-01,0.006222692450194562,0.006375979330543791,0.006375979330543791,0.006375979330543791,0.006375979330543791,0.006375979330543791,0.006375979330543791,0.006375979330543791,0.0,0.006375979330543791,0.0,0.006375979330543791
2017-08-02,0.0003636980421601497,0.00037265720874568586,0.00037265720874568586,0.00037265720874568586,0.00037265720874568586,0.00037265720874568586,0.00037265720874568586,0.00037265720874568586,-0.00012734279125431415,0.00037265720874568586,0.0,0.00037265720874568586
2017-08-03,0.0041201884326379935,0.004221683217467076,0.004221683217467076,0.004221683217467076,0.004221683217467076,0.004221683217467076,0.004221683217467076,0.004221683217467076,-0.0005,0.004221683217467076,0.0,0.004221683217467076
2017-08-04,-0.0047062843339431195,-0.004822216729664208,-0.004822216729664208,-0.004822216729664208,-0.004822216729664208,-0.004822216729664208,-0.004822216729664208,-0.004822216729664208,0.0,-0.004822216729664208,0.0,-0.004822216729664208
2017-08-07,0.009701372746134588,0.00994035180146513,0.00994035180146513,0.00994035180146513,0.00994035180146513,0.00994035180146513,0.00994035180146513,0.00994035180146513,0.00944035180146513,-0.0005,0.0,0.00994035180146513
2017-08-08,0.0037223596597410944,0.003814054517609522,0.003814054517609522,0.003814054517609522,0.003814054517609522,0.003814054517609522,0.003814054517609522,0.003814054517609522,0.003814054517609522,0.003314054517609522,0.003314054517609522,0.003814054517609522
2017-08-09,0.008847481125661763,0.006536500893432384,0.006536500893432384,0.006536500893432384,0.006536500893432384,0.006536500893432384,0.006536500893432384,0.006536500893432384,0.006536500893432384,0.006536500893432384,0.006536500893432384,0.006536500893432384
2017-08-10,-0.01612022450640736,-0.011640615936505339,-0.011640615936505339,-0.011640615936505339,-0.011640615936505339,-0.011640615936505339,-0.011640615936505339,-0.0005,-0.011640615936505339,-0.011640615936505339,-0.011640615936505339,-0.011640615936505339
2017-08-11,-0.004013909549659271,-0.0032233980343120416,-0.0032233980343120416,-0.0032233980343120416,-0.0032233980343120416,-0.0032233980343120416,-0.0032233980343120416,0.0,-0.0032233980343120416,-0.0005,-0.0032233980343120416,-0.0032233980343120416
2017-08-14,0.004550735387088945,0.0037312889313552144,0.0037312889313552144,0.0037312889313552144,0.0037312889313552144,0.0037312889313552144,0.003731288931355214,0.0,0.0037312889313552144,0.0,0.0037312889313552144,0.0037312889313552144
2017-08-15,0.0011159280150617977,0.0008672290787608006,0.0008672290787608006,0.0008672290787608006,0.0008672290787608006,0.0008672290787608006,0.0008672290787608005,0.0,0.0008672290787608006,0.00036722907876080057,0.0008672290787608006,0.0008672290787608006
2017-08-16,0.003583475358548739,0.0026000846031475344,0.0026000846031475344,0.0026000846031475344,0.0026000846031475344,0.0026000846031475344,0.0026000846031475344,0.0,0.0026000846031475344,-0.0005,0.0026000846031475344,0.0026000846031475344
2017-08-17,-0.02178438229611872,-0.01580623035738049,-0.01580623035738049,-0.01580623035738049,-0.01580623035738049,-0.01580623035738049,-0.01580623035738049,0.0,-0.01580623035738049,-0.01630623035738049,-0.01580623035738049,-0.01580623035738049
2017-08-18,-0.006029993117661352,-0.0048936254170341975,-0.0048936254170341975,-0.0048936254170341975,-0.0048936254170341975,-0.0048936254170341975,-0.0048936254170341975,0.0,0.0038936254170341975,-0.0005,-0.0048936254170341975,-0.0048936254170341975
2017-08-21,0.006131121068938183,0.005043704556946249,0.005043704556946249,0.005043704556946249,-0.0005,0.005043704556946249,0.005043704556946248,0.0,0.004043704556946249,0.004543704556946249,0.005043704556946249,0.005043704556946249
2017-08-22,0.004727627846334798,0.0038891350935652547,0.0038891350935652547,0.0038891350935652547,0.0,0.0038891350935652547,0.0038891350935652547,0.0,0.0038891350935652547,0.0038891350935652547,0.0038891350935652547,0.0038891350935652547
2017-08-23,-0.0009114379618425804,-0.0007497851942296352,-0.0007497851942296352,-0.0007497851942296352,0.0,-0.0007497851942296352,-0.0007497851942296352,0.0,-0.00025021480577036483,-0.0007497851942296352,-0.0007497851942296352,-0.0007497851942296352
2017-08-24,-0.02959364542402869,-0.020260213275190342,-0.020260213275190342,-0.020260213275190342,0.0,-0.020260213275190342,-0.02026021327519034,0.0,-0.021260213275190343,-0.0005,-0.020260213275190342,-0.020260213275190342
2017-08-25,0.004274208564530283,0.003701831758772034,0.003701831758772034,0.003701831758772034,0.0,0.003701831758772034,0.003701831758772034,0.0,-0.004701831758772034,0.0,-0.0005,0.003701831758772034
2017-08-28,-0.009083242883803223,-0.007630815625788379,-0.007630815625788379,-0.007630815625788379,0.0,-0.007630815625788379,-0.007630815625788379,0.0,0.007630815625788379,0.0,0.0,-0.007630815625788379
2017-08-29,0.011288725403543459,0.009483637430657943,0.009483637430657943,0.009483637430657943,0.0,-0.010483637430657944,0.009483637430657943,0.0,0.008483637430657942,0.0,0.0,0.009483637430657943
2017-08-30,-0.0034758125502778493,-0.0029200237250361916,-0.0029200237250361916,-0.0029200237250361916,0.0,0.0029200237250361916,-0.002920023725036191,0.0,-0.0029200237250361916,-0.0034200237250361916,0.0,-0.0029200237250361916
2017-08-31,-0.007122954351493947,-0.00598398083839402,-0.005983980838394021,-0.005983980838394021,0.0,0.005983980838394021,-0.005983980838394021,0.0,-0.005983980838394021,-0.005983980838394021,0.0,-0.005983980838394021
2017-09-01,0.004573947630459327,0.003842564984393837,0.003842564984393837,0.003842564984393837,0.0,-0.003842564984393837,0.0038425649843938365,0.0,-0.004842564984393837,-0.0005,0.0,0.003842564984393837
2017-09-05,0.021720109538895693,0.018247024040145776,0.018247024040145776,0.018247024040145776,0.0,-0.018247024040145776,0.018247024040145776,0.0,0.017247024040145775,0.017747024040145776,0.0,0.018247024040145776
2017-09-06,0.0036360531928914972,0.003508451102070653,0.0035084511020706532,0.0035084511020706532,0.0030084511020706532,-0.0035084511020706532,0.0035084511020706532,0.0,-0.004508451102070653,0.0035084511020706532,0.0,0.0035084511020706532
2017-09-07,0.0005273857719112752,0.0004996193083266486,0.0004996193083266487,0.0004996193083266487,0.0004996193083266487,-0.0004996193083266487,0.0004996193083266487,0.0,-0.0005003806916733513,0.0004996193083266487,0.0,0.0004996193083266487
2017-09-08,-0.016336807311318258,-0.015476686713724486,-0.015476686713724486,-0.015476686713724486,-0.015476686713724486,0.015476686713724486,-0.015476686713724486,0.0,-0.015476686713724486,-0.015476686713724486,0.0,-0.015476686713724486
2017-09-11,0.0026765155484647636,0.002535599021193269,0.002535599021193269,0.002535599021193269,-0.0005,-0.002535599021193269,0.002535599021193269,0.0,0.002535599021193269,-0.0005,-0.003035599021193269,0.002535599021193269
2017-09-12,0.007074269599175074,0.006701814634185288,0.006701814634185288,0.006701814634185288,0.0,-0.006701814634185288,0.006701814634185288,0.0,0.006701814634185288,0.0062018146341852876,-0.006701814634185288,0.006701814634185288
2017-09-13,0.0033148137202478334,0.003140291275094409,0.003140291275094409,0.003140291275094409,0.002640291275094409,-0.003140291275094409,0.003140291275094409,0.0,0.003140291275094409,0.003140291275094409,-0.003140291275094409,0.003140291275094409
2017-09-14,-0.002378860566400353,-0.0022536153496959255,-0.0022536153496959255,-0.0022536153496959255,-0.0022536153496959255,0.0022536153496959255,-0.0022536153496959255,0.0,-0.0022536153496959255,-0.0022536153496959255,0.0022536153496959255,-0.0022536153496959255
2017-09-15,0.009273269315752538,0.00878503867230318,0.00878503867230318,0.00878503867230318,0.00878503867230318,-0.00878503867230318,0.00878503867230318,0.0,0.00878503867230318,-0.0005,-0.0005,0.00878503867230318
2017-09-18,-0.004990038518623177,-0.004727316749867261,-0.004727316749867261,-0.004727316749867261,-0.004727316749867261,0.004727316749867261,-0.004727316749867261,0.0,-0.004727316749867261,-0.005227316749867261,0.0,-0.004727316749867261
2017-09-19,0.0006594353447464216,0.0006247165706316782,0.0006247165706316782,0.0006247165706316782,0.0006247165706316782,-0.00037528342936832184,0.0006247165706316782,0.0,0.0006247165706316782,-0.0005,0.0,0.0006247165706316782
2017-09-20,0.005933902314108913,0.005621486827581234,0.005621486827581235,0.005621486827581235,0.005621486827581235,0.005621486827581235,0.005621486827581235,0.0,-0.006621486827581235,0.0,0.0,0.005621486827581235
2017-09-21,-0.006425365509002599,-0.006087074855507968,-0.006087074855507968,-0.006087074855507968,-0.006087074855507968,-0.006087074855507968,-0.006087074855507968,0.0,0.006087074855507968,-0.006587074855507968,0.0,-0.006087074855507968
2017-09-22,-0.006332429432588364,-0.005999031793503473,-0.005999031793503473,-0.005999031793503473,-0.005999031793503473,-0.005999031793503473,-0.005999031793503473,0.0,-0.006999031793503473,-0.0005,0.0,-0.005999031793503473
2017-09-25,-0.005043720080199122,-0.0047781720176672815,-0.0047781720176672815,-0.0047781720176672815,-0.0047781720176672815,-0.0047781720176672815,-0.0047781720176672815,0.0,-0.0047781720176672815,0.0,-0.005278172017667282,-0.0047781720176672815
2017-09-26,0.0037631117723774003,0.003032439118464625,0.003032439118464625,0.003032439118464625,-0.0005,0.003032439118464625,0.0030324391184646244,0.0,0.003032439118464625,0.0,0.003032439118464625,0.003032439118464625
2017-09-27,-0.0016094342059171055,-0.0012597792216402226,-0.0012597792216402226,-0.0012597792216402224,0.0,-0.0012597792216402226,-0.0012597792216402226,0.0,-0.0012597792216402226,-0.0017597792216402226,-0.0012597792216402226,-0.0012597792216402226
2017-09-28,-0.005478300136872657,-0.004288121040902259,-0.00428812104090226,-0.00428812104090226,0.0,-0.00428812104090226,-0.00428812104090226,0.0,-0.00428812104090226,-0.00428812104090226,-0.00428812104090226,-0.00428812104090226
2017-09-29,-0.013107147035240319,-0.01025957533975108,-0.010259575339751081,-0.010259575339751081,0.0,-0.010259575339751081,-0.010259575339751081,0.0,0.00925957533975108,-0.0005,-0.010259575339751081,-0.010259575339751081
2017-10-02,0.005068510832974023,0.003967359838981777,0.003967359838981777,0.003967359838981777,0.0,0.003967359838981777,0.003967359838981777,0.0,-0.003967359838981777,0.0,-0.0005,0.003967359838981777
2017-10-03,0.012539237915845781,0.009815046383076176,0.009815046383076176,0.009815046383076176,0.0,0.009815046383076176,0.009815046383076176,0.0,-0.009815046383076176,0.009315046383076175,0.0,0.009815046383076176
2017-10-04,-0.0020967228025262907,-0.0016412027347565417,-0.0016412027347565417,-0.0016412027347565417,0.0,0.0006412027347565416,-0.0016412027347565417,0.0,0.0016412027347565417,-0.0016412027347565417,0.0011412027347565416,-0.0016412027347565417
2017-10-05,0.00596515652595479,0.004046070481670937,0.004046070481670938,0.004046070481670938,0.0,-0.004046070481670938,0.004046070481670938,0.0,0.003046070481670938,-0.0005,-0.004046070481670938,0.004046070481670938
2017-10-06,-0.007755278440588354,-0.005163124440943244,-0.005163124440943245,-0.005163124440943245,0.0,0.005163124440943245,-0.005163124440943245,0.0,-0.005163124440943245,-0.005663124440943246,0.005163124440943245,-0.005163124440943245
2017-10-09,0.029090743777565955,0.019367342043720814,0.019367342043720814,0.019367342043720814,0.0,-0.019367342043720814,0.019367342043720814,0.0,-0.020367342043720815,-0.0005,-0.019367342043720814,0.019367342043720814
2017-10-10,0.06714696718507586,0.04470350743231055,0.04470350743231055,0.04470350743231055,0.04420350743231055,-0.04470350743231055,0.04470350743231055,0.0,-0.04470350743231055,0.04420350743231055,-0.04470350743231055,0.04470350743231055
2017-10-11,0.014943577669988843,0.019018486376051854,0.019018486376051857,0.019018486376051854,0.019018486376051857,0.018018486376051857,0.019018486376051857,0.0,0.018018486376051857,0.019018486376051857,-0.019018486376051857,0.019018486376051857
2017-10-12,0.003470293656984464,0.004315807020225826,0.004315807020225826,0.004315807020225825,0.004315807020225826,0.004315807020225826,0.004315807020225826,0.0,-0.005315807020225826,0.004315807020225826,0.003315807020225826,0.004315807020225826
2017-10-13,0.004856028318917337,0.006039166474289148,0.006039166474289148,0.006039166474289147,0.006039166474289148,0.006039166474289148,0.006039166474289148,0.0,-0.006039166474289148,0.006039166474289148,0.006039166474289148,0.006039166474289148
2017-10-16,-0.00816880237567461,-0.010159075318833088,-0.010159075318833088,-0.010159075318833087,-0.010159075318833088,-0.010159075318833088,-0.010159075318833087,0.0,0.010159075318833088,-0.010159075318833088,-0.010159075318833088,-0.010159075318833088
2017-10-17,0.002250754088141137,0.002799134959328597,0.0027991349593285975,0.0027991349593285975,0.0027991349593285975,0.0027991349593285975,0.0027991349593285975,0.0,-0.0027991349593285975,-0.0005,0.0027991349593285975,0.0027991349593285975
2017-10-18,0.002244533040616986,0.002791398196036576,0.0027913981960365764,0.002791398196036576,0.0027913981960365764,0.0027913981960365764,0.0027913981960365764,0.0,-0.0027913981960365764,0.0022913981960365763,0.0027913981960365764,0.0027913981960365764
2017-10-19,0.0016786831417973588,0.0020876828315443685,0.0020876828315443685,0.002087682831544368,0.0020876828315443685,0.0020876828315443685,0.0020876828315443685,0.0,0.0010876828315443685,0.0020876828315443685,0.0020876828315443685,0.0020876828315443685
2017-10-20,0.00967876333365111,0.012036927958071873,0.012036927958071875,0.012036927958071873,0.012036927958071875,0.012036927958071875,0.012036927958071875,0.0,0.012036927958071875,0.012036927958071875,0.012036927958071875,0.012036927958071875
2017-10-23,0.011127063336868507,0.013838096371787678,0.013838096371787678,0.013838096371787676,0.013838096371787678,0.013838096371787678,0.013838096371787678,0.0,-0.014838096371787679,0.013838096371787678,0.013838096371787678,0.013838096371787678
2017-10-24,-0.006077360882209565,-0.007558068380494776,-0.007558068380494776,-0.007558068380494775,-0.007558068380494776,-0.007558068380494776,-0.007558068380494776,0.0,0.007558068380494776,-0.007558068380494776,-0.007558068380494776,-0.007558068380494776
2017-10-25,0.004570062933150582,0.00568352757412005,0.005683527574120051,0.005683527574120051,0.005683527574120051,0.005683527574120051,0.005683527574120051,0.0,-0.005683527574120051,-0.0005,0.005683527574120051,0.005683527574120051
2017-10-26,0.0012721468101801617,0.0015820966975181872,0.0015820966975181872,0.001582096697518187,0.0015820966975181872,0.0015820966975181872,0.0015820966975181872,0.0,0.0005820966975181871,0.0010820966975181871,0.0015820966975181872,0.0015820966975181872
2017-10-27,-0.00408293393578947,-0.005077712921421895,-0.005077712921421895,-0.005077712921421894,-0.005077712921421895,-0.005077712921421895,-0.005077712921421895,0.0,-0.005077712921421895,-0.005077712921421895,-0.005077712921421895,-0.005077712921421895
2017-10-30,-0.011126139765033126,-0.013836947777978392,-0.013836947777978392,-0.013836947777978392,-0.013836947777978392,-0.013836947777978392,-0.013836947777978392,0.0,-0.013836947777978392,-0.0005,-0.013836947777978392,-0.013836947777978392
2017-10-31,0.0033291790494800752,0.004140310801772351,0.004140310801772351,0.004140310801772351,0.004140310801772351,0.004140310801772351,0.004140310801772351,0.0,0.004140310801772351,0.0,0.004140310801772351,0.004140310801772351
2017-11-01,0.005802101677051832,0.0072157441487656895,0.00721574414876569,0.0072157441487656895,0.00721574414876569,0.00721574414876569,0.00721574414876569,0.0,0.00721574414876569,0.00671574414876569,0.00721574414876569,0.00721574414876569
2017-11-02,0.007863418616752393,0.009779286891428152,0.009779286891428152,0.00977928689142815,0.009779286891428152,0.009779286891428152,0.009779286891428152,0.0,0.009779286891428152,0.009779286891428152,0.009779286891428152,0.009779286891428152
2017-11-03,0.007968557872495877,0.0099100426092118,0.0099100426092118,0.009910042609211798,0.0099100426092118,0.0099100426092118,0.0099100426092118,0.0,0.0099100426092118,0.0099100426092118,0.0099100426092118,0.0099100426092118
2017-11-06,-0.008786931949317317,-0.010927807944087209,-0.010927807944087209,-0.010927807944087207,-0.010927807944087209,-0.010927807944087209,-0.010927807944087209,0.0,0.009927807944087208,-0.010927807944087209,-0.010927807944087209,-0.010927807944087209
2017-11-07,0.0022661842273742944,0.002818324546668416,0.002818324546668416,0.002818324546668416,0.002818324546668416,0.002818324546668416,0.002818324546668416,0.0,0.001818324546668416,-0.0005,0.002818324546668416,0.002818324546668416
2017-11-08,0.011842217443762437,0.014727492895584504,0.014727492895584504,0.014727492895584504,0.014727492895584504,0.014727492895584504,0.014727492895584504,0.014227492895584504,0.014727492895584504,0.014227492895584504,0.014727492895584504,0.014727492895584504
2017-11-09,0.00034117851373121017,0.0004432695198226533,0.0004432695198226533,0.0004432695198226533,0.0004432695198226533,0.0004432695198226533,0.0004432695198226533,0.0004432695198226533,-0.0014432695198226533,0.0004432695198226533,0.0004432695198226533,0.0004432695198226533
2017-11-10,0.007366438976107148,0.00686592109043338,0.00686592109043338,0.00686592109043338,0.00686592109043338,0.00686592109043338,0.00686592109043338,0.00686592109043338,-0.00686592109043338,0.00686592109043338,0.00686592109043338,0.00686592109043338
2017-11-13,0.0008260157986449261,0.0007698915733018727,0.000769891573301873,0.000769891573301873,0.000769891573301873,0.000769891573301873,0.000769891573301873,0.000769891573301873,-0.000769891573301873,0.000769891573301873,0.000769891573301873,0.000769891573301873
2017-11-14,0.0011792256084349436,0.0010991022937396622,0.0010991022937396622,0.0010991022937396622,0.0010991022937396622,0.0010991022937396622,0.0010991022937396622,0.0010991022937396622,-0.0010991022937396622,0.0010991022937396622,0.0010991022937396622,0.0010991022937396622
2017-11-15,-0.017372844161056878,-0.013832762186857805,-0.013832762186857805,-0.013832762186857805,-0.013832762186857805,-0.013832762186857805,-0.013832762186857805,-0.013832762186857805,0.013832762186857805,-0.013832762186857805,-0.013832762186857805,-0.013832762186857805
2017-11-16,0.1361793859109441,0.10898401673810554,0.10898401673810554,0.10898401673810554,0.10898401673810554,0.10898401673810554,0.10898401673810554,0.10898401673810554,0.10798401673810554,-0.0005,0.10898401673810554,0.10898401673810554
2017-11-17,-0.008659849098393744,-0.02158213512937668,-0.02158213512937668,-0.02158213512937668,-0.02158213512937668,-0.02158213512937668,-0.02158213512937668,-0.02158213512937668,-0.02158213512937668,-0.02208213512937668,-0.02158213512937668,-0.02158213512937668
2017-11-20,3.910537900181156e-05,0.0001026031776203417,0.00010260317762034177,0.00010260317762034177,0.00010260317762034177,0.00010260317762034177,0.00010260317762034177,0.00010260317762034177,0.00010260317762034177,0.00010260317762034177,0.00010260317762034177,0.00010260317762034177
2017-11-21,-0.003753525442754499,-0.00984835456236266,-0.00984835456236266,-0.00984835456236266,-0.00984835456236266,-0.00984835456236266,-0.00984835456236266,-0.00984835456236266,0.00884835456236266,-0.00984835456236266,-0.00984835456236266,-0.00984835456236266
2017-11-22,-0.0004343411341737363,-0.0011396074318927862,-0.0011396074318927862,-0.0011396074318927862,-0.0011396074318927862,-0.0011396074318927862,-0.0011396074318927862,-0.0011396074318927862,-0.0021396074318927863,-0.0011396074318927862,-0.0011396074318927862,-0.0011396074318927862
2017-11-24,0.0008302420587910296,0.002178356931972658,0.002178356931972658,0.002178356931972658,0.002178356931972658,0.002178356931972658,0.002178356931972658,0.002178356931972658,0.002178356931972658,0.002178356931972658,0.002178356931972658,0.002178356931972658
2017-11-27,0.0,0.0,0.0,0.0,0.0,0.0,0.0,0.0,0.0,-0.0005,0.0,0.0
2017-11-28,0.0005916372046294474,0.0015523147644365132,0.0015523147644365132,0.0015523147644365132,0.0015523147644365132,0.0015523147644365132,0.0015523147644365132,0.0015523147644365132,0.0015523147644365132,0.0,0.0015523147644365132,0.0015523147644365132
2017-11-29,0.003111516924259024,0.008163877497099792,0.008163877497099792,0.008163877497099792,0.008163877497099792,0.008163877497099792,0.008163877497099792,0.008163877497099792,0.008163877497099792,0.007663877497099791,0.008163877497099792,0.008163877497099792
2017-11-30,-0.0012892098321629893,-0.0033825787852147515,-0.0033825787852147515,-0.0033825787852147515,-0.0033825787852147515,-0.0033825787852147515,-0.0033825787852147515,-0.0033825787852147515,0.0023825787852147515,-0.0033825787852147515,-0.0033825787852147515,-0.0033825787852147515
2017-12-01,0.00047034548569893105,0.0012340742538221594,0.0012340742538221594,0.0012340742538221594,0.0012340742538221594,0.0012340742538221594,0.0012340742538221594,0.0012340742538221594,-0.0012340742538221594,0.0012340742538221594,0.0012340742538221594,0.0012340742538221594
2017-12-04,-0.0013311446604578274,-0.0034926057622148843,-0.0034926057622148843,-0.0034926057622148843,-0.0034926057622148843,-0.0034926057622148843,-0.0034926057622148843,-0.0034926057622148843,-0.004492605762214884,-0.0034926057622148843,-0.0034926057622148843,-0.0034926057622148843
2017-12-05,0.003221691629129015,0.008452949617140382,0.008452949617140382,0.008452949617140382,0.008452949617140382,0.008452949617140382,0.008452949617140382,0.008452949617140382,0.008452949617140382,-0.0005,0.008452949617140382,0.008452949617140382
2017-12-06,-0.0021427785581310216,-0.005622139322337016,-0.005622139322337016,-0.005622139322337016,-0.005622139322337016,-0.005622139322337016,-0.005622139322337016,-0.005622139322337016,0.004622139322337016,-0.006122139322337017,-0.005622139322337016,-0.005622139322337016
2017-12-07,3.936220195900589e-05,0.00010327701974044423,0.00010327701974044423,0.00010327701974044423,0.00010327701974044423,0.00010327701974044423,0.00010327701974044423,0.00010327701974044423,-0.0008967229802595558,-0.0005,0.00010327701974044423,0.00010327701974044423
2017-12-08,-0.0009056237770336522,-0.002376140562347806,-0.002376140562347806,-0.002376140562347806,-0.002376140562347806,-0.002376140562347806,-0.002376140562347806,-0.002376140562347806,-0.002376140562347806,0.0,-0.002376140562347806,-0.002376140562347806
2017-12-11,0.0014999982129446144,0.003935637168120065,0.003935637168120065,0.003935637168120065,0.003935637168120065,0.003935637168120065,0.003935637168120065,0.003935637168120065,0.003935637168120065,0.0,0.003935637168120065,0.003935637168120065
2017-12-12,-0.0009044279810323585,-0.0023730030791511147,-0.0023730030791511147,-0.0023730030791511147,-0.0023730030791511147,-0.0023730030791511147,-0.0023730030791511147,-0.0023730030791511147,-0.0023730030791511147,-0.0028730030791511148,-0.0023730030791511147,-0.0023730030791511147
2017-12-13,0.004177941693041172,0.010961921468621405,0.010961921468621405,0.010961921468621405,0.010961921468621405,0.010961921468621405,0.010961921468621405,0.010961921468621405,0.010961921468621405,-0.0005,0.010961921468621405,0.010961921468621405
2017-12-14,-0.00245613441704502,-0.006444310278640453,-0.006444310278640453,-0.006444310278640453,-0.006444310278640453,-0.006444310278640453,-0.006444310278640453,-0.006444310278640453,-0.006444310278640453,-0.006944310278640453,-0.006444310278640453,-0.006444310278640453
2017-12-15,-7.858669422953643e-05,-0.00020619272213817652,-0.00020619272213817652,-0.00020619272213817652,-0.00020619272213817652,-0.00020619272213817652,-0.00020619272213817652,-0.00020619272213817652,-0.00020619272213817652,-0.0005,-0.00020619272213817652,-0.00020619272213817652
2017-12-18,0.0031005505332681793,0.008135104305497798,0.008135104305497798,0.008135104305497798,0.008135104305497798,0.008135104305497798,0.008135104305497798,0.008135104305497798,-0.009135104305497799,0.0,0.008135104305497798,0.008135104305497798
2017-12-19,0.0117246161758532,0.009192994658623332,0.009192994658623332,0.009192994658623332,0.009192994658623332,0.009192994658623332,0.009192994658623332,0.009192994658623332,0.008192994658623332,0.008692994658623332,0.009192994658623332,0.009192994658623332
2017-12-20,-0.001041168806042902,-0.000506106432460407,-0.000506106432460407,-0.000506106432460407,-0.000506106432460407,-0.000506106432460407,-0.000506106432460407,-0.000506106432460407,-0.0005,-0.000506106432460407,-0.000506106432460407,-0.000506106432460407
2017-12-21,-0.011837740164157345,-0.006987076284933447,-0.006987076284933447,-0.006987076284933447,-0.006987076284933447,-0.006987076284933447,-0.006987076284933447,-0.006987076284933447,0.0,-0.006987076284933447,-0.006987076284933447,-0.006987076284933447
2017-12-22,0.0025915732343277627,0.001529643296367178,0.001529643296367178,0.001529643296367178,0.001529643296367178,0.001529643296367178,0.0015296432963671778,0.001529643296367178,0.001029643296367178,-0.0005,0.001529643296367178,0.001529643296367178
2017-12-26,0.016388417185346057,0.009673055792357665,0.009673055792357665,0.009673055792357665,0.009673055792357665,0.009673055792357665,0.009673055792357664,0.009673055792357665,0.009673055792357665,0.0,0.009673055792357665,0.009673055792357665
2017-12-27,0.0017085871148449733,0.0010084719165421863,0.0010084719165421863,0.0010084719165421863,0.0010084719165421863,0.0010084719165421863,0.0010084719165421863,0.0010084719165421863,0.0010084719165421863,0.0005084719165421863,0.0010084719165421863,0.0010084719165421863
2017-12-28,0.0023893216497976985,0.0014102668587816503,0.0014102668587816503,0.0014102668587816503,0.0014102668587816503,0.0014102668587816503,0.0014102668587816503,0.0014102668587816503,0.0014102668587816503,0.0014102668587816503,0.0014102668587816503,0.0014102668587816503
2017-12-29,-0.01107894749702778,-0.006539208518268391,-0.006539208518268391,-0.006539208518268391,-0.006539208518268391,-0.006539208518268391,-0.006539208518268391,-0.006539208518268391,-0.0005,-0.006539208518268391,-0.006539208518268391,-0.006539208518268391
2018-01-02,-0.0027444836166624687,-0.0016198967139380294,-0.0016198967139380294,-0.0016198967139380294,-0.0016198967139380294,-0.0016198967139380294,-0.0016198967139380294,-0.0016198967139380294,-0.0021198967139380294,-0.0005,-0.0016198967139380294,-0.0016198967139380294
2018-01-03,0.014778303910507468,0.008722706813357073,0.008722706813357073,0.008722706813357073,0.008722706813357073,0.008722706813357073,0.008722706813357073,0.008722706813357073,-0.0005,0.0,0.008722706813357073,0.008722706813357073
2018-01-04,0.001533344786000085,0.0009050373502306197,0.0009050373502306197,0.0009050373502306197,0.0009050373502306197,0.0009050373502306197,0.0009050373502306197,0.0009050373502306197,0.0004050373502306197,0.0004050373502306197,0.0009050373502306197,0.0009050373502306197
2018-01-05,0.010042057994523521,0.005927197614786994,0.005927197614786994,0.005927197614786994,0.005927197614786994,0.005927197614786994,0.005927197614786994,0.005927197614786994,0.005927197614786994,0.005927197614786994,0.005927197614786994,0.005927197614786994
2018-01-08,0.02504243501423418,0.014780980269758937,0.014780980269758937,0.014780980269758937,0.014780980269758937,0.014780980269758937,0.014780980269758937,0.014780980269758937,0.014780980269758937,0.014780980269758937,0.014780980269758937,0.014780980269758937
2018-01-09,-0.02034239579942545,-0.012006841618238282,-0.012006841618238284,-0.012006841618238284,-0.012006841618238284,-0.012006841618238284,-0.012006841618238284,-0.012006841618238284,-0.012006841618238284,-0.012006841618238284,-0.012006841618238284,-0.012006841618238284
2018-01-10,-0.010035268719642571,-0.0071720477833144836,-0.0071720477833144836,-0.0071720477833144836,-0.0071720477833144836,-0.0071720477833144836,-0.0071720477833144836,-0.0071720477833144836,-0.0071720477833144836,-0.0005,-0.0071720477833144836,-0.0071720477833144836
2018-01-11,0.0048361679774263575,0.0035118209086908436,0.0035118209086908436,0.0035118209086908436,0.0035118209086908436,0.0035118209086908436,0.0035118209086908436,0.0035118209086908436,0.0035118209086908436,0.0,0.0035118209086908436,0.0035118209086908436
2018-01-12,0.011702796096106995,0.008498076206675753,0.008498076206675753,0.008498076206675753,0.008498076206675753,0.008498076206675753,0.008498076206675753,0.008498076206675753,0.008498076206675753,0.0,0.008498076206675753,0.008498076206675753
2018-01-16,-0.002457404727686023,-0.0017844635141056608,-0.0017844635141056608,-0.0017844635141056608,-0.0017844635141056608,-0.0017844635141056608,-0.0017844635141056608,-0.0017844635141056608,-0.0017844635141056608,-0.002284463514105661,-0.0017844635141056608,-0.0017844635141056608
2018-01-17,0.027489835791678956,0.019961957599551994,0.019961957599551994,0.019961957599551994,0.019961957599551994,0.019961957599551994,0.019961957599551994,0.019961957599551994,0.019961957599551994,0.019961957599551994,0.019961957599551994,0.019961957599551994
2018-01-18,0.018887685293201426,0.015579629144819584,0.015579629144819584,0.015579629144819584,0.015579629144819584,0.015579629144819584,0.015579629144819584,0.015579629144819584,0.015579629144819584,0.015579629144819584,0.015579629144819584,0.015579629144819584
2018-01-19,0.003385059729763953,0.0027804370285511304,0.0027804370285511304,0.0027804370285511304,0.0027804370285511304,0.0027804370285511304,0.0027804370285511304,0.0027804370285511304,0.0027804370285511304,0.0027804370285511304,0.0027804370285511304,0.0027804370285511304
2018-01-22,0.010010458844840768,0.008222439976538707,0.008222439976538709,0.008222439976538709,0.008222439976538709,0.008222439976538709,0.008222439976538709,0.008222439976538709,0.008222439976538709,0.008222439976538709,0.008222439976538709,0.008222439976538709
2018-01-23,0.005195747574083642,0.004267708725776086,0.004267708725776087,0.004267708725776087,0.004267708725776087,0.004267708725776087,0.004267708725776087,0.004267708725776087,0.004267708725776087,0.004267708725776087,0.004267708725776087,0.004267708725776087
2018-01-24,-0.0012649000946067931,-0.0010389698679579285,-0.0010389698679579285,-0.0010389698679579285,-0.0010389698679579285,-0.0010389698679579285,-0.0010389698679579285,-0.0010389698679579285,-0.0010389698679579285,-0.0010389698679579285,-0.0010389698679579285,-0.0010389698679579285
2018-01-25,0.009321609849950311,0.007656629797287539,0.00765662979728754,0.00765662979728754,0.00765662979728754,0.00765662979728754,0.00765662979728754,0.00765662979728754,0.00765662979728754,0.00765662979728754,0.00765662979728754,0.00765662979728754
2018-01-26,0.020443297782428222,0.016791816593417774,0.016791816593417774,0.016791816593417774,0.016791816593417774,0.016791816593417774,0.016791816593417774,0.016791816593417774,0.016791816593417774,0.016791816593417774,0.016791816593417774,0.016791816593417774
2018-01-29,0.013029237814305534,0.010702019510663073,0.010702019510663074,0.010702019510663074,0.010702019510663074,0.010702019510663074,0.010702019510663074,0.010702019510663074,0.010702019510663074,0.010702019510663074,0.010702019510663074,0.010702019510663074
2018-01-30,-0.02022621321195867,-0.016613506600021366,-0.016613506600021366,-0.016613506600021366,-0.016613506600021366,-0.016613506600021366,-0.016613506600021366,-0.016613506600021366,0.015613506600021365,-0.016613506600021366,-0.016613506600021366,-0.016613506600021366
2018-01-31,-0.01053155197062118,-0.010489093926755677,-0.010489093926755677,-0.010489093926755677,-0.010489093926755677,-0.010489093926755677,-0.010489093926755677,-0.010489093926755677,-0.011489093926755678,-0.0005,-0.010489093926755677,-0.010489093926755677
2018-02-01,-0.010063933207111495,-0.010131145564196364,-0.010131145564196364,-0.010131145564196364,-0.010131145564196364,-0.010131145564196364,-0.010131145564196364,-0.010131145564196364,-0.010131145564196364,0.0,-0.010131145564196364,-0.010131145564196364
2018-02-02,-0.009790350784745582,-0.009855736011315397,-0.009855736011315397,-0.009855736011315397,-0.009855736011315397,-0.009855736011315397,-0.009855736011315397,-0.009855736011315397,-0.009855736011315397,0.0,-0.009855736011315397,-0.009855736011315397
2018-02-05,-0.04173912324179357,-0.04201787954889568,-0.04201787954889569,-0.04201787954889569,-0.04201787954889569,-0.04201787954889569,-0.04201787954889569,-0.04201787954889569,-0.04201787954889569,0.0,-0.04201787954889569,-0.04201787954889569
2018-02-06,0.005190462499204207,0.008092730026500126,0.008092730026500128,0.008092730026500128,-0.0005,0.008092730026500128,0.008092730026500128,0.008092730026500128,0.008092730026500128,0.0,-0.0005,0.008092730026500128
2018-02-07,0.012791351978300319,0.019326503334285094,0.019326503334285094,0.019326503334285094,0.0,0.019326503334285094,0.019326503334285094,0.019326503334285094,0.019326503334285094,0.0,0.0,0.019326503334285094
2018-02-08,-0.018211586995285453,-0.027515957451885842,-0.027515957451885842,-0.027515957451885842,0.0,-0.027515957451885842,-0.027515957451885842,-0.027515957451885842,-0.027515957451885842,-0.028015957451885842,0.0,-0.027515957451885842
2018-02-09,-0.0027506545920155654,-0.006498605847763738,-0.006498605847763739,-0.006498605847763738,0.0,-0.006498605847763739,-0.006498605847763739,-0.0005,-0.0005,-0.0005,0.0,-0.006498605847763739
2018-02-12,0.0007310224413124636,0.0018110044073087472,0.0018110044073087472,0.001811004407308747,0.0,0.0018110044073087472,0.0018110044073087472,0.0,0.0,0.0,0.0,0.0018110044073087472
2018-02-13,0.005805229748457569,0.014364673357031954,0.014364673357031954,0.014364673357031954,0.0,0.014364673357031954,0.014364673357031954,0.0,0.0,0.0,0.0,0.014364673357031954
2018-02-14,0.002840137872513169,0.007130403096925475,0.007130403096925475,0.007130403096925475,0.0,0.007130403096925475,0.007130403096925474,0.0,0.006630403096925475,0.006630403096925475,0.0,0.007130403096925475
2018-02-15,0.0059728430627950585,0.015044082741875853,0.015044082741875853,0.015044082741875853,0.0,0.015044082741875853,0.015044082741875853,0.0,0.015044082741875853,0.015044082741875853,0.0,0.015044082741875853
2018-02-16,0.006060576209359349,0.015015374861309327,0.015015374861309327,0.015015374861309327,0.0,0.015015374861309327,0.015015374861309327,0.0,0.015015374861309327,0.015015374861309327,0.0,0.015015374861309327
2018-02-20,-0.04119692550636604,-0.10183255639055476,-0.10183255639055477,-0.10183255639055477,-0.10233255639055477,-0.10183255639055477,-0.10183255639055477,0.0,-0.0005,-0.10183255639055477,0.0,-0.10183255639055477
2018-02-21,-0.006467963917796092,-0.02752120288260862,-0.0005,-0.027521202882608616,-0.0005,-0.02752120288260862,-0.02752120288260862,-0.02802120288260862,0.0,-0.0005,0.0,-0.02752120288260862
2018-02-22,0.0031345463649955544,0.013658191575254275,0.0,0.013658191575254273,0.0,0.013658191575254275,0.013658191575254275,0.013658191575254275,0.0,0.0,0.0,0.013658191575254275
2018-02-23,0.0002931540393938386,0.0012935367538344789,0.0,0.0012935367538344789,0.0,0.0012935367538344789,0.0012935367538344789,0.0012935367538344789,0.0007935367538344788,0.0,0.0,0.0012935367538344789
2018-02-26,0.0005625922902690238,0.0024761404704349843,0.0,0.0024761404704349843,0.0,0.0024761404704349843,0.0024761404704349843,0.0024761404704349843,0.0024761404704349843,0.0,0.0,0.0024761404704349843
2018-02-27,-0.003919560651429118,-0.017182212704076827,0.0,-0.017182212704076827,0.0,-0.017182212704076827,-0.017182212704076827,-0.017182212704076827,-0.017182212704076827,0.0,0.0,-0.017182212704076827
2018-02-28,-0.0038220215345054803,-0.016498931227397207,0.0,-0.016498931227397203,0.0,-0.016498931227397207,-0.016498931227397207,-0.016498931227397207,-0.0005,0.0,0.0,-0.016498931227397207
2018-03-01,-0.0024177016951316688,-0.010332285775364936,0.0,-0.010332285775364936,0.0,-0.010332285775364936,-0.010332285775364936,-0.010332285775364936,0.0,0.0,0.0,-0.010332285775364936
2018-03-02,-0.0008158215107218719,-0.0034801011335051646,0.0,-0.0034801011335051646,0.0,-0.0034801011335051646,-0.0034801011335051646,-0.0034801011335051646,0.0,0.0,0.0,-0.0034801011335051646
2018-03-05,0.003192066071520337,0.013630822556221833,0.0,0.013630822556221832,0.0,0.013630822556221833,0.013630822556221833,0.013630822556221833,0.0,0.0,0.0,0.013630822556221833
2018-03-06,-0.0023596897172763476,-0.010224370246366132,0.0,-0.010224370246366132,0.0,-0.010224370246366132,-0.010224370246366132,-0.010224370246366132,0.0,-0.010724370246366133,0.0,-0.010224370246366132
2018-03-07,-0.003417842765829843,-0.014821491430809686,0.0,-0.014821491430809684,0.0,0.013821491430809685,-0.014821491430809686,-0.014821491430809686,0.0,-0.0005,0.014321491430809685,-0.014821491430809686
2018-03-08,0.001924298018201948,0.008025713074510277,0.0,0.008025713074510275,0.0,-0.008025713074510277,0.008025713074510277,0.008025713074510277,0.0,0.0,-0.008025713074510277,0.008025713074510277
2018-03-09,0.002187332553938944,0.009099057245345987,0.0,0.009099057245345987,0.0,-0.009099057245345987,0.009099057245345987,0.009099057245345987,0.0,0.0,-0.009099057245345987,0.009099057245345987
2018-03-12,-0.0017904234595945727,-0.007326454311007424,0.0,-0.007326454311007424,0.0,0.007326454311007424,-0.007326454311007424,-0.007326454311007424,0.0,-0.007826454311007425,0.007326454311007424,-0.007326454311007424
2018-03-13,0.0008565005704479411,-0.0005,0.0,-0.0036115450963404285,-0.0031115450963404285,-0.0026115450963404285,-0.0036115450963404285,-0.0005,0.0,-0.0005,-0.0026115450963404285,0.0026115450963404285
2018-03-14,-0.0024816319045732117,0.0,0.0,0.007134803668376044,0.007134803668376044,0.007134803668376044,0.007134803668376044,0.0,0.0,0.0,0.007134803668376044,-0.007134803668376044
2018-03-15,-0.0006347782310936088,0.0,0.0,0.0018250160482969902,0.0018250160482969902,0.0018250160482969902,0.0018250160482969902,0.0,0.0,0.0,0.0018250160482969902,-0.0018250160482969902
2018-03-16,0.006597917076921874,0.0,0.0,-0.018969309218386687,-0.018969309218386687,-0.018969309218386687,-0.018969309218386687,0.0,0.018469309218386687,0.0,-0.018969309218386687,0.018969309218386687
2018-03-19,-0.0067091266402219685,0.0,0.0,0.019289041729372625,0.019289041729372625,0.019289041729372625,0.019289041729372625,0.0,-0.0005,-0.019789041729372625,0.019289041729372625,-0.019289041729372625
2018-03-20,0.0019887499726770463,0.0,0.0,-0.005717745881002934,-0.005717745881002934,-0.005717745881002934,-0.005717745881002934,0.0,0.0,-0.0005,-0.005717745881002934,0.005717745881002934
2018-03-21,0.0009095112903188679,0.0,0.0,-0.0026148859863697194,-0.0026148859863697194,-0.0026148859863697194,-0.0026148859863697194,0.0,0.0021148859863697194,0.0021148859863697194,-0.0026148859863697194,0.0026148859863697194
2018-03-22,-0.009273586481363859,0.0,0.0,0.011793848260395201,0.011793848260395201,0.011793848260395201,0.011793848260395201,0.0,-0.011793848260395201,-0.011793848260395201,0.011793848260395201,-0.011793848260395201
2018-03-23,-0.016789661096378364,0.0,0.0,0.019738543147563292,0.019738543147563292,0.019738543147563292,0.019738543147563292,0.0,-0.019738543147563292,-0.0005,0.019738543147563292,-0.019738543147563292
2018-03-26,0.02066308628786202,0.0,0.0,-0.024350369784790656,-0.02435036978479066,-0.02435036978479066,-0.02435036978479066,0.0,-0.0005,0.0,-0.02435036978479066,0.02435036978479066
2018-03-27,-0.012378093169979775,0.0,0.0,0.01657178598988074,0.01657178598988074,0.01657178598988074,0.016571785989880735,0.0,-0.01707178598988074,-0.01707178598988074,0.01657178598988074,-0.01657178598988074
2018-03-28,0.014867024193348635,0.0,0.0,-0.019988581539429614,-0.019988581539429617,-0.019988581539429617,-0.019988581539429614,0.0,0.019988581539429617,-0.0005,-0.019988581539429617,0.019988581539429617
2018-03-29,0.010169198842754126,0.0,0.0,-0.013672397220555021,-0.013672397220555021,-0.013672397220555021,-0.013672397220555021,0.0,0.013672397220555021,0.013172397220555021,-0.013672397220555021,0.013672397220555021
2018-04-02,-0.028590965082543336,0.0,0.0,0.038440297763091213,0.038440297763091213,0.038440297763091213,0.038440297763091213,0.0,-0.038440297763091213,-0.038440297763091213,0.038440297763091213,-0.038440297763091213
2018-04-03,0.008688639214154827,0.0,0.0,-0.014611416049552293,-0.014611416049552295,-0.014611416049552295,-0.014611416049552295,0.0,-0.0005,-0.0005,-0.014611416049552295,0.014611416049552295
2018-04-04,0.0029012312675595173,0.0,0.0,-0.0048387596075294415,-0.0048387596075294415,-0.0048387596075294415,-0.0048387596075294415,0.0,0.004338759607529441,0.004338759607529441,-0.0048387596075294415,0.0048387596075294415
2018-04-05,0.004055940193189049,0.0,0.0,-0.006764617421853192,-0.006764617421853192,-0.006764617421853192,-0.006764617421853192,0.0,0.006764617421853192,0.006764617421853192,-0.006764617421853192,0.006764617421853192
2018-04-06,-0.007647554034854867,0.0,0.0,0.012754817574878285,0.012754817574878285,0.012754817574878285,0.012754817574878285,0.0,-0.012754817574878285,-0.012754817574878285,0.012754817574878285,-0.012754817574878285
2018-04-09,-0.0028357036506270875,0.0,0.0,0.004729470703354276,0.004729470703354277,0.004729470703354277,0.004729470703354277,0.0,-0.004729470703354277,-0.0005,0.004729470703354277,-0.004729470703354277
2018-04-10,0.0011813215892763544,0.0,0.0,-0.00197024320453476,-0.0019702432045347607,-0.0019702432045347607,-0.0019702432045347607,0.0,0.0019702432045347607,0.0,-0.0019702432045347607,0.0019702432045347607
2018-04-11,-0.003745243074045189,0.0,0.0,0.00624642754602378,0.006246427546023781,0.006246427546023781,0.00624642754602378,0.0,-0.006246427546023781,0.0,0.006246427546023781,-0.006246427546023781
2018-04-12,-0.0023332268738643163,0.0,0.0,-0.006587137534689091,0.005587137534689091,0.005587137534689091,0.005587137534689091,0.0,-0.005587137534689091,0.0,0.005587137534689091,-0.005587137534689091
2018-04-13,0.0027604936679819897,0.0,0.0,0.006906049893451671,-0.006906049893451671,-0.006906049893451671,-0.006906049893451671,0.0,-0.007906049893451672,0.0,-0.006906049893451671,0.006906049893451671
2018-04-16,0.003810509137136436,0.0,0.0,0.009532920334410777,-0.009532920334410777,-0.009532920334410777,-0.009532920334410777,0.0,-0.009532920334410777,0.009032920334410777,-0.009532920334410777,0.009532920334410777
2018-04-17,0.004879171490200101,0.0,0.0,0.012206440514917594,-0.012206440514917594,-0.012206440514917594,-0.012206440514917594,0.0,-0.012206440514917594,0.012206440514917594,-0.012206440514917594,0.012206440514917594
2018-04-18,-0.0015007102685847145,0.0,0.0,-0.0037543936835173763,0.0037543936835173763,0.0037543936835173763,0.0037543936835173763,0.0,-0.004754393683517376,-0.0037543936835173763,-0.0005,-0.0037543936835173763
2018-04-19,0.0014606607155458267,0.0,0.0,0.0036541999338612907,-0.0036541999338612907,-0.0036541999338612907,-0.0036541999338612907,0.0,0.0036541999338612907,-0.0005,0.0,0.0036541999338612907
2018-04-20,-0.004138660116194306,0.0,0.0,-0.010353870246465946,0.010353870246465946,0.010353870246465946,0.010353870246465946,0.0,-0.010353870246465946,-0.010853870246465946,0.0,-0.010353870246465946
2018-04-23,-0.004044123668673852,0.0,0.0,-0.010117364207383739,0.010117364207383739,-0.01111736420738374,0.010117364207383739,0.0,-0.010117364207383739,-0.0005,0.0,-0.010117364207383739
2018-04-24,0.0019963038966781376,0.0,0.0,0.004994242324428022,-0.004994242324428022,0.004994242324428022,-0.004994242324428022,0.0,0.004994242324428022,0.0,0.004494242324428022,0.004994242324428022
2018-04-25,0.0032669258273848143,0.0,0.0,0.007396239818685091,-0.007396239818685091,-0.008396239818685092,-0.007396239818685091,0.0,0.007396239818685091,0.00689623981868509,-0.008396239818685092,0.007396239818685091
2018-04-26,0.003928647690696894,0.0,0.0,0.008833491975242191,-0.008833491975242191,-0.008833491975242191,-0.008833491975242191,0.0,0.008833491975242191,0.008833491975242191,-0.008833491975242191,0.008833491975242191
2018-04-27,-0.0036699830546363566,0.0,0.0,0.006391363309791843,0.007391363309791843,0.007391363309791843,0.007391363309791842,0.0,-0.007391363309791843,-0.007391363309791843,-0.0005,-0.007391363309791843
2018-04-30,0.006611187105526668,0.0,0.0,0.012403524275174882,-0.013403524275174883,-0.013403524275174883,-0.013403524275174883,0.0,0.013403524275174883,-0.0005,0.0,0.013403524275174883
2018-05-01,-0.005854716328220961,0.0,0.0,0.010869855016502505,0.011869855016502506,-0.012869855016502507,0.011869855016502506,0.0,-0.011869855016502506,-0.012369855016502507,-0.012369855016502507,-0.011869855016502506
2018-05-02,-0.008796101263035877,0.0,0.0,-0.013241023214907277,0.012241023214907276,-0.012241023214907276,0.012241023214907276,0.0,-0.012241023214907276,-0.0005,-0.012241023214907276,-0.012241023214907276
2018-05-03,-0.0009041111034386241,0.0,0.0,-0.0012738752709952061,0.0012738752709952061,-0.0012738752709952061,0.0012738752709952061,0.0,-0.0012738752709952061,0.0,-0.0012738752709952061,-0.0012738752709952061
2018-05-04,0.010699790237642386,0.0,0.0,0.015075800016976393,-0.015075800016976393,0.015075800016976393,-0.015075800016976393,0.0,0.015075800016976393,0.0,-0.016075800016976394,0.015075800016976393
2018-05-07,-0.016703532168836237,0.0,0.0,0.022534957691842883,0.023534957691842884,-0.023534957691842884,0.023534957691842884,0.0,-0.023534957691842884,-0.024034957691842884,0.023534957691842884,-0.023534957691842884
2018-05-08,0.001906165133087141,0.0,0.0,0.0021589104446072547,-0.0031589104446072547,-0.004158910444607255,-0.0031589104446072547,0.0,0.0031589104446072547,-0.0005,-0.0031589104446072547,0.0031589104446072547
2018-05-09,-0.01931545623096236,0.0,0.0,-0.03125720407463595,0.03125720407463595,0.03125720407463595,0.03125720407463595,0.0,-0.03125720407463595,0.0,0.03125720407463595,-0.03125720407463595
2018-05-10,0.000887607399622482,0.0,0.0,0.0018174285618275388,-0.0018174285618275388,-0.0018174285618275388,-0.0018174285618275388,0.0,-0.0028174285618275388,0.0,-0.0018174285618275388,0.0018174285618275388
2018-05-11,0.004308416350294773,0.0,0.0,-0.009344129221958597,-0.008344129221958596,-0.008344129221958596,-0.008344129221958596,-0.008844129221958597,0.007344129221958596,0.007844129221958596,-0.008344129221958596,0.008344129221958596
2018-05-14,0.006254639556036592,0.0,0.0,-0.012113388412141823,-0.012113388412141823,-0.012113388412141823,-0.012113388412141823,-0.012113388412141823,-0.013113388412141824,0.012113388412141823,-0.012113388412141823,0.012113388412141823
2018-05-15,0.0007953672822117731,0.0,0.0,-0.0015403913740228425,-0.0015403913740228425,-0.0015403913740228425,-0.0015403913740228425,-0.0015403913740228425,0.0005403913740228425,0.0015403913740228425,-0.0015403913740228425,0.0015403913740228425
2018-05-16,0.009835717803701976,0.0,0.0,-0.019048878676545034,-0.019048878676545034,-0.019048878676545034,-0.019048878676545034,-0.019048878676545034,-0.020048878676545034,0.019048878676545034,-0.019048878676545034,0.019048878676545034
2018-05-17,-0.009831704923635984,0.0,0.0,0.019041106913767147,0.019041106913767147,0.019041106913767147,0.019041106913767147,0.019041106913767147,0.019041106913767147,-0.019041106913767147,0.019041106913767147,-0.019041106913767147
2018-05-18,-0.005194509007396053,0.0,0.0,-0.011060228835445551,0.01006022883544555,0.01006022883544555,0.01006022883544555,0.01006022883544555,-0.011060228835445551,-0.0005,0.01006022883544555,-0.01006022883544555
2018-05-21,0.005370790158124004,0.0,0.0,0.010401633328762205,-0.010401633328762205,-0.010401633328762205,-0.010401633328762205,-0.010401633328762205,0.010401633328762205,0.0,-0.010401633328762205,0.010401633328762205
2018-05-22,-0.006281184495525037,0.0,0.0,0.012489543754088728,0.013489543754088729,0.013489543754088729,0.013489543754088729,0.013489543754088729,-0.013489543754088729,-0.013989543754088729,0.013489543754088729,-0.013489543754088729
2018-05-23,-0.0020021564123856796,0.0,0.0,-0.005317954171165872,0.004317954171165872,0.004317954171165872,0.004317954171165872,0.004317954171165872,-0.004317954171165872,-0.0005,0.004317954171165872,-0.004317954171165872
2018-05-24,-0.0008938427110451054,0.0,0.0,-0.0019277074651348203,0.0019277074651348203,0.0019277074651348203,0.0019277074651348203,0.0019277074651348203,-0.0019277074651348203,0.0,0.0019277074651348203,-0.0019277074651348203
2018-05-25,-0.002182619512029076,0.0,0.0,0.003707150234483537,0.004707150234483537,0.004707150234483537,0.004707150234483536,0.004707150234483537,-0.004707150234483537,-0.005207150234483537,0.004707150234483537,-0.004707150234483537
2018-05-29,-0.0003373449327674117,0.0,0.0,-0.001727535546450664,0.0007275355464506639,0.0007275355464506639,0.0007275355464506638,0.0007275355464506639,-0.00027246445354933615,-0.0005,0.0007275355464506639,-0.0007275355464506639
2018-05-30,0.009678759764859882,0.0,0.0,0.02087371438108132,-0.02087371438108132,-0.02087371438108132,-0.020873714381081317,-0.02087371438108132,0.01987371438108132,0.0,-0.02087371438108132,0.02087371438108132
2018-05-31,-0.008709182742964883,0.0,0.0,0.017782674380380503,0.018782674380380504,0.018782674380380504,0.018782674380380504,0.018782674380380504,-0.018782674380380504,-0.019282674380380505,0.018782674380380504,-0.018782674380380504
2018-06-01,0.0025279070777368107,0.0,0.0,0.0044518152743257,-0.0054518152743257,-0.0054518152743257,-0.0054518152743257,-0.0054518152743257,0.0054518152743257,-0.0005,-0.0054518152743257,0.0054518152743257
2018-06-04,0.013576969653276118,0.0,0.0,0.02928079563788999,-0.02928079563788999,-0.02928079563788999,-0.029280795637889986,-0.02928079563788999,0.02928079563788999,0.0,-0.02928079563788999,0.02928079563788999
2018-06-05,-0.0038264398756524577,0.0,0.0,0.008365464517503196,0.009365464517503197,0.009365464517503197,0.009365464517503197,-0.010365464517503198,-0.009365464517503197,-0.009865464517503197,0.009365464517503197,-0.009365464517503197
2018-06-06,-0.0002876432314713261,0.0,0.0,-0.0017094229010881081,0.0007094229010881081,0.0007094229010881081,0.0007094229010881081,-0.0007094229010881081,-0.0007094229010881081,-0.0005,-0.0005,-0.0007094229010881081
2018-06-07,0.0018702178065719852,0.0,0.0,0.004612572787540792,-0.004612572787540792,-0.004612572787540792,-0.004612572787540792,0.004612572787540792,-0.005612572787540792,0.0,0.0,0.004612572787540792
2018-06-08,-0.0028161306303939935,0.0,0.0,0.005945505206008451,0.006945505206008451,0.006945505206008451,0.006945505206008451,-0.006945505206008451,-0.007945505206008452,-0.0074455052060084514,-0.0074455052060084514,-0.006945505206008451
2018-06-11,-0.0004013537771590757,0.0,0.0,-0.0017113029105785263,0.0007113029105785262,0.0007113029105785262,0.0007113029105785262,-0.0007113029105785262,-0.0007113029105785262,-0.0005,-0.0007113029105785262,-0.0007113029105785262
2018-06-12,-0.0018994417425809696,0.0,0.0,-0.0023724928876599494,0.0023724928876599494,0.0023724928876599494,0.0023724928876599494,-0.0023724928876599494,-0.0023724928876599494,0.0,-0.0023724928876599494,-0.0023724928876599494
2018-06-13,-8.879401725742723e-05,0.0,0.0,-0.0001186991799916326,0.0001186991799916326,0.0001186991799916326,0.0001186991799916326,-0.0001186991799916326,-0.0001186991799916326,0.0,-0.0001186991799916326,-0.0001186991799916326
2018-06-14,-0.002668680505114464,0.0,0.0,0.002567472194645482,0.0035674721946454824,0.0035674721946454824,0.0035674721946454824,-0.0035674721946454824,-0.0035674721946454824,-0.004067472194645483,-0.0035674721946454824,-0.0035674721946454824
2018-06-15,-0.0008036032704401183,0.0,0.0,-0.0020742508581776944,0.0010742508581776944,0.0010742508581776944,0.0010742508581776942,-0.0010742508581776944,-0.0010742508581776944,-0.0005,-0.0010742508581776944,-0.0010742508581776944
2018-06-18,-0.0069475723123945225,0.0,0.0,-0.008363171179672335,0.008363171179672335,0.008363171179672335,0.008363171179672335,-0.008363171179672335,-0.008363171179672335,0.0,-0.008363171179672335,-0.008363171179672335
2018-06-19,0.006070978455779795,0.0,0.0,0.007349227916659151,-0.007349227916659151,-0.007349227916659151,-0.007349227916659151,-0.008349227916659152,0.007349227916659151,0.0,-0.0005,0.007349227916659151
2018-06-20,0.0,0.0,0.0,-0.001,0.0,0.0,0.0,0.0,0.0,-0.0005,-0.0005,0.0
2018-06-21,0.0059280584575592725,0.0,0.0,-0.007176215996353096,-0.007176215996353097,-0.007176215996353097,-0.007176215996353097,-0.007176215996353097,0.007176215996353097,0.007176215996353097,-0.007176215996353097,0.007176215996353097
2018-06-22,0.0066794803453749775,0.0,0.0,-0.0072436289639821174,-0.007243628963982118,-0.007243628963982118,-0.007243628963982118,-0.007243628963982118,0.007243628963982118,0.007243628963982118,0.006243628963982118,0.007243628963982118
2018-06-25,0.018076595368398923,0.0,0.0,0.018453110606551637,-0.019453110606551638,-0.019453110606551638,-0.019453110606551638,-0.019453110606551638,-0.02045311060655164,0.019453110606551638,0.019453110606551638,0.019453110606551638
2018-06-26,-0.005265734368889864,0.0,0.0,0.00466671494355675,0.00566671494355675,0.00566671494355675,0.00566671494355675,-0.00666671494355675,0.00566671494355675,-0.00566671494355675,-0.00566671494355675,-0.00566671494355675
2018-06-27,0.009834803111287756,0.0,0.0,-0.010583713847575282,-0.010583713847575282,-0.010583713847575282,0.009583713847575281,0.010583713847575282,0.009583713847575281,0.010583713847575282,0.010583713847575282,0.010583713847575282
2018-06-28,-0.011015116314333565,0.0,0.0,0.011853906758424126,0.011853906758424126,0.011853906758424126,0.010853906758424126,-0.011853906758424126,0.010853906758424126,-0.011853906758424126,-0.011853906758424126,-0.011853906758424126
2018-06-29,-0.0022726665478930985,0.0,0.0,-0.0034457279054473924,0.0024457279054473924,0.0024457279054473924,0.0024457279054473924,-0.0024457279054473924,-0.0034457279054473924,-0.0005,-0.0024457279054473924,-0.0024457279054473924
2018-07-02,-0.017901277071100504,0.0,0.0,-0.01926444199063182,0.01926444199063182,0.01926444199063182,-0.02026444199063182,-0.01926444199063182,-0.01926444199063182,0.0,-0.01926444199063182,-0.01926444199063182
2018-07-03,0.00486748536200573,0.0,0.0,0.0052381396603256025,-0.0052381396603256025,-0.0052381396603256025,-0.0062381396603256025,0.0052381396603256025,0.0052381396603256025,0.0,0.0052381396603256025,0.0052381396603256025
2018-07-05,0.0016109310377681006,0.0,0.0,0.0015392492478902842,-0.0015392492478902842,-0.0015392492478902842,-0.0015392492478902842,0.0015392492478902842,0.0015392492478902842,0.0,0.0015392492478902842,0.0015392492478902842
2018-07-06,-0.0007824636332000375,0.0,0.0,-0.0002906161800059195,0.0007093838199940805,0.0007093838199940805,0.0007093838199940803,-0.0007093838199940805,-0.0007093838199940805,-0.0012093838199940805,-0.0005,-0.0007093838199940805
2018-07-09,0.018533561551642777,0.0,0.0,0.015802581147229655,-0.016802581147229656,-0.016802581147229656,-0.016802581147229656,0.016802581147229656,0.016802581147229656,-0.0005,-0.017302581147229656,0.016802581147229656
2018-07-10,0.016430775110823987,0.0,0.0,-0.01589618880549326,-0.01489618880549326,-0.01489618880549326,0.01389618880549326,0.01489618880549326,0.01489618880549326,0.01439618880549326,0.01389618880549326,0.01489618880549326
2018-07-11,-0.008600616168293572,-0.008297343790682199,-0.008297343790682199,0.0077973437906821985,-0.0087973437906822,0.0077973437906821985,-0.007797343790682198,-0.0077973437906821985,-0.0077973437906821985,-0.0077973437906821985,-0.0077973437906821985,-0.0077973437906821985
2018-07-12,-0.00023379963726709573,-0.00011558991954285784,-0.0001155899195428578,-0.0011155899195428578,-0.0001155899195428578,0.0001155899195428578,-0.00011558991954285785,-0.0001155899195428578,-0.0005,-0.0005,-0.0005,-0.0001155899195428578
2018-07-13,0.011295370868237495,0.013638497103528824,0.013638497103528824,0.013638497103528824,0.013638497103528824,0.012638497103528823,0.013638497103528822,0.013638497103528824,0.0,0.0,0.0,0.013638497103528824
2018-07-16,-0.0005655298557610336,-0.0006842870458092509,-0.0006842870458092509,-0.0006842870458092509,-0.0006842870458092509,-0.0006842870458092509,-0.0006842870458092508,-0.0006842870458092509,-0.001184287045809251,-0.001184287045809251,0.0,-0.0006842870458092509
2018-07-17,0.005179714101972278,0.006275672341560901,0.006275672341560901,0.0062756723415609,0.006275672341560901,0.006275672341560901,0.006275672341560901,0.006275672341560901,0.006275672341560901,0.006275672341560901,0.0,0.006275672341560901
2018-07-18,-0.0011336194339094145,-0.0013606036655142704,-0.0013606036655142706,-0.0013606036655142704,-0.0013606036655142706,-0.0013606036655142706,-0.0013606036655142704,-0.0013606036655142706,-0.0013606036655142706,-0.0013606036655142706,0.0,-0.0013606036655142706
2018-07-19,-0.0033062329571644546,-0.003974097231551732,-0.003974097231551732,-0.003974097231551732,-0.003974097231551732,-0.003974097231551732,-0.003974097231551731,-0.003974097231551732,-0.003974097231551732,-0.0005,0.0,-0.003974097231551732
2018-07-20,0.0032228175275874436,0.003875710738602045,0.003875710738602045,0.003875710738602045,0.003875710738602045,0.003875710738602045,0.003875710738602045,0.003875710738602045,-0.0005,0.0,0.003375710738602045,0.003875710738602045
2018-07-23,-0.0040883854381763025,-0.004882762023353582,-0.004882762023353582,-0.004882762023353581,-0.004882762023353582,-0.004882762023353582,-0.004882762023353582,-0.004882762023353582,-0.005382762023353582,-0.005382762023353582,-0.004882762023353582,-0.004882762023353582
2018-07-24,0.003165584183990826,0.003765847384646692,0.0037658473846466922,0.0037658473846466922,0.0037658473846466922,0.0037658473846466922,0.003765847384646692,0.0037658473846466922,-0.0005,-0.0005,0.0037658473846466922,0.0037658473846466922
2018-07-25,-0.0005743449031770497,-0.0006820438558829968,-0.0006820438558829967,-0.0006820438558829967,-0.0006820438558829967,-0.0006820438558829967,-0.0006820438558829968,-0.0006820438558829967,-0.0011820438558829967,-0.0011820438558829967,-0.0006820438558829967,-0.0006820438558829967
2018-07-26,0.003168428135493636,0.0037541324584502433,0.0037541324584502433,0.0037541324584502433,0.0037541324584502433,0.0037541324584502433,0.0037541324584502433,0.0037541324584502433,0.0037541324584502433,-0.0005,0.0037541324584502433,0.0037541324584502433
2018-07-27,-0.0009624556869740438,-0.001133407740924963,-0.0011334077409249632,-0.001133407740924963,-0.0011334077409249632,-0.0011334077409249632,-0.0011334077409249632,-0.0011334077409249632,-0.0011334077409249632,-0.0016334077409249632,-0.0011334077409249632,-0.0011334077409249632
2018-07-30,0.007239014190284946,0.008510093544195962,0.008510093544195962,0.008510093544195962,0.008510093544195962,0.008510093544195962,0.008510093544195962,0.008510093544195962,-0.0005,-0.0005,0.008510093544195962,0.008510093544195962
2018-07-31,0.003370765950980385,0.003938025419526259,0.003938025419526259,0.003938025419526258,0.003938025419526259,0.003938025419526259,0.003938025419526259,0.003938025419526259,0.0034380254195262587,0.0034380254195262587,0.003938025419526259,0.003938025419526259
2018-08-01,-0.009596421482934948,-0.011095035934384212,-0.011095035934384212,-0.01109503593438421,-0.011095035934384212,-0.011095035934384212,-0.011095035934384212,-0.011095035934384212,-0.011095035934384212,-0.011095035934384212,-0.011095035934384212,-0.011095035934384212
2018-08-02,0.0051035672278443136,0.0058928035112535415,0.0058928035112535415,0.0058928035112535415,0.0058928035112535415,0.0058928035112535415,0.0058928035112535415,0.0058928035112535415,-0.0005,-0.0005,0.0058928035112535415,0.0058928035112535415
2018-08-03,0.00818335137486351,0.009464229990498563,0.009464229990498563,0.009464229990498561,0.009464229990498563,0.009464229990498563,0.009464229990498563,0.009464229990498563,0.008964229990498562,0.008964229990498562,0.009464229990498563,0.009464229990498563
2018-08-06,0.0006775836577830735,0.0007810449680289986,0.0007810449680289988,0.0007810449680289987,0.0007810449680289988,0.0007810449680289988,0.0007810449680289988,0.0007810449680289988,0.0007810449680289988,0.0007810449680289988,0.0007810449680289988,0.0007810449680289988
2018-08-07,0.0009960263708263003,0.0011150622376332464,0.0011150622376332464,0.0011150622376332462,0.0011150622376332464,0.0011150622376332464,0.0011150622376332464,0.0011150622376332464,0.0011150622376332464,0.0011150622376332464,0.0011150622376332464,0.0011150622376332464
2018-08-08,0.002839575194601738,0.003119056834434142,0.003119056834434142,0.0031190568344341414,0.003119056834434142,0.003119056834434142,0.003119056834434142,0.003119056834434142,0.003119056834434142,0.003119056834434142,0.003119056834434142,0.003119056834434142
2018-08-09,-0.00579884236094135,-0.005807960437545945,-0.005807960437545945,-0.005807960437545944,-0.005807960437545945,-0.005807960437545945,-0.005807960437545945,-0.005807960437545945,-0.005807960437545945,-0.005807960437545945,-0.005807960437545945,-0.005807960437545945
2018-08-10,0.021136962108113583,0.013144523097321725,0.013144523097321725,0.013144523097321725,0.013144523097321725,0.013144523097321725,0.013144523097321724,0.013144523097321725,0.013144523097321725,-0.0005,0.013144523097321725,0.013144523097321725
2018-08-13,-0.009774833360266801,-0.00598792236664536,-0.00598792236664536,-0.00598792236664536,-0.00598792236664536,-0.00598792236664536,-0.00598792236664536,-0.00598792236664536,-0.00598792236664536,-0.00648792236664536,-0.00598792236664536,-0.00598792236664536
2018-08-14,0.022034643155959033,0.013498105566785323,0.013498105566785323,0.013498105566785323,0.013498105566785323,0.013498105566785323,0.013498105566785323,0.013498105566785323,0.013498105566785323,-0.0005,0.013498105566785323,0.013498105566785323
2018-08-15,-0.011319661116472052,-0.006934261637409511,-0.006934261637409511,-0.006934261637409511,-0.006934261637409511,-0.006934261637409511,-0.006934261637409511,-0.006934261637409511,-0.006934261637409511,-0.007434261637409512,-0.006934261637409511,-0.006934261637409511
2018-08-16,0.13391464693151545,0.09332749376999239,0.09332749376999239,0.09332749376999237,0.09332749376999239,0.09332749376999239,0.09332749376999239,0.09332749376999239,0.09332749376999239,0.09332749376999239,0.09332749376999239,0.09332749376999239
2018-08-17,-0.004084195969335572,-0.008009032155058549,-0.008009032155058549,-0.008009032155058549,-0.008009032155058549,-0.008009032155058549,-0.008009032155058549,-0.008009032155058549,-0.008009032155058549,-0.008009032155058549,-0.008009032155058549,-0.008009032155058549
2018-08-20,-0.00847556924076603,-0.018906438098116096,-0.018906438098116096,-0.018906438098116093,-0.018906438098116096,-0.018906438098116096,-0.018906438098116096,-0.018906438098116096,-0.018906438098116096,-0.018906438098116096,-0.018906438098116096,-0.018906438098116096
2018-08-21,0.00037356318601999215,0.0008333067728656385,0.0008333067728656385,0.0008333067728656384,0.0008333067728656385,0.0008333067728656385,0.0008333067728656385,0.0008333067728656385,0.0008333067728656385,0.0008333067728656385,0.0008333067728656385,0.0008333067728656385
2018-08-22,-0.0019130185048904463,-0.004267367172142045,-0.004267367172142045,-0.004267367172142044,-0.004267367172142045,-0.004267367172142045,-0.004267367172142045,-0.004267367172142045,-0.004267367172142045,-0.0005,-0.004267367172142045,-0.004267367172142045
2018-08-23,-0.0022960387054236867,-0.005121769691429966,-0.005121769691429967,-0.005121769691429966,-0.005121769691429967,-0.005121769691429967,-0.005121769691429967,-0.005121769691429967,-0.005121769691429967,0.0,-0.005121769691429967,-0.005121769691429967
2018-08-24,-0.001083235663499634,-0.0024163719787836375,-0.002416371978783638,-0.0024163719787836375,-0.002416371978783638,-0.002416371978783638,-0.002416371978783638,-0.002416371978783638,-0.002416371978783638,0.0,-0.002416371978783638,-0.002416371978783638
2018-08-27,-0.0019357853098669528,-0.004318153045840045,-0.004318153045840045,-0.004318153045840044,-0.004318153045840045,-0.004318153045840045,-0.004318153045840045,-0.004318153045840045,-0.004318153045840045,0.0,-0.004318153045840045,-0.004318153045840045
2018-08-28,0.007254984279290343,0.016183681270570457,0.01618368127057046,0.016183681270570457,0.01618368127057046,0.01618368127057046,0.01618368127057046,0.01618368127057046,0.01618368127057046,0.0,0.01618368127057046,0.01618368127057046
2018-08-29,-0.0020065029332185093,-0.0044759027297092135,-0.0044759027297092135,-0.0044759027297092135,-0.0044759027297092135,-0.0044759027297092135,-0.0044759027297092135,-0.0044759027297092135,-0.0044759027297092135,-0.004975902729709214,-0.0044759027297092135,-0.0044759027297092135
2018-08-30,0.002156111361860401,0.004809634000698003,0.004809634000698004,0.004809634000698003,0.004809634000698004,0.004809634000698004,0.004809634000698004,0.004809634000698004,0.004809634000698004,0.004809634000698004,0.004809634000698004,0.004809634000698004
2018-08-31,-0.0011195834903968281,-0.002497453015314788,-0.002497453015314788,-0.002497453015314788,-0.002497453015314788,-0.002497453015314788,-0.002497453015314788,-0.002497453015314788,-0.002497453015314788,-0.002497453015314788,-0.002497453015314788,-0.002497453015314788
2018-09-04,-0.002338172643594352,-0.005215757796679821,-0.005215757796679821,-0.00521575779667982,-0.005215757796679821,-0.005215757796679821,-0.005215757796679821,-0.005215757796679821,-0.005215757796679821,-0.005215757796679821,-0.005215757796679821,-0.005215757796679821
2018-09-05,0.005923326579122686,0.013213154671011473,0.013213154671011473,0.013213154671011472,0.013213154671011473,0.013213154671011473,0.013213154671011473,0.013213154671011473,0.013213154671011473,-0.0005,0.013213154671011473,0.013213154671011473
2018-09-06,-0.0007888284986135827,-0.0017596384095753814,-0.0017596384095753814,-0.0017596384095753814,-0.0017596384095753814,-0.0017596384095753814,-0.0017596384095753814,-0.0017596384095753814,-0.0017596384095753814,-0.0022596384095753814,-0.0017596384095753814,-0.0017596384095753814
2018-09-07,-0.0028817045190924354,-0.0064282134402524616,-0.0064282134402524616,-0.0064282134402524616,-0.0064282134402524616,-0.0064282134402524616,-0.0064282134402524616,-0.0064282134402524616,-0.0064282134402524616,-0.0064282134402524616,-0.0064282134402524616,-0.0064282134402524616
2018-09-10,0.005005515950197032,0.011165796039556584,0.011165796039556586,0.011165796039556584,0.011165796039556586,0.011165796039556586,0.011165796039556586,0.011165796039556586,0.011165796039556586,-0.0005,0.011165796039556586,0.011165796039556586
2018-09-11,-0.0011496752095603252,-0.0026834078875515033,-0.0026834078875515033,-0.0026834078875515033,-0.0026834078875515033,-0.0026834078875515033,-0.0026834078875515033,-0.0026834078875515033,-0.0026834078875515033,-0.0031834078875515033,-0.0026834078875515033,-0.0026834078875515033
2018-09-12,-0.0029454266466613244,-0.0069327353657570034,-0.0069327353657570034,-0.0069327353657570034,-0.0069327353657570034,-0.0069327353657570034,-0.0069327353657570034,-0.0069327353657570034,-0.0069327353657570034,-0.0069327353657570034,-0.0069327353657570034,-0.0069327353657570034
2018-09-13,-0.0037589809060697785,-0.00885691110603548,-0.008856911106035481,-0.008856911106035481,-0.008856911106035481,-0.008856911106035481,-0.008856911106035481,-0.008856911106035481,-0.008856911106035481,-0.0005,-0.008856911106035481,-0.008856911106035481
2018-09-14,-0.0023616323703907326,-0.005571925351567696,-0.005571925351567697,-0.005571925351567697,-0.005571925351567697,-0.005571925351567697,-0.005571925351567697,-0.005571925351567697,-0.005571925351567697,0.0,-0.0005,-0.005571925351567697
2018-09-17,0.0010314020336936766,0.0024314435070795777,0.002431443507079578,0.002431443507079578,0.002431443507079578,0.002431443507079578,0.002431443507079578,-0.0005,0.002431443507079578,0.0,-0.002931443507079578,0.002431443507079578
2018-09-18,0.007241265006972166,0.006433231965548457,0.006433231965548458,0.006433231965548458,0.006433231965548458,0.006433231965548458,0.006433231965548458,0.0,0.006433231965548458,0.0,-0.006433231965548458,0.006433231965548458
2018-09-19,-0.0023444614969318953,-0.0019909331944478748,-0.0019909331944478748,-0.0019909331944478748,-0.0019909331944478748,-0.0019909331944478748,-0.0019909331944478748,0.0,-0.0019909331944478748,-0.0024909331944478748,0.0019909331944478748,-0.0019909331944478748
2018-09-20,0.00719142064635514,0.005355068035119537,0.005355068035119537,0.005355068035119537,0.005355068035119537,0.005355068035119537,0.005355068035119537,0.0,0.005355068035119537,0.005355068035119537,-0.005355068035119537,0.005355068035119537
2018-09-21,0.0020873868767643175,0.001566235691147888,0.001566235691147888,0.001566235691147888,0.001566235691147888,0.001566235691147888,0.001566235691147888,0.0,0.001566235691147888,0.001566235691147888,-0.001566235691147888,0.001566235691147888
2018-09-24,-0.013801928311303353,-0.010218905299895442,-0.010218905299895442,-0.010218905299895442,-0.010218905299895442,-0.010218905299895442,-0.010218905299895442,0.0,-0.010218905299895442,-0.010218905299895442,0.010218905299895442,-0.010218905299895442
2018-09-25,0.0024383869279118175,0.00189652741462365,0.00189652741462365,0.00189652741462365,0.00189652741462365,0.00189652741462365,0.00189652741462365,0.0,0.00189652741462365,-0.0005,-0.00189652741462365,0.00189652741462365
2018-09-26,-0.006975085112825471,-0.0053628157067098225,-0.0053628157067098225,0.0043628157067098225,-0.0053628157067098225,-0.0053628157067098225,-0.0053628157067098225,0.0,-0.0053628157067098225,0.0,0.0053628157067098225,-0.0053628157067098225
2018-09-27,-0.006297280848759192,-0.004863226800556952,-0.004863226800556952,0.004863226800556952,-0.004863226800556952,-0.004863226800556952,-0.004863226800556952,0.0,-0.004863226800556952,0.0,0.004863226800556952,-0.004863226800556952
2018-09-28,-0.003568423175614137,-0.002337135959524561,-0.002337135959524561,0.002337135959524561,-0.002337135959524561,0.001337135959524561,-0.002337135959524561,0.0,0.001337135959524561,0.0,0.002337135959524561,-0.002337135959524561
2018-10-01,0.007799373681715381,0.005217552606757047,0.005217552606757048,-0.005217552606757048,0.005217552606757048,-0.005217552606757048,0.005217552606757048,0.0,0.004217552606757048,0.0,-0.005217552606757048,0.005217552606757048
2018-10-02,0.011846622957560381,0.007945148858760296,0.007945148858760298,-0.007945148858760298,0.007945148858760298,-0.007945148858760298,0.007945148858760298,0.0,0.007945148858760298,0.007445148858760298,-0.007945148858760298,0.007945148858760298
2018-10-03,-0.016273531905268018,-0.011350508747187236,-0.011350508747187238,0.011350508747187238,-0.011350508747187238,0.011350508747187238,-0.011350508747187238,0.0,-0.011350508747187238,-0.011350508747187238,0.011350508747187238,-0.011350508747187238
2018-10-04,0.0019852315621388967,0.0014881547243581483,0.0014881547243581483,-0.0014881547243581483,0.0014881547243581483,-0.0014881547243581483,0.0014881547243581483,0.0,0.0014881547243581483,-0.0005,-0.0014881547243581483,0.0014881547243581483
2018-10-05,-0.014589544393752252,-0.009553078194752707,-0.009553078194752707,0.009553078194752707,-0.009553078194752707,0.009553078194752707,-0.009553078194752707,0.0,-0.009553078194752707,0.0,0.009553078194752707,-0.009553078194752707
2018-10-08,0.021520833204406887,0.01478954359255602,0.01478954359255602,-0.01478954359255602,0.01478954359255602,-0.01478954359255602,0.01478954359255602,0.0,0.01478954359255602,0.0,-0.01478954359255602,0.01478954359255602
2018-10-09,0.032635230259579866,0.02524024003230263,0.02524024003230263,-0.02524024003230263,0.02524024003230263,-0.02524024003230263,0.02524024003230263,0.0,0.02524024003230263,0.02474024003230263,-0.02524024003230263,0.02524024003230263
2018-10-10,-0.014566498485760991,-0.013597029364032065,-0.013597029364032065,0.013597029364032065,-0.013597029364032065,0.013597029364032065,-0.013597029364032065,-0.014097029364032065,0.012597029364032064,-0.013597029364032065,-0.0005,-0.013597029364032065
2018-10-11,-0.019404083681830893,-0.019214626484370445,-0.019214626484370445,0.019214626484370445,-0.019214626484370445,0.019214626484370445,-0.019214626484370445,-0.019214626484370445,-0.0005,-0.0005,0.0,-0.019214626484370445
2018-10-12,0.008783599349392456,0.009476145819373947,0.009476145819373949,-0.009476145819373949,0.009476145819373949,-0.009476145819373949,0.009476145819373947,0.009476145819373949,0.008976145819373949,0.0,0.0,0.009476145819373949
2018-10-15,-0.009652423623133833,-0.010442288553267343,-0.010442288553267343,0.010442288553267343,-0.010442288553267343,-0.011442288553267344,-0.010442288553267343,-0.010442288553267343,-0.0005,0.0,0.0,-0.010442288553267343
2018-10-16,0.01924521274701571,0.021210816934944088,0.021210816934944088,-0.021210816934944088,0.021210816934944088,-0.02221081693494409,0.021210816934944088,0.021210816934944088,0.020710816934944087,0.0,-0.021710816934944088,0.021210816934944088
2018-10-17,0.00643873384923564,0.007828357290195818,0.00782835729019582,-0.00782835729019582,0.00782835729019582,-0.00782835729019582,0.00782835729019582,0.00782835729019582,-0.0005,0.007328357290195819,-0.00782835729019582,0.00782835729019582
2018-10-18,-0.0033324864834752754,-0.004038984938750877,-0.004038984938750878,0.004038984938750878,-0.004038984938750878,0.004038984938750878,-0.004038984938750878,-0.004038984938750878,0.0,-0.004038984938750878,-0.0005,-0.004038984938750878
2018-10-19,0.008379360606228741,0.01019001232811556,0.01019001232811556,0.00919001232811556,0.01019001232811556,0.00919001232811556,0.01019001232811556,0.01019001232811556,0.0,0.01019001232811556,0.0,0.01019001232811556
2018-10-22,-8.874851909068695e-05,-0.00010282282396734121,-0.00010282282396734121,-0.00010282282396734121,-0.00010282282396734121,-0.00010282282396734121,-0.00010282282396734121,-0.00010282282396734121,0.0,-0.00010282282396734121,0.0,-0.00010282282396734121
2018-10-23,0.0055163017096777275,0.006794349483470574,0.006794349483470574,0.006794349483470574,0.006794349483470574,0.006794349483470574,0.006794349483470574,0.006794349483470574,0.0,0.006794349483470574,0.006294349483470574,0.006794349483470574
2018-10-24,-0.002035536579375408,-0.0024539095837344815,-0.0024539095837344815,-0.0024539095837344815,-0.0024539095837344815,-0.0024539095837344815,-0.0024539095837344815,-0.0024539095837344815,0.0,-0.0024539095837344815,-0.0024539095837344815,-0.0024539095837344815
2018-10-25,0.01368560628441766,0.016605080712718268,0.016605080712718268,0.016605080712718268,0.016605080712718268,0.016605080712718268,0.016605080712718268,0.016605080712718268,0.0,0.016605080712718268,0.016605080712718268,0.016605080712718268
2018-10-26,-0.001946542826812097,-0.002420089726090535,-0.002420089726090535,-0.002420089726090535,-0.002420089726090535,-0.002420089726090535,-0.002420089726090535,-0.002420089726090535,0.0,-0.002420089726090535,-0.002420089726090535,-0.002420089726090535
2018-10-29,0.00698096097016487,0.008692138171914499,0.008692138171914499,0.008692138171914499,0.008692138171914499,0.008692138171914499,0.008692138171914499,0.008692138171914499,-0.009192138171914499,0.008692138171914499,0.008692138171914499,0.008692138171914499
2018-10-30,0.02105045450906836,0.026252722273134355,0.026252722273134355,0.026252722273134355,0.026252722273134355,0.026252722273134355,0.026252722273134355,0.026252722273134355,-0.0005,0.026252722273134355,0.026252722273134355,0.026252722273134355
2018-10-31,-0.015418485992931986,-0.020894272581973072,-0.020894272581973072,-0.020894272581973072,-0.020894272581973072,-0.020894272581973072,-0.020894272581973072,-0.020894272581973072,0.0,-0.020894272581973072,-0.020894272581973072,-0.020894272581973072
2018-11-01,0.0020080309176436248,0.0029918004808240357,0.002991800480824036,0.002991800480824036,0.002991800480824036,0.002991800480824036,0.002991800480824036,0.002991800480824036,0.0,-0.0005,0.002991800480824036,0.002991800480824036
2018-11-02,0.005274202389422144,0.007555836021498896,0.007555836021498896,0.007555836021498896,0.007555836021498896,0.007555836021498896,0.007555836021498896,0.007555836021498896,0.0,0.0,0.007555836021498896,0.007555836021498896
2018-11-05,0.01081303331005009,0.01549240973982946,0.01549240973982946,0.01549240973982946,0.01549240973982946,0.01549240973982946,0.01549240973982946,0.01549240973982946,0.0,0.01499240973982946,0.01549240973982946,0.01549240973982946
2018-11-06,0.0028694122091894305,0.0040813407335482665,0.0040813407335482665,0.0040813407335482665,0.0040813407335482665,0.0040813407335482665,0.0040813407335482665,0.0040813407335482665,0.0,0.0040813407335482665,0.0040813407335482665,0.0040813407335482665
2018-11-07,0.006838509043159003,0.00958109237541893,0.009581092375418931,0.009581092375418931,0.009581092375418931,0.009581092375418931,0.009581092375418931,0.009581092375418931,0.0,0.009581092375418931,0.009581092375418931,0.009581092375418931
2018-11-08,0.00406619362027042,0.00536798810558925,0.00536798810558925,0.00536798810558925,0.00536798810558925,0.00536798810558925,0.00536798810558925,0.00536798810558925,-0.00586798810558925,0.00536798810558925,0.00536798810558925,0.00536798810558925
2018-11-09,0.005185486993161768,0.006483792052116133,0.006483792052116133,0.006483792052116133,0.006483792052116133,0.006483792052116133,0.006483792052116133,0.006483792052116133,-0.0005,0.006483792052116133,0.006483792052116133,0.006483792052116133
2018-11-12,-0.014524856707790424,-0.01601009249710017,-0.01601009249710017,-0.01601009249710017,-0.01601009249710017,-0.01601009249710017,-0.01601009249710017,-0.01601009249710017,0.01551009249710017,-0.01601009249710017,-0.01601009249710017,-0.01601009249710017
2018-11-13,-0.007448036229303681,-0.008953702043673961,-0.008953702043673961,-0.008953702043673961,-0.008953702043673961,-0.008953702043673961,-0.008953702043673961,-0.008953702043673961,0.008953702043673961,-0.0005,-0.008953702043673961,-0.008953702043673961
2018-11-14,-0.01143114355715591,-0.01369685858283731,-0.013696858582837312,-0.013696858582837312,-0.013696858582837312,-0.013696858582837312,-0.013696858582837312,-0.013696858582837312,-0.014696858582837313,0.0,-0.013696858582837312,-0.013696858582837312
2018-11-15,-0.016376024240332607,-0.01960028913373646,-0.01960028913373646,-0.01960028913373646,-0.01960028913373646,-0.01960028913373646,-0.01960028913373646,-0.01960028913373646,-0.0005,0.0,-0.01960028913373646,-0.01960028913373646
2018-11-16,-0.014369968107854344,-0.01858531234854477,-0.01858531234854477,-0.01858531234854477,-0.01858531234854477,-0.01858531234854477,-0.01858531234854477,-0.0005,-0.01908531234854477,0.0,-0.01858531234854477,-0.01858531234854477
2018-11-19,-0.0068088401171550374,-0.009315416570268575,-0.009315416570268575,-0.009315416570268575,-0.009315416570268575,-0.009315416570268575,-0.009315416570268575,0.0,-0.009315416570268575,0.0,-0.009315416570268575,-0.009315416570268575
2018-11-20,-0.01973364491054829,-0.027071594515821085,-0.027071594515821085,-0.027071594515821085,-0.027071594515821085,-0.027071594515821085,-0.027071594515821085,0.0,-0.0005,0.0,-0.027071594515821085,-0.027071594515821085
2018-11-21,3.772094694589428e-05,-0.0005,0.00010595134580393406,0.00010595134580393406,0.00010595134580393406,0.00010595134580393406,-0.001105951345803934,0.0,-0.00039404865419606595,0.0,0.00010595134580393406,0.00010595134580393406
2018-11-23,0.00660698957362121,0.0,-0.0005,0.009876049375468599,-0.0108760493754686,0.009876049375468599,-0.009876049375468599,0.0,-0.0108760493754686,0.0,-0.0005,0.009876049375468599
2018-11-26,0.0003411933551333726,2.5669495224034822e-05,2.5669495224034822e-05,0.0005256694952240348,-0.0004743305047759652,0.0005256694952240348,-0.0004743305047759652,0.0,-0.0005,0.0,0.0,0.0005256694952240348
2018-11-27,-0.0008074310791119088,-0.0011561084927393939,-0.0011561084927393939,-0.0011561084927393939,-0.0011561084927393939,-0.0011561084927393939,-0.0011561084927393937,0.0,-0.0016561084927393939,-0.0016561084927393939,0.0,-0.0011561084927393939
2018-11-28,0.017479515816628127,0.02546301415929286,0.025463014159292863,0.025463014159292863,0.025463014159292863,-0.026463014159292864,-0.026463014159292864,0.0,-0.0005,0.025463014159292863,0.0,0.025463014159292863
2018-11-29,-0.0011348871233738795,-0.0017440765670916347,-0.0017440765670916347,-0.0017440765670916347,-0.0017440765670916347,0.0017440765670916347,-0.0027440765670916347,0.0,0.0,-0.0017440765670916347,0.0,-0.0017440765670916347
2018-11-30,0.002562749709191699,0.0036998612898890837,0.0036998612898890837,0.0036998612898890837,0.0036998612898890837,-0.0036998612898890837,0.0036998612898890837,0.0,-0.004199861289889084,0.0036998612898890837,0.0,0.0036998612898890837
2018-12-03,0.008277403661497203,0.01126484086797852,0.01126484086797852,0.01126484086797852,0.01126484086797852,-0.01126484086797852,0.01126484086797852,0.0,0.01026484086797852,0.01126484086797852,0.0,0.01126484086797852
2018-12-04,-0.021496283515410598,-0.02977232685291764,-0.02977232685291764,-0.02977232685291764,-0.02977232685291764,0.02977232685291764,-0.02977232685291764,0.0,-0.0005,-0.02977232685291764,0.0,-0.02977232685291764
2018-12-06,-0.0036196404084272854,-0.005456790595585459,-0.005456790595585459,-0.005456790595585459,-0.005456790595585459,0.005456790595585459,0.004456790595585459,0.0,-0.005956790595585459,-0.0005,0.0,-0.005456790595585459
2018-12-07,-0.011454308712545139,-0.0005,-0.016672218631097357,-0.016672218631097357,-0.016672218631097357,0.016672218631097357,0.016672218631097357,0.0,-0.016672218631097357,0.0,0.0,-0.016672218631097357
2018-12-10,0.005452183506805662,0.0,-0.0005,0.008048467252635083,-0.009048467252635084,-0.008048467252635083,-0.008048467252635083,0.0,-0.0005,0.0,0.0,0.008048467252635083
2018-12-11,-0.0006548368478044642,0.0,0.0,-0.0009581619623788562,0.0009581619623788562,0.0009581619623788562,0.0009581619623788562,0.0004581619623788562,0.0,0.0004581619623788562,0.0004581619623788562,-0.0009581619623788562
2018-12-12,-0.005440797686328847,0.0,0.0,-0.007884981681138936,0.007884981681138936,0.007884981681138936,0.007884981681138936,0.007884981681138936,0.007384981681138936,0.007884981681138936,0.007884981681138936,-0.007884981681138936
2018-12-13,-0.0011368790410865013,0.0,0.0,0.0006108976079945991,0.0016108976079945991,0.0016108976079945991,0.0016108976079945991,0.0016108976079945991,-0.002610897607994599,0.0016108976079945991,0.0016108976079945991,-0.0016108976079945991
2018-12-14,-0.0085065726895788,0.0,0.0,0.011940673990639472,0.011940673990639472,0.011940673990639472,0.011940673990639472,0.011940673990639472,-0.011940673990639472,0.011940673990639472,0.011940673990639472,-0.011940673990639472
2018-12-17,-0.008334879064688038,0.0,0.0,0.01175825229838201,0.01175825229838201,0.01175825229838201,0.011758252298382009,0.01175825229838201,-0.01175825229838201,0.01175825229838201,0.01175825229838201,-0.01175825229838201
2018-12-18,0.0024290991999324023,0.0,0.0,-0.0034151488559905907,-0.0034151488559905907,-0.0034151488559905907,-0.0034151488559905907,-0.0034151488559905907,0.0034151488559905907,-0.0034151488559905907,-0.0034151488559905907,0.0034151488559905907
2018-12-19,-0.004252996170436812,0.0,0.0,-0.006819011884050762,0.005819011884050762,0.005819011884050762,0.005819011884050762,0.005819011884050762,-0.005819011884050762,0.005819011884050762,0.005819011884050762,-0.005819011884050762
2018-12-20,-0.027260909282288484,0.0,0.0,0.03511302428318419,0.03611302428318419,0.03611302428318419,0.03611302428318419,0.03611302428318419,-0.03611302428318419,0.03611302428318419,0.03611302428318419,-0.03611302428318419
2018-12-21,-0.0011770625033887183,0.0,0.0,-0.002718427268408207,0.001718427268408207,0.001718427268408207,0.0017184272684082067,0.001718427268408207,-0.0005,0.001718427268408207,0.001718427268408207,-0.001718427268408207
2018-12-24,-0.010590921838000972,0.0,0.0,-0.015034826134944002,0.015034826134944002,0.015034826134944002,0.015034826134944002,0.015034826134944002,0.0,0.015034826134944002,0.015034826134944002,-0.015034826134944002
2018-12-26,0.03700899634878234,0.0,0.0,0.05348416657013311,-0.05348416657013311,-0.05348416657013311,-0.05348416657013311,-0.05348416657013311,0.0,-0.05348416657013311,-0.05348416657013311,0.05348416657013311
2018-12-27,0.006621470848934718,0.0,0.0,0.013051698222719788,-0.013051698222719788,-0.013051698222719788,-0.013051698222719788,-0.013051698222719788,0.0,0.012051698222719787,-0.013051698222719788,0.013051698222719788
2018-12-28,0.002980728869784021,0.0,0.0,0.005895709812385519,-0.005895709812385519,-0.005895709812385519,-0.005895709812385519,-0.005895709812385519,0.0,0.005895709812385519,-0.005895709812385519,0.005895709812385519
2018-12-31,0.005583591805755638,0.0,0.0,0.011071261705671187,-0.011071261705671187,-0.011071261705671187,-0.011071261705671187,-0.011071261705671187,0.0,0.011071261705671187,-0.011071261705671187,0.011071261705671187
2019-01-02,0.001062174965146553,0.0,0.0,0.0020396443779342466,-0.0020396443779342466,-0.0020396443779342466,-0.0020396443779342466,-0.0020396443779342466,0.0,0.0020396443779342466,-0.0020396443779342466,0.0020396443779342466
2019-01-03,-0.0027027661548660923,0.0,0.0,-0.005142499214892182,0.005142499214892182,0.005142499214892182,0.005142499214892182,0.005142499214892182,0.0,-0.005142499214892182,-0.0005,-0.005142499214892182
2019-01-04,0.0032867795082840894,0.0,0.0,-0.007246064926771933,-0.006246064926771933,-0.006246064926771933,-0.006246064926771933,-0.006246064926771933,0.005746064926771932,-0.007246064926771933,0.0,0.006246064926771933
2019-01-07,0.006246132128569432,0.0,0.0,0.01077205261136982,-0.011772052611369821,-0.011772052611369821,-0.011772052611369821,-0.011772052611369821,-0.0005,0.01077205261136982,0.0,0.011772052611369821
2019-01-08,0.003895352696506431,0.0,0.0,0.006981320772541766,-0.006981320772541766,-0.006981320772541766,0.005981320772541766,-0.006981320772541766,0.0,0.006981320772541766,0.0,0.006981320772541766
2019-01-09,-0.0018213928584525597,0.0,0.0,0.002256364315243454,0.003256364315243454,0.003256364315243454,-0.003256364315243454,-0.004256364315243454,0.0,-0.003256364315243454,0.0,-0.003256364315243454
2019-01-10,0.0004159262980016227,0.0,0.0,-0.0007376190428065588,-0.0007376190428065588,-0.0007376190428065588,0.0007376190428065588,0.0007376190428065588,0.0,0.0007376190428065588,0.0,0.0007376190428065588
2019-01-11,-0.0007298385845963556,0.0,0.0,0.0012635577634003692,0.0012635577634003692,0.0012635577634003692,0.00026355776340036916,-0.0012635577634003692,0.0,-0.0012635577634003692,0.0,-0.0012635577634003692
2019-01-14,0.0006686469227360619,0.0,0.0,-0.0011599963059159002,-0.0011599963059159002,-0.0011599963059159002,-0.0011599963059159002,0.0011599963059159002,0.0,0.0011599963059159002,0.0,0.0011599963059159002
2019-01-15,0.007946581353942758,0.0,0.0,-0.01369112490403479,-0.01369112490403479,-0.01369112490403479,0.01269112490403479,0.01369112490403479,0.0,0.01369112490403479,0.0,0.01369112490403479
2019-01-16,0.0005915925128331148,0.0,0.0005391180382693932,-0.0010391180382693932,3.9118038269393175e-05,-0.0010391180382693932,0.0010391180382693932,0.0010391180382693932,0.0005391180382693932,0.0010391180382693932,0.0005391180382693932,0.0010391180382693932
2019-01-17,0.0023567861054759375,0.0,0.004047583927482057,-0.004047583927482057,0.004047583927482057,-0.004047583927482057,0.004047583927482057,0.004047583927482057,-0.0005,0.004047583927482057,0.004047583927482057,0.004047583927482057
2019-01-18,0.006089505033383131,0.0,0.010233999190706555,-0.010233999190706555,0.010233999190706555,-0.010233999190706555,0.010233999190706555,0.010233999190706555,0.0,0.010233999190706555,0.010233999190706555,0.010233999190706555
2019-01-22,-0.0014574204854609612,0.0,-0.0024561417510277073,0.0024561417510277073,-0.0024561417510277073,-0.0034561417510277073,-0.0024561417510277073,-0.0024561417510277073,0.0,-0.0024561417510277073,-0.0024561417510277073,-0.0024561417510277073
2019-01-23,0.00745496791478401,0.0,0.012514041056116865,-0.012514041056116865,0.012514041056116865,0.012514041056116865,0.012514041056116865,0.012514041056116865,0.0,0.012514041056116865,0.012514041056116865,0.012514041056116865
2019-01-24,-0.0026273892692873758,0.0,-0.0035456284636814495,0.0035456284636814495,-0.0035456284636814495,-0.0035456284636814495,-0.0035456284636814495,-0.0035456284636814495,0.0,-0.0035456284636814495,-0.0035456284636814495,-0.0035456284636814495
2019-01-25,-0.0103929361042536,0.0,-0.014436422115559289,0.014436422115559289,-0.014436422115559289,-0.014436422115559289,-0.014436422115559289,-0.014436422115559289,0.0,-0.014436422115559289,-0.014436422115559289,-0.014436422115559289
2019-01-28,0.0008926966535523698,0.0,0.001237551282700533,-0.001237551282700533,0.001237551282700533,0.001237551282700533,-0.002237551282700533,0.001237551282700533,0.0,-0.002237551282700533,0.001237551282700533,0.001237551282700533
2019-01-29,-0.004994965632960152,0.0,-0.003605705341530263,0.003605705341530263,-0.003605705341530263,-0.003605705341530263,-0.004605705341530263,-0.003605705341530263,-0.0041057053415302636,0.003605705341530263,-0.003605705341530263,-0.003605705341530263
2019-01-30,-0.026512645395035707,0.0,-0.019750073907426113,0.019750073907426113,-0.019750073907426113,-0.019750073907426113,0.018750073907426112,-0.019750073907426113,-0.0005,0.019750073907426113,-0.019750073907426113,-0.019750073907426113
2019-01-31,0.011939129907036971,0.0,-0.0005,-0.010864988179337454,-0.011864988179337455,0.010864988179337454,-0.010864988179337454,-0.011864988179337455,0.0,-0.010864988179337454,0.010864988179337454,0.010864988179337454
2019-02-01,-0.022840790982392493,0.0,-0.021057153093913594,0.020557153093913594,-0.021557153093913595,-0.020557153093913594,0.020557153093913594,0.020557153093913594,0.0,-0.021557153093913595,-0.020557153093913594,-0.020557153093913594
2019-02-04,0.009319749765810464,0.0,-0.0005,-0.009695365010671475,-0.010695365010671476,0.009695365010671475,-0.009695365010671475,-0.009695365010671475,-0.010195365010671475,-0.010695365010671476,-0.0005,0.009695365010671475
2019-02-05,0.008372426409615656,0.0,0.0,-0.008758072104299686,-0.008758072104299686,0.008758072104299686,-0.008758072104299686,-0.008758072104299686,-0.0005,0.007758072104299686,0.0,0.008758072104299686
2019-02-06,0.0003930509750953275,0.0,-8.163383223408439e-05,-0.0004183661677659156,-0.0005816338322340844,0.0004183661677659156,-0.0004183661677659156,-0.0004183661677659156,-0.0009183661677659156,0.0004183661677659156,0.0,0.0004183661677659156
2019-02-07,0.011137872275792386,0.0,0.01139691372747409,-0.01139691372747409,0.01139691372747409,0.01139691372747409,-0.01139691372747409,-0.01139691372747409,0.010396913727474089,0.01139691372747409,0.0,0.01139691372747409
2019-02-08,-0.0114165295547897,0.0,-0.011888705987075587,0.011888705987075587,-0.011888705987075587,-0.011888705987075587,0.011888705987075587,0.011888705987075587,-0.0005,-0.011888705987075587,0.0,-0.011888705987075587
2019-02-11,0.005992337719991085,0.0,-0.0005,-0.006486433698900562,-0.007486433698900562,0.006486433698900562,-0.006486433698900561,-0.006486433698900562,0.0,-0.007486433698900562,0.0,0.006486433698900562
2019-02-12,0.007348883044776823,0.0,0.007504384055722013,-0.008004384055722014,0.007004384055722014,0.008004384055722014,-0.008004384055722012,-0.008004384055722014,0.0,0.007004384055722014,0.0,0.008004384055722014
2019-02-13,0.009085683911609825,0.0,0.01000316593856243,-0.01000316593856243,0.01000316593856243,-0.011003165938562431,-0.01000316593856243,-0.01000316593856243,0.0,0.01000316593856243,0.0,0.01000316593856243
2019-02-14,0.005282586014678741,0.005421959332280346,0.0059219593322803465,-0.0059219593322803465,0.0059219593322803465,0.0049219593322803465,-0.0059219593322803465,0.0049219593322803465,0.005421959332280346,0.0059219593322803465,0.0,0.0059219593322803465
2019-02-15,0.013725410135773171,-0.0005,0.014920950771128316,-0.014920950771128316,0.014920950771128316,0.014920950771128316,-0.014920950771128316,0.014920950771128316,-0.0005,0.014920950771128316,0.0,0.014920950771128316
2019-02-19,0.019514621168192334,0.02160193580875996,0.022101935808759965,-0.022101935808759965,0.022101935808759965,0.022101935808759965,-0.022101935808759965,0.022101935808759965,0.021601935808759964,0.022101935808759965,0.021601935808759964,0.022101935808759965
2019-02-20,-0.018573453974646808,-0.022700336812389366,-0.022700336812389366,0.022700336812389366,-0.022700336812389366,-0.022700336812389366,-0.023700336812389367,-0.022700336812389366,-0.022700336812389366,-0.022700336812389366,-0.022700336812389366,-0.022700336812389366
2019-02-21,-0.0036932499415620744,-0.0005,-0.004906012159608064,0.004906012159608064,-0.004906012159608064,-0.004906012159608064,-0.004906012159608064,-0.004906012159608064,-0.0005,0.003906012159608064,-0.004906012159608064,-0.004906012159608064
2019-02-22,0.0011945154161293865,0.0011097797626255517,0.0016097797626255517,-0.0016097797626255517,0.0016097797626255517,0.0016097797626255517,0.0016097797626255517,0.0016097797626255517,0.0011097797626255517,-0.0016097797626255517,0.0016097797626255517,0.0016097797626255517
2019-02-25,-0.0032874109152697863,-0.004319177417461462,-0.004319177417461462,0.004319177417461462,-0.004319177417461462,-0.004319177417461462,-0.004319177417461462,-0.004319177417461462,-0.004319177417461462,0.004319177417461462,-0.004319177417461462,-0.004319177417461462
2019-02-26,-0.0032906095055302924,-0.004338365132552591,-0.004338365132552591,0.004338365132552591,-0.004338365132552591,-0.004338365132552591,-0.004338365132552591,-0.004338365132552591,-0.0005,0.004338365132552591,-0.004338365132552591,-0.004338365132552591
2019-02-27,-0.004623813390782232,-0.005877149539718074,-0.005877149539718074,0.005877149539718074,-0.005877149539718074,-0.005877149539718074,-0.005877149539718074,-0.005877149539718074,0.0,0.005877149539718074,-0.005877149539718074,-0.005877149539718074
2019-02-28,0.006981423203161026,0.008969497024340798,0.0089694970243408,-0.0089694970243408,0.0089694970243408,0.0089694970243408,0.0089694970243408,0.0089694970243408,0.0,-0.0089694970243408,0.0089694970243408,0.0089694970243408
2019-03-01,-0.008277742746246715,-0.01070806463873486,-0.01070806463873486,0.01070806463873486,-0.01070806463873486,-0.01070806463873486,-0.01070806463873486,-0.01070806463873486,-0.01120806463873486,-0.01170806463873486,-0.01070806463873486,-0.01070806463873486
2019-03-04,-0.0006866333976647739,-0.000816889725501424,-0.000816889725501424,0.000816889725501424,-0.000816889725501424,-0.000816889725501424,-0.000816889725501424,-0.000816889725501424,-0.000816889725501424,-0.000183110274498576,-0.000816889725501424,-0.000816889725501424
2019-03-05,0.004140716662782777,0.005007793356359702,0.005007793356359702,-0.005007793356359702,0.005007793356359702,0.005007793356359702,0.005007793356359702,0.005007793356359702,-0.0005,-0.005007793356359702,0.005007793356359702,0.005007793356359702
2019-03-06,-0.0007915139561807471,-0.0008138738875789198,-0.0008138738875789198,0.0008138738875789198,-0.0008138738875789198,-0.0008138738875789198,-0.0008138738875789198,-0.0008138738875789198,0.0,-0.0018138738875789198,-0.0008138738875789198,-0.0008138738875789198
2019-03-07,-0.007661727876292034,-0.008243094378459714,-0.008243094378459714,0.008243094378459714,-0.008243094378459714,-0.008243094378459714,-0.008243094378459714,-0.008243094378459714,-0.008743094378459715,0.007243094378459714,-0.008243094378459714,-0.008243094378459714
2019-03-08,0.0013180718046817933,0.00143654907021884,0.00143654907021884,-0.00143654907021884,0.00143654907021884,0.00143654907021884,-0.00243654907021884,0.00143654907021884,-0.0005,-0.00143654907021884,0.00143654907021884,0.00143654907021884
2019-03-11,0.008394430222170202,0.009119813614124617,0.009119813614124617,-0.009119813614124617,0.009119813614124617,0.009119813614124617,0.008119813614124616,0.009119813614124617,0.0,-0.009119813614124617,-0.0005,0.009119813614124617
2019-03-12,-0.0010433330522955082,-0.0011169907958945569,-0.0011169907958945569,0.0011169907958945569,-0.0011169907958945569,-0.0011169907958945569,-0.0011169907958945569,-0.0011169907958945569,0.0,-0.002116990795894557,0.0,-0.0011169907958945569
2019-03-13,0.006484371820296392,0.006709439157151609,0.006709439157151609,-0.006709439157151609,0.006709439157151609,0.006709439157151609,0.006709439157151609,0.006709439157151609,0.0,0.006709439157151609,0.0,0.006709439157151609
2019-03-14,-0.002754330144111846,-0.0028426879240217584,-0.0028426879240217584,-0.0038426879240217584,-0.0028426879240217584,-0.0028426879240217584,-0.0028426879240217584,-0.0028426879240217584,-0.0033426879240217584,-0.0028426879240217584,0.0,-0.0028426879240217584
2019-03-15,0.0019850242288351827,0.0020364001179862257,0.0020364001179862257,0.0020364001179862257,0.0020364001179862257,0.0020364001179862257,0.0020364001179862252,0.0020364001179862257,0.0020364001179862257,0.0020364001179862257,0.0,0.0020364001179862257
2019-03-18,0.012581514369411672,0.012599065808345022,0.012599065808345022,0.012599065808345022,0.012599065808345022,0.012599065808345022,0.012599065808345022,0.012599065808345022,-0.013599065808345023,0.012599065808345022,0.0,0.012599065808345022
2019-03-19,0.0018316828421957164,0.001906097226846537,0.001906097226846537,0.001906097226846537,0.001906097226846537,0.001906097226846537,0.001906097226846537,0.001906097226846537,0.000906097226846537,0.001906097226846537,0.001406097226846537,0.001906097226846537
2019-03-20,-0.01245945348604057,-0.012118102348771087,-0.012118102348771087,-0.012118102348771087,-0.012118102348771087,-0.012118102348771087,-0.012118102348771087,-0.012118102348771087,-0.012118102348771087,-0.012118102348771087,-0.012118102348771087,-0.012118102348771087
2019-03-21,0.004891659676680684,0.00425788409308181,0.00425788409308181,0.00425788409308181,0.00425788409308181,0.00425788409308181,-0.00525788409308181,0.00425788409308181,-0.00525788409308181,-0.0005,0.00425788409308181,0.00425788409308181
2019-03-22,-0.011491769675312116,-0.007874128465196193,-0.007874128465196195,-0.007874128465196195,-0.007874128465196195,-0.007874128465196195,0.007874128465196195,-0.007874128465196195,0.007874128465196195,0.0,-0.007874128465196195,-0.007874128465196195
2019-03-25,-0.0015948669784623128,-0.0011189678113969759,-0.0011189678113969759,-0.0011189678113969759,-0.0011189678113969759,-0.0011189678113969759,0.0011189678113969759,-0.0011189678113969759,0.0011189678113969759,0.0,-0.0011189678113969759,-0.0011189678113969759
2019-03-26,0.002159632399465425,0.0015277864954323928,0.0015277864954323928,0.0015277864954323928,0.0015277864954323928,-0.0025277864954323928,-0.0015277864954323928,0.0015277864954323928,0.0005277864954323927,0.0,0.0015277864954323928,0.0015277864954323928
2019-03-27,-0.016094368600924447,-0.011289576820831093,-0.011289576820831093,-0.011289576820831093,-0.011289576820831093,0.011289576820831093,0.011289576820831093,-0.011289576820831093,-0.011289576820831093,0.0,-0.011289576820831093,-0.011289576820831093
2019-03-28,-0.001147471714947395,-0.0008228532224525686,-0.0008228532224525686,-0.0008228532224525686,-0.0008228532224525686,0.0008228532224525686,0.0008228532224525686,-0.0005,-0.0008228532224525686,0.0,-0.0008228532224525686,-0.0008228532224525686
2019-03-29,0.005625220363250739,0.00411817808706072,0.00411817808706072,0.00411817808706072,0.00411817808706072,-0.00411817808706072,-0.00411817808706072,0.0,0.00411817808706072,0.00361817808706072,-0.0005,0.00411817808706072
2019-04-01,0.0041936776313349,0.002973194371709953,0.002973194371709953,0.002973194371709953,0.002973194371709953,-0.002973194371709953,-0.002973194371709953,0.0,0.002973194371709953,0.002973194371709953,0.0,0.002973194371709953
2019-04-02,-0.013622264497283331,-0.008995788006443739,-0.008995788006443739,-0.008995788006443739,-0.008995788006443739,0.008995788006443739,-0.00999578800644374,0.0,-0.008995788006443739,-0.008995788006443739,0.0,-0.008995788006443739
2019-04-03,0.00366992848645683,0.002578750042228073,0.002578750042228073,0.002578750042228073,0.002578750042228073,-0.002578750042228073,-0.003578750042228073,0.0,0.002578750042228073,-0.0005,0.0,0.002578750042228073
2019-04-04,0.013751866017396735,0.009465969663385199,0.009465969663385199,0.009465969663385199,0.009465969663385199,-0.009465969663385199,-0.009465969663385197,0.0,0.009465969663385199,0.0,0.0,0.009465969663385199
2019-04-05,0.010107031259612724,0.0073387162425275765,0.0073387162425275765,0.0073387162425275765,0.0073387162425275765,0.0063387162425275765,0.0063387162425275765,0.0,0.0073387162425275765,0.006838716242527576,0.0,0.0073387162425275765
2019-04-08,0.005679882587245942,0.004047212004264499,0.0040472120042645,0.0040472120042645,0.0040472120042645,0.0040472120042645,0.0040472120042645,0.0,0.0040472120042645,0.0040472120042645,0.0,0.0040472120042645
2019-04-09,-0.007618595628581763,-0.0054416259295029246,-0.0054416259295029246,-0.0054416259295029246,-0.0054416259295029246,-0.0054416259295029246,-0.0054416259295029246,-0.005941625929502925,-0.0054416259295029246,-0.0054416259295029246,0.0,-0.0054416259295029246
2019-04-10,0.013126533190532386,0.009220546455636303,0.009220546455636303,0.009220546455636303,0.009220546455636303,0.009220546455636303,0.009220546455636303,0.009220546455636303,0.009220546455636303,0.009220546455636303,0.008720546455636302,0.009220546455636303
2019-04-11,0.016489179471610063,0.012048282000449937,0.01204828200044994,0.01204828200044994,0.01204828200044994,0.01204828200044994,0.012048282000449937,0.01204828200044994,0.01204828200044994,0.01204828200044994,0.01204828200044994,0.01204828200044994
2019-04-12,0.009850454905382807,0.007539487476601714,0.007539487476601714,0.007539487476601714,0.007539487476601714,0.007539487476601714,0.007539487476601714,-0.0005,0.007539487476601714,0.007539487476601714,0.007539487476601714,0.007539487476601714
2019-04-15,0.011112596467078998,0.008566712380427166,0.008566712380427166,0.008566712380427166,0.008566712380427166,0.008566712380427166,0.008566712380427166,0.0,0.008566712380427166,0.008566712380427166,0.008566712380427166,0.008566712380427166
2019-04-16,0.006188954618736147,0.004881629501870988,0.004881629501870988,0.004881629501870988,0.004881629501870988,0.004881629501870988,0.004881629501870988,0.0,0.004881629501870988,0.004881629501870988,0.004881629501870988,0.004881629501870988
2019-04-17,0.0029545484544821416,0.00223395018612349,0.00223395018612349,0.00223395018612349,0.00223395018612349,0.00223395018612349,0.00223395018612349,0.0,0.00223395018612349,0.00223395018612349,0.00223395018612349,0.00223395018612349
2019-04-18,0.00025964494481341057,0.0001942335983564636,0.0001942335983564636,0.0001942335983564636,0.0001942335983564636,0.0001942335983564636,0.0001942335983564636,0.0,-0.0011942335983564636,0.0001942335983564636,0.0001942335983564636,0.0001942335983564636
2019-04-22,-0.011763961122455799,-0.007850480882860889,-0.007850480882860889,-0.007850480882860889,-0.007850480882860889,-0.007850480882860889,-0.007850480882860889,0.0,-0.00885048088286089,-0.007850480882860889,-0.007850480882860889,-0.007850480882860889
2019-04-23,0.009623336175859004,0.006837902453544764,0.006837902453544764,0.006837902453544764,0.006837902453544764,0.006837902453544764,0.006837902453544764,0.0,0.006837902453544764,-0.0005,0.006837902453544764,0.006837902453544764
2019-04-24,0.006546780250882279,0.004463067224132589,0.004463067224132589,0.004463067224132589,0.004463067224132589,0.004463067224132589,0.004463067224132589,0.0,0.004463067224132589,0.003963067224132588,0.004463067224132589,0.004463067224132589
2019-04-25,-0.0001463419600646677,-9.624760855098113e-05,-9.624760855098113e-05,-9.624760855098113e-05,-9.624760855098113e-05,-9.624760855098113e-05,-9.624760855098113e-05,0.0,-9.624760855098113e-05,-9.624760855098113e-05,-9.624760855098113e-05,-9.624760855098113e-05
2019-04-26,-0.028375554311687156,-0.019223486529596934,-0.019223486529596934,-0.019223486529596934,-0.019223486529596934,-0.019223486529596934,-0.019223486529596934,0.0,-0.019223486529596934,-0.019223486529596934,-0.019223486529596934,-0.019223486529596934
2019-04-29,0.00027580977106277875,0.0002949942851904197,0.0002949942851904197,0.0002949942851904197,0.0002949942851904197,0.0002949942851904197,0.0002949942851904197,0.0,-0.0012949942851904197,-0.0005,0.0002949942851904197,0.0002949942851904197
2019-04-30,0.01611003129911399,0.012603686366160492,0.012603686366160494,0.012603686366160494,0.012603686366160494,0.012603686366160494,0.012603686366160494,0.0,0.011603686366160493,0.0,0.012603686366160494,0.012603686366160494
2019-05-01,-0.017622170899057814,-0.014391232577742219,-0.014391232577742219,-0.014391232577742219,-0.014391232577742219,-0.014391232577742219,-0.014391232577742219,0.0,-0.014391232577742219,-0.01489123257774222,-0.014391232577742219,-0.014391232577742219
2019-05-02,-0.002345079742935889,-0.0020716859032571255,-0.0020716859032571255,-0.0020716859032571255,-0.0020716859032571255,-0.0020716859032571255,-0.0020716859032571255,0.0,0.0010716859032571255,-0.0005,-0.0020716859032571255,-0.0020716859032571255
2019-05-03,0.010497527355685236,0.009194266072189983,0.009194266072189983,0.009194266072189983,0.009194266072189983,0.009194266072189983,0.009194266072189983,0.0,-0.009194266072189983,0.0,0.009194266072189983,0.009194266072189983
2019-05-06,0.004174355724370979,0.0037221928021367034,0.0037221928021367034,0.0037221928021367034,0.0037221928021367034,0.0037221928021367034,0.0037221928021367034,0.0,0.0027221928021367034,0.0032221928021367034,0.0037221928021367034,0.0037221928021367034
2019-05-07,-0.01296834978785816,-0.011321163396100786,-0.011321163396100786,-0.011321163396100786,-0.011321163396100786,-0.011321163396100786,-0.011321163396100786,0.0,-0.011321163396100786,-0.011321163396100786,-0.011321163396100786,-0.011321163396100786
2019-05-08,-0.010800662318763915,-0.009871853162798925,-0.009871853162798927,-0.009871853162798927,-0.009871853162798927,-0.009871853162798927,-0.009871853162798925,0.0,0.008871853162798926,-0.0005,-0.0005,-0.009871853162798927
2019-05-09,-0.0024498998536824465,-0.002305144620737498,-0.002305144620737498,-0.002305144620737498,-0.002305144620737498,-0.002305144620737498,-0.002305144620737498,0.0,-0.003305144620737498,0.0,0.0,-0.002305144620737498
2019-05-10,0.0253347506640904,0.02380917733228749,0.02380917733228749,0.02380917733228749,0.02380917733228749,0.02380917733228749,0.02380917733228749,0.0,0.02380917733228749,0.0,0.0,0.02380917733228749
2019-05-13,-0.01866320671667431,-0.019821433370634245,-0.019821433370634245,-0.019821433370634245,-0.019821433370634245,-0.019821433370634245,-0.019821433370634245,0.0,-0.019821433370634245,-0.020321433370634245,0.0,-0.019821433370634245
2019-05-14,0.003485989663964088,0.004004382486568536,0.004004382486568536,0.004004382486568536,0.004004382486568536,0.004004382486568536,0.004004382486568535,0.0,0.004004382486568536,-0.0005,0.0,0.004004382486568536
2019-05-15,-0.0036267443333265915,-0.004087874092922883,-0.004087874092922883,-0.004087874092922883,-0.004087874092922883,-0.004087874092922883,-0.004087874092922883,0.0,-0.004087874092922883,-0.004587874092922883,0.0,-0.004087874092922883
2019-05-16,0.012885829114552966,0.014317333012631606,0.014317333012631606,0.014317333012631606,0.014317333012631606,0.014317333012631606,0.014317333012631606,0.0,0.014317333012631606,-0.0005,0.0,0.014317333012631606
2019-05-17,-0.003853481151047891,-0.004441996405320059,-0.004441996405320059,-0.004441996405320059,-0.004441996405320059,-0.004441996405320059,-0.004441996405320059,0.0,-0.0005,-0.004941996405320059,0.0,-0.004441996405320059
2019-05-20,0.005640830265547876,0.006543620183550036,0.006543620183550036,0.006543620183550036,0.006543620183550036,0.006543620183550036,0.006543620183550036,0.0,0.006043620183550036,-0.0005,0.006043620183550036,0.006543620183550036
2019-05-21,-0.0033659715931085364,-0.00393990096476915,-0.00393990096476915,-0.00393990096476915,-0.00393990096476915,-0.00393990096476915,-0.00393990096476915,0.0,-0.0005,-0.00443990096476915,-0.00393990096476915,-0.00393990096476915
2019-05-22,0.009445458595637135,0.01097713757837293,0.01097713757837293,0.01097713757837293,0.01097713757837293,-0.011977137578372932,0.01097713757837293,0.0,0.0,-0.0005,0.01097713757837293,0.01097713757837293
2019-05-23,-0.003074719459578541,-0.0036194398762569024,-0.0036194398762569024,-0.0036194398762569024,-0.0036194398762569024,0.0036194398762569024,-0.0036194398762569024,0.0,0.0,-0.004119439876256903,-0.0036194398762569024,-0.0036194398762569024
2019-05-24,0.0067549233963533056,0.0079518009741546,0.0079518009741546,0.0079518009741546,0.0079518009741546,-0.0079518009741546,0.0079518009741546,0.0,0.0,0.0079518009741546,0.0079518009741546,0.0079518009741546
2019-05-28,-0.0020466958062357985,-0.0024349030619389422,-0.0024349030619389422,-0.0024349030619389422,-0.0024349030619389422,0.0024349030619389422,-0.0024349030619389422,0.0,0.0,-0.0024349030619389422,-0.0024349030619389422,-0.0024349030619389422
2019-05-29,-0.0026935398805935508,-0.0029289908395697672,-0.0029289908395697672,-0.0029289908395697672,-0.0029289908395697672,0.0029289908395697672,-0.0029289908395697672,0.0,0.0,-0.0029289908395697672,-0.0029289908395697672,-0.0029289908395697672
2019-05-30,0.0006192454498099453,0.000685620532417941,0.000685620532417941,0.000685620532417941,0.000685620532417941,-0.000685620532417941,0.000685620532417941,0.0,0.0,-0.0005,0.000685620532417941,0.000685620532417941
2019-05-31,-0.0069035283617544215,-0.0073394510177543495,-0.00733945101775435,-0.00733945101775435,-0.00733945101775435,0.00733945101775435,-0.00733945101775435,0.0,0.0,0.0,-0.00733945101775435,-0.00733945101775435
2019-06-03,0.004986762599630502,0.005126085030269012,0.005126085030269012,0.005126085030269012,0.005126085030269012,-0.005126085030269012,0.005126085030269012,0.0,0.0,0.0,0.005126085030269012,0.005126085030269012
2019-06-04,0.0057224317665488635,0.00588478263378045,0.00588478263378045,0.00588478263378045,0.00588478263378045,-0.00588478263378045,0.00588478263378045,0.0,0.0,0.005384782633780449,-0.0005,0.00588478263378045
2019-06-05,0.01785398820576721,0.018135741449087917,0.018135741449087917,0.018135741449087917,0.018135741449087917,-0.018135741449087917,0.018135741449087917,0.0,0.0,0.018135741449087917,0.0,0.018135741449087917
2019-06-06,0.0060134173608191325,0.006607780876725311,0.006607780876725311,0.006607780876725311,0.006607780876725311,-0.006607780876725311,0.006607780876725311,0.0,0.0061077808767253106,0.006607780876725311,0.0061077808767253106,0.006607780876725311
2019-06-07,0.008549184614701345,0.009038408164650624,0.009038408164650624,0.009038408164650624,0.009038408164650624,0.008038408164650623,0.009038408164650624,0.0,0.009038408164650624,0.009038408164650624,0.009038408164650624,0.009038408164650624
2019-06-10,0.013410466505989557,0.013765709139329951,0.013765709139329951,0.013765709139329951,0.013765709139329951,0.013765709139329951,0.013765709139329951,0.0,-0.0005,0.013765709139329951,0.013765709139329951,0.013765709139329951
2019-06-11,0.0037239670631702085,0.0039060597225448745,0.0039060597225448745,0.0039060597225448745,0.0039060597225448745,0.0039060597225448745,0.0039060597225448745,0.0,-0.004406059722544875,0.0039060597225448745,0.0039060597225448745,0.0039060597225448745
2019-06-12,0.008739667110912707,0.008153018529587497,0.008153018529587497,0.008153018529587497,0.008153018529587497,0.008153018529587497,0.008153018529587497,0.0,-0.008153018529587497,0.008153018529587497,0.008153018529587497,0.008153018529587497
2019-06-13,-0.0016023382266539044,-0.0015625682991500243,-0.0015625682991500245,-0.0015625682991500245,-0.0015625682991500245,-0.0015625682991500245,-0.0015625682991500245,0.0,0.0015625682991500245,-0.0015625682991500245,-0.0015625682991500245,-0.0015625682991500245
2019-06-14,0.0038656689359617413,0.0038656689359617413,0.0038656689359617413,0.0038656689359617413,0.0038656689359617413,0.0038656689359617413,0.0038656689359617413,0.0,0.0028656689359617413,0.0038656689359617413,0.0038656689359617413,0.0038656689359617413
2019-06-17,0.0008252506517625324,0.0008252506517625324,0.0008252506517625324,0.0008252506517625324,0.0008252506517625324,0.0008252506517625324,0.0008252506517625324,0.0,0.0008252506517625324,0.0008252506517625324,0.0008252506517625324,0.0008252506517625324
2019-06-18,0.004489068969297794,0.004489068969297794,0.004489068969297794,0.004489068969297794,0.004489068969297794,0.004489068969297794,0.004489068969297794,0.0,-0.005489068969297794,0.004489068969297794,0.004489068969297794,0.004489068969297794
2019-06-19,-0.00027378222003116015,-0.00027378222003116015,-0.00027378222003116015,-0.00027378222003116015,-0.00027378222003116015,-0.00027378222003116015,-0.00027378222003116015,0.0,0.00027378222003116015,-0.00027378222003116015,-0.00027378222003116015,-0.00027378222003116015
2019-06-20,0.0063852696448973845,0.0063852696448973845,0.0063852696448973845,0.0063852696448973845,0.0063852696448973845,0.0063852696448973845,0.0063852696448973845,0.0,-0.0063852696448973845,0.0063852696448973845,0.0063852696448973845,0.0063852696448973845
2019-06-21,0.007342643349312228,0.007342643349312228,0.007342643349312228,0.007342643349312228,0.007342643349312228,0.007342643349312228,0.007342643349312227,0.0,-0.007342643349312228,0.007342643349312228,0.007342643349312228,0.007342643349312228
2019-06-24,0.0009900437818601837,0.0009900437818601837,0.0009900437818601837,0.0009900437818601837,0.0009900437818601837,0.0009900437818601837,0.0009900437818601837,0.0,-0.0009900437818601837,0.0009900437818601837,0.0009900437818601837,0.0009900437818601837
2019-06-25,-0.0046747715297247305,-0.0046747715297247305,-0.0046747715297247305,-0.0046747715297247305,-0.0046747715297247305,-0.0046747715297247305,-0.0046747715297247305,0.0,0.0046747715297247305,-0.0046747715297247305,-0.0046747715297247305,-0.0046747715297247305
2019-06-26,-0.0050579001424923,-0.0050579001424923,-0.0050579001424923,-0.0050579001424923,-0.0050579001424923,-0.0050579001424923,-0.0050579001424923,0.0,-0.0060579001424923,-0.0005,-0.0050579001424923,-0.0050579001424923
2019-06-27,-0.0005445702373876316,-0.0005445702373876316,-0.0005445702373876316,-0.0005445702373876316,-0.0005445702373876316,-0.0005445702373876316,-0.0005445702373876316,0.0,-0.0005445702373876316,0.0,-0.0005445702373876316,-0.0005445702373876316
2019-06-28,0.0035419799192053514,0.0035419799192053514,0.0035419799192053514,0.0035419799192053514,0.0035419799192053514,0.0035419799192053514,0.0035419799192053514,0.0,-0.004541979919205351,0.0,0.0035419799192053514,0.0035419799192053514
2019-07-01,0.0011766836869986363,0.0011766836869986363,0.0011766836869986363,0.0011766836869986363,0.0011766836869986363,0.0011766836869986363,0.0011766836869986363,0.0,-0.0011766836869986363,0.0006766836869986363,-0.0005,0.0011766836869986363
2019-07-02,0.008859413927833959,0.008859413927833959,0.008859413927833959,0.008859413927833959,0.008859413927833959,0.008859413927833959,0.008859413927833959,0.0,0.007859413927833958,0.008859413927833959,0.0,0.008859413927833959
2019-07-03,0.006451654589699096,0.006451654589699096,0.006451654589699096,0.006451654589699096,0.006451654589699096,0.006451654589699096,0.006451654589699096,0.0,-0.007451654589699096,0.006451654589699096,0.005951654589699096,0.006451654589699096
2019-07-05,-0.0030271913347788004,-0.0030271913347788004,-0.0030271913347788004,-0.0030271913347788004,-0.0030271913347788004,-0.0030271913347788004,-0.0030271913347788004,0.0,0.0030271913347788004,-0.0030271913347788004,-0.0030271913347788004,-0.0030271913347788004
2019-07-08,0.0066081465037592935,0.0066081465037592935,0.0066081465037592935,0.0066081465037592935,0.0066081465037592935,0.0066081465037592935,0.0066081465037592935,0.0,-0.0066081465037592935,0.0066081465037592935,0.0066081465037592935,0.0066081465037592935
2019-07-09,0.0014197303006246997,0.0014197303006246997,0.0014197303006246997,0.0014197303006246997,0.0014197303006246997,0.0014197303006246997,0.0014197303006246997,0.0,-0.0014197303006246997,0.0014197303006246997,0.0014197303006246997,0.0014197303006246997
2019-07-10,0.0008861575069600836,0.0008861575069600836,0.0008861575069600836,0.0008861575069600836,0.0008861575069600836,0.0008861575069600836,0.0008861575069600836,0.0,-0.0008861575069600836,0.0008861575069600836,0.0008861575069600836,0.0008861575069600836
2019-07-11,0.008319616603401858,0.008319616603401858,0.008319616603401858,0.008319616603401858,0.008319616603401858,0.008319616603401858,0.008319616603401858,0.0,-0.008319616603401858,0.008319616603401858,0.008319616603401858,0.008319616603401858
2019-07-12,0.0059694614103276145,0.0059694614103276145,0.0059694614103276145,0.0059694614103276145,0.0059694614103276145,0.0059694614103276145,0.0059694614103276145,0.0,-0.0059694614103276145,0.0059694614103276145,0.0059694614103276145,0.0059694614103276145
2019-07-15,0.004832489769047681,0.00331557703017693,0.0033155770301769305,0.0033155770301769305,0.0033155770301769305,0.0033155770301769305,0.0033155770301769305,0.0028155770301769305,-0.0005,0.0033155770301769305,0.0033155770301769305,0.0033155770301769305
2019-07-16,-0.00294434447003751,-0.001913456026599758,-0.001913456026599758,-0.001913456026599758,-0.001913456026599758,-0.001913456026599758,-0.001913456026599758,-0.001913456026599758,-0.002413456026599758,-0.001913456026599758,-0.001913456026599758,-0.001913456026599758
2019-07-17,-0.0021447681412007096,-0.0013938313153241122,-0.0013938313153241122,-0.0013938313153241122,-0.0013938313153241122,-0.0013938313153241122,-0.0013938313153241122,-0.0013938313153241122,-0.0005,-0.0013938313153241122,-0.0013938313153241122,-0.0013938313153241122
2019-07-18,0.0016106514549922213,0.0010467222040997368,0.001046722204099737,0.001046722204099737,0.001046722204099737,0.001046722204099737,0.001046722204099737,0.001046722204099737,0.0,-0.0005,0.001046722204099737,0.001046722204099737
2019-07-19,-0.010998399638374848,-0.007147585578100801,-0.007147585578100801,-0.007147585578100801,-0.007147585578100801,-0.007147585578100801,-0.007147585578100801,-0.007147585578100801,0.0,-0.007647585578100802,-0.007147585578100801,-0.007147585578100801
2019-07-22,-0.012889036460917005,-0.009482173498273627,-0.009482173498273627,-0.009482173498273627,-0.009482173498273627,-0.009482173498273627,-0.009482173498273627,-0.009482173498273627,0.008982173498273627,-0.0005,-0.009482173498273627,-0.009482173498273627
2019-07-23,-0.008730617930354605,-0.006470473530701626,-0.006470473530701626,-0.006470473530701626,-0.006470473530701626,-0.006470473530701626,-0.006470473530701626,-0.006470473530701626,0.006470473530701626,0.0,-0.0005,-0.006470473530701626
2019-07-24,-0.0010417133676082894,-0.0008027904105314398,-0.0008027904105314398,-0.0008027904105314398,-0.0005,-0.0008027904105314398,-0.0008027904105314398,-0.0005,0.0008027904105314398,0.0,0.0,-0.0008027904105314398
2019-07-25,0.002381200328549984,0.001964254410140809,0.001964254410140809,0.001964254410140809,0.0,0.001964254410140809,0.001964254410140809,0.0,-0.0005,0.0,0.0,0.001964254410140809
2019-07-26,0.008642022292056673,0.0071288123876769305,0.0071288123876769305,0.0071288123876769305,0.0,0.0071288123876769305,0.0071288123876769305,0.0,-0.007628812387676931,0.0,0.0,0.0071288123876769305
2019-07-29,-0.008044725924346425,-0.006636102047278825,-0.006636102047278825,-0.006636102047278825,-0.007136102047278825,-0.006636102047278825,-0.006636102047278825,0.0,-0.0005,-0.007136102047278825,0.0,-0.006636102047278825
2019-07-30,-0.002267560163982023,-0.001870512530574686,-0.0018705125305746861,-0.0018705125305746861,-0.0005,-0.0018705125305746861,-0.0018705125305746861,0.0,0.0,-0.0005,0.0,-0.0018705125305746861
2019-07-31,-0.018174203186630527,-0.014991917451091852,-0.014991917451091852,-0.014991917451091852,0.0,-0.014991917451091852,-0.014991917451091852,0.0,0.0,0.0,0.0,-0.014991917451091852
2019-08-01,-0.009086161853279725,-0.009059646368124397,-0.009059646368124397,-0.009059646368124397,0.0,-0.009059646368124397,-0.009059646368124397,0.0,-0.009559646368124397,0.0,0.0,-0.009059646368124397
2019-08-02,0.00018138473798933174,0.00018308773592057292,0.00018308773592057292,0.00018308773592057292,0.0,0.00018308773592057292,0.00018308773592057292,0.0,-0.0005,0.0,0.0,0.00018308773592057292
2019-08-05,-0.03241982321062839,-0.032724208753044604,-0.032724208753044604,-0.032724208753044604,0.0,-0.032724208753044604,-0.032724208753044604,0.0,-0.033224208753044604,0.0,0.0,-0.032724208753044604
2019-08-06,0.00925183190884834,0.01370248848093758,0.01370248848093758,0.01370248848093758,0.0,0.01370248848093758,0.01370248848093758,0.0,-0.0005,0.0,0.0,0.01370248848093758
2019-08-07,0.005949996893876146,0.008669661632823011,0.008669661632823011,0.008669661632823011,0.0,0.008669661632823011,0.008669661632823011,0.0,0.0,0.0,0.0,0.008669661632823011
2019-08-08,0.0054181238964761845,0.007894676535967093,0.007894676535967093,0.007894676535967093,0.0,0.007894676535967093,0.007894676535967093,0.0,0.0,0.007394676535967093,0.0,0.007894676535967093
2019-08-09,-0.007842041250441698,-0.011426534393983334,-0.011426534393983334,-0.011426534393983334,0.0,0.010426534393983333,-0.011426534393983334,0.0,0.0,-0.011426534393983334,0.010926534393983334,-0.011426534393983334
2019-08-12,-0.013178309876545597,-0.019201940700125375,-0.019201940700125375,-0.019201940700125375,0.0,0.019201940700125375,-0.019201940700125375,0.0,0.0,-0.0005,0.019201940700125375,-0.019201940700125375
2019-08-13,0.018615759837191735,0.020813421587197345,0.020813421587197345,0.020813421587197345,0.0,-0.020813421587197345,-0.021813421587197346,0.0,-0.021313421587197345,0.0,-0.020813421587197345,0.020813421587197345
2019-08-14,-0.009129943237351747,-0.011264972691685582,-0.011264972691685582,-0.011264972691685582,0.0,0.011264972691685582,0.011264972691685582,0.0,-0.0005,-0.011764972691685582,0.011264972691685582,-0.011264972691685582
2019-08-15,0.04870587781673241,0.0611106929339853,0.0611106929339853,0.0611106929339853,0.0,-0.0611106929339853,-0.0611106929339853,0.0,0.0606106929339853,-0.0005,-0.0611106929339853,0.0611106929339853
2019-08-16,0.0012243463370588412,0.0026623114028521133,0.0026623114028521133,0.0026623114028521133,0.0021623114028521133,-0.0026623114028521133,-0.0026623114028521133,0.0021623114028521133,-0.0036623114028521133,0.0021623114028521133,-0.0005,0.0026623114028521133
2019-08-19,0.0037222300760451875,0.007257127551904885,0.007257127551904885,0.007257127551904885,0.007257127551904885,-0.007257127551904885,-0.007257127551904885,0.007257127551904885,0.006257127551904885,0.007257127551904885,0.0,0.007257127551904885
2019-08-20,-0.007931260795654144,-0.015464149013316384,-0.015464149013316386,-0.015464149013316386,-0.015464149013316386,0.015464149013316386,-0.016464149013316384,-0.015464149013316386,-0.015464149013316386,-0.015464149013316386,0.0,-0.015464149013316386
2019-08-21,-0.00013867942836951025,-0.00026784160449699895,-0.0002678416044969989,-0.0002678416044969989,-0.0002678416044969989,0.0002678416044969989,-0.0007321583955030011,-0.0002678416044969989,-0.0002678416044969989,-0.0005,0.0,-0.0002678416044969989
2019-08-22,-0.0005005183543828768,-0.000981974397866403,-0.000981974397866403,-0.000981974397866403,-0.000981974397866403,0.000981974397866403,-0.001981974397866403,-0.000981974397866403,-0.000981974397866403,0.0,0.0,-0.000981974397866403
2019-08-23,-0.0049107570780144065,-0.00965053673025329,-0.00965053673025329,-0.00965053673025329,-0.00965053673025329,0.00965053673025329,-0.00965053673025329,-0.00965053673025329,-0.0005,0.0,0.0,-0.00965053673025329
2019-08-26,0.005289574958085876,0.010466759451609464,0.010466759451609464,0.010466759451609464,0.010466759451609464,-0.010466759451609464,-0.011466759451609465,0.010466759451609464,0.009966759451609464,0.0,0.0,0.010466759451609464
2019-08-27,0.0019317336218644579,0.0038395826267907385,0.0038395826267907385,0.0038395826267907385,0.0038395826267907385,0.0028395826267907385,-0.003839582626790738,0.0038395826267907385,0.0038395826267907385,0.0033395826267907385,0.0033395826267907385,0.0038395826267907385
2019-08-28,0.0013457366757197208,0.0026681445024152595,0.0026681445024152595,0.0026681445024152595,0.0026681445024152595,0.0026681445024152595,0.0016681445024152594,0.0026681445024152595,0.0026681445024152595,0.0026681445024152595,0.0026681445024152595,0.0026681445024152595
2019-08-29,0.00608890453162541,0.012065553250317107,0.012065553250317107,0.012065553250317107,0.012065553250317107,0.012065553250317107,0.012065553250317107,0.012065553250317107,0.012065553250317107,0.012065553250317107,0.012065553250317107,0.012065553250317107
2019-08-30,0.0008020680703655368,0.001577570078607149,0.001577570078607149,0.001577570078607149,0.001577570078607149,0.001577570078607149,0.001577570078607149,0.001577570078607149,0.001577570078607149,0.001577570078607149,0.001577570078607149,0.001577570078607149
2019-09-03,0.0017103336208402235,0.0033260124627410015,0.0033260124627410015,0.0033260124627410015,0.0033260124627410015,0.0033260124627410015,0.0033260124627410015,0.0033260124627410015,0.0033260124627410015,0.0033260124627410015,0.0033260124627410015,0.0033260124627410015
2019-09-04,0.005706667069994312,0.011078104242212339,0.011078104242212339,0.011078104242212339,0.011078104242212339,0.011078104242212339,0.011078104242212339,0.011078104242212339,0.011078104242212339,0.011078104242212339,0.011078104242212339,0.011078104242212339
2019-09-05,-0.0023473220743731532,-0.0040548884294761,-0.0040548884294761,-0.0040548884294761,-0.0040548884294761,-0.0040548884294761,-0.0040548884294761,-0.0040548884294761,-0.0040548884294761,-0.0040548884294761,-0.0040548884294761,-0.0040548884294761
2019-09-06,-0.003524048478969301,-0.00615044378069085,-0.006150443780690851,-0.006150443780690851,-0.006150443780690851,-0.006150443780690851,-0.006150443780690851,-0.006150443780690851,-0.006150443780690851,-0.006150443780690851,-0.006150443780690851,-0.006150443780690851
2019-09-09,0.007939224107034498,0.013945863740951747,0.013945863740951747,0.013945863740951747,0.013945863740951747,0.013945863740951747,0.013945863740951747,0.013945863740951747,-0.0005,-0.0005,0.013945863740951747,0.013945863740951747
2019-09-10,-0.0013615685192853468,-0.0024069427995595523,-0.0024069427995595527,-0.0024069427995595527,-0.0024069427995595527,-0.0024069427995595527,-0.0024069427995595523,-0.0024069427995595527,-0.0029069427995595527,-0.0029069427995595527,-0.0024069427995595527,-0.0024069427995595527
2019-09-11,-0.00015359073276185775,-0.0002587181508193482,-0.0002587181508193481,-0.0002587181508193481,-0.0002587181508193481,-0.0002587181508193481,-0.0002587181508193482,-0.0002587181508193481,-0.0002587181508193481,-0.0005,-0.0002587181508193481,-0.0002587181508193481
2019-09-12,0.006252157252918047,0.0077574768007564465,0.0077574768007564465,0.0077574768007564465,0.0077574768007564465,0.0077574768007564465,0.007757476800756446,0.0077574768007564465,0.0077574768007564465,0.007257476800756446,0.0077574768007564465,0.0077574768007564465
2019-09-13,0.003585214471749964,0.004362143861165846,0.004362143861165846,0.004362143861165845,0.004362143861165846,0.004362143861165846,0.004362143861165846,0.004362143861165846,-0.005362143861165846,0.004362143861165846,0.004362143861165846,0.004362143861165846
2019-09-16,-0.013018087057814676,-0.015839155227902132,-0.015839155227902135,-0.015839155227902132,-0.015839155227902135,-0.015839155227902135,-0.015839155227902135,-0.015839155227902135,-0.016839155227902136,-0.015839155227902135,-0.015839155227902135,-0.015839155227902135
2019-09-17,0.006684616328861557,0.008133197696527095,0.008133197696527095,0.008133197696527095,0.008133197696527095,0.008133197696527095,0.008133197696527095,0.008133197696527095,0.008133197696527095,-0.0005,0.008133197696527095,0.008133197696527095
2019-09-18,0.004585161438860979,0.005578783077158311,0.005578783077158311,0.0055787830771583105,0.005578783077158311,0.005578783077158311,0.0055787830771583105,0.005578783077158311,0.005578783077158311,0.005078783077158311,0.005578783077158311,0.005578783077158311
2019-09-19,-0.0003505102161746098,-0.0004264670913859403,-0.0004264670913859403,-0.00042646709138594025,-0.0004264670913859403,-0.0004264670913859403,-0.00042646709138594035,-0.0004264670913859403,-0.0005735329086140597,-0.0004264670913859403,-0.0004264670913859403,-0.0004264670913859403
2019-09-20,-0.0009124751856499812,-0.0011102119722300463,-0.0011102119722300463,-0.001110211972230046,-0.0011102119722300463,-0.0011102119722300463,-0.001110211972230046,-0.0011102119722300463,0.0011102119722300463,-0.0011102119722300463,-0.0011102119722300463,-0.0011102119722300463
2019-09-23,0.004496953829145043,0.005471460548405194,0.005471460548405194,0.005471460548405194,0.005471460548405194,0.005471460548405194,0.005471460548405194,0.005471460548405194,0.004471460548405194,0.005471460548405194,0.005471460548405194,0.005471460548405194
2019-09-24,0.005450054979834047,0.006631102284292423,0.006631102284292423,0.006631102284292422,0.006631102284292423,0.006631102284292423,0.006631102284292423,0.006631102284292423,0.006631102284292423,0.006631102284292423,0.006631102284292423,0.006631102284292423
2019-09-25,0.0004862216455734074,0.0005915876952735655,0.0005915876952735655,0.0005915876952735654,0.0005915876952735655,0.0005915876952735655,0.0005915876952735655,0.0005915876952735655,0.0005915876952735655,0.0005915876952735655,0.0005915876952735655,0.0005915876952735655
2019-09-26,-0.001179464594709136,-0.0014350589851216398,-0.00143505898512164,-0.00143505898512164,-0.00143505898512164,-0.00143505898512164,-0.00143505898512164,-0.00143505898512164,-0.00143505898512164,-0.00143505898512164,-0.00143505898512164,-0.00143505898512164
2019-09-27,0.0010418343942285788,0.0012676038052801264,0.0012676038052801264,0.0012676038052801264,0.0012676038052801264,0.0012676038052801264,0.0012676038052801264,0.0012676038052801264,-0.0022676038052801264,0.0012676038052801264,0.0012676038052801264,0.0012676038052801264
2019-09-30,0.0015963246756518226,0.0019422542052061063,0.0019422542052061065,0.0019422542052061065,0.0019422542052061065,0.0019422542052061065,0.0019422542052061065,0.0019422542052061065,-0.0019422542052061065,-0.0005,0.0019422542052061065,0.0019422542052061065
2019-10-01,-0.0057482700079315345,-0.006993941624692579,-0.006993941624692579,-0.006993941624692578,-0.006993941624692579,-0.006993941624692579,-0.006993941624692579,-0.006993941624692579,0.006993941624692579,-0.007493941624692579,-0.006993941624692579,-0.006993941624692579
2019-10-02,-0.012065213089523498,-0.0146797899056883,-0.0146797899056883,-0.0146797899056883,-0.0146797899056883,-0.0146797899056883,-0.0146797899056883,-0.0146797899056883,0.0146797899056883,-0.0005,-0.0146797899056883,-0.0146797899056883
2019-10-03,0.0013450083408019476,0.0016364766803427244,0.0016364766803427244,0.0016364766803427244,0.0016364766803427244,0.0016364766803427244,0.0016364766803427244,-0.0005,-0.0016364766803427244,0.0,-0.0005,0.0016364766803427244
2019-10-04,0.01307272409710414,0.015905632318019555,0.015905632318019558,0.015905632318019558,0.015905632318019558,0.015905632318019558,0.015905632318019555,0.0,0.014905632318019557,0.0,0.0,0.015905632318019558
2019-10-07,-0.006469006856460109,-0.007870864844795045,-0.007870864844795045,-0.007870864844795043,-0.007870864844795045,-0.007870864844795045,-0.007870864844795045,0.0,0.006870864844795045,-0.008370864844795045,0.0,-0.007870864844795045
2019-10-08,0.002454048017374736,0.002985849404086638,0.002985849404086638,0.002985849404086638,0.002985849404086638,0.002985849404086638,0.002985849404086638,0.0,-0.002985849404086638,0.002985849404086638,0.0,0.002985849404086638
2019-10-09,0.009436743620571614,0.011481721268903566,0.011481721268903566,0.011481721268903565,0.011481721268903566,0.011481721268903566,0.011481721268903566,0.0,0.010481721268903565,0.011481721268903566,0.0,0.011481721268903566
2019-10-10,0.004699001802043581,0.005717293072954321,0.005717293072954321,0.0057172930729543206,0.005717293072954321,0.005717293072954321,0.005717293072954321,0.0,-0.0067172930729543215,0.005717293072954321,0.005217293072954321,0.005717293072954321
2019-10-11,0.004329044875138634,0.005267165095866666,0.005267165095866666,0.005267165095866666,0.005267165095866666,0.005267165095866666,0.005267165095866666,0.004767165095866666,-0.0005,0.005267165095866666,0.005267165095866666,0.005267165095866666
2019-10-14,-0.007313717230425712,-0.00889862711711975,-0.00889862711711975,-0.00889862711711975,-0.00889862711711975,-0.00889862711711975,-0.00889862711711975,-0.00889862711711975,0.0,-0.00889862711711975,-0.00889862711711975,-0.00889862711711975
2019-10-15,0.0024827735347585657,0.0030207998485585197,0.0030207998485585197,0.0030207998485585197,0.0030207998485585197,0.0030207998485585197,0.0030207998485585197,0.0030207998485585197,0.0,-0.0005,0.0030207998485585197,0.0030207998485585197
2019-10-16,-0.0007565424689711022,-0.0009204880524547043,-0.0009204880524547043,-0.0009204880524547043,-0.0009204880524547043,-0.0009204880524547043,-0.0009204880524547043,-0.0009204880524547043,0.0,-0.0014204880524547043,-0.0009204880524547043,-0.0009204880524547043
2019-10-17,0.0028907661190184725,0.003517205952253022,0.003517205952253022,0.003517205952253022,0.003517205952253022,0.003517205952253022,0.003517205952253022,0.003517205952253022,0.0,-0.0005,0.003517205952253022,0.003517205952253022
2019-10-18,-0.004800683097607027,-0.005841009085687299,-0.005841009085687299,-0.005841009085687299,-0.005841009085687299,-0.005841009085687299,-0.005841009085687299,-0.005841009085687299,0.0,-0.006341009085687299,-0.005841009085687299,-0.005841009085687299
2019-10-21,0.0041390846591968,0.0050360397904307685,0.0050360397904307685,0.0050360397904307685,0.0050360397904307685,0.0050360397904307685,0.0050360397904307685,0.0050360397904307685,0.0,-0.0005,0.0050360397904307685,0.0050360397904307685
2019-10-22,-0.001098346176048115,-0.0013363619016478756,-0.0013363619016478756,-0.0013363619016478756,-0.0013363619016478756,-0.0013363619016478756,-0.0013363619016478756,-0.0013363619016478756,0.0,-0.0018363619016478756,-0.0013363619016478756,-0.0013363619016478756
2019-10-23,-0.0015808934641876873,-0.0019234789924847948,-0.001923478992484795,-0.001923478992484795,-0.001923478992484795,-0.001923478992484795,-0.001923478992484795,-0.001923478992484795,0.0,-0.0005,-0.0005,-0.001923478992484795
2019-10-24,-0.0017216062194587314,-0.0020946847282726773,-0.0020946847282726777,-0.0020946847282726777,-0.0020946847282726777,-0.0020946847282726777,-0.0020946847282726777,-0.0020946847282726777,0.0,0.0,0.0,-0.0020946847282726777
2019-10-25,-0.000414212649916283,-0.0005039740808497896,-0.0005039740808497895,-0.0005039740808497895,-0.0005039740808497895,-0.0005039740808497895,-0.0005039740808497895,-0.0005039740808497895,0.0,0.0,0.0,-0.0005039740808497895
2019-10-28,0.0012430906883189607,0.001512473091261457,0.001512473091261457,0.001512473091261457,0.001512473091261457,0.001512473091261457,0.001512473091261457,0.001512473091261457,0.0,0.0,0.0,0.001512473091261457
2019-10-29,-0.0142703089323791,-0.017362738267631017,-0.017362738267631017,-0.017362738267631017,-0.017362738267631017,-0.017362738267631017,-0.017362738267631017,-0.017362738267631017,-0.017862738267631018,-0.017862738267631018,0.0,-0.017362738267631017
2019-10-30,0.006664852076554662,0.008109150456801162,0.008109150456801162,0.008109150456801162,0.008109150456801162,0.008109150456801162,0.008109150456801162,-0.0005,-0.0005,-0.0005,0.0,0.008109150456801162
2019-10-31,-0.005845888011390495,-0.007112713814720006,-0.007112713814720006,-0.007112713814720006,-0.007112713814720006,-0.007112713814720006,-0.0071127138147200055,0.0,0.0,-0.007612713814720007,0.0,-0.007112713814720006
2019-11-01,0.0025235677877257614,0.003070434368767527,0.0030704343687675273,0.0030704343687675273,0.0030704343687675273,0.0030704343687675273,0.0030704343687675273,0.0,0.0,-0.0005,0.0,0.0030704343687675273
2019-11-04,-0.00034966699827043945,-0.00042544114500719937,-0.0004254411450071993,-0.0004254411450071993,-0.0004254411450071993,-0.0004254411450071993,-0.0004254411450071993,0.0,0.0,-0.0009254411450071993,0.0,-0.0004254411450071993
2019-11-05,0.00901811994487536,0.010972380276484282,0.010972380276484284,0.010972380276484284,0.010972380276484284,0.010972380276484284,0.010972380276484284,0.0,0.0,-0.0005,0.0,0.010972380276484284
2019-11-06,0.004425041134048916,0.005383964103234273,0.005383964103234273,0.005383964103234273,0.005383964103234273,0.005383964103234273,0.005383964103234273,0.0,0.0,0.004883964103234273,0.0,0.005383964103234273
2019-11-07,0.005021103347123638,0.006109195227933961,0.006109195227933961,0.006109195227933961,0.006109195227933961,0.006109195227933961,0.006109195227933961,0.0,0.0,0.006109195227933961,0.005609195227933961,0.006109195227933961
2019-11-08,-0.005400676079507914,-0.006571022791523995,-0.006571022791523995,-0.006571022791523995,-0.006571022791523995,-0.006571022791523995,-0.006571022791523995,-0.007071022791523995,0.0,-0.006571022791523995,-0.006571022791523995,-0.006571022791523995
2019-11-11,-0.002752546667749353,-0.0033490338287724963,-0.0033490338287724963,-0.003349033828772496,-0.0033490338287724963,-0.0033490338287724963,-0.003349033828772496,-0.0005,0.0,-0.0033490338287724963,-0.0033490338287724963,-0.0033490338287724963
2019-11-12,0.0005527068722570803,0.0006724805193212278,0.000672480519321228,0.0006724805193212279,0.000672480519321228,0.000672480519321228,0.0006724805193212279,0.0,0.0,-0.0005,0.000672480519321228,0.000672480519321228
2019-11-13,0.014139613072874006,0.015614545788883216,0.015614545788883216,0.015614545788883216,0.015614545788883216,0.015614545788883216,0.015614545788883216,0.0,0.0,0.0,0.015614545788883216,0.015614545788883216
2019-11-14,-0.0036911545362777825,-0.0027280542876247926,-0.0027280542876247926,-0.0027280542876247926,-0.0027280542876247926,-0.0027280542876247926,-0.0027280542876247926,0.0,0.0,-0.0032280542876247926,-0.0027280542876247926,-0.0027280542876247926
2019-11-15,-0.018945519075886735,-0.01475334385302729,-0.01475334385302729,-0.01475334385302729,-0.01475334385302729,-0.01475334385302729,-0.01475334385302729,0.0,0.0,-0.01475334385302729,-0.01475334385302729,-0.01475334385302729
2019-11-18,0.014908471918516896,0.011609595475112977,0.011609595475112977,0.011609595475112977,0.011609595475112977,0.011609595475112977,0.011609595475112977,0.0,0.011109595475112977,-0.0005,0.011609595475112977,0.011609595475112977
2019-11-19,-0.003844725999179158,-0.0029939831397260974,-0.0029939831397260974,-0.0029939831397260974,-0.0029939831397260974,-0.0029939831397260974,-0.0029939831397260974,0.0,-0.0005,0.0,-0.0029939831397260974,-0.0029939831397260974
2019-11-20,-0.008140388595746983,-0.006339121750597698,-0.006339121750597698,-0.006339121750597698,-0.006339121750597698,-0.006339121750597698,-0.006339121750597698,0.0,0.0,0.0,-0.0005,-0.006339121750597698
2019-11-21,0.00786881286135397,0.006127639015519825,0.006127639015519826,0.006127639015519826,0.006127639015519826,0.006127639015519826,0.006127639015519826,0.0,0.005627639015519825,0.0,0.0,0.006127639015519826
2019-11-22,-0.005356756847896655,-0.004171438924292392,-0.004171438924292392,-0.004171438924292392,-0.004171438924292392,-0.004171438924292392,-0.004171438924292392,0.0,-0.0005,-0.004671438924292393,0.0,-0.004171438924292392
2019-11-25,-0.004733833190254666,-0.003686352879483268,-0.003686352879483268,-0.003686352879483268,-0.003686352879483268,-0.003686352879483268,-0.003686352879483268,0.0,0.0,-0.0005,0.0,-0.003686352879483268
2019-11-26,0.0029153529535558362,0.0022702573840529534,0.002270257384052954,0.002270257384052954,0.002270257384052954,0.002270257384052954,0.002270257384052954,0.0,0.0,0.0,0.0,0.002270257384052954
2019-11-27,-0.004632623453769813,-0.003607538356763973,-0.003607538356763973,-0.003607538356763973,-0.003607538356763973,-0.003607538356763973,-0.003607538356763973,0.0,0.0,-0.004107538356763973,0.0,-0.003607538356763973
2019-11-29,0.0035685845582210237,0.002778944976126185,0.0027789449761261853,0.0027789449761261853,0.0027789449761261853,0.0027789449761261853,0.0027789449761261853,0.0,0.0,-0.0005,0.0,0.0027789449761261853
2019-12-02,0.002048394479181134,0.0015951353972911697,0.0015951353972911697,0.0015951353972911697,0.0015951353972911697,0.0015951353972911697,0.0015951353972911697,0.0,0.0010951353972911697,0.0010951353972911697,0.0,0.0015951353972911697
2019-12-03,-0.00656664984417256,-0.005113612497258613,-0.005113612497258613,-0.005113612497258613,-0.005113612497258613,-0.005113612497258613,-0.005113612497258613,0.0,-0.005113612497258613,-0.005113612497258613,0.0,-0.005113612497258613
2019-12-04,0.00021632621903543942,0.00016845857223923844,0.00016845857223923844,0.00016845857223923844,0.00016845857223923844,0.00016845857223923844,0.00016845857223923844,0.0,0.00016845857223923844,-0.0005,0.0,0.00016845857223923844
2019-12-05,0.005433667890229507,0.004231331453448561,0.004231331453448561,0.004231331453448561,0.004231331453448561,0.004231331453448561,0.004231331453448561,0.0,0.004231331453448561,0.0,0.0,0.004231331453448561
2019-12-06,0.012121140857152485,0.009439031901963268,0.009439031901963268,0.009439031901963268,0.009439031901963268,0.009439031901963268,0.009439031901963268,0.0,0.009439031901963268,0.008939031901963268,0.0,0.009439031901963268
2019-12-09,-0.0045032268838875724,-0.0035067740503742506,-0.0035067740503742506,-0.0035067740503742506,-0.0035067740503742506,-0.0035067740503742506,-0.0035067740503742506,0.0,-0.0035067740503742506,-0.0035067740503742506,-0.004006774050374251,-0.0035067740503742506
2019-12-10,-0.002366864467528982,-0.0018431358466927117,-0.0018431358466927117,-0.0018431358466927117,-0.0018431358466927117,-0.0018431358466927117,-0.0018431358466927117,0.0,-0.0018431358466927117,-0.0018431358466927117,-0.0018431358466927117,-0.0018431358466927117
2019-12-11,-0.0013170693668486302,-0.0011749939409444465,-0.0011749939409444465,-0.0011749939409444465,-0.0011749939409444465,-0.0011749939409444465,-0.0011749939409444465,-0.0016749939409444465,-0.0011749939409444465,-0.0011749939409444465,-0.0011749939409444465,-0.0011749939409444465
2019-12-12,0.006386553630642222,0.006386553630642221,0.006386553630642222,0.006386553630642222,0.006386553630642222,0.006386553630642222,0.006386553630642222,0.006386553630642222,-0.0005,0.006386553630642222,0.006386553630642222,0.006386553630642222
2019-12-13,0.004425431649376144,0.004425431649376143,0.004425431649376144,0.004425431649376144,0.004425431649376144,0.004425431649376144,0.004425431649376144,0.004425431649376144,0.003925431649376143,0.004425431649376144,0.004425431649376144,0.004425431649376144
2019-12-16,0.0020786204236569183,0.002078620423656918,0.0020786204236569183,0.0020786204236569183,0.0020786204236569183,0.0020786204236569183,0.0020786204236569183,0.0020786204236569183,0.0020786204236569183,0.0020786204236569183,0.0020786204236569183,0.0020786204236569183
2019-12-17,0.006138710337462161,0.006138710337462161,0.006138710337462161,0.006138710337462161,0.006138710337462161,0.006138710337462161,0.00613871033746216,0.006138710337462161,0.006138710337462161,0.006138710337462161,0.006138710337462161,0.006138710337462161
2019-12-18,-0.011708361117750421,-0.011708361117750421,-0.011708361117750421,-0.011708361117750421,-0.011708361117750421,-0.011708361117750421,-0.011708361117750421,-0.011708361117750421,-0.011708361117750421,-0.011708361117750421,-0.011708361117750421,-0.011708361117750421
2019-12-19,0.0018354469622849923,0.0018354469622849923,0.0018354469622849923,0.0018354469622849923,0.0018354469622849923,0.0018354469622849923,0.0018354469622849923,0.0018354469622849923,0.0018354469622849923,-0.0005,0.0018354469622849923,0.0018354469622849923
2019-12-20,0.001748798223063952,0.001748798223063952,0.001748798223063952,0.001748798223063952,0.001748798223063952,0.001748798223063952,0.0017487982230639518,0.001748798223063952,0.001748798223063952,0.0,0.001748798223063952,0.001748798223063952
2019-12-23,-0.010474679973615841,-0.010474679973615841,-0.010474679973615841,-0.010474679973615841,-0.010474679973615841,-0.010474679973615841,-0.010474679973615841,-0.010474679973615841,-0.0005,-0.010974679973615842,-0.010474679973615841,-0.010474679973615841
2019-12-24,0.004032574356512164,0.004032574356512164,0.004032574356512164,0.004032574356512164,0.004032574356512164,0.004032574356512164,0.004032574356512164,0.004032574356512164,0.003532574356512164,-0.0005,-0.0005,0.004032574356512164
2019-12-26,8.378814707077353e-05,8.378814707077353e-05,8.378814707077353e-05,8.378814707077353e-05,8.378814707077353e-05,8.378814707077353e-05,8.378814707077353e-05,8.378814707077353e-05,8.378814707077353e-05,0.0,0.0,8.378814707077353e-05
2019-12-27,0.0005857338880712604,0.0005857338880712604,0.0005857338880712604,0.0005857338880712604,0.0005857338880712604,0.0005857338880712604,0.0005857338880712604,0.0005857338880712604,0.0005857338880712604,0.0,0.0,0.0005857338880712604
2019-12-30,-0.0015889184413886426,-0.0015889184413886426,-0.0015889184413886426,-0.0015889184413886426,-0.0015889184413886426,-0.0015889184413886426,-0.0015889184413886426,-0.0015889184413886426,-0.0005,0.0,0.0,-0.0015889184413886426
2019-12-31,-0.004690161136907456,-0.004690161136907456,-0.004690161136907456,-0.004690161136907456,-0.004690161136907456,-0.004690161136907456,-0.004690161136907456,-0.004690161136907456,0.0,0.0,0.0,-0.004690161136907456
2020-01-02,0.0008416562140720618,0.0008416562140720618,0.0008416562140720618,0.0008416562140720618,0.0008416562140720618,0.0008416562140720618,0.0008416562140720616,0.0008416562140720618,0.0,0.0,0.0,0.0008416562140720618
2020-01-03,-0.008828114504279339,-0.008828114504279339,-0.008828114504279339,-0.008828114504279339,-0.008828114504279339,-0.008828114504279339,-0.008828114504279337,-0.008828114504279339,0.0,0.0,0.0,-0.008828114504279339
2020-01-06,-0.0020356784297816954,-0.0020356784297816954,-0.0020356784297816954,-0.0020356784297816954,-0.0020356784297816954,-0.0020356784297816954,-0.0020356784297816954,-0.0020356784297816954,-0.0025356784297816955,0.0,0.0,-0.0020356784297816954
2020-01-07,-0.009264831063889645,-0.009264831063889645,-0.009264831063889645,-0.009264831063889645,-0.009264831063889645,-0.009264831063889645,-0.009264831063889645,-0.009264831063889645,-0.009264831063889645,0.0,0.0,-0.009264831063889645
2020-01-08,-0.0034316180010062203,-0.0034316180010062203,-0.0034316180010062203,-0.0034316180010062203,-0.0034316180010062203,-0.0034316180010062203,-0.0034316180010062203,-0.0005,-0.0034316180010062203,0.0,0.0,-0.0034316180010062203
2020-01-09,0.010330519440095554,0.010330519440095554,0.010330519440095554,0.010330519440095554,0.010330519440095554,-0.011330519440095554,0.010330519440095552,0.0,0.010330519440095554,0.0,0.0,0.010330519440095554
2020-01-10,-0.008350559026560456,-0.008350559026560456,-0.008350559026560456,0.007350559026560454,-0.008350559026560456,0.008350559026560456,-0.008350559026560454,0.0,-0.008350559026560456,-0.008850559026560456,0.0,-0.008350559026560456
2020-01-13,-0.004296049893363296,-0.004296049893363296,-0.004296049893363296,0.004296049893363296,-0.004296049893363296,-0.005296049893363296,-0.004296049893363296,0.0,-0.004296049893363296,-0.0005,0.0,-0.004296049893363296
2020-01-14,0.0025891406854041676,0.0025891406854041676,0.0025891406854041676,-0.0025891406854041676,0.0025891406854041676,0.0025891406854041676,0.0025891406854041676,0.0,0.0025891406854041676,0.0,-0.0030891406854041677,0.0025891406854041676
2020-01-15,-0.007746715811686178,-0.007746715811686177,-0.007746715811686178,0.007746715811686178,-0.007746715811686178,-0.007746715811686178,-0.007746715811686177,0.0,-0.0005,0.0,0.007746715811686178,-0.007746715811686178
2020-01-16,0.005378087603361337,0.005378087603361336,0.005378087603361337,-0.005378087603361337,0.005378087603361337,0.005378087603361337,0.005378087603361337,0.0,0.004878087603361336,0.0,-0.005378087603361337,0.005378087603361337
2020-01-17,-0.008110483810012337,-0.008110483810012337,-0.008110483810012337,0.008110483810012337,-0.008110483810012337,-0.008110483810012337,-0.008110483810012337,0.0,-0.008110483810012337,-0.008610483810012337,0.008110483810012337,-0.008110483810012337
2020-01-21,0.005479945168933353,0.005479945168933353,0.005479945168933353,-0.005479945168933353,0.005479945168933353,-0.006479945168933353,0.005479945168933353,0.0,0.005479945168933353,-0.0005,-0.005479945168933353,0.005479945168933353
2020-01-22,0.004412041024077551,0.004412041024077551,0.004412041024077551,-0.004412041024077551,0.004412041024077551,-0.004412041024077551,0.00441204102407755,0.0,-0.0005,0.0039120410240775505,-0.004412041024077551,0.004412041024077551
2020-01-23,-0.002497770368340979,-0.002497770368340979,-0.002497770368340979,0.002497770368340979,-0.002497770368340979,0.002497770368340979,-0.002497770368340979,0.0,-0.002997770368340979,-0.002497770368340979,0.002497770368340979,-0.002497770368340979
2020-01-24,-0.012433983791095171,-0.01243398379109517,-0.012433983791095171,0.012433983791095171,-0.012433983791095171,0.012433983791095171,-0.012433983791095171,0.0,-0.012433983791095171,-0.012433983791095171,0.012433983791095171,-0.012433983791095171
2020-01-27,0.013027864661865118,0.013027864661865118,0.013027864661865118,-0.013027864661865118,0.013027864661865118,-0.013027864661865118,0.013027864661865118,0.0,0.013027864661865118,-0.0005,-0.013027864661865118,0.013027864661865118
2020-01-28,0.0063868930937183155,0.0063868930937183155,0.0063868930937183155,-0.0063868930937183155,0.0063868930937183155,-0.0063868930937183155,0.0063868930937183155,0.0,-0.0005,0.005886893093718315,-0.0063868930937183155,0.0063868930937183155
2020-01-29,-0.00608915170739055,-0.00608915170739055,-0.00608915170739055,0.00608915170739055,-0.00608915170739055,0.00608915170739055,-0.00608915170739055,0.0,0.0,-0.00608915170739055,0.00608915170739055,-0.00608915170739055
2020-01-30,0.005954078394464268,0.005954078394464268,0.005954078394464268,-0.005954078394464268,0.005954078394464268,-0.005954078394464268,0.005954078394464268,0.0,0.0,0.005954078394464268,-0.0005,0.005954078394464268
2020-01-31,-0.017927546974279673,-0.017927546974279673,-0.017927546974279673,0.017927546974279673,-0.017927546974279673,0.017927546974279673,-0.017927546974279673,0.0,-0.018427546974279674,-0.017927546974279673,0.0,-0.017927546974279673
2020-02-03,-0.0019215360028023154,-0.0019215360028023154,-0.0019215360028023154,0.0019215360028023154,-0.0019215360028023154,0.0019215360028023154,-0.0019215360028023154,0.0,-0.0019215360028023154,-0.0005,0.0,-0.0019215360028023154
2020-02-04,0.008751080024821611,0.008751080024821611,0.008751080024821611,-0.008751080024821611,0.008751080024821611,-0.008751080024821611,0.008751080024821611,0.0,0.008751080024821611,0.0,-0.009251080024821612,0.008751080024821611
2020-02-05,0.01336017066122519,0.01336017066122519,0.01336017066122519,-0.01336017066122519,0.01336017066122519,-0.01336017066122519,0.01336017066122519,0.0,0.01336017066122519,0.01286017066122519,-0.01336017066122519,0.01336017066122519
2020-02-06,-0.004280555621419824,-0.004280555621419824,-0.004280555621419824,0.004280555621419824,-0.004280555621419824,0.004280555621419824,-0.004280555621419824,0.0,-0.0005,-0.004280555621419824,0.004280555621419824,-0.004280555621419824
2020-02-07,0.001203583121907048,0.001203583121907048,0.001203583121907048,-0.001203583121907048,0.001203583121907048,-0.001203583121907048,0.001203583121907048,0.0,0.0,0.001203583121907048,-0.0005,0.001203583121907048
2020-02-10,-0.010304901358101914,-0.010304901358101913,-0.010304901358101914,0.010304901358101914,-0.010304901358101914,0.010304901358101914,-0.010304901358101914,0.0,0.0,-0.010304901358101914,0.0,-0.010304901358101914
2020-02-11,0.0013017558316670286,0.0013017558316670286,0.0013017558316670286,-0.0013017558316670286,0.0013017558316670286,-0.0013017558316670286,0.0013017558316670286,0.0,0.0,-0.0005,0.0,0.0013017558316670286
2020-02-12,0.0038994301918806595,-0.0005,-0.0005,0.0028994301918806595,-0.0048994301918806596,-0.0038994301918806595,0.0038994301918806595,0.0,-0.00439943019188066,0.0,0.0,0.0038994301918806595
2020-02-13,0.013724699851296762,0.0,0.0,-0.014724699851296763,-0.013724699851296762,-0.013724699851296762,0.013724699851296762,0.0,0.012724699851296761,0.013224699851296762,-0.014224699851296763,0.013724699851296762
2020-02-14,0.0038314814079669635,0.0,0.0,-0.0038314814079669635,-0.0038314814079669635,-0.0038314814079669635,0.0038314814079669635,0.0033314814079669634,0.0038314814079669635,0.0038314814079669635,-0.0005,0.0038314814079669635
2020-02-18,0.01475981141935967,0.0,0.0,-0.01475981141935967,-0.01475981141935967,-0.01475981141935967,0.01475981141935967,0.01475981141935967,-0.01575981141935967,0.01475981141935967,0.0,0.01475981141935967
2020-02-19,-0.01630071364270591,-0.016800713642705908,-0.01680071364270591,0.01630071364270591,-0.01730071364270591,0.01630071364270591,-0.01630071364270591,-0.01630071364270591,0.01630071364270591,-0.01630071364270591,0.0,-0.01630071364270591
2020-02-20,8.530411395857307e-05,-0.0004999999999999999,-0.0005,-0.000914695886041427,-0.001085304113958573,-8.530411395857307e-05,8.530411395857307e-05,8.530411395857307e-05,-0.000914695886041427,-0.0005,0.0,8.530411395857307e-05
2020-02-21,0.007562240868260073,0.0,0.0,0.007562240868260073,-0.007562240868260073,0.006562240868260073,0.007562240868260073,0.007562240868260073,0.007562240868260073,0.0,0.0,0.007562240868260073
2020-02-24,-0.01905915924643964,-0.01955915924643964,-0.01955915924643964,0.018059159246439638,-0.02005915924643964,-0.01905915924643964,-0.01905915924643964,-0.01905915924643964,-0.01905915924643964,-0.01955915924643964,0.0,-0.01905915924643964
2020-02-25,-0.016592078558694268,-0.0005,-0.0005,-0.01759207855869427,0.015592078558694267,-0.016592078558694268,-0.016592078558694268,-0.016592078558694268,-0.016592078558694268,-0.0005,0.0,-0.016592078558694268
2020-02-26,-0.0053326137432717635,0.0,0.0,-0.0053326137432717635,0.0053326137432717635,0.0043326137432717635,-0.0053326137432717635,-0.0053326137432717635,-0.0053326137432717635,0.0,0.004832613743271763,-0.0053326137432717635
2020-02-27,-0.02970641540142216,0.0,0.0,-0.02970641540142216,0.02970641540142216,0.02970641540142216,-0.02970641540142216,-0.0005,-0.02970641540142216,0.0,0.02970641540142216,-0.02970641540142216
2020-02-28,-0.0246376197930106,0.0,0.0,-0.0246376197930106,0.0246376197930106,0.0246376197930106,-0.0246376197930106,0.0,-0.0246376197930106,0.0,0.0246376197930106,-0.0246376197930106
2020-03-02,0.0761516361412311,0.0,0.0,0.0761516361412311,-0.0761516361412311,-0.0761516361412311,0.0761516361412311,0.0,0.0761516361412311,0.0,-0.0761516361412311,0.0761516361412311
2020-03-03,-0.024262969224216575,0.0,0.0,0.024630221609461378,0.02563022160946138,0.02563022160946138,-0.02563022160946138,0.0,0.024630221609461378,-0.02613022160946138,0.02563022160946138,-0.02563022160946138
2020-03-04,0.03143577333088882,0.0,0.0,0.03318657511116807,-0.03418657511116807,-0.03418657511116807,0.03418657511116807,0.0,0.03318657511116807,0.03418657511116807,-0.03418657511116807,0.03418657511116807
2020-03-05,-0.006398940935620095,0.0,0.0,0.00627934329642288,0.00727934329642288,0.00727934329642288,-0.00727934329642288,0.0,-0.00727934329642288,-0.00727934329642288,-0.0005,-0.00727934329642288
2020-03-06,0.009889605079176387,0.0,0.0,-0.011300935185685645,-0.011300935185685645,-0.011300935185685645,0.011300935185685645,0.0,0.011300935185685645,0.011300935185685645,0.0,0.011300935185685645
2020-03-09,-0.0005220065951373558,0.0,0.0,0.000596962078796448,0.000596962078796448,0.000596962078796448,-0.000596962078796448,0.0,-0.000596962078796448,-0.000596962078796448,0.0,-0.000596962078796448
2020-03-10,0.019560425302518267,0.0,0.0,-0.022448441687194176,-0.022448441687194176,-0.022448441687194176,0.022448441687194176,0.0,0.022448441687194176,0.022448441687194176,0.0,0.022448441687194176
2020-03-11,-0.03838708831755237,-0.04524549977600628,-0.04524549977600628,0.04474549977600628,-0.04574549977600628,0.04474549977600628,-0.04474549977600628,0.0,0.04374549977600628,-0.04474549977600628,0.0,-0.04474549977600628
2020-03-12,-0.07266568177681659,-0.0005,-0.0005,-0.09171024929218863,0.08971024929218863,0.09071024929218863,-0.09071024929218863,0.0,0.09071024929218863,-0.0005,0.0,-0.09071024929218863
2020-03-13,0.0373059591875436,0.09608783015117,0.0,0.09658783015116999,-0.0005,-0.09658783015117,0.09658783015117,0.0,0.09558783015117,0.0,-0.09708783015117001,0.09658783015117
2020-03-16,-0.020696629076434492,-0.06432964104021854,0.0,-0.06432964104021854,0.0,0.06432964104021854,-0.06432964104021854,0.0,-0.06432964104021854,-0.06482964104021854,0.06432964104021854,-0.06432964104021854
2020-03-17,0.03554444027889169,0.11708514681513549,0.0,0.11708514681513547,0.0,-0.11708514681513549,0.11708514681513549,0.0,0.11708514681513549,-0.0005,-0.11708514681513549,0.11708514681513549
2020-03-18,0.007109206965953327,0.027838254830860665,0.027338254830860664,-0.028838254830860666,0.027338254830860664,-0.027838254830860665,0.027838254830860665,0.0,-0.028838254830860666,0.027338254830860664,-0.027838254830860665,0.027838254830860665
2020-03-19,-0.005410256166045269,-0.021222452091649857,-0.021222452091649857,0.021222452091649857,-0.021222452091649857,0.021222452091649857,-0.021222452091649857,-0.021722452091649858,-0.022222452091649858,-0.021222452091649857,0.021222452091649857,-0.021222452091649857
2020-03-20,-0.01166964047652778,-0.045876778637340736,-0.04587677863734074,0.04587677863734074,-0.04587677863734074,0.04587677863734074,-0.04587677863734074,-0.04587677863734074,0.04487677863734074,-0.04587677863734074,-0.0005,-0.04587677863734074
2020-03-23,0.0006741239988171618,0.002719903973507742,-0.0005,0.0017199039735077424,-0.0005,-0.0027199039735077424,0.0027199039735077424,0.0027199039735077424,0.0017199039735077424,-0.0005,0.0,0.0027199039735077424
2020-03-24,0.0016340238533426056,0.0065629507183653235,0.0,0.0065629507183653235,0.0,-0.0065629507183653235,0.0065629507183653235,0.0065629507183653235,0.0065629507183653235,0.0,0.0,0.0065629507183653235
2020-03-25,-0.012226656528079223,-0.04894393162022326,-0.04944393162022326,0.04794393162022326,0.0,0.04894393162022326,-0.04894393162022326,-0.04894393162022326,0.04794393162022326,0.0,0.0,-0.04894393162022326
2020-03-26,0.0009371345959345204,0.0038394681679643217,-0.0005,0.0028394681679643216,0.0,-0.0038394681679643217,0.0038394681679643217,0.0038394681679643217,0.0028394681679643216,0.0,0.0,0.0038394681679643217
2020-03-27,-0.0005349433526147354,-0.002185638998607686,0.0,-0.0021856389986076863,0.0,0.0021856389986076863,-0.0021856389986076863,-0.0021856389986076863,-0.0021856389986076863,0.0,0.0016856389986076863,-0.0021856389986076863
2020-03-30,0.012637022712362394,0.05119576767291689,0.0,0.05119576767291689,0.0,-0.05119576767291689,0.05119576767291689,0.05119576767291689,0.05119576767291689,0.0,-0.05119576767291689,0.05119576767291689
2020-03-31,-0.0033167429749333117,-0.013630201718493162,-0.014130201718493163,0.012630201718493161,-0.014130201718493163,0.013630201718493162,-0.013630201718493162,-0.013630201718493162,-0.013630201718493162,-0.014130201718493163,0.013630201718493162,-0.013630201718493162
2020-04-01,0.0011644541436491816,0.004576826151108548,-0.0005,-0.004576826151108548,-0.0005,-0.004576826151108548,0.004576826151108548,0.004576826151108548,0.004576826151108548,0.004576826151108548,-0.004576826151108548,0.004576826151108548
2020-04-02,0.010180626716181437,0.039512912929917654,0.0,0.03851291292991765,0.0,-0.039512912929917654,0.03951291292991765,0.039512912929917654,0.039512912929917654,0.039512912929917654,-0.039512912929917654,0.039512912929917654
2020-04-03,0.0017951246405084594,0.0069955235043364095,0.006495523504336409,-0.00799552350433641,0.006495523504336409,-0.0069955235043364095,0.0069955235043364095,0.0069955235043364095,0.0069955235043364095,0.0069955235043364095,-0.0069955235043364095,0.0069955235043364095
2020-04-06,0.014168207340784111,0.05515570275151416,0.05515570275151416,-0.05515570275151416,0.05515570275151416,-0.05515570275151416,0.05515570275151416,0.05515570275151416,0.05515570275151416,0.05515570275151416,-0.0005,0.05515570275151416
2020-04-07,-0.00810243733683,-0.03236303832291343,-0.03236303832291343,0.03236303832291343,-0.03236303832291343,0.03236303832291343,-0.03236303832291343,-0.03236303832291343,-0.03236303832291343,-0.03236303832291343,0.0,-0.03236303832291343
2020-04-08,-0.000305439235903125,-0.0012297341389048144,-0.0012297341389048144,0.0012297341389048144,-0.0012297341389048144,0.0012297341389048144,-0.0012297341389048144,-0.0012297341389048144,-0.0012297341389048144,-0.0012297341389048144,0.0,-0.0012297341389048144
2020-04-09,-8.185669012359182e-05,-0.0003283192114768019,-0.0003283192114768019,0.0003283192114768019,-0.0003283192114768019,-0.001328319211476802,-0.0003283192114768019,-0.0003283192114768019,-0.0003283192114768019,-0.0003283192114768019,0.0,-0.0003283192114768019
2020-04-13,0.007286663712664417,0.02873572697161486,0.02873572697161486,-0.02873572697161486,0.02873572697161486,0.02873572697161486,0.02873572697161486,0.02873572697161486,0.02873572697161486,-0.0005,0.0,0.02873572697161486
2020-04-14,0.008283135565067306,0.029528917497079865,0.029528917497079865,-0.029528917497079865,0.029528917497079865,0.029528917497079865,0.029528917497079865,0.029528917497079865,-0.0005,0.029028917497079865,0.029028917497079865,0.029528917497079865
2020-04-15,-0.0005928699716336241,-0.001860384138276272,-0.001860384138276272,0.001860384138276272,-0.001860384138276272,-0.001860384138276272,-0.001860384138276272,-0.001860384138276272,-0.002360384138276272,-0.001860384138276272,-0.001860384138276272,-0.001860384138276272
2020-04-16,0.00937044711758823,0.02772627060772659,0.02772627060772659,-0.02772627060772659,0.02772627060772659,0.02772627060772659,0.02772627060772659,0.02772627060772659,-0.0005,0.02772627060772659,0.02772627060772659,0.02772627060772659
2020-04-17,-0.000756315328513021,-0.001587272851392263,-0.001587272851392263,0.001587272851392263,-0.001587272851392263,-0.001587272851392263,-0.001587272851392263,-0.001587272851392263,0.0,-0.001587272851392263,-0.001587272851392263,-0.001587272851392263
2020-04-20,-0.007739381220311646,-0.017181113816910676,-0.017181113816910676,0.017181113816910676,-0.017181113816910676,-0.017181113816910676,-0.017181113816910676,-0.017181113816910676,0.0,-0.017181113816910676,-0.017181113816910676,-0.017181113816910676
2020-04-21,-0.0022342042940552585,-0.004928868492495964,-0.004928868492495964,0.004928868492495964,-0.004928868492495964,-0.004928868492495964,-0.004928868492495964,-0.004928868492495964,0.0,-0.004928868492495964,-0.004928868492495964,-0.004928868492495964
2020-04-22,0.009097952232219436,0.018419772108830168,0.018419772108830168,-0.018419772108830168,0.018419772108830168,0.018419772108830168,0.018419772108830168,0.018419772108830168,0.0,-0.0005,0.018419772108830168,0.018419772108830168
2020-04-23,-0.01145952601379016,-0.023254213039942684,-0.023254213039942684,0.023254213039942684,-0.023254213039942684,-0.023254213039942684,-0.023254213039942684,-0.023254213039942684,0.0,-0.023754213039942684,-0.023254213039942684,-0.023254213039942684
2020-04-24,0.0033697619788431226,0.007080534834382979,0.007080534834382979,-0.007080534834382979,0.007080534834382979,0.007080534834382979,0.007080534834382979,0.007080534834382979,0.0,-0.0005,0.007080534834382979,0.007080534834382979
2020-04-27,-0.0048017921191502,-0.00880750376301509,-0.00880750376301509,0.00880750376301509,-0.00880750376301509,-0.00880750376301509,-0.00880750376301509,-0.00880750376301509,0.0,0.0,-0.00880750376301509,-0.00880750376301509
2020-04-28,-0.0012543022653062911,-0.0023383131896462794,-0.0023383131896462794,0.0023383131896462794,-0.0023383131896462794,-0.0023383131896462794,-0.0023383131896462794,-0.0023383131896462794,0.0,0.0,-0.0005,-0.0023383131896462794
2020-04-29,-0.01838877928913266,-0.03437482880187537,-0.03437482880187537,0.03437482880187537,-0.03437482880187537,-0.03437482880187537,-0.03437482880187537,-0.03437482880187537,0.0,0.0,0.0,-0.03437482880187537
2020-04-30,-0.009073771983182004,-0.01658599961942042,-0.016585999619420422,0.016585999619420422,-0.016585999619420422,-0.016585999619420422,-0.016585999619420422,-0.016585999619420422,0.0,0.0,0.0,-0.016585999619420422
2020-05-01,0.0061290372483353665,0.011271197010361167,0.011271197010361167,-0.011271197010361167,0.011271197010361167,0.011271197010361167,0.011271197010361167,0.011271197010361167,0.0,0.0,0.0,0.011271197010361167
2020-05-04,0.0034415540927294416,0.006345769579995553,0.006345769579995553,-0.006345769579995553,0.006345769579995553,0.006345769579995553,0.006345769579995553,0.006345769579995553,0.005845769579995552,0.0,0.0,0.006345769579995553
2020-05-05,0.004803450153379454,0.008326440695746173,0.008326440695746173,-0.008326440695746173,0.008326440695746173,0.008326440695746173,0.008326440695746173,0.008326440695746173,-0.009326440695746174,0.0,0.0,0.008326440695746173
2020-05-06,-0.0066343941671910284,-0.011464903544317728,-0.011464903544317728,0.011464903544317728,-0.011464903544317728,-0.011464903544317728,-0.011464903544317728,-0.011464903544317728,0.011464903544317728,0.0,0.0,-0.011464903544317728
2020-05-07,-0.004948186805621825,-0.00708720054718226,-0.00708720054718226,0.00708720054718226,-0.00708720054718226,-0.00708720054718226,-0.00708720054718226,-0.00708720054718226,0.00708720054718226,0.0,0.0,-0.00708720054718226
2020-05-08,0.006411791864917851,0.008614673012181884,0.008614673012181884,-0.008614673012181884,0.008614673012181884,0.008614673012181884,0.008614673012181884,0.008614673012181884,-0.0005,0.0,0.0,0.008614673012181884
2020-05-11,0.004413030426551229,0.005937720724425777,0.005937720724425777,-0.005937720724425777,0.005937720724425777,0.005937720724425777,0.005937720724425777,0.005937720724425777,0.0,0.005437720724425776,0.0,0.005937720724425777
2020-05-12,0.0006594978992336795,0.0008897905325804256,0.0008897905325804256,-0.0008897905325804256,0.0008897905325804256,0.0008897905325804256,0.0008897905325804256,0.0008897905325804256,0.0,0.0008897905325804256,0.0,0.0008897905325804256
2020-05-13,-0.00039044539703637405,-0.000565736084166879,-0.000565736084166879,0.0005657360841668789,-0.000565736084166879,-0.000565736084166879,-0.000565736084166879,-0.000565736084166879,0.0,-0.000565736084166879,-0.001065736084166879,-0.000565736084166879
2020-05-14,-0.0006928250813258621,-0.002344459280647526,-0.002344459280647526,0.0023444592806475257,-0.002344459280647526,-0.002344459280647526,-0.002344459280647526,-0.002344459280647526,0.0,-0.002344459280647526,-0.002344459280647526,-0.002344459280647526
2020-05-15,0.006033922904423236,0.02041826563916382,0.020418265639163824,-0.020418265639163824,0.020418265639163824,0.020418265639163824,0.020418265639163824,0.020418265639163824,0.0,-0.0005,0.020418265639163824,0.020418265639163824
2020-05-18,0.00403594701416496,0.0136572905464869,0.0136572905464869,-0.0136572905464869,0.0136572905464869,0.0136572905464869,0.0136572905464869,0.0136572905464869,0.0,0.0131572905464869,0.0136572905464869,0.0136572905464869
2020-05-19,-0.006273266862928749,-0.021228184592604893,-0.021228184592604893,0.021228184592604893,-0.021228184592604893,-0.021228184592604893,-0.021228184592604893,-0.021228184592604893,0.0,-0.021228184592604893,-0.021228184592604893,-0.021228184592604893
2020-05-20,0.0011825115091895692,0.0040015151831491735,0.0040015151831491735,-0.004001515183149173,0.0040015151831491735,0.0040015151831491735,0.0040015151831491735,0.0040015151831491735,0.0,-0.0005,0.0040015151831491735,0.0040015151831491735
2020-05-21,-0.0010835407023541126,-0.0036666066573860507,-0.003666606657386051,0.0036666066573860507,-0.003666606657386051,-0.003666606657386051,-0.003666606657386051,-0.003666606657386051,0.0,0.0,-0.003666606657386051,-0.003666606657386051
2020-05-22,-0.0015605517725377441,-0.00528077026174556,-0.00528077026174556,0.005280770261745559,-0.00528077026174556,-0.00528077026174556,-0.00528077026174556,-0.00528077026174556,0.0,0.0,-0.00528077026174556,-0.00528077026174556
2020-05-26,-0.001116982488673411,-0.003779770727814435,-0.0037797707278144355,0.003779770727814435,-0.0037797707278144355,-0.0037797707278144355,-0.0037797707278144355,-0.0037797707278144355,0.0,0.0,-0.0037797707278144355,-0.0037797707278144355
2020-05-27,-0.0032925865870742995,-0.011141824090186492,-0.011141824090186492,0.01114182409018649,-0.011141824090186492,-0.011141824090186492,-0.011141824090186492,-0.011141824090186492,0.010641824090186491,0.0,-0.0005,-0.011141824090186492
2020-05-28,0.0029193831399479077,0.00987893637325987,0.009878936373259872,-0.00987893637325987,0.009878936373259872,0.009878936373259872,0.009878936373259872,0.009878936373259872,-0.0005,0.0,0.0,0.009878936373259872
2020-05-29,0.0008840462980501152,0.0029915350986129403,0.0029915350986129408,-0.0029915350986129408,0.0029915350986129408,0.0029915350986129408,0.0029915350986129408,0.0029915350986129408,0.0,0.0024915350986129407,0.0,0.0029915350986129408
2020-06-01,-0.00023821079435143273,-0.0008060844253774403,-0.0008060844253774402,0.0008060844253774402,-0.0008060844253774402,-0.0008060844253774402,-0.0008060844253774402,-0.0008060844253774402,0.0,-0.0008060844253774402,0.0,-0.0008060844253774402
2020-06-02,-4.765097817861601e-05,-0.00016124672884099137,-0.00016124672884099134,0.00016124672884099134,-0.00016124672884099134,-0.00016124672884099134,-0.00016124672884099134,-0.00016124672884099134,-0.00033875327115900867,-0.00016124672884099134,0.0,-0.00016124672884099134
2020-06-03,-0.0011206450312405342,-0.0037921644504779195,-0.0037921644504779195,0.0037921644504779195,-0.0037921644504779195,-0.0037921644504779195,-0.0037921644504779195,-0.0037921644504779195,0.0037921644504779195,-0.0037921644504779195,0.0,-0.0037921644504779195
2020-06-04,-0.0032550283689518314,-0.011014730375748072,-0.011014730375748072,0.01101473037574807,-0.011014730375748072,-0.011014730375748072,-0.011014730375748072,-0.011014730375748072,0.011014730375748072,-0.011014730375748072,0.0,-0.011014730375748072
2020-06-05,-0.001331081366396279,-0.004504262543112203,-0.004504262543112203,0.004504262543112202,-0.0005,-0.004504262543112203,-0.004504262543112203,-0.004504262543112203,-0.0005,-0.0005,0.0,-0.004504262543112203
2020-06-08,-0.0007778910380148122,-0.0026323150136485785,-0.0026323150136485785,0.0026323150136485785,0.0,-0.0026323150136485785,-0.0026323150136485785,-0.0026323150136485785,0.0,0.0,0.0,-0.0026323150136485785
2020-06-09,0.0002680963207947121,0.0009072144244428593,0.0009072144244428593,-0.0009072144244428593,0.0,0.0009072144244428593,0.0009072144244428593,0.0009072144244428593,0.0,0.0,0.0,0.0009072144244428593
2020-06-10,-0.00046264748462382767,-0.0015655584912123155,-0.0015655584912123155,0.0015655584912123155,0.0,-0.0015655584912123155,-0.0015655584912123155,-0.0015655584912123155,0.0,0.0,0.0,-0.0015655584912123155
2020-06-11,-0.002609801863190472,-0.008831340498093643,-0.008831340498093643,0.008831340498093641,0.0,-0.008831340498093643,-0.008831340498093643,-0.008831340498093643,0.0,0.0,0.0,-0.008831340498093643
2020-06-12,-0.008901042877402699,-0.019568793664780038,-0.019568793664780038,0.019568793664780038,0.0,-0.019568793664780038,-0.019568793664780038,-0.0005,-0.020068793664780038,0.0,0.0,-0.019568793664780038
2020-06-15,0.001411275207402445,0.0028875893376967277,-0.0005,0.0018875893376967272,0.0,0.0028875893376967277,0.0028875893376967277,0.0023875893376967276,0.0028875893376967277,0.0,0.0,0.0028875893376967277
2020-06-16,0.006603820289118974,0.013296342937580308,0.0,-0.014296342937580309,0.0,0.013296342937580308,0.013296342937580308,0.013296342937580308,0.013296342937580308,0.0,0.0,0.013296342937580308
2020-06-17,-0.003527803078064213,-0.005181925990343838,-0.005681925990343839,0.005181925990343839,0.0,-0.005181925990343839,-0.005181925990343839,-0.005181925990343839,0.004181925990343839,-0.005681925990343839,0.0,-0.005181925990343839
2020-06-18,-0.005806718676957343,-0.008737331505950352,-0.0005,0.008737331505950352,0.0,-0.008737331505950352,-0.008737331505950352,-0.008737331505950352,-0.009737331505950353,-0.0005,0.0,-0.008737331505950352
2020-06-19,0.010476531239612731,0.01576396783887346,0.0,0.014763967838873456,0.0,0.01576396783887346,0.01576396783887346,0.01576396783887346,-0.01676396783887346,0.0,0.0,0.01576396783887346
2020-06-22,0.010147720884394447,0.01526920905410023,0.01476920905410023,-0.01626920905410023,0.0,0.01526920905410023,0.01526920905410023,0.01526920905410023,0.01426920905410023,0.01476920905410023,0.0,0.01526920905410023
2020-06-23,-0.003331836886001038,-0.005013393108274089,-0.005013393108274089,0.005013393108274089,0.0,-0.005013393108274089,-0.005013393108274089,-0.005013393108274089,0.004013393108274089,-0.005013393108274089,0.0,-0.005013393108274089
2020-06-24,-0.004226730228941477,-0.006359933251637084,-0.006359933251637084,0.006359933251637084,0.0,-0.006359933251637084,-0.006359933251637084,-0.006359933251637084,0.006359933251637084,-0.006359933251637084,-0.006859933251637085,-0.006359933251637084
2020-06-25,-0.003782040398703437,-0.004904338904037742,-0.004904338904037742,0.004904338904037742,0.0,0.0039043389040377416,-0.004904338904037742,-0.004904338904037742,0.004904338904037742,-0.0005,-0.004904338904037742,-0.004904338904037742
2020-06-26,-0.008839633925893164,-0.011611205493016528,-0.01161120549301653,0.01161120549301653,0.0,0.01161120549301653,-0.01161120549301653,-0.01161120549301653,0.01161120549301653,0.0,-0.01161120549301653,-0.01161120549301653
2020-06-29,0.0047614091546988,0.006254297473744285,-0.0005,-0.006254297473744286,0.0,-0.006254297473744286,0.006254297473744286,0.006254297473744286,0.005254297473744286,0.0,0.006254297473744286,0.006254297473744286
2020-06-30,0.004603846503941696,0.006047332758768231,0.0,-0.006047332758768231,0.0,-0.006047332758768231,0.006047332758768231,0.006047332758768231,-0.007047332758768231,0.0,0.006047332758768231,0.006047332758768231
2020-07-01,-0.0005719623904532565,-0.0007512950089908488,0.0,0.0007512950089908488,0.0,0.0007512950089908488,-0.0007512950089908488,-0.0007512950089908488,0.0007512950089908488,0.0,-0.00024870499100915124,-0.0007512950089908488
2020-07-02,-0.003053260040595695,-0.0040105766881506355,0.0,0.0040105766881506355,0.0,0.0040105766881506355,-0.0040105766881506355,-0.0040105766881506355,0.0040105766881506355,-0.004510576688150636,0.0040105766881506355,-0.0040105766881506355
2020-07-06,-0.0023896462639434782,-0.002684414649109179,0.0,0.002684414649109179,0.0,0.002684414649109179,-0.002684414649109179,-0.002684414649109179,0.002684414649109179,-0.0005,0.002684414649109179,-0.002684414649109179
2020-07-07,0.058977373829309364,0.06779359592358625,0.0,-0.06779359592358625,0.0,-0.06779359592358625,0.06779359592358625,0.06779359592358625,-0.06779359592358625,0.0,-0.06779359592358625,0.06779359592358625
2020-07-08,-0.01720017991896136,-0.01977134571325323,-0.02027134571325323,0.01977134571325323,-0.02027134571325323,-0.02077134571325323,-0.01977134571325323,-0.0005,0.01977134571325323,-0.02027134571325323,-0.02077134571325323,-0.01977134571325323
2020-07-09,0.02314003568567338,0.026599119748399236,0.026599119748399236,-0.026599119748399236,0.026599119748399236,0.026599119748399236,0.026599119748399236,0.0,-0.026599119748399236,0.026599119748399236,0.026599119748399236,0.026599119748399236
2020-07-10,0.01995284160525444,0.022935488535464676,0.022935488535464676,-0.022935488535464676,0.022935488535464676,0.022935488535464676,0.022935488535464676,0.0,-0.022935488535464676,0.022935488535464676,0.022935488535464676,0.022935488535464676
2020-07-13,-0.00772233475892738,-0.00887670657816264,-0.00887670657816264,0.00887670657816264,-0.00887670657816264,-0.00887670657816264,-0.00887670657816264,0.0,-0.009876706578162642,-0.00887670657816264,-0.00887670657816264,-0.00887670657816264
2020-07-14,0.01672479361651059,0.01922489637508451,0.01922489637508451,0.01822489637508451,0.01922489637508451,0.01922489637508451,0.01922489637508451,-0.01972489637508451,0.01922489637508451,0.01922489637508451,0.01922489637508451,0.01922489637508451
2020-07-15,-6.598441815727278e-05,-7.584808700966672e-05,-7.584808700966672e-05,-7.584808700966672e-05,-7.584808700966672e-05,-7.584808700966672e-05,-7.584808700966672e-05,7.584808700966672e-05,-7.584808700966672e-05,-7.584808700966672e-05,-7.584808700966672e-05,-7.584808700966672e-05
2020-07-16,0.0013183147573690775,0.0015153828012051116,0.0015153828012051118,0.0015153828012051118,0.0015153828012051118,0.0015153828012051118,0.0015153828012051118,-0.0015153828012051118,0.0015153828012051118,0.0015153828012051118,0.0015153828012051118,0.0015153828012051118
2020-07-17,-0.003027241769994465,-0.0034797684602229095,-0.0034797684602229095,-0.0034797684602229095,-0.0034797684602229095,-0.0034797684602229095,-0.0034797684602229095,0.0034797684602229095,0.0024797684602229095,-0.0034797684602229095,-0.0034797684602229095,-0.0034797684602229095
2020-07-20,-0.0017830978332113315,-0.002049643891347319,-0.002049643891347319,-0.002049643891347319,-0.002049643891347319,-0.002049643891347319,-0.002049643891347319,0.002049643891347319,-0.003049643891347319,-0.002049643891347319,-0.002049643891347319,-0.002049643891347319
2020-07-21,0.005690982028465092,0.0065416974510048576,0.0065416974510048576,0.0065416974510048576,0.0065416974510048576,0.0065416974510048576,0.0065416974510048576,-0.0065416974510048576,0.0065416974510048576,-0.0005,0.0065416974510048576,0.0065416974510048576
2020-07-22,0.0021695249988099943,0.0024938360521293834,0.0024938360521293834,0.0024938360521293834,0.0024938360521293834,0.0024938360521293834,0.0024938360521293834,-0.0024938360521293834,0.0024938360521293834,0.0019938360521293834,0.0024938360521293834,0.0024938360521293834
2020-07-23,-0.006689122965767174,-0.007689045306372044,-0.007689045306372044,-0.007689045306372044,-0.007689045306372044,-0.007689045306372044,-0.007689045306372044,0.007689045306372044,0.006689045306372044,-0.007689045306372044,-0.007689045306372044,-0.007689045306372044
2020-07-24,-0.0026431831703715414,-0.0030382989300744567,-0.0030382989300744567,-0.0030382989300744567,-0.0030382989300744567,-0.0030382989300744567,-0.0030382989300744567,0.0030382989300744567,0.0030382989300744567,-0.0005,-0.0030382989300744567,-0.0030382989300744567
2020-07-27,-0.000199114626420553,-0.00022887924045411623,-0.00022887924045411623,-0.00022887924045411623,-0.00022887924045411623,-0.00022887924045411623,-0.00022887924045411623,0.00022887924045411623,0.00022887924045411623,0.0,-0.00022887924045411623,-0.00022887924045411623
2020-07-28,0.0036468227711062124,0.00419196741558614,0.00419196741558614,0.00419196741558614,0.00419196741558614,0.00419196741558614,0.00419196741558614,-0.00419196741558614,-0.00419196741558614,0.0,-0.0005,0.00419196741558614
2020-07-29,-0.007064869628874748,-0.008120960391673647,-0.008120960391673648,-0.008120960391673648,-0.008120960391673648,-0.008120960391673648,-0.008120960391673648,0.008120960391673648,0.008120960391673648,0.0,0.0,-0.008120960391673648
2020-07-30,-0.004225612393019938,-0.004361494554262824,-0.004361494554262824,-0.004361494554262824,-0.004361494554262824,-0.004361494554262824,-0.004361494554262824,0.004361494554262824,0.004361494554262824,0.0,0.0,-0.004361494554262824
2020-07-31,-0.005304742967229022,-0.005533415253987317,-0.005533415253987317,-0.005533415253987317,-0.005533415253987317,-0.005533415253987317,-0.005533415253987317,0.005533415253987317,0.005533415253987317,0.0,0.0,-0.005533415253987317
2020-08-03,-0.0007409742122680815,-0.0007729154898370449,-0.0007729154898370449,-0.0007729154898370449,-0.0007729154898370449,-0.0007729154898370449,-0.0007729154898370449,0.0007729154898370449,-0.001772915489837045,0.0,0.0,-0.0007729154898370449
2020-08-04,0.01734968464662497,0.018097579895685723,0.018097579895685723,0.018097579895685723,0.018097579895685723,0.018097579895685723,0.018097579895685723,-0.018097579895685723,-0.019097579895685723,0.0,0.0,0.018097579895685723
2020-08-05,-0.013327075018406418,-0.01390156707939505,-0.01390156707939505,-0.01390156707939505,-0.01390156707939505,-0.01390156707939505,-0.01390156707939505,0.01390156707939505,0.01390156707939505,-0.01440156707939505,0.0,-0.01390156707939505
2020-08-06,-0.003396926834942752,-0.0035433586285462666,-0.003543358628546267,-0.003543358628546267,-0.003543358628546267,-0.003543358628546267,-0.003543358628546267,0.003543358628546267,-0.004543358628546267,-0.0005,0.0,-0.003543358628546267
2020-08-07,0.004595059681049701,0.004793139552505821,0.004793139552505821,0.004793139552505821,0.004793139552505821,0.004793139552505821,0.004793139552505821,-0.004793139552505821,-0.005793139552505821,0.0,0.0,0.004793139552505821
2020-08-10,0.014088144708137969,0.0146954443052143,0.0146954443052143,0.0146954443052143,0.0146954443052143,0.0146954443052143,0.0146954443052143,-0.0146954443052143,0.0136954443052143,0.0141954443052143,0.0,0.0146954443052143
2020-08-11,-0.012212307291691274,-0.012738744906527266,-0.012738744906527266,-0.012738744906527266,-0.012738744906527266,-0.012738744906527266,-0.012738744906527264,0.012738744906527266,-0.012738744906527266,-0.012738744906527266,-0.013238744906527267,-0.012738744906527266
2020-08-12,0.012443608543924897,0.012980016893743729,0.012980016893743729,0.012980016893743729,0.012980016893743729,0.012980016893743729,0.012980016893743729,-0.0005,0.012980016893743729,-0.0005,0.012980016893743729,0.012980016893743729
2020-08-13,0.0036494630894372752,0.0038067809981949807,0.0038067809981949807,0.0038067809981949807,0.0038067809981949807,0.0038067809981949807,0.0038067809981949803,0.0,0.0038067809981949807,0.0033067809981949807,0.0038067809981949807,0.0038067809981949807
2020-08-14,0.005453164737801726,0.0056882350622955435,0.0056882350622955435,0.0056882350622955435,0.0056882350622955435,0.0056882350622955435,0.0056882350622955435,0.0,0.0056882350622955435,0.0056882350622955435,0.0056882350622955435,0.0056882350622955435
2020-08-17,0.02168928519866384,0.0226242482072716,0.022624248207271602,0.022624248207271602,0.022624248207271602,0.022624248207271602,0.022624248207271602,0.0,0.022624248207271602,0.022624248207271602,0.022624248207271602,0.022624248207271602
2020-08-18,-0.006292140157296856,-0.006563376310916635,-0.006563376310916635,-0.006563376310916635,-0.006563376310916635,-0.006563376310916635,-0.006563376310916635,0.0,0.005563376310916635,-0.006563376310916635,-0.006563376310916635,-0.006563376310916635
2020-08-19,-0.01636813904405665,-0.017073722671445357,-0.017073722671445357,-0.017073722671445357,-0.017073722671445357,-0.017073722671445357,-0.017073722671445354,0.0,0.017073722671445357,-0.017073722671445357,-0.017073722671445357,-0.017073722671445357
2020-08-20,-0.013322074291397186,-0.013896350785356892,-0.013896350785356892,-0.013896350785356892,-0.013896350785356892,-0.013896350785356892,-0.013896350785356892,0.0,0.013896350785356892,-0.0005,-0.013896350785356892,-0.013896350785356892
2020-08-21,0.007782997915138169,0.008118500679755503,0.008118500679755503,0.008118500679755503,0.008118500679755503,0.008118500679755503,0.008118500679755503,0.0,-0.008118500679755503,0.0,0.008118500679755503,0.008118500679755503
2020-08-24,-0.0021848756573012175,-0.002279059393614946,-0.002279059393614946,-0.002279059393614946,-0.002279059393614946,-0.002279059393614946,-0.002279059393614946,0.0,0.002279059393614946,0.0,-0.002279059393614946,-0.002279059393614946
2020-08-25,-0.0051099895213113315,-0.005330266544414597,-0.005330266544414597,-0.005330266544414597,-0.005330266544414597,-0.005330266544414597,-0.005330266544414597,0.0,0.005330266544414597,0.0,-0.0005,-0.005330266544414597
2020-08-26,0.0005136283547009999,0.0005357694030305726,0.0005357694030305726,0.0005357694030305726,0.0005357694030305726,0.0005357694030305726,0.0005357694030305726,0.0,-0.0004642305969694274,0.0,0.0,0.0005357694030305726
2020-08-27,0.043496189590850574,0.045371185834864214,0.045371185834864214,0.045371185834864214,0.045371185834864214,0.045371185834864214,0.045371185834864214,0.0,-0.046371185834864215,0.0,0.0,0.045371185834864214
2020-08-28,0.02575072019879842,0.026860760046140575,0.026860760046140575,0.026860760046140575,0.026860760046140575,0.026860760046140575,0.026860760046140575,0.0,-0.026860760046140575,0.026360760046140574,0.0,0.026860760046140575
2020-08-31,-0.00889457279302508,-0.01033468459582798,-0.010334684595827981,-0.010334684595827981,-0.010334684595827981,-0.010334684595827981,-0.010334684595827981,0.0,0.010334684595827981,-0.010334684595827981,-0.010834684595827981,-0.010334684595827981
2020-09-01,0.05386050468304086,0.06294548341134386,0.06294548341134387,0.06294548341134387,0.06294548341134387,0.06294548341134387,0.06294548341134387,0.0,0.06194548341134387,0.06294548341134387,0.06294548341134387,0.06294548341134387
2020-09-02,0.00041145670018550255,0.0006096650136777625,0.0006096650136777626,0.0006096650136777626,0.0006096650136777626,0.0006096650136777626,0.0006096650136777626,0.0,-0.0016096650136777626,0.0006096650136777626,0.0006096650136777626,0.0006096650136777626
2020-09-03,-0.0160815209658278,-0.021262108065201898,-0.0212621080652019,-0.0212621080652019,-0.0212621080652019,-0.0212621080652019,-0.0212621080652019,0.0,0.0212621080652019,-0.0212621080652019,-0.0212621080652019,-0.0212621080652019
2020-09-04,-0.008947929795963035,-0.011830463715831295,-0.011830463715831296,-0.011830463715831296,-0.011830463715831296,-0.011830463715831296,-0.011830463715831296,0.0,0.011830463715831296,-0.011830463715831296,-0.011830463715831296,-0.011830463715831296
2020-09-08,-0.02319408372900354,-0.03066594980458237,-0.03066594980458237,-0.03066594980458237,-0.03066594980458237,-0.03066594980458237,-0.03066594980458237,0.0,-0.03166594980458237,-0.0005,-0.03066594980458237,-0.03066594980458237
2020-09-09,0.0078666408378738,0.010400842554657785,0.010400842554657785,0.010400842554657785,0.010400842554657785,0.010400842554657785,0.010400842554657785,0.0,0.010400842554657785,0.0,0.010400842554657785,0.010400842554657785
2020-09-10,-0.016652756223861448,-0.022017364101790338,-0.022017364101790338,-0.022017364101790338,-0.022017364101790338,-0.022017364101790338,-0.022017364101790338,0.0,-0.022017364101790338,0.0,-0.022017364101790338,-0.022017364101790338
2020-09-11,-0.0006081869127228643,-0.0008041114947792138,-0.0008041114947792138,-0.0008041114947792138,-0.0008041114947792138,-0.0008041114947792138,-0.0008041114947792138,0.0,-0.0008041114947792138,0.0,-0.0005,-0.0008041114947792138
2020-09-14,0.003430410135347468,0.0045355007875629285,0.004535500787562929,0.004535500787562929,0.004535500787562929,0.004535500787562929,0.004535500787562929,0.0,0.004535500787562929,0.0,0.0,0.004535500787562929
2020-09-15,0.00022037468483446045,0.00029136736343171593,0.000291367363431716,0.000291367363431716,0.000291367363431716,0.000291367363431716,0.000291367363431716,0.0,0.000291367363431716,0.0,0.0,0.000291367363431716
2020-09-16,-0.006057039861696406,-0.008008287049980245,-0.008008287049980245,-0.008008287049980245,-0.008008287049980245,-0.008008287049980245,-0.008008287049980245,0.0,-0.008008287049980245,0.0,0.0,-0.008008287049980245
2020-09-17,0.0023871482193090054,0.0031561569029729952,0.0031561569029729952,0.0031561569029729952,0.0031561569029729952,0.0031561569029729952,0.0031561569029729952,0.0,0.0031561569029729952,0.0,0.0,0.0031561569029729952
2020-09-18,-0.007746880749638532,-0.010242502311631816,-0.010242502311631818,-0.010242502311631818,-0.010242502311631818,-0.010242502311631818,-0.010242502311631818,0.0,-0.010242502311631818,0.0,0.0,-0.010242502311631818
2020-09-21,0.009951399757165967,0.013157196852617181,0.013157196852617181,0.013157196852617181,0.013157196852617181,0.013157196852617181,0.013157196852617181,0.0,-0.014157196852617182,0.0,0.0,0.013157196852617181
2020-09-22,0.006842161875819011,0.00904633246521902,0.00904633246521902,0.00904633246521902,0.00904633246521902,0.00904633246521902,0.00904633246521902,0.0,-0.00904633246521902,0.00854633246521902,0.0,0.00904633246521902
2020-09-23,-0.012686857583849924,-0.016773869681160347,-0.016773869681160347,-0.016773869681160347,-0.016773869681160347,-0.016773869681160347,-0.016773869681160344,0.0,-0.017773869681160348,-0.016773869681160347,0.0,-0.016773869681160347
2020-09-24,0.0039487021894231335,0.005220758213555721,0.005220758213555721,0.005220758213555721,0.005220758213555721,0.005220758213555721,0.005220758213555721,0.0,0.005220758213555721,-0.0005,0.0,0.005220758213555721
2020-09-25,0.003153863522688308,0.0041698659713089725,0.0041698659713089725,0.0041698659713089725,0.0041698659713089725,0.0041698659713089725,0.0041698659713089725,0.0,0.0041698659713089725,0.0036698659713089725,0.0,0.0041698659713089725
2020-09-28,-0.00011015929556572362,-0.000145646599701732,-0.000145646599701732,-0.000145646599701732,-0.000145646599701732,-0.000145646599701732,-0.000145646599701732,0.0,-0.000145646599701732,-0.000145646599701732,-0.000645646599701732,-0.000145646599701732
2020-09-29,-0.0006062370935062364,-0.0008015335503808174,-0.0008015335503808174,-0.0008015335503808174,-0.0008015335503808174,-0.0008015335503808174,-0.0008015335503808174,0.0,-0.0008015335503808174,-0.0008015335503808174,-0.0008015335503808174,-0.0008015335503808174
2020-09-30,0.015276847674002395,0.02019821301918423,0.02019821301918423,0.02019821301918423,0.02019821301918423,0.02019821301918423,0.02019821301918423,0.0,-0.02119821301918423,-0.0005,0.02019821301918423,0.02019821301918423
2020-10-01,0.017136941774610642,0.022657527773218833,0.022657527773218833,0.022657527773218833,0.022657527773218833,0.022657527773218833,0.022657527773218833,0.0,-0.022657527773218833,0.022157527773218832,0.022657527773218833,0.022657527773218833
2020-10-02,-0.01363821566715462,-0.01803170334122961,-0.01803170334122961,-0.01803170334122961,-0.01803170334122961,-0.01803170334122961,-0.01803170334122961,0.0,0.01803170334122961,-0.01803170334122961,-0.01803170334122961,-0.01803170334122961
2020-10-05,0.006998205855218311,0.009252645286000226,0.009252645286000227,0.009252645286000227,0.009252645286000227,0.009252645286000227,0.009252645286000227,0.0,0.008252645286000226,-0.0005,0.009252645286000227,0.009252645286000227
2020-10-06,-0.006240491038011425,-0.00825083616854849,-0.008250836168548492,-0.008250836168548492,-0.008250836168548492,-0.008250836168548492,-0.008250836168548492,0.0,0.007250836168548492,-0.008750836168548493,-0.008250836168548492,-0.008250836168548492
2020-10-07,0.0013979877354575259,0.0018483429750386637,0.0018483429750386637,0.0018483429750386637,0.0018483429750386637,0.0018483429750386637,0.0018483429750386637,0.0,0.0008483429750386637,-0.0005,0.0018483429750386637,0.0018483429750386637
2020-10-08,0.002523358245203022,0.0033362463544792664,0.0033362463544792664,0.0033362463544792664,0.0033362463544792664,0.0033362463544792664,0.0033362463544792664,0.0,-0.0043362463544792665,0.0028362463544792664,0.0033362463544792664,0.0033362463544792664
2020-10-09,0.008366322061296843,0.010045036990826484,0.010045036990826484,0.010045036990826484,0.010045036990826484,0.010045036990826484,0.010045036990826484,0.0,-0.010045036990826484,-0.0005,0.010045036990826484,0.010045036990826484
2020-10-12,0.008616245262129932,0.010295549279225822,0.010295549279225824,-0.011295549279225825,0.010295549279225824,0.010295549279225824,0.010295549279225824,0.0,-0.0005,0.009795549279225824,0.010295549279225824,0.010295549279225824
2020-10-13,0.011487317676075703,0.013726192978741114,0.013726192978741114,-0.013726192978741114,0.013726192978741114,0.013726192978741114,0.013726192978741112,0.0,0.0,0.013726192978741114,0.013726192978741114,0.013726192978741114
2020-10-14,-0.013105876974042295,-0.015660209073524944,-0.015660209073524944,0.015660209073524944,-0.015660209073524944,-0.015660209073524944,-0.015660209073524944,0.0,0.0,-0.015660209073524944,-0.015660209073524944,-0.015660209073524944
2020-10-15,0.0034302895038079346,0.004098852058412206,0.004098852058412206,0.003098852058412205,0.004098852058412206,0.004098852058412206,0.004098852058412206,0.0,0.0,-0.0005,0.004098852058412206,0.004098852058412206
2020-10-16,0.0010424803584608718,0.0012456595160228456,0.0012456595160228456,0.0012456595160228454,0.0012456595160228456,0.0012456595160228456,0.0012456595160228456,0.0,-0.0017456595160228456,0.0007456595160228456,0.0012456595160228456,0.0012456595160228456
2020-10-19,-0.010178583717969042,-0.012162387104005301,-0.012162387104005301,0.0111623871040053,-0.012162387104005301,-0.012162387104005301,-0.012162387104005301,0.0,0.012162387104005301,-0.012162387104005301,-0.012162387104005301,-0.012162387104005301
2020-10-20,0.005561616448720318,0.006645574084528594,0.006645574084528594,0.005645574084528593,0.006645574084528594,0.006645574084528594,0.006645574084528594,0.0,-0.0005,-0.0005,0.006645574084528594,0.006645574084528594
2020-10-21,0.0029079369443040333,0.003474693117494043,0.003474693117494043,-0.004474693117494043,0.003474693117494043,0.003474693117494043,0.003474693117494043,0.0,0.0,0.0,0.003474693117494043,0.003474693117494043
2020-10-22,-0.004926339312053546,-0.005886481594988502,-0.005886481594988502,0.005886481594988502,-0.005886481594988502,-0.005886481594988502,-0.005886481594988502,0.0,0.0,-0.006386481594988502,-0.005886481594988502,-0.005886481594988502
2020-10-23,0.0017489440702234795,0.002089812826096882,0.002089812826096882,0.0010898128260968813,0.002089812826096882,0.002089812826096882,0.002089812826096882,0.0,0.0,-0.0005,-0.0005,0.002089812826096882
2020-10-26,-0.009831905405767309,-0.01174814127664947,-0.01174814127664947,0.01074814127664947,-0.01174814127664947,-0.01174814127664947,-0.01174814127664947,0.0,0.0,0.0,0.0,-0.01174814127664947
2020-10-27,0.004179497761372647,0.00499408081542807,0.00499408081542807,0.003994080815428069,0.00499408081542807,0.00499408081542807,0.00499408081542807,0.00449408081542807,0.0,0.0,0.0,0.00499408081542807
2020-10-28,-0.016577155821174226,-0.019808039287882884,-0.019808039287882884,0.018808039287882883,-0.019808039287882884,-0.019808039287882884,-0.019808039287882884,-0.019808039287882884,0.0,0.0,0.0,-0.019808039287882884
2020-10-29,-0.0007171711409028163,-0.0008569476144389965,-0.0008569476144389965,-0.0018569476144389965,-0.0008569476144389965,-0.0008569476144389965,-0.0008569476144389965,-0.0008569476144389965,0.0,0.0,0.0,-0.0008569476144389965
2020-10-30,-0.006997897909537601,-0.008361786437915963,-0.008361786437915963,-0.008361786437915962,-0.008361786437915963,-0.008361786437915963,-0.008361786437915963,-0.008361786437915963,0.0,0.0,0.0,-0.008361786437915963
2020-11-02,0.009952410825019187,0.01189213317156157,0.01189213317156157,0.011892133171561568,-0.0005,0.01189213317156157,0.01189213317156157,0.01189213317156157,0.0,0.0,0.0,0.01189213317156157
2020-11-03,0.014186287399964127,0.016951191217540407,0.016951191217540407,-0.017951191217540408,0.016451191217540406,0.016951191217540407,0.016951191217540407,0.016951191217540407,0.0,0.016451191217540406,0.0,0.016951191217540407
2020-11-04,-0.004806237299764724,-0.005742971730954283,-0.005742971730954283,0.005742971730954283,-0.005742971730954283,-0.005742971730954283,-0.005742971730954283,-0.005742971730954283,-0.006242971730954283,-0.005742971730954283,0.0,-0.005742971730954283
2020-11-05,0.00890174048366974,0.010636687447061588,0.010636687447061588,0.009636687447061587,0.010636687447061588,0.010636687447061588,0.010636687447061588,0.010636687447061588,-0.0005,0.010636687447061588,0.0,0.010636687447061588
2020-11-06,0.013416312206192955,0.016031148053716526,0.016031148053716526,0.016031148053716526,0.016031148053716526,0.016031148053716526,0.016031148053716526,0.016031148053716526,0.0,0.016031148053716526,0.0,0.016031148053716526
2020-11-09,-0.01280267435626751,-0.015297912342417397,-0.015297912342417397,-0.015297912342417397,-0.015297912342417397,-0.015297912342417397,-0.015297912342417397,-0.0005,0.0,-0.015297912342417397,-0.015797912342417397,-0.015297912342417397
2020-11-10,0.011777124264336643,0.014072482797578889,0.014072482797578889,0.014072482797578889,0.014072482797578889,0.014072482797578889,0.014072482797578889,0.0,0.0,-0.0005,0.014072482797578889,0.014072482797578889
2020-11-11,0.013913723825357042,0.016625505071345966,0.01662550507134597,0.01662550507134597,0.01662550507134597,0.01662550507134597,0.01662550507134597,0.0,0.0,0.01612550507134597,0.01662550507134597,0.01662550507134597
2020-11-12,0.0014139857392950449,0.0016895712013931252,0.0016895712013931252,0.0016895712013931252,0.0016895712013931252,0.0016895712013931252,0.0016895712013931252,0.0,0.0,0.0016895712013931252,0.0016895712013931252,0.0016895712013931252
2020-11-13,0.013042062053811736,0.015583956641520569,0.015583956641520569,0.015583956641520569,0.015583956641520569,0.015583956641520569,0.015583956641520569,0.0,0.0,0.015583956641520569,0.015583956641520569,0.015583956641520569
2020-11-16,0.010562415846688305,0.012621028017298253,0.012621028017298253,0.012621028017298253,0.012621028017298253,0.012621028017298253,0.012621028017298253,0.0,0.0,0.012621028017298253,0.012621028017298253,0.012621028017298253
2020-11-17,-0.016854196717868978,-0.020139075385104732,-0.020139075385104732,-0.020139075385104732,-0.020139075385104732,-0.020139075385104732,-0.020139075385104732,0.0,0.01963907538510473,-0.020139075385104732,-0.020139075385104732,-0.020139075385104732
2020-11-18,-0.0015687826420942028,-0.0018745379813018823,-0.0018745379813018825,-0.0018745379813018823,-0.0018745379813018825,-0.0018745379813018825,-0.0018745379813018825,0.0,0.0018745379813018825,-0.0005,-0.0018745379813018825,-0.0018745379813018825
2020-11-19,0.017008520765016494,0.020323477149915226,0.020323477149915226,0.020323477149915226,0.020323477149915226,0.020323477149915226,0.020323477149915226,0.0,-0.0005,0.0,0.020323477149915226,0.020323477149915226
2020-11-20,-0.01034292209951273,-0.01235875499444683,-0.01235875499444683,-0.01235875499444683,-0.01235875499444683,-0.01235875499444683,-0.01235875499444683,0.0,-0.01285875499444683,-0.01285875499444683,-0.01235875499444683,-0.01235875499444683
2020-11-23,0.003843423604086713,0.004592505890092635,0.004592505890092635,0.004592505890092635,0.004592505890092635,0.004592505890092635,0.004592505890092635,0.0,-0.0005,-0.0005,0.004592505890092635,0.004592505890092635
2020-11-24,0.002384486939109013,0.0028492228389978003,0.0028492228389978003,0.0028492228389978003,0.0028492228389978003,0.0028492228389978003,0.0028492228389978003,0.0,0.0023492228389978003,0.0023492228389978003,0.0028492228389978003,0.0028492228389978003
2020-11-25,0.00259859418034187,0.0031050595272639203,0.0031050595272639203,0.0031050595272639203,0.0031050595272639203,0.0031050595272639203,0.0031050595272639203,0.0,-0.0005,0.0031050595272639203,0.0031050595272639203,0.0031050595272639203
2020-11-27,-0.0012677930366805069,-0.0015148855781035309,-0.0015148855781035309,-0.0015148855781035309,-0.0015148855781035309,-0.0015148855781035309,-0.0015148855781035309,0.0,0.0010148855781035309,-0.0015148855781035309,-0.0015148855781035309,-0.0015148855781035309
2020-11-30,0.006569319677873314,0.00784967841755857,0.00784967841755857,0.00784967841755857,0.00784967841755857,0.00784967841755857,0.00784967841755857,0.0,-0.0005,0.00784967841755857,0.00784967841755857,0.00784967841755857
2020-12-01,-0.0008215204147207024,-0.0009816345352681166,-0.0009816345352681166,-0.0009816345352681166,-0.0009816345352681166,-0.0009816345352681166,-0.0009816345352681166,0.0,0.0004816345352681166,-0.0009816345352681166,-0.0009816345352681166,-0.0009816345352681166
2020-12-02,-0.013970300774389505,-0.013888745921338375,-0.013888745921338375,-0.013888745921338375,-0.013888745921338375,-0.013888745921338375,-0.013888745921338375,0.0,-0.0005,-0.013888745921338375,-0.013888745921338375,-0.013888745921338375
2020-12-03,-0.008105565424320171,-0.00810556542432017,-0.008105565424320171,-0.00810556542432017,-0.008105565424320171,-0.008105565424320171,-0.008105565424320171,0.0,0.0,-0.0005,-0.008105565424320171,-0.008105565424320171
2020-12-04,-0.0026121759401550593,-0.0026121759401550593,-0.0026121759401550593,-0.0026121759401550593,-0.0026121759401550593,-0.0026121759401550593,-0.0026121759401550593,0.0,-0.0031121759401550593,0.0,-0.0026121759401550593,-0.0026121759401550593
2020-12-07,-0.005372296259099851,-0.005372296259099851,-0.005372296259099851,-0.005372296259099851,-0.005372296259099851,-0.005372296259099851,-0.005372296259099851,0.0,-0.005372296259099851,0.0,-0.0005,-0.005372296259099851
2020-12-08,0.009047380067981337,0.009047380067981337,0.009047380067981337,0.009047380067981337,0.009047380067981337,0.009047380067981337,0.009047380067981335,0.0,0.009047380067981337,0.0,0.0,0.009047380067981337
2020-12-09,-0.007895384070802924,-0.007895384070802924,-0.007895384070802924,-0.007895384070802924,-0.007895384070802924,-0.007895384070802924,-0.007895384070802924,0.0,-0.007895384070802924,0.0,0.0,-0.007895384070802924
2020-12-10,-0.004670712125060539,-0.004670712125060538,-0.004670712125060539,-0.004670712125060539,-0.004670712125060539,-0.004670712125060539,-0.004670712125060539,-0.005170712125060539,-0.004670712125060539,0.0,0.0,-0.004670712125060539
2020-12-11,-0.0002722054053437839,-0.00027220540534378396,-0.0002722054053437839,-0.0002722054053437839,-0.0002722054053437839,-0.0002722054053437839,-0.0002722054053437839,-0.0002722054053437839,-0.0007277945946562161,0.0,0.0,-0.0002722054053437839
2020-12-14,-0.009183626835339687,-0.009183626835339687,-0.009183626835339687,-0.009183626835339687,-0.009183626835339687,-0.009183626835339687,-0.009183626835339687,-0.009183626835339687,-0.010183626835339687,0.0,0.0,-0.009183626835339687
2020-12-15,-0.0004807151958813316,-0.0004807151958813316,-0.0004807151958813316,-0.0004807151958813316,-0.0004807151958813316,-0.0004807151958813316,-0.0004807151958813316,-0.0004807151958813316,-0.0004807151958813316,0.0,0.0,-0.0004807151958813316
2020-12-16,-0.0010303937799406304,-0.0010303937799406304,-0.0010303937799406304,-0.0010303937799406304,-0.0005,-0.0010303937799406304,-0.0010303937799406304,-0.0010303937799406304,3.0393779940630396e-05,0.0,0.0,-0.0010303937799406304
2020-12-17,0.004606929771020729,0.004606929771020729,0.004606929771020729,0.004606929771020729,0.0,0.004606929771020729,0.004606929771020729,0.004606929771020729,0.003606929771020729,0.0,0.0,0.004606929771020729
2020-12-18,-0.0010265577847748952,-0.0010265577847748952,-0.0010265577847748952,2.655778477489521e-05,-0.0015265577847748952,-0.0010265577847748952,-0.0010265577847748952,-0.0010265577847748952,-0.0010265577847748952,0.0,0.0,-0.0010265577847748952
2020-12-21,0.00013690804374033583,0.00013690804374033583,0.00013690804374033583,-0.00013690804374033583,-0.0005,0.00013690804374033583,0.00013690804374033583,0.00013690804374033583,-0.0011369080437403358,0.0,0.0,0.00013690804374033583
2020-12-22,-0.01212555476691024,-0.012125554766910239,-0.01212555476691024,-0.013125554766910241,0.0,-0.01212555476691024,-0.012125554766910239,-0.01212555476691024,0.01212555476691024,0.0,0.0,-0.01212555476691024
2020-12-23,-0.006796318512633404,-0.006796318512633403,-0.006796318512633404,-0.006796318512633404,0.0,-0.006796318512633404,-0.006796318512633404,-0.006796318512633404,0.006796318512633404,0.0,0.0,-0.006796318512633404
2020-12-24,0.0019549697665655064,0.0019549697665655064,0.0019549697665655064,0.0019549697665655064,0.0,0.0019549697665655064,0.0019549697665655064,0.0019549697665655064,0.0009549697665655063,0.0,0.0,0.0019549697665655064
2020-12-28,0.011986281953883626,0.011986281953883626,0.011986281953883626,-0.012986281953883627,0.0,0.011986281953883626,0.011986281953883626,0.011986281953883626,0.011986281953883626,0.0,0.0,0.011986281953883626
2020-12-29,-0.006335284636652561,-0.006335284636652561,-0.006335284636652561,0.006335284636652561,0.0,-0.006335284636652561,-0.006335284636652561,-0.006335284636652561,-0.006335284636652561,-0.006835284636652561,0.0,-0.006335284636652561
2020-12-30,-0.000831353685894376,-0.000831353685894376,-0.000831353685894376,-0.001831353685894376,0.0,-0.000831353685894376,-0.000831353685894376,-0.000831353685894376,-0.000831353685894376,-0.0005,0.0,-0.000831353685894376
2020-12-31,-0.00020835333579505289,-0.00020835333579505289,-0.00020835333579505289,-0.00020835333579505289,0.0,-0.00020835333579505289,-0.00020835333579505289,-0.00020835333579505289,-0.00020835333579505289,0.0,0.0,-0.00020835333579505289
2021-01-04,0.01651080379406955,0.016510803794069547,0.01651080379406955,0.01651080379406955,0.0,0.01651080379406955,0.01651080379406955,0.01651080379406955,-0.01751080379406955,0.01601080379406955,0.0,0.01651080379406955
2021-01-05,-0.005323578011087293,-0.005323578011087293,-0.005323578011087293,0.004323578011087293,-0.005823578011087294,-0.005323578011087293,-0.005323578011087293,-0.005323578011087293,0.005323578011087293,-0.005323578011087293,-0.005823578011087294,-0.005323578011087293
2021-01-06,0.006243997294955728,0.006243997294955728,0.006243997294955728,0.005243997294955728,-0.0005,0.006243997294955728,0.006243997294955728,0.006243997294955728,0.005243997294955728,0.006243997294955728,0.006243997294955728,0.006243997294955728
2021-01-07,-6.841679173319459e-05,-6.841679173319459e-05,-6.841679173319459e-05,-0.0009315832082668054,-0.0005684167917331946,-6.841679173319459e-05,-6.841679173319459e-05,-6.841679173319459e-05,-0.0009315832082668054,-6.841679173319459e-05,-6.841679173319459e-05,-6.841679173319459e-05
2021-01-08,-0.00013625455477705994,-0.00013625455477705994,-0.00013625455477705994,0.00013625455477705994,-0.00013625455477705994,-0.00013625455477705994,-0.00013625455477705994,-0.00013625455477705994,-0.00113625455477706,-0.00013625455477705994,-0.00013625455477705994,-0.00013625455477705994
2021-01-11,0.004501216412059028,0.004501216412059028,0.004501216412059028,0.003501216412059028,0.004501216412059028,0.004501216412059028,0.004501216412059028,0.004501216412059028,-0.005501216412059028,0.004501216412059028,0.004501216412059028,0.004501216412059028
2021-01-12,0.01008003038041147,0.011405941966253996,0.011405941966253996,-0.012405941966253997,0.011405941966253996,0.011405941966253996,0.011405941966253995,0.011405941966253996,-0.011405941966253996,0.011405941966253996,0.011405941966253996,0.011405941966253996
2021-01-13,-0.009066968567445946,-0.010203260075105967,-0.010203260075105969,0.010203260075105969,-0.010203260075105969,-0.010203260075105969,-0.010203260075105969,-0.010203260075105969,0.010203260075105969,-0.010203260075105969,-0.010203260075105969,-0.010203260075105969
2021-01-14,-0.0028929135746371087,-0.0032554595681301146,-0.0032554595681301146,0.0032554595681301146,-0.0032554595681301146,-0.0032554595681301146,-0.0032554595681301146,-0.0032554595681301146,-0.004255459568130115,-0.0005,-0.0032554595681301146,-0.0032554595681301146
2021-01-15,-0.014088094388771398,-0.01585364390998067,-0.015853643909980675,0.015853643909980675,-0.0005,-0.015853643909980675,-0.01585364390998067,-0.015853643909980675,0.014853643909980674,0.0,-0.015853643909980675,-0.015853643909980675
2021-01-19,-0.006907245169345297,-0.008642219722509115,-0.008642219722509115,0.008642219722509115,0.0,-0.008642219722509115,-0.008642219722509115,-0.008642219722509115,0.008642219722509115,0.0,-0.008642219722509115,-0.008642219722509115
2021-01-20,0.011735749306855815,0.014785102109326598,0.014785102109326598,-0.014785102109326598,0.0,0.014785102109326598,0.014785102109326598,0.014785102109326598,0.013785102109326597,0.0,-0.0005,0.014785102109326598
2021-01-21,-0.0036005651921669993,-0.004536116325046025,-0.004536116325046025,0.004536116325046025,0.0,-0.004536116325046025,-0.004536116325046025,-0.004536116325046025,0.0035361163250460246,-0.005036116325046025,0.0,-0.004536116325046025
2021-01-22,0.008110526181943517,0.010217920869385777,0.010217920869385777,-0.010217920869385777,0.0,0.010217920869385777,0.010217920869385777,0.010217920869385777,0.009217920869385776,-0.0005,0.0,0.010217920869385777
2021-01-25,-0.0006658963960615731,-0.0008885598675213435,-0.0008885598675213435,0.0008885598675213435,0.0,-0.0008885598675213435,-0.0008885598675213435,-0.0008885598675213435,-0.0008885598675213435,-0.0013885598675213435,0.0,-0.0008885598675213435
2021-01-26,0.006203577619002808,0.008960193910025893,0.008960193910025893,-0.008960193910025893,0.0,0.008960193910025893,0.008960193910025893,0.008960193910025893,-0.0005,0.008960193910025893,0.0,0.008960193910025893
2021-01-27,-0.017225318699921364,-0.024879546157447807,-0.024879546157447807,0.024879546157447807,-0.025379546157447808,-0.024879546157447807,-0.024879546157447807,-0.024879546157447807,-0.025379546157447808,-0.024879546157447807,0.0,-0.024879546157447807
2021-01-28,-0.00042238045876111257,-0.0006256806022645334,-0.0006256806022645334,0.0006256806022645334,-0.0005,-0.0006256806022645334,-0.0006256806022645334,-0.0006256806022645334,-0.00037431939773546665,-0.0005,-0.0011256806022645334,-0.0006256806022645334
2021-01-29,-0.013750986336082441,-0.02267837873250922,-0.02267837873250922,0.02267837873250922,0.0,-0.02267837873250922,-0.02267837873250922,-0.02267837873250922,-0.0005,0.0,-0.02267837873250922,-0.02267837873250922
2021-02-01,-0.0052654906215333225,-0.008683943653865045,-0.008683943653865045,-0.009683943653865046,0.0,-0.008683943653865045,-0.008683943653865045,-0.0005,-0.009183943653865045,0.0,-0.0005,-0.008683943653865045
2021-02-02,0.0065307357269535175,0.010770609074721493,0.010770609074721493,0.010770609074721493,0.0,0.010770609074721493,0.010770609074721493,0.0,0.010770609074721493,0.0,0.0,0.010770609074721493
2021-02-03,0.0018522006373070312,0.003054683243428391,0.003054683243428391,-0.004054683243428391,0.0,-0.004054683243428391,0.003054683243428391,0.0,0.003054683243428391,0.0,-0.003554683243428391,0.003054683243428391
2021-02-04,0.0057113988006272575,0.009419343596695383,0.009419343596695384,-0.009419343596695384,0.0,-0.009419343596695384,0.009419343596695384,0.0,0.009419343596695384,0.0,-0.009419343596695384,0.009419343596695384
2021-02-05,0.00778497858934801,0.012839129394699667,0.012839129394699667,-0.012839129394699667,0.0,-0.012839129394699667,0.012839129394699667,0.0,-0.0005,0.012339129394699666,-0.012839129394699667,0.012839129394699667
2021-02-08,0.0028141068082072258,0.0046410765330189285,0.0046410765330189285,-0.0046410765330189285,0.0,-0.0046410765330189285,0.0046410765330189285,0.0,0.004141076533018928,0.0046410765330189285,-0.0046410765330189285,0.0046410765330189285
2021-02-09,0.0033448672617972333,0.005516416402361113,0.005516416402361113,-0.005516416402361113,0.0,-0.005516416402361113,0.005516416402361113,0.0,0.005516416402361113,0.005516416402361113,-0.005516416402361113,0.005516416402361113
2021-02-10,-0.007068598359415686,-0.011657661987648503,-0.011657661987648504,0.011657661987648504,0.0,0.011657661987648504,-0.011657661987648504,0.0,-0.011657661987648504,-0.011657661987648504,-0.0005,-0.011657661987648504
2021-02-11,-0.0004444022099199441,-0.0007629731303629984,-0.0007629731303629983,-0.0017629731303629983,-0.0012629731303629983,0.0007629731303629983,-0.0007629731303629983,-0.0012629731303629983,-0.0007629731303629983,-0.0005,0.0,-0.0007629731303629983
2021-02-12,0.0016779918121038282,0.003124492874392981,0.003124492874392981,0.0031244928743929807,0.003124492874392981,-0.003124492874392981,0.003124492874392981,0.003124492874392981,0.003124492874392981,0.002624492874392981,0.0,0.003124492874392981
2021-02-16,0.004423606102389022,0.00823694468968039,0.008236944689680392,0.008236944689680392,0.008236944689680392,-0.008236944689680392,0.008236944689680392,0.008236944689680392,0.008236944689680392,0.008236944689680392,0.0,0.008236944689680392
2021-02-17,0.005677932942189849,0.010572555176482368,0.010572555176482368,0.010572555176482368,0.010572555176482368,-0.010572555176482368,0.010572555176482368,0.010572555176482368,0.010572555176482368,0.010572555176482368,0.0,0.010572555176482368
2021-02-18,-0.03480564894965363,-0.0648096142945227,-0.0648096142945227,-0.0648096142945227,-0.0648096142945227,0.0648096142945227,-0.0648096142945227,-0.0005,0.0638096142945227,-0.0648096142945227,0.0,-0.0648096142945227
2021-02-19,0.0016286553793641904,0.004939491188172385,0.004939491188172385,0.004939491188172384,0.004939491188172385,-0.004939491188172385,0.004939491188172385,0.004439491188172384,0.003939491188172385,-0.0005,-0.005439491188172385,0.004939491188172385
2021-02-22,-0.0016387390033885004,-0.004698509067641354,-0.004698509067641354,-0.0046985090676413535,-0.004698509067641354,0.004698509067641354,-0.004698509067641354,-0.004698509067641354,-0.004698509067641354,0.0,0.004698509067641354,-0.004698509067641354
2021-02-23,-0.005623494237267206,-0.016123396471918183,-0.016123396471918183,-0.01612339647191818,-0.016123396471918183,0.016123396471918183,-0.016123396471918183,-0.016123396471918183,-0.016123396471918183,0.0,0.016123396471918183,-0.016123396471918183
2021-02-24,-0.005818443906603824,-0.01668234624196563,-0.0005,-0.01668234624196563,-0.0005,0.01668234624196563,-0.01668234624196563,-0.01668234624196563,-0.01668234624196563,0.0,0.01668234624196563,-0.01668234624196563
2021-02-25,-0.0032989959074372307,-0.00945871316491198,0.0,-0.00945871316491198,0.0,0.00945871316491198,-0.00945871316491198,-0.00945871316491198,-0.00945871316491198,0.0,0.00945871316491198,-0.00945871316491198
2021-02-26,-0.005365824271156779,-0.015384618259081773,0.0,-0.015384618259081773,0.0,0.015384618259081773,-0.015384618259081773,-0.015384618259081773,-0.015384618259081773,0.0,0.015384618259081773,-0.015384618259081773
2021-03-01,0.0038925849731646926,0.011160621523720993,0.0,0.011160621523720993,0.0,-0.011160621523720993,0.011160621523720991,0.011160621523720993,0.011160621523720993,0.0,-0.011160621523720993,0.011160621523720993
2021-03-02,-0.003345202636653382,-0.00959119474725012,0.0,-0.009591194747250118,0.0,0.00959119474725012,-0.00959119474725012,-0.00959119474725012,-0.00959119474725012,0.0,0.00959119474725012,-0.00959119474725012
2021-03-03,-0.006755228714267994,-0.019368247965264818,0.0,-0.019368247965264818,0.0,0.019368247965264818,-0.019368247965264818,-0.019368247965264818,-0.019368247965264818,0.0,0.019368247965264818,-0.019368247965264818
2021-03-04,-0.00016406762037043018,-0.00047040633097938933,0.0,-0.00047040633097938933,0.0,0.00047040633097938933,-0.00047040633097938933,-0.00047040633097938933,-0.00047040633097938933,0.0,0.00047040633097938933,-0.00047040633097938933
2021-03-05,0.004348371649320904,0.012467429884541081,0.0,0.012467429884541081,0.0,-0.012467429884541081,0.012467429884541081,0.012467429884541081,0.012467429884541081,0.0,-0.012467429884541081,0.012467429884541081
2021-03-08,-0.003349421697002765,-0.009603291422356717,0.0,-0.009603291422356717,0.0,0.009603291422356719,-0.009603291422356719,-0.009603291422356719,-0.009603291422356719,-0.01010329142235672,0.009603291422356719,-0.009603291422356719
2021-03-09,0.0027547186974719185,0.007898189249239795,0.0,0.007898189249239795,0.0,-0.007898189249239795,0.007898189249239795,0.007898189249239795,0.007898189249239795,-0.0005,-0.007898189249239795,0.007898189249239795
2021-03-10,0.008902817679010858,0.025525705744414706,0.0,0.025525705744414703,0.0,-0.025525705744414706,0.025525705744414706,0.025525705744414706,0.025525705744414706,0.0,-0.025525705744414706,0.025525705744414706
2021-03-11,-0.0001319589921172658,-0.0003783461062059068,0.0,-0.00037834610620590675,0.0,0.0003783461062059068,-0.0003783461062059068,-0.0003783461062059068,-0.0003783461062059068,-0.0008783461062059068,0.0003783461062059068,-0.0003783461062059068
2021-03-12,0.005252992558577223,0.015061112915292219,0.0,0.015061112915292217,0.0,-0.015061112915292219,0.015061112915292219,0.015061112915292219,0.015061112915292219,0.015061112915292219,-0.0005,0.015061112915292219
2021-03-15,-0.005470473491059773,-0.005144862747289425,0.0,0.004144862747289425,0.0,0.005144862747289425,-0.005144862747289425,-0.0005,-0.005144862747289425,-0.005144862747289425,0.0,-0.005144862747289425
2021-03-16,-0.0002997859463673702,-0.0002997859463673702,0.0,-0.0012997859463673702,0.0,0.0002997859463673702,-0.0002997859463673702,0.0,-0.0002997859463673702,-0.0002997859463673702,0.0,-0.0002997859463673702
2021-03-17,-0.00832148538809896,-0.00832148538809896,0.0,-0.00832148538809896,0.0,0.00832148538809896,-0.00832148538809896,0.0,-0.00832148538809896,-0.00832148538809896,0.0,-0.00832148538809896
2021-03-18,-0.013057006194240883,-0.013057006194240883,0.0,-0.013057006194240883,0.0,0.013057006194240883,-0.013057006194240883,0.0,-0.013057006194240883,-0.013057006194240883,0.0,-0.013057006194240883
2021-03-19,0.013306510511160496,0.013306510511160496,0.0,0.013306510511160496,0.0,-0.013306510511160496,0.013306510511160496,0.0,0.013306510511160496,-0.0005,0.0,0.013306510511160496
2021-03-22,0.004782373314722088,0.004782373314722088,0.0,-0.005782373314722088,0.0,-0.004782373314722088,0.004782373314722088,0.0,-0.0005,0.004282373314722088,0.0,0.004782373314722088
2021-03-23,0.011860820232594493,0.011860820232594493,0.0,-0.011860820232594493,0.0,-0.011860820232594493,0.011860820232594493,0.0,0.011360820232594493,0.011860820232594493,0.0,0.011860820232594493
2021-03-24,-0.006197065529039536,-0.006197065529039535,0.0,0.006197065529039536,0.0,0.006197065529039536,-0.006197065529039536,0.0,0.005197065529039536,-0.006197065529039536,0.0056970655290395356,-0.006197065529039536
2021-03-25,0.006761552872846188,0.006761552872846187,0.0,0.005761552872846188,0.0,-0.006761552872846188,0.006761552872846188,0.0,-0.0005,0.006761552872846188,-0.006761552872846188,0.006761552872846188
2021-03-26,0.008357368079426664,0.008357368079426664,0.0,-0.009357368079426664,0.0,-0.008357368079426664,0.008357368079426664,0.0,0.0,0.008357368079426664,-0.0005,0.008357368079426664
2021-03-29,0.011396548168752574,0.011396548168752574,0.0,0.010396548168752573,0.0,-0.011396548168752574,0.011396548168752572,0.0,-0.011896548168752574,0.011396548168752574,0.0,0.011396548168752574
2021-03-30,-0.006804853521670262,-0.006804853521670262,0.0,-0.006804853521670262,0.0,0.006804853521670262,-0.006804853521670262,0.0,0.006804853521670262,-0.006804853521670262,0.0,-0.006804853521670262
2021-03-31,0.0006631540812689352,0.0006631540812689349,0.0,0.0006631540812689352,0.0,-0.0006631540812689352,0.0006631540812689352,0.0,-0.0005,0.0006631540812689352,0.0,0.0006631540812689352
2021-04-01,-0.001545942443331949,-0.0015459424433319489,0.0,-0.001545942443331949,0.0,0.001545942443331949,-0.001545942443331949,0.0,0.001045942443331949,-0.001545942443331949,0.0,-0.001545942443331949
2021-04-05,0.028093076486589652,0.02809307648658965,0.0,0.028093076486589652,0.0,-0.028093076486589652,0.02809307648658965,0.0,-0.0005,0.028093076486589652,0.0,0.028093076486589652
2021-04-06,0.004805358801327042,0.004805358801327041,0.004305358801327042,-0.005805358801327042,0.004305358801327042,-0.004805358801327042,0.004805358801327042,0.0,-0.0053053588013270425,0.004805358801327042,0.0,0.004805358801327042
2021-04-07,-0.0021413409443419296,-0.0021413409443419296,-0.0021413409443419296,0.0021413409443419296,-0.0021413409443419296,0.0021413409443419296,-0.0021413409443419296,0.0,0.0021413409443419296,-0.0021413409443419296,0.0,-0.0021413409443419296
2021-04-08,-0.0006437193720719714,-0.0006437193720719714,-0.0006437193720719714,-0.0016437193720719714,-0.0006437193720719714,0.0006437193720719714,-0.0006437193720719714,0.0,0.0006437193720719714,-0.0006437193720719714,0.0,-0.0006437193720719714
2021-04-09,0.0005008271555864141,0.0005008271555864141,0.0005008271555864141,0.0005008271555864141,0.0005008271555864141,-0.0005008271555864141,0.0005008271555864141,0.0,-0.0005008271555864141,0.0005008271555864141,0.0,0.0005008271555864141
2021-04-12,0.00014323512198965993,0.00014323512198965993,0.00014323512198965993,0.00014323512198965993,0.00014323512198965993,-0.00014323512198965993,0.00014323512198965993,0.0,-0.00014323512198965993,0.00014323512198965993,0.0,0.00014323512198965993
2021-04-13,-0.0030758212909984817,-0.0030758212909984817,-0.0030758212909984817,0.0020758212909984817,-0.0030758212909984817,0.0030758212909984817,-0.0030758212909984812,0.0,-0.0005,-0.0030758212909984817,0.0,-0.0030758212909984817
2021-04-14,-0.0004065010340503077,-0.0003589209787242531,-0.0003589209787242531,-0.0013589209787242531,-0.0003589209787242531,0.0003589209787242531,-0.00035892097872425316,0.0,-0.0001410790212757469,-0.0005,-0.0008589209787242531,-0.0003589209787242531
2021-04-15,0.003995931597430356,0.0060293941555848996,0.0060293941555848996,0.006029394155584899,0.0060293941555848996,-0.0060293941555848996,0.0060293941555848996,0.0,-0.0005,0.0,0.0060293941555848996,0.0060293941555848996
2021-04-16,0.00212785215317575,0.0032106804191935896,0.00321068041919359,0.0032106804191935896,0.00321068041919359,-0.00321068041919359,0.00321068041919359,0.0,0.0,0.00271068041919359,0.00321068041919359,0.00321068041919359
2021-04-19,-0.0042419686118544565,-0.006400635279376954,-0.006400635279376954,-0.006400635279376953,-0.006400635279376954,0.006400635279376954,-0.006400635279376954,0.0,0.005900635279376953,-0.006400635279376954,-0.006400635279376954,-0.006400635279376954
2021-04-20,0.005903151291551264,0.00773022321426997,0.007730223214269971,0.00773022321426997,0.007730223214269971,-0.007730223214269971,0.007730223214269971,0.0,0.006730223214269971,-0.0005,0.007730223214269971,0.007730223214269971
2021-04-21,0.002244246124414313,0.002912246948357344,0.0029122469483573443,0.002912246948357344,0.0029122469483573443,-0.0029122469483573443,0.0029122469483573443,0.0,-0.003912246948357344,0.0024122469483573443,0.0029122469483573443,0.0029122469483573443
2021-04-22,-0.008350433166357257,-0.010835943188954977,-0.010835943188954977,-0.010835943188954976,-0.010835943188954977,0.010835943188954977,-0.010835943188954976,0.0,-0.0005,-0.010835943188954977,-0.010835943188954977,-0.010835943188954977
2021-04-23,0.0012689854145310083,0.0016466994688215664,0.0016466994688215664,0.0016466994688215662,0.0016466994688215664,-0.0016466994688215664,0.0016466994688215664,0.0,0.0011466994688215664,-0.0005,0.0016466994688215664,0.0016466994688215664
2021-04-26,-0.010961558731963453,-0.014224271401930721,-0.014224271401930721,-0.01422427140193072,-0.014224271401930721,0.014224271401930721,-0.014224271401930721,0.0,0.01322427140193072,0.0,-0.014224271401930721,-0.014224271401930721
2021-04-27,0.00262626415245875,0.0034079728067144544,-0.0005,0.0034079728067144544,-0.0005,-0.0034079728067144544,0.0034079728067144544,0.0029079728067144543,-0.0034079728067144544,0.0,-0.0005,0.0034079728067144544
2021-04-28,-0.002728704668582296,-0.0035409047865109233,0.0,-0.0035409047865109233,0.0,0.0035409047865109233,-0.0035409047865109233,-0.0035409047865109233,-0.0005,0.0,0.0,-0.0035409047865109233
2021-04-29,0.00972428755257528,0.012618725923979168,0.0,0.012618725923979168,0.0,-0.012618725923979168,0.012618725923979168,0.012618725923979168,-0.013118725923979169,0.0,0.0,0.012618725923979168
2021-04-30,0.0015452234645545364,0.002005159893215147,0.001505159893215147,0.0020051598932151467,0.001505159893215147,-0.002005159893215147,0.002005159893215147,0.002005159893215147,0.001005159893215147,0.001505159893215147,0.0,0.002005159893215147
2021-05-03,0.01217274888338098,0.015795972822721494,0.015795972822721494,0.01579597282272149,0.015795972822721494,-0.015795972822721494,0.015795972822721494,0.015795972822721494,0.015795972822721494,0.015795972822721494,0.0,0.015795972822721494
2021-05-04,-0.007591218833062109,-0.009850748382897345,-0.009850748382897345,-0.009850748382897343,-0.009850748382897345,0.009850748382897345,-0.009850748382897345,-0.0005,0.008850748382897344,-0.009850748382897345,-0.010350748382897346,-0.009850748382897345
2021-05-05,-0.0007932147775252393,-0.0008527974434221486,-0.0008527974434221486,-0.0008527974434221485,-0.0008527974434221486,-0.0018527974434221486,-0.0008527974434221486,0.0,-0.0018527974434221486,-0.0005,-0.0008527974434221486,-0.0008527974434221486
2021-05-06,0.006220341629329179,0.0071401549529133135,0.0071401549529133135,0.007140154952913313,0.0071401549529133135,0.0071401549529133135,0.007140154952913313,0.0,0.0071401549529133135,0.006640154952913313,0.0071401549529133135,0.0071401549529133135
2021-05-07,-0.005249892806909975,-0.006026204083515063,-0.006026204083515063,-0.006026204083515062,-0.006026204083515063,-0.006026204083515063,-0.006026204083515063,0.0,-0.006026204083515063,-0.006026204083515063,-0.006026204083515063,-0.006026204083515063
2021-05-10,0.0038525453589243076,0.0044222283059416325,0.004422228305941633,0.0044222283059416325,0.004422228305941633,0.004422228305941633,0.004422228305941633,0.0,-0.0005,-0.0005,0.004422228305941633,0.004422228305941633
2021-05-11,-0.007856648789851865,-0.009018425853920653,-0.009018425853920653,-0.009018425853920651,-0.009018425853920653,-0.009018425853920653,-0.009018425853920653,0.0,-0.009518425853920653,-0.009518425853920653,-0.009018425853920653,-0.009018425853920653
2021-05-12,-0.02253646850701438,-0.025868977432496276,-0.025868977432496276,-0.025868977432496273,-0.025868977432496276,-0.025868977432496276,-0.025868977432496276,0.0,-0.0005,-0.0005,-0.025868977432496276,-0.025868977432496276
2021-05-13,0.010969563413308119,0.0169193828313714,-0.0005,0.016919382831371396,-0.0005,0.0169193828313714,0.0169193828313714,0.0164193828313714,0.0164193828313714,0.0,0.0169193828313714,0.0169193828313714
2021-05-14,0.006062288646844561,0.009259089727460923,0.0,-0.010259089727460924,0.0,0.009259089727460923,0.009259089727460923,0.009259089727460923,0.009259089727460923,0.008759089727460923,-0.0005,0.009259089727460923
2021-05-17,-0.0029564556591152886,-0.004515470941367394,-0.005015470941367395,0.004515470941367394,-0.005015470941367395,-0.004515470941367394,-0.004515470941367394,-0.004515470941367394,-0.004515470941367394,-0.004515470941367394,0.0,-0.004515470941367394
2021-05-18,0.014236542608608299,0.02174383852384465,-0.0005,0.020743838523844645,-0.0005,0.02174383852384465,0.02174383852384465,0.02174383852384465,0.02174383852384465,-0.0005,0.0,0.02174383852384465
2021-05-19,-1.3723142369357186e-05,7.065440106268639e-05,-0.0004293455989373136,-0.0010706544010626864,-0.0004293455989373136,7.065440106268639e-05,7.065440106268639e-05,7.065440106268639e-05,-0.0005,-0.0004293455989373136,0.0,7.065440106268639e-05
2021-05-20,0.0019363282564810965,0.0035229931087532584,0.0035229931087532584,0.0025229931087532584,0.0035229931087532584,0.0035229931087532584,0.0035229931087532584,0.0035229931087532584,-0.004022993108753259,0.0035229931087532584,0.0030229931087532584,0.0035229931087532584
2021-05-21,-0.0025857313554670225,-0.004704529676673896,-0.004704529676673896,0.0037045296766738964,-0.004704529676673896,-0.004704529676673896,-0.004704529676673896,-0.004704529676673896,0.004704529676673896,-0.004704529676673896,-0.004704529676673896,-0.004704529676673896
2021-05-24,3.892473588333191e-05,7.082041788009079e-05,7.082041788009086e-05,-0.0009291795821199092,7.082041788009086e-05,7.082041788009086e-05,7.082041788009079e-05,7.082041788009086e-05,-0.0009291795821199092,-0.0005,7.082041788009086e-05,7.082041788009086e-05
2021-05-25,0.0022486095073264733,0.00409116366095108,0.00409116366095108,0.00409116366095108,0.00409116366095108,0.00409116366095108,0.00409116366095108,0.00409116366095108,0.00409116366095108,0.0035911636609510804,0.00409116366095108,0.00409116366095108
2021-05-26,-0.000656286418075615,-0.0011940602119036026,-0.0011940602119036026,0.00019406021190360254,-0.0011940602119036026,-0.0011940602119036026,-0.0011940602119036026,-0.0011940602119036026,-0.0011940602119036026,-0.0011940602119036026,-0.0011940602119036026,-0.0011940602119036026
2021-05-27,-0.0018557764988659895,-0.0033764356818158925,-0.0033764356818158925,0.0033764356818158925,-0.0033764356818158925,-0.0033764356818158925,-0.003376435681815892,-0.0033764356818158925,-0.0033764356818158925,-0.0005,-0.0033764356818158925,-0.0033764356818158925
2021-05-28,0.001318878737827579,0.002399593503372044,0.002399593503372044,0.0013995935033720439,0.002399593503372044,0.002399593503372044,0.002399593503372044,0.002399593503372044,-0.0005,0.0,0.002399593503372044,0.002399593503372044
2021-06-01,-0.0016247806047038494,-0.002605116807549046,-0.002605116807549046,-0.002605116807549046,-0.002605116807549046,-0.002605116807549046,-0.002605116807549046,-0.002605116807549046,-0.003105116807549046,0.0,-0.002605116807549046,-0.002605116807549046
2021-06-02,-0.001338603173431991,-0.002188109768360702,-0.002188109768360702,-0.002188109768360702,-0.002188109768360702,-0.002188109768360702,-0.002188109768360702,-0.002188109768360702,-0.002188109768360702,0.0,-0.002188109768360702,-0.002188109768360702
2021-06-03,0.00108206863513463,0.0017687728503619216,0.0017687728503619216,0.0017687728503619216,0.0017687728503619216,0.0017687728503619216,0.0017687728503619216,0.0017687728503619216,0.0017687728503619216,0.0,0.0017687728503619216,0.0017687728503619216
2021-06-04,0.0010799995991997119,0.00176539075936577,0.0017653907593657703,-0.0027653907593657703,0.0017653907593657703,0.0017653907593657703,0.0017653907593657703,0.0017653907593657703,0.0017653907593657703,0.0,0.0017653907593657703,0.0017653907593657703
2021-06-07,-0.004097230144222292,-0.006697421222160438,-0.006697421222160438,0.006697421222160438,-0.006697421222160438,-0.006697421222160438,-0.006697421222160438,-0.006697421222160438,-0.006697421222160438,-0.007197421222160438,-0.006697421222160438,-0.006697421222160438
2021-06-08,-0.004645665836922713,-0.007593906095596625,-0.007593906095596625,-0.008593906095596626,-0.007593906095596625,-0.007593906095596625,-0.007593906095596625,-0.007593906095596625,-0.007593906095596625,-0.0005,-0.007593906095596625,-0.007593906095596625
2021-06-09,-0.003281333137027037,-0.00536373828545933,-0.0005,-0.005363738285459329,-0.0005,-0.00536373828545933,-0.00536373828545933,-0.00536373828545933,-0.0005,0.0,-0.00536373828545933,-0.00536373828545933
2021-06-10,0.003518898937336653,0.00575206849309895,0.0,0.005752068493098949,0.0,0.00575206849309895,0.00575206849309895,0.00575206849309895,0.0,0.0,-0.0005,0.00575206849309895
2021-06-11,0.0038049819633898152,0.006219706009797932,0.0,-0.007219706009797932,0.0,0.006219706009797932,0.006219706009797932,0.006219706009797932,0.005719706009797931,0.0,0.0,0.006219706009797932
2021-06-14,-0.0015440542473144066,-0.0013499354221959692,-0.0018499354221959692,0.001349935422195969,-0.0018499354221959692,-0.0013499354221959692,-0.0013499354221959692,-0.0013499354221959692,-0.0005,-0.0018499354221959692,0.0,-0.0013499354221959692
2021-06-15,-0.003983947640887497,-0.003983947640887497,-0.003983947640887497,0.0039839476408874966,-0.003983947640887497,-0.003983947640887497,-0.003983947640887497,-0.003983947640887497,0.0,-0.003983947640887497,0.0,-0.003983947640887497
2021-06-16,-0.0203573317286172,-0.0203573317286172,-0.0005,-0.0213573317286172,-0.0005,-0.0203573317286172,-0.0203573317286172,-0.0203573317286172,0.0,-0.0005,0.0,-0.0203573317286172
2021-06-17,0.004156108562188177,0.004156108562188177,0.0,0.004156108562188177,0.0,0.004156108562188177,0.004156108562188177,0.004156108562188177,0.0,0.0,0.0,0.004156108562188177
2021-06-18,-0.01851591908067385,-0.01851591908067385,0.0,-0.01851591908067385,0.0,-0.01851591908067385,-0.01851591908067385,-0.01851591908067385,0.0,0.0,0.0,-0.01851591908067385
2021-06-21,0.009099673872493552,0.009099673872493552,0.0,0.009099673872493552,0.0,0.009099673872493552,0.009099673872493552,0.009099673872493552,0.0,0.0,0.0,0.009099673872493552
2021-06-22,0.004618757320039579,0.004618757320039579,0.0,0.004618757320039579,0.0,0.004618757320039579,0.004618757320039579,0.004618757320039579,0.0,0.0,0.0,0.004618757320039579
2021-06-23,-0.007808551464982383,-0.007808551464982383,0.0,-0.007808551464982383,0.0,-0.007808551464982383,-0.007808551464982383,-0.007808551464982383,-0.008308551464982383,-0.008308551464982383,0.0,-0.007808551464982383
2021-06-24,0.0069873857604607625,0.0069873857604607625,0.0,0.0069873857604607625,0.0,0.0069873857604607625,0.0069873857604607625,0.0069873857604607625,0.0069873857604607625,-0.0005,0.0,0.0069873857604607625
2021-06-25,0.011832498963550098,0.011832498963550098,0.0,0.011832498963550098,0.0,0.011832498963550098,0.011832498963550096,0.011832498963550098,-0.0005,0.011332498963550097,0.0,0.011832498963550098
2021-06-28,-0.003103882028297922,-0.003103882028297922,0.0,-0.003103882028297922,0.0,-0.003103882028297922,-0.003103882028297922,-0.003103882028297922,0.002603882028297922,-0.003103882028297922,0.0,-0.003103882028297922
2021-06-29,-0.005792975436232917,-0.005792975436232917,0.0,-0.005792975436232917,0.0,-0.005792975436232917,-0.005792975436232917,-0.005792975436232917,-0.0005,-0.005792975436232917,0.0,-0.005792975436232917
2021-06-30,0.027093976196322034,0.027093976196322034,0.0,0.027093976196322034,0.0,0.027093976196322034,0.027093976196322034,0.027093976196322034,0.0,-0.0005,0.0,0.027093976196322034
2021-07-01,-0.0120551450572145,-0.0120551450572145,-0.0125551450572145,0.0110551450572145,-0.0125551450572145,-0.0120551450572145,-0.0120551450572145,-0.0005,0.0,-0.0125551450572145,0.0,-0.0120551450572145
2021-07-02,0.005670456010543834,0.005670456010543834,-0.0005,0.004670456010543834,-0.0005,0.005670456010543834,0.005670456010543834,0.0,0.0,-0.0005,0.0051704560105438335,0.005670456010543834
2021-07-06,-0.0012130650068447046,-0.0012130650068447046,0.0,-0.0012130650068447046,0.0,-0.0012130650068447046,-0.0012130650068447046,0.0,0.0,-0.0017130650068447047,-0.0012130650068447046,-0.0012130650068447046
2021-07-07,-0.001643646068504534,-0.0016436460685045338,0.0,-0.001643646068504534,0.0,-0.001643646068504534,-0.001643646068504534,0.0,0.001143646068504534,-0.0005,-0.001643646068504534,-0.001643646068504534
2021-07-08,-0.0008590157753455285,-0.0008590157753455286,0.0,-0.0008590157753455285,0.0,-0.0008590157753455285,-0.0008590157753455285,0.0,-0.0005,0.0,-0.0008590157753455285,-0.0008590157753455285
2021-07-09,0.0050863468386443955,0.0050863468386443955,0.0,0.0050863468386443955,0.0,0.0050863468386443955,0.0050863468386443955,0.0,-0.005586346838644396,0.0,0.0050863468386443955,0.0050863468386443955
2021-07-12,-0.0017819234559031116,-0.0017819234559031116,0.0,-0.0017819234559031114,0.0,-0.0017819234559031116,-0.0017819234559031116,0.0,0.0017819234559031116,-0.0022819234559031116,-0.0017819234559031116,-0.0017819234559031116
2021-07-13,0.0037844631835100007,0.0037844631835100007,0.0,0.0037844631835100007,0.0,0.0037844631835100007,0.0037844631835100007,0.0,-0.0037844631835100007,0.0037844631835100007,0.0037844631835100007,0.0037844631835100007
2021-07-14,0.00689987612440035,0.00689987612440035,0.00639987612440035,-0.007899876124400351,0.00639987612440035,0.00689987612440035,0.00689987612440035,0.0,-0.0005,0.00689987612440035,-0.0005,0.00689987612440035
2021-07-15,0.0007771018592568346,0.0007771018592568346,0.0007771018592568346,-0.0007771018592568346,0.0007771018592568346,0.0007771018592568346,0.0007771018592568346,0.0,0.0,0.0007771018592568346,0.0002771018592568346,0.0007771018592568346
2021-07-16,-0.0007058919797102714,-0.0007058919797102714,-0.0007058919797102714,0.0007058919797102714,-0.0007058919797102714,-0.0007058919797102714,-0.0007058919797102714,0.0,0.0,-0.0007058919797102714,-0.0007058919797102714,-0.0007058919797102714
2021-07-19,-0.0023311408562580738,-0.0023311408562580738,-0.0023311408562580738,0.0023311408562580738,-0.0023311408562580738,-0.0023311408562580738,-0.0023311408562580738,0.0,0.0,-0.0023311408562580738,-0.0023311408562580738,-0.0023311408562580738
2021-07-20,0.004531705837209854,0.004531705837209853,0.004531705837209854,-0.004531705837209854,0.004531705837209854,0.004531705837209854,0.004531705837209854,0.0,-0.005031705837209854,0.004531705837209854,0.004531705837209854,0.004531705837209854
2021-07-21,-0.004933928997136627,-0.004933928997136627,-0.004933928997136627,0.004933928997136627,-0.004933928997136627,-0.004933928997136627,-0.004933928997136627,0.0,-0.0005,-0.004933928997136627,-0.004933928997136627,-0.004933928997136627
2021-07-22,0.0007080820616438555,0.0007080820616438552,0.0007080820616438555,-0.0007080820616438555,0.0007080820616438555,0.0007080820616438555,0.0007080820616438555,0.0,0.0,-0.0005,0.0007080820616438555,0.0007080820616438555
2021-07-23,0.00821122908167582,0.008211229081675818,0.00821122908167582,-0.00821122908167582,0.00821122908167582,0.00821122908167582,0.008211229081675818,0.0,0.0,0.0,0.00821122908167582,0.00821122908167582
2021-07-26,0.0014042374369167554,0.0014042374369167554,0.0014042374369167554,-0.0014042374369167554,0.0014042374369167554,0.0014042374369167554,0.0014042374369167554,0.0,0.0,0.0009042374369167554,0.0014042374369167554,0.0014042374369167554
2021-07-27,7.004054636094992e-05,7.004054636094992e-05,7.004054636094992e-05,-7.004054636094992e-05,7.004054636094992e-05,7.004054636094992e-05,7.004054636094992e-05,0.0,0.0,7.004054636094992e-05,7.004054636094992e-05,7.004054636094992e-05
2021-07-28,-0.004066267603526907,-0.004066267603526907,-0.004066267603526907,0.004066267603526907,-0.004066267603526907,-0.004066267603526907,-0.004066267603526907,0.0,0.0,-0.004066267603526907,-0.004066267603526907,-0.004066267603526907
2021-07-29,0.0012670796675586793,0.0012670796675586793,0.0012670796675586793,-0.0012670796675586793,0.0012670796675586793,0.0012670796675586793,0.0012670796675586793,0.0,0.0,-0.0005,0.0012670796675586793,0.0012670796675586793
2021-07-30,0.0021794455751100728,0.0021794455751100728,0.0021794455751100728,-0.0021794455751100728,0.0021794455751100728,0.0021794455751100728,0.0021794455751100728,0.0,0.0,0.0,0.0021794455751100728,0.0021794455751100728
2021-08-02,-0.002314865645667963,-0.002314865645667963,-0.002314865645667963,0.002314865645667963,-0.002314865645667963,-0.002314865645667963,-0.002314865645667963,0.0,0.0,-0.002814865645667963,-0.002314865645667963,-0.002314865645667963
2021-08-03,0.011250057066628294,0.011250057066628294,0.011250057066628294,-0.011250057066628294,0.011250057066628294,0.011250057066628294,0.011250057066628294,0.0,0.0,-0.0005,0.011250057066628294,0.011250057066628294
2021-08-04,-0.006813811810108317,-0.006813811810108317,-0.006813811810108317,0.006813811810108317,-0.006813811810108317,-0.006813811810108317,-0.006813811810108317,0.0,0.0,-0.007313811810108317,-0.006813811810108317,-0.006813811810108317
2021-08-05,0.018551944863518077,0.018551944863518077,0.018551944863518077,-0.018551944863518077,0.018551944863518077,0.018551944863518077,0.018551944863518077,0.0,0.0,-0.0005,0.018551944863518077,0.018551944863518077
2021-08-06,-0.001786937572072711,-0.001786937572072711,-0.001786937572072711,0.001786937572072711,-0.001786937572072711,-0.001786937572072711,-0.001786937572072711,0.0,0.001286937572072711,-0.002286937572072711,-0.001786937572072711,-0.001786937572072711
2021-08-09,0.002409889716582958,0.002409889716582958,0.002409889716582958,-0.002409889716582958,0.002409889716582958,0.002409889716582958,0.002409889716582958,0.0,-0.0005,0.002409889716582958,0.002409889716582958,0.002409889716582958
2021-08-10,0.021294262606952996,0.021294262606952996,0.021294262606952996,-0.021294262606952996,0.021294262606952996,0.021294262606952996,0.021294262606952996,0.0,0.0,0.021294262606952996,0.021294262606952996,0.021294262606952996
2021-08-11,0.008945464510013545,0.008945464510013545,0.008945464510013545,-0.008945464510013545,0.008945464510013545,0.008945464510013545,0.008945464510013545,0.0,0.0,0.008945464510013545,0.008945464510013545,0.008945464510013545
2021-08-12,-0.0024221277288249653,-0.00267634369424119,-0.00267634369424119,0.00267634369424119,-0.00267634369424119,-0.00267634369424119,-0.00267634369424119,0.0,0.00217634369424119,-0.00267634369424119,-0.00267634369424119,-0.00267634369424119
2021-08-13,0.002784759529433925,0.0031530650908233593,0.0031530650908233593,0.0021530650908233593,0.0031530650908233593,0.0031530650908233593,0.0031530650908233593,0.0,-0.0005,0.0031530650908233593,0.0031530650908233593,0.0031530650908233593
2021-08-16,0.007205931437750384,0.008158970504665408,0.008158970504665408,-0.009158970504665409,0.008158970504665408,0.008158970504665408,0.008158970504665408,0.0,0.0,0.008158970504665408,0.008158970504665408,0.008158970504665408
2021-08-17,-0.00029306196306420104,-0.0003318216296305243,-0.0003318216296305243,0.0003318216296305243,-0.0003318216296305243,-0.0003318216296305243,-0.0003318216296305243,0.0,0.0,-0.0003318216296305243,-0.0003318216296305243,-0.0003318216296305243
2021-08-18,-0.009376740404595053,-0.010616885416117605,-0.010616885416117605,0.010616885416117605,-0.010616885416117605,-0.010616885416117605,-0.010616885416117605,0.0,0.0,-0.010616885416117605,-0.010616885416117605,-0.010616885416117605
2021-08-19,0.005982533723236014,0.006773769166791732,0.006773769166791732,0.005773769166791732,0.006773769166791732,0.006773769166791732,0.006773769166791732,0.0,0.0,-0.0005,0.006773769166791732,0.006773769166791732
2021-08-20,0.0078839780443829,0.008926693915870976,0.008926693915870976,0.008926693915870976,0.008926693915870976,0.008926693915870976,0.008926693915870976,0.0,0.0,0.0,0.008926693915870976,0.008926693915870976
2021-08-23,-0.0058312370906295945,-0.006602462407415133,-0.006602462407415133,0.005602462407415133,-0.006602462407415133,-0.006602462407415133,-0.006602462407415133,0.0,0.0,-0.007102462407415133,-0.006602462407415133,-0.006602462407415133
2021-08-24,-0.008134103654029872,-0.010302607515530027,-0.010302607515530027,-0.011302607515530028,-0.010302607515530027,-0.010302607515530027,-0.010302607515530027,0.0,0.0,-0.0005,-0.010302607515530027,-0.010302607515530027
2021-08-25,0.0003160212803407501,0.00040270774732964476,0.00040270774732964476,0.00040270774732964476,0.00040270774732964476,0.00040270774732964476,0.00040270774732964476,0.0,0.0,0.0,0.00040270774732964476,0.00040270774732964476
2021-08-26,-0.008481582422354712,-0.010808129589926052,-0.010808129589926052,-0.010808129589926052,-0.010808129589926052,-0.010808129589926052,-0.010808129589926052,0.0,0.0,0.0,-0.0005,-0.010808129589926052
2021-08-27,-0.0044204255987009165,-0.00563297393508344,-0.005632973935083441,-0.005632973935083441,-0.005632973935083441,-0.005632973935083441,-0.005632973935083441,-0.006132973935083441,0.0,0.0,0.0,-0.005632973935083441
2021-08-30,0.005567685258292529,0.008053695627826318,0.008053695627826318,0.008053695627826318,0.008053695627826318,0.008053695627826318,0.008053695627826318,0.008053695627826318,0.0,0.0,0.0,0.008053695627826318
2021-08-31,0.0018869329454399282,0.0027080703167878806,0.0027080703167878806,-0.0037080703167878806,0.0027080703167878806,0.0027080703167878806,0.0027080703167878806,0.0027080703167878806,0.0,0.0,0.0,0.0027080703167878806
2021-09-01,-0.0015054350489582906,-0.002160555826739019,-0.002160555826739019,0.002160555826739019,-0.002160555826739019,-0.002160555826739019,-0.002160555826739019,-0.002160555826739019,0.0,-0.002660555826739019,0.0,-0.002160555826739019
2021-09-02,0.0036776191671397977,0.005278010184224913,0.005278010184224913,0.004278010184224913,0.005278010184224913,0.005278010184224913,0.005278010184224913,0.005278010184224913,0.0,-0.0005,0.0,0.005278010184224913
2021-09-03,0.0032363340651627476,0.004644690866337786,0.004644690866337786,-0.005644690866337786,0.004644690866337786,0.004644690866337786,0.004644690866337786,0.004644690866337786,0.0,0.004144690866337786,0.0,0.004644690866337786
2021-09-07,-0.010634644989866717,-0.013266517519560872,-0.013266517519560872,0.013266517519560872,-0.013266517519560872,-0.013266517519560872,-0.013266517519560872,-0.013266517519560872,0.0,-0.013266517519560872,-0.013766517519560872,-0.013266517519560872
2021-09-08,0.001029428285154779,0.0012903210862851289,0.0012903210862851289,0.00029032108628512885,0.0012903210862851289,0.0012903210862851289,0.0012903210862851287,0.0012903210862851289,0.0,-0.0005,0.0012903210862851289,0.0012903210862851289
2021-09-09,-0.005626678423557454,-0.007052673722259484,-0.007052673722259484,-0.007052673722259484,-0.007052673722259484,-0.007052673722259484,-0.007052673722259484,-0.007052673722259484,0.0,0.0,-0.007052673722259484,-0.007052673722259484
2021-09-10,-0.002888085672396776,-0.0036200266651224,-0.0036200266651224,-0.0036200266651224,-0.0036200266651224,-0.0036200266651224,-0.0036200266651224,-0.0036200266651224,0.0,0.0,-0.0005,-0.0036200266651224
2021-09-13,-0.005226824253591556,-0.00568926350049781,-0.00568926350049781,0.004689263500497809,-0.0005,-0.00568926350049781,-0.00568926350049781,-0.00568926350049781,0.0,0.0,0.0,-0.00568926350049781
2021-09-14,-0.004761980742470329,-0.005238993544837034,-0.005238993544837034,0.005238993544837034,0.0,-0.005238993544837034,-0.005238993544837034,-0.005238993544837034,0.0,0.0,0.0,-0.005238993544837034
2021-09-15,0.0015748392583175579,0.0017325926236739786,0.0017325926236739786,-0.0017325926236739786,0.0,0.0017325926236739786,0.0017325926236739786,0.0017325926236739786,0.0,0.0,0.0,0.0017325926236739786
2021-09-16,0.003018213407086894,0.0033205511344562844,0.0033205511344562844,-0.0033205511344562844,0.0,0.0033205511344562844,0.0033205511344562844,0.0033205511344562844,0.0,0.0,0.0,0.0033205511344562844
2021-09-17,-0.001880264350817577,-0.0020686124806565953,-0.0020686124806565953,0.0020686124806565953,0.0,0.0010686124806565953,-0.0020686124806565953,-0.0020686124806565953,0.0,0.0,0.0,-0.0020686124806565953
2021-09-20,-0.012497702997159223,-0.013749611531070904,-0.013749611531070904,0.013749611531070904,0.0,0.013749611531070904,-0.013749611531070904,-0.013749611531070904,0.0,0.0,0.0,-0.013749611531070904
2021-09-21,0.0017827366439892333,0.001961315317112966,0.001961315317112966,-0.001961315317112966,0.0,-0.001961315317112966,0.001961315317112966,0.001961315317112966,0.001461315317112966,0.0,0.0,0.001961315317112966
2021-09-22,-0.002372528174601483,-0.002307317442568513,-0.002307317442568513,0.002307317442568513,0.0,0.002307317442568513,-0.002307317442568513,-0.002307317442568513,-0.0005,0.0,0.0018073174425685128,-0.002307317442568513
2021-09-23,0.0005646996713431469,0.0005607674522647432,0.0005607674522647432,-0.0005607674522647432,0.0,-0.0005607674522647432,0.0005607674522647432,0.0005607674522647432,0.0,0.0,-0.0005607674522647432,0.0005607674522647432
2021-09-24,0.0028214003427349706,0.0028017538566140754,0.0028017538566140754,-0.0028017538566140754,0.0,-0.0028017538566140754,0.0028017538566140754,0.0028017538566140754,0.0,0.0,-0.0028017538566140754,0.0028017538566140754
2021-09-27,-0.006470987558865099,-0.0064259276057141435,-0.0064259276057141435,0.0064259276057141435,0.0,0.0064259276057141435,-0.0064259276057141435,-0.0064259276057141435,0.0,0.0,0.0064259276057141435,-0.0064259276057141435
2021-09-28,-0.012388511352834416,-0.012302245425711122,-0.012302245425711122,0.012302245425711122,0.0,0.012302245425711122,-0.012302245425711122,-0.012302245425711122,0.0,0.0,0.012302245425711122,-0.012302245425711122
2021-09-29,-0.00043021354717983083,-0.00042721780625087913,-0.0005,-0.0014272178062508791,0.0,0.00042721780625087913,-0.00042721780625087913,-0.00042721780625087913,-0.0009272178062508791,0.0,0.00042721780625087913,-0.00042721780625087913
2021-09-30,-0.007600484752593926,-0.0075475596799120526,0.0,-0.0075475596799120526,0.0,0.0075475596799120526,-0.0075475596799120526,-0.0075475596799120526,-0.0075475596799120526,0.0,0.0075475596799120526,-0.0075475596799120526
2021-10-01,-0.01683419921342775,-0.016716976267008743,0.0,-0.016716976267008743,0.0,0.016716976267008743,-0.016716976267008743,-0.016716976267008743,-0.016716976267008743,0.0,0.016716976267008743,-0.016716976267008743
2021-10-04,-0.009699107579543257,-0.0005,0.0,-0.009631568996109952,0.0,0.009631568996109952,0.00863156899610995,-0.009631568996109952,-0.0005,0.0,0.009631568996109952,-0.009631568996109952
2021-10-05,0.0066032532534772625,0.0,0.0,0.00655727228387426,0.0,-0.00655727228387426,-0.00655727228387426,0.00655727228387426,0.0,0.0,-0.00655727228387426,0.00655727228387426
2021-10-06,0.007371016371577312,0.0,0.0,0.007319689174707155,0.0,-0.007319689174707156,-0.007319689174707156,0.007319689174707156,0.006819689174707155,0.0,-0.007319689174707156,0.007319689174707156
2021-10-07,0.011853947063719974,0.0,0.0,0.011771403511520838,0.0,-0.01177140351152084,-0.01177140351152084,0.01177140351152084,0.01177140351152084,0.0,-0.01177140351152084,0.01177140351152084
2021-10-08,0.002552052872429716,0.002516448991380427,0.0,0.0030164489913804267,0.0,-0.003016448991380427,0.002016448991380427,0.003016448991380427,-0.0005,0.002516448991380427,-0.003016448991380427,0.003016448991380427
2021-10-11,-0.0008088398258289099,-0.0009308424451244246,0.0,-0.0009308424451244245,0.0,0.0009308424451244246,-0.0009308424451244246,-0.0009308424451244246,0.0,-0.0009308424451244246,0.0009308424451244246,-0.0009308424451244246
2021-10-12,-0.0009341696092769196,-0.0005,0.0,7.507654234151315e-05,0.0,0.0010750765423415132,7.507654234151315e-05,-0.0010750765423415132,0.0005750765423415132,-0.0010750765423415132,-0.0005,-0.0010750765423415132
2021-10-13,-0.006296652552227128,0.0,0.0,0.007246417981220721,0.0,0.007246417981220721,0.007246417981220721,-0.007246417981220721,0.007246417981220721,-0.007246417981220721,0.0,-0.007246417981220721
2021-10-14,0.009419628755878496,0.0,0.0,-0.010840453181568455,0.0,-0.010840453181568455,-0.010840453181568455,0.010840453181568455,-0.010840453181568455,-0.0005,0.0,0.010840453181568455
2021-10-15,0.004224689172810564,0.0,0.0,0.0038619267671192734,0.0,-0.004861926767119273,-0.004861926767119273,0.004861926767119273,-0.004861926767119273,0.004361926767119273,0.0,0.004861926767119273
2021-10-18,0.006985966573824164,0.0,0.0,0.008039705760620519,0.007539705760620519,-0.008039705760620519,-0.008039705760620519,0.008039705760620519,0.007039705760620519,0.008039705760620519,0.0,0.008039705760620519
2021-10-19,0.016473654678036066,0.0,0.0,0.021245151818400254,0.021245151818400254,-0.021245151818400254,-0.021245151818400254,0.021245151818400254,-0.022245151818400255,0.021245151818400254,0.0,0.021245151818400254
2021-10-20,0.00703971343616342,0.00855361602823551,0.008553616028235511,-0.010053616028235512,0.009053616028235512,-0.009053616028235512,0.00805361602823551,0.009053616028235512,-0.009053616028235512,0.009053616028235512,0.0,0.009053616028235512
2021-10-21,0.003803936995736152,0.005548046605961199,0.005548046605961199,-0.005548046605961199,0.005548046605961199,-0.005548046605961199,0.005548046605961199,0.005548046605961199,0.004548046605961199,0.005548046605961199,0.0,0.005548046605961199
2021-10-22,0.007224693079926343,0.0104217121866792,0.0104217121866792,-0.010421712186679198,0.0104217121866792,-0.0104217121866792,0.0104217121866792,0.0104217121866792,-0.0114217121866792,0.0104217121866792,0.0,0.0104217121866792
2021-10-25,0.008037877508021016,0.011594741126529806,0.011594741126529806,-0.011594741126529806,0.011594741126529806,0.010594741126529805,0.011594741126529806,0.011594741126529806,-0.011594741126529806,0.011594741126529806,0.0,0.011594741126529806
2021-10-26,-0.0060517945209821525,-0.008729791011584553,-0.008729791011584553,0.008729791011584553,-0.008729791011584553,-0.008729791011584553,-0.008729791011584553,-0.008729791011584553,-0.009729791011584554,-0.008729791011584553,0.0,-0.008729791011584553
2021-10-27,-0.005685684713481794,-0.008201672930957636,-0.008201672930957637,0.008201672930957637,-0.008201672930957637,-0.008201672930957637,-0.008201672930957637,-0.008201672930957637,-0.008201672930957637,-0.008201672930957637,-0.008701672930957638,-0.008201672930957637
2021-10-28,0.0043231407140518,0.006236185782001691,0.006236185782001691,-0.006236185782001691,0.006236185782001691,0.006236185782001691,0.006236185782001691,0.006236185782001691,-0.007236185782001691,-0.0005,0.006236185782001691,0.006236185782001691
2021-10-29,0.004529600798310259,0.006534007094599392,0.006534007094599392,-0.006534007094599392,0.006534007094599392,0.006534007094599392,0.006534007094599392,0.006534007094599392,-0.006534007094599392,0.006034007094599392,0.006534007094599392,0.006534007094599392
2021-11-01,0.001716675260534578,0.0024763260231763784,0.0024763260231763784,-0.0024763260231763784,0.0024763260231763784,0.0024763260231763784,0.0024763260231763784,0.0024763260231763784,0.0014763260231763784,0.0024763260231763784,0.0024763260231763784,0.0024763260231763784
2021-11-02,-0.00042326621023649157,-0.0004671697742457681,-0.0004671697742457681,0.0004671697742457681,-0.0004671697742457681,-0.0004671697742457681,-0.0004671697742457681,-0.0004671697742457681,-0.0005328302257542319,-0.0004671697742457681,-0.0004671697742457681,-0.0004671697742457681
2021-11-03,0.002445651490187321,0.0030723608600853325,0.0030723608600853325,-0.0030723608600853325,0.0030723608600853325,0.0030723608600853325,0.0030723608600853325,0.0030723608600853325,-0.0030723608600853325,0.0030723608600853325,0.0030723608600853325,0.0030723608600853325
2021-11-04,0.005830392420767946,0.00732445712088503,0.007324457120885031,-0.007324457120885031,0.007324457120885031,0.007324457120885031,0.007324457120885031,0.007324457120885031,-0.007324457120885031,0.007324457120885031,0.007324457120885031,0.007324457120885031
2021-11-05,-0.005524916375826091,-0.006940701443537423,-0.006940701443537423,0.006940701443537423,-0.006940701443537423,-0.006940701443537423,-0.006940701443537423,0.0059407014435374226,-0.007940701443537423,-0.006940701443537423,-0.006940701443537423,-0.006940701443537423
2021-11-08,-0.00508681569634364,-0.006390335463012708,-0.0063903354630127085,0.0063903354630127085,-0.0063903354630127085,-0.0063903354630127085,-0.0063903354630127085,0.0063903354630127085,-0.0063903354630127085,-0.0063903354630127085,-0.0063903354630127085,-0.0063903354630127085
2021-11-09,0.0027730523402885745,0.0034836596741010246,0.003483659674101025,-0.003483659674101025,0.003483659674101025,0.003483659674101025,0.003483659674101025,-0.003483659674101025,0.003483659674101025,-0.0005,0.003483659674101025,0.003483659674101025
2021-11-10,-0.009114610611955799,-0.009012619114466047,-0.009012619114466047,-0.010012619114466048,-0.009012619114466047,-0.009012619114466047,-0.009012619114466047,0.009012619114466047,-0.0005,0.0,-0.009012619114466047,-0.009012619114466047
2021-11-11,0.00040436610340210954,0.00040436610340210954,0.00040436610340210954,0.00040436610340210954,0.00040436610340210954,0.00040436610340210954,-0.0014043661034021096,-0.00040436610340210954,0.0,0.0,0.00040436610340210954,0.00040436610340210954
2021-11-12,-0.004983415959564974,-0.004983415959564973,-0.004983415959564974,-0.004983415959564974,-0.004983415959564974,-0.004983415959564974,0.004983415959564974,0.004983415959564974,0.0,0.0,-0.0005,-0.004983415959564974
2021-11-15,-0.0057524785250833155,-0.0057524785250833155,-0.0057524785250833155,-0.0057524785250833155,-0.0005,-0.0057524785250833155,0.0057524785250833155,0.0057524785250833155,0.0,0.0,0.0,-0.0057524785250833155
2021-11-16,-0.025457762991114907,-0.0005,-0.025457762991114907,-0.025457762991114907,0.0,-0.025457762991114907,0.025457762991114907,0.025457762991114907,0.0,0.0,0.0,-0.025457762991114907
2021-11-17,-0.008591360630201605,0.0,-0.008591360630201605,-0.008591360630201605,0.0,-0.008591360630201605,0.008591360630201605,0.008591360630201605,0.0,0.0,0.0,-0.008591360630201605
2021-11-18,0.008595517089282856,0.0,0.008595517089282856,0.008595517089282856,0.0,0.008595517089282856,-0.008595517089282856,-0.008595517089282856,0.0,0.0,-0.009095517089282856,0.008595517089282856
2021-11-19,-0.005378814227055995,0.0,-0.005378814227055995,-0.005378814227055995,0.0,-0.005378814227055995,0.005378814227055995,0.005378814227055995,-0.005878814227055995,0.0,0.005378814227055995,-0.005378814227055995
2021-11-22,0.01678505695122534,0.0,0.01678505695122534,0.01678505695122534,0.0,-0.017785056951225342,-0.01678505695122534,-0.01678505695122534,-0.0005,0.0,-0.01678505695122534,0.01678505695122534
2021-11-23,0.0071140563028953,0.0,0.0071140563028953,0.007114056302895299,0.0,-0.0071140563028953,-0.0071140563028953,-0.0071140563028953,0.006614056302895299,0.006614056302895299,-0.0071140563028953,0.0071140563028953
2021-11-24,0.005006674953891954,0.0,0.005006674953891954,0.005006674953891953,0.0,-0.005006674953891954,-0.005006674953891954,-0.005006674953891954,-0.0005,0.005006674953891954,-0.005006674953891954,0.005006674953891954
2021-11-26,-0.011191711050671516,0.0,-0.011191711050671516,-0.011191711050671514,0.0,-0.012191711050671517,0.011191711050671516,0.011191711050671516,0.010691711050671515,-0.011191711050671516,0.011191711050671516,-0.011191711050671516
2021-11-29,-0.015665896665734813,0.0,-0.015665896665734813,0.014665896665734812,0.0,-0.015665896665734813,0.015665896665734813,0.015665896665734813,-0.0005,-0.0005,-0.0005,-0.015665896665734813
2021-11-30,-0.014022007592335739,0.0,-0.014022007592335739,0.014022007592335739,0.0,-0.014022007592335739,0.014022007592335739,0.014022007592335739,0.0,0.0,0.0,-0.014022007592335739
2021-12-01,-0.024817142770018452,0.0,-0.0005,0.02481714277001845,0.0,0.02381714277001845,0.024817142770018452,0.024817142770018452,0.0,0.0,0.0,-0.024817142770018452
2021-12-02,-0.01217735841044787,0.0,0.0,0.012177358410447868,0.0,0.01217735841044787,0.01217735841044787,0.01217735841044787,-0.01267735841044787,0.0,0.011677358410447869,-0.01217735841044787
2021-12-03,0.015058889590235491,0.0,0.0,-0.01505888959023549,0.0,-0.015058889590235491,-0.01505888959023549,-0.015058889590235491,-0.016058889590235492,0.0,-0.015058889590235491,0.015058889590235491
2021-12-06,0.01083542343494881,0.0,0.0,0.009835423434948809,0.0,-0.01083542343494881,-0.01083542343494881,-0.01083542343494881,0.009835423434948809,0.0,-0.01083542343494881,0.01083542343494881
2021-12-07,-0.003237527447201849,0.0,0.0,-0.003237527447201849,0.0,0.003237527447201849,0.003237527447201849,0.003237527447201849,-0.003237527447201849,-0.003737527447201849,0.003237527447201849,-0.003237527447201849
2021-12-08,-0.0101045539429796,0.0,0.0,-0.0101045539429796,0.0,0.0101045539429796,0.0101045539429796,0.0101045539429796,-0.0005,-0.0101045539429796,0.0101045539429796,-0.0101045539429796
2021-12-09,0.013909494395785815,0.0,0.0,-0.014909494395785813,0.0,-0.013909494395785815,-0.013909494395785815,-0.013909494395785815,0.0,-0.0005,-0.013909494395785815,0.013909494395785815
2021-12-10,0.009070607935689902,0.0,0.0,0.017266714372622283,-0.018766714372622284,-0.018266714372622284,-0.018266714372622284,-0.018266714372622284,0.017766714372622283,0.017766714372622283,-0.018266714372622284,0.018266714372622284
2021-12-13,0.009184967751432738,0.0,0.0175105242499895,-0.019010524249989502,-0.0180105242499895,-0.0180105242499895,-0.0180105242499895,-0.0180105242499895,-0.019010524249989502,0.0180105242499895,-0.0005,0.0180105242499895
2021-12-14,0.004308710427424892,0.0,0.009542431017718123,-0.009542431017718123,0.008542431017718122,-0.009542431017718123,-0.009542431017718123,-0.009542431017718123,-0.009542431017718123,0.009542431017718123,0.0,0.009542431017718123
2021-12-15,0.0026023341084865613,0.005226442269738285,0.0057264422697382855,-0.0057264422697382855,0.0057264422697382855,-0.0057264422697382855,0.0047264422697382855,-0.0057264422697382855,-0.0057264422697382855,0.0057264422697382855,0.0,0.0057264422697382855
2021-12-16,-0.007575569024942777,-0.016670057292136664,-0.016670057292136664,0.016670057292136664,-0.016670057292136664,0.016670057292136664,-0.016670057292136664,0.016670057292136664,-0.017670057292136665,-0.016670057292136664,0.0,-0.016670057292136664
2021-12-17,-0.014551982127892535,-0.032021670581761974,-0.032021670581761974,0.032021670581761974,-0.032021670581761974,0.032021670581761974,0.031021670581761973,0.032021670581761974,0.031021670581761973,0.031021670581761973,0.0,-0.032021670581761974
2021-12-20,0.0014738494768687118,-0.0005,-0.0005,-0.0032432092082446125,-0.004243209208244613,-0.003243209208244613,-0.0032432092082446125,-0.003243209208244613,-0.003243209208244613,-0.003243209208244613,0.0,0.003243209208244613
2021-12-21,0.001371280615909141,0.0,0.0,-0.0030175061906949625,-0.003017506190694963,-0.003017506190694963,-0.003017506190694963,-0.003017506190694963,0.002017506190694963,-0.003017506190694963,0.002517506190694963,0.003017506190694963
2021-12-22,0.0005857318374524375,0.0,0.0,0.000288904273198721,-0.001288904273198721,-0.001288904273198721,-0.001288904273198721,-0.001288904273198721,-0.002288904273198721,-0.001288904273198721,0.001288904273198721,0.001288904273198721
2021-12-23,-0.0010076875659397336,0.0,0.0,-0.002217418836985119,0.002217418836985119,0.002217418836985119,0.002217418836985119,0.002217418836985119,0.002217418836985119,0.002217418836985119,-0.0005,-0.002217418836985119
2021-12-27,0.004137427556878111,0.0,0.0,0.009104418980030893,-0.009104418980030893,-0.009104418980030893,-0.009104418980030893,-0.009104418980030893,-0.009104418980030893,0.008104418980030892,0.0,0.009104418980030893
2021-12-28,0.006521673213849974,0.0,0.0,0.014350957104016793,0.013350957104016792,0.013350957104016792,-0.014350957104016793,-0.014350957104016793,-0.014350957104016793,0.014350957104016793,0.0,0.014350957104016793
2021-12-29,-0.00022279696062681585,0.0,-0.0009902652310254663,-0.0005097347689745338,-0.0004902652310254663,-0.0004902652310254663,-0.0014902652310254663,0.0004902652310254663,0.0004902652310254663,-0.0004902652310254663,0.0,-0.0004902652310254663
2021-12-30,0.0014647517414656014,0.0027231896202903343,0.0032231896202903343,-0.0032231896202903343,0.0032231896202903343,0.0032231896202903343,0.0032231896202903343,-0.0032231896202903343,-0.0032231896202903343,0.0032231896202903343,0.0,0.0032231896202903343
2021-12-31,0.0048246714356313634,0.010616700736657547,0.010616700736657547,-0.010616700736657547,0.010616700736657547,-0.011616700736657548,0.010616700736657547,-0.010616700736657547,-0.010616700736657547,0.010616700736657547,0.010116700736657547,0.010616700736657547
2022-01-03,-0.00016224217953204008,-0.0002764893715959671,-0.0002764893715959671,0.0002764893715959671,-0.0002764893715959671,0.0002764893715959671,-0.0002764893715959671,0.0002764893715959671,0.0002764893715959671,-0.0002764893715959671,-0.0002764893715959671,-0.0002764893715959671
2022-01-04,-0.009188803468284077,-0.01832011711560877,-0.01832011711560877,0.01832011711560877,-0.01832011711560877,-0.01932011711560877,-0.018320117115608766,0.01832011711560877,-0.01932011711560877,-0.01832011711560877,-0.01832011711560877,-0.01832011711560877
2022-01-05,0.006781811440389276,-0.0005,0.013521192424317707,-0.013521192424317707,0.013521192424317707,0.013521192424317707,0.013521192424317706,-0.013521192424317707,-0.014521192424317708,-0.014521192424317708,0.013521192424317707,0.013521192424317707
2022-01-06,-0.0013939932171864605,0.0,-0.0027792649048776763,0.0027792649048776763,-0.0027792649048776763,-0.0027792649048776763,-0.0027792649048776763,0.0027792649048776763,0.0027792649048776763,-0.0037792649048776763,-0.0027792649048776763,-0.0027792649048776763
2022-01-07,0.004787770251882459,0.0,0.009545585781637556,-0.009545585781637556,0.009545585781637556,0.009545585781637556,0.009545585781637556,-0.009545585781637556,0.008545585781637555,-0.010545585781637556,0.009545585781637556,0.009545585781637556
2022-01-10,-0.0009692416223728211,-0.002432419176934319,-0.001932419176934319,0.001932419176934319,-0.001932419176934319,-0.001932419176934319,-0.001932419176934319,0.001932419176934319,0.0009324191769343191,-0.002932419176934319,-0.001932419176934319,-0.001932419176934319
2022-01-11,-0.0030843588077427873,-0.0005,-0.0028351433253934744,-0.0038351433253934744,-0.0028351433253934744,-0.0028351433253934744,-0.0028351433253934744,0.0028351433253934744,-0.0038351433253934744,-0.0028351433253934744,-0.0028351433253934744,-0.0028351433253934744
2022-01-12,-0.005270559629664051,0.0,-0.005270559629664051,-0.005270559629664051,-0.005270559629664051,-0.005270559629664051,-0.005270559629664051,0.005270559629664051,-0.005270559629664051,-0.005270559629664051,-0.005270559629664051,-0.005270559629664051
2022-01-13,0.014152360307172707,0.0,0.014152360307172707,0.014152360307172707,0.014152360307172707,0.014152360307172707,0.014152360307172707,-0.014152360307172707,0.014152360307172707,-0.015152360307172708,0.014152360307172707,0.014152360307172707
2022-01-14,-0.0028186323677454883,-0.0033186323677454883,-0.0028186323677454883,0.0018186323677454883,-0.0028186323677454883,-0.0028186323677454883,-0.0028186323677454883,0.0028186323677454883,-0.0028186323677454883,-0.0038186323677454883,-0.0028186323677454883,-0.0028186323677454883
2022-01-18,-0.017509827058985628,-0.017509827058985624,-0.017509827058985628,0.017509827058985628,-0.017509827058985628,-0.017509827058985628,-0.017509827058985624,0.017509827058985628,-0.017509827058985628,-0.017509827058985628,-0.017509827058985628,-0.017509827058985628
2022-01-19,0.009963330319740837,0.009963330319740837,0.009963330319740837,-0.009963330319740837,-0.0005,0.009963330319740837,0.009963330319740837,-0.009963330319740837,0.009963330319740837,-0.010963330319740838,0.009963330319740837,0.009963330319740837
2022-01-20,-0.018896546038392414,-0.018896546038392414,-0.018896546038392414,0.018896546038392414,-0.019396546038392415,-0.018896546038392414,0.017896546038392414,0.018896546038392414,-0.018896546038392414,-0.019896546038392415,-0.0005,-0.018896546038392414
2022-01-21,-0.007293788658759626,-0.0005,-0.0005,-0.008293788658759625,-0.0005,-0.007293788658759626,0.007293788658759626,0.007293788658759626,-0.007293788658759626,0.006293788658759626,0.0,-0.007293788658759626
2022-01-24,7.140604297650732e-05,0.0,0.0,7.140604297650731e-05,0.0,7.140604297650732e-05,-7.140604297650732e-05,-7.140604297650732e-05,-0.0010714060429765073,-7.140604297650732e-05,0.0,7.140604297650732e-05
2022-01-25,-0.02175452632223951,0.0,0.0,-0.021754526322239506,0.0,-0.02175452632223951,0.02175452632223951,0.02175452632223951,0.02175452632223951,0.02175452632223951,0.0,-0.02175452632223951
2022-01-26,-0.010207989714686394,0.0,0.0,-0.010207989714686394,0.0,0.009207989714686393,0.010207989714686392,0.010207989714686394,-0.011207989714686395,0.010207989714686394,0.009707989714686394,-0.010207989714686394
2022-01-27,0.0006630481174680902,0.0,0.0,0.0006630481174680902,0.0,-0.0006630481174680902,-0.0006630481174680901,-0.0006630481174680902,0.0006630481174680902,-0.0006630481174680902,-0.0006630481174680902,0.0006630481174680902
2022-01-28,0.012367506158697639,0.0,0.0,0.012367506158697639,0.0,-0.012367506158697639,-0.012367506158697639,-0.012367506158697639,-0.01336750615869764,-0.012367506158697639,-0.012367506158697639,0.012367506158697639
2022-01-31,0.01665234494356116,0.0,0.0,0.016652344943561156,0.0,-0.01665234494356116,-0.01665234494356116,-0.01665234494356116,0.01565234494356116,0.01565234494356116,-0.01665234494356116,0.01665234494356116
2022-02-01,0.007867766328511605,0.007367766328511604,0.0,0.007867766328511603,0.0,-0.007867766328511605,-0.007867766328511605,-0.007867766328511605,-0.008867766328511606,0.007867766328511605,-0.007867766328511605,0.007867766328511605
2022-02-02,-0.00042581644598693735,-0.0004258164459869374,0.0,-0.0004258164459869373,0.0,0.00042581644598693735,0.00042581644598693735,0.00042581644598693735,0.00042581644598693735,-0.00042581644598693735,0.00042581644598693735,-0.00042581644598693735
2022-02-03,0.0009938801037900902,0.00099388010379009,0.0,0.00099388010379009,0.0,-0.0009938801037900902,-0.0009938801037900902,-0.0009938801037900902,-0.0009938801037900902,0.0009938801037900902,-0.0005,0.0009938801037900902
2022-02-04,-0.01177409470241475,-0.01177409470241475,0.0,-0.011774094702414748,0.0,0.01177409470241475,0.01177409470241475,0.01177409470241475,-0.012774094702414751,-0.01177409470241475,0.0,-0.01177409470241475
2022-02-07,-0.009832647479479428,-0.0005,0.0,-0.009832647479479428,0.0,0.009832647479479428,0.009832647479479427,0.009832647479479428,0.008832647479479427,0.008832647479479427,0.0,-0.009832647479479428
2022-02-08,0.00021759280962196925,0.0,0.0,0.00021759280962196925,0.0,-0.00021759280962196925,-0.00021759280962196922,-0.00021759280962196925,-0.0007824071903780308,-0.00021759280962196925,0.0,0.00021759280962196925
2022-02-09,-0.0021742236752611,0.0,0.0,-0.0021742236752611,0.0,0.0021742236752611,0.0021742236752611,0.0021742236752611,-0.0021742236752611,0.0021742236752611,0.0,-0.0021742236752611
2022-02-10,-0.011692947827159017,0.0,0.0,-0.011692947827159017,0.011192947827159017,0.011692947827159017,0.011692947827159017,0.011692947827159017,0.010692947827159016,0.011692947827159017,0.011192947827159017,-0.011692947827159017
2022-02-11,-0.005511407034306637,0.0,0.0,-0.005511407034306637,0.005511407034306637,0.005511407034306637,0.005511407034306637,0.005511407034306637,0.005511407034306637,0.005511407034306637,0.005511407034306637,-0.005511407034306637
2022-02-14,-0.010197243603399686,0.0,0.0,-0.010197243603399686,0.010197243603399686,0.010197243603399686,0.010197243603399686,0.010197243603399686,-0.011197243603399687,0.010197243603399686,0.010197243603399686,-0.010197243603399686
2022-02-15,0.0031355924757012765,0.0,0.0,0.0031355924757012765,-0.0031355924757012765,-0.0031355924757012765,-0.0031355924757012765,-0.0031355924757012765,0.0031355924757012765,-0.0031355924757012765,-0.0031355924757012765,0.0031355924757012765
2022-02-16,-0.006251492234600753,0.0,0.0,-0.006251492234600753,0.006251492234600753,0.006251492234600753,0.006251492234600753,0.006251492234600753,-0.006251492234600753,0.006251492234600753,0.006251492234600753,-0.006251492234600753
2022-02-17,0.04006590961898593,0.0,0.0,0.04006590961898593,-0.04006590961898593,-0.04006590961898593,-0.04006590961898593,-0.04006590961898593,0.04006590961898593,-0.04006590961898593,-0.04006590961898593,0.04006590961898593
2022-02-18,-0.006408355010356304,-0.006908355010356304,0.0,-0.006408355010356304,-0.007408355010356304,0.006408355010356304,0.006408355010356304,0.006408355010356304,0.005408355010356304,-0.007408355010356304,0.006408355010356304,-0.006408355010356304
2022-02-22,-0.011160328991363655,-0.011160328991363655,0.0,-0.011160328991363655,-0.011160328991363655,0.011160328991363655,0.011160328991363655,0.011160328991363655,-0.012160328991363656,-0.011160328991363655,0.011160328991363655,-0.011160328991363655
2022-02-23,-0.01026009175649878,-0.01026009175649878,0.0,-0.01026009175649878,0.009260091756498778,0.01026009175649878,0.01026009175649878,0.01026009175649878,-0.01026009175649878,0.009260091756498778,-0.0005,-0.01026009175649878
2022-02-24,-0.0038504813595857668,-0.0038504813595857663,0.0,-0.0038504813595857668,0.0038504813595857668,0.0038504813595857668,0.0038504813595857668,0.0038504813595857668,-0.0038504813595857668,0.0038504813595857668,0.0,-0.0038504813595857668
2022-02-25,0.013751556865536863,0.013751556865536863,0.0,0.013751556865536863,-0.013751556865536863,-0.013751556865536863,-0.013751556865536863,-0.013751556865536863,-0.014751556865536863,-0.013751556865536863,0.0,0.013751556865536863
2022-02-28,-0.008945387697674168,-0.008945387697674168,0.0,-0.008945387697674168,0.008945387697674168,0.008945387697674168,0.008945387697674168,0.008945387697674168,-0.009945387697674168,-0.009945387697674168,0.0,-0.008945387697674168
2022-03-01,0.006140799116338247,0.006140799116338247,0.0,0.006140799116338247,-0.006140799116338247,-0.006140799116338247,-0.006140799116338246,-0.006140799116338247,0.006140799116338247,-0.007140799116338247,-0.006640799116338247,0.006140799116338247
2022-03-02,0.001249965759557492,0.001249965759557492,0.0,0.001249965759557492,-0.001249965759557492,-0.001249965759557492,-0.0012499657595574918,-0.001249965759557492,0.001249965759557492,0.000249965759557492,-0.001249965759557492,0.001249965759557492
2022-03-03,0.022987713959504275,0.022987713959504275,0.0,0.022987713959504275,-0.022987713959504275,-0.022987713959504275,-0.022987713959504275,-0.022987713959504275,0.022987713959504275,0.022987713959504275,-0.022987713959504275,0.022987713959504275
2022-03-04,0.025342801015342697,0.025342801015342697,0.0,0.025342801015342697,0.024342801015342697,-0.025342801015342697,0.024342801015342697,-0.025342801015342697,0.025342801015342697,0.025342801015342697,-0.0005,0.025342801015342697
2022-03-07,-0.008052321098824589,-0.008052321098824589,-0.008552321098824589,0.0070523210988245886,-0.008052321098824589,0.008052321098824589,-0.008052321098824589,0.008052321098824589,0.0070523210988245886,-0.008052321098824589,-0.008552321098824589,-0.008052321098824589
2022-03-08,-0.01849541168769021,-0.020681649687691036,-0.0005,-0.02168164968769104,-0.02068164968769104,0.02068164968769104,-0.02068164968769104,0.02068164968769104,0.02068164968769104,-0.02068164968769104,-0.02068164968769104,-0.02068164968769104
2022-03-09,0.0046272931400837625,0.005189456666851777,0.0,-0.006189456666851777,0.005189456666851777,0.004189456666851777,0.005189456666851777,-0.005189456666851777,-0.005189456666851777,-0.006189456666851777,0.005189456666851777,0.005189456666851777
2022-03-10,0.02026802655641478,0.022730361434419866,0.0,-0.022730361434419866,0.022730361434419866,0.022730361434419866,0.022730361434419866,-0.022730361434419866,0.021730361434419865,-0.022730361434419866,0.022730361434419866,0.022730361434419866
2022-03-11,-0.0035007738774072974,-0.0039260781167892445,-0.004426078116789245,0.0039260781167892445,-0.0039260781167892445,-0.0039260781167892445,-0.0039260781167892445,0.0039260781167892445,-0.0039260781167892445,-0.0049260781167892445,-0.0039260781167892445,-0.0039260781167892445
2022-03-14,0.012427116636514498,0.013936870072151386,0.013936870072151386,-0.013936870072151386,0.013936870072151386,0.013936870072151386,0.013936870072151386,-0.0005,0.013936870072151386,0.013936870072151386,0.013936870072151386,0.013936870072151386
2022-03-15,0.010708688724543614,0.012009672699019314,0.012009672699019314,-0.012009672699019314,0.012009672699019314,0.012009672699019314,0.012009672699019312,0.0,0.012009672699019314,0.012009672699019314,0.012009672699019314,0.012009672699019314
2022-03-16,-0.0026300387886810618,-0.00294955861079349,-0.00294955861079349,0.00294955861079349,-0.00294955861079349,-0.00294955861079349,-0.00294955861079349,0.0,-0.00294955861079349,-0.00294955861079349,-0.00294955861079349,-0.00294955861079349
2022-03-17,0.0013547509460735616,0.0015193377891113968,0.0015193377891113968,-0.0015193377891113968,0.0015193377891113968,0.0015193377891113968,0.0015193377891113968,0.0,-0.002519337789111397,0.0015193377891113968,0.0015193377891113968,0.0015193377891113968
2022-03-18,0.002644148560420123,0.0029653825594395666,0.0029653825594395666,-0.0029653825594395666,0.0029653825594395666,0.0029653825594395666,-0.003965382559439567,0.0,-0.0029653825594395666,0.0029653825594395666,0.0029653825594395666,0.0029653825594395666
2022-03-21,-0.007418496828083048,-0.008319759880571875,-0.008319759880571875,0.008319759880571875,-0.008319759880571875,-0.008319759880571875,-0.009319759880571876,0.0,-0.009319759880571876,-0.008319759880571875,-0.008319759880571875,-0.008319759880571875
2022-03-22,-0.0030352485504938154,-0.0029810845442348466,-0.0029810845442348466,0.0029810845442348466,-0.0029810845442348466,-0.0029810845442348466,-0.002981084544234846,0.0,0.0019810845442348466,-0.0005,-0.0029810845442348466,-0.0029810845442348466
2022-03-23,-0.012864926093120288,-0.012864926093120288,-0.012864926093120288,0.012864926093120288,-0.012864926093120288,-0.012864926093120288,-0.012864926093120288,0.0,0.012864926093120288,0.0,-0.012864926093120288,-0.012864926093120288
2022-03-24,0.006199024790990215,0.006199024790990215,0.006199024790990215,-0.006199024790990215,0.006199024790990215,0.006199024790990215,0.006199024790990214,0.0,-0.006199024790990215,0.0,0.006199024790990215,0.006199024790990215
2022-03-25,0.004340958529611916,0.004340958529611916,0.004340958529611916,-0.004340958529611916,0.004340958529611916,0.004340958529611916,0.004340958529611916,0.0,0.0033409585296119157,0.0,-0.0005,0.004340958529611916
2022-03-28,0.017776312029929686,0.017776312029929686,0.017776312029929686,-0.017776312029929686,0.017776312029929686,0.017776312029929686,0.017776312029929686,0.0,0.017776312029929686,0.017276312029929686,0.0,0.017776312029929686
2022-03-29,0.00842453078319072,0.00842453078319072,0.00842453078319072,-0.00842453078319072,0.00842453078319072,0.00842453078319072,0.00842453078319072,0.0,0.00842453078319072,0.00842453078319072,0.0,0.00842453078319072
2022-03-30,0.01793113096042931,0.01793113096042931,0.01793113096042931,-0.01793113096042931,0.01793113096042931,0.01793113096042931,0.017931130960429306,0.0,0.01793113096042931,0.01793113096042931,0.0,0.01793113096042931
2022-03-31,-0.006338883858988842,-0.006338883858988842,-0.006338883858988842,0.006338883858988842,-0.006338883858988842,-0.006338883858988842,-0.006338883858988842,0.0,-0.006338883858988842,-0.006338883858988842,-0.006838883858988842,-0.006338883858988842
2022-04-01,0.01403447513751166,0.01403447513751166,0.01403447513751166,-0.01403447513751166,0.01403447513751166,0.01403447513751166,0.01403447513751166,0.0,0.01403447513751166,0.01403447513751166,0.01403447513751166,0.01403447513751166
2022-04-04,0.0001986632731159066,0.0001986632731159066,0.0001986632731159066,-0.0001986632731159066,0.0001986632731159066,0.0001986632731159066,0.0001986632731159065,0.0,-0.0011986632731159066,0.0001986632731159066,0.0001986632731159066,0.0001986632731159066
2022-04-05,0.002846834631030193,0.002846834631030193,0.002846834631030193,-0.002846834631030193,0.002846834631030193,0.002846834631030193,0.002846834631030193,0.0,-0.002846834631030193,0.002846834631030193,0.002846834631030193,0.002846834631030193
2022-04-06,0.023239009866131477,0.023239009866131477,0.023239009866131477,-0.023239009866131477,0.023239009866131477,0.023239009866131477,0.023239009866131474,0.0,-0.023239009866131477,0.023239009866131477,0.023239009866131477,0.023239009866131477
2022-04-07,0.010000640266825123,0.010000640266825123,0.010000640266825123,-0.010000640266825123,0.010000640266825123,0.010000640266825123,0.010000640266825123,0.0,0.009000640266825122,0.010000640266825123,0.010000640266825123,0.010000640266825123
2022-04-08,0.005557633899736736,0.005557633899736736,0.005557633899736736,-0.005557633899736736,0.005557633899736736,0.005557633899736736,0.005557633899736736,0.0,0.005557633899736736,0.005557633899736736,0.005557633899736736,0.005557633899736736
2022-04-11,-0.019820714011035245,-0.019820714011035242,-0.019820714011035245,0.019820714011035245,-0.019820714011035245,-0.019820714011035245,-0.019820714011035242,0.0,0.018820714011035244,-0.019820714011035245,-0.019820714011035245,-0.019820714011035245
2022-04-12,-0.006870263513125474,-0.006870263513125474,-0.006870263513125474,-0.007870263513125475,-0.006870263513125474,-0.006870263513125474,-0.006870263513125474,0.0,-0.007870263513125475,-0.0005,-0.006870263513125474,-0.006870263513125474
2022-04-13,0.026039252139022473,0.026039252139022473,0.026039252139022473,0.026039252139022473,0.026039252139022473,0.026039252139022473,0.02603925213902247,0.0,0.026039252139022473,0.0,0.026039252139022473,0.026039252139022473
2022-04-14,-0.0008904249184282786,-0.0008904249184282786,-0.0008904249184282786,-0.0008904249184282786,-0.0008904249184282786,-0.0008904249184282786,-0.0008904249184282788,0.0,-0.0008904249184282786,-0.0013904249184282787,-0.0008904249184282786,-0.0008904249184282786
2022-04-18,-0.007639378313935019,-0.007639378313935018,-0.007639378313935019,-0.007639378313935019,-0.007639378313935019,-0.007639378313935019,-0.007639378313935019,0.0,-0.007639378313935019,-0.007639378313935019,-0.007639378313935019,-0.007639378313935019
2022-04-19,0.011354708580960438,0.011354708580960438,0.011354708580960438,0.011354708580960438,0.011354708580960438,0.011354708580960438,0.011354708580960438,0.0,-0.012354708580960438,-0.0005,0.011354708580960438,0.011354708580960438
2022-04-20,0.012559451168905111,0.012559451168905111,0.012559451168905111,0.012559451168905111,0.012559451168905111,0.012559451168905111,0.012559451168905111,0.0,0.01155945116890511,0.012059451168905111,0.012559451168905111,0.012559451168905111
2022-04-21,0.0015037869535199366,0.0015037869535199366,0.0015037869535199366,0.0015037869535199366,0.0015037869535199366,0.0015037869535199366,0.0015037869535199366,0.0,0.0015037869535199366,0.0015037869535199366,0.0015037869535199366,0.0015037869535199366
2022-04-22,-0.018828009004335122,-0.018828009004335122,-0.018828009004335122,-0.018828009004335122,-0.018828009004335122,-0.018828009004335122,-0.018828009004335122,0.0,-0.018828009004335122,-0.018828009004335122,-0.018828009004335122,-0.018828009004335122
2022-04-25,0.0005098829211105382,0.0005098829211105382,0.0005098829211105382,0.0005098829211105382,0.0005098829211105382,0.0005098829211105382,0.0005098829211105382,0.0,0.0005098829211105382,-0.0005,0.0005098829211105382,0.0005098829211105382
2022-04-26,-0.010449853074212423,-0.010449853074212423,-0.010449853074212423,-0.010449853074212423,-0.010449853074212423,-0.010449853074212423,-0.010449853074212423,0.0,0.009449853074212422,0.0,-0.010449853074212423,-0.010449853074212423
2022-04-27,-0.006825272889499856,-0.006825272889499856,-0.006825272889499856,-0.006825272889499856,-0.006825272889499856,-0.006825272889499856,-0.006825272889499856,0.0,-0.007825272889499857,0.0,-0.0005,-0.006825272889499856
2022-04-28,0.012772231682670165,0.012772231682670165,0.012772231682670165,0.012772231682670165,-0.0005,0.012772231682670165,0.012772231682670164,0.0,-0.013772231682670166,0.0,0.0,0.012772231682670165
2022-04-29,-0.020613425878460823,-0.020613425878460823,-0.020613425878460823,-0.020613425878460823,-0.021113425878460823,-0.020613425878460823,-0.020613425878460823,0.0,0.020613425878460823,-0.021113425878460823,0.0,-0.020613425878460823
2022-05-02,-0.0066014811518813055,-0.0066014811518813055,-0.0066014811518813055,-0.0066014811518813055,-0.0005,-0.0066014811518813055,-0.0066014811518813055,0.0,0.0066014811518813055,-0.0005,0.0,-0.0066014811518813055
2022-05-03,0.003487184495577056,0.003487184495577056,0.003487184495577056,0.003487184495577056,0.0,0.003487184495577056,0.003487184495577056,0.0,-0.003487184495577056,0.0,0.0,0.003487184495577056
2022-05-04,0.013835276610823177,0.013835276610823177,0.013835276610823177,0.013835276610823177,0.0,0.013835276610823177,0.013835276610823177,0.0,-0.013835276610823177,0.0,0.0,0.013835276610823177
2022-05-05,-0.008568288927389922,-0.008568288927389922,-0.008568288927389922,-0.008568288927389922,0.0,-0.008568288927389922,-0.008568288927389922,0.0,0.008568288927389922,-0.009068288927389923,0.008068288927389922,-0.008568288927389922
2022-05-06,-0.020819610422562862,-0.020819610422562862,-0.020819610422562862,-0.020819610422562862,0.0,-0.020819610422562862,-0.02081961042256286,0.0,0.020819610422562862,-0.0005,0.020819610422562862,-0.020819610422562862
2022-05-09,0.0117009955134737,0.0117009955134737,0.0117009955134737,0.0117009955134737,0.0,0.0117009955134737,0.011700995513473698,0.0,-0.0117009955134737,0.0,-0.0117009955134737,0.0117009955134737
2022-05-10,-0.014077082417177866,-0.014077082417177865,-0.014077082417177866,-0.014077082417177866,0.0,0.013077082417177865,-0.014077082417177866,0.0,0.014077082417177866,-0.014577082417177867,0.014077082417177866,-0.014077082417177866
2022-05-11,-0.010457123348152408,-0.010457123348152408,-0.010457123348152408,-0.010457123348152408,0.0,0.010457123348152408,-0.010457123348152408,0.0,0.010457123348152408,-0.0005,0.010457123348152408,-0.010457123348152408
2022-05-12,-0.0009484042781884305,-0.0009484042781884305,-0.0009484042781884305,-0.0009484042781884305,0.0,0.0009484042781884305,-0.0009484042781884305,0.0,0.0009484042781884305,0.0,0.0009484042781884305,-0.0009484042781884305
2022-05-13,0.0038648333968380744,0.0038648333968380744,0.0038648333968380744,0.0038648333968380744,0.0,-0.0038648333968380744,0.0038648333968380744,0.0,-0.0038648333968380744,0.0,-0.0038648333968380744,0.0038648333968380744
2022-05-16,0.0010806845512298935,0.0010806845512298935,0.0010806845512298935,0.0010806845512298935,0.0,-0.0010806845512298935,0.0010806845512298935,0.0,-0.0010806845512298935,0.0,-0.0010806845512298935,0.0010806845512298935
2022-05-17,-0.11375730015368402,-0.11375730015368402,-0.11375730015368402,0.11275730015368401,0.0,0.11375730015368402,-0.11375730015368402,0.0,0.11375730015368402,0.0,0.11375730015368402,-0.11375730015368402
2022-05-18,-0.04415528778615048,-0.0005,-0.0005,0.06791021552886845,0.0,0.06791021552886845,0.06691021552886844,-0.06841021552886845,-0.06891021552886845,0.0,0.06791021552886845,-0.06791021552886845
2022-05-19,-0.017773128741156444,0.0,0.0,0.02744433721139672,0.0,0.02744433721139672,0.02744433721139672,-0.02744433721139672,-0.02744433721139672,0.0,0.02744433721139672,-0.02744433721139672
2022-05-20,0.0007070940828990197,0.0,0.0,-0.001091857755259884,0.0,-0.001091857755259884,-0.001091857755259884,0.001091857755259884,0.001091857755259884,0.0,-0.001091857755259884,0.001091857755259884
2022-05-23,0.01847209354769451,0.0,0.0,-0.028523642162646468,0.0,-0.028523642162646468,-0.028523642162646468,0.028523642162646468,0.028523642162646468,0.0,-0.028523642162646468,0.028523642162646468
2022-05-24,0.00808177644974286,0.0,0.0,-0.012479457127897664,0.0,-0.012479457127897664,-0.012479457127897664,0.012479457127897664,0.012479457127897664,0.011979457127897664,-0.012479457127897664,0.012479457127897664
2022-05-25,-0.003965132121177318,0.0,0.0,0.00612274994494022,0.0,0.00612274994494022,0.00612274994494022,-0.00612274994494022,-0.00612274994494022,-0.00612274994494022,0.00612274994494022,-0.00612274994494022
2022-05-26,0.013805757473788488,0.0,0.0,-0.021318129693846943,0.0,-0.021318129693846943,-0.021318129693846943,0.021318129693846943,0.021318129693846943,0.021318129693846943,-0.021318129693846943,0.021318129693846943
2022-05-27,0.01274644524090807,0.0,0.0,-0.019682395065761638,0.0,-0.019682395065761638,-0.019682395065761638,0.019682395065761638,0.019682395065761638,0.019682395065761638,-0.019682395065761638,0.019682395065761638
2022-05-31,0.0007562575828308822,0.0,0.0,-0.0011677734643211757,0.0,-0.0011677734643211757,-0.0011677734643211757,0.0011677734643211757,0.0011677734643211757,0.0011677734643211757,-0.0011677734643211757,0.0011677734643211757
2022-06-01,-0.01601022503829919,0.0,0.0,0.024722153380004164,0.0,0.024722153380004164,0.02472215338000416,-0.024722153380004164,-0.024722153380004164,-0.024722153380004164,-0.0005,-0.024722153380004164
2022-06-02,0.009533385789970582,0.0,0.0,-0.016420656501777264,0.0,-0.016420656501777264,-0.016420656501777264,0.016420656501777264,0.016420656501777264,-0.0005,0.0,0.016420656501777264
2022-06-03,-0.010005280247932957,0.0,0.0,0.01717486702868687,0.0,0.01717486702868687,0.01717486702868687,-0.01717486702868687,-0.01717486702868687,-0.01767486702868687,0.0,-0.01717486702868687
2022-06-06,-0.0020919409670497884,0.0,0.0,0.003590984665158725,0.0,0.003590984665158725,0.003590984665158725,-0.003590984665158725,-0.003590984665158725,-0.0005,0.0,-0.003590984665158725
2022-06-07,-0.006997948843145074,0.0,0.0,0.0120125411658909,0.0,0.0120125411658909,0.0120125411658909,-0.0120125411658909,-0.0120125411658909,0.0,0.0,-0.0120125411658909
2022-06-08,-0.005052599570060338,0.0,0.0,0.008673192915602201,0.0,0.008673192915602201,0.008673192915602201,-0.008673192915602201,-0.008673192915602201,0.0,0.008173192915602201,-0.008673192915602201
2022-06-09,-0.006096868219967264,0.0,0.0,0.010465763914109028,0.0,0.010465763914109028,0.010465763914109028,-0.010465763914109028,-0.010465763914109028,0.0,0.010465763914109028,-0.010465763914109028
2022-06-10,0.0032733194207914735,0.0,0.0,-0.005618915652675138,0.0,-0.005618915652675138,-0.005618915652675138,0.005618915652675138,0.005618915652675138,0.0,-0.005618915652675138,0.005618915652675138
2022-06-13,-0.008294186078299513,0.0,0.0,0.01881684863405464,0.01831684863405464,0.01881684863405464,0.01881684863405464,0.01781684863405464,0.01781684863405464,0.01831684863405464,0.01881684863405464,-0.01881684863405464
2022-06-14,0.0001830054891954749,0.0,0.0,-0.0004188581581678896,-0.0004188581581678896,-0.0004188581581678896,-0.0004188581581678896,-0.0004188581581678896,-0.0004188581581678896,-0.0004188581581678896,-0.0004188581581678896,0.0004188581581678896
2022-06-15,-0.0002926509507917391,0.0,0.0,0.0006698118115122664,0.0006698118115122664,0.0006698118115122664,0.0006698118115122664,0.0006698118115122664,0.0006698118115122664,0.0006698118115122664,0.0006698118115122664,-0.0006698118115122664
2022-06-16,0.004538204484759492,0.0,0.0,-0.010386923256958891,-0.010386923256958891,-0.010386923256958891,-0.010386923256958891,-0.010386923256958891,-0.010386923256958891,-0.010386923256958891,-0.010386923256958891,0.010386923256958891
2022-06-17,-0.008439724000827122,0.0,0.0,0.019316618676152753,0.019316618676152753,0.019316618676152753,0.01931661867615275,0.019316618676152753,0.019316618676152753,-0.020316618676152753,0.019316618676152753,-0.019316618676152753
2022-06-21,0.014330933509313184,0.0,0.0,-0.0328002643031422,-0.0328002643031422,-0.0328002643031422,-0.032800264303142194,-0.0328002643031422,-0.0005,-0.0338002643031422,-0.0328002643031422,0.0328002643031422
2022-06-22,-0.005292829593974743,0.0,0.0,0.012114089391388472,0.012114089391388472,0.012114089391388472,0.012114089391388472,0.012114089391388472,0.011614089391388471,-0.013114089391388473,0.012114089391388472,-0.012114089391388472
2022-06-23,0.010606994224794945,0.0,0.0,-0.024277009854876574,-0.024277009854876574,-0.024277009854876574,-0.024277009854876574,-0.024277009854876574,-0.024277009854876574,-0.025277009854876575,-0.024277009854876574,0.024277009854876574
2022-06-24,0.0003535887425838493,0.0,0.0,-0.0008092846292133693,-0.00019071537078663072,-0.0008092846292133693,-0.0008092846292133693,-0.0008092846292133693,-0.0008092846292133693,-0.00019071537078663072,-0.0005,0.0008092846292133693
2022-06-27,0.001412573319135429,0.0,0.0,-0.003233060720370995,0.003233060720370995,-0.003233060720370995,-0.003233060720370995,-0.003233060720370995,0.002233060720370995,0.003233060720370995,0.0,0.003233060720370995
2022-06-28,-0.006160182405265835,0.0,0.0,0.014099263730236178,-0.014099263730236178,0.014099263730236178,0.014099263730236178,0.014099263730236178,-0.0005,-0.014099263730236178,0.0,-0.014099263730236178
2022-06-29,-0.0016068648223299257,0.0,0.0,0.0036777500110227734,0.0026777500110227734,0.0036777500110227734,0.0036777500110227734,0.0036777500110227734,0.0,0.0026777500110227734,0.0,-0.0036777500110227734
2022-06-30,-0.0012182397362814543,0.0,0.0,0.0027882751188995636,0.0027882751188995636,0.0027882751188995636,0.0027882751188995636,0.0027882751188995636,-0.0032882751188995636,0.0027882751188995636,0.0,-0.0027882751188995636
2022-07-01,0.003773222981235114,0.0,0.0,-0.008636053679180966,-0.008636053679180966,-0.008636053679180966,-0.008636053679180964,-0.008636053679180966,0.008636053679180966,-0.008636053679180966,0.0,0.008636053679180966
2022-07-05,0.005771874636035948,0.0,0.0,-0.013210515104514986,0.012210515104514985,-0.013210515104514986,-0.013210515104514986,-0.013210515104514986,-0.0005,0.012210515104514985,-0.013710515104514986,0.013210515104514986
2022-07-06,0.003094422778212286,0.0,0.0,-0.007082433598974314,0.007082433598974314,-0.007082433598974314,-0.007082433598974314,-0.007082433598974314,0.006582433598974313,0.007082433598974314,0.006082433598974314,0.007082433598974314
2022-07-07,0.0006634885255813356,0.0,0.0,-0.0015185751149446869,0.0015185751149446869,-0.0015185751149446869,-0.0015185751149446869,-0.0015185751149446869,0.0015185751149446869,0.0015185751149446869,0.0015185751149446869,0.0015185751149446869
2022-07-08,0.00027888254147669426,0.0,0.0,-0.000638299037813761,0.000638299037813761,-0.00036170096218623906,-0.000638299037813761,-0.000638299037813761,0.000638299037813761,0.000638299037813761,0.000638299037813761,0.000638299037813761
2022-07-11,0.00017422187357053756,0.0,0.0,-0.00039875444937265137,0.00039875444937265137,0.00039875444937265137,-0.00039875444937265137,-0.00039875444937265137,0.00039875444937265137,0.00039875444937265137,0.00039875444937265137,0.00039875444937265137
2022-07-12,-0.0013235081312372673,0.0,0.0,0.003029210657053749,-0.003029210657053749,-0.003029210657053749,0.003029210657053749,0.003029210657053749,-0.003029210657053749,-0.003029210657053749,-0.003029210657053749,-0.003029210657053749
2022-07-13,0.001048089460850722,0.0,0.0,-0.002398839636434058,0.002398839636434058,0.002398839636434058,-0.0023988396364340576,-0.002398839636434058,-0.0005,-0.003398839636434058,0.002398839636434058,0.002398839636434058
2022-07-14,0.00975383063341331,0.0,0.0,0.01854200857969024,0.01954200857969024,0.01954200857969024,-0.01954200857969024,-0.01954200857969024,0.01904200857969024,-0.01954200857969024,0.01954200857969024,0.01954200857969024
2022-07-15,0.004897063696874109,0.0,0.0,-0.010779368727954597,0.009779368727954596,0.009779368727954596,-0.009779368727954596,0.008779368727954595,0.009779368727954596,0.008779368727954595,0.009779368727954596,0.009779368727954596
2022-07-18,-0.0011638624907688425,0.0,0.0,0.0023242173576646374,-0.0023242173576646374,-0.0023242173576646374,0.0023242173576646374,-0.0023242173576646374,-0.0023242173576646374,-0.0023242173576646374,-0.0023242173576646374,-0.0023242173576646374
2022-07-19,0.00307203872002467,0.0,0.0,0.005134818995483293,0.006134818995483293,0.006134818995483293,-0.006134818995483293,0.006134818995483293,0.006134818995483293,0.006134818995483293,0.006134818995483293,0.006134818995483293
2022-07-20,0.004174272928074446,0.0,0.0,-0.009335965521709677,0.008335965521709676,0.008335965521709676,-0.008335965521709676,0.008335965521709676,0.008335965521709676,0.008335965521709676,0.008335965521709676,0.008335965521709676
2022-07-21,0.00825965329206681,0.0,0.0,-0.014620393843052915,0.014620393843052915,0.014620393843052915,-0.014620393843052915,0.014620393843052915,-0.015620393843052915,0.014620393843052915,0.014620393843052915,0.014620393843052915
2022-07-22,-0.001772612267504788,0.0,0.0,0.002565028855779583,-0.002565028855779583,-0.002565028855779583,0.002565028855779583,-0.002565028855779583,0.002565028855779583,-0.002565028855779583,-0.002565028855779583,-0.002565028855779583
2022-07-25,-0.0009641411443641974,0.0,0.0,0.0014371623381301823,-0.0014371623381301823,-0.0014371623381301823,0.0014371623381301821,-0.0014371623381301823,-0.0024371623381301824,-0.0014371623381301823,-0.0014371623381301823,-0.0014371623381301823
2022-07-26,-0.06323908772731983,0.0,0.0,-0.07704916427555075,-0.07604916427555075,-0.07604916427555075,0.07604916427555074,-0.07604916427555075,0.07504916427555075,-0.07604916427555075,-0.07604916427555075,-0.07604916427555075
2022-07-27,0.012353102949924729,0.0,0.0,0.03779296075696492,-0.03879296075696492,0.03779296075696492,-0.03779296075696492,-0.03879296075696492,-0.03779296075696492,-0.03879296075696492,-0.0005,0.03779296075696492
2022-07-28,0.008323508335787818,0.0,0.0,-0.02596263282578415,-0.024962632825784148,0.024962632825784148,-0.024962632825784148,-0.024962632825784148,0.023962632825784147,0.023962632825784147,0.0,0.024962632825784148
2022-07-29,0.005910653274278674,0.0,0.0,-0.017726355461428422,0.01672635546142842,0.017726355461428422,-0.017726355461428422,-0.017726355461428422,-0.018726355461428423,0.017726355461428422,0.0,0.017726355461428422
2022-08-01,0.0010874822329618229,0.0,0.0,-0.00371076143617155,0.00371076143617155,0.00371076143617155,-0.00371076143617155,-0.00371076143617155,-0.00371076143617155,0.00371076143617155,0.0,0.00371076143617155
2022-08-02,0.0003145746587175767,0.0,0.0,-0.0010561291336170786,0.0010561291336170786,0.0010561291336170786,-0.0010561291336170786,-0.0010561291336170786,-0.0010561291336170786,0.0010561291336170786,0.0005561291336170786,0.0010561291336170786
2022-08-03,-0.004893892599912711,0.0,0.0,0.01643038435655164,-0.01643038435655164,-0.01643038435655164,0.01643038435655164,0.01643038435655164,-0.017430384356551643,-0.01643038435655164,-0.01643038435655164,-0.01643038435655164
2022-08-04,-0.011252347182089423,0.0,0.0,-0.03877777818793726,-0.03777777818793726,-0.03777777818793726,0.03777777818793726,0.03777777818793726,0.03677777818793726,0.03677777818793726,-0.03777777818793726,-0.03777777818793726
2022-08-05,0.0023957536230820244,0.0,0.0,0.00804332176221867,-0.00904332176221867,0.00804332176221867,-0.00804332176221867,-0.00804332176221867,-0.00804332176221867,-0.00804332176221867,-0.0005,0.00804332176221867
2022-08-08,0.0024237372909296706,0.0,0.0,0.008137272009196117,-0.008137272009196117,0.008137272009196117,-0.008137272009196117,-0.008137272009196117,-0.008137272009196117,-0.008137272009196117,0.0,0.008137272009196117
2022-08-09,0.0029409147009615555,0.0,0.0,-0.010873604275151716,-0.009873604275151715,0.009873604275151715,-0.009873604275151713,-0.009873604275151715,-0.009873604275151715,-0.009873604275151715,-0.010373604275151715,0.009873604275151715
2022-08-10,0.0006240743024262989,0.0,0.0,-0.0020952197962198493,-0.0020952197962198493,0.0020952197962198493,-0.0020952197962198493,-0.0020952197962198493,-0.0020952197962198493,0.0010952197962198493,-0.0020952197962198493,0.0020952197962198493
2022-08-11,0.002872433873903441,0.0,0.0,-0.009643691933054255,-0.009643691933054255,0.009643691933054255,-0.009643691933054255,-0.009643691933054255,-0.009643691933054255,0.009643691933054255,-0.009643691933054255,0.009643691933054255
2022-08-12,0.010864161034788336,0.0,0.0,0.017487255708904192,0.017487255708904192,0.018487255708904193,-0.018487255708904193,0.017487255708904192,-0.018487255708904193,0.018487255708904193,0.017487255708904192,0.018487255708904193
2022-08-15,0.0017121188353502433,0.0,0.0,0.0028740690518420653,0.0028740690518420653,0.0028740690518420653,-0.0028740690518420653,0.0028740690518420653,0.0018740690518420653,0.0028740690518420653,0.0028740690518420653,0.0028740690518420653
2022-08-16,0.03041446110475066,0.0,0.0,0.051055604076533756,0.051055604076533756,0.051055604076533756,-0.051055604076533756,0.051055604076533756,0.051055604076533756,0.051055604076533756,-0.0005,0.051055604076533756
2022-08-17,0.00047870807654209585,0.000576590653441345,0.000576590653441345,-0.002076590653441345,0.001076590653441345,0.001076590653441345,-0.001076590653441345,-0.002076590653441345,-0.0005,0.001076590653441345,0.000576590653441345,0.001076590653441345
2022-08-18,-0.0015887622250352288,-0.003225525050245759,-0.003225525050245759,0.003225525050245759,-0.003225525050245759,-0.003225525050245759,-0.004225525050245758,0.003225525050245759,0.0,-0.003225525050245759,-0.003225525050245759,-0.003225525050245759
2022-08-19,-0.007260775729707076,-0.014740918201191056,-0.014740918201191056,0.014740918201191054,-0.014740918201191056,-0.014740918201191056,-0.014740918201191054,0.014740918201191056,0.0,-0.014740918201191056,-0.014740918201191056,-0.014740918201191056
2022-08-22,-0.008807149400478364,-0.0005,-0.0005,0.017880385475472882,-0.017880385475472882,-0.017880385475472882,-0.017880385475472882,0.017880385475472882,0.0,0.01688038547547288,-0.017880385475472882,-0.017880385475472882
2022-08-23,-0.002086369550295008,0.0,0.0,0.00423577370011885,-0.00423577370011885,-0.00423577370011885,-0.00423577370011885,0.00423577370011885,-0.0047357737001188505,0.00423577370011885,-0.00423577370011885,-0.00423577370011885
2022-08-24,0.0035655212034114417,0.0,0.0,-0.007238765988743845,0.007238765988743845,0.007238765988743845,0.007238765988743845,-0.007238765988743845,0.007238765988743845,-0.007238765988743845,0.007238765988743845,0.007238765988743845
2022-08-25,0.004284054469281431,0.0,0.0,0.005668168698555688,0.006668168698555688,0.006668168698555688,0.006668168698555688,-0.006668168698555688,-0.0005,-0.006668168698555688,0.006668168698555688,0.006668168698555688
2022-08-26,-0.02057259119194494,0.0,0.0,-0.03142701563509409,-0.03142701563509409,-0.03142701563509409,-0.03142701563509409,0.03142701563509409,0.0,-0.03242701563509409,-0.03142701563509409,-0.03142701563509409
2022-08-29,0.006367014974868187,0.0,0.0,-0.010726352762135627,-0.010726352762135627,0.009726352762135626,0.009726352762135626,-0.009726352762135626,-0.010226352762135626,-0.010726352762135627,0.009726352762135626,0.009726352762135626
2022-08-30,-0.0019705372232870855,0.0,0.0,0.00301022382392091,-0.00401022382392091,-0.00301022382392091,-0.00301022382392091,0.00301022382392091,-0.0005,0.00301022382392091,-0.00301022382392091,-0.00301022382392091
2022-08-31,0.0003459651944902184,0.0,0.0,-0.0004714980978818275,-0.0015285019021181725,0.0005285019021181725,0.0005285019021181725,-0.0005285019021181725,2.8501902118172485e-05,-0.0005285019021181725,0.0005285019021181725,0.0005285019021181725
2022-09-01,0.009531431881704038,0.0,0.0,-0.015560366070387466,-0.014560366070387465,0.014560366070387465,0.014560366070387465,-0.014560366070387465,-0.015560366070387466,-0.014560366070387465,0.014560366070387465,0.014560366070387465
2022-09-02,-0.0072042655479780384,0.0,0.0,-0.012005349977708413,-0.012005349977708413,-0.011005349977708412,-0.011005349977708412,0.011005349977708412,-0.0005,-0.012005349977708413,-0.011005349977708412,-0.011005349977708412
2022-09-06,-0.003952018785472397,0.0,0.0,0.0039624151664664495,0.0039624151664664495,-0.0049624151664664495,-0.0049624151664664495,0.0049624151664664495,0.004462415166466449,0.0039624151664664495,-0.0049624151664664495,-0.0049624151664664495
2022-09-07,0.020127114076590694,0.0,0.0,-0.025691580345786003,-0.025691580345786003,0.025691580345786003,0.025691580345786003,-0.025691580345786003,-0.025691580345786003,-0.025691580345786003,-0.0005,0.025691580345786003
2022-09-08,0.00398215901044217,0.0,0.0,0.004083091285573937,0.004083091285573937,0.005083091285573937,0.005083091285573937,-0.005083091285573937,-0.0005,0.004083091285573937,0.0,0.005083091285573937
2022-09-09,0.002354379306783533,0.0,0.0,0.0030052855513467147,0.0030052855513467147,0.0030052855513467147,0.0030052855513467147,-0.0030052855513467147,-0.0035052855513467147,0.0030052855513467147,0.0,0.0030052855513467147
2022-09-12,0.0070417688274574545,0.0,0.008488579729743317,-0.009988579729743319,0.008988579729743318,0.008988579729743318,0.008988579729743318,-0.008988579729743318,-0.008988579729743318,0.008988579729743318,0.0,0.008988579729743318
2022-09-13,-0.016170933204690624,0.0,-0.02064164927538492,-0.02164164927538492,-0.02064164927538492,-0.02064164927538492,-0.02064164927538492,0.02064164927538492,-0.0005,-0.02064164927538492,-0.02114164927538492,-0.02064164927538492
2022-09-14,-0.001738182719415418,0.0,-0.0005,-0.0022187314496049377,0.0012187314496049382,-0.002218731449604938,-0.002218731449604938,0.002218731449604938,0.0,0.0012187314496049382,-0.002218731449604938,-0.002218731449604938
2022-09-15,-0.008419410586109186,0.0,0.0,-0.01074709283775399,0.010747092837753991,-0.010747092837753991,-0.010747092837753991,0.010747092837753991,0.0,0.010747092837753991,-0.010747092837753991,-0.010747092837753991
2022-09-16,-0.002136359699004968,0.0,0.0,-0.0020980577176549216,0.002098057717654922,-0.002098057717654922,0.001098057717654922,0.002098057717654922,0.001598057717654922,0.002098057717654922,0.001098057717654922,-0.002098057717654922
2022-09-19,0.008328736995428904,0.0,0.0,0.00855932494842637,-0.008559324948426372,0.008559324948426372,-0.008559324948426372,-0.008559324948426372,-0.0005,-0.008559324948426372,-0.008559324948426372,0.008559324948426372
2022-09-20,-0.005649963779865997,0.0,0.0,-0.005806387687023129,0.005806387687023129,-0.005806387687023129,0.005806387687023129,0.005806387687023129,-0.0063063876870231295,-0.006806387687023129,0.005806387687023129,-0.005806387687023129
2022-09-21,0.008888942612303065,0.0,0.0,0.009135040319843577,-0.00913504031984358,0.00913504031984358,-0.009135040319843577,-0.00913504031984358,0.00913504031984358,-0.01013504031984358,-0.00913504031984358,0.00913504031984358
2022-09-22,-0.009963852954715571,0.0,0.0,-0.01023971044163785,-0.011239710441637851,-0.01023971044163785,-0.011239710441637851,0.01023971044163785,0.00923971044163785,-0.011239710441637851,0.01023971044163785,-0.01023971044163785
2022-09-23,-0.024291907316880832,0.0,0.0,-0.024964448806146008,0.02396444880614601,-0.02496444880614601,0.023964448806146007,0.02496444880614601,0.02496444880614601,0.02396444880614601,0.02496444880614601,-0.02496444880614601
2022-09-26,0.009352109243343388,0.0,0.0,-0.010611030101069452,-0.009611030101069451,-0.010611030101069452,-0.009611030101069451,-0.009611030101069451,-0.0005,-0.009611030101069451,-0.009611030101069451,0.009611030101069451
2022-09-27,-0.0026676288489728217,0.0,0.0,-0.0037414843538325906,0.0027414843538325906,0.0027414843538325906,0.0027414843538325906,0.0027414843538325906,0.0022414843538325906,0.0027414843538325906,0.0027414843538325906,-0.0027414843538325906
2022-09-28,0.016050397017456468,0.0,0.0,0.01649476549674489,-0.01649476549674489,-0.01649476549674489,-0.01649476549674489,-0.01649476549674489,-0.01649476549674489,-0.01649476549674489,-0.01649476549674489,0.01649476549674489
2022-09-29,-0.006286770864552476,0.0,0.0,-0.006460825301067508,0.006460825301067508,0.006460825301067508,-0.007460825301067508,0.006460825301067508,-0.0005,-0.007460825301067508,0.006460825301067508,-0.006460825301067508
2022-09-30,-0.01876212556040735,0.0,0.0,-0.019281570480955357,0.019281570480955357,0.019281570480955357,0.018281570480955356,0.019281570480955357,0.0,-0.019281570480955357,0.019281570480955357,-0.019281570480955357
2022-10-03,0.021231608770454234,0.0,0.0,-0.022819423370424086,-0.021819423370424085,-0.021819423370424085,-0.021819423370424085,-0.021819423370424085,-0.022319423370424085,-0.022819423370424086,-0.021819423370424085,0.021819423370424085
2022-10-04,0.012628745077949371,0.0,0.0,0.011978382301222168,-0.012978382301222169,-0.012978382301222169,-0.012978382301222169,-0.012978382301222169,0.011978382301222168,0.011978382301222168,-0.012978382301222169,0.012978382301222169
2022-10-05,-0.00964027966539707,0.0,0.0,-0.009907178758931545,-0.010907178758931546,0.009907178758931545,-0.010907178758931546,0.009907178758931545,-0.009907178758931545,-0.009907178758931545,0.009907178758931545,-0.009907178758931545
2022-10-06,-0.009077497003999081,0.0,0.0,0.008328814995387401,0.008328814995387401,0.009328814995387402,-0.009328814995387402,0.009328814995387402,0.008328814995387401,0.008328814995387401,0.009328814995387402,-0.009328814995387402
2022-10-07,-0.023055463270569888,0.0,0.0,0.023693772786632983,0.023693772786632983,0.023693772786632983,0.022693772786632982,0.023693772786632983,0.023693772786632983,0.023693772786632983,0.023693772786632983,-0.023693772786632983
2022-10-10,0.005752429070496863,0.0,0.0,-0.005911689813735244,-0.005911689813735244,-0.005911689813735244,-0.005911689813735244,-0.005911689813735244,-0.005911689813735244,-0.005911689813735244,-0.005911689813735244,0.005911689813735244
2022-10-11,0.025206834857949077,0.0,0.0,-0.02590470687079205,-0.02590470687079205,-0.02590470687079205,-0.02590470687079205,-0.02590470687079205,-0.0005,-0.02590470687079205,-0.02590470687079205,0.02590470687079205
2022-10-12,-0.009788499885150247,0.0,0.0,-0.012306071779288885,-0.012306071779288885,0.011306071779288884,0.011306071779288884,0.011306071779288884,0.010806071779288884,-0.012306071779288885,0.011306071779288884,-0.011306071779288884
2022-10-13,0.007284208772185502,0.0,0.0,-0.009462044486114096,-0.009462044486114096,-0.008462044486114095,-0.008462044486114095,-0.008462044486114095,-0.008462044486114095,-0.009462044486114096,-0.008462044486114095,0.008462044486114095
2022-10-14,-0.01203873792461792,0.0,0.0,0.013985367396906812,-0.014985367396906812,0.013985367396906812,0.013985367396906812,0.013985367396906812,0.013985367396906812,-0.014985367396906812,0.013985367396906812,-0.013985367396906812
2022-10-17,0.00620366923956247,0.0,0.0,-0.007206784803144073,-0.008206784803144074,-0.007206784803144073,-0.007206784803144073,-0.007206784803144073,-0.007206784803144073,-0.008206784803144074,-0.007206784803144073,0.007206784803144073
2022-10-18,0.01815066693588069,0.0,0.0,0.020085577839359492,-0.021085577839359493,-0.021085577839359493,-0.021085577839359493,-0.021085577839359493,-0.021085577839359493,0.020085577839359492,-0.021085577839359493,0.021085577839359493
2022-10-19,-0.0024386143707663707,0.0,0.0,-0.0028329313361663555,-0.0038329313361663555,0.0028329313361663555,0.0028329313361663555,0.0028329313361663555,-0.0038329313361663555,-0.0028329313361663555,-0.0005,-0.0028329313361663555
2022-10-20,0.002123827541196094,0.0,0.0,-0.0034672443770503705,0.0024672443770503705,-0.0024672443770503705,0.0014672443770503705,-0.0024672443770503705,0.0024672443770503705,0.0024672443770503705,0.0,0.0024672443770503705
2022-10-21,0.017397202862354834,0.0,0.0,0.019210280781261635,0.020210280781261636,-0.020210280781261636,-0.021210280781261637,-0.020210280781261636,-0.0005,0.020210280781261636,0.0,0.020210280781261636
2022-10-24,0.016423283558118295,0.0,0.018578881512503143,0.019078881512503143,0.019078881512503143,-0.019078881512503143,0.018078881512503142,-0.019078881512503143,0.018578881512503143,0.019078881512503143,0.018578881512503143,0.019078881512503143
2022-10-25,0.004075061930900622,0.0,0.004733987783906546,0.004733987783906546,0.004733987783906546,0.003733987783906546,0.004733987783906546,-0.004733987783906546,0.004733987783906546,0.004733987783906546,0.004733987783906546,0.004733987783906546
2022-10-26,0.006575981315919123,0.0,0.007639298676837214,0.007639298676837214,0.007639298676837214,0.007639298676837214,0.007639298676837214,-0.007639298676837214,0.007639298676837214,0.007639298676837214,0.007639298676837214,0.007639298676837214
2022-10-27,-0.002500721259266979,0.0,-0.002905080730812082,-0.002905080730812082,-0.002905080730812082,-0.002905080730812082,-0.002905080730812082,0.002905080730812082,-0.002905080730812082,-0.002905080730812082,-0.002905080730812082,-0.002905080730812082
2022-10-28,0.010887908176201512,0.0,0.01264845177139251,-0.013648451771392511,0.01264845177139251,0.01264845177139251,0.01264845177139251,-0.01264845177139251,-0.0005,0.01264845177139251,0.01264845177139251,0.01264845177139251
2022-10-31,-0.0010873233842968102,0.0,-0.0012631404640467414,-0.0022631404640467414,-0.0012631404640467414,-0.0012631404640467414,-0.0012631404640467414,0.0012631404640467414,0.0,-0.0012631404640467414,-0.0012631404640467414,-0.0012631404640467414
2022-11-01,-0.003870638138250658,0.0,-0.004496509248965386,-0.004496509248965386,-0.004496509248965386,-0.004496509248965386,-0.004496509248965386,0.004496509248965386,-0.004996509248965386,-0.004496509248965386,-0.004496509248965386,-0.004496509248965386
2022-11-02,-0.006518616691737548,0.0,-0.0066341522035699985,0.0056341522035699984,-0.0066341522035699985,-0.0066341522035699985,-0.0066341522035699985,0.0066341522035699985,-0.0066341522035699985,0.0056341522035699984,-0.0066341522035699985,-0.0066341522035699985
2022-11-03,-0.00020770747885759562,0.0,-0.00021324106915643348,0.00021324106915643348,-0.00021324106915643348,-0.00021324106915643348,-0.00021324106915643348,0.00021324106915643348,-0.0005,0.00021324106915643348,-0.00021324106915643348,-0.00021324106915643348
2022-11-04,0.0017305731579886502,0.0,0.001776677818692951,-0.001776677818692951,0.001776677818692951,0.001776677818692951,0.001776677818692951,-0.001776677818692951,0.001276677818692951,-0.001776677818692951,0.001776677818692951,0.001776677818692951
2022-11-07,0.01022624334779352,0.0,0.010498683422142996,0.009498683422142995,0.010498683422142996,0.010498683422142996,0.010498683422142996,-0.010498683422142996,-0.0005,-0.010498683422142996,0.010498683422142996,0.010498683422142996
2022-11-08,0.002324995961915228,0.0,0.0023869367989541868,0.0023869367989541868,0.0023869367989541868,0.0023869367989541868,0.0023869367989541868,-0.0023869367989541868,-0.0028869367989541868,0.0013869367989541867,0.0023869367989541868,0.0023869367989541868
2022-11-09,-0.022647531629722686,0.0,-0.023250890555497228,-0.023250890555497228,-0.023250890555497228,-0.023250890555497228,-0.023250890555497228,0.023250890555497228,-0.02425089055549723,-0.023250890555497228,-0.023250890555497228,-0.023250890555497228
2022-11-10,0.02018346276374688,0.0,0.020721175774182088,-0.02172117577418209,0.020721175774182088,0.020721175774182088,0.020721175774182088,0.019721175774182087,-0.0005,-0.0005,0.020721175774182088,0.020721175774182088
2022-11-11,0.00150511403141856,0.0,0.0015452121754464532,0.0005452121754464532,0.0015452121754464532,0.0015452121754464532,0.0015452121754464532,0.0015452121754464532,0.0,0.0010452121754464532,0.0015452121754464532,0.0015452121754464532
2022-11-14,-0.02862439695435093,0.0,-0.029386987142089316,-0.029386987142089316,-0.029386987142089316,-0.029386987142089316,-0.029386987142089316,-0.029386987142089316,0.0,-0.029386987142089316,-0.029386987142089316,-0.029386987142089316
2022-11-15,0.06369820707496633,0.0,0.06539520798539122,-0.06639520798539122,-0.0005,0.06539520798539122,-0.06639520798539122,0.06539520798539122,0.0,-0.0005,0.06539520798539122,0.06539520798539122
2022-11-16,0.004654140976503524,0.006689199309097782,0.007189199309097782,0.006189199309097782,0.006689199309097782,0.007189199309097782,0.006189199309097782,0.007189199309097782,-0.007689199309097783,0.006689199309097782,0.007189199309097782,0.007189199309097782
2022-11-17,-0.0022512164675477205,-0.0033669506224986985,-0.003366950622498699,-0.003366950622498699,-0.003366950622498699,-0.003366950622498699,-0.003366950622498699,-0.003366950622498699,-0.0005,-0.003366950622498699,-0.003366950622498699,-0.003366950622498699
2022-11-18,0.010074474198375967,0.015067523564501473,0.015067523564501473,-0.016067523564501474,0.015067523564501473,0.015067523564501473,0.015067523564501473,0.015067523564501473,0.0,0.015067523564501473,0.015067523564501473,0.015067523564501473
2022-11-21,0.004094672074824911,0.006124048437810891,0.006124048437810892,0.005124048437810892,0.006124048437810892,0.006124048437810892,0.006124048437810892,0.006124048437810892,-0.006624048437810892,0.006124048437810892,0.006124048437810892,0.006124048437810892
2022-11-22,0.0023885937484566053,0.003572413992255052,0.0035724139922550524,0.0035724139922550524,0.0035724139922550524,0.0035724139922550524,0.0035724139922550524,0.0035724139922550524,-0.0035724139922550524,0.0035724139922550524,0.0035724139922550524,0.0035724139922550524
2022-11-23,0.0032177292248589126,0.00481248052901484,0.00481248052901484,0.00481248052901484,0.00481248052901484,0.00481248052901484,0.00481248052901484,0.00481248052901484,-0.00481248052901484,0.00481248052901484,0.00481248052901484,0.00481248052901484
2022-11-25,0.0028513618643244997,0.004264536415067299,0.004264536415067299,0.004264536415067299,0.004264536415067299,0.004264536415067299,0.004264536415067299,0.004264536415067299,-0.0005,0.004264536415067299,0.004264536415067299,0.004264536415067299
2022-11-28,0.0019219056272304122,0.00287442875497268,0.00287442875497268,0.00287442875497268,0.00287442875497268,0.00287442875497268,0.0028744287549726795,0.00287442875497268,-0.00337442875497268,0.00287442875497268,0.00287442875497268,0.00287442875497268
2022-11-29,-0.002351873025523785,-0.003517493968916763,-0.003517493968916763,-0.003517493968916763,-0.003517493968916763,-0.003517493968916763,-0.003517493968916763,-0.003517493968916763,-0.0005,-0.003517493968916763,-0.003517493968916763,-0.003517493968916763
2022-11-30,-0.002404096371564605,-0.003595599930735993,-0.003595599930735993,0.002595599930735993,-0.003595599930735993,-0.003595599930735993,-0.003595599930735993,-0.003595599930735993,0.003095599930735993,-0.0005,-0.003595599930735993,-0.003595599930735993
2022-12-01,0.004167395263766324,0.0062328142494536545,0.006232814249453655,-0.006232814249453655,0.006232814249453655,0.006232814249453655,0.006232814249453655,0.006232814249453655,0.005232814249453655,0.0,0.006232814249453655,0.006232814249453655
2022-12-02,-0.0006539669459012272,-0.0009780820491217534,-0.0009780820491217534,-0.0019780820491217535,-0.0009780820491217534,-0.0009780820491217534,-0.0009780820491217534,-0.0009780820491217534,-0.0005,-0.0014780820491217535,-0.0009780820491217534,-0.0009780820491217534
2022-12-05,-0.006851189130122853,-0.010246733638925143,-0.010246733638925143,-0.010246733638925143,-0.010246733638925143,-0.010246733638925143,-0.010246733638925143,-0.010246733638925143,-0.010746733638925143,-0.010246733638925143,-0.010246733638925143,-0.010246733638925143
2022-12-06,-0.00775976585744803,-0.011605613614153687,-0.011605613614153687,0.010605613614153686,-0.011605613614153687,-0.011605613614153687,-0.011605613614153687,-0.011605613614153687,-0.011605613614153687,-0.0005,-0.011605613614153687,-0.011605613614153687
2022-12-07,-0.003479313237221155,-0.005203709211798135,-0.005203709211798135,0.005203709211798135,-0.005203709211798135,-0.005203709211798135,-0.005203709211798135,-0.005203709211798135,-0.0005,0.0,-0.005203709211798135,-0.005203709211798135
2022-12-08,0.0010352686623437204,0.0015483621932317337,0.0015483621932317337,-0.0015483621932317337,0.0015483621932317337,0.0015483621932317337,0.0015483621932317337,0.0015483621932317337,0.0,0.0,0.0015483621932317337,0.0015483621932317337
2022-12-09,-0.01559435586916736,-0.023323135272883877,-0.023323135272883877,0.023323135272883877,-0.0005,-0.023323135272883877,-0.023323135272883877,-0.023323135272883877,0.0,0.0,-0.0005,-0.023323135272883877
2022-12-12,0.012469636742049312,0.01864976193813561,0.01864976193813561,0.017649761938135607,0.01814976193813561,0.01864976193813561,0.01864976193813561,0.01864976193813561,-0.019149761938135612,0.0,0.0,0.01864976193813561
2022-12-13,-0.002394057968404477,-0.0035805863555173896,-0.00358058635551739,0.00258058635551739,-0.00358058635551739,-0.00358058635551739,-0.00358058635551739,-0.00358058635551739,-0.0005,-0.0040805863555173905,0.0,-0.00358058635551739
2022-12-14,-0.003717284566111278,-0.005559622437155908,-0.005559622437155909,0.005559622437155909,-0.005559622437155909,-0.005559622437155909,-0.005559622437155909,-0.005559622437155909,0.0,-0.0005,0.0,-0.005559622437155909
2022-12-15,-0.006681888200412791,-0.008931558114992355,-0.008931558114992355,-0.009931558114992352,-0.008931558114992355,-0.008931558114992355,-0.008931558114992355,-0.008931558114992355,0.008431558114992355,0.0,0.0,-0.008931558114992355
2022-12-16,-0.018083605985081973,-0.017955559324992487,-0.017955559324992487,-0.017955559324992484,-0.017955559324992487,0.016955559324992486,0.016955559324992486,-0.017955559324992487,0.017955559324992487,0.0,0.0,-0.017955559324992487
2022-12-19,0.0003503895290519754,0.0003503895290519754,0.0003503895290519754,0.00035038952905197535,0.0003503895290519754,-0.0003503895290519754,-0.0003503895290519754,-0.0005,-0.0006496104709480246,0.0,0.0,0.0003503895290519754
2022-12-20,0.008753407404959779,0.008753407404959777,0.008753407404959779,0.008753407404959779,-0.0005,-0.008753407404959779,-0.008753407404959779,0.0,-0.00975340740495978,0.0,-0.00925340740495978,0.008753407404959779
2022-12-21,0.007844419578382889,0.007844419578382889,0.007844419578382889,-0.00884441957838289,0.007344419578382888,-0.007844419578382889,-0.007844419578382889,0.0,-0.007844419578382889,0.007344419578382888,-0.007844419578382889,0.007844419578382889
2022-12-22,-0.011709316865043395,-0.011709316865043394,-0.011709316865043395,0.011709316865043395,-0.011709316865043395,0.011709316865043395,0.011709316865043395,0.0,-0.0005,-0.011709316865043395,0.011709316865043395,-0.011709316865043395
2022-12-23,0.0020209532041886025,0.0020209532041886025,0.0020209532041886025,0.0010209532041886024,-0.0005,-0.0020209532041886025,-0.0020209532041886025,0.0,0.0015209532041886025,-0.0005,-0.0020209532041886025,0.0020209532041886025
2022-12-27,0.00027835613997972963,0.00027835613997972963,0.00027835613997972963,-0.0012783561399797297,0.0,-0.00027835613997972963,-0.00027835613997972963,0.0,0.00027835613997972963,0.0,-0.00027835613997972963,0.00027835613997972963
2022-12-28,-0.017523166907730814,-0.017523166907730814,-0.017523166907730814,0.017523166907730814,0.0,0.017523166907730814,0.017523166907730814,0.0,-0.017523166907730814,0.0,0.017523166907730814,-0.017523166907730814
2022-12-29,0.006086743235568681,0.006086743235568681,0.006086743235568681,0.005086743235568681,0.0,-0.006086743235568681,-0.006086743235568681,0.0,-0.007086743235568681,0.0,-0.006086743235568681,0.006086743235568681
2022-12-30,-0.002532831041874406,-0.002532831041874406,-0.002532831041874406,0.001532831041874406,0.0,0.002532831041874406,0.0025328310418744056,0.0,-0.003532831041874406,0.0,0.002532831041874406,-0.002532831041874406
2023-01-03,0.012765736241230785,0.012765736241230785,0.012765736241230785,0.011765736241230784,0.0,-0.012765736241230785,-0.012765736241230785,0.0,-0.0005,0.0,-0.012765736241230785,0.012765736241230785
2023-01-04,0.0011139106307587188,0.0011139106307587188,0.0011139106307587188,-0.002113910630758719,0.0,-0.0011139106307587188,-0.0011139106307587188,0.0,0.0006139106307587188,0.0006139106307587188,-0.0011139106307587188,0.0011139106307587188
2023-01-05,-0.0034083138560472293,-0.0034083138560472293,-0.0034083138560472293,0.0034083138560472293,0.0,0.0034083138560472293,0.0034083138560472293,0.0,0.0024083138560472292,-0.0034083138560472293,0.0034083138560472293,-0.0034083138560472293
2023-01-06,0.024499196912354693,0.024499196912354693,0.024499196912354693,0.023499196912354692,0.0,-0.024499196912354693,-0.024499196912354693,0.0,-0.0005,0.024499196912354693,-0.024499196912354693,0.024499196912354693
2023-01-09,-0.01246766070031613,-0.01246766070031613,-0.01246766070031613,0.011467660700316129,-0.01296766070031613,0.01246766070031613,0.01246766070031613,0.0,-0.01296766070031613,-0.01246766070031613,-0.0005,-0.01246766070031613
2023-01-10,-0.0006209967446914044,-0.0006209967446914044,-0.0006209967446914044,-0.0016209967446914044,-0.0005,0.0006209967446914044,0.0006209967446914042,0.0,-0.0005,-0.0005,0.0,-0.0006209967446914044
2023-01-11,0.008767143892917995,0.008767143892917995,0.008767143892917995,0.008767143892917995,0.0,-0.008767143892917995,-0.008767143892917995,0.0,0.0,0.0,0.0,0.008767143892917995
2023-01-12,-0.009032988851988999,-0.009032988851988999,-0.009032988851988999,0.008032988851988998,-0.009532988851989,0.009032988851988999,-0.010032988851989,0.008532988851988998,-0.009532988851989,-0.009532988851989,0.0,-0.009032988851988999
2023-01-13,0.0033146345487542472,0.0033146345487542472,0.0033146345487542472,0.002314634548754247,-0.0005,-0.0033146345487542472,-0.004314634548754247,-0.0033146345487542472,-0.0005,-0.0005,0.0,0.0033146345487542472
2023-01-17,-0.0060567266723564606,-0.0060567266723564606,-0.0060567266723564606,0.0050567266723564605,0.0,0.0060567266723564606,0.0060567266723564606,0.0060567266723564606,-0.006556726672356461,-0.006556726672356461,0.0,-0.0060567266723564606
2023-01-18,-0.024721394692169385,-0.024721394692169385,-0.024721394692169385,-0.025721394692169386,0.0,0.024721394692169385,0.024721394692169385,0.024721394692169385,-0.024721394692169385,-0.0005,0.0,-0.024721394692169385
2023-01-19,-0.01427147421913011,-0.0005,-0.01427147421913011,-0.01427147421913011,0.0,0.01427147421913011,0.01427147421913011,0.01427147421913011,-0.01427147421913011,0.0,-0.01477147421913011,-0.01427147421913011
2023-01-20,0.012317173741994925,0.0,0.012317173741994925,0.012317173741994925,0.0,-0.012317173741994925,-0.012317173741994925,-0.012317173741994925,0.012317173741994925,0.0,-0.0005,0.012317173741994925
2023-01-23,0.014942336555071822,0.0,0.014942336555071822,0.014942336555071822,0.0,-0.014942336555071822,-0.014942336555071822,-0.014942336555071822,-0.0005,0.0,-0.015442336555071823,0.014942336555071822
2023-01-24,0.002663992484641886,0.002163992484641886,0.002663992484641886,-0.003663992484641886,0.0,-0.002663992484641886,-0.002663992484641886,-0.002663992484641886,0.002163992484641886,0.002163992484641886,-0.002663992484641886,0.002663992484641886
2023-01-25,-0.004754364250789234,-0.004754364250789234,-0.004754364250789234,0.004754364250789234,0.0,0.004754364250789234,0.004754364250789234,0.004754364250789234,-0.004754364250789234,-0.004754364250789234,0.004754364250789234,-0.004754364250789234
2023-01-26,-0.0009133682432528323,-0.0009133682432528323,-0.0009133682432528323,-0.0019133682432528323,0.0,0.0009133682432528323,0.0009133682432528323,0.0009133682432528323,-0.0005,-0.0005,0.0009133682432528323,-0.0009133682432528323
2023-01-27,0.00766458997568531,0.007664589975685309,0.00766458997568531,-0.00866458997568531,0.0,-0.00766458997568531,-0.00766458997568531,-0.00766458997568531,0.007164589975685309,0.0,-0.00766458997568531,0.00766458997568531
2023-01-30,-0.00802494448588098,-0.00802494448588098,-0.00802494448588098,0.00802494448588098,0.0,0.00802494448588098,0.00802494448588098,0.00802494448588098,-0.0005,-0.00852494448588098,0.00802494448588098,-0.00802494448588098
2023-01-31,0.012100005941509506,0.012100005941509506,0.012100005941509506,0.011100005941509505,0.0,-0.012100005941509506,0.011100005941509505,-0.012100005941509506,0.011600005941509506,-0.0005,-0.012100005941509506,0.012100005941509506
2023-02-01,0.005560346133933969,0.005560346133933969,0.005560346133933969,-0.006560346133933969,0.0,-0.005560346133933969,0.005560346133933969,-0.005560346133933969,0.005560346133933969,0.005060346133933968,-0.005560346133933969,0.005560346133933969
2023-02-02,-0.007257800810551052,-0.007257800810551052,-0.007257800810551052,0.007257800810551052,0.0,0.007257800810551052,-0.007257800810551052,0.007257800810551052,-0.0005,-0.007257800810551052,0.007257800810551052,-0.007257800810551052
2023-02-03,-0.013298940825889338,-0.013298940825889338,-0.013298940825889338,-0.014298940825889339,0.0,-0.014298940825889339,-0.013298940825889338,0.013298940825889338,-0.013798940825889339,-0.0005,-0.0005,-0.013298940825889338
2023-02-06,-0.007268366089073441,-0.007268366089073441,-0.007268366089073441,-0.007268366089073441,0.0,0.006268366089073441,0.006268366089073441,0.007268366089073441,-0.007268366089073441,0.0,0.0,-0.007268366089073441
2023-02-07,0.002132591956033547,0.002132591956033547,0.002132591956033547,0.002132591956033547,0.0,-0.002132591956033547,-0.002132591956033547,-0.002132591956033547,0.002132591956033547,0.0,-0.002632591956033547,0.002132591956033547
2023-02-08,-0.005391142775167057,-0.005391142775167057,-0.005391142775167057,0.004391142775167057,0.0,0.005391142775167057,0.005391142775167057,0.005391142775167057,-0.005391142775167057,0.0,0.005391142775167057,-0.005391142775167057
2023-02-09,0.009271266239561093,0.009271266239561093,0.009271266239561093,0.008271266239561093,0.0,-0.009271266239561093,-0.009271266239561093,-0.009271266239561093,-0.0005,0.0,-0.009271266239561093,0.009271266239561093
2023-02-10,0.015545563936304019,0.015545563936304019,0.015545563936304019,-0.01654556393630402,0.0,-0.015545563936304019,-0.015545563936304019,-0.015545563936304019,0.015045563936304018,0.015045563936304018,-0.015545563936304019,0.015545563936304019
2023-02-13,0.015237777639428574,0.015237777639428574,0.015237777639428574,-0.015237777639428572,0.0,-0.015237777639428574,-0.015237777639428574,-0.0005,-0.0005,0.015237777639428574,-0.015237777639428574,0.015237777639428574
2023-02-14,-0.002878399591160319,-0.002878399591160319,-0.002878399591160319,0.0028783995911603184,-0.003378399591160319,0.002878399591160319,-0.003878399591160319,0.0,-0.003378399591160319,-0.002878399591160319,-0.0005,-0.002878399591160319
2023-02-15,0.007423234995675321,0.007423234995675321,0.007423234995675321,-0.007423234995675321,0.007423234995675321,0.006423234995675321,0.007423234995675321,0.0,-0.008423234995675322,0.007423234995675321,0.0,0.007423234995675321
2023-02-16,-0.01569230069549854,-0.015692300695498537,-0.01569230069549854,0.015692300695498537,-0.01569230069549854,-0.01569230069549854,-0.01569230069549854,0.0,-0.0005,-0.01569230069549854,-0.01619230069549854,-0.01569230069549854
2023-02-17,0.015041407923211514,0.015041407923211514,0.015041407923211514,-0.015041407923211514,0.015041407923211514,0.015041407923211514,0.015041407923211514,0.0,0.0,-0.0005,0.015041407923211514,0.015041407923211514
2023-02-21,0.006077605099569228,0.006077605099569227,0.006077605099569228,-0.006077605099569228,0.006077605099569228,0.006077605099569228,0.006077605099569228,0.0,0.0,0.005577605099569227,0.006077605099569228,0.006077605099569228
2023-02-22,-0.020973167082747213,-0.020973167082747213,-0.020973167082747213,0.020973167082747213,-0.020973167082747213,-0.020973167082747213,-0.020973167082747213,-0.021473167082747213,-0.021473167082747213,-0.020973167082747213,-0.020973167082747213,-0.020973167082747213
2023-02-23,-0.014905723633559131,-0.01490572363355913,-0.014905723633559131,0.014905723633559131,-0.014905723633559131,-0.014905723633559131,-0.014905723633559131,-0.014905723633559131,-0.014905723633559131,-0.0005,-0.014905723633559131,-0.014905723633559131
2023-02-24,0.0026743875560015784,0.0026743875560015784,0.0026743875560015784,-0.0026743875560015784,-0.0005,0.0026743875560015784,-0.0036743875560015784,0.0026743875560015784,-0.0036743875560015784,0.0,0.0026743875560015784,0.0026743875560015784
2023-02-27,-0.007229843867101127,-0.007229843867101127,-0.007229843867101127,0.007229843867101127,0.0,-0.007229843867101127,-0.008229843867101128,-0.007229843867101127,0.007229843867101127,0.0,-0.007229843867101127,-0.007229843867101127
2023-02-28,0.004878420405310946,0.004878420405310946,0.004878420405310946,-0.004878420405310946,0.0,0.004878420405310946,-0.005878420405310946,0.004878420405310946,0.003878420405310946,0.0,0.004878420405310946,0.004878420405310946
2023-03-01,-0.013930892953890606,-0.013930892953890606,-0.013930892953890606,0.013930892953890606,0.0,0.012930892953890605,0.013930892953890606,-0.013930892953890606,0.012930892953890605,0.0,-0.013930892953890606,-0.013930892953890606
2023-03-02,0.0024972056986785063,0.002497205698678506,0.0024972056986785063,-0.0024972056986785063,0.0,-0.0024972056986785063,-0.002497205698678506,0.0024972056986785063,0.0014972056986785063,0.0,0.0024972056986785063,0.0024972056986785063
2023-03-03,0.0012100795751457394,0.0012100795751457392,0.0012100795751457394,-0.0012100795751457394,0.0,-0.0012100795751457394,-0.0012100795751457394,0.0012100795751457394,0.0012100795751457394,0.0,0.0012100795751457394,0.0012100795751457394
2023-03-06,-0.0001423301138080424,-0.00014233011380804245,-0.0001423301138080424,0.0001423301138080424,0.0,0.0001423301138080424,0.0001423301138080424,-0.0001423301138080424,-0.0005,0.0,-0.0008576698861919576,-0.0001423301138080424
2023-03-07,-0.0099536545910629,-0.0099536545910629,-0.0099536545910629,0.0099536545910629,0.0,0.0099536545910629,0.0099536545910629,-0.0099536545910629,0.0,0.0,0.0099536545910629,-0.0099536545910629
2023-03-08,-0.008258687329570469,-0.0005,-0.008258687329570469,0.008258687329570469,0.0,0.008258687329570469,0.008258687329570469,-0.008258687329570469,0.0,0.0,0.008258687329570469,-0.008258687329570469
2023-03-09,-0.006734164303263235,0.0,-0.006734164303263235,-0.007734164303263235,0.0,0.006734164303263235,0.006734164303263235,-0.0005,-0.007234164303263235,0.0,0.006734164303263235,-0.006734164303263235
2023-03-10,-0.001457963221634495,-0.001957963221634495,-0.001457963221634495,0.0004579632216344951,0.0,0.001457963221634495,0.001457963221634495,0.0,-0.001457963221634495,0.0,0.001457963221634495,-0.001457963221634495
2023-03-13,0.0029202711806222137,-0.0005,0.0029202711806222137,0.0019202711806222137,0.0,-0.0029202711806222137,-0.0029202711806222137,0.0,0.0029202711806222137,0.0,-0.0029202711806222137,0.0029202711806222137
2023-03-14,0.00531402230711886,0.0,0.00531402230711886,0.00531402230711886,0.0,-0.00531402230711886,-0.00531402230711886,0.0,-0.0005,0.0,-0.00531402230711886,0.00531402230711886
2023-03-15,0.011151521421664867,0.0,0.011151521421664867,-0.012151521421664865,0.0,-0.011151521421664867,-0.011151521421664867,0.010651521421664867,-0.011651521421664868,0.0,-0.011151521421664867,0.011151521421664867
2023-03-16,-0.00568061806684983,0.0,-0.00568061806684983,0.005680618066849829,0.0,0.00568061806684983,0.00568061806684983,-0.00568061806684983,0.00568061806684983,-0.00618061806684983,0.00568061806684983,-0.00568061806684983
2023-03-17,0.008099412027323227,0.0,0.008099412027323227,-0.008099412027323226,0.0,-0.008099412027323227,-0.008099412027323227,0.008099412027323227,-0.008099412027323227,0.008099412027323227,-0.008099412027323227,0.008099412027323227
2023-03-20,0.01076038770134602,0.0,0.01076038770134602,-0.010760387701346017,0.0,-0.01076038770134602,-0.01076038770134602,0.01076038770134602,0.009760387701346018,0.01076038770134602,-0.01076038770134602,0.01076038770134602
2023-03-21,-0.003406390050659347,0.0,-0.003406390050659347,0.0034063900506593465,0.0,0.003406390050659347,0.003406390050659347,-0.003406390050659347,0.002406390050659347,-0.003406390050659347,0.003406390050659347,-0.003406390050659347
2023-03-22,-0.006409638341890456,0.0,-0.006409638341890456,-0.007409638341890456,0.0,0.006409638341890456,0.006409638341890456,-0.006409638341890456,-0.007409638341890456,-0.006409638341890456,0.006409638341890456,-0.006409638341890456
2023-03-23,0.008099057878443894,0.0,0.008099057878443894,0.008099057878443894,0.0,-0.008099057878443894,-0.008099057878443894,0.008099057878443894,-0.009099057878443895,0.008099057878443894,-0.008099057878443894,0.008099057878443894
2023-03-24,0.008176436160957534,0.0,0.008176436160957534,-0.009176436160957532,0.0,-0.008176436160957534,-0.008176436160957534,0.008176436160957534,0.007176436160957534,0.008176436160957534,-0.008176436160957534,0.008176436160957534
2023-03-27,0.01671384329963299,0.0,0.01671384329963299,-0.01671384329963299,0.01621384329963299,-0.01671384329963299,0.01571384329963299,0.01671384329963299,-0.017713843299632992,0.01671384329963299,-0.0005,0.01671384329963299
2023-03-28,-0.0038841745551412288,-0.004384174555141229,-0.0038841745551412288,0.0038841745551412288,-0.0038841745551412288,-0.004884174555141229,-0.0038841745551412288,0.0028841745551412288,-0.004884174555141229,-0.0038841745551412288,0.0,-0.0038841745551412288
2023-03-29,0.004317187346478901,0.004317187346478901,0.004317187346478901,-0.004317187346478901,0.004317187346478901,0.004317187346478901,0.004317187346478901,-0.004317187346478901,0.004317187346478901,0.004317187346478901,0.0,0.004317187346478901
2023-03-30,0.009983886738969217,0.009983886738969217,0.009983886738969217,-0.009983886738969217,0.009983886738969217,0.009983886738969217,0.009983886738969217,-0.009983886738969217,0.009983886738969217,0.009983886738969217,0.009483886738969216,0.009983886738969217
2023-03-31,0.012219486362590848,0.012219486362590848,0.012219486362590848,-0.012219486362590848,0.012219486362590848,0.012219486362590848,0.012219486362590848,-0.012219486362590848,-0.013219486362590849,0.012219486362590848,0.012219486362590848,0.012219486362590848
2023-04-03,0.00840959390032725,-0.0005,0.00840959390032725,-0.00840959390032725,0.00840959390032725,0.00840959390032725,0.008409593900327248,-0.00840959390032725,0.00740959390032725,0.00840959390032725,0.00840959390032725,0.00840959390032725
2023-04-04,-0.009819081874197444,-0.010319081874197444,-0.009819081874197444,0.009819081874197444,-0.009819081874197444,-0.009819081874197444,-0.009819081874197442,0.009819081874197444,-0.009819081874197444,-0.009819081874197444,-0.009819081874197444,-0.009819081874197444
2023-04-05,0.016572807424203972,-0.0005,0.016572807424203972,-0.016572807424203972,0.016572807424203972,0.016572807424203972,0.016572807424203972,-0.016572807424203972,-0.017572807424203973,0.016572807424203972,0.016572807424203972,0.016572807424203972
2023-04-06,0.0075496529024503545,0.007049652902450354,0.0075496529024503545,-0.0075496529024503545,0.0075496529024503545,0.0075496529024503545,0.0075496529024503545,-0.0075496529024503545,0.0065496529024503545,0.0075496529024503545,0.0075496529024503545,0.0075496529024503545
2023-04-10,-0.001922895314038331,-0.0019228953140383307,-0.001922895314038331,0.001922895314038331,-0.001922895314038331,-0.001922895314038331,-0.001922895314038331,0.001922895314038331,-0.001922895314038331,-0.001922895314038331,-0.001922895314038331,-0.001922895314038331
2023-04-11,-0.002923297085777432,-0.0004999999999999999,-0.002923297085777432,0.002923297085777432,-0.002923297085777432,-0.002923297085777432,-0.0029232970857774316,0.002923297085777432,0.001923297085777432,-0.002923297085777432,-0.002923297085777432,-0.002923297085777432
2023-04-12,-0.004864433419836445,0.0,-0.004864433419836445,0.004864433419836445,-0.004864433419836445,-0.004864433419836445,-0.004864433419836445,0.004864433419836445,0.004864433419836445,-0.004864433419836445,-0.004864433419836445,-0.004864433419836445
2023-04-13,0.001004346325253147,0.0,0.001004346325253147,-0.001004346325253147,0.001004346325253147,0.001004346325253147,0.001004346325253147,-0.001004346325253147,-0.001004346325253147,-0.0005,0.001004346325253147,0.001004346325253147
2023-04-14,-0.006756359903064446,-0.0072563599030644466,-0.006756359903064446,-0.007756359903064446,-0.006756359903064446,-0.006756359903064446,-0.006756359903064446,0.006756359903064446,0.006756359903064446,-0.0072563599030644466,-0.006756359903064446,-0.006756359903064446
2023-04-17,0.007004399624491953,0.007004399624491952,0.007004399624491953,0.007004399624491953,0.007004399624491953,0.007004399624491953,0.007004399624491953,-0.007004399624491953,-0.007004399624491953,-0.0005,0.007004399624491953,0.007004399624491953
2023-04-18,0.0022071088989981114,0.0022071088989981114,0.0022071088989981114,-0.003207108898998111,0.0022071088989981114,0.0022071088989981114,0.0022071088989981114,-0.0022071088989981114,0.0012071088989981113,0.0017071088989981113,0.0022071088989981114,0.0022071088989981114
2023-04-19,0.0010677784032311344,0.0010677784032311342,0.0010677784032311344,-0.0010677784032311342,0.0010677784032311344,0.0010677784032311344,0.0010677784032311344,-0.0010677784032311344,-0.0020677784032311344,0.0010677784032311344,0.0010677784032311344,0.0010677784032311344
2023-04-20,0.00639944026212258,0.00639944026212258,0.00639944026212258,-0.006399440262122579,0.00639944026212258,0.00639944026212258,0.00639944026212258,-0.00639944026212258,-0.00639944026212258,0.00639944026212258,0.00639944026212258,0.00639944026212258
2023-04-21,0.0050341827319833055,0.0050341827319833055,0.0050341827319833055,-0.005034182731983305,0.0050341827319833055,0.0050341827319833055,0.0050341827319833055,-0.0050341827319833055,-0.0050341827319833055,0.0050341827319833055,0.0050341827319833055,0.0050341827319833055
2023-04-24,0.0067884236343311866,0.0067884236343311866,0.0067884236343311866,-0.006788423634331186,0.0067884236343311866,0.0067884236343311866,0.0067884236343311866,-0.0067884236343311866,0.0057884236343311865,0.0067884236343311866,0.0067884236343311866,0.0067884236343311866
2023-04-25,-0.007790089396306987,-0.007790089396306987,-0.007790089396306987,0.007790089396306986,-0.007790089396306987,-0.007790089396306987,-0.007790089396306987,0.007790089396306987,0.006790089396306987,-0.007790089396306987,-0.007790089396306987,-0.007790089396306987
2023-04-26,-0.004354358125822189,-0.004354358125822189,-0.004354358125822189,-0.005354358125822189,-0.004354358125822189,-0.004354358125822189,-0.004354358125822189,0.004354358125822189,-0.005354358125822189,-0.0005,-0.004354358125822189,-0.004354358125822189
2023-04-27,0.003114296404577388,0.0031142964045773876,0.003114296404577388,0.003114296404577388,0.003114296404577388,0.003114296404577388,0.003114296404577388,-0.003114296404577388,-0.004114296404577388,0.0,0.003114296404577388,0.003114296404577388
2023-04-28,-0.0027083658017359458,-0.0027083658017359453,-0.0027083658017359458,0.0017083658017359453,-0.0027083658017359458,-0.0027083658017359458,-0.0027083658017359458,0.0027083658017359458,0.0027083658017359458,0.0,-0.0027083658017359458,-0.0027083658017359458
2023-05-01,0.004106798026202618,0.004106798026202618,0.004106798026202618,0.0031067980262026182,0.004106798026202618,0.004106798026202618,0.004106798026202618,-0.004106798026202618,0.0031067980262026182,0.0,0.004106798026202618,0.004106798026202618
2023-05-02,-0.0027047706321070564,-0.0027047706321070564,-0.0027047706321070564,0.001704770632107056,-0.0027047706321070564,-0.0027047706321070564,-0.0027047706321070564,0.0027047706321070564,0.0017047706321070564,0.0,-0.0027047706321070564,-0.0027047706321070564
2023-05-03,-0.0037039141431033373,-0.0037039141431033373,-0.0037039141431033373,0.0037039141431033373,-0.0037039141431033373,-0.0037039141431033373,-0.0037039141431033373,0.0037039141431033373,0.0037039141431033373,0.0,-0.0037039141431033373,-0.0037039141431033373
2023-05-04,0.0027988870802222454,0.0027988870802222454,0.0027988870802222454,-0.0027988870802222454,0.0027988870802222454,0.0027988870802222454,0.0027988870802222454,-0.0027988870802222454,0.0017988870802222454,0.0,0.0027988870802222454,0.0027988870802222454
2023-05-05,0.008639619845384194,0.008639619845384193,0.008639619845384194,-0.008639619845384194,0.008639619845384194,0.008639619845384194,0.008639619845384194,-0.008639619845384194,0.008639619845384194,0.008139619845384194,0.008639619845384194,0.008639619845384194
2023-05-08,0.006259512774157372,0.006259512774157372,0.006259512774157372,-0.006259512774157372,0.006259512774157372,0.006259512774157372,0.006259512774157372,-0.006259512774157372,0.006259512774157372,0.006259512774157372,0.006259512774157372,0.006259512774157372
2023-05-09,0.0017024821455511319,0.0017024821455511319,0.0017024821455511319,-0.0017024821455511319,0.0017024821455511319,0.0017024821455511319,0.0017024821455511316,-0.0017024821455511319,0.0017024821455511319,0.0017024821455511319,0.0017024821455511319,0.0017024821455511319
2023-05-10,-0.0028109802861819855,-0.0028109802861819855,-0.0028109802861819855,0.0028109802861819855,-0.0028109802861819855,-0.0028109802861819855,-0.0028109802861819855,0.0028109802861819855,-0.0028109802861819855,-0.0028109802861819855,-0.0028109802861819855,-0.0028109802861819855
2023-05-11,0.003736551410038702,0.003736551410038702,0.003736551410038702,-0.003736551410038702,0.003736551410038702,0.003736551410038702,0.003736551410038702,-0.003736551410038702,0.003736551410038702,0.003736551410038702,0.003736551410038702,0.003736551410038702
2023-05-12,-0.00032641713958581065,-0.00032641713958581065,-0.00032641713958581065,0.00032641713958581065,-0.00032641713958581065,-0.00032641713958581065,-0.00032641713958581065,0.00032641713958581065,-0.0006735828604141894,-0.00032641713958581065,-0.00032641713958581065,-0.00032641713958581065
2023-05-15,-0.0077741604906296224,-0.0077741604906296224,-0.0077741604906296224,-0.008774160490629623,-0.0077741604906296224,-0.0077741604906296224,-0.0077741604906296224,0.0077741604906296224,-0.008774160490629623,-0.0077741604906296224,-0.0077741604906296224,-0.0077741604906296224
2023-05-16,-0.013826831042778043,-0.013826831042778041,-0.013826831042778043,-0.013826831042778043,-0.013826831042778043,-0.013826831042778043,-0.013826831042778043,0.013826831042778043,-0.013826831042778043,-0.0005,-0.013826831042778043,-0.013826831042778043
2023-05-17,-0.0016691922688876204,-0.0016691922688876204,-0.0016691922688876204,-0.0016691922688876204,-0.0016691922688876204,-0.0016691922688876204,-0.0016691922688876204,0.0016691922688876204,-0.0016691922688876204,0.0,-0.0016691922688876204,-0.0016691922688876204
2023-05-18,0.01297399937033128,0.01297399937033128,0.01297399937033128,0.01297399937033128,0.01297399937033128,0.01297399937033128,0.01297399937033128,-0.01297399937033128,0.01297399937033128,0.0,0.01297399937033128,0.01297399937033128
2023-05-19,-0.01029911333774336,-0.01029911333774336,-0.01029911333774336,-0.01029911333774336,-0.01029911333774336,-0.01029911333774336,-0.01029911333774336,0.01029911333774336,-0.01029911333774336,-0.01079911333774336,-0.0005,-0.01029911333774336
2023-05-22,-0.008805351774088033,-0.008805351774088033,-0.008805351774088033,-0.008805351774088033,-0.008805351774088033,0.007805351774088033,0.007805351774088033,0.008805351774088033,0.007805351774088033,-0.0005,0.0,-0.008805351774088033
2023-05-23,-0.0018841263491732319,-0.0018841263491732319,-0.0018841263491732319,-0.0018841263491732319,-0.0018841263491732319,0.0018841263491732319,0.0018841263491732319,-0.002884126349173232,-0.002884126349173232,0.0,0.0013841263491732318,-0.0018841263491732319
2023-05-24,-0.00458506936341907,-0.0005,-0.00458506936341907,-0.00458506936341907,-0.00458506936341907,0.00458506936341907,0.00458506936341907,-0.00458506936341907,-0.00458506936341907,0.0,0.00458506936341907,-0.00458506936341907
2023-05-25,-0.009957249003480273,0.0,-0.009957249003480273,-0.009957249003480273,-0.0005,0.009957249003480273,0.009957249003480271,-0.009957249003480273,-0.009957249003480273,0.0,0.009957249003480273,-0.009957249003480273
2023-05-26,0.001778812282757114,0.0,0.001778812282757114,0.001778812282757114,0.0,-0.001778812282757114,-0.001778812282757114,0.001778812282757114,0.001778812282757114,0.0,-0.001778812282757114,0.001778812282757114
2023-05-30,-0.002458684643379838,0.0,-0.002458684643379838,-0.002458684643379838,0.0,0.002458684643379838,0.002458684643379838,-0.002458684643379838,-0.002458684643379838,0.0,0.002458684643379838,-0.002458684643379838
2023-05-31,0.005545797234623562,0.0,0.005545797234623562,0.005545797234623562,0.0,-0.005545797234623562,-0.005545797234623562,0.005545797234623562,0.005545797234623562,0.0,-0.005545797234623562,0.005545797234623562
2023-06-01,0.003676484532545876,0.0,0.003676484532545876,0.003676484532545876,0.0,-0.003676484532545876,-0.003676484532545876,0.003676484532545876,0.003676484532545876,0.003176484532545876,-0.003676484532545876,0.003676484532545876
2023-06-02,0.009565349742270968,0.0,0.009565349742270968,0.009565349742270968,0.0,-0.009565349742270968,-0.009565349742270968,0.009565349742270968,0.009565349742270968,0.009565349742270968,-0.009565349742270968,0.009565349742270968
2023-06-05,0.006585085010226699,0.0,0.006585085010226699,0.006585085010226699,0.0,-0.006585085010226699,-0.006585085010226699,0.006585085010226699,0.006585085010226699,0.006585085010226699,-0.006585085010226699,0.006585085010226699
2023-06-06,-0.00013355552499738632,0.0,-0.00013355552499738632,-0.00013355552499738632,-0.0006335555249973863,0.00013355552499738632,0.00013355552499738632,-0.00013355552499738632,-0.00013355552499738632,-0.00013355552499738632,0.00013355552499738632,-0.00013355552499738632
2023-06-07,0.0014688322222002892,0.0,0.0014688322222002892,0.0014688322222002892,0.0014688322222002892,-0.0014688322222002892,-0.0014688322222002892,0.0014688322222002892,0.0014688322222002892,0.0014688322222002892,-0.0014688322222002892,0.0014688322222002892
2023-06-08,0.014466713001109577,0.013966713001109575,0.014466713001109577,0.014466713001109577,0.014466713001109577,-0.014466713001109577,-0.014466713001109577,0.014466713001109577,-0.015466713001109578,0.014466713001109577,-0.014466713001109577,0.014466713001109577
2023-06-09,0.006045767160738125,0.006045767160738125,0.006045767160738125,0.006045767160738125,0.006045767160738125,0.005045767160738125,-0.006045767160738125,-0.007045767160738125,0.005045767160738125,0.006045767160738125,-0.0005,0.006045767160738125
2023-06-12,0.006597519564285115,0.006597519564285115,0.006597519564285115,0.006597519564285115,0.006597519564285115,0.006597519564285115,0.005597519564285115,-0.006597519564285115,0.006597519564285115,0.006597519564285115,0.0,0.006597519564285115
2023-06-13,0.007787112769077398,0.007787112769077398,0.007787112769077398,0.007787112769077398,0.007787112769077398,0.007787112769077398,0.007787112769077398,-0.007787112769077398,-0.008787112769077399,0.007787112769077398,0.0,0.007787112769077398
2023-06-14,0.012652201264815192,0.01010945293072174,0.01010945293072174,0.01010945293072174,0.01010945293072174,0.01010945293072174,0.01010945293072174,-0.0005,-0.0005,0.01010945293072174,0.0,0.01010945293072174
2023-06-15,0.006932995256858133,0.005482322925525418,0.005482322925525418,0.005482322925525418,0.005482322925525418,0.005482322925525418,0.005482322925525418,0.0,0.0,0.005482322925525418,0.0049823229255254176,0.005482322925525418
2023-06-16,-0.017638756799636602,-0.013947991769467594,-0.013947991769467594,-0.013947991769467594,-0.013947991769467594,-0.013947991769467594,-0.013947991769467594,0.0,0.0,-0.013947991769467594,-0.013947991769467594,-0.013947991769467594
2023-06-20,-0.011139447365106137,-0.00880860946890083,-0.00880860946890083,-0.00880860946890083,-0.00880860946890083,-0.00880860946890083,-0.00880860946890083,0.0,0.0,-0.0005,-0.00880860946890083,-0.00880860946890083
2023-06-21,0.00246100401780564,0.0019460591341498024,0.0019460591341498024,0.0019460591341498024,0.0019460591341498024,0.0019460591341498024,0.0019460591341498024,0.0,0.0014460591341498024,0.0,0.0019460591341498024,0.0019460591341498024
2023-06-22,0.010561608199622985,0.008351678404212581,0.008351678404212581,0.008351678404212581,0.008351678404212581,0.008351678404212581,0.008351678404212581,0.0,-0.0005,0.0,0.008351678404212581,0.008351678404212581
2023-06-23,-0.0023546586962222495,-0.0018619656979164123,-0.0018619656979164123,-0.0018619656979164123,-0.0018619656979164123,-0.0018619656979164123,-0.0018619656979164123,0.0,0.0,-0.0023619656979164123,-0.0018619656979164123,-0.0018619656979164123
2023-06-26,-0.003335143780588539,-0.002637292329048857,-0.002637292329048857,-0.002637292329048857,-0.002637292329048857,-0.002637292329048857,-0.002637292329048857,0.0,-0.003137292329048857,-0.002637292329048857,-0.002637292329048857,-0.002637292329048857
2023-06-27,-0.004567594869707005,-0.0036118631473079916,-0.003611863147307992,-0.003611863147307992,-0.003611863147307992,-0.003611863147307992,-0.003611863147307992,0.0,-0.0005,-0.0005,-0.003611863147307992,-0.003611863147307992
2023-06-28,0.006876131281056084,0.00543735726975525,0.00543735726975525,0.00543735726975525,0.00543735726975525,0.00543735726975525,0.00543735726975525,0.0,-0.00593735726975525,0.0,0.00543735726975525,0.00543735726975525
2023-06-29,-0.008548730111050748,-0.006759978528123489,-0.006759978528123489,-0.006759978528123489,-0.006759978528123489,-0.006759978528123489,-0.006759978528123488,0.0,-0.007759978528123489,-0.00725997852812349,-0.006759978528123489,-0.006759978528123489
2023-06-30,0.023771139959655997,0.018797224105667976,0.018797224105667976,0.018797224105667976,0.018797224105667976,0.018797224105667976,0.018797224105667972,0.0,0.018797224105667976,-0.0005,0.018797224105667976,0.018797224105667976
2023-07-03,0.008206472711458695,0.006489335679153108,0.006489335679153108,0.006489335679153108,0.006489335679153108,0.006489335679153108,0.006489335679153108,0.0,0.006489335679153108,0.005989335679153107,0.006489335679153108,0.006489335679153108
2023-07-05,-0.0007193900995176901,-0.0005688636280373194,-0.0005688636280373194,-0.0005688636280373194,-0.0005688636280373194,-0.0005688636280373194,-0.0005688636280373194,0.0,-0.0005688636280373194,-0.0005688636280373194,-0.0005688636280373194,-0.0005688636280373194
2023-07-06,-0.007998278558299512,-0.006324704443080087,-0.006324704443080087,-0.006324704443080087,-0.006324704443080087,-0.006324704443080087,-0.006324704443080087,0.0,-0.006324704443080087,-0.006324704443080087,-0.006324704443080087,-0.006324704443080087
2023-07-07,-0.029138187731437865,-0.023041261199523433,-0.023041261199523433,-0.023041261199523433,-0.023041261199523433,-0.023041261199523433,-0.023041261199523433,0.0,-0.0005,-0.0005,-0.023041261199523433,-0.023041261199523433
2023-07-10,0.011452334327235336,0.00905602740328959,0.00905602740328959,0.00905602740328959,0.00905602740328959,0.00905602740328959,0.00905602740328959,0.0,0.00855602740328959,0.0,0.00905602740328959,0.00905602740328959
2023-07-11,-0.0018780113509319107,-0.0014850528959220455,-0.0014850528959220455,-0.0014850528959220455,-0.0014850528959220455,-0.0014850528959220455,-0.0014850528959220455,0.0,-0.0005,-0.0019850528959220455,-0.0014850528959220455,-0.0014850528959220455
2023-07-12,0.003189110082622339,0.002521814983313275,0.0025218149833132752,0.0025218149833132752,0.0025218149833132752,0.0025218149833132752,0.0025218149833132752,0.0,-0.0030218149833132753,-0.0005,0.0025218149833132752,0.0025218149833132752
2023-07-13,-0.007422603040361895,-0.005869484300453975,-0.005869484300453975,-0.005869484300453975,-0.005869484300453975,-0.005869484300453975,-0.005869484300453975,0.0,-0.006869484300453975,-0.006369484300453976,-0.0005,-0.005869484300453975
2023-07-14,0.004348730176869618,0.003438794094369646,0.003438794094369646,0.003438794094369646,0.003438794094369646,0.003438794094369646,0.003438794094369646,0.0,-0.0005,-0.0005,0.0,0.003438794094369646
2023-07-17,0.0015534093694587697,0.0012283712137961533,0.0012283712137961533,0.0012283712137961533,0.0012283712137961533,0.0012283712137961533,-0.0022283712137961533,0.0,0.0007283712137961533,0.0007283712137961533,-0.0017283712137961533,0.0012283712137961533
2023-07-18,-0.002286456846409085,-0.0018080345251777485,-0.0018080345251777485,-0.0018080345251777485,-0.0018080345251777485,-0.0018080345251777485,0.0018080345251777485,0.0,-0.0018080345251777485,-0.0018080345251777485,0.0018080345251777485,-0.0018080345251777485
2023-07-19,0.0004087237299734298,0.0003232016454681741,0.0003232016454681741,0.0003232016454681741,0.0003232016454681741,-0.0013232016454681741,-0.0003232016454681741,0.0,0.0003232016454681741,0.0003232016454681741,-0.0003232016454681741,0.0003232016454681741
2023-07-20,0.023391509733338273,0.018497028387099542,0.018497028387099546,0.018497028387099546,0.018497028387099546,-0.018497028387099546,-0.018497028387099546,0.0,0.018497028387099546,-0.0005,-0.018497028387099546,0.018497028387099546
2023-07-21,0.0071471289987593755,0.00565165094016562,0.00565165094016562,0.00565165094016562,0.00565165094016562,0.00465165094016562,0.00465165094016562,0.0,0.00565165094016562,0.00515165094016562,-0.00565165094016562,0.00565165094016562
2023-07-24,0.007426096252846698,0.005872246586908769,0.005872246586908769,0.005872246586908769,0.005872246586908769,0.005872246586908769,0.005872246586908769,0.0,-0.006872246586908769,0.005872246586908769,-0.0005,0.005872246586908769
2023-07-25,-0.0010322573513834288,-0.0008162659763734093,-0.0008162659763734093,-0.0008162659763734093,-0.0008162659763734093,-0.0008162659763734093,-0.0008162659763734093,0.0,0.0008162659763734093,-0.0008162659763734093,-0.0013162659763734093,-0.0008162659763734093
2023-07-26,0.004528937663114774,0.0035812946437845383,0.0035812946437845383,0.0035812946437845383,0.0035812946437845383,0.0035812946437845383,0.0035812946437845383,0.0,-0.0035812946437845383,0.0035812946437845383,0.0035812946437845383,0.0035812946437845383
2023-07-27,-0.004591875161986322,-0.0036310629877910334,-0.003631062987791034,-0.003631062987791034,-0.003631062987791034,-0.003631062987791034,-0.003631062987791034,0.0,0.003631062987791034,-0.003631062987791034,-0.003631062987791034,-0.003631062987791034
2023-07-28,0.0059591358187402865,0.0047122355785664816,0.0047122355785664816,0.004712235578566481,0.0047122355785664816,0.0047122355785664816,0.0047122355785664816,0.0,0.0037122355785664815,-0.0005,0.0047122355785664816,0.0047122355785664816
2023-07-31,-0.00039526247549628683,-0.0003125570479612927,-0.0003125570479612927,-0.00031255704796129274,-0.0003125570479612927,-0.0003125570479612927,-0.0003125570479612927,0.0,-0.0003125570479612927,-0.0008125570479612927,-0.0003125570479612927,-0.0003125570479612927
2023-08-01,-0.0059329473236654105,-0.00469152681105478,-0.00469152681105478,-0.00469152681105478,-0.00469152681105478,-0.00469152681105478,-0.00469152681105478,0.0,0.0036915268110547803,-0.0005,-0.00469152681105478,-0.00469152681105478
2023-08-02,0.0008742886081907151,0.0006913508956274403,0.0006913508956274406,0.0006913508956274406,0.0006913508956274406,0.0006913508956274406,0.0006913508956274406,0.0,-0.00030864910437255946,0.0,0.0006913508956274406,0.0006913508956274406
2023-08-03,0.0003178061804638891,0.00025130784667815037,0.0002513078466781504,0.0002513078466781504,0.0002513078466781504,0.0002513078466781504,0.0002513078466781504,0.0,-0.0012513078466781504,0.0,0.0002513078466781504,0.0002513078466781504
2023-08-04,-0.007305541062133406,-0.005776916579985024,-0.005776916579985025,-0.005776916579985025,-0.005776916579985025,-0.005776916579985025,-0.005776916579985025,0.0,0.005776916579985025,0.0,-0.005776916579985025,-0.005776916579985025
2023-08-07,0.0171712463667555,0.013578304055983146,0.013578304055983148,0.013578304055983148,0.013578304055983148,0.013578304055983148,0.013578304055983148,0.0,0.012578304055983147,0.0,0.013578304055983148,0.013578304055983148
2023-08-08,0.0012607918520395884,0.0009969815092423229,0.0009969815092423229,0.0009969815092423229,0.0009969815092423229,0.0009969815092423229,0.0009969815092423229,0.0,-0.001996981509242323,0.0004969815092423229,0.0009969815092423229,0.0009969815092423229
2023-08-09,0.0020466062429999265,0.0016183706911414575,0.0016183706911414575,0.0016183706911414575,0.0016183706911414575,0.0016183706911414575,0.0016183706911414575,0.0,0.0006183706911414575,0.0016183706911414575,0.0016183706911414575,0.0016183706911414575
2023-08-10,-0.0006308929166533484,-0.0004988837540453872,-0.0004988837540453872,-0.0004988837540453872,-0.0004988837540453872,-0.0004988837540453872,-0.0004988837540453872,0.0,-0.0005011162459546128,-0.0004988837540453872,-0.0004988837540453872,-0.0004988837540453872
2023-08-11,0.007417553888872514,0.005865491642455645,0.005865491642455645,0.005865491642455645,0.005865491642455645,0.005865491642455645,0.005865491642455645,0.0,0.004865491642455645,-0.0005,0.005865491642455645,0.005865491642455645
2023-08-14,-0.009413832431389185,-0.007444065291204005,-0.007444065291204005,-0.007444065291204005,-0.007444065291204005,-0.007444065291204005,-0.007444065291204005,0.0,0.006444065291204005,-0.007944065291204006,-0.007444065291204005,-0.007444065291204005
2023-08-15,-0.006481209623993097,-0.005125069726768516,-0.005125069726768516,-0.005125069726768516,-0.005125069726768516,-0.005125069726768516,-0.005125069726768516,0.0,-0.006125069726768516,-0.0005,-0.005125069726768516,-0.005125069726768516
2023-08-16,0.0006356780348583902,0.0005026676255561746,0.0005026676255561746,0.0005026676255561746,0.0005026676255561746,0.0005026676255561746,0.0005026676255561746,0.0,0.0005026676255561746,0.0,0.0005026676255561746,0.0005026676255561746
2023-08-17,-0.02834759339005674,-0.02241609223258134,-0.02241609223258134,-0.02241609223258134,-0.02241609223258134,-0.02241609223258134,-0.02241609223258134,0.0,0.02141609223258134,0.0,-0.02241609223258134,-0.02241609223258134
2023-08-18,0.018194324518845884,0.01438731150514605,0.01438731150514605,0.01438731150514605,0.01438731150514605,0.01438731150514605,0.01438731150514605,0.0,0.013387311505146049,0.0,-0.0005,0.01438731150514605
2023-08-21,-0.003362802345482714,-0.002659163566340772,-0.002659163566340772,-0.002659163566340772,-0.002659163566340772,-0.002659163566340772,-0.002659163566340772,0.0,0.001659163566340772,-0.003159163566340772,0.0,-0.002659163566340772
2023-08-22,-0.004014470597848572,-0.0031744755876851327,-0.0031744755876851327,-0.0031744755876851327,-0.0031744755876851327,-0.0031744755876851327,0.0021744755876851327,0.0,-0.004174475587685133,-0.0005,0.0,-0.0031744755876851327
2023-08-23,0.008779067791905487,0.00694211994054017,0.00694211994054017,0.00694211994054017,0.00694211994054017,0.00694211994054017,-0.00694211994054017,0.0,0.00694211994054017,0.0,0.0,0.00694211994054017
2023-08-24,-0.00967843157884437,-0.007653299239652633,-0.007653299239652633,-0.007653299239652633,-0.007653299239652633,-0.007653299239652633,0.007653299239652633,0.0,-0.007653299239652633,-0.008153299239652634,0.0,-0.007653299239652633
2023-08-25,0.007496250668052982,0.005927721766764371,0.005927721766764371,0.005927721766764371,0.005927721766764371,0.005927721766764371,-0.005927721766764371,0.0,0.005927721766764371,-0.0005,0.0,0.005927721766764371
2023-08-28,0.007211607883101915,0.005702638147389472,0.005702638147389472,0.005702638147389472,0.005702638147389472,0.005702638147389472,-0.005702638147389472,0.0,0.005702638147389472,0.005202638147389471,0.0,0.005702638147389472
2023-08-29,0.010596858415442764,0.008379552801808243,0.008379552801808243,0.008379552801808243,0.008379552801808243,0.008379552801808243,-0.008379552801808243,0.0,0.008379552801808243,0.008379552801808243,0.0,0.008379552801808243
2023-08-30,0.009086461832969468,0.007185194302494757,0.007185194302494757,0.007185194302494757,0.007185194302494757,0.007185194302494757,0.006185194302494757,0.0,0.007185194302494757,0.007185194302494757,0.006685194302494757,0.007185194302494757
2023-08-31,0.0110615426421055,0.008747005669519803,0.008747005669519803,0.008747005669519803,0.008747005669519803,0.008747005669519803,0.008747005669519803,0.0,0.008747005669519803,0.008747005669519803,0.008747005669519803,0.008747005669519803
2023-09-01,-0.008088124092874335,-0.006395750537258271,-0.006395750537258271,-0.006395750537258271,-0.006395750537258271,-0.006395750537258271,-0.006395750537258271,0.0,-0.006395750537258271,-0.006395750537258271,-0.006395750537258271,-0.006395750537258271
2023-09-05,-0.01017504849219851,-0.008046003141561675,-0.008046003141561675,-0.008046003141561675,-0.008046003141561675,-0.008046003141561675,-0.008046003141561675,0.0,0.007046003141561675,-0.008046003141561675,-0.008046003141561675,-0.008046003141561675
2023-09-06,0.009468550664125976,0.007487334183026828,0.007487334183026828,0.007487334183026828,0.007487334183026828,0.007487334183026828,0.007487334183026828,0.0,0.006487334183026828,-0.0005,0.007487334183026828,0.007487334183026828
2023-09-07,0.01566370053899371,0.012386199814365062,0.012386199814365062,0.012386199814365062,0.012386199814365062,0.012386199814365062,0.012386199814365062,0.0,0.012386199814365062,0.011886199814365062,0.012386199814365062,0.012386199814365062
2023-09-08,0.0023208456217761572,0.0018352277316622256,0.0018352277316622256,0.0018352277316622256,0.0018352277316622256,0.0018352277316622256,0.0018352277316622256,0.0,0.0018352277316622256,0.0018352277316622256,0.0018352277316622256,0.0018352277316622256
2023-09-11,0.004401547112987079,0.0034805595202793693,0.0034805595202793693,0.0034805595202793693,0.0034805595202793693,0.0034805595202793693,0.0034805595202793693,0.0,0.0034805595202793693,0.0034805595202793693,0.0034805595202793693,0.0034805595202793693
2023-09-12,0.001384935501841813,0.0010951491196551366,0.0010951491196551366,0.0010951491196551366,0.0010951491196551366,0.0010951491196551366,0.0010951491196551366,0.0,0.0010951491196551366,0.0010951491196551366,0.0010951491196551366,0.0010951491196551366
2023-09-13,0.00030747720091004447,0.00024314012128567866,0.00024314012128567875,0.00024314012128567875,0.00024314012128567875,0.00024314012128567875,0.00024314012128567875,0.0,0.00024314012128567875,0.00024314012128567875,0.00024314012128567875,0.00024314012128567875
2023-09-14,0.005302624348790546,0.004193093743150467,0.004193093743150467,0.004193093743150467,0.004193093743150467,0.004193093743150467,0.004193093743150466,0.0,-0.0005,0.004193093743150467,0.004193093743150467,0.004193093743150467
2023-09-15,-0.004668154661101478,-0.0036913816280400575,-0.003691381628040058,-0.003691381628040058,-0.003691381628040058,-0.003691381628040058,-0.003691381628040058,0.0,0.0,-0.003691381628040058,-0.003691381628040058,-0.003691381628040058
2023-09-18,-0.009370810178199112,-0.007410045091242323,-0.007410045091242323,-0.007410045091242323,-0.007410045091242323,-0.007410045091242323,-0.007410045091242323,0.0,0.0,-0.0005,-0.007410045091242323,-0.007410045091242323
2023-09-19,-0.0003096382107173187,-0.0002448489575346269,-0.0002448489575346269,-0.0002448489575346269,-0.0002448489575346269,-0.0002448489575346269,-0.0002448489575346269,0.0,0.0,0.0,-0.0002448489575346269,-0.0002448489575346269
2023-09-20,0.004102248441271684,0.0032438866381074845,0.003243886638107485,0.003243886638107485,0.003243886638107485,0.003243886638107485,0.003243886638107485,0.0,0.0,0.0,0.003243886638107485,0.003243886638107485
2023-09-21,-0.015353349915896845,-0.01214078751089176,-0.01214078751089176,-0.01214078751089176,-0.01214078751089176,-0.01214078751089176,-0.01214078751089176,0.0,0.0,-0.01264078751089176,-0.01214078751089176,-0.01214078751089176
2023-09-22,0.0033585245515416542,0.00265578086565732,0.00265578086565732,0.00265578086565732,0.00265578086565732,0.00265578086565732,0.00265578086565732,0.0,0.0,-0.0005,0.00265578086565732,0.00265578086565732
2023-09-25,0.005608381048257174,0.0044348733637928905,0.0044348733637928905,0.0044348733637928905,0.0044348733637928905,0.0044348733637928905,0.0044348733637928905,0.0,0.00393487336379289,0.0,0.0044348733637928905,0.0044348733637928905
2023-09-26,-0.004420532485532303,-0.0034955723595065935,-0.0034955723595065935,-0.0034955723595065935,-0.0034955723595065935,-0.0034955723595065935,-0.0034955723595065935,0.0,-0.0034955723595065935,-0.003995572359506594,-0.0005,-0.0034955723595065935
2023-09-27,-0.0060701079135311925,-0.0047999876737037095,-0.0047999876737037095,-0.0047999876737037095,-0.0047999876737037095,-0.0047999876737037095,-0.0047999876737037095,0.0,-0.0047999876737037095,-0.0005,0.0,-0.0047999876737037095
2023-09-28,0.006412278047829917,0.005070561516926864,0.005070561516926864,0.005070561516926864,0.005070561516926864,0.005070561516926864,0.005070561516926864,0.0,-0.0005,0.0,0.0,0.005070561516926864
2023-09-29,-0.020306479421175232,-0.016057515336866057,-0.016057515336866057,-0.016057515336866057,-0.016057515336866057,-0.016057515336866057,-0.016057515336866057,0.0,-0.016557515336866058,-0.016557515336866058,0.0,-0.016057515336866057
2023-10-02,0.0013443058052249567,0.0010630208534487815,0.0010630208534487817,0.0010630208534487817,0.0010630208534487817,0.0010630208534487817,0.0010630208534487817,0.0,0.0010630208534487817,-0.0005,0.0,0.0010630208534487817
2023-10-03,-0.007978068418776095,-0.006308723109308412,-0.006308723109308412,-0.006308723109308412,-0.006308723109308412,-0.006308723109308412,-0.006308723109308412,0.0,-0.006308723109308412,0.0,0.0,-0.006308723109308412
2023-10-04,0.015182570191083607,0.012005742041239609,0.012005742041239609,0.012005742041239609,0.012005742041239609,0.012005742041239609,0.012005742041239609,0.0,-0.0005,0.0,0.0,0.012005742041239609
2023-10-05,-0.015080934934728282,-0.011925373127759209,-0.011925373127759209,-0.011925373127759209,-0.011925373127759209,-0.011925373127759209,-0.011925373127759209,0.0,-0.01242537312775921,-0.01242537312775921,0.0,-0.011925373127759209
2023-10-06,-0.021225181047371287,-0.01678398619115229,-0.01678398619115229,-0.01678398619115229,-0.01678398619115229,-0.01678398619115229,-0.01678398619115229,0.0,-0.0005,-0.0005,0.0,-0.01678398619115229
2023-10-09,-0.004608665138779811,-0.003644339799801388,-0.0036443397998013882,-0.0036443397998013882,-0.0036443397998013882,-0.0036443397998013882,-0.0036443397998013882,0.0,-0.004144339799801389,0.0,0.0,-0.0036443397998013882
2023-10-10,0.014282056643921221,0.01129365355978984,0.01129365355978984,0.01129365355978984,0.01129365355978984,0.01129365355978984,0.01129365355978984,0.0,0.01129365355978984,0.0,0.0,0.01129365355978984
2023-10-11,0.0050550966388137894,0.003997359174059856,0.003997359174059856,0.003997359174059856,0.003997359174059856,0.003997359174059856,0.003997359174059856,0.0,-0.0005,0.0034973591740598557,0.0,0.003997359174059856
2023-10-12,0.0057545076938909714,0.004550424208659809,0.004550424208659809,0.004550424208659809,0.004550424208659809,0.004550424208659809,0.004550424208659809,0.0,0.0,0.004550424208659809,0.0,0.004550424208659809
2023-10-13,0.004924302134617058,0.005536304361733357,0.005536304361733357,0.005536304361733357,0.005536304361733357,0.005536304361733357,0.005536304361733357,0.0,0.0,0.005536304361733357,0.0,0.005536304361733357
2023-10-16,0.007948068836445589,0.008634219671904475,0.008634219671904475,0.008634219671904475,0.008634219671904475,0.008634219671904475,0.008634219671904475,0.0,0.0,0.008634219671904475,0.0,0.008634219671904475
2023-10-17,0.001199120479266884,0.0013026396529927098,0.0013026396529927098,0.0013026396529927098,0.0013026396529927098,0.0013026396529927098,0.0013026396529927098,0.0,0.0,0.0013026396529927098,0.0,0.0013026396529927098
2023-10-18,0.000684281793666423,0.0007433553288955785,0.0007433553288955785,0.0007433553288955785,0.0007433553288955785,0.0007433553288955785,0.0007433553288955785,0.0,0.0,0.0007433553288955785,0.00024335532889557853,0.0007433553288955785
2023-10-19,-0.004387860739024614,-0.0047666614733807835,-0.004766661473380784,-0.004766661473380784,-0.004766661473380784,-0.004766661473380784,-0.004766661473380784,0.0,0.0,-0.004766661473380784,-0.004766661473380784,-0.004766661473380784
2023-10-20,-0.011508805125980757,-0.012502351660972355,-0.012502351660972355,-0.012502351660972355,-0.012502351660972355,-0.012502351660972355,-0.012502351660972355,0.0,0.0,-0.0005,-0.012502351660972355,-0.012502351660972355
2023-10-23,0.01304614472954083,0.01417240864218394,0.014172408642183942,0.014172408642183942,0.014172408642183942,0.014172408642183942,0.014172408642183942,0.0,0.013672408642183942,0.0,0.014172408642183942,0.014172408642183942
2023-10-24,0.012806574508039265,0.013912156502720041,0.013912156502720041,0.013912156502720041,0.013912156502720041,0.013912156502720041,0.013912156502720041,0.0,-0.0005,0.01341215650272004,0.013912156502720041,0.013912156502720041
2023-10-25,-0.0027630509283156,-0.0030015830474872107,-0.0030015830474872107,-0.0030015830474872107,-0.0030015830474872107,-0.0030015830474872107,-0.0030015830474872107,0.0,-0.0035015830474872107,-0.0030015830474872107,-0.0030015830474872107,-0.0030015830474872107
2023-10-26,-0.005599114740426877,-0.006082482126395838,-0.006082482126395838,-0.006082482126395838,-0.006082482126395838,-0.006082482126395838,-0.0060824821263958375,0.0,-0.0005,-0.006082482126395838,-0.006082482126395838,-0.006082482126395838
2023-10-27,-0.003414140986783532,-0.0037088812235205326,-0.0037088812235205326,-0.003708881223520532,-0.0037088812235205326,-0.0037088812235205326,-0.0037088812235205326,0.0,0.0,-0.0037088812235205326,-0.0037088812235205326,-0.0037088812235205326
2023-10-30,0.010566291842801789,0.011478471911297916,0.011478471911297916,0.011478471911297914,0.011478471911297916,0.011478471911297916,0.011478471911297916,0.0,-0.011978471911297917,-0.0005,0.011478471911297916,0.011478471911297916
2023-10-31,0.0022023554534056212,0.0023924831517720957,0.0023924831517720957,0.0023924831517720957,0.0023924831517720957,0.0023924831517720957,0.0023924831517720957,0.0,-0.0005,0.0018924831517720957,0.0023924831517720957,0.0023924831517720957
2023-11-01,0.008224417780392904,0.008934425613402961,0.008934425613402963,0.008934425613402963,0.008934425613402963,0.008934425613402963,0.008934425613402963,0.0,-0.009434425613402964,0.008934425613402963,0.008934425613402963,0.008934425613402963
2023-11-02,0.0036292070802462478,0.0039425138119073555,0.0039425138119073555,0.003942513811907355,0.0039425138119073555,0.0039425138119073555,0.0039425138119073555,0.0,-0.0005,0.0039425138119073555,0.0039425138119073555,0.0039425138119073555
2023-11-03,-0.00478278582278838,-0.005195680144120751,-0.005195680144120751,-0.00519568014412075,-0.005195680144120751,-0.005195680144120751,-0.005195680144120751,0.0,0.0,-0.005195680144120751,-0.005195680144120751,-0.005195680144120751
2023-11-06,0.0012297875355654052,0.0013359541733146685,0.0013359541733146685,0.0013359541733146685,0.0013359541733146685,0.0013359541733146685,0.0013359541733146685,0.0,0.0008359541733146685,0.0013359541733146685,0.0013359541733146685,0.0013359541733146685
2023-11-07,0.004298909380447452,0.004670031010576059,0.004670031010576059,0.004670031010576059,0.004670031010576059,0.004670031010576059,0.004670031010576059,0.0,-0.0005,0.004670031010576059,0.004670031010576059,0.004670031010576059
2023-11-08,-0.007501920516283163,-0.008149555701095657,-0.008149555701095657,-0.008149555701095655,-0.008149555701095657,-0.008149555701095657,-0.008149555701095657,0.0,0.0,-0.008149555701095657,-0.008149555701095657,-0.008149555701095657
2023-11-09,-0.0021290854474295133,-0.0023128878010048037,-0.0023128878010048037,-0.0023128878010048037,-0.0023128878010048037,-0.0023128878010048037,-0.0023128878010048037,0.0,-0.0028128878010048037,-0.0005,-0.0023128878010048037,-0.0023128878010048037
2023-11-10,0.012747685994503447,0.013848184187874368,0.013848184187874368,0.013848184187874368,0.013848184187874368,0.013848184187874368,0.013848184187874368,0.0,-0.0005,0.0,0.013848184187874368,0.013848184187874368
2023-11-13,0.011165965842247614,0.008965620359017157,0.008965620359017157,0.008965620359017157,0.008965620359017157,0.008965620359017157,0.008965620359017155,0.0,0.008465620359017156,0.008465620359017156,0.008965620359017157,0.008965620359017157
2023-11-14,-0.00022615065235573608,-0.0001788304852518019,-0.0001788304852518019,-0.0001788304852518019,-0.0001788304852518019,-0.0001788304852518019,-0.00017883048525180195,0.0,-0.0008211695147481981,-0.0001788304852518019,-0.0001788304852518019,-0.0001788304852518019
2023-11-15,0.016066784279417264,0.012704941591787254,0.012704941591787255,0.012704941591787255,0.012704941591787255,0.012704941591787255,0.012704941591787255,0.0,0.011704941591787255,0.012704941591787255,0.012704941591787255,0.012704941591787255
2023-11-16,-0.10234248546170144,-0.08092816070325759,-0.08092816070325759,-0.08092816070325759,-0.08092816070325759,-0.08092816070325759,-0.08092816070325759,0.0,0.07992816070325759,-0.08092816070325759,-0.08092816070325759,-0.08092816070325759
2023-11-17,-0.0035251063482694893,-0.004422117642286061,-0.004422117642286061,-0.004422117642286061,-0.004422117642286061,-0.004422117642286061,-0.004422117642286061,0.0,-0.005422117642286061,-0.0005,-0.0005,-0.004422117642286061
2023-11-20,-0.0002372972047175137,-0.0003217322208737272,-0.0003217322208737272,-0.0003217322208737272,-0.0003217322208737272,-0.0003217322208737272,-0.0003217322208737272,0.0,-0.0003217322208737272,0.0,0.0,-0.0003217322208737272
2023-11-21,0.0026595712318775305,0.0036058990244847156,0.0036058990244847156,0.0036058990244847156,0.0036058990244847156,0.0036058990244847156,0.0036058990244847156,0.0,0.0036058990244847156,0.0,0.0,0.0036058990244847156
2023-11-22,-0.005631227141120693,-0.007634928597300306,-0.007634928597300306,-0.007634928597300306,-0.007634928597300306,0.006634928597300306,-0.007634928597300306,0.0,-0.007634928597300306,0.0,0.0,-0.007634928597300306
2023-11-24,0.006628364159936266,0.008986866594045129,0.008986866594045129,0.008986866594045129,0.008986866594045129,-0.008986866594045129,0.008986866594045129,0.0,0.008986866594045129,0.0,0.0,0.008986866594045129
2023-11-27,0.003355550844945185,0.0045495218828393025,0.0045495218828393025,0.004549521882839302,0.0045495218828393025,-0.0045495218828393025,0.0045495218828393025,0.0,0.0045495218828393025,0.004049521882839302,0.0,0.0045495218828393025
2023-11-28,0.008797759768516674,0.011928175860343337,0.011928175860343337,0.011928175860343336,0.011928175860343337,-0.011928175860343337,0.011928175860343337,0.0,-0.012928175860343338,0.011928175860343337,-0.012428175860343338,0.011928175860343337
2023-11-29,-0.011902073362720953,-0.016137065333528655,-0.016137065333528655,-0.01613706533352865,-0.016137065333528655,0.016137065333528655,-0.016137065333528655,0.0,-0.017137065333528656,-0.016137065333528655,0.016137065333528655,-0.016137065333528655
2023-11-30,-0.0018428971809846407,-0.0024986362716996613,-0.0024986362716996613,-0.0024986362716996613,-0.0024986362716996613,0.0024986362716996613,-0.0024986362716996613,0.0,-0.0024986362716996613,-0.0005,0.0024986362716996613,-0.0024986362716996613
2023-12-01,-0.006395548723385224,-0.008671210842666088,-0.008671210842666088,-0.008671210842666088,-0.008671210842666088,0.008671210842666088,-0.008671210842666088,0.0,-0.008671210842666088,0.0,-0.0005,-0.008671210842666088
2023-12-04,-0.00019115905035909365,-0.00025917720305790315,-0.00025917720305790315,-0.00025917720305790315,-0.00025917720305790315,0.00025917720305790315,-0.00025917720305790315,0.0,-0.00025917720305790315,0.0,-0.00024082279694209686,-0.00025917720305790315
2023-12-05,0.006835467781810727,0.009267661761000356,0.009267661761000356,0.009267661761000355,0.009267661761000356,-0.009267661761000356,0.009267661761000355,0.0,0.009267661761000356,0.0,-0.009267661761000356,0.009267661761000356
2023-12-06,-0.008004060126588068,-0.010852062263437046,-0.010852062263437046,-0.010852062263437044,-0.010852062263437046,0.010852062263437046,-0.010852062263437046,0.0,0.009852062263437045,-0.011352062263437046,0.010852062263437046,-0.010852062263437046
2023-12-07,-0.0048540497556469765,-0.0005,-0.0005,-0.006581216200902906,0.005581216200902906,0.006581216200902906,-0.006581216200902906,0.0,-0.007581216200902906,-0.0005,0.006581216200902906,-0.006581216200902906
2023-12-08,-0.007740412561843388,0.0,0.0,-0.0104946037057847,0.0104946037057847,0.0104946037057847,-0.0104946037057847,0.0,-0.0104946037057847,0.0,0.0104946037057847,-0.0104946037057847
2023-12-11,0.0018580747241300599,0.0,0.0,0.0025192142834356,-0.0025192142834356,-0.0025192142834356,-0.0035192142834355998,0.0020192142834356,0.0025192142834356,0.0,-0.0025192142834356,0.0025192142834356
2023-12-12,0.0005851893337625775,0.0,0.0,0.0007934112169891703,-0.0007934112169891705,-0.0007934112169891705,-0.0007934112169891706,0.0007934112169891705,0.0007934112169891705,0.0,-0.0007934112169891705,0.0007934112169891705
2023-12-13,0.008557505265870971,0.0,0.0,0.017772065862337705,-0.017772065862337705,-0.017772065862337705,-0.017772065862337705,0.017772065862337705,0.017772065862337705,0.0,-0.017772065862337705,0.017772065862337705
2023-12-14,-0.005849291751786265,0.0,-0.012703935634810704,0.011203935634810702,-0.013203935634810704,0.012203935634810703,0.012203935634810701,-0.012203935634810703,-0.012203935634810703,-0.012703935634810704,0.012203935634810703,-0.012203935634810703
2023-12-15,0.0017868848720572423,0.0,-0.0005,0.0027458648414208095,-0.00474586484142081,-0.0037458648414208096,-0.0037458648414208096,0.0037458648414208096,-0.00474586484142081,-0.0005,-0.0037458648414208096,0.0037458648414208096
2023-12-18,0.007067396424123722,0.0,0.0,0.014599905999898244,-0.014599905999898244,-0.014599905999898244,-0.014599905999898244,0.014599905999898244,0.013599905999898243,0.014099905999898243,-0.0005,0.014599905999898244
2023-12-19,0.0033558782469627893,0.0031137216032732233,0.0031137216032732233,-0.004613721603273223,0.0026137216032732233,-0.0036137216032732233,-0.0036137216032732233,0.0036137216032732233,0.0036137216032732233,0.0036137216032732233,0.0,0.0036137216032732233
2023-12-20,-0.011701965887297217,-0.011701965887297215,-0.011701965887297217,0.011701965887297217,-0.011701965887297217,0.011701965887297217,0.011701965887297217,-0.011701965887297217,-0.011701965887297217,-0.011701965887297217,0.0,-0.011701965887297217
2023-12-21,0.006935106310954095,-0.0004999999999999999,-0.0005,0.006091177908386426,-0.008091177908386427,-0.007091177908386426,-0.007091177908386426,0.007091177908386426,0.007091177908386426,-0.0005,0.0,0.007091177908386426
2023-12-22,0.011580756116995227,0.011450904490970915,0.011450904490970915,-0.012950904490970916,0.010950904490970914,-0.011950904490970915,-0.011950904490970915,0.011950904490970915,0.011950904490970915,0.011450904490970915,0.0,0.011950904490970915
2023-12-26,-0.0014671275789434931,-0.001531945936392276,-0.001531945936392276,0.001531945936392276,-0.001531945936392276,0.001531945936392276,0.001531945936392276,-0.001531945936392276,0.000531945936392276,-0.001531945936392276,0.0,-0.001531945936392276
2023-12-27,0.009093322608767539,0.009398439960224936,0.009398439960224936,-0.009398439960224936,0.009398439960224936,-0.009398439960224936,-0.009398439960224934,0.009398439960224936,0.008398439960224935,0.009398439960224936,0.0,0.009398439960224936
2023-12-28,-0.0018785748793450341,-0.001963604855657164,-0.001963604855657164,0.001963604855657164,-0.001963604855657164,0.001963604855657164,0.0019636048556571635,-0.001963604855657164,0.0009636048556571639,-0.001963604855657164,0.0,-0.001963604855657164
2023-12-29,0.0004839597624972251,0.0005077168632043882,0.0005077168632043882,-0.0005077168632043882,0.0005077168632043882,-0.0005077168632043882,-0.0005077168632043884,0.0005077168632043882,-0.0004922831367956118,0.0005077168632043882,0.0,0.0005077168632043882
2024-01-02,0.010395916381639558,0.010402727367516684,0.010402727367516684,-0.010402727367516684,0.010402727367516684,-0.010402727367516684,-0.010402727367516684,0.010402727367516684,0.010402727367516684,0.010402727367516684,0.0,0.010402727367516684
2024-01-03,6.27146907057341e-05,6.271469070573403e-05,6.27146907057341e-05,-6.27146907057341e-05,6.27146907057341e-05,-6.27146907057341e-05,-6.27146907057341e-05,6.27146907057341e-05,6.27146907057341e-05,6.27146907057341e-05,0.0,6.27146907057341e-05
2024-01-04,-0.009667206786766469,-0.009667206786766469,-0.009667206786766469,0.009667206786766469,-0.009667206786766469,0.009667206786766469,-0.01066720678676647,-0.009667206786766469,-0.009667206786766469,-0.009667206786766469,0.0,-0.009667206786766469
2024-01-05,-0.0066556185958737135,-0.0066556185958737135,-0.0066556185958737135,0.0066556185958737135,-0.0066556185958737135,0.0066556185958737135,0.0056556185958737135,-0.0066556185958737135,-0.0066556185958737135,-0.0005,0.0,-0.0066556185958737135
2024-01-08,0.009827053646902506,0.009827053646902506,0.009827053646902506,-0.009827053646902506,0.009827053646902506,-0.009827053646902506,-0.009827053646902504,0.009827053646902506,0.009827053646902506,0.0,0.0,0.009827053646902506
2024-01-09,0.006698285604411325,0.006698285604411325,0.006698285604411325,-0.006698285604411325,0.006698285604411325,-0.006698285604411325,0.005698285604411325,0.006698285604411325,0.006698285604411325,0.006198285604411324,-0.007198285604411325,0.006698285604411325
2024-01-10,0.012428578677364799,0.012428578677364799,0.012428578677364799,-0.012428578677364799,0.012428578677364799,-0.012428578677364799,0.012428578677364799,0.012428578677364799,0.012428578677364799,0.012428578677364799,-0.0005,0.012428578677364799
2024-01-11,-0.00111603364938484,-0.00111603364938484,-0.00111603364938484,0.00111603364938484,-0.00111603364938484,0.00111603364938484,-0.00111603364938484,-0.00111603364938484,0.00011603364938483993,-0.00111603364938484,0.0,-0.00111603364938484
2024-01-12,0.0013034453111682165,0.0013034453111682165,0.0013034453111682165,-0.0013034453111682165,0.0013034453111682165,0.00030344531116821647,0.0013034453111682163,0.0013034453111682165,0.00030344531116821647,0.0013034453111682165,0.0,0.0013034453111682165
2024-01-16,0.003161483122454678,0.003161483122454678,0.003161483122454678,-0.003161483122454678,0.003161483122454678,0.003161483122454678,0.003161483122454678,0.003161483122454678,0.003161483122454678,0.003161483122454678,0.0,0.003161483122454678
2024-01-17,-0.0046964506504407755,-0.0046964506504407755,-0.0046964506504407755,0.0046964506504407755,-0.0046964506504407755,-0.0046964506504407755,-0.004696450650440775,-0.0046964506504407755,-0.0046964506504407755,-0.0046964506504407755,-0.005196450650440776,-0.0046964506504407755
2024-01-18,0.01347250042060022,0.01347250042060022,0.01347250042060022,-0.01347250042060022,0.01347250042060022,0.01347250042060022,0.01347250042060022,0.01347250042060022,0.01347250042060022,-0.0005,0.01347250042060022,0.01347250042060022
2024-01-19,-0.005268433118686744,-0.005268433118686743,-0.005268433118686744,0.005268433118686744,-0.005268433118686744,-0.005268433118686744,-0.005268433118686744,-0.005268433118686744,0.004268433118686744,-0.005768433118686744,-0.005268433118686744,-0.005268433118686744
2024-01-22,6.166619746728053e-05,6.166619746728051e-05,6.166619746728053e-05,-6.166619746728053e-05,6.166619746728053e-05,6.166619746728053e-05,6.166619746728053e-05,6.166619746728053e-05,-0.0005,-0.0005,6.166619746728053e-05,6.166619746728053e-05
2024-01-23,0.002524897550575389,0.002524897550575389,0.002524897550575389,-0.002524897550575389,0.002524897550575389,0.002524897550575389,0.002524897550575389,0.002524897550575389,0.002024897550575389,0.002024897550575389,0.002524897550575389,0.002524897550575389
2024-01-24,-0.014127767945797398,-0.014127767945797396,-0.014127767945797398,0.014127767945797398,-0.014127767945797398,-0.014127767945797398,-0.014127767945797398,-0.014127767945797398,-0.0005,-0.014127767945797398,-0.014127767945797398,-0.014127767945797398
2024-01-25,0.014579409461631165,0.014579409461631165,0.014579409461631165,-0.014579409461631165,0.014579409461631165,0.014579409461631165,0.014579409461631165,0.014579409461631165,0.0,-0.0005,0.014579409461631165,0.014579409461631165
2024-01-26,0.008781576335223473,0.008781576335223473,0.008781576335223473,-0.008781576335223473,0.008781576335223473,0.008781576335223473,0.008781576335223473,0.008781576335223473,0.0,0.008281576335223473,0.008781576335223473,0.008781576335223473
2024-01-29,0.004687433630803373,0.004687433630803372,0.004687433630803373,-0.004687433630803373,0.004687433630803373,0.004687433630803373,0.004687433630803373,0.004687433630803373,0.0,0.004687433630803373,0.004687433630803373,0.004687433630803373
2024-01-30,0.003332484681671133,0.003332484681671133,0.003332484681671133,-0.003332484681671133,0.003332484681671133,0.003332484681671133,0.003332484681671133,0.003332484681671133,-0.003832484681671133,0.003332484681671133,0.003332484681671133,0.003332484681671133
2024-01-31,-0.0020532351759724454,-0.0020532351759724454,-0.0020532351759724454,0.0020532351759724454,-0.0020532351759724454,-0.0020532351759724454,-0.002053235175972445,-0.0020532351759724454,-0.0005,-0.0020532351759724454,-0.0020532351759724454,-0.0020532351759724454
2024-02-01,0.018517421438793313,0.018517421438793313,0.018517421438793313,-0.018517421438793313,0.018517421438793313,0.018517421438793313,0.018517421438793313,0.018517421438793313,-0.019017421438793314,0.018517421438793313,0.018517421438793313,0.018517421438793313
2024-02-02,0.007486187329668326,0.007486187329668326,0.007486187329668326,-0.007486187329668326,0.007486187329668326,0.007486187329668326,0.007486187329668326,-0.0005,-0.007486187329668326,0.007486187329668326,0.007486187329668326,0.007486187329668326
2024-02-05,-0.005366604770192018,-0.0053666047701920174,-0.005366604770192018,0.005366604770192018,-0.005366604770192018,-0.005366604770192018,-0.005366604770192018,0.0,-0.0005,-0.005366604770192018,-0.005366604770192018,-0.005366604770192018
2024-02-06,0.006818488943038936,0.006818488943038935,0.006818488943038936,-0.006818488943038936,0.006818488943038936,0.006818488943038936,0.006818488943038936,0.0,0.0,0.006818488943038936,0.006818488943038936,0.006818488943038936
2024-02-07,-0.0025322979725816985,-0.0025322979725816985,-0.0025322979725816985,0.0025322979725816985,-0.0025322979725816985,-0.0025322979725816985,-0.0025322979725816985,0.0,0.0,-0.0025322979725816985,-0.0025322979725816985,-0.0025322979725816985
2024-02-08,-5.883982999388415e-05,-5.883982999388415e-05,-5.883982999388415e-05,5.883982999388415e-05,-5.883982999388415e-05,-5.883982999388415e-05,-5.883982999388415e-05,0.0,0.0,-0.0005,-5.883982999388415e-05,-5.883982999388415e-05
2024-02-09,-0.0005315348637128237,-0.0005315348637128237,-0.0005315348637128237,0.0005315348637128237,-0.0005315348637128237,-0.0005315348637128237,-0.0005315348637128237,0.0,0.0,-0.0010315348637128237,-0.0005315348637128237,-0.0005315348637128237
2024-02-12,0.006025504581965047,0.006025504581965047,0.006025504581965047,-0.006025504581965047,0.006025504581965047,0.006025504581965047,0.006025504581965046,0.0,0.0,-0.0005,0.006025504581965047,0.006025504581965047
2024-02-13,-0.006811486527615651,-0.006811486527615651,-0.006811486527615651,0.006811486527615651,-0.006811486527615651,-0.006811486527615651,-0.006811486527615651,0.0,0.0,-0.0073114865276156515,-0.006811486527615651,-0.006811486527615651
2024-02-14,-0.0031925724619407125,-0.0031925724619407125,-0.0031925724619407125,0.0031925724619407125,-0.0031925724619407125,-0.0031925724619407125,-0.003192572461940712,0.0,0.0026925724619407125,-0.0005,-0.0031925724619407125,-0.0031925724619407125
2024-02-15,0.0040924791413721184,0.0040924791413721184,0.0040924791413721184,-0.0040924791413721184,0.0040924791413721184,0.0040924791413721184,0.0040924791413721184,0.0,-0.0040924791413721184,0.0,0.0040924791413721184,0.0040924791413721184
2024-02-16,0.006320546718672437,0.006320546718672437,0.006320546718672437,-0.006320546718672437,0.006320546718672437,0.006320546718672437,0.006320546718672437,0.0,-0.006320546718672437,0.005820546718672437,-0.0005,0.006320546718672437
2024-02-20,0.03228459365288705,0.03228459365288705,0.03228459365288705,-0.03228459365288705,0.03228459365288705,0.03228459365288705,0.03228459365288705,0.0,-0.03228459365288705,0.03228459365288705,0.0,0.03228459365288705
2024-02-21,-0.012282508877956788,-0.012282508877956786,-0.012282508877956788,0.012282508877956788,-0.012282508877956788,-0.012282508877956788,-0.012282508877956788,0.0,0.012282508877956788,-0.012282508877956788,-0.012782508877956789,-0.012282508877956788
2024-02-22,0.009844633784473533,0.009844633784473533,0.009844633784473533,-0.009844633784473533,0.009844633784473533,0.009844633784473533,0.009844633784473533,0.0,-0.009844633784473533,-0.0005,0.009844633784473533,0.009844633784473533
2024-02-23,0.0008549398214936499,0.0008549398214936499,0.0008549398214936499,-0.0008549398214936499,0.0008549398214936499,0.0008549398214936499,0.0008549398214936499,0.0,-0.0008549398214936499,0.0003549398214936499,0.0008549398214936499,0.0008549398214936499
2024-02-26,0.0184552822152102,0.0184552822152102,0.0184552822152102,-0.0184552822152102,0.0184552822152102,0.0184552822152102,0.018455282215210197,0.0,-0.0184552822152102,0.0184552822152102,0.0184552822152102,0.0184552822152102
2024-02-27,-0.00016768029448555044,-0.00016768029448555044,-0.00016768029448555044,0.00016768029448555044,-0.00016768029448555044,-0.00016768029448555044,-0.0001676802944855505,0.0,0.00016768029448555044,-0.00016768029448555044,-0.00016768029448555044,-0.00016768029448555044
2024-02-28,0.0005033227065347479,0.0005033227065347479,0.0005033227065347479,-0.0005033227065347479,0.0005033227065347479,0.0005033227065347479,0.0005033227065347479,0.0,-0.0005033227065347479,0.0005033227065347479,0.0005033227065347479,0.0005033227065347479
2024-02-29,-0.0169404887925102,-0.0169404887925102,-0.0169404887925102,0.0169404887925102,-0.0169404887925102,-0.0169404887925102,-0.0169404887925102,0.0,0.0169404887925102,-0.0169404887925102,-0.0169404887925102,-0.0169404887925102
2024-03-01,0.002152819596013194,0.0025591614526925266,0.0025591614526925266,-0.0025591614526925266,0.0025591614526925266,0.0025591614526925266,0.0025591614526925266,0.0,-0.0025591614526925266,-0.0005,0.0025591614526925266,0.0025591614526925266
2024-03-04,0.007969298608753932,0.009189984552864017,0.009189984552864017,-0.009189984552864017,0.009189984552864017,0.009189984552864017,0.009189984552864017,0.0,-0.009189984552864017,0.0,0.009189984552864017,0.009189984552864017
2024-03-05,0.010821371701184362,0.012478919872000338,0.012478919872000338,-0.012478919872000338,0.012478919872000338,0.012478919872000338,0.012478919872000336,0.0,-0.012478919872000338,0.011978919872000338,-0.0005,0.012478919872000338
2024-03-06,0.007654831061439124,0.008827348887659346,0.008827348887659348,-0.008827348887659348,0.008827348887659348,0.008827348887659348,0.008827348887659348,0.0,-0.008827348887659348,0.008827348887659348,0.008327348887659347,0.008827348887659348
2024-03-07,-0.0030065131422969535,-0.003467031503292084,-0.003467031503292084,0.003467031503292084,-0.003467031503292084,-0.003467031503292084,-0.003467031503292084,0.0,0.003467031503292084,-0.003467031503292084,-0.003467031503292084,-0.003467031503292084
2024-03-08,-0.0034479853374053027,-0.003976125572010769,-0.003976125572010769,0.003976125572010769,-0.003976125572010769,-0.003976125572010769,-0.003976125572010768,0.0,0.003976125572010769,-0.003976125572010769,-0.003976125572010769,-0.003976125572010769
2024-03-11,0.007789021660623186,0.008982093940415492,0.008982093940415492,-0.008982093940415492,0.008982093940415492,0.008982093940415492,0.008982093940415492,0.0,-0.008982093940415492,0.008982093940415492,0.008982093940415492,0.008982093940415492
2024-03-12,0.010721678795019082,0.01236395664717116,0.01236395664717116,-0.01236395664717116,0.01236395664717116,0.01236395664717116,0.01236395664717116,0.0,-0.01236395664717116,0.01236395664717116,0.01236395664717116,0.01236395664717116
2024-03-13,-0.0018358035321968033,-0.002117000118987855,-0.002117000118987855,0.002117000118987855,-0.002117000118987855,-0.002117000118987855,-0.002117000118987855,0.0,0.002117000118987855,-0.002117000118987855,-0.002117000118987855,-0.002117000118987855
2024-03-14,-0.0007382436916986964,-0.0008513231158772117,-0.0008513231158772117,0.0008513231158772117,-0.0008513231158772117,-0.0008513231158772117,-0.0008513231158772117,0.0,0.0008513231158772117,-0.0008513231158772117,-0.0008513231158772117,-0.0008513231158772117
2024-03-15,-0.0048318086824821705,-0.005571914083584373,-0.005571914083584373,-0.006571914083584373,-0.005571914083584373,-0.005571914083584373,-0.005571914083584373,0.0,-0.006571914083584373,-0.005571914083584373,-0.005571914083584373,-0.005571914083584373
2024-03-18,0.0025723065528875004,0.002966315939058939,0.002966315939058939,0.0029663159390589384,0.002966315939058939,0.002966315939058939,0.002966315939058939,0.0,-0.003966315939058939,0.002966315939058939,0.002966315939058939,0.002966315939058939
2024-03-19,0.00014241519607304792,0.0001642294405390654,0.0001642294405390654,0.00016422944053906535,0.0001642294405390654,0.0001642294405390654,0.0001642294405390654,0.0,-0.0005,0.0001642294405390654,0.0001642294405390654,0.0001642294405390654
2024-03-20,0.005413673176502918,0.006242904841295083,0.006242904841295083,0.006242904841295083,0.006242904841295083,0.006242904841295083,0.006242904841295083,0.0,0.0,-0.0005,0.006242904841295083,0.006242904841295083
2024-03-21,0.003198983832548219,0.0032653977605090474,0.003265397760509048,0.003265397760509048,0.003265397760509048,0.003265397760509048,0.003265397760509048,0.0,0.0,0.002765397760509048,0.003265397760509048,0.003265397760509048
2024-03-22,-0.009438749270782587,-0.009438749270782587,-0.009438749270782587,-0.009438749270782587,-0.009438749270782587,-0.009438749270782587,-0.009438749270782587,0.0,-0.009938749270782588,-0.009438749270782587,-0.009438749270782587,-0.009438749270782587
2024-03-25,-0.004928514449881849,-0.004928514449881848,-0.004928514449881849,-0.004928514449881848,-0.004928514449881849,-0.004928514449881849,-0.004928514449881849,0.0,-0.004928514449881849,-0.0005,-0.004928514449881849,-0.004928514449881849
2024-03-26,-0.0009905462815309463,-0.000990546281530946,-0.0009905462815309463,-0.000990546281530946,-0.0009905462815309463,-0.0009905462815309463,-0.0009905462815309463,0.0,-0.0009905462815309463,0.0,-0.0009905462815309463,-0.0009905462815309463
2024-03-27,0.0034705756233099905,0.00347057562330999,0.0034705756233099905,0.00347057562330999,0.0034705756233099905,0.0034705756233099905,0.0034705756233099905,0.0,0.0034705756233099905,0.0,0.0034705756233099905,0.0034705756233099905
2024-03-28,-0.009058015564187283,-0.009058015564187283,-0.009058015564187283,-0.009058015564187283,-0.009058015564187283,-0.009058015564187283,-0.009058015564187281,0.0,-0.009058015564187283,0.0,-0.009058015564187283,-0.009058015564187283
2024-04-01,-0.002825345802941026,-0.002825345802941026,-0.002825345802941026,-0.0028253458029410257,-0.002825345802941026,-0.002825345802941026,-0.002825345802941026,0.0,-0.0005,0.0,-0.002825345802941026,-0.002825345802941026
2024-04-02,-0.013999845859868354,-0.013999845859868354,-0.013999845859868354,-0.013999845859868352,-0.013999845859868354,-0.013999845859868354,-0.013999845859868354,0.0,0.0,0.0,-0.0005,-0.013999845859868354
2024-04-03,0.004563727933601491,0.004563727933601491,0.004563727933601491,0.0045637279336014904,0.004563727933601491,0.004563727933601491,0.004563727933601491,0.0,0.0,0.0,0.0,0.004563727933601491
2024-04-04,0.0011778597877234454,0.0011778597877234454,0.0011778597877234454,0.0011778597877234454,0.0011778597877234454,0.0011778597877234454,0.0011778597877234454,0.0,0.0,0.0,0.0,0.0011778597877234454
2024-04-05,0.005882436026594773,0.005882436026594773,0.005882436026594773,0.005882436026594773,0.005882436026594773,0.005882436026594773,0.005882436026594773,0.0,0.005382436026594772,0.0,0.0,0.005882436026594773
2024-04-08,-0.0011695286930643034,-0.0011695286930643034,-0.0011695286930643034,-0.0011695286930643034,-0.0011695286930643034,-0.0011695286930643034,-0.0011695286930643034,0.0,-0.0011695286930643034,-0.0016695286930643034,0.0,-0.0011695286930643034
2024-04-09,0.00016719642716211958,0.00016719642716211958,0.00016719642716211958,0.0001671964271621195,0.00016719642716211958,0.00016719642716211958,0.00016719642716211958,0.0,0.00016719642716211958,-0.0005,0.0,0.00016719642716211958
2024-04-10,0.013881913547550528,0.013881913547550528,0.013881913547550528,0.013881913547550528,0.013881913547550528,0.013881913547550528,0.013881913547550528,0.0,0.013881913547550528,0.013381913547550528,0.0,0.013881913547550528
2024-04-11,-0.008742940788480591,-0.00874294078848059,-0.008742940788480591,-0.008742940788480591,-0.008742940788480591,-0.008742940788480591,-0.008742940788480591,0.0,-0.0005,-0.008742940788480591,0.0,-0.008742940788480591
2024-04-12,0.0008319946502548525,0.0008319946502548524,0.0008319946502548525,0.0008319946502548523,0.0008319946502548525,0.0008319946502548525,0.0008319946502548525,0.0,0.0003319946502548525,-0.0005,0.0,0.0008319946502548525
2024-04-15,-0.0034918626224652582,-0.0034918626224652582,-0.0034918626224652582,-0.003491862622465258,-0.0034918626224652582,-0.0034918626224652582,-0.0034918626224652582,0.0,-0.0034918626224652582,-0.003991862622465259,0.0,-0.0034918626224652582
2024-04-16,-0.0015017844329819896,-0.0015017844329819894,-0.0015017844329819896,-0.0015017844329819896,-0.0015017844329819896,-0.0015017844329819896,-0.0015017844329819896,0.0,-0.0015017844329819896,-0.0005,0.0,-0.0015017844329819896
2024-04-17,-0.0031750498538873906,-0.0031750498538873906,-0.0031750498538873906,-0.0031750498538873906,-0.0031750498538873906,-0.0031750498538873906,-0.0031750498538873906,0.0,-0.0005,0.0,0.0,-0.0031750498538873906
2024-04-18,-0.006538214287820643,-0.006538214287820643,-0.006538214287820643,-0.006538214287820643,-0.006538214287820643,-0.006538214287820643,-0.006538214287820643,0.0,0.0,0.0,0.0,-0.006538214287820643
2024-04-19,0.004556225460668584,0.004556225460668584,0.004556225460668584,0.004556225460668584,0.004556225460668584,0.004556225460668584,0.004556225460668584,0.0,0.004056225460668583,0.0,0.0,0.004556225460668584
2024-04-22,0.010246936359404213,0.010246936359404213,0.010246936359404213,0.010246936359404213,0.010246936359404213,0.010246936359404213,0.010246936359404213,0.0,-0.0005,0.0,0.0,0.010246936359404213
2024-04-23,-0.017459248116000192,-0.017459248116000192,-0.017459248116000192,-0.017459248116000192,-0.017459248116000192,-0.017459248116000192,-0.017459248116000192,0.0,0.0,-0.017959248116000193,0.0,-0.017459248116000192
2024-04-24,0.013200156699146426,0.013200156699146426,0.013200156699146426,0.013200156699146426,0.013200156699146426,0.013200156699146426,0.013200156699146426,0.0,0.0,-0.0005,0.0,0.013200156699146426
2024-04-25,0.005678941365571788,0.005678941365571788,0.005678941365571788,0.005678941365571788,0.005678941365571788,0.005678941365571788,0.005678941365571788,0.0,0.0,0.0051789413655717875,0.0,0.005678941365571788
2024-04-26,-0.0008303365907976756,-0.0008303365907976756,-0.0008303365907976756,-0.0008303365907976756,-0.0008303365907976756,-0.0008303365907976756,-0.0008303365907976756,0.0,0.0,-0.0008303365907976756,0.0,-0.0008303365907976756
2024-04-29,0.0013297075708929018,0.0013297075708929018,0.0013297075708929018,0.0013297075708929018,0.0013297075708929018,0.0013297075708929018,0.0013297075708929018,0.0,0.0,0.0013297075708929018,0.0008297075708929018,0.0013297075708929018
2024-04-30,-0.014774252814552025,-0.014774252814552025,-0.014774252814552025,-0.014774252814552025,-0.014774252814552025,-0.014774252814552025,-0.014774252814552025,0.0,0.0,-0.014774252814552025,-0.014774252814552025,-0.014774252814552025
2024-05-01,-0.008424540517328771,-0.008424540517328771,-0.008424540517328771,-0.008424540517328771,-0.008424540517328771,-0.008424540517328771,-0.00842454051732877,0.0,0.0,-0.0005,-0.008424540517328771,-0.008424540517328771
2024-05-02,0.01461342912843544,0.01461342912843544,0.01461342912843544,0.01461342912843544,0.01461342912843544,0.01461342912843544,0.01461342912843544,0.0,0.0,0.0,-0.0005,0.01461342912843544
2024-05-03,0.0018423644849370202,0.0018423644849370202,0.0018423644849370202,0.0018423644849370202,0.0018423644849370202,0.0018423644849370202,0.0018423644849370202,0.0,0.0,0.0013423644849370202,0.0,0.0018423644849370202
2024-05-06,0.0008356845196515472,0.0008356845196515472,0.0008356845196515472,0.0008356845196515472,0.0008356845196515472,0.0008356845196515472,0.0008356845196515472,0.0,0.0,0.0008356845196515472,0.0,0.0008356845196515472
2024-05-07,0.012527216721985424,0.012527216721985424,0.012527216721985424,0.012527216721985424,0.012527216721985424,0.012527216721985424,0.012527216721985424,0.0,0.012027216721985423,0.012527216721985424,0.0,0.012527216721985424
2024-05-08,-0.005278791984902553,-0.005278791984902553,-0.005278791984902553,-0.005278791984902553,-0.005278791984902553,-0.005278791984902553,-0.0052787919849025524,0.0,-0.0005,-0.005278791984902553,-0.005778791984902554,-0.005278791984902553
2024-05-09,0.00579110458435661,0.00579110458435661,0.00579110458435661,0.005791104584356609,0.00579110458435661,0.00579110458435661,0.00579110458435661,0.0,0.0,0.00579110458435661,0.00579110458435661,0.00579110458435661
2024-05-10,0.0006617789892775505,0.0006617789892775505,0.0006617789892775505,0.0006617789892775504,0.0006617789892775505,0.0006617789892775505,0.0006617789892775505,0.0,0.0,0.0006617789892775505,0.0006617789892775505,0.0006617789892775505
2024-05-13,-0.001157411731092517,-0.001157411731092517,-0.001157411731092517,-0.001157411731092517,-0.001157411731092517,-0.001157411731092517,-0.001157411731092517,0.0,-0.001657411731092517,-0.001157411731092517,-0.001157411731092517,-0.001157411731092517
2024-05-14,-0.009104431684907932,-0.009104431684907932,-0.009104431684907932,-0.009104431684907932,-0.009104431684907932,-0.009104431684907932,-0.009104431684907932,0.0,-0.0005,-0.009104431684907932,-0.009104431684907932,-0.009104431684907932
2024-05-15,-0.000501143369562862,-0.000501143369562862,-0.000501143369562862,-0.000501143369562862,-0.000501143369562862,-0.000501143369562862,-0.000501143369562862,0.0,-0.001001143369562862,-0.0005,-0.000501143369562862,-0.000501143369562862
2024-05-16,0.06986456745450709,0.06986456745450709,0.06986456745450709,0.06986456745450709,0.06986456745450709,0.06986456745450709,0.06986456745450707,0.0,0.06986456745450709,0.0,0.06986456745450709,0.06986456745450709
2024-05-17,0.005184604319532908,0.009998405571493006,0.009998405571493008,0.009998405571493008,0.009998405571493008,0.009998405571493008,0.009998405571493008,0.0,-0.010998405571493008,0.009498405571493007,0.009998405571493008,0.009998405571493008
2024-05-20,-0.003936454984950528,-0.007269899296936777,-0.007269899296936777,-0.007269899296936777,-0.007269899296936777,-0.007269899296936777,-0.007269899296936777,0.0,0.007269899296936777,-0.007269899296936777,-0.007269899296936777,-0.007269899296936777
2024-05-21,0.008183753500039083,0.015113868707680831,0.015113868707680833,0.015113868707680833,0.015113868707680833,0.015113868707680833,0.015113868707680833,0.0,0.014113868707680832,-0.0005,0.015113868707680833,0.015113868707680833
2024-05-22,0.0008311067328329805,0.0015348993639712205,0.0015348993639712205,0.0015348993639712205,0.0015348993639712205,0.0015348993639712205,0.0015348993639712203,0.0,0.0015348993639712205,0.0010348993639712205,0.0015348993639712205,0.0015348993639712205
2024-05-23,-0.0034024737888086755,-0.006283735467488616,-0.006283735467488616,-0.006283735467488616,-0.006283735467488616,-0.006283735467488616,-0.006283735467488616,0.0,-0.006283735467488616,-0.006283735467488616,-0.006283735467488616,-0.006283735467488616
2024-05-24,0.004509649114031678,0.008328482111155777,0.008328482111155777,0.008328482111155777,0.008328482111155777,0.008328482111155777,0.008328482111155777,0.0,0.008328482111155777,-0.0005,0.008328482111155777,0.008328482111155777
2024-05-28,-0.0028158413544663997,-0.005200334605980017,-0.005200334605980017,-0.005200334605980017,-0.005200334605980017,-0.005200334605980017,-0.005200334605980017,0.0,-0.005200334605980017,-0.0057003346059800175,-0.005200334605980017,-0.005200334605980017
2024-05-29,-0.0009991055436824243,-0.001845161882290336,-0.001845161882290336,-0.001845161882290336,-0.001845161882290336,-0.001845161882290336,-0.001845161882290336,0.0,-0.001845161882290336,-0.0005,-0.001845161882290336,-0.001845161882290336
2024-05-30,-0.0002500756656651842,-0.0004618431845279103,-0.0004618431845279103,-0.0004618431845279103,-0.0004618431845279103,-0.0004618431845279103,-0.0004618431845279103,0.0,-0.0004618431845279103,0.0,-0.0004618431845279103,-0.0004618431845279103
2024-05-31,0.007259575852105103,0.013407084695505889,0.013407084695505889,0.013407084695505889,0.013407084695505889,0.013407084695505889,0.013407084695505889,0.0,0.013407084695505889,0.0,0.013407084695505889,0.013407084695505889
2024-06-03,0.0004940832636808423,0.0009124797781236982,0.0009124797781236982,0.0009124797781236982,0.0009124797781236982,0.0009124797781236982,0.0009124797781236982,0.0,-0.0019124797781236982,0.00041247977812369817,0.0009124797781236982,0.0009124797781236982
2024-06-04,0.006416714106024138,0.011850476011124877,0.011850476011124877,0.011850476011124877,0.011850476011124877,0.011850476011124877,0.011850476011124877,0.0,0.010850476011124877,0.011850476011124877,0.011850476011124877,0.011850476011124877
2024-06-05,0.003983888827373718,0.007357500770598158,0.007357500770598158,0.007357500770598158,0.007357500770598158,0.007357500770598158,0.007357500770598158,0.0,0.007357500770598158,0.007357500770598158,0.007357500770598158,0.007357500770598158
2024-06-06,0.0004841626516185915,0.000894158255095423,0.000894158255095423,0.000894158255095423,0.000894158255095423,0.000894158255095423,0.000894158255095423,0.0,0.000894158255095423,0.000894158255095423,0.000894158255095423,0.000894158255095423
2024-06-07,-0.010240880758028887,-0.018912999667832664,-0.018912999667832664,-0.018912999667832664,-0.018912999667832664,-0.018912999667832664,-0.018912999667832664,0.0,-0.018912999667832664,-0.018912999667832664,-0.018912999667832664,-0.018912999667832664
2024-06-10,0.008876595771301765,0.016393419359218116,0.01639341935921812,0.01639341935921812,0.01639341935921812,0.01639341935921812,0.01639341935921812,0.0,0.01639341935921812,-0.0005,0.01639341935921812,0.01639341935921812
2024-06-11,-0.0018597706626899662,-0.0034346500810610303,-0.0034346500810610303,-0.0034346500810610303,-0.0034346500810610303,-0.0034346500810610303,-0.0034346500810610303,0.0,-0.0034346500810610303,-0.003934650081061031,-0.0034346500810610303,-0.0034346500810610303
2024-06-12,-0.0034081181661091524,-0.006294159581247127,-0.006294159581247127,-0.006294159581247127,-0.006294159581247127,-0.006294159581247127,-0.006294159581247127,0.0,-0.006294159581247127,-0.0005,-0.006294159581247127,-0.006294159581247127
2024-06-13,0.00318458546175304,0.005881336303334983,0.005881336303334983,0.005881336303334983,0.005881336303334983,0.005881336303334983,0.005881336303334982,0.0,-0.006881336303334983,0.0,0.005881336303334983,0.005881336303334983
2024-06-14,0.004568439357888068,0.00479770280266445,0.00479770280266445,0.00479770280266445,0.00479770280266445,0.00479770280266445,0.00479770280266445,0.0,-0.0005,0.004297702802664449,0.00479770280266445,0.00479770280266445
2024-06-17,0.005968173769747898,0.005968173769747898,0.005968173769747898,0.005968173769747898,0.005968173769747898,0.005968173769747898,0.005968173769747897,0.0,0.0,0.005968173769747898,0.005968173769747898,0.005968173769747898
2024-06-18,0.0026700393641871933,0.0026700393641871933,0.0026700393641871933,0.0026700393641871933,0.0026700393641871933,0.0026700393641871933,0.0026700393641871933,0.0,0.0,0.0026700393641871933,0.0026700393641871933,0.0026700393641871933
2024-06-20,0.006065176881496104,0.006065176881496104,0.006065176881496104,0.006065176881496104,0.006065176881496104,0.006065176881496104,0.006065176881496104,0.0,0.0,0.006065176881496104,0.006065176881496104,0.006065176881496104
2024-06-21,-0.001470410003370115,-0.001470410003370115,-0.001470410003370115,-0.001470410003370115,-0.001470410003370115,-0.001470410003370115,-0.0014704100033701149,0.0,-0.001970410003370115,-0.001470410003370115,-0.001470410003370115,-0.001470410003370115
2024-06-24,0.014577990620764592,0.014577990620764592,0.014577990620764592,0.014577990620764592,0.014577990620764592,0.014577990620764592,0.014577990620764592,0.0,-0.0005,0.014577990620764592,0.014577990620764592,0.014577990620764592
2024-06-25,-0.021480535346109053,-0.021480535346109053,-0.021480535346109053,-0.021480535346109053,-0.021480535346109053,-0.021480535346109053,-0.021480535346109053,0.0,-0.021980535346109054,-0.021480535346109053,-0.021480535346109053,-0.021480535346109053
2024-06-26,0.012904381367502493,0.012904381367502491,0.012904381367502493,0.012904381367502493,0.012904381367502493,0.012904381367502493,0.012904381367502493,0.0,-0.0005,-0.0005,0.012904381367502493,0.012904381367502493
2024-06-27,-0.006003894596951165,-0.006003894596951165,-0.006003894596951165,-0.006003894596951165,-0.006003894596951165,-0.006003894596951165,-0.006003894596951164,0.0,0.0,-0.006503894596951165,-0.006003894596951165,-0.006003894596951165
2024-06-28,-0.002504461800673763,-0.002504461800673763,-0.002504461800673763,-0.002504461800673763,-0.002504461800673763,-0.002504461800673763,-0.002504461800673763,0.0,0.0,-0.0005,-0.002504461800673763,-0.002504461800673763
2024-07-01,-0.003396835978800694,-0.0033968359788006937,-0.003396835978800694,-0.003396835978800694,-0.003396835978800694,-0.003396835978800694,-0.003396835978800694,0.0,0.0,0.0,-0.003396835978800694,-0.003396835978800694
2024-07-02,0.008743282202508196,0.008743282202508196,0.008743282202508196,0.008743282202508196,0.008743282202508196,0.008743282202508196,0.008743282202508196,0.0,0.0,0.0,0.008743282202508196,0.008743282202508196
2024-07-03,0.002497585907306865,0.0024975859073068647,0.002497585907306865,0.002497585907306865,0.002497585907306865,0.002497585907306865,0.002497585907306865,0.0,0.0,0.001997585907306865,0.002497585907306865,0.002497585907306865
2024-07-05,0.02637760517425436,0.02637760517425436,0.02637760517425436,0.02637760517425436,0.02637760517425436,0.02637760517425436,0.02637760517425436,0.0,0.0,0.02637760517425436,0.02637760517425436,0.02637760517425436
2024-07-08,-0.005140208642794075,-0.005140208642794075,-0.005140208642794075,-0.005140208642794075,-0.005140208642794075,-0.005140208642794075,-0.005140208642794075,0.0,0.0,-0.005140208642794075,-0.005140208642794075,-0.005140208642794075
2024-07-09,0.003157462451185866,0.003157462451185866,0.003157462451185866,0.003157462451185866,0.003157462451185866,0.003157462451185866,0.003157462451185866,0.0,0.0,0.003157462451185866,0.003157462451185866,0.003157462451185866
2024-07-10,0.0072962599409214235,0.0072962599409214235,0.0072962599409214235,0.0072962599409214235,0.0072962599409214235,0.0072962599409214235,0.0072962599409214235,0.0,0.0,0.0072962599409214235,0.0072962599409214235,0.0072962599409214235
2024-07-11,-0.008663589003887529,-0.008663589003887529,-0.008663589003887529,-0.008663589003887529,-0.008663589003887529,-0.008663589003887529,-0.008663589003887529,0.0,-0.009163589003887529,-0.008663589003887529,-0.008663589003887529,-0.008663589003887529
2024-07-12,-0.008022951803355993,-0.008022951803355993,-0.008022951803355993,-0.008022951803355993,-0.008022951803355993,-0.008022951803355993,-0.008022951803355991,0.0,-0.008022951803355993,-0.008022951803355993,-0.008022951803355993,-0.008022951803355993
2024-07-15,0.005343735456965204,0.005343735456965204,0.005343735456965204,0.005343735456965204,0.005343735456965204,0.005343735456965204,0.005343735456965204,0.0,0.005343735456965204,-0.0005,0.005343735456965204,0.005343735456965204
2024-07-16,0.005459037742750139,0.005459037742750139,0.005459037742750139,0.005459037742750139,0.005459037742750139,0.005459037742750139,0.005459037742750138,0.0,-0.0005,0.0,0.005459037742750139,0.005459037742750139
2024-07-17,0.014859271541608043,0.014859271541608043,0.014859271541608043,0.014859271541608043,0.014859271541608043,0.014859271541608043,0.014859271541608043,0.0,0.014359271541608043,0.014359271541608043,0.014859271541608043,0.014859271541608043
2024-07-18,-0.0029566175926205585,-0.0029566175926205585,-0.0029566175926205585,-0.0029566175926205585,-0.0029566175926205585,-0.0029566175926205585,-0.0029566175926205585,0.0,-0.0029566175926205585,-0.0029566175926205585,-0.0029566175926205585,-0.0029566175926205585
2024-07-19,-0.000988425031344109,-0.000988425031344109,-0.000988425031344109,-0.000988425031344109,-0.000988425031344109,-0.000988425031344109,-0.000988425031344109,0.0,-0.000988425031344109,-0.000988425031344109,-0.000988425031344109,-0.000988425031344109
2024-07-22,-0.00522968574535132,-0.005229685745351319,-0.00522968574535132,-0.00522968574535132,-0.00522968574535132,-0.00522968574535132,-0.005229685745351319,0.0,-0.00522968574535132,-0.00522968574535132,-0.00522968574535132,-0.00522968574535132
2024-07-23,0.003836284011653257,0.003836284011653257,0.003836284011653257,0.003836284011653257,0.003836284011653257,0.003836284011653257,0.0038362840116532566,0.0,0.003836284011653257,-0.0005,0.003836284011653257,0.003836284011653257
2024-07-24,-0.0007076222283142197,-0.0007076222283142197,-0.0007076222283142197,-0.0007076222283142197,-0.0007076222283142197,-0.0007076222283142197,-0.0007076222283142198,0.0,-0.0007076222283142197,-0.0012076222283142197,-0.0007076222283142197,-0.0007076222283142197
2024-07-25,-0.008215422212869306,-0.008215422212869306,-0.008215422212869306,-0.008215422212869306,-0.008215422212869306,-0.008215422212869306,-0.008215422212869306,0.0,-0.008215422212869306,-0.0005,-0.008215422212869306,-0.008215422212869306
2024-07-26,-0.003427303132016335,-0.0034273031320163345,-0.003427303132016335,-0.003427303132016335,-0.003427303132016335,-0.003427303132016335,-0.0034273031320163345,0.0,-0.003427303132016335,0.0,-0.003427303132016335,-0.003427303132016335
2024-07-29,-0.0022931359994105005,-0.0022931359994105005,-0.0022931359994105005,-0.0022931359994105005,-0.0022931359994105005,-0.0022931359994105005,-0.0022931359994105,0.0,-0.0022931359994105005,0.0,-0.0022931359994105005,-0.0022931359994105005
2024-07-30,-0.006176345156454266,-0.006176345156454266,-0.006176345156454266,-0.006176345156454266,-0.006176345156454266,-0.006176345156454266,-0.006176345156454266,0.0,-0.006176345156454266,0.0,-0.006176345156454266,-0.006176345156454266
2024-07-31,-0.007949106620674828,-0.007949106620674828,-0.007949106620674828,-0.007949106620674828,-0.007949106620674828,-0.007949106620674828,-0.007949106620674828,0.0,-0.007949106620674828,0.0,-0.007949106620674828,-0.007949106620674828
2024-08-01,0.016754173078594947,0.016754173078594947,0.016754173078594947,0.016754173078594947,0.016754173078594947,0.016754173078594947,0.016754173078594947,0.0,0.016754173078594947,0.0,-0.0005,0.016754173078594947
2024-08-02,-0.01905723959096728,-0.01905723959096728,-0.01905723959096728,-0.01905723959096728,-0.01905723959096728,-0.01905723959096728,-0.01905723959096728,0.0,0.018057239590967278,-0.01955723959096728,0.0,-0.01905723959096728
2024-08-05,-0.01270834333830495,-0.012708343338304949,-0.01270834333830495,-0.01270834333830495,-0.01270834333830495,-0.01270834333830495,-0.01270834333830495,0.0,-0.013708343338304951,-0.0005,0.0,-0.01270834333830495
2024-08-06,0.002219436384187201,0.0022194363841872007,0.002219436384187201,0.002219436384187201,0.002219436384187201,0.002219436384187201,0.002219436384187201,0.0,0.002219436384187201,0.0,0.0,0.002219436384187201
2024-08-07,-0.012252726633061428,-0.012252726633061428,-0.012252726633061428,-0.012252726633061428,-0.012252726633061428,-0.012252726633061428,-0.012252726633061428,0.0,-0.012252726633061428,0.0,0.0,-0.012252726633061428
2024-08-08,0.011209144485928357,0.011209144485928357,0.011209144485928357,0.011209144485928357,0.011209144485928357,0.011209144485928357,0.011209144485928357,0.0,0.011209144485928357,0.0,0.0,0.011209144485928357
2024-08-09,0.004285971061692706,0.004285971061692706,0.004285971061692706,0.004285971061692706,0.004285971061692706,0.004285971061692706,0.004285971061692706,0.0,0.004285971061692706,0.0,0.0,0.004285971061692706
2024-08-12,0.011037585553957285,0.011037585553957285,0.011037585553957285,0.011037585553957285,0.011037585553957285,0.011037585553957285,0.011037585553957285,0.0,-0.012037585553957286,0.0,0.0,0.011037585553957285
2024-08-13,-0.0082969092105184,-0.008296909210518398,-0.0082969092105184,-0.0082969092105184,-0.0082969092105184,-0.0082969092105184,-0.0082969092105184,0.0,0.0082969092105184,-0.0087969092105184,0.0,-0.0082969092105184
2024-08-14,0.007779355833201773,0.007779355833201773,0.007779355833201773,0.007779355833201773,0.007779355833201773,0.007779355833201773,0.007779355833201773,0.0,0.006779355833201773,-0.0005,0.0,0.007779355833201773
2024-08-15,0.06583172301732554,0.06583172301732554,0.06583172301732554,0.06583172301732554,0.06583172301732554,0.06583172301732554,0.06583172301732554,0.0,0.06583172301732554,0.06533172301732554,0.0,0.06583172301732554
2024-08-16,0.005407786214895331,0.00655020369646242,0.00655020369646242,0.006550203696462419,0.00655020369646242,0.00655020369646242,0.00655020369646242,0.0,-0.00755020369646242,0.00655020369646242,0.0,0.00655020369646242
2024-08-19,0.0035948352483297146,0.0036758554238276453,0.0036758554238276453,0.003675855423827645,0.0036758554238276453,0.0036758554238276453,0.0036758554238276453,0.0,0.0026758554238276453,0.0036758554238276453,0.0,0.0036758554238276453
2024-08-20,0.011123541323477593,0.011123541323477593,0.011123541323477593,0.011123541323477591,0.011123541323477593,0.011123541323477593,0.011123541323477593,0.0,0.011123541323477593,0.011123541323477593,0.010623541323477592,0.011123541323477593
2024-08-21,0.00939053546750479,0.00939053546750479,0.00939053546750479,0.00939053546750479,0.00939053546750479,0.00939053546750479,0.009390535467504789,0.0,0.00939053546750479,0.00939053546750479,0.00939053546750479,0.00939053546750479
2024-08-22,0.004519011816317198,0.004519011816317198,0.004519011816317198,0.004519011816317198,0.004519011816317198,0.004519011816317198,0.004519011816317197,0.0,-0.005519011816317198,0.004519011816317198,0.004519011816317198,0.004519011816317198
2024-08-23,0.001587752055767444,0.001587752055767444,0.001587752055767444,0.001587752055767444,0.001587752055767444,0.001587752055767444,0.001587752055767444,0.0,0.000587752055767444,0.001587752055767444,0.001587752055767444,0.001587752055767444
2024-08-26,0.00435937085655036,0.00435937085655036,0.00435937085655036,0.00435937085655036,0.00435937085655036,0.00435937085655036,0.00435937085655036,0.0,0.00435937085655036,0.00435937085655036,0.00435937085655036,0.00435937085655036
2024-08-27,0.0013151421178070333,0.0013151421178070333,0.0013151421178070333,0.0013151421178070333,0.0013151421178070333,0.0013151421178070333,0.0013151421178070333,0.0,0.0013151421178070333,0.0013151421178070333,0.0013151421178070333,0.0013151421178070333
2024-08-28,-0.000656554328595127,-0.000656554328595127,-0.000656554328595127,-0.000656554328595127,-0.000656554328595127,-0.000656554328595127,-0.000656554328595127,0.0,-0.000656554328595127,-0.000656554328595127,-0.000656554328595127,-0.000656554328595127
2024-08-29,0.004468911731922098,0.0044689117319220975,0.004468911731922098,0.004468911731922098,0.004468911731922098,0.004468911731922098,0.0044689117319220975,0.0,0.004468911731922098,0.004468911731922098,0.004468911731922098,0.004468911731922098
2024-08-30,0.010599191194611945,0.010599191194611945,0.010599191194611945,0.010599191194611945,0.010599191194611945,0.010599191194611945,0.010599191194611945,0.0,-0.011599191194611946,0.010599191194611945,0.010599191194611945,0.010599191194611945
2024-09-03,-0.0007768647797593564,-0.0007768647797593564,-0.0007768647797593564,-0.0007768647797593564,-0.0007768647797593564,-0.0007768647797593564,-0.0007768647797593564,0.0,-0.0017768647797593564,-0.0007768647797593564,-0.0007768647797593564,-0.0007768647797593564
2024-09-04,0.0009070301176279383,0.0009070301176279382,0.0009070301176279383,0.0009070301176279383,0.0009070301176279383,0.0009070301176279383,0.0009070301176279381,0.0,0.0009070301176279383,0.0009070301176279383,0.0009070301176279383,0.0009070301176279383
2024-09-05,-0.003625134372264305,-0.003625134372264305,-0.003625134372264305,-0.003625134372264305,-0.003625134372264305,-0.003625134372264305,-0.003625134372264305,0.0,-0.003625134372264305,-0.003625134372264305,-0.003625134372264305,-0.003625134372264305
2024-09-06,-0.004157983381593011,-0.004157983381593011,-0.004157983381593011,-0.004157983381593011,-0.004157983381593011,-0.004157983381593011,-0.004157983381593011,0.0,-0.004157983381593011,-0.004157983381593011,-0.004157983381593011,-0.004157983381593011
2024-09-09,0.009133838281961015,0.009133838281961015,0.009133838281961015,0.009133838281961015,0.009133838281961015,0.009133838281961015,0.009133838281961015,0.0,0.009133838281961015,-0.0005,0.009133838281961015,0.009133838281961015
2024-09-10,0.019006967272642505,0.019006967272642505,0.019006967272642505,0.019006967272642505,0.019006967272642505,0.019006967272642505,0.019006967272642505,0.0,0.019006967272642505,0.018506967272642505,0.019006967272642505,0.019006967272642505
2024-09-11,0.00038059567313686316,0.00038059567313686316,0.00038059567313686316,0.00038059567313686316,0.00038059567313686316,0.00038059567313686316,0.00038059567313686316,0.0,0.00038059567313686316,0.00038059567313686316,0.00038059567313686316,0.00038059567313686316
2024-09-12,0.010400764252004091,0.01040076425200409,0.010400764252004091,0.010400764252004091,0.010400764252004091,0.010400764252004091,0.010400764252004091,0.0,0.010400764252004091,0.010400764252004091,0.010400764252004091,0.010400764252004091
2024-09-13,0.011800230484832364,0.011800230484832364,0.011800230484832364,0.011800230484832364,0.011800230484832364,0.011800230484832364,0.011800230484832362,0.0,-0.012800230484832364,0.011800230484832364,0.011800230484832364,0.011800230484832364
2024-09-16,-0.0004962873867341289,-0.0004962873867341289,-0.0004962873867341289,-0.0004962873867341289,-0.0004962873867341289,-0.0004962873867341289,-0.000496287386734129,-0.0009962873867341289,-0.0014962873867341289,-0.0004962873867341289,-0.0004962873867341289,-0.0004962873867341289
2024-09-17,-0.024329674534575463,-0.024329674534575463,-0.024329674534575463,-0.024329674534575463,-0.024329674534575463,-0.024329674534575463,-0.024329674534575463,-0.024329674534575463,-0.024329674534575463,-0.024329674534575463,-0.024329674534575463,-0.024329674534575463
2024-09-18,0.0054705704677555644,0.0054705704677555644,0.0054705704677555644,0.0054705704677555644,0.0054705704677555644,0.0054705704677555644,0.0054705704677555644,0.0054705704677555644,0.0054705704677555644,-0.0005,0.0054705704677555644,0.0054705704677555644
2024-09-19,-0.01252685924355601,-0.01252685924355601,-0.01252685924355601,-0.01252685924355601,-0.01252685924355601,-0.01252685924355601,-0.01252685924355601,-0.01252685924355601,-0.01252685924355601,0.0,-0.01252685924355601,-0.01252685924355601
2024-09-20,0.013070322191833794,0.013070322191833794,0.013070322191833794,0.013070322191833794,0.013070322191833794,0.013070322191833794,0.013070322191833794,0.013070322191833794,0.013070322191833794,0.0,0.013070322191833794,0.013070322191833794
2024-09-23,0.01606368757814347,0.01606368757814347,0.01606368757814347,0.01606368757814347,0.01606368757814347,0.01606368757814347,0.01606368757814347,0.01606368757814347,-0.01706368757814347,0.01556368757814347,0.01606368757814347,0.01606368757814347
2024-09-24,0.004232670272693806,0.004232670272693806,0.004232670272693806,0.004232670272693806,0.004232670272693806,0.004232670272693806,0.004232670272693806,0.004232670272693806,0.003232670272693806,0.004232670272693806,-0.0005,0.004232670272693806
2024-09-25,0.009049072192270247,0.009049072192270245,0.009049072192270247,0.009049072192270247,0.009049072192270247,0.009049072192270247,0.009049072192270247,0.009049072192270247,0.009049072192270247,0.009049072192270247,0.0,0.009049072192270247
2024-09-26,-0.0181819760882167,-0.0181819760882167,-0.0181819760882167,-0.0181819760882167,-0.0181819760882167,-0.0181819760882167,-0.0181819760882167,-0.0181819760882167,-0.0181819760882167,-0.0181819760882167,-0.0186819760882167,-0.0181819760882167
2024-09-27,-0.0017516398294123992,-0.001751639829412399,-0.0017516398294123992,-0.0017516398294123992,-0.0017516398294123992,-0.0017516398294123992,-0.0017516398294123992,-0.0017516398294123992,-0.0017516398294123992,-0.0005,-0.0017516398294123992,-0.0017516398294123992
2024-09-30,0.012158645182040795,0.012158645182040795,0.012158645182040795,0.012158645182040795,0.012158645182040795,0.012158645182040795,0.012158645182040795,0.012158645182040795,0.012158645182040795,0.0,0.012158645182040795,0.012158645182040795
2024-10-01,0.006439462376949923,0.006439462376949923,0.006439462376949923,0.006439462376949923,0.006439462376949923,0.006439462376949923,0.006439462376949923,0.006439462376949923,0.006439462376949923,0.005939462376949922,0.006439462376949923,0.006439462376949923
2024-10-02,-0.010335924475781133,-0.010335924475781133,-0.010335924475781133,-0.010335924475781133,-0.010335924475781133,-0.010335924475781133,-0.010335924475781133,-0.010335924475781133,-0.010335924475781133,-0.010335924475781133,-0.010335924475781133,-0.010335924475781133
2024-10-03,0.0,0.0,0.0,0.0,0.0,0.0,0.0,0.0,0.0,-0.0005,0.0,0.0
2024-10-04,0.006340966853286112,0.006340966853286112,0.006340966853286112,0.006340966853286112,0.006340966853286112,0.006340966853286112,0.006340966853286112,0.006340966853286112,0.006340966853286112,0.005840966853286111,0.006340966853286112,0.006340966853286112
2024-10-07,-0.02273293992917802,-0.02273293992917802,-0.02273293992917802,-0.02273293992917802,-0.02273293992917802,-0.02273293992917802,-0.02273293992917802,-0.02273293992917802,-0.02273293992917802,-0.02273293992917802,-0.02273293992917802,-0.02273293992917802
2024-10-08,0.007711782573714743,0.007711782573714743,0.007711782573714743,0.007711782573714743,0.007711782573714743,0.007711782573714743,0.007711782573714743,0.007711782573714743,-0.008711782573714744,-0.0005,-0.0005,0.007711782573714743
2024-10-09,0.008656423539148639,0.008656423539148639,0.008656423539148639,0.008656423539148639,0.008656423539148639,0.008656423539148639,0.008656423539148639,0.008656423539148639,0.007656423539148639,0.0,0.0,0.008656423539148639
2024-10-10,-0.009825889539110455,-0.009825889539110455,-0.009825889539110455,-0.009825889539110455,-0.009825889539110455,-0.009825889539110455,-0.009825889539110455,-0.009825889539110455,-0.009825889539110455,-0.010325889539110455,0.0,-0.009825889539110455
2024-10-11,0.006155099130030539,0.006155099130030539,0.006155099130030539,0.006155099130030539,0.006155099130030539,0.006155099130030539,0.006155099130030539,0.006155099130030539,-0.007155099130030539,-0.0005,0.0,0.006155099130030539
2024-10-14,0.0023720074222097765,0.0023720074222097765,0.0023720074222097765,0.0023720074222097765,0.0023720074222097765,0.0023720074222097765,0.002372007422209776,0.0023720074222097765,0.0013720074222097764,0.0018720074222097764,0.0,0.0023720074222097765
2024-10-15,0.01693843707671694,0.01693843707671694,0.01693843707671694,0.01693843707671694,0.01693843707671694,0.01693843707671694,0.01693843707671694,0.01693843707671694,-0.0005,0.01693843707671694,0.0,0.01693843707671694
2024-10-16,-0.005266220585462111,-0.005266220585462111,-0.005266220585462111,-0.005266220585462111,-0.005266220585462111,-0.005266220585462111,-0.005266220585462111,-0.005266220585462111,0.0,-0.005266220585462111,-0.005766220585462112,-0.005266220585462111
2024-10-17,-0.004062996629792259,-0.004062996629792259,-0.004062996629792259,-0.004062996629792259,-0.004062996629792259,-0.004062996629792259,-0.004062996629792259,-0.004062996629792259,0.0,-0.004062996629792259,-0.004062996629792259,-0.004062996629792259
2024-10-18,0.005191999091080923,0.005191999091080923,0.005191999091080923,0.005191999091080923,0.005191999091080923,0.005191999091080923,0.005191999091080923,0.005191999091080923,0.0,0.005191999091080923,0.005191999091080923,0.005191999091080923
2024-10-21,-0.006149089259487539,-0.006149089259487539,-0.006149089259487539,-0.006149089259487539,-0.006149089259487539,-0.006149089259487539,-0.006149089259487539,-0.006149089259487539,0.0,-0.006149089259487539,-0.006149089259487539,-0.006149089259487539
2024-10-22,0.01497346345231887,0.01497346345231887,0.01497346345231887,0.01497346345231887,0.01497346345231887,0.01497346345231887,0.01497346345231887,0.01497346345231887,-0.01547346345231887,-0.0005,0.01497346345231887,0.01497346345231887
2024-10-23,0.015240072196694987,0.015240072196694987,0.015240072196694987,0.015240072196694987,0.015240072196694987,0.015240072196694987,0.015240072196694985,0.015240072196694987,-0.0005,0.014740072196694987,0.015240072196694987,0.015240072196694987
2024-10-24,-0.0027620819862360646,-0.0027620819862360646,-0.0027620819862360646,-0.0027620819862360646,-0.0027620819862360646,-0.0027620819862360646,-0.0027620819862360646,-0.0027620819862360646,0.0,-0.0027620819862360646,-0.0027620819862360646,-0.0027620819862360646
2024-10-25,-0.006382284042091402,-0.006382284042091402,-0.006382284042091402,-0.006382284042091402,-0.006382284042091402,-0.006382284042091402,-0.006382284042091402,-0.006382284042091402,0.0,-0.006382284042091402,-0.006382284042091402,-0.006382284042091402
2024-10-28,0.0029084166980590798,0.0029084166980590798,0.0029084166980590798,0.0029084166980590798,0.0029084166980590798,0.0029084166980590798,0.0029084166980590793,0.0029084166980590798,0.0,0.0029084166980590798,0.0029084166980590798,0.0029084166980590798
2024-10-29,-0.012688666664350978,-0.012688666664350978,-0.012688666664350978,-0.012688666664350978,-0.012688666664350978,-0.012688666664350978,-0.012688666664350976,-0.012688666664350978,-0.013188666664350979,-0.012688666664350978,-0.012688666664350978,-0.012688666664350978
2024-10-30,-0.0037943706692408208,-0.0037943706692408203,-0.0037943706692408208,-0.0037943706692408208,-0.0037943706692408208,-0.0037943706692408208,-0.0037943706692408203,-0.0037943706692408208,-0.0005,-0.0005,-0.0037943706692408208,-0.0037943706692408208
2024-10-31,0.006880392427864868,0.006880392427864868,0.006880392427864868,0.006880392427864868,0.006880392427864868,0.006880392427864868,0.006880392427864868,0.006880392427864868,-0.007380392427864868,0.0,0.006880392427864868,0.006880392427864868
2024-11-01,0.002928765817420853,0.002928765817420853,0.002928765817420853,0.002928765817420853,0.002928765817420853,0.002928765817420853,0.002928765817420853,0.002928765817420853,0.001928765817420853,0.0,0.002928765817420853,0.002928765817420853
2024-11-04,0.003163414638987616,0.003163414638987616,0.003163414638987616,0.003163414638987616,0.003163414638987616,0.003163414638987616,0.003163414638987616,0.003163414638987616,0.003163414638987616,0.002663414638987616,0.003163414638987616,0.003163414638987616
2024-11-05,0.01491796752621144,0.01491796752621144,0.01491796752621144,0.01491796752621144,0.01491796752621144,0.01491796752621144,0.014917967526211438,0.01491796752621144,0.01491796752621144,0.01491796752621144,0.01491796752621144,0.01491796752621144
2024-11-06,-0.002867938009016746,-0.002867938009016746,-0.002867938009016746,-0.002867938009016746,-0.002867938009016746,-0.002867938009016746,-0.002867938009016746,-0.002867938009016746,-0.002867938009016746,-0.002867938009016746,-0.002867938009016746,-0.002867938009016746
2024-11-07,0.004913594293061596,0.004913594293061596,0.004913594293061596,0.004913594293061596,0.004913594293061596,0.004913594293061596,0.004913594293061596,0.004913594293061596,0.004913594293061596,0.004913594293061596,0.004913594293061596,0.004913594293061596
2024-11-08,0.011687528981871864,0.011687528981871864,0.011687528981871864,0.011687528981871864,0.011687528981871864,0.011687528981871864,0.011687528981871864,0.011687528981871864,0.011687528981871864,0.011687528981871864,0.011687528981871864,0.011687528981871864
2024-11-11,-0.007308737470732463,-0.007308737470732463,-0.007308737470732463,-0.007308737470732463,-0.007308737470732463,-0.007308737470732463,-0.007308737470732463,-0.007308737470732463,-0.007308737470732463,-0.007308737470732463,-0.007308737470732463,-0.007308737470732463
2024-11-12,0.009262688859726698,0.009262688859726698,0.009262688859726698,0.009262688859726698,0.009262688859726698,0.009262688859726698,0.009262688859726698,0.009262688859726698,-0.0005,0.009262688859726698,0.009262688859726698,0.009262688859726698
2024-11-13,0.0060005685490025495,0.0060005685490025495,0.0060005685490025495,0.0060005685490025495,0.0060005685490025495,0.0060005685490025495,0.0060005685490025495,0.0060005685490025495,0.0,0.0060005685490025495,0.0060005685490025495,0.0060005685490025495
2024-11-14,-0.012046855028954306,-0.012046855028954306,-0.012046855028954306,-0.012046855028954306,-0.012046855028954306,-0.012046855028954306,-0.012046855028954306,-0.012046855028954306,0.0,-0.012046855028954306,-0.012046855028954306,-0.012046855028954306
2024-11-15,-0.002604478979125857,-0.002604478979125857,-0.002604478979125857,-0.0026044789791258567,-0.002604478979125857,-0.002604478979125857,-0.002604478979125857,-0.002604478979125857,-0.003104478979125857,-0.0005,-0.002604478979125857,-0.002604478979125857
2024-11-18,-0.0020177276395951793,-0.0020177276395951793,-0.0020177276395951793,-0.002017727639595179,-0.0020177276395951793,-0.0020177276395951793,-0.0020177276395951793,-0.0020177276395951793,-0.0020177276395951793,0.0,-0.0020177276395951793,-0.0020177276395951793
2024-11-19,0.029971382217725218,0.029971382217725218,0.029971382217725218,0.029971382217725214,0.029971382217725218,0.029971382217725218,0.029971382217725218,0.029971382217725218,-0.0005,0.0,0.029971382217725218,0.029971382217725218
2024-11-20,0.006697543304156728,0.006697543304156728,0.006697543304156728,0.006697543304156728,0.006697543304156728,0.006697543304156728,0.006697543304156727,0.006697543304156728,0.0,0.006197543304156727,0.006697543304156728,0.006697543304156728
2024-11-21,0.013879305804804787,0.013879305804804787,0.013879305804804787,0.013879305804804787,0.013879305804804787,0.013879305804804787,0.013879305804804787,0.013879305804804787,0.0,0.013879305804804787,0.013879305804804787,0.013879305804804787
2024-11-22,0.023192651293727273,0.023192651293727273,0.023192651293727273,0.023192651293727273,0.023192651293727273,0.023192651293727273,0.023192651293727273,0.023192651293727273,0.0,0.023192651293727273,0.023192651293727273,0.023192651293727273
2024-11-25,-0.010393615484244223,-0.010393615484244223,-0.010393615484244223,-0.010393615484244223,-0.010393615484244223,-0.010393615484244223,-0.010393615484244223,-0.010393615484244223,0.0,-0.010393615484244223,-0.010393615484244223,-0.010393615484244223
2024-11-26,0.02022348185222267,0.02022348185222267,0.02022348185222267,0.020223481852222665,0.02022348185222267,0.02022348185222267,0.02022348185222267,0.02022348185222267,0.01972348185222267,0.02022348185222267,0.02022348185222267,0.02022348185222267
2024-11-27,0.0062423986411035415,0.0062423986411035415,0.0062423986411035415,0.0062423986411035415,0.0062423986411035415,0.0062423986411035415,0.006242398641103541,0.0062423986411035415,-0.0005,0.0062423986411035415,0.0062423986411035415,0.0062423986411035415
2024-11-29,0.006748019324553711,0.006748019324553711,0.006748019324553711,0.006748019324553711,0.006748019324553711,0.006748019324553711,0.006748019324553711,0.006748019324553711,0.0,0.006748019324553711,0.006748019324553711,0.006748019324553711
2024-12-02,0.0015135004390336437,0.0015135004390336437,0.0015135004390336437,0.0015135004390336437,0.0015135004390336437,0.0015135004390336437,0.0015135004390336437,0.0015135004390336437,0.0,0.0015135004390336437,0.0015135004390336437,0.0015135004390336437
2024-12-03,0.00939114065612201,0.00939114065612201,0.00939114065612201,0.00939114065612201,0.00939114065612201,0.00939114065612201,0.00939114065612201,0.00939114065612201,0.0,0.00939114065612201,0.00939114065612201,0.00939114065612201
2024-12-04,0.0100523027464674,0.010052302746467399,0.0100523027464674,0.0100523027464674,0.0100523027464674,0.0100523027464674,0.0100523027464674,0.0100523027464674,0.0,0.0100523027464674,0.0100523027464674,0.0100523027464674
2024-12-05,0.008999541201473171,0.008999541201473171,0.008999541201473171,0.008999541201473171,0.008999541201473171,0.008999541201473171,0.008999541201473171,0.008999541201473171,0.0,0.008999541201473171,0.008999541201473171,0.008999541201473171
2024-12-06,0.004197189314611993,0.004197189314611993,0.004197189314611993,0.004197189314611993,0.004197189314611993,0.004197189314611993,0.004197189314611993,0.004197189314611993,0.0,0.004197189314611993,0.004197189314611993,0.004197189314611993
2024-12-09,-0.019540139843790882,-0.019540139843790882,-0.019540139843790882,-0.019540139843790882,-0.019540139843790882,-0.019540139843790882,-0.019540139843790882,-0.019540139843790882,0.0,-0.019540139843790882,-0.019540139843790882,-0.019540139843790882
2024-12-10,0.007673516428789995,0.007673516428789995,0.007673516428789995,0.007673516428789994,0.007673516428789995,0.007673516428789995,0.007673516428789995,0.007673516428789995,0.007173516428789994,-0.0005,0.007673516428789995,0.007673516428789995
2024-12-11,0.004336310205578675,0.004336310205578675,0.004336310205578675,0.004336310205578675,0.004336310205578675,0.004336310205578675,0.004336310205578674,0.004336310205578675,-0.0005,0.003836310205578675,0.004336310205578675,0.004336310205578675
2024-12-12,-0.009161784537511819,-0.009161784537511819,-0.009161784537511819,-0.009161784537511819,-0.009161784537511819,-0.009161784537511819,-0.009161784537511819,-0.009161784537511819,-0.00966178453751182,-0.009161784537511819,-0.009161784537511819,-0.009161784537511819
2024-12-13,0.003919909857595716,0.003919909857595715,0.003919909857595716,0.003919909857595716,0.003919909857595716,0.003919909857595716,0.003919909857595716,0.003919909857595716,0.003919909857595716,-0.0005,0.003919909857595716,0.003919909857595716
2024-12-16,0.006578183908369173,0.006578183908369173,0.006578183908369173,0.006578183908369173,0.006578183908369173,0.006578183908369173,0.006578183908369173,0.006578183908369173,0.006578183908369173,0.0,0.006578183908369173,0.006578183908369173
2024-12-17,0.0057974682985806325,0.0057974682985806325,0.0057974682985806325,0.0057974682985806325,0.0057974682985806325,0.0057974682985806325,0.0057974682985806325,0.0057974682985806325,0.0057974682985806325,0.005297468298580632,0.0057974682985806325,0.0057974682985806325
2024-12-18,-0.019597612266791686,-0.019597612266791683,-0.019597612266791686,-0.019597612266791686,-0.019597612266791686,-0.019597612266791686,-0.019597612266791686,-0.019597612266791686,-0.019597612266791686,-0.019597612266791686,-0.019597612266791686,-0.019597612266791686
2024-12-19,-0.001603324574292464,-0.001603324574292464,-0.001603324574292464,-0.001603324574292464,-0.001603324574292464,-0.001603324574292464,-0.001603324574292464,-0.001603324574292464,-0.001603324574292464,-0.0005,-0.001603324574292464,-0.001603324574292464
2024-12-20,-0.012419701920182602,-0.012419701920182602,-0.012419701920182602,-0.012419701920182602,-0.012419701920182602,-0.012419701920182602,-0.0124197019201826,-0.012419701920182602,-0.012419701920182602,0.0,-0.012419701920182602,-0.012419701920182602
2024-12-23,-0.020490141158488906,-0.020490141158488906,-0.020490141158488906,-0.020490141158488906,-0.020490141158488906,-0.020490141158488906,-0.020490141158488906,-0.0005,-0.020490141158488906,0.0,-0.020490141158488906,-0.020490141158488906
2024-12-24,0.02578868564518011,0.02578868564518011,0.02578868564518011,0.02578868564518011,0.02578868564518011,0.02578868564518011,0.02578868564518011,0.0,0.02578868564518011,0.0,-0.0005,0.02578868564518011
2024-12-26,0.0011869756851476954,0.0011869756851476954,0.0011869756851476954,0.0011869756851476954,0.0011869756851476954,0.0011869756851476954,0.0011869756851476951,0.0,0.0011869756851476954,0.0006869756851476953,0.0,0.0011869756851476954
2024-12-27,-0.012178140346676858,-0.012178140346676858,-0.012178140346676858,-0.012178140346676858,-0.012178140346676858,-0.012178140346676858,-0.012178140346676858,0.0,-0.012178140346676858,-0.012178140346676858,0.0,-0.012178140346676858
2024-12-30,-0.011891652908210482,-0.011891652908210482,-0.011891652908210482,-0.011891652908210482,-0.011891652908210482,-0.011891652908210482,-0.011891652908210482,0.0,-0.011891652908210482,-0.0005,0.0,-0.011891652908210482
2024-12-31,-0.0024292567966811562,-0.002429256796681156,-0.0024292567966811562,-0.0024292567966811562,-0.0024292567966811562,-0.0024292567966811562,-0.0024292567966811562,0.0,-0.0024292567966811562,0.0,0.0,-0.0024292567966811562
2025-01-02,-0.0038736778310767273,-0.0038736778310767273,-0.0038736778310767273,-0.0038736778310767273,-0.0038736778310767273,-0.0038736778310767273,-0.0038736778310767273,0.0,-0.0038736778310767273,0.0,0.0,-0.0038736778310767273
2025-01-03,0.008666577036675838,0.008666577036675838,0.008666577036675838,0.008666577036675838,0.008666577036675838,0.008666577036675838,0.008666577036675838,0.0,0.008666577036675838,0.0,0.0,0.008666577036675838
2025-01-06,0.007160079792870588,0.007160079792870588,0.007160079792870588,0.007160079792870588,0.007160079792870588,0.007160079792870588,0.007160079792870588,0.0,0.007160079792870588,0.0,0.0,0.007160079792870588
2025-01-07,-0.00678116206150714,-0.00678116206150714,-0.00678116206150714,-0.00678116206150714,-0.00678116206150714,-0.00678116206150714,-0.00678116206150714,0.0,-0.00678116206150714,-0.00728116206150714,0.0,-0.00678116206150714
2025-01-08,0.01090191359236048,0.01090191359236048,0.01090191359236048,0.01090191359236048,0.01090191359236048,0.01090191359236048,0.01090191359236048,0.0,0.01090191359236048,-0.0005,0.0,0.01090191359236048
2025-01-10,0.013071957236182374,0.013071957236182374,0.013071957236182374,0.013071957236182374,0.013071957236182374,0.013071957236182374,0.013071957236182373,0.0,0.013071957236182374,0.012571957236182374,0.0,0.013071957236182374
2025-01-13,-0.015806421203897192,-0.015806421203897192,-0.015806421203897192,-0.015806421203897192,-0.015806421203897192,-0.015806421203897192,-0.015806421203897192,-0.016306421203897192,-0.015806421203897192,-0.015806421203897192,0.0,-0.015806421203897192
2025-01-14,-0.00808471963007018,-0.00808471963007018,-0.00808471963007018,-0.00808471963007018,-0.00808471963007018,-0.00808471963007018,-0.00808471963007018,-0.00808471963007018,-0.00808471963007018,-0.0005,0.0,-0.00808471963007018
2025-01-15,0.006057743050163156,0.006057743050163156,0.006057743050163156,0.006057743050163156,0.006057743050163156,0.006057743050163156,0.006057743050163156,0.006057743050163156,0.006057743050163156,0.0,0.0,0.006057743050163156
2025-01-16,-0.00043772831057498074,-0.00043772831057498074,-0.00043772831057498074,-0.00043772831057498074,-0.00043772831057498074,-0.00043772831057498074,-0.00043772831057498074,-0.00043772831057498074,-0.0005622716894250193,0.0,0.0,-0.00043772831057498074
2025-01-17,0.0070097764493959325,0.0070097764493959325,0.0070097764493959325,0.0070097764493959325,0.0070097764493959325,0.0070097764493959325,0.0070097764493959325,0.0070097764493959325,-0.0005,0.0,0.0,0.0070097764493959325
2025-01-21,0.01239949073309421,0.01239949073309421,0.01239949073309421,0.01239949073309421,0.01239949073309421,0.01239949073309421,0.01239949073309421,0.01239949073309421,-0.01289949073309421,0.011899490733094209,0.0,0.01239949073309421
2025-01-22,0.0016115034917019155,0.0016115034917019155,0.0016115034917019155,0.0016115034917019155,0.0016115034917019155,0.0016115034917019155,0.0016115034917019155,0.0016115034917019155,0.0006115034917019155,0.0016115034917019155,0.0011115034917019155,0.0016115034917019155
2025-01-23,0.0062211325614065505,0.0062211325614065505,0.0062211325614065505,0.0062211325614065505,0.0062211325614065505,0.0062211325614065505,0.0062211325614065505,0.0062211325614065505,0.0062211325614065505,0.0062211325614065505,0.0062211325614065505,0.0062211325614065505
2025-01-24,0.010126905684049836,0.010126905684049836,0.010126905684049836,0.010126905684049836,0.010126905684049836,0.010126905684049836,0.010126905684049834,0.010126905684049836,0.010126905684049836,0.010126905684049836,0.010126905684049836,0.010126905684049836
2025-01-27,0.02785981973981677,0.02785981973981677,0.02785981973981677,0.02785981973981677,0.02785981973981677,0.02785981973981677,0.02785981973981677,0.02785981973981677,0.02785981973981677,0.02785981973981677,0.02785981973981677,0.02785981973981677
2025-01-28,-0.0011294548486258105,-0.0011294548486258105,-0.0011294548486258105,-0.0011294548486258105,-0.0011294548486258105,-0.0011294548486258105,-0.0011294548486258103,-0.0011294548486258105,-0.0011294548486258105,-0.0011294548486258105,-0.0011294548486258105,-0.0011294548486258105
2025-01-29,0.002158525242523357,0.002158525242523357,0.002158525242523357,0.002158525242523357,0.002158525242523357,0.002158525242523357,0.0021585252425233565,0.002158525242523357,-0.0005,0.002158525242523357,0.002158525242523357,0.002158525242523357
2025-01-30,0.011794800772825909,0.011794800772825909,0.011794800772825909,0.011794800772825909,0.011794800772825909,0.011794800772825909,0.011794800772825909,0.011794800772825909,0.0,0.011794800772825909,0.011794800772825909,0.011794800772825909
2025-01-31,-0.0049669935722092,-0.0049669935722092,-0.0049669935722092,-0.0049669935722092,-0.0049669935722092,-0.0049669935722092,-0.0049669935722092,-0.0049669935722092,0.0,-0.0049669935722092,-0.0049669935722092,-0.0049669935722092
2025-02-03,0.014058547787999087,0.014058547787999087,0.014058547787999087,0.014058547787999087,0.014058547787999087,0.014058547787999087,0.014058547787999085,0.014058547787999087,0.013558547787999087,0.014058547787999087,0.014058547787999087,0.014058547787999087
2025-02-04,0.01235695905470946,0.01235695905470946,0.01235695905470946,0.01235695905470946,0.01235695905470946,0.01235695905470946,0.01235695905470946,0.01235695905470946,0.01235695905470946,0.01235695905470946,0.01235695905470946,0.01235695905470946
2025-02-05,0.016770782460362454,0.016770782460362454,0.016770782460362454,0.016770782460362454,0.016770782460362454,0.016770782460362454,0.016770782460362454,0.016770782460362454,-0.0005,0.016770782460362454,0.016770782460362454,0.016770782460362454
2025-02-06,0.0038064382929781093,0.0038064382929781093,0.0038064382929781093,0.0038064382929781093,0.0038064382929781093,0.0038064382929781093,0.003806438292978109,0.0038064382929781093,0.0033064382929781093,0.0038064382929781093,0.0038064382929781093,0.0038064382929781093
2025-02-07,-0.01652891503111331,-0.01652891503111331,-0.01652891503111331,-0.01652891503111331,-0.01652891503111331,-0.01652891503111331,-0.01652891503111331,-0.01652891503111331,-0.01652891503111331,-0.01652891503111331,-0.01652891503111331,-0.01652891503111331
2025-02-10,0.01749878842516117,0.01749878842516117,0.01749878842516117,0.01749878842516117,0.01749878842516117,0.01749878842516117,0.01749878842516117,0.01749878842516117,0.01749878842516117,0.01749878842516117,0.01749878842516117,0.01749878842516117
2025-02-11,-0.0043722918422145485,-0.0043722918422145485,-0.0043722918422145485,-0.0043722918422145485,-0.0043722918422145485,-0.0043722918422145485,-0.0043722918422145485,-0.0043722918422145485,-0.0043722918422145485,-0.0043722918422145485,-0.0043722918422145485,-0.0043722918422145485
2025-02-12,0.011125145174641915,0.011125145174641915,0.011125145174641915,0.011125145174641915,0.011125145174641915,0.011125145174641915,0.011125145174641915,0.011125145174641915,0.011125145174641915,0.011125145174641915,0.011125145174641915,0.011125145174641915
2025-02-13,0.01389826245347403,0.01389826245347403,0.01389826245347403,0.01389826245347403,0.01389826245347403,0.01389826245347403,0.01389826245347403,0.01389826245347403,-0.0005,0.01389826245347403,0.01389826245347403,0.01389826245347403
2025-02-14,-0.00961440975683614,-0.00961440975683614,-0.00961440975683614,-0.00961440975683614,-0.00961440975683614,-0.00961440975683614,-0.009614409756836138,-0.00961440975683614,-0.01011440975683614,-0.00961440975683614,-0.00961440975683614,-0.00961440975683614
2025-02-18,-0.0024990379575569044,-0.0024990379575569044,-0.0024990379575569044,-0.0024990379575569044,-0.0024990379575569044,-0.0024990379575569044,-0.002499037957556904,-0.0024990379575569044,-0.0024990379575569044,-0.0024990379575569044,-0.0024990379575569044,-0.0024990379575569044
2025-02-19,0.0021198911925623953,0.0021198911925623953,0.0021198911925623953,0.0021198911925623953,0.0021198911925623953,0.0021198911925623953,0.0021198911925623953,0.0021198911925623953,0.0021198911925623953,0.0021198911925623953,0.0021198911925623953,0.0021198911925623953
2025-02-20,-0.06528849454098795,-0.06528849454098795,-0.06528849454098795,-0.06528849454098795,-0.06528849454098795,-0.06528849454098795,-0.06528849454098794,-0.06528849454098795,-0.06528849454098795,-0.06528849454098795,-0.06528849454098795,-0.06528849454098795
2025-02-21,-0.021971604317262233,-0.024997524089690356,-0.02499752408969036,-0.02499752408969036,-0.02499752408969036,-0.02499752408969036,-0.024997524089690356,-0.0005,-0.02499752408969036,-0.0005,-0.02499752408969036,-0.02499752408969036
2025-02-24,-0.010264641988843692,-0.01171120288350247,-0.01171120288350247,-0.01171120288350247,-0.01171120288350247,-0.01171120288350247,-0.01171120288350247,0.0,-0.01171120288350247,0.0,-0.01171120288350247,-0.01171120288350247
2025-02-25,0.03761557793601119,0.042916612704818835,0.042916612704818835,0.042916612704818835,0.042916612704818835,0.042916612704818835,0.042916612704818835,0.0,0.042916612704818835,0.0,0.042916612704818835,0.042916612704818835
2025-02-26,-0.013368402743924895,-0.015252366028219555,-0.015252366028219555,-0.015252366028219555,-0.015252366028219555,-0.015252366028219555,-0.015252366028219555,0.0,-0.015252366028219555,-0.015752366028219555,-0.015252366028219555,-0.015252366028219555
2025-02-27,0.005375535508453736,0.0061330913455526215,0.0061330913455526215,0.0061330913455526215,0.0061330913455526215,0.0061330913455526215,0.0061330913455526215,0.0,0.0061330913455526215,-0.0005,-0.0005,0.0061330913455526215
2025-02-28,0.01648091028070303,0.01880350860866775,0.01880350860866775,0.01880350860866775,0.01880350860866775,0.01880350860866775,0.01880350860866775,0.0,0.01880350860866775,0.01830350860866775,0.0,0.01880350860866775
2025-03-03,-0.00906606031493595,-0.010343709192944361,-0.010343709192944361,-0.010343709192944361,-0.010343709192944361,-0.010343709192944361,-0.010343709192944361,0.0,-0.010343709192944361,-0.010343709192944361,0.0,-0.010343709192944361
2025-03-04,-0.023530866989002197,-0.026846991607932247,-0.026846991607932247,-0.026846991607932247,-0.026846991607932247,-0.026846991607932247,-0.026846991607932247,0.0,-0.026846991607932247,-0.026846991607932247,0.0,-0.026846991607932247
2025-03-05,0.009321329254583292,0.010634952311342037,0.010634952311342039,0.010634952311342039,0.010634952311342039,0.010634952311342039,0.010634952311342039,0.0,0.010634952311342039,-0.0005,0.0,0.010634952311342039
2025-03-06,-0.012236731113746728,-0.013961211785049164,-0.013961211785049166,-0.013961211785049166,-0.013961211785049166,-0.013961211785049166,-0.013961211785049166,0.0,-0.013961211785049166,0.0,0.0,-0.013961211785049166
2025-03-07,-0.027042750707975016,-0.030853793090230508,-0.030853793090230508,-0.030853793090230508,-0.030853793090230508,-0.030853793090230508,-0.030853793090230508,0.0,-0.030853793090230508,0.0,0.0,-0.030853793090230508
2025-03-10,-0.033269465855330874,-0.04252069918758272,-0.04252069918758272,-0.042520699187582715,-0.04252069918758272,-0.04252069918758272,0.04152069918758272,0.0,-0.04252069918758272,0.0,0.0,-0.04252069918758272
2025-03-11,-0.003380830157145777,-0.0043271259177400925,-0.004327125917740093,-0.0043271259177400925,-0.004327125917740093,-0.004327125917740093,0.004327125917740093,0.0,-0.004327125917740093,0.0,0.0,-0.004327125917740093
2025-03-12,-0.020015258927540497,-0.025617538187353794,-0.025617538187353794,-0.02561753818735379,-0.025617538187353794,-0.025617538187353794,0.02561753818735379,0.0,-0.025617538187353794,0.0,0.0,-0.025617538187353794
2025-03-13,-0.0064191906314701236,-0.008215924746660108,-0.008215924746660108,-0.008215924746660106,-0.008215924746660108,-0.008215924746660108,0.008215924746660108,0.0,-0.008215924746660108,0.0,0.0,-0.008215924746660108
2025-03-14,0.007859226130692145,0.010059026778265865,0.010059026778265867,0.010059026778265865,0.010059026778265867,0.010059026778265867,-0.010059026778265867,0.0,0.010059026778265867,0.0,0.0,0.010059026778265867
2025-03-17,0.019315478705045835,0.024721889190885138,0.024721889190885138,0.024721889190885138,0.024721889190885138,-0.02572188919088514,-0.024721889190885138,0.0,0.024721889190885138,0.0,0.0,0.024721889190885138
2025-03-18,-0.016705470014911246,-0.021381337987880333,-0.021381337987880333,-0.021381337987880333,-0.021381337987880333,0.021381337987880333,0.021381337987880333,0.0,-0.021381337987880333,-0.021881337987880334,0.0,-0.021381337987880333
2025-03-19,0.004390237278070187,-0.0005,-0.0005,-0.009645986228114967,-0.0005,0.007645986228114966,-0.008645986228114966,0.0,-0.009645986228114967,-0.0005,0.0,0.008645986228114966
2025-03-20,-0.003116530857292025,0.0,0.0,0.0060233964650840965,0.0,-0.0060233964650840965,0.0060233964650840965,0.0,0.0060233964650840965,-0.006523396465084097,0.0,-0.0060233964650840965
2025-03-21,0.0024564968059705397,0.0,0.0,-0.004732635155753062,0.0,-0.005732635155753062,-0.004732635155753062,0.0,-0.004732635155753062,-0.0005,-0.005232635155753063,0.004732635155753062
2025-03-24,0.010665707536419454,0.0,0.0,-0.017562167651378413,0.0,-0.017562167651378413,-0.017562167651378413,0.0,-0.017562167651378413,0.0,-0.017562167651378413,0.017562167651378413
2025-03-25,-0.018959710732018544,0.0,0.0,0.031203455841248062,0.0,0.031203455841248062,0.031203455841248062,0.0,-0.03220345584124806,-0.03170345584124806,0.031203455841248062,-0.031203455841248062
2025-03-26,0.0030932935347250472,0.0,0.0,-0.005309025562339809,0.0,-0.005309025562339809,-0.005309025562339809,0.0,-0.006309025562339809,-0.0005,-0.005309025562339809,0.005309025562339809
2025-03-27,0.0032599878880888817,0.0,0.0,-0.004928995323931762,0.0,-0.004928995323931762,-0.004928995323931762,0.0,-0.004928995323931762,0.0,-0.004928995323931762,0.004928995323931762
2025-03-28,-0.0037505396704091932,0.0,0.0,0.005605443508272967,0.0,0.005605443508272967,0.005605443508272967,0.0,0.005605443508272967,0.0,0.005605443508272967,-0.005605443508272967
2025-03-31,0.020939225526651405,0.0,0.0,-0.031003955906283794,0.0,-0.031003955906283798,-0.031003955906283798,0.0,-0.031003955906283798,0.0,-0.031003955906283798,0.031003955906283798
2025-04-01,0.007590257226351641,0.0,0.0,-0.011846674677804314,0.011346674677804314,-0.011846674677804314,-0.011846674677804314,0.011346674677804314,0.010846674677804313,0.011346674677804314,-0.011846674677804314,0.011846674677804314
2025-04-02,0.006614884603699379,0.0,0.0,-0.010469377163171867,0.010469377163171867,-0.010469377163171867,-0.010469377163171867,0.010469377163171867,0.010469377163171867,0.010469377163171867,-0.010469377163171867,0.010469377163171867
2025-04-03,-0.018041202992599717,0.0,0.0,0.027852133921323352,-0.027852133921323352,0.027852133921323352,0.027852133921323352,-0.027852133921323352,-0.027852133921323352,-0.027852133921323352,0.027852133921323352,-0.027852133921323352
2025-04-04,-0.02942308694834939,0.0,0.0,0.046642100443935464,-0.046642100443935464,0.046642100443935464,0.046642100443935464,-0.046642100443935464,-0.046642100443935464,-0.0005,-0.0005,-0.046642100443935464
2025-04-07,0.004387078804307387,0.0,0.0,0.006693075377271041,-0.0005,-0.007693075377271041,-0.007693075377271041,-0.0005,-0.008693075377271042,0.0,0.0,0.007693075377271041
2025-04-08,-0.014367354159529238,0.0,0.0,0.023334828173319777,0.0,0.024334828173319778,0.024334828173319778,0.0,0.024334828173319778,0.0,0.0,-0.024334828173319778
2025-04-09,0.06002485834081749,0.0,0.0,0.09448841602193625,0.0,-0.09548841602193625,-0.09548841602193625,0.0,-0.09548841602193625,0.0,0.0,0.09548841602193625
2025-04-10,0.004733769954802951,0.0,0.0,-0.012272353435075822,0.010772353435075821,-0.011272353435075821,-0.011272353435075821,0.0,0.01027235343507582,0.010772353435075821,0.0,0.011272353435075821
2025-04-11,0.010582412785947121,0.0,0.0,-0.024169363422335666,0.024169363422335666,-0.024169363422335666,-0.024169363422335666,0.0,-0.0005,0.024169363422335666,0.0,0.024169363422335666
2025-04-14,0.009042264722736105,0.020297609754703794,0.020297609754703794,-0.02079760975470379,0.020797609754703794,-0.020797609754703794,0.019797609754703793,0.020297609754703794,0.020297609754703794,0.020797609754703794,0.0,0.020797609754703794
2025-04-15,-0.003467658049326321,-0.008022872318201757,-0.008022872318201757,0.008022872318201757,-0.008022872318201757,0.008022872318201757,-0.008022872318201757,-0.008022872318201757,-0.008022872318201757,-0.008022872318201757,0.0,-0.008022872318201757
2025-04-16,-0.012873281990060156,-0.02958387805084306,-0.02958387805084306,0.02958387805084306,-0.02958387805084306,0.02958387805084306,-0.02958387805084306,-0.02958387805084306,-0.02958387805084306,-0.02958387805084306,0.0,-0.02958387805084306
2025-04-17,0.009547044440276906,-0.0005,-0.0005,-0.022261137647181073,0.022261137647181073,0.021261137647181072,0.022261137647181073,0.022261137647181073,0.022261137647181073,-0.0005,0.0,0.022261137647181073
2025-04-21,-0.0036959867762750096,-0.009189104003059556,-0.009189104003059556,0.008689104003059556,-0.008689104003059556,-0.008689104003059556,-0.008689104003059556,-0.008689104003059556,-0.008689104003059556,-0.009189104003059556,0.0,-0.008689104003059556
2025-04-22,0.011205413879779545,-0.0005,-0.0005,-0.026404044120199588,0.026404044120199588,0.026404044120199588,0.026404044120199588,0.026404044120199588,0.026404044120199588,-0.0005,0.0,0.026404044120199588
2025-04-23,0.0004828719284538657,0.000659740524561359,0.000659740524561359,-0.001159740524561359,0.001159740524561359,0.001159740524561359,0.001159740524561359,0.001159740524561359,0.001159740524561359,0.000659740524561359,0.0,0.001159740524561359
2025-04-24,0.003896374148765252,0.009266932460321398,0.009266932460321398,-0.009266932460321398,0.009266932460321398,0.009266932460321398,0.009266932460321398,0.009266932460321398,0.009266932460321398,0.009266932460321398,0.0,0.009266932460321398
2025-04-25,-0.0034269364100032243,-0.007825502923725192,-0.007825502923725192,0.007825502923725192,-0.007825502923725192,-0.007825502923725192,-0.007825502923725192,-0.007825502923725192,-0.007825502923725192,-0.007825502923725192,0.0,-0.007825502923725192
2025-04-28,0.0005926642534198516,0.0013671210675656464,0.0013671210675656464,-0.0013671210675656464,0.0013671210675656464,0.0013671210675656464,0.0013671210675656464,0.0013671210675656464,0.0013671210675656464,-0.0005,0.0,0.0013671210675656464
2025-04-29,0.0037390444814701545,0.00861173083060196,0.00861173083060196,-0.00861173083060196,0.00861173083060196,0.00861173083060196,0.00861173083060196,0.00861173083060196,0.00861173083060196,0.00811173083060196,0.0,0.00861173083060196
2025-04-30,0.005489549616034506,0.012598995470594732,0.012598995470594732,-0.012598995470594732,0.012598995470594732,0.012598995470594732,0.01259899547059473,0.012598995470594732,0.012598995470594732,0.012598995470594732,0.0,0.012598995470594732
2025-05-01,0.0007260162043819655,0.001645170890467007,0.001645170890467007,-0.001645170890467007,0.001645170890467007,0.001645170890467007,0.001645170890467007,0.001645170890467007,-0.0005,0.001645170890467007,0.0,0.001645170890467007
2025-05-02,0.0061102968531909765,0.013756280873662874,0.013756280873662874,-0.013756280873662874,0.013756280873662874,0.013756280873662874,0.013756280873662872,0.013756280873662874,0.013256280873662873,0.013756280873662874,0.0,0.013756280873662874
2025-05-05,0.0026048181936072492,0.005873498903831598,0.005873498903831598,-0.005873498903831598,0.005873498903831598,0.005873498903831598,0.005873498903831598,0.005873498903831598,0.005873498903831598,0.005873498903831598,0.0,0.005873498903831598
2025-05-06,-0.0036196819619905432,-0.007852661369922576,-0.007852661369922576,0.007852661369922576,-0.007852661369922576,-0.007852661369922576,-0.007852661369922576,-0.007852661369922576,-0.007852661369922576,-0.007852661369922576,0.0,-0.007852661369922576
2025-05-07,0.001418518138345843,0.0028410904830058477,0.002841090483005848,-0.002841090483005848,0.002841090483005848,0.002841090483005848,0.002841090483005848,0.002841090483005848,0.002841090483005848,-0.0005,0.002341090483005848,0.002841090483005848
2025-05-08,-0.007183681799420079,-0.014165677083634809,-0.014165677083634809,0.014165677083634809,-0.014165677083634809,-0.014165677083634809,-0.014165677083634809,-0.014165677083634809,-0.014165677083634809,-0.01466567708363481,-0.014165677083634809,-0.014165677083634809
2025-05-09,-0.002542664105529888,-0.004887120806998602,-0.004887120806998602,0.004887120806998602,-0.004887120806998602,-0.004887120806998602,-0.004887120806998602,-0.004887120806998602,-0.004887120806998602,-0.0005,-0.004887120806998602,-0.004887120806998602
2025-05-12,8.91838162115167e-05,0.00031015430854575143,0.00031015430854575143,-0.00031015430854575143,0.00031015430854575143,0.00031015430854575143,0.00031015430854575143,0.00031015430854575143,0.00031015430854575143,0.0,0.00031015430854575143,0.00031015430854575143
2025-05-13,-0.008120902602355509,-0.008992164376407707,-0.008992164376407707,0.008992164376407707,-0.008992164376407707,-0.008992164376407707,-0.008992164376407707,-0.008992164376407707,-0.008992164376407707,0.0,-0.008992164376407707,-0.008992164376407707
2025-05-14,0.009335150216212335,0.009908215234382567,0.009908215234382567,-0.009908215234382567,0.009908215234382567,0.009908215234382567,0.009908215234382567,0.009908215234382567,0.009908215234382567,0.0,0.009908215234382567,0.009908215234382567
2025-05-15,-0.004914121224311827,-0.004957149771085079,-0.004957149771085079,0.004957149771085079,-0.004957149771085079,-0.004957149771085079,-0.004957149771085078,-0.004957149771085079,-0.004957149771085079,-0.005457149771085079,-0.004957149771085079,-0.004957149771085079
2025-05-16,0.019501020157644954,0.019615876691239542,0.019615876691239542,-0.019615876691239542,0.019615876691239542,0.019615876691239542,0.019615876691239542,0.019615876691239542,-0.0005,-0.0005,0.019615876691239542,0.019615876691239542
2025-05-19,-0.0007956950372405809,-0.0012214220791194608,-0.0012214220791194608,-0.002221422079119461,-0.0012214220791194608,-0.0012214220791194608,-0.0012214220791194608,-0.0012214220791194608,-0.0017214220791194608,-0.0017214220791194608,-0.0012214220791194608,-0.0012214220791194608
2025-05-20,-0.001349523072881735,-0.003261239723793996,-0.003261239723793996,-0.003261239723793996,-0.003261239723793996,-0.003261239723793996,-0.003261239723793996,-0.003261239723793996,-0.003261239723793996,-0.003261239723793996,-0.003261239723793996,-0.003261239723793996
2025-05-21,-0.0057967300724914425,-0.014008301718141158,-0.014008301718141158,-0.014008301718141158,-0.014008301718141158,-0.014008301718141158,-0.014008301718141158,-0.014008301718141158,0.013008301718141158,-0.014008301718141158,-0.014008301718141158,-0.014008301718141158
2025-05-22,-0.0021455871197947926,-0.005184997638457367,-0.005184997638457367,-0.005184997638457367,-0.005184997638457367,-0.005184997638457367,-0.005184997638457367,-0.005184997638457367,0.005184997638457367,-0.005184997638457367,-0.005184997638457367,-0.005184997638457367
2025-05-23,0.0017685340751204168,0.004273816205565106,0.004273816205565106,0.004273816205565106,-0.0005,0.004273816205565106,0.004273816205565106,0.004273816205565106,-0.004273816205565106,0.004273816205565106,-0.0005,0.004273816205565106
2025-05-27,0.0053261834000133965,0.012871184812901726,0.012871184812901726,0.012871184812901726,0.0,0.012871184812901726,0.012871184812901726,0.012871184812901726,0.011871184812901725,-0.0005,0.0,0.012871184812901726
2025-05-28,-0.0014418542329911726,-0.003484365991987315,-0.003484365991987315,-0.003484365991987315,-0.003984365991987315,-0.003484365991987315,-0.003484365991987315,-0.003484365991987315,-0.003484365991987315,-0.003984365991987315,0.0,-0.003484365991987315
2025-05-29,-0.0005957574369919663,-0.0014396995933645407,-0.0014396995933645407,-0.0014396995933645407,-0.0014396995933645407,-0.0014396995933645407,-0.0014396995933645407,-0.0014396995933645407,-0.0014396995933645407,-0.0014396995933645407,0.0,-0.0014396995933645407
2025-05-30,0.006903844734230145,0.01668374046106469,0.01668374046106469,0.01668374046106469,0.01668374046106469,0.01668374046106469,0.01668374046106469,0.01668374046106469,0.01668374046106469,0.01668374046106469,0.0,0.01668374046106469
2025-06-02,0.004401291478032454,0.010636103148281117,0.010636103148281117,0.010636103148281117,0.010636103148281117,0.010636103148281117,0.010636103148281116,0.010636103148281117,0.010636103148281117,0.010636103148281117,0.0,0.010636103148281117
2025-06-03,0.0008710390888481372,0.002104941615753919,0.002104941615753919,0.002104941615753919,0.002104941615753919,0.002104941615753919,0.002104941615753919,0.002104941615753919,-0.003104941615753919,0.002104941615753919,0.0016049416157539191,0.002104941615753919
2025-06-04,-0.0029308709703107956,-0.0063012519047606075,-0.0063012519047606075,-0.0063012519047606075,-0.0063012519047606075,-0.0063012519047606075,-0.0063012519047606075,-0.0063012519047606075,-0.0073012519047606075,-0.0063012519047606075,-0.0063012519047606075,-0.0063012519047606075
2025-06-05,-0.006454757415459926,-0.013990945875279825,-0.013990945875279825,-0.013990945875279825,-0.013990945875279825,-0.013990945875279825,-0.013990945875279825,-0.013990945875279825,-0.013990945875279825,-0.013990945875279825,-0.013990945875279825,-0.013990945875279825
2025-06-06,-0.0023076810200946514,-0.005001991271155193,-0.005001991271155193,-0.005001991271155193,-0.005001991271155193,-0.005001991271155193,-0.005001991271155193,-0.005001991271155193,-0.005001991271155193,-0.0005,-0.005001991271155193,-0.005001991271155193
2025-06-09,-9.472044249711397e-05,-0.0002053103624135577,-0.0002053103624135577,-0.0002053103624135577,-0.0005,-0.0002053103624135577,-0.0002053103624135577,-0.0002053103624135577,-0.0002053103624135577,0.0,-0.0002053103624135577,-0.0002053103624135577
2025-06-10,-0.0006153894590240521,-0.0013338813621099896,-0.0013338813621099899,-0.0013338813621099899,0.0,-0.0013338813621099899,-0.0013338813621099899,-0.0013338813621099899,-0.0013338813621099899,0.0,-0.0013338813621099899,-0.0013338813621099899
2025-06-11,-0.007205681452429747,-0.01561860387719449,-0.015618603877194492,-0.015618603877194492,0.0,-0.015618603877194492,-0.015618603877194492,-0.015618603877194492,-0.015618603877194492,0.0,-0.015618603877194492,-0.015618603877194492
2025-06-12,-0.004671294181192193,-0.010125217703772171,-0.010125217703772171,-0.010125217703772171,0.0,-0.010125217703772171,-0.010125217703772171,-0.0005,-0.010125217703772171,0.0,-0.010125217703772171,-0.010125217703772171
2025-06-13,-0.0018973623278034175,-0.004112609030125891,-0.004112609030125891,-0.004112609030125891,0.0,-0.004112609030125891,-0.004112609030125891,0.0,0.003112609030125891,0.0,-0.004112609030125891,-0.004112609030125891
2025-06-16,-0.0007328378798497237,-0.0015884555301450831,-0.0005,-0.0015884555301450831,0.0,-0.0015884555301450831,-0.0015884555301450831,0.0,0.0015884555301450831,0.0,-0.0015884555301450831,-0.0015884555301450831
2025-06-17,-0.00019571674159335646,-0.0004242238959996092,0.0,-0.0004242238959996092,0.0,-0.0004242238959996092,-0.0004242238959996092,0.0,0.0004242238959996092,0.0,-0.0005,-0.0004242238959996092
2025-06-18,0.00411179589553506,0.008912482704128033,0.0,-0.009912482704128034,0.0,0.008912482704128033,0.008912482704128033,0.0,0.007912482704128032,0.0,0.0,0.008912482704128033
2025-06-20,0.004997334619911739,0.010831923446168013,0.010331923446168012,-0.010831923446168013,0.0,0.010831923446168013,0.010831923446168013,0.0,0.010831923446168013,0.010331923446168012,0.0,0.010831923446168013
2025-06-23,0.008399539459332393,0.018206339044024796,0.0182063390440248,-0.0182063390440248,0.0,0.0182063390440248,0.0182063390440248,0.0,0.0182063390440248,0.0182063390440248,0.0,0.0182063390440248
2025-06-24,0.0006128212474456418,0.0013283146603926266,0.0013283146603926266,-0.0013283146603926266,0.0008283146603926266,0.0013283146603926266,0.0013283146603926266,0.0,0.0013283146603926266,0.0013283146603926266,0.0,0.0013283146603926266
2025-06-25,-0.0034836697835940156,-0.00755099413540683,-0.00755099413540683,0.00755099413540683,-0.00755099413540683,-0.00755099413540683,-0.00755099413540683,0.0,-0.00755099413540683,-0.00755099413540683,0.0,-0.00755099413540683
2025-06-26,-0.006646596537449156,-0.012749432710582929,-0.01274943271058293,0.01274943271058293,-0.01274943271058293,-0.01274943271058293,-0.01274943271058293,0.0,-0.01274943271058293,-0.01274943271058293,0.0,-0.01274943271058293
2025-06-27,0.006757230476010364,0.013018164826989809,0.013018164826989809,-0.013018164826989809,-0.0005,0.013018164826989809,0.013018164826989809,0.0,0.013018164826989809,-0.0005,0.0,0.013018164826989809
2025-06-30,0.0027215063422087746,0.005243127086807631,0.005243127086807631,-0.005243127086807631,0.00474312708680763,0.005243127086807631,0.005243127086807631,0.0,0.005243127086807631,0.00474312708680763,0.0,0.005243127086807631
2025-07-01,0.0024418776237603106,0.004704407450109471,0.004704407450109471,-0.004704407450109471,0.004704407450109471,0.004704407450109471,0.00470440745010947,0.0,0.004704407450109471,0.004704407450109471,0.0,0.004704407450109471
2025-07-02,-0.003328628296702885,-0.006412779905628607,-0.006412779905628607,0.006412779905628607,-0.006412779905628607,-0.006412779905628607,-0.006412779905628607,0.0,-0.006412779905628607,-0.006412779905628607,0.0,-0.006412779905628607
2025-07-03,0.003988279136761847,0.007683632423481467,0.007683632423481468,-0.007683632423481468,0.007683632423481468,0.007683632423481468,0.007683632423481468,0.0,0.007683632423481468,-0.0005,0.0,0.007683632423481468
2025-07-07,0.0052243894529760485,0.010065064860623973,0.010065064860623973,-0.010065064860623973,0.010065064860623973,0.010065064860623973,0.010065064860623973,0.0,-0.011065064860623974,0.009565064860623973,0.0,0.010065064860623973
2025-07-08,-0.011807583482974235,-0.02274793919424767,-0.02274793919424767,0.02274793919424767,-0.02274793919424767,-0.02274793919424767,-0.02274793919424767,-0.02324793919424767,-0.02374793919424767,-0.02274793919424767,0.0,-0.02274793919424767
2025-07-09,-0.0014968949385859,-0.0028838479179273957,-0.0028838479179273957,0.0028838479179273957,-0.0005,-0.0028838479179273957,-0.0028838479179273957,-0.0028838479179273957,-0.0028838479179273957,-0.0005,0.0,-0.0028838479179273957
2025-07-10,-0.010455232150533633,-0.02014256224103983,-0.02014256224103983,0.02014256224103983,0.0,-0.02014256224103983,-0.02014256224103983,-0.02014256224103983,-0.02014256224103983,0.0,0.0,-0.02014256224103983
2025-07-11,-0.0025170439350941935,-0.0048492193569780176,-0.004849219356978018,0.004849219356978018,0.0,-0.004849219356978018,-0.004849219356978018,-0.0005,0.0038492193569780184,0.0,0.0,-0.004849219356978018
2025-07-14,0.01174018499103645,0.014618628300803625,0.014618628300803627,-0.014618628300803627,0.0,0.014618628300803627,0.014618628300803627,0.0,-0.014618628300803627,0.0,0.0,0.014618628300803627
2025-07-15,-0.003311025372302247,-0.004071818200116706,-0.004071818200116706,0.004071818200116706,0.0,-0.004071818200116706,-0.004071818200116706,0.0,-0.005071818200116706,0.0,0.0,-0.004071818200116706
2025-07-16,-0.002045894658711172,-0.0025159913229747533,-0.0025159913229747533,0.002515991322974753,0.0,-0.0025159913229747533,-0.0025159913229747533,0.0,-0.0025159913229747533,0.0,0.0,-0.0025159913229747533
2025-07-17,-0.0005127967257359456,-0.0006306248989448315,-0.0006306248989448315,0.0006306248989448314,0.0,-0.0006306248989448315,-0.0006306248989448315,0.0,-0.0006306248989448315,0.0,0.00013062489894483153,-0.0006306248989448315
2025-07-18,-0.00034205822635681866,-0.00042065485913533873,-0.00042065485913533873,0.00042065485913533873,0.0,-0.00042065485913533873,-0.00042065485913533873,0.0,-0.00042065485913533873,0.0,0.00042065485913533873,-0.00042065485913533873
2025-07-21,0.0059454559855406435,0.006522853637721315,0.006522853637721315,0.0055228536377213144,0.0,0.006522853637721315,0.006522853637721315,0.006022853637721315,0.006522853637721315,0.0,-0.006522853637721315,0.006522853637721315
2025-07-22,0.001730319423228331,0.0018815112222043684,0.0018815112222043684,0.0018815112222043684,0.0,0.0018815112222043684,0.0018815112222043684,0.0018815112222043684,0.0018815112222043684,0.0013815112222043684,-0.0018815112222043684,0.0018815112222043684
2025-07-23,-0.0016311051506228335,-0.0017736278078450685,-0.0017736278078450685,-0.0017736278078450685,0.0,-0.0017736278078450685,-0.0017736278078450685,-0.0017736278078450685,-0.0017736278078450685,-0.0017736278078450685,0.0017736278078450685,-0.0017736278078450685
2025-07-24,0.00972460155223578,0.009615401664925471,0.009615401664925471,0.00961540166492547,0.0,0.009615401664925471,0.00961540166492547,0.009615401664925471,0.009615401664925471,0.009615401664925471,-0.009615401664925471,0.009615401664925471
2025-07-25,0.009153876932177042,0.00900628687009064,0.00900628687009064,0.00900628687009064,0.00850628687009064,0.00900628687009064,0.00900628687009064,0.00900628687009064,0.00900628687009064,0.00900628687009064,-0.00900628687009064,0.00900628687009064
2025-07-28,0.0014598395714892397,0.001436302242487697,0.001436302242487697,0.001436302242487697,0.001436302242487697,0.001436302242487697,0.001436302242487697,0.001436302242487697,-0.002436302242487697,0.001436302242487697,-0.001436302242487697,0.001436302242487697
2025-07-29,0.0074971849235379385,0.007376306087550022,0.007376306087550022,0.007376306087550022,0.007376306087550022,0.007376306087550022,0.007376306087550021,0.007376306087550022,-0.007376306087550022,0.007376306087550022,-0.007376306087550022,0.007376306087550022
2025-07-30,-0.007648978702696364,-0.007525652460712462,-0.007525652460712462,-0.007525652460712462,-0.007525652460712462,-0.007525652460712462,-0.007525652460712462,-0.007525652460712462,-0.008525652460712463,-0.007525652460712462,0.007525652460712462,-0.007525652460712462
2025-07-31,0.004061787181345689,0.003996298052890257,0.003996298052890257,0.003996298052890256,0.003996298052890257,0.003996298052890257,0.003996298052890257,0.003996298052890257,0.003996298052890257,0.003996298052890257,-0.003996298052890257,0.003996298052890257
2025-08-01,0.005290351892334913,0.005205054332619641,0.005205054332619641,0.005205054332619641,0.005205054332619641,0.005205054332619641,0.005205054332619641,0.005205054332619641,0.005205054332619641,0.005205054332619641,-0.0005,0.005205054332619641
2025-08-04,0.01135165261312689,0.011168627308508094,0.011168627308508094,0.011168627308508094,0.011168627308508094,0.011168627308508094,0.011168627308508094,0.011168627308508094,0.011168627308508094,0.011168627308508094,0.0,0.011168627308508094
2025-08-05,-0.0028576061645482994,-0.0028115323234458862,-0.0028115323234458867,-0.0028115323234458867,-0.0028115323234458867,-0.0028115323234458867,-0.0028115323234458867,-0.0028115323234458867,-0.0028115323234458867,-0.0028115323234458867,0.0,-0.0028115323234458867
2025-08-06,0.0414497891204474,0.04078148464190989,0.04078148464190989,0.04078148464190989,0.04078148464190989,0.04078148464190989,0.04078148464190989,0.04078148464190989,0.04078148464190989,0.04078148464190989,0.0,0.04078148464190989
2025-08-07,-0.0021556784725160617,-0.0023219854086919955,-0.0023219854086919955,-0.0023219854086919955,-0.0023219854086919955,-0.0023219854086919955,-0.0023219854086919955,-0.0023219854086919955,-0.0023219854086919955,-0.0023219854086919955,0.0,-0.0023219854086919955
2025-08-08,0.005348845677893903,0.005915392411776743,0.005915392411776743,0.005915392411776743,0.005915392411776743,0.005915392411776743,0.005915392411776743,0.005915392411776743,0.005915392411776743,0.005915392411776743,0.005415392411776743,0.005915392411776743
2025-08-11,0.0017434907111056831,0.0019281602692524658,0.0019281602692524658,0.0019281602692524658,0.0019281602692524658,0.0019281602692524658,0.0019281602692524655,0.0019281602692524658,0.0019281602692524658,0.0019281602692524658,0.0019281602692524658,0.0019281602692524658
2025-08-12,-0.0026971562744004265,-0.0029828375540732477,-0.0029828375540732477,-0.0029828375540732477,-0.0029828375540732477,-0.0029828375540732477,-0.0029828375540732477,-0.0029828375540732477,-0.0029828375540732477,-0.0029828375540732477,-0.0029828375540732477,-0.0029828375540732477
2025-08-13,-0.02295033926325802,-0.02538122632452422,-0.02538122632452422,-0.02538122632452422,-0.02538122632452422,-0.02538122632452422,-0.02538122632452422,-0.02538122632452422,-0.02538122632452422,-0.02538122632452422,-0.02538122632452422,-0.02538122632452422
2025-08-14,-0.0012534729936531101,-0.001386240150032192,-0.001386240150032192,-0.001386240150032192,-0.001386240150032192,-0.001386240150032192,0.0003862401500321919,-0.001386240150032192,-0.001386240150032192,-0.0005,-0.001386240150032192,-0.001386240150032192
2025-08-15,-0.005526975211732917,-0.006112389325922063,-0.006112389325922063,-0.006112389325922063,-0.006112389325922063,-0.006112389325922063,0.006112389325922063,-0.006112389325922063,-0.006112389325922063,0.0,-0.006112389325922063,-0.006112389325922063
2025-08-18,0.006329480705379915,0.006999895751307994,0.006999895751307994,0.006999895751307994,0.006999895751307994,0.006999895751307994,-0.006999895751307993,0.006999895751307994,0.006999895751307994,0.0,0.006999895751307994,0.006999895751307994
2025-08-19,0.00529785600903455,-0.0005,0.005859001945793363,0.005859001945793363,0.005859001945793363,0.005859001945793363,-0.005859001945793363,0.005859001945793363,-0.0005,0.0,0.005859001945793363,0.005859001945793363
2025-08-20,0.011426718599023139,0.0,0.012637030223460188,0.012637030223460188,0.012637030223460188,0.012637030223460188,-0.012637030223460188,0.012637030223460188,0.012137030223460188,0.0,0.012637030223460188,0.012637030223460188
2025-08-21,-0.040640320155197925,0.0,-0.04494492006972495,-0.04494492006972495,-0.04494492006972495,-0.04494492006972495,0.04494492006972495,-0.04494492006972495,-0.04494492006972495,-0.04544492006972495,-0.04494492006972495,-0.04494492006972495
2025-08-22,-0.009215533251940659,-0.012035262605231745,-0.011535262605231744,-0.011535262605231744,-0.0005,-0.011535262605231744,-0.012535262605231745,-0.011535262605231744,-0.0005,-0.0005,-0.011535262605231744,-0.011535262605231744
2025-08-25,-0.006233026615932238,-0.007848885436656182,-0.007848885436656183,-0.007848885436656183,0.0,-0.007848885436656183,-0.007848885436656183,-0.007848885436656183,0.007348885436656183,0.0,-0.007848885436656183,-0.007848885436656183
2025-08-26,-0.0001652242144570374,-0.0002080571784051077,-0.0005,-0.00020805717840510773,0.0,-0.00020805717840510773,-0.00020805717840510773,-0.0005,0.00020805717840510773,0.0,-0.0005,-0.00020805717840510773
2025-08-27,0.00024795150647168946,-0.0004999999999999999,0.0,0.00031223081306408496,0.0,0.00031223081306408496,-0.001312230813064085,0.0,-0.00031223081306408496,0.0,0.0,0.00031223081306408496
2025-08-28,0.0002480012926860422,-0.00018770649407145963,0.0,0.0003122935059285403,0.0,0.0003122935059285403,-0.0006877064940714597,0.0,-0.0005,0.0,0.0,0.0003122935059285403
2025-08-29,0.007188584328268477,0.009052163310212746,0.0,0.009052163310212746,0.0,-0.010052163310212747,0.009052163310212746,0.0,-0.009552163310212747,0.0,0.0,0.009052163310212746
2025-09-02,0.00712396984933036,-0.0005,0.008470798080448094,0.008970798080448095,0.0,-0.008970798080448095,-0.009970798080448092,0.0,-0.008970798080448095,0.008470798080448094,0.0,0.008970798080448095
2025-09-03,0.012904121661490206,0.015749404795227517,0.016249404795227518,0.016249404795227518,0.0,-0.016249404795227518,0.015249404795227517,0.0,-0.0005,0.016249404795227518,0.0,0.016249404795227518
2025-09-04,0.01189917461129125,0.014983933820539974,0.014983933820539974,0.014983933820539974,0.014483933820539974,0.013983933820539973,0.014983933820539974,0.0,-0.015483933820539975,0.014983933820539974,0.0,0.014983933820539974
2025-09-05,-0.0033046319262508973,-0.004161329478869935,-0.004161329478869935,-0.004161329478869935,-0.004161329478869935,-0.004161329478869935,-0.004161329478869935,0.0,-0.005161329478869935,-0.004161329478869935,0.0,-0.004161329478869935
2025-09-08,0.013984732806022762,0.017610155133326533,0.017610155133326533,-0.018610155133326534,0.017610155133326533,0.017610155133326533,0.01761015513332653,0.0,0.017610155133326533,0.017610155133326533,0.0,0.017610155133326533
2025-09-09,7.765599302961122e-05,9.778764480183888e-05,9.778764480183888e-05,-0.0009022123551981611,9.778764480183888e-05,9.778764480183888e-05,9.778764480183887e-05,0.0,9.778764480183888e-05,9.778764480183888e-05,0.0,9.778764480183888e-05
2025-09-10,-0.014595271095699608,-0.018378970250867765,-0.018378970250867765,-0.018378970250867765,-0.018378970250867765,-0.018378970250867765,-0.018378970250867765,0.0,-0.0005,-0.018378970250867765,0.0,-0.018378970250867765
2025-09-11,0.01771579342843981,0.02230846129934161,0.02230846129934161,-0.02330846129934161,0.02230846129934161,0.02230846129934161,0.02230846129934161,0.0,0.0,-0.0005,0.0,0.02230846129934161
2025-09-12,0.006498399989122882,0.008183054586325511,0.008183054586325511,0.007183054586325511,0.008183054586325511,0.008183054586325511,0.008183054586325511,0.007683054586325511,0.007683054586325511,0.007683054586325511,0.007683054586325511,0.008183054586325511
2025-09-15,0.0015347837421824015,0.0019326632958120982,0.0019326632958120982,0.0019326632958120982,0.0019326632958120982,0.0019326632958120982,0.0019326632958120982,0.0019326632958120982,-0.0005,0.0019326632958120982,0.0019326632958120982,0.0019326632958120982
2025-09-16,-0.002067846478891059,-0.002603917986155002,-0.002603917986155002,-0.002603917986155002,-0.002603917986155002,-0.002603917986155002,-0.002603917986155002,-0.002603917986155002,-0.003103917986155002,-0.002603917986155002,-0.002603917986155002,-0.002603917986155002
2025-09-17,0.0065268168889791745,0.008218838324336009,0.008218838324336009,0.008218838324336009,0.008218838324336009,0.008218838324336009,0.008218838324336009,0.008218838324336009,0.008218838324336009,0.008218838324336009,0.008218838324336009,0.008218838324336009
2025-09-18,-0.005102773734268632,-0.006425624165807053,-0.006425624165807053,0.005425624165807053,-0.006425624165807053,-0.006425624165807053,-0.006425624165807053,-0.006425624165807053,-0.006425624165807053,-0.006425624165807053,-0.0005,-0.006425624165807053
2025-09-19,-0.009734941697967814,-0.012258642041503398,-0.012258642041503398,0.012258642041503398,-0.012258642041503398,-0.012258642041503398,-0.012258642041503398,-0.012258642041503398,-0.012258642041503398,-0.012258642041503398,0.0,-0.012258642041503398
2025-09-22,0.003802567613245792,0.0047883507324060215,0.0047883507324060215,-0.0047883507324060215,0.0047883507324060215,0.0047883507324060215,0.0047883507324060215,0.0047883507324060215,0.0047883507324060215,-0.0005,0.004288350732406021,0.0047883507324060215
2025-09-23,-0.0023170285892037254,-0.0029176984265768535,-0.0029176984265768535,0.0029176984265768535,-0.0029176984265768535,-0.0029176984265768535,-0.0029176984265768535,-0.0029176984265768535,0.0019176984265768535,0.0,-0.0029176984265768535,-0.0029176984265768535
2025-09-24,0.0016266601741076673,0.0020483579066239432,0.0020483579066239432,-0.0020483579066239432,0.0020483579066239432,0.0020483579066239432,0.0020483579066239432,0.0020483579066239432,-0.0020483579066239432,0.0,0.0020483579066239432,0.0020483579066239432
2025-09-25,0.0024736901549944888,0.0031149731629105393,0.0031149731629105393,-0.0031149731629105393,0.0031149731629105393,0.0031149731629105393,0.0031149731629105393,0.0031149731629105393,-0.0031149731629105393,0.0,0.0031149731629105393,0.0031149731629105393
2025-09-26,0.0008477145439211829,0.0010674772864305293,0.0010674772864305293,-0.0010674772864305293,0.0010674772864305293,0.0010674772864305293,0.0010674772864305293,0.0010674772864305293,-0.0010674772864305293,0.0005674772864305293,0.0010674772864305293,0.0010674772864305293
2025-09-29,-0.0006158891701651375,-0.0007755531680142536,-0.0007755531680142536,0.0007755531680142536,-0.0007755531680142536,-0.0007755531680142536,-0.0007755531680142536,-0.0007755531680142536,0.0007755531680142536,-0.0007755531680142536,-0.0007755531680142536,-0.0007755531680142536
2025-09-30,-0.000154047345092354,-0.00019398280128635204,-0.00019398280128635204,0.00019398280128635204,-0.00019398280128635204,-0.00019398280128635204,-0.00019398280128635204,-0.00019398280128635204,-0.001193982801286352,-0.00019398280128635204,-0.00019398280128635204,-0.00019398280128635204
2025-10-01,-0.008476026336681396,-0.01067336364401883,-0.01067336364401883,0.01067336364401883,-0.01067336364401883,-0.01067336364401883,-0.01067336364401883,-0.01067336364401883,-0.01067336364401883,-0.01067336364401883,-0.01067336364401883,-0.01067336364401883
2025-10-02,-0.0020251527760277795,-0.0025501563061095522,-0.0025501563061095522,0.0025501563061095522,-0.0005,-0.0025501563061095522,-0.0025501563061095522,-0.0025501563061095522,-0.0025501563061095522,-0.0005,-0.0025501563061095522,-0.0025501563061095522
2025-10-03,0.0028892378286836298,0.003638248015598977,0.003638248015598977,-0.003638248015598977,0.0,0.003638248015598977,0.003638248015598977,0.003638248015598977,0.003638248015598977,0.0,-0.0005,0.003638248015598977
2025-10-06,0.004901554963883395,0.006172241150816937,0.006172241150816937,-0.006172241150816937,0.0,0.006172241150816937,0.006172241150816937,0.006172241150816937,0.006172241150816937,0.005672241150816937,0.0,0.006172241150816937
2025-10-07,0.004175619752398117,0.005258113446818591,0.005258113446818591,-0.005258113446818591,0.00475811344681859,0.005258113446818591,0.005258113446818591,0.005258113446818591,0.005258113446818591,0.005258113446818591,0.0,0.005258113446818591
2025-10-08,-0.002615396948649893,-0.003293416230385038,-0.003293416230385038,0.003293416230385038,-0.003293416230385038,-0.003293416230385038,-0.003293416230385038,-0.003293416230385038,-0.003293416230385038,-0.003293416230385038,0.0,-0.003293416230385038
2025-10-09,-0.008720711052967877,-0.01098148077949268,-0.01098148077949268,0.01098148077949268,-0.01098148077949268,-0.01098148077949268,-0.01098148077949268,-0.01098148077949268,-0.01098148077949268,-0.01098148077949268,0.0,-0.01098148077949268
2025-10-10,0.000546195959462702,0.0006877925887287526,0.0006877925887287528,-0.0006877925887287528,-0.0005,0.0006877925887287528,0.0006877925887287528,0.0006877925887287528,0.0006877925887287528,-0.0005,0.0,0.0006877925887287528
2025-10-13,0.0021834021794701615,0.0027494305134205805,0.002749430513420581,-0.002749430513420581,0.0,0.002749430513420581,0.002749430513420581,0.002749430513420581,0.002749430513420581,0.0,-0.003249430513420581,0.002749430513420581
2025-10-14,0.03958206864087875,0.049843381273874554,0.049843381273874554,-0.049843381273874554,0.0,0.049843381273874554,0.049843381273874554,0.049843381273874554,0.049843381273874554,0.049343381273874554,-0.049843381273874554,0.049843381273874554
2025-10-15,0.013481078882443107,0.016975933239296026,0.016975933239296026,-0.016975933239296026,0.016475933239296026,0.016975933239296026,0.016975933239296026,0.016975933239296026,0.016975933239296026,0.016975933239296026,-0.016975933239296026,0.016975933239296026
2025-10-16,-0.018645870009076103,-0.023479652275820273,-0.023479652275820273,0.023479652275820273,-0.023479652275820273,-0.023479652275820273,-0.023479652275820273,-0.023479652275820273,-0.023479652275820273,-0.023479652275820273,-0.0005,-0.023479652275820273
2025-10-17,0.007974188308960115,0.01183425838269292,0.01183425838269292,0.010834258382692918,0.01183425838269292,0.01183425838269292,0.01183425838269292,0.01183425838269292,0.01183425838269292,0.01183425838269292,0.011334258382692919,0.01183425838269292
2025-10-20,-0.004262193310108141,-0.006312090733563757,-0.006312090733563758,-0.006312090733563758,-0.006312090733563758,-0.006312090733563758,-0.006312090733563758,-0.006312090733563758,-0.0005,-0.006312090733563758,-0.006312090733563758,-0.006312090733563758
2025-10-21,-0.005331840107070364,-0.007753354203758778,-0.007753354203758778,-0.007753354203758778,-0.007753354203758778,-0.007753354203758778,-0.007753354203758778,-0.007753354203758778,0.0,-0.007753354203758778,-0.007753354203758778,-0.007753354203758778
2025-10-22,0.005879269370446915,0.0086611648976338,0.0086611648976338,0.0086611648976338,0.0086611648976338,0.0086611648976338,0.008661164897633798,0.0086611648976338,-0.0091611648976338,-0.0005,0.0086611648976338,0.0086611648976338
2025-10-23,-0.0017709859798598392,-0.002613278199233626,-0.0026132781992336263,-0.0026132781992336263,-0.0026132781992336263,-0.0026132781992336263,-0.0026132781992336263,-0.0026132781992336263,-0.0005,0.0,-0.0026132781992336263,-0.0026132781992336263
2025-10-24,-0.004362167542382992,-0.006457148797947676,-0.006457148797947676,-0.006457148797947676,-0.006457148797947676,-0.006457148797947676,-0.006457148797947676,-0.006457148797947676,0.005957148797947676,0.0,-0.006457148797947676,-0.006457148797947676
2025-10-27,-0.010728210557616,-0.016011912120573953,-0.016011912120573957,-0.016011912120573957,-0.016011912120573957,-0.016011912120573957,-0.016011912120573957,-0.016011912120573957,-0.0005,0.0,-0.016011912120573957,-0.016011912120573957
2025-10-28,-0.008056183586876006,-0.01244391427026581,-0.01244391427026581,-0.01244391427026581,-0.0005,-0.01244391427026581,-0.01244391427026581,-0.01244391427026581,-0.01294391427026581,0.0,-0.01244391427026581,-0.01244391427026581
2025-10-29,-0.004371809276756543,-0.006881836281887432,-0.006881836281887432,-0.006881836281887432,0.0,-0.006881836281887432,-0.006881836281887432,-0.006881836281887432,-0.0005,0.0,-0.006881836281887432,-0.006881836281887432
2025-10-30,-0.0014181933316846527,-0.002244714082791255,-0.002244714082791255,-0.002244714082791255,0.0,-0.002244714082791255,-0.002244714082791255,-0.002244714082791255,0.0,0.0,-0.002244714082791255,-0.002244714082791255
2025-10-31,-0.006565860110721749,-0.010270917692904225,-0.010270917692904225,-0.010270917692904225,0.0,-0.010270917692904225,-0.010270917692904225,-0.010270917692904225,-0.010770917692904225,0.0,-0.010270917692904225,-0.010270917692904225
2025-11-03,0.0025562656480627947,0.004052120504543399,0.0040521205045433994,0.0040521205045433994,0.0,0.0040521205045433994,0.0040521205045433994,0.0040521205045433994,-0.0005,0.0,0.0040521205045433994,0.0040521205045433994
2025-11-04,0.004226818563640249,0.006693511699748633,0.006693511699748633,0.006693511699748633,0.0,0.006693511699748633,0.006693511699748633,0.006693511699748633,0.0,0.0,-0.0005,0.006693511699748633
2025-11-05,-0.004936227421475881,-0.007822272080409198,-0.007822272080409198,-0.007822272080409198,0.0,-0.007822272080409198,-0.007822272080409198,-0.007822272080409198,-0.008322272080409199,-0.008322272080409199,0.0,-0.007822272080409198
2025-11-06,0.001301749236730055,0.002069478019776305,0.002069478019776305,0.002069478019776305,0.0,0.002069478019776305,0.002069478019776305,0.002069478019776305,-0.0005,-0.0005,0.0,0.002069478019776305
2025-11-07,0.005633114395702073,0.008949596201670795,0.008949596201670795,0.008949596201670795,0.0,0.008949596201670795,0.008949596201670795,0.008949596201670795,0.008449596201670795,0.008449596201670795,0.0,0.008949596201670795
2025-11-10,-0.0010492196716915794,-0.0016570666889849095,-0.0016570666889849095,-0.0016570666889849095,0.0,-0.0016570666889849095,-0.0016570666889849095,-0.0016570666889849095,-0.0016570666889849095,-0.0016570666889849095,0.0,-0.0016570666889849095
2025-11-11,0.00629402520497802,0.00995905293671795,0.00995905293671795,0.00995905293671795,0.0,0.00995905293671795,0.00995905293671795,0.00995905293671795,0.00995905293671795,0.00995905293671795,0.0,0.00995905293671795
2025-11-12,-2.918497448567925e-06,0.0,0.0,0.0,-0.0005,0.0,0.0,0.0,0.0,0.0,0.0,0.0
2025-11-13,-0.008330455058373615,-0.008700704684189263,-0.008700704684189264,-0.008700704684189264,-0.008700704684189264,-0.008700704684189264,-0.008700704684189264,-0.008700704684189264,-0.0005,-0.008700704684189264,0.0,-0.008700704684189264
2025-11-14,-0.000644268963528139,-0.0005851631028666039,-0.0005851631028666038,-0.0005851631028666038,-0.0005,-0.0005851631028666038,-0.0005851631028666038,-0.0005851631028666038,-0.0010851631028666038,-0.0005851631028666038,0.0,-0.0005851631028666038
2025-11-17,0.005396677894616439,0.004586298805813182,0.004586298805813183,-0.005586298805813183,0.0,0.004586298805813183,0.004586298805813183,-0.0005,0.004586298805813183,-0.0005,0.0,0.004586298805813183
2025-11-18,-0.01931993800485745,-0.015153051680944274,-0.015153051680944274,0.015153051680944274,0.0,-0.015153051680944274,-0.015153051680944274,0.0,-0.015153051680944274,-0.015653051680944274,0.0,-0.015153051680944274
2025-11-19,-0.009229295420839516,-0.007693099779010115,-0.007693099779010115,0.007693099779010115,0.0,-0.007693099779010115,-0.007693099779010115,0.0,-0.007693099779010115,-0.0005,0.007193099779010115,-0.007693099779010115
2025-11-20,0.07719913394716159,0.06460593176595641,0.06460593176595641,-0.06460593176595641,0.0,0.06460593176595641,0.0646059317659564,0.0,0.06460593176595641,0.0,-0.06460593176595641,0.06460593176595641
2025-11-21,-0.00984681386266228,-0.016711721563967052,-0.016711721563967052,0.016711721563967052,-0.017211721563967053,-0.016711721563967052,-0.016711721563967052,0.0,0.01571172156396705,-0.017211721563967053,-0.0005,-0.016711721563967052
2025-11-24,-0.006672498578178877,-0.011963551535270844,-0.011963551535270844,0.011963551535270844,-0.011963551535270844,-0.011963551535270844,-0.011963551535270844,0.0,0.011963551535270844,-0.011963551535270844,-0.012463551535270845,-0.011963551535270844
2025-11-25,0.015612815836429289,0.02825298396196696,0.02825298396196696,-0.02825298396196696,0.02825298396196696,0.02825298396196696,0.02825298396196696,0.0,-0.02825298396196696,-0.0005,0.02825298396196696,0.02825298396196696
2025-11-26,0.010382134440502415,0.01962609101248103,0.01962609101248103,-0.01962609101248103,0.01962609101248103,0.01962609101248103,0.01962609101248103,0.0,-0.01962609101248103,0.019126091012481028,0.01962609101248103,0.01962609101248103
2025-11-28,0.006789831510994373,0.012923959778460059,0.012923959778460059,-0.012923959778460059,0.012923959778460059,0.012923959778460059,0.012923959778460057,0.0,-0.012923959778460059,0.012923959778460059,0.012923959778460059,0.012923959778460059
2025-12-01,0.0048542849941899165,0.009229919875130888,0.009229919875130888,-0.009229919875130888,0.009229919875130888,0.009229919875130888,0.009229919875130888,0.0,-0.009229919875130888,0.009229919875130888,0.009229919875130888,0.009229919875130888
2025-12-02,0.004153648725937995,0.007890299989507854,0.007890299989507854,-0.007890299989507854,0.007890299989507854,0.007890299989507854,0.007890299989507854,0.0,-0.007890299989507854,0.007890299989507854,0.007890299989507854,0.007890299989507854
2025-12-03,0.00952272418585578,0.017791990411468506,0.017791990411468506,-0.017791990411468506,0.017791990411468506,0.017791990411468506,0.017791990411468506,0.0,0.016791990411468505,0.017791990411468506,0.017791990411468506,0.017791990411468506
2025-12-04,0.0019856854189809585,0.00375831927160597,0.00375831927160597,-0.00375831927160597,0.00375831927160597,0.00375831927160597,0.00375831927160597,0.0,0.00375831927160597,0.00375831927160597,0.00375831927160597,0.00375831927160597
2025-12-05,0.0012437927620676799,0.002351099698846948,0.002351099698846948,-0.002351099698846948,0.002351099698846948,0.002351099698846948,0.0023510996988469475,0.0,-0.003351099698846948,0.002351099698846948,0.002351099698846948,0.002351099698846948
2025-12-08,-0.007228101858804449,-0.013465358208003542,-0.013465358208003542,0.013465358208003542,-0.013465358208003542,-0.013465358208003542,-0.013465358208003542,0.0,-0.014465358208003543,-0.013465358208003542,-0.013465358208003542,-0.013465358208003542
2025-12-09,0.006883807273214753,0.013208980518705005,0.013208980518705005,-0.013208980518705003,0.013208980518705005,0.013208980518705005,0.013208980518705005,0.0,-0.014208980518705006,-0.0005,0.013208980518705005,0.013208980518705005
2025-12-10,-0.008494743749426182,-0.016339368658280007,-0.016339368658280007,0.016339368658280007,-0.016339368658280007,-0.016339368658280007,-0.016339368658280007,0.0,0.016339368658280007,-0.016839368658280007,-0.016339368658280007,-0.016339368658280007
2025-12-11,0.010414165726872305,0.0206749838724698,0.0206749838724698,-0.020674983872469795,0.0206749838724698,0.0206749838724698,0.0206749838724698,0.0,-0.0206749838724698,-0.0005,0.0206749838724698,0.0206749838724698
2025-12-12,0.00608996432005129,0.012273978777380012,0.012273978777380012,-0.012273978777380012,0.012273978777380012,0.012273978777380012,0.012273978777380012,0.0,-0.012273978777380012,0.011773978777380012,0.012273978777380012,0.012273978777380012
2025-12-15,0.0003824640574055734,0.0007712191690794068,0.0007712191690794068,-0.0007712191690794068,0.0007712191690794068,0.0007712191690794068,0.0007712191690794068,0.0,-0.0007712191690794068,0.0007712191690794068,0.0007712191690794068,0.0007712191690794068
2025-12-16,-0.005902548990502033,-0.011730432772054322,-0.011730432772054322,0.011730432772054322,-0.011730432772054322,-0.011730432772054322,-0.011730432772054322,0.0,0.011730432772054322,-0.011730432772054322,-0.011730432772054322,-0.011730432772054322
2025-12-17,0.0010211161136281042,0.0020794139350868157,0.0020794139350868157,0.0010794139350868157,0.0020794139350868157,0.0020794139350868157,0.0020794139350868157,0.0,-0.0020794139350868157,-0.0005,0.0020794139350868157,0.0020794139350868157
2025-12-18,-0.003537524718380733,-0.007176181934776316,-0.007176181934776316,-0.007176181934776316,-0.007176181934776316,-0.007176181934776316,-0.007176181934776316,0.0,0.007176181934776316,-0.007676181934776316,-0.007176181934776316,-0.007176181934776316
2025-12-19,-0.0020610135226294124,-0.004093072106872042,-0.004093072106872042,-0.004093072106872042,-0.004093072106872042,-0.004093072106872042,-0.004093072106872042,0.0,0.004093072106872042,-0.0005,-0.004093072106872042,-0.004093072106872042
2025-12-22,-0.007781617124216786,-0.015389997840820069,-0.015389997840820069,-0.015389997840820069,-0.015389997840820069,-0.015389997840820069,-0.015389997840820069,0.0,-0.01638999784082007,0.0,-0.0005,-0.015389997840820069
2025-12-23,-0.010487325924246572,-0.015097730243403551,-0.015097730243403551,-0.015097730243403551,-0.0005,-0.015097730243403551,-0.015097730243403551,0.0,0.01409773024340355,0.0,0.0,-0.015097730243403551
2025-12-24,0.004440988156836614,0.006402216464468369,0.006402216464468369,0.006402216464468369,0.0,0.006402216464468369,0.006402216464468369,0.005902216464468368,-0.006402216464468369,0.0,0.0,0.006402216464468369
2025-12-26,0.000822457796239251,0.0011647331381128279,0.0011647331381128279,0.0011647331381128279,0.0,0.0011647331381128279,0.0011647331381128279,0.0011647331381128279,-0.0011647331381128279,0.0,0.0,0.0011647331381128279
2025-12-29,0.005557991775296168,0.007069939013178317,0.007069939013178317,0.007069939013178317,0.0,0.007069939013178317,0.007069939013178317,0.007069939013178317,-0.007069939013178317,0.0,0.0,0.007069939013178317
2025-12-30,-0.004545897859750696,-0.005420777924753928,-0.005420777924753928,-0.005420777924753928,-0.005920777924753928,-0.005420777924753928,-0.005420777924753928,-0.005420777924753928,0.005420777924753928,-0.005920777924753928,0.0,-0.005420777924753928
2025-12-31,-0.0038825872052332885,-0.004556776746752366,-0.004556776746752367,-0.004556776746752367,-0.0005,-0.004556776746752367,-0.004556776746752367,-0.004556776746752367,0.004556776746752367,-0.0005,0.0,-0.004556776746752367
2026-01-02,0.010410524051308939,0.012117438006914893,0.012117438006914893,0.012117438006914893,0.0,0.012117438006914893,0.012117438006914893,0.012117438006914893,-0.012117438006914893,0.0,0.0,0.012117438006914893
2026-01-05,-0.0003819885062807897,-0.0004434788790205202,-0.0004434788790205202,-0.0004434788790205202,-0.0009434788790205202,-0.0004434788790205202,-0.0004434788790205202,-0.0004434788790205202,0.0004434788790205202,-0.0009434788790205202,0.0,-0.0004434788790205202
2026-01-06,0.013062096261508394,0.014461932078321027,0.014461932078321027,0.014461932078321027,0.014461932078321027,0.014461932078321027,0.014461932078321025,0.014461932078321027,0.013461932078321026,0.014461932078321027,0.013961932078321027,0.014461932078321027
2026-01-07,-0.012290685446785082,-0.014168269155547808,-0.014168269155547808,-0.014168269155547808,-0.014168269155547808,-0.014168269155547808,-0.014168269155547808,-0.014168269155547808,-0.014168269155547808,-0.014168269155547808,-0.014168269155547808,-0.014168269155547808
2026-01-08,0.0025772731341503286,0.0031050451380993938,0.0031050451380993938,0.0031050451380993938,0.0031050451380993938,0.0031050451380993938,0.0031050451380993938,0.0031050451380993938,0.0031050451380993938,-0.0005,0.0031050451380993938,0.0031050451380993938
2026-01-09,0.011115036155439406,0.01291234167775146,0.01291234167775146,0.01291234167775146,0.01291234167775146,0.01291234167775146,0.01291234167775146,0.01291234167775146,0.01291234167775146,0.01241234167775146,0.01291234167775146,0.01291234167775146
2026-01-12,0.025927493933422176,0.03003576196722002,0.03003576196722002,0.03003576196722002,0.03003576196722002,0.03003576196722002,0.03003576196722002,0.03003576196722002,0.03003576196722002,0.03003576196722002,0.03003576196722002,0.03003576196722002
2026-01-13,0.01576046710467352,0.020259400773941838,0.020259400773941838,0.020259400773941838,0.020259400773941838,0.020259400773941838,0.020259400773941838,-0.0005,0.020259400773941838,0.020259400773941838,0.020259400773941838,0.020259400773941838
2026-01-14,-0.0020801367188997715,-0.0026586503354586455,-0.0026586503354586455,-0.0026586503354586455,-0.0026586503354586455,-0.0026586503354586455,-0.0026586503354586455,0.0,0.0016586503354586455,-0.0026586503354586455,-0.0026586503354586455,-0.0026586503354586455
2026-01-15,-0.005565686571382051,-0.006997681127457911,-0.006997681127457911,-0.006997681127457911,-0.006997681127457911,-0.006997681127457911,-0.006997681127457911,0.0,0.006997681127457911,-0.006997681127457911,-0.006997681127457911,-0.006997681127457911
2026-01-16,0.0032888313019408077,0.0041946115270947715,0.0041946115270947715,0.0041946115270947715,0.0041946115270947715,0.0041946115270947715,0.0041946115270947715,0.0,-0.0041946115270947715,0.0041946115270947715,0.0041946115270947715,0.0041946115270947715
2026-01-20,-0.0066991553833867954,-0.008270665647468922,-0.008270665647468922,-0.00827066564746892,-0.008270665647468922,-0.008270665647468922,-0.00827066564746892,0.0,-0.009270665647468923,-0.008270665647468922,-0.008270665647468922,-0.008270665647468922
2026-01-21,0.0043444533616312205,0.005475548665718977,0.005475548665718977,0.005475548665718977,0.005475548665718977,0.005475548665718977,0.005475548665718977,0.0,0.005475548665718977,-0.0005,0.005475548665718977,0.005475548665718977
2026-01-22,-0.010305081290684788,-0.012818352943507305,-0.012818352943507305,-0.012818352943507303,-0.012818352943507305,-0.012818352943507305,-0.012818352943507305,0.0,-0.012818352943507305,-0.013318352943507306,-0.012818352943507305,-0.012818352943507305
2026-01-23,-0.0006734541104006183,-0.0008487284971947506,-0.0008487284971947506,-0.0008487284971947507,-0.0008487284971947506,-0.0008487284971947506,-0.0008487284971947506,0.0,-0.0005,-0.0005,-0.0008487284971947506,-0.0008487284971947506
2026-01-26,-0.0006478558432534666,-0.0007644066789618265,-0.0007644066789618265,-0.0007644066789618265,-0.0007644066789618265,-0.0007644066789618265,-0.0007644066789618265,0.0,0.0,0.0,-0.0005,-0.0007644066789618265
2026-01-27,-0.005208908031290043,-0.005950368561273067,-0.005950368561273067,-0.005950368561273067,-0.005950368561273067,-0.005950368561273067,-0.005950368561273067,0.0,0.005450368561273067,0.0,0.0,-0.005950368561273067
2026-01-28,-0.002728190579763493,-0.0031640312870758747,-0.0031640312870758747,-0.0031640312870758747,-0.0031640312870758747,-0.0031640312870758747,-0.0031640312870758747,0.0,0.0031640312870758747,0.0,0.0,-0.0031640312870758747
2026-01-29,0.006163850222418373,0.007205984832417522,0.007205984832417522,0.007205984832417522,-0.0005,0.007205984832417522,0.007205984832417522,0.0,-0.0005,0.0,0.0,0.007205984832417522
2026-01-30,0.012605063903964318,0.014734709828493564,0.014734709828493564,0.014734709828493562,0.014234709828493564,0.014734709828493564,0.014734709828493564,0.0,0.0,0.014234709828493564,0.0,0.014734709828493564
2026-02-02,0.03472420903925579,0.041295850050370175,0.041295850050370175,0.04129585005037017,0.041295850050370175,0.041295850050370175,0.041295850050370175,0.0,0.0,0.041295850050370175,0.0,0.041295850050370175
2026-02-03,0.02001008870940816,0.029421342976833072,0.029421342976833076,0.029421342976833072,0.029421342976833076,0.029421342976833076,0.029421342976833076,0.0,-0.029921342976833076,0.029421342976833076,0.028921342976833075,0.029421342976833076
2026-02-04,0.001433020871919359,0.002270688233946272,0.002270688233946272,0.0022706882339462715,0.002270688233946272,0.002270688233946272,0.002270688233946272,0.0,-0.0005,0.002270688233946272,0.002270688233946272,0.002270688233946272
2026-02-05,-0.00532181720264848,-0.008281181055640685,-0.008281181055640685,-0.008281181055640683,-0.008281181055640685,-0.008281181055640685,-0.008281181055640685,0.0,0.0,-0.008281181055640685,-0.008281181055640685,-0.008281181055640685
2026-02-06,0.02117513405400267,0.03340156859652055,0.03340156859652055,0.03340156859652055,0.03340156859652055,0.03340156859652055,0.03340156859652055,0.0,-0.03390156859652055,0.03340156859652055,0.03340156859652055,0.03340156859652055
2026-02-09,-0.010092049777628809,-0.016465806945229366,-0.016465806945229366,-0.016465806945229366,-0.016465806945229366,-0.016465806945229366,-0.016465806945229366,0.0,-0.0005,-0.016465806945229366,-0.016465806945229366,-0.016465806945229366
2026-02-10,-0.010458139842520578,-0.017981835409418556,-0.017981835409418556,-0.017981835409418556,-0.017981835409418556,-0.017981835409418556,-0.017981835409418556,0.0,0.017481835409418556,-0.017981835409418556,-0.017981835409418556,-0.017981835409418556
2026-02-11,0.009049668898751834,0.016337916426616195,0.016337916426616195,0.016337916426616195,0.016337916426616195,0.016337916426616195,0.016337916426616195,0.0,-0.016337916426616195,-0.0005,0.016337916426616195,0.016337916426616195
2026-02-12,0.021949323402634106,0.0378192179146557,0.0378192179146557,0.037819217914655694,0.0378192179146557,0.0378192179146557,0.0378192179146557,0.0,-0.0378192179146557,0.0373192179146557,0.0378192179146557,0.0378192179146557
2026-02-13,0.0009872210572587255,0.0018707750714999083,0.0018707750714999083,0.001870775071499908,0.0018707750714999083,0.0018707750714999083,0.0018707750714999083,0.0,-0.0005,0.0018707750714999083,0.0018707750714999083,0.0018707750714999083
2026-02-17,-0.020371191726502983,-0.037642800149694455,-0.037642800149694455,-0.03764280014969445,-0.037642800149694455,-0.037642800149694455,-0.037642800149694455,0.0,0.037142800149694455,-0.037642800149694455,-0.037642800149694455,-0.037642800149694455
2026-02-18,-0.008338378290098047,-0.017307004748012167,-0.017307004748012167,-0.017307004748012167,-0.017307004748012167,-0.017307004748012167,-0.017307004748012167,0.0,-0.0005,-0.0005,-0.017307004748012167,-0.017307004748012167
2026-02-19,-0.006464976832348963,-0.013820848036524391,-0.013820848036524391,-0.013820848036524391,-0.013820848036524391,-0.013820848036524391,-0.013820848036524391,0.0,0.0,0.0,-0.013820848036524391,-0.013820848036524391
2026-02-20,-0.006972911450801179,-0.015055713463007825,-0.015055713463007825,-0.015055713463007825,-0.0005,-0.015055713463007825,-0.015055713463007825,-0.015555713463007825,0.0,0.0,-0.0005,-0.015055713463007825
2026-02-23,0.01043579113236792,0.022928748112265085,0.022928748112265085,0.022928748112265085,0.0,0.022928748112265085,0.022928748112265085,0.022928748112265085,0.0,0.0,0.0,0.022928748112265085
2026-02-24,0.0033636989745679433,0.007471520195935222,0.007471520195935222,0.007471520195935222,0.006971520195935221,0.007471520195935222,0.007471520195935221,0.007471520195935222,-0.007971520195935222,0.006971520195935221,0.0,0.007471520195935222
2026-02-25,-0.0035551929395397646,-0.0078895102684724,-0.0078895102684724,-0.0078895102684724,-0.0078895102684724,-0.0078895102684724,-0.0078895102684724,-0.0078895102684724,0.0078895102684724,-0.0078895102684724,0.0,-0.0078895102684724
2026-02-26,-0.0047372363570291395,-0.010576561604839996,-0.010576561604839996,-0.010576561604839996,-0.010576561604839996,-0.010576561604839996,-0.010576561604839996,-0.010576561604839996,-0.0005,-0.010576561604839996,0.0,-0.010576561604839996
2026-02-27,0.012627012695013094,0.028371683325121744,0.028371683325121744,0.028371683325121744,-0.0005,0.028371683325121744,0.028371683325121744,0.028371683325121744,0.027871683325121743,-0.0005,0.0,0.028371683325121744
2026-03-02,-0.0028774783112860327,-0.00664326728230924,-0.00664326728230924,-0.00664326728230924,-0.00714326728230924,-0.00664326728230924,-0.00664326728230924,-0.00664326728230924,-0.00664326728230924,-0.00714326728230924,0.0,-0.00664326728230924
2026-03-03,0.002736875854593134,0.006372964716210071,0.006372964716210072,0.006372964716210072,0.006372964716210072,0.006372964716210072,0.006372964716210072,0.006372964716210072,0.006372964716210072,0.006372964716210072,0.005872964716210072,0.006372964716210072
2026-03-04,-0.000339155507401622,-0.0007818441208713446,-0.0007818441208713445,-0.0007818441208713445,-0.0007818441208713445,-0.0007818441208713445,-0.0007818441208713445,-0.0007818441208713445,-0.0007818441208713445,-0.0007818441208713445,-0.0007818441208713445,-0.0007818441208713445
2026-03-05,-0.01657513166568342,-0.03520853215121722,-0.03520853215121722,-0.03520853215121722,-0.03520853215121722,-0.03520853215121722,-0.03520853215121722,-0.03520853215121722,-0.0005,-0.03520853215121722,-0.03520853215121722,-0.03520853215121722
2026-03-06,0.0018203847298517255,0.003973795118794809,0.0039737951187948095,0.0039737951187948095,-0.0005,0.0039737951187948095,0.0039737951187948095,0.0039737951187948095,0.0,-0.0005,0.0039737951187948095,0.0039737951187948095
2026-03-09,0.002002034050421534,0.004361873709767705,0.004361873709767705,0.004361873709767705,0.0,0.004361873709767705,0.004361873709767705,0.004361873709767705,0.003861873709767705,0.0,-0.0005,0.004361873709767705
2026-03-10,0.0028830568916099297,0.006273169710575344,0.006273169710575344,0.006273169710575344,0.0,0.006273169710575344,0.006273169710575344,0.006273169710575344,0.006273169710575344,0.0,0.0,0.006273169710575344
2026-03-11,-0.0064613539880752835,-0.01302752738332913,-0.01302752738332913,-0.01302752738332913,0.0,-0.01302752738332913,-0.01302752738332913,-0.01302752738332913,-0.01302752738332913,-0.01352752738332913,0.0,-0.01302752738332913
2026-03-12,0.007413205512227018,0.014899967725005903,0.014899967725005903,0.014899967725005903,0.0,0.014899967725005903,0.014899967725005903,0.014899967725005903,0.014899967725005903,-0.0005,0.0,0.014899967725005903
2026-03-13,0.0047333921127051355,0.00949489089372535,0.00949489089372535,0.00949489089372535,0.008994890893725349,0.00949489089372535,0.00949489089372535,0.00949489089372535,0.00949489089372535,0.008994890893725349,0.0,0.00949489089372535
2026-03-16,-0.0021190027533094973,-0.004189026132743189,-0.00418902613274319,-0.00418902613274319,-0.00418902613274319,-0.00418902613274319,-0.004189026132743189,-0.00418902613274319,-0.00418902613274319,-0.00418902613274319,0.0,-0.00418902613274319
2026-03-17,-0.004169298998003754,-0.007222748855600813,-0.0072227488556008135,-0.0072227488556008135,-0.0072227488556008135,-0.0072227488556008135,-0.0072227488556008135,-0.0072227488556008135,-0.0072227488556008135,-0.0072227488556008135,-0.007722748855600814,-0.0072227488556008135
2026-03-18,-0.014195902255665306,-0.024784194952410132,-0.024784194952410132,-0.024784194952410132,-0.0005,-0.024784194952410132,-0.024784194952410132,-0.024784194952410132,-0.0005,-0.0005,-0.024784194952410132,-0.024784194952410132
2026-03-19,-0.004512935878935571,-0.007296346596007641,-0.007296346596007641,-0.007296346596007641,0.0,-0.007296346596007641,-0.007296346596007641,-0.007296346596007641,0.0,0.0,-0.0005,-0.007296346596007641
2026-03-20,-0.008654455751526088,-0.015077475695220555,-0.015077475695220555,-0.015077475695220555,-0.015577475695220555,-0.015077475695220555,-0.015077475695220555,-0.015077475695220555,0.0,0.0,0.0,-0.015077475695220555
2026-03-23,0.008178277348397378,0.014283390244447247,0.014283390244447247,0.014283390244447247,0.014283390244447247,0.014283390244447247,0.014283390244447247,0.014283390244447247,0.013783390244447247,0.0,0.0,0.014283390244447247
2026-03-24,0.006308157564442589,0.011017219443413937,0.01101721944341394,0.01101721944341394,0.01101721944341394,0.01101721944341394,0.01101721944341394,0.01101721944341394,0.01101721944341394,0.0,0.0,0.01101721944341394
2026-03-25,0.005372363946386888,0.008275234445828117,0.008275234445828117,0.008275234445828117,0.008275234445828117,0.008275234445828117,0.008275234445828117,0.008275234445828117,-0.0005,0.007775234445828116,0.0,0.008275234445828117
2026-03-26,-0.004677702511903744,-0.007150939504115272,-0.007150939504115272,-0.007150939504115272,-0.007150939504115272,-0.007150939504115272,-0.007150939504115272,-0.007150939504115272,0.0,-0.007150939504115272,0.0,-0.007150939504115272
2026-03-27,0.0038012602338069936,0.005811096772866397,0.005811096772866398,0.005811096772866398,0.005811096772866398,0.005811096772866398,0.005811096772866398,0.005811096772866398,0.0,0.005811096772866398,0.0,0.005811096772866398
2026-03-30,0.003247002246419618,0.0049637865116016755,0.0049637865116016755,0.0049637865116016755,0.0049637865116016755,0.0049637865116016755,0.0049637865116016755,0.0049637865116016755,0.0,0.0049637865116016755,0.0,0.0049637865116016755
2026-03-31,0.00460441245732042,0.00631580697621259,0.00631580697621259,0.00631580697621259,0.00631580697621259,0.00631580697621259,0.00631580697621259,0.00631580697621259,0.0,0.00631580697621259,0.0,0.00631580697621259
2026-04-01,0.0027221792585831344,0.0037012855299427545,0.003701285529942755,0.003701285529942755,0.003701285529942755,0.003701285529942755,0.003701285529942755,0.003701285529942755,0.003201285529942755,0.003701285529942755,0.0,0.003701285529942755
2026-04-02,0.006190840750965552,0.008417546058908432,0.008417546058908432,0.008417546058908432,0.008417546058908432,0.008417546058908432,0.008417546058908432,0.008417546058908432,-0.0005,0.008417546058908432,0.0,0.008417546058908432
2026-04-06,0.005846801576142043,0.007949763779143915,0.007949763779143915,0.007949763779143915,0.007949763779143915,0.007949763779143915,0.007949763779143915,-0.0005,-0.008449763779143915,0.007949763779143915,0.0,0.007949763779143915
2026-04-07,-0.030880483286986168,-0.03391437299628042,-0.03391437299628042,-0.03391437299628042,-0.03391437299628042,-0.03391437299628042,-0.03391437299628042,0.0,0.03391437299628042,-0.03391437299628042,-0.03441437299628042,-0.03391437299628042
2026-04-08,0.02836947774338169,0.03894200463563568,0.038942004635635685,0.038942004635635685,0.038942004635635685,0.038942004635635685,0.038942004635635685,0.0,-0.0005,-0.0005,0.038942004635635685,0.038942004635635685
2026-04-09,0.008895463464112624,0.014694355786037283,0.014694355786037283,0.014694355786037283,0.014694355786037283,0.014694355786037283,0.014694355786037283,0.0,0.014194355786037283,0.014194355786037283,0.014694355786037283,0.014694355786037283
2026-04-10,-0.011139248512831197,-0.01827625222337681,-0.01827625222337681,-0.01827625222337681,-0.01827625222337681,-0.01827625222337681,-0.01827625222337681,0.0,-0.0005,-0.01827625222337681,-0.01827625222337681,-0.01827625222337681
2026-04-13,-0.010577274800675265,-0.017354217555199836,-0.017354217555199836,-0.017354217555199836,-0.017354217555199836,-0.017354217555199836,-0.017354217555199836,0.0,0.016854217555199835,-0.017354217555199836,-0.017354217555199836,-0.017354217555199836
2026-04-14,0.0023485040642308146,0.003853209000236113,0.003853209000236113,0.003853209000236113,0.003853209000236113,0.003853209000236113,0.003853209000236113,0.0,-0.0005,-0.0005,0.003853209000236113,0.003853209000236113
2026-04-15,-0.0014134633713405963,-0.0023190804167236845,-0.0023190804167236845,-0.0023190804167236845,-0.0023190804167236845,-0.0023190804167236845,-0.0023190804167236845,0.0,0.0018190804167236845,0.0,-0.0023190804167236845,-0.0023190804167236845
2026-04-16,0.0002930972334289059,0.00048088692499770325,0.00048088692499770325,0.00048088692499770325,0.00048088692499770325,0.00048088692499770325,0.00048088692499770325,0.0,-0.0005,0.0,0.00048088692499770325,0.00048088692499770325
2026-04-17,0.01308643144542703,0.021471010501745713,0.021471010501745713,0.021471010501745713,0.021471010501745713,0.021471010501745713,0.021471010501745713,0.0,0.020971010501745713,0.0,0.021471010501745713,0.021471010501745713
2026-04-20,0.002007699390945588,0.0032940481052536885,0.0032940481052536885,0.0032940481052536885,0.0032940481052536885,0.0032940481052536885,0.0032940481052536885,0.0,-0.0005,0.0027940481052536885,0.0032940481052536885,0.0032940481052536885
2026-04-21,0.007127809949971266,0.013133231405540345,0.013133231405540347,0.013133231405540347,0.013133231405540347,0.013133231405540347,0.013133231405540347,0.0,-0.013633231405540347,0.013133231405540347,-0.0005,0.013133231405540347
2026-04-22,0.0015985275188631506,0.002932113016834048,0.002932113016834048,0.002932113016834048,0.002932113016834048,0.002932113016834048,0.002932113016834048,0.0,-0.0005,0.002932113016834048,0.002432113016834048,0.002932113016834048
2026-04-23,0.008598405142695852,0.015771699483060116,0.01577169948306012,0.01577169948306012,0.01577169948306012,0.01577169948306012,0.01577169948306012,0.0,0.0,0.01577169948306012,0.01577169948306012,0.01577169948306012
2026-04-24,-0.008712632998520526,-0.015981222921972682,-0.015981222921972682,-0.015981222921972682,-0.015981222921972682,-0.015981222921972682,-0.015981222921972682,0.0,0.015481222921972682,-0.015981222921972682,-0.015981222921972682,-0.015981222921972682
2026-04-27,-0.009777370810617457,-0.0179342275224722,-0.0179342275224722,-0.0179342275224722,-0.0179342275224722,-0.0179342275224722,-0.0179342275224722,0.0,0.0179342275224722,-0.0005,-0.0179342275224722,-0.0179342275224722
2026-04-28,0.0,-5.551115123125783e-20,0.0,0.0,0.0,0.0,0.0,0.0,0.0,0.0,0.0,0.0
2026-04-29,0.0017946459826267307,0.00329184501622537,0.00329184501622537,0.0032918450162253694,0.00329184501622537,0.00329184501622537,0.00329184501622537,0.0,-0.00329184501622537,0.0,0.00329184501622537,0.00329184501622537
2026-04-30,0.01669475613422998,0.03062250176891479,0.03062250176891479,0.030622501768914786,0.03062250176891479,0.03062250176891479,0.03062250176891479,0.0,-0.0005,0.0,0.03062250176891479,0.03062250176891479
2026-05-01,-0.001363600042972176,-0.0025011952491112988,-0.0025011952491112988,-0.0025011952491112988,-0.0025011952491112988,-0.0025011952491112988,-0.0025011952491112988,0.0,0.0020011952491112987,-0.0030011952491112988,-0.0005,-0.0025011952491112988
2026-05-04,-0.005261243266130645,-0.009650481260606192,-0.009650481260606192,-0.009650481260606192,-0.009650481260606192,-0.009650481260606192,-0.009650481260606192,0.0,-0.0005,-0.009650481260606192,0.0,-0.009650481260606192
2026-05-05,0.0019241940714572268,0.003529469725893186,0.003529469725893186,0.003529469725893186,0.003529469725893186,0.003529469725893186,0.003529469725893186,0.0,-0.004029469725893187,0.003529469725893186,0.003029469725893186,0.003529469725893186
2026-05-06,-0.002959468737719859,-0.005428431294666192,-0.005428431294666192,-0.005428431294666192,-0.005428431294666192,-0.005428431294666192,-0.005428431294666192,0.0,0.005428431294666192,-0.005428431294666192,-0.005428431294666192,-0.005428431294666192
2026-05-07,0.0005028948386998926,0.0009224392356406153,0.0009224392356406153,0.0009224392356406153,0.0009224392356406153,0.0009224392356406153,0.0009224392356406153,0.0,-0.0005,-0.0005,0.0009224392356406153,0.0009224392356406153
2026-05-08,0.0020052979489514947,0.0036782352192052947,0.0036782352192052947,0.0036782352192052943,0.0036782352192052947,0.0036782352192052947,0.0036782352192052943,0.0,0.0031782352192052947,0.0,0.0036782352192052947,0.0036782352192052947
2026-05-11,-0.01187079388254859,-0.02177410701564186,-0.021774107015641864,-0.021774107015641864,-0.021774107015641864,-0.021774107015641864,-0.021774107015641864,0.0,-0.0005,-0.022274107015641864,-0.021774107015641864,-0.021774107015641864
2026-05-12,0.011793279904895605,0.021631926327364104,0.021631926327364104,0.021631926327364104,0.021631926327364104,0.021631926327364104,0.021631926327364104,0.0,0.0,-0.0005,0.021631926327364104,0.021631926327364104
2026-05-13,0.004684252778681661,0.008592131436236716,0.008592131436236716,0.008592131436236716,0.008592131436236716,0.008592131436236716,0.008592131436236716,0.0,0.0,0.008092131436236716,-0.0005,0.008592131436236716
2026-05-14,0.0041053488497015435,0.007530271865082039,0.007530271865082039,0.007530271865082039,0.007530271865082039,0.007530271865082039,0.007530271865082039,0.0,-0.00803027186508204,0.007530271865082039,0.0,0.007530271865082039
2026-05-15,-0.004760007992280569,-0.007624911577907345,-0.007624911577907345,-0.007624911577907345,-0.007624911577907345,-0.007624911577907345,-0.007624911577907345,0.0,-0.0005,-0.007624911577907345,-0.008124911577907346,-0.007624911577907345
2026-05-18,0.008905821819033717,0.014378064663416401,0.014378064663416401,0.014378064663416401,0.014378064663416401,0.014378064663416401,0.014378064663416401,0.0,-0.014878064663416402,0.014378064663416401,0.014378064663416401,0.014378064663416401
2026-05-19,0.003994926909770311,0.006449636945524695,0.006449636945524695,0.006449636945524695,0.006449636945524695,0.006449636945524695,0.006449636945524695,0.0,-0.006449636945524695,0.006449636945524695,0.006449636945524695,0.006449636945524695
2026-05-20,-0.01811013298713771,-0.024962713385091262,-0.024962713385091262,-0.024962713385091262,-0.024962713385091262,-0.024962713385091262,-0.024962713385091262,0.0,-0.0005,-0.024962713385091262,-0.024962713385091262,-0.024962713385091262
2026-05-21,-0.052576047685953343,-0.0726786562796431,-0.0726786562796431,-0.0726786562796431,-0.0726786562796431,-0.0726786562796431,-0.0726786562796431,0.0,-0.0731786562796431,-0.0005,-0.0726786562796431,-0.0726786562796431
2026-05-22,-0.004060644534804416,-0.008818191421158805,-0.008818191421158805,-0.008818191421158805,-0.008818191421158805,-0.008818191421158805,-0.008818191421158805,-0.009318191421158806,-0.0005,0.0,-0.008818191421158805,-0.008818191421158805
2026-05-26,-0.006285499855767466,-0.014134848579266168,-0.014134848579266168,-0.014134848579266168,-0.014134848579266168,-0.014134848579266168,-0.014134848579266168,-0.014134848579266168,-0.014634848579266169,0.0,-0.0005,-0.014134848579266168
2026-05-27,-0.00011251765896794646,-0.0002530300069207847,-0.0002530300069207847,-0.0002530300069207847,-0.0002530300069207847,-0.0002530300069207847,-0.0002530300069207847,-0.0002530300069207847,-0.0002530300069207847,0.0,0.0,-0.0002530300069207847
2026-05-28,0.0013504962606248488,0.0030369995368437763,0.0030369995368437763,0.0030369995368437763,0.0030369995368437763,0.0030369995368437763,0.0030369995368437763,0.0030369995368437763,0.0030369995368437763,0.0,0.0,0.0030369995368437763
2026-05-29,-0.011780877284453496,-0.026492867769914885,-0.026492867769914885,0.025492867769914884,-0.026492867769914885,-0.026492867769914885,-0.026492867769914885,-0.026492867769914885,-0.026492867769914885,0.0,0.0,-0.026492867769914885
2026-06-01,-0.0044180035057646986,-0.009935217883960346,-0.009935217883960346,-0.010935217883960346,-0.009935217883960346,0.008935217883960345,-0.009935217883960346,-0.009935217883960346,-0.009935217883960346,0.0,0.0,-0.009935217883960346
2026-06-02,-0.005975650557466695,-0.0005,-0.0005,0.012438058663686968,0.012438058663686968,0.01343805866368697,-0.01343805866368697,-0.01343805866368697,-0.01343805866368697,0.0,0.0,-0.01343805866368697
2026-06-03,0.015063941226087818,0.0,0.0,-0.033875830582087874,-0.033875830582087874,-0.033875830582087874,0.033875830582087874,0.033875830582087874,0.033875830582087874,0.0,0.0,0.033875830582087874
2026-06-04,0.00323362586077864,0.006771786326136897,0.006771786326136897,-0.007271786326136898,0.0062717863261368976,-0.007271786326136898,0.007271786326136898,0.007271786326136898,0.007271786326136898,0.006771786326136897,0.0,0.007271786326136898
2026-06-05,0.004305552152495326,0.00968233698546861,0.00968233698546861,-0.00968233698546861,0.00968233698546861,-0.00968233698546861,0.00968233698546861,0.00968233698546861,0.00968233698546861,0.00968233698546861,0.0,0.00968233698546861
2026-06-08,0.0035535867998528307,0.00799131532603714,0.00799131532603714,-0.00799131532603714,0.00799131532603714,-0.00799131532603714,0.00799131532603714,0.00799131532603714,0.00799131532603714,0.00799131532603714,-0.008491315326037141,0.00799131532603714
2026-06-09,-0.003525414104092158,-0.007927960493838482,-0.007927960493838482,0.007927960493838482,-0.007927960493838482,0.007927960493838482,-0.007927960493838482,-0.007927960493838482,-0.007927960493838482,-0.007927960493838482,0.007927960493838482,-0.007927960493838482
2026-06-10,0.006396410468946698,0.014384264657397727,0.014384264657397727,0.013384264657397726,0.014384264657397727,-0.014384264657397727,0.014384264657397727,0.014384264657397727,0.014384264657397727,-0.0005,-0.014384264657397727,0.014384264657397727
2026-06-11,-0.00033187043667479914,-0.000746311109374842,-0.000746311109374842,-0.000253688890625158,-0.000746311109374842,0.000746311109374842,-0.000746311109374842,-0.000746311109374842,-0.000746311109374842,-0.001246311109374842,0.000746311109374842,-0.000746311109374842
2026-06-12,0.0019927662458180894,0.004481337965932086,0.004481337965932086,-0.004481337965932086,0.004481337965932086,-0.004481337965932086,0.004481337965932085,0.004481337965932086,0.004481337965932086,0.004481337965932086,-0.004481337965932086,0.004481337965932086
2026-06-15,-0.0008082446670008159,-0.0018175827293310798,-0.0018175827293310798,0.0018175827293310798,-0.0018175827293310798,0.0018175827293310798,-0.0018175827293310798,-0.0018175827293310798,-0.0018175827293310798,-0.0018175827293310798,0.0018175827293310798,-0.0018175827293310798
2026-06-16,0.0007728995880707754,0.001738098623028872,0.001738098623028872,-0.001738098623028872,0.001738098623028872,-0.001738098623028872,0.001738098623028872,0.001738098623028872,0.001738098623028872,0.001738098623028872,-0.001738098623028872,0.001738098623028872
2026-06-17,-0.010655004594160702,-0.023961002307820056,-0.023961002307820056,0.023961002307820056,-0.023961002307820056,0.023961002307820056,-0.023961002307820056,-0.023961002307820056,-0.0005,-0.023961002307820056,-0.0005,-0.023961002307820056
2026-06-18,-0.0035761194616827944,-0.008041986835123582,-0.008041986835123582,-0.009041986835123583,-0.008041986835123582,0.008041986835123582,-0.008041986835123582,-0.008041986835123582,-0.008541986835123583,-0.0005,0.0,-0.008041986835123582
2026-06-22,0.0,0.0,0.0,0.0,0.0,0.0,0.0,0.0,0.0,0.0,0.0,0.0
2026-06-23,0.0085004727347037,0.019115885405194488,0.019115885405194488,0.019115885405194488,0.019115885405194488,-0.019115885405194488,0.019115885405194488,0.019115885405194488,0.019115885405194488,0.0,0.0,0.019115885405194488
2026-06-24,-0.002489688841857861,-0.0035170139930651434,-0.0035170139930651434,-0.003517013993065143,-0.0035170139930651434,0.0035170139930651434,-0.0035170139930651434,-0.0035170139930651434,-0.0035170139930651434,-0.004017013993065144,0.0,-0.0035170139930651434
2026-06-25,-0.018268383371824553,-0.02705883350955085,-0.02705883350955085,-0.027058833509550847,-0.02705883350955085,0.02705883350955085,-0.02705883350955085,-0.02705883350955085,-0.02705883350955085,-0.02705883350955085,0.02655883350955085,-0.02705883350955085
2026-06-26,-0.0005247492277131126,-0.000777250055352674,-0.0005,-0.0007772500553526741,-0.0005,0.000777250055352674,-0.000777250055352674,-0.000777250055352674,-0.000777250055352674,-0.0005,0.000777250055352674,-0.000777250055352674
2026-06-29,-0.00636097856805467,-0.00942177840959235,0.0,-0.009421778409592352,0.0,0.009421778409592352,-0.009421778409592352,-0.009421778409592352,-0.009421778409592352,0.0,0.009421778409592352,-0.009421778409592352
2026-06-30,-0.007894256002149146,-0.011692844106467426,0.0,-0.011692844106467426,0.0,0.011692844106467426,-0.011692844106467426,-0.011692844106467426,-0.011692844106467426,0.0,0.011692844106467426,-0.011692844106467426
2026-07-01,-0.026466567256059715,-0.0392018506714491,0.0,-0.0392018506714491,0.0,0.0392018506714491,-0.0392018506714491,-0.0392018506714491,-0.0005,0.0,0.0392018506714491,-0.0392018506714491
2026-07-02,0.016167173066449853,-0.0005,0.0,0.02775224731695891,0.0,-0.02775224731695891,-0.028752247316958912,0.02775224731695891,0.0,0.0,-0.02775224731695891,0.02775224731695891
2026-07-06,-0.006215914952957435,-0.011140189244015442,0.0,-0.010640189244015441,0.0,0.010640189244015441,-0.011640189244015442,-0.010640189244015441,-0.011140189244015442,-0.011140189244015442,0.010640189244015441,-0.010640189244015441
2026-07-07,0.004698900609819356,-0.0005,0.0,0.008043416312108587,0.0,-0.008043416312108587,-0.009043416312108588,0.008043416312108587,0.008043416312108587,-0.0005,-0.008043416312108587,0.008043416312108587
2026-07-08,0.008170479983504893,0.0,0.0,0.013985946380680403,0.0,-0.013985946380680403,-0.013985946380680403,0.013985946380680403,-0.0005,0.013485946380680403,-0.013985946380680403,0.013985946380680403
2026-07-09,-0.004597072508611952,-0.008369110473723518,0.0,-0.007869110473723517,0.0,0.007869110473723517,-0.008869110473723518,-0.007869110473723517,-0.008369110473723518,-0.007869110473723517,0.007869110473723517,-0.007869110473723517
2026-07-10,0.008798559060284787,-0.0005,0.0,0.015061070523742393,0.0,-0.015061070523742393,-0.016061070523742393,0.015061070523742393,-0.0005,0.015061070523742393,-0.015061070523742393,0.015061070523742393
2026-07-13,0.004513477759377723,0.0072260158595935375,0.0,0.007726015859593538,0.0,-0.007726015859593538,0.006726015859593538,0.007726015859593538,0.0072260158595935375,0.007726015859593538,-0.007726015859593538,0.007726015859593538
2026-07-14,-0.005496854644357023,-0.009409326560199549,0.0,-0.009409326560199549,0.0,0.009409326560199549,-0.009409326560199549,-0.009409326560199549,-0.009409326560199549,-0.009409326560199549,0.009409326560199549,-0.009409326560199549
2026-07-15,-0.0060114375449404935,-0.0005,0.0,-0.010290171855764196,0.0,0.010290171855764196,0.009290171855764195,-0.010290171855764196,-0.010290171855764196,-0.0005,0.010290171855764196,-0.010290171855764196
2026-07-16,0.012563244563512325,0.0,0.0,0.021505329575176813,0.0,-0.021505329575176813,-0.021505329575176813,0.021505329575176813,0.021505329575176813,0.0,-0.021505329575176813,0.021505329575176813
2026-07-17,-0.0036083258121291603,0.0,0.0,-0.0061766079146325925,0.0,0.0061766079146325925,0.0061766079146325925,-0.0061766079146325925,-0.0005,-0.006676607914632593,0.0061766079146325925,-0.0061766079146325925
2026-07-20,-0.01043199207244735,0.0,0.0,-0.017857124925767742,0.0,0.017857124925767742,0.017857124925767742,-0.017857124925767742,-0.018357124925767743,-0.0005,0.017857124925767742,-0.017857124925767742
2026-07-21,-0.009424105122190843,0.0,0.0,-0.01613185873913814,0.0,0.01613185873913814,0.01613185873913814,-0.01613185873913814,-0.01613185873913814,0.0,0.01613185873913814,-0.01613185873913814
2026-07-22,-0.005609619516366455,0.0,0.0,-0.009602353586363521,0.0,0.009602353586363521,0.009602353586363521,0.00860235358636352,0.00860235358636352,0.0,0.009602353586363521,-0.009602353586363521
2026-07-23,-0.004969312866242483,0.0,0.0,-0.00850629870416486,0.0,0.00850629870416486,0.00850629870416486,0.00850629870416486,-0.0005,0.0,0.00850629870416486,-0.00850629870416486
2026-07-24,0.005766468363688874,0.0,0.0,0.009870842043951278,0.0,-0.009870842043951278,-0.009870842043951278,-0.009870842043951278,0.0,0.0,-0.009870842043951278,0.009870842043951278
2026-07-27,0.012113933995390559,0.0,0.0,-0.02173621521142943,0.0,-0.020736215211429432,-0.020736215211429432,-0.020736215211429432,0.0,0.02023621521142943,-0.020736215211429432,0.020736215211429432
2026-07-28,0.007110260382937202,0.0,0.0,-0.012171098964711911,0.0,-0.012171098964711913,-0.012171098964711913,-0.012171098964711913,-0.012671098964711913,0.012171098964711913,-0.012171098964711913,0.012171098964711913
2026-07-29,0.0057851417053381765,0.0,0.0,-0.009902806427388054,0.0,-0.009902806427388056,-0.009902806427388056,-0.009902806427388056,-0.009902806427388056,0.009902806427388056,-0.009902806427388056,0.009902806427388056
2026-07-30,-0.01595766136537914,0.0,0.0,0.027315775409501582,0.0,0.027315775409501586,0.027315775409501582,0.027315775409501586,0.027315775409501586,-0.027315775409501586,0.027315775409501586,-0.027315775409501586
2026-07-31,0.0005258297096541195,0.0,0.0,-9.99028038207719e-05,0.0,-0.0009000971961792281,-0.0009000971961792282,-0.0009000971961792281,-0.0005,-0.0005,-0.0009000971961792281,0.0009000971961792281
2026-08-03,-0.0025742324325723153,0.0,0.0,-0.004406482464439088,0.0,0.004406482464439088,0.004406482464439088,0.004406482464439088,0.003906482464439087,0.0,-0.0005,-0.004406482464439088
2026-08-04,0.005217537019783575,0.0,0.0,0.007587423437054985,0.0,-0.007587423437054985,-0.007587423437054985,-0.007587423437054985,-0.007587423437054985,0.0,-0.008087423437054986,0.007587423437054985
2026-08-05,0.004921662408441321,0.0,0.0,-0.008081986337461598,0.0,-0.007081986337461599,-0.007081986337461599,-0.007081986337461599,-0.007081986337461599,0.006581986337461598,-0.007081986337461599,0.007081986337461599
2026-08-06,-0.0016702242701470938,0.0,0.0,0.0024033557119624844,0.0,0.002403355711962485,0.002403355711962485,0.002403355711962485,0.002403355711962485,-0.002403355711962485,0.002403355711962485,-0.002403355711962485
2026-08-07,-0.001364239027529463,0.0,0.0,-0.0029630607205859407,0.0,0.0019630607205859407,0.0019630607205859407,0.0019630607205859407,0.0019630607205859407,-0.0019630607205859407,0.0019630607205859407,-0.0019630607205859407
2026-08-10,0.005032766148320758,0.0,0.0,0.007241858165833559,0.0,-0.007241858165833559,-0.007241858165833559,-0.007241858165833559,-0.007241858165833559,0.007241858165833559,-0.007241858165833559,0.007241858165833559
2026-08-11,0.0037011453566087186,0.0,0.0,-0.00632573319200158,0.0,-0.0053257331920015805,-0.0053257331920015805,-0.0053257331920015805,-0.0053257331920015805,0.0053257331920015805,-0.0005,0.0053257331920015805
2026-08-12,0.016873792263295558,0.0,0.0,-0.02428040697485989,0.0,-0.02428040697485989,-0.02428040697485989,-0.02428040697485989,-0.02428040697485989,0.02428040697485989,0.0,0.02428040697485989
2026-08-13,-0.0017372334337617595,0.0,0.0,0.0024997780062648856,0.0,0.0024997780062648856,0.0024997780062648856,0.0024997780062648856,-0.0005,-0.0024997780062648856,0.0,-0.0024997780062648856
2026-08-14,-0.0027024911159711507,0.0,0.0,0.003888727745241738,0.0,0.003888727745241738,0.003888727745241738,0.003888727745241738,-0.004388727745241738,-0.003888727745241738,0.0,-0.003888727745241738
2026-08-17,-0.00566717747566128,0.0,0.0,0.00815473921692933,0.0,0.00815473921692933,0.00815473921692933,0.00815473921692933,-0.0005,-0.00815473921692933,0.0,-0.00815473921692933
2026-08-18,0.00528828260112996,0.0,0.0,-0.0076095315000890285,0.0,-0.0076095315000890285,-0.0076095315000890285,-0.0076095315000890285,0.007109531500089028,-0.0005,0.0,0.0076095315000890285
